# Strawberry URP Gazebo mesh generated by export_gazebo_assets.py
mtllib plant_variant_20.mtl

o field_export_plant_variant_20
v 0.000000000 0.000000000 0.025000000
v 0.000000000 0.026450338 0.020225426
v 0.000000000 0.042797547 0.007725425
v 0.000000000 0.042797547 -0.007725425
v 0.000000000 0.026450338 -0.020225426
v 0.000000000 0.000000000 -0.025000000
v 0.018703211 0.018703211 0.020225426
v 0.030262435 0.030262435 0.007725425
v 0.030262435 0.030262435 -0.007725425
v 0.018703211 0.018703211 -0.020225426
v 0.026450334 0.000000000 0.020225426
v 0.042797547 0.000000000 0.007725425
v 0.042797547 0.000000000 -0.007725425
v 0.026450334 0.000000000 -0.020225426
v 0.018703211 -0.018703211 0.020225426
v 0.030262435 -0.030262435 0.007725425
v 0.030262435 -0.030262435 -0.007725425
v 0.018703211 -0.018703211 -0.020225426
v 0.000000000 -0.026450334 0.020225426
v 0.000000000 -0.042797547 0.007725425
v 0.000000000 -0.042797547 -0.007725425
v 0.000000000 -0.026450334 -0.020225426
v -0.018703211 -0.018703211 0.020225426
v -0.030262435 -0.030262435 0.007725425
v -0.030262435 -0.030262435 -0.007725425
v -0.018703211 -0.018703211 -0.020225426
v -0.026450334 0.000000000 0.020225426
v -0.042797547 0.000000000 0.007725425
v -0.042797547 0.000000000 -0.007725425
v -0.026450334 0.000000000 -0.020225426
v -0.018703211 0.018703211 0.020225426
v -0.030262435 0.030262435 0.007725425
v -0.030262435 0.030262435 -0.007725425
v -0.018703211 0.018703211 -0.020225426
v 0.002980225 -0.004548259 0.004408158
v -0.085372508 0.130290896 0.203264952
v -0.003580492 -0.005596630 0.002204083
v -0.091933221 0.129242539 0.201060891
v -0.006560709 -0.001048386 -0.002204068
v -0.094913438 0.133790776 0.196652740
v -0.002980210 0.004548229 -0.004408143
v -0.091332942 0.139387399 0.194448650
v 0.003580507 0.005596600 -0.002204068
v -0.084772229 0.140435755 0.196652740
v 0.006560724 0.001048356 0.002204083
v -0.081792012 0.135887519 0.201060891
v -0.124730796 0.133422554 0.212492645
v -0.072203226 0.167788476 0.211382881
v -0.130513400 0.140862375 0.217698872
v -0.076608568 0.176183268 0.216788992
v -0.147669747 0.140909061 0.222248331
v -0.069699205 0.191998899 0.220932230
v -0.147588208 0.152306169 0.225135893
v -0.080110863 0.196520388 0.223996922
v -0.162300229 0.154071599 0.226744100
v -0.075821653 0.210736290 0.225284398
v -0.158059001 0.168319985 0.226449370
v -0.090581670 0.212534204 0.225310400
v -0.168611377 0.172936708 0.224875271
v -0.090640828 0.224026546 0.223559186
v -0.161925822 0.188903838 0.221639290
v -0.108021006 0.224224731 0.220729411
v -0.166597351 0.197454855 0.217664361
v -0.114104211 0.231870413 0.216589600
v -0.151205465 0.230845243 0.206751958
v -0.142104760 0.219062045 0.211634651
v -0.088736355 0.134831488 0.197157979
v -0.144491404 0.217729166 0.210024878
v -0.087949321 0.134906411 0.200230256
v -0.071466893 0.176882237 0.213598967
v -0.022789536 0.171989202 0.211480945
v -0.071196571 0.183984891 0.219096556
v -0.021211216 0.178972349 0.217171028
v -0.081464536 0.192203805 0.224146530
v -0.009163313 0.184953421 0.221361354
v -0.075752139 0.198923469 0.227191493
v -0.013181131 0.192648828 0.224781141
v -0.083762258 0.207134411 0.229215384
v -0.003571633 0.199092865 0.226126283
v -0.074202031 0.213702619 0.228958070
v -0.011631023 0.207427979 0.226547718
v -0.078364320 0.221762106 0.227679700
v -0.006063096 0.214511722 0.224894509
v -0.066546246 0.228322342 0.224396303
v -0.016560886 0.223309800 0.222470775
v -0.065270029 0.236024022 0.220384553
v -0.016576666 0.231133476 0.218705669
v -0.039679244 0.249207065 0.209463343
v -0.050320830 0.160544425 0.200036064
v -0.041280262 0.237982467 0.212337345
v -0.049015313 0.160848185 0.197224870
v -0.041229863 0.238485083 0.209053993
v -0.047345441 0.160343394 0.199406549
v -0.148746610 0.088764228 0.211435154
v -0.133829087 0.135200903 0.215791196
v -0.155842945 0.089776553 0.217261732
v -0.140539855 0.137427971 0.222008035
v -0.166184813 0.080869943 0.221160695
v -0.144049704 0.149795234 0.228025973
v -0.171685562 0.087409526 0.225068778
v -0.152529374 0.147058934 0.231010109
v -0.181444719 0.081103772 0.225991562
v -0.156894252 0.157550097 0.233605966
v -0.185883909 0.091792740 0.226841107
v -0.166727722 0.151442140 0.232782453
v -0.194581509 0.089636371 0.224705368
v -0.172446400 0.158561677 0.231570631
v -0.198437989 0.102926202 0.222578749
v -0.183134913 0.150577620 0.227325037
v -0.205563754 0.106339484 0.218219623
v -0.190663427 0.152732581 0.223058701
v -0.212767333 0.135425493 0.209508866
v -0.201474249 0.133563533 0.212413773
v -0.128012195 0.108849935 0.197165683
v -0.202483431 0.131458238 0.210352495
v -0.201816738 0.134004682 0.209417477
v -0.127350360 0.109371945 0.200224042
v 0.005164482 -0.000188919 0.004721507
v -0.175706238 0.006427338 0.202826068
v 0.002360642 -0.006152588 0.002360761
v -0.178510085 0.000463669 0.200465322
v -0.002803825 -0.005963672 -0.002360746
v -0.183674544 0.000652585 0.195743814
v -0.005164452 0.000188912 -0.004721493
v -0.186035186 0.006805169 0.193383068
v -0.002360612 0.006152581 -0.002360746
v -0.183231339 0.012768838 0.195743814
v 0.002803855 0.005963665 0.002360761
v -0.178066880 0.012579922 0.200465322
v -0.200822026 -0.024258073 0.207703739
v -0.198462501 0.038468152 0.208786264
v -0.210224420 -0.024826538 0.211798534
v -0.207868755 0.039571036 0.213034451
v -0.220195547 -0.038922399 0.214976132
v -0.216788203 0.054225355 0.216763824
v -0.229452521 -0.032354377 0.217537507
v -0.226503730 0.048257649 0.219084606
v -0.239399657 -0.043380808 0.218631551
v -0.235620499 0.059931081 0.220614314
v -0.248563737 -0.031683207 0.218992233
v -0.245614946 0.048928820 0.220539331
v -0.258417994 -0.037580058 0.217885584
v -0.255010635 0.055567697 0.219673276
v -0.267558098 -0.022813028 0.216162711
v -0.265202433 0.041584544 0.217398643
v -0.277226835 -0.021565406 0.213353425
v -0.274895906 0.041155573 0.214663208
v -0.295506984 0.010690059 0.206850901
v -0.180960000 0.004890650 0.197886586
v -0.280708194 0.008998764 0.211289227
v -0.180809870 0.008046267 0.198175579
v -0.280870140 0.011390880 0.209211841
v -0.206533626 0.044565849 0.204496324
v -0.174368247 0.081433855 0.206501588
v -0.212581426 0.048800826 0.207467586
v -0.179592922 0.086674832 0.209632710
v -0.225588873 0.045116697 0.209527224
v -0.177872717 0.099899471 0.212658972
v -0.228020743 0.053613681 0.211559236
v -0.186726183 0.101023853 0.214269504
v -0.239476502 0.051794238 0.212193981
v -0.186553627 0.112554833 0.215667456
v -0.239302844 0.063371897 0.212758616
v -0.198008269 0.110782072 0.215468884
v -0.248153061 0.064633124 0.211925983
v -0.200436920 0.119415909 0.215057716
v -0.246427715 0.078075469 0.211065724
v -0.213439211 0.115949467 0.213230848
v -0.251635820 0.083589628 0.209161088
v -0.219488755 0.120460756 0.211354688
v -0.246808156 0.112146333 0.205315933
v -0.179459780 0.052867457 0.199661583
v -0.238057047 0.104394630 0.211471811
v -0.180014461 0.052932449 0.196665287
v -0.178179726 0.054819908 0.197600290
v -0.237952515 0.105231032 0.208413467
v -0.179689139 -0.069853649 0.206022203
v -0.208913043 -0.030808385 0.210424036
v -0.185181916 -0.075241357 0.209869042
v -0.215209961 -0.035198547 0.214586958
v -0.184385464 -0.088984549 0.212001860
v -0.227819473 -0.031064706 0.218826070
v -0.193243459 -0.089775614 0.214477301
v -0.230832174 -0.039650567 0.220383108
v -0.193918556 -0.101391926 0.214357346
v -0.242092028 -0.037151948 0.221926197
v -0.205211684 -0.098759115 0.214549735
v -0.242800400 -0.048634060 0.220455542
v -0.208321914 -0.106951535 0.212146729
v -0.251755953 -0.049031697 0.218970940
v -0.221086591 -0.102191836 0.210086346
v -0.251114666 -0.062149037 0.214804262
v -0.227563649 -0.105780408 0.206261873
v -0.256808847 -0.066754408 0.210674196
v -0.254328340 -0.094272144 0.198545948
v -0.181844056 -0.041006915 0.199424848
v -0.244772881 -0.086984083 0.211883634
v -0.182601914 -0.040768504 0.196413487
v -0.244177788 -0.088446237 0.209276408
v -0.183548182 -0.038932003 0.198654354
v -0.245996028 -0.085938528 0.209600270
v 0.003623936 0.003899500 0.004545450
v -0.112894252 -0.121479064 0.205003276
v 0.006252613 -0.002177082 0.002272733
v -0.110265583 -0.127555639 0.202730566
v 0.002628684 -0.006076586 -0.002272703
v -0.113889508 -0.131455153 0.198185116
v -0.003623921 -0.003899515 -0.004545420
v -0.120142117 -0.129278079 0.195912406
v -0.006252598 0.002177067 -0.002272703
v -0.122770786 -0.123201497 0.198185116
v -0.002628669 0.006076574 0.002272733
v -0.119146861 -0.119301990 0.202730566
v -0.106683843 -0.159790069 0.211513832
v -0.152496502 -0.117153123 0.206564307
v -0.112580173 -0.166947082 0.215172827
v -0.159651488 -0.123202264 0.210192353
v -0.108609267 -0.183388978 0.219416931
v -0.176695496 -0.120114356 0.212212935
v -0.119730383 -0.185894042 0.221340030
v -0.178653628 -0.131134853 0.215105549
v -0.117977232 -0.200462446 0.223817617
v -0.193492919 -0.130283400 0.215827540
v -0.132820055 -0.199710056 0.223703042
v -0.191743314 -0.144950867 0.217468560
v -0.134788603 -0.211021006 0.224142954
v -0.202874839 -0.147746384 0.216938958
v -0.151849180 -0.208395123 0.222261861
v -0.198920503 -0.164650321 0.217281401
v -0.158997118 -0.215007067 0.220923543
v -0.204863161 -0.172429040 0.215985373
v -0.195017159 -0.208283126 0.214657038
v -0.115846351 -0.125746697 0.202021927
v -0.183567047 -0.199389726 0.213642478
v -0.115861274 -0.126225919 0.199011981
v -0.117709845 -0.124354117 0.199951246
v -0.184727088 -0.198774293 0.210818455
v -0.185802042 -0.197416261 0.213010088
v -0.162677422 -0.120017752 0.211866856
v -0.169568583 -0.071541399 0.212557450
v -0.170139939 -0.121827491 0.216395885
v -0.177253991 -0.072069451 0.217343107
v -0.176077798 -0.134081304 0.219894409
v -0.186367899 -0.062108885 0.221264511
v -0.184251815 -0.130352855 0.222343326
v -0.193157107 -0.068066403 0.223529026
v -0.190430194 -0.140201330 0.223023742
v -0.201843143 -0.060375392 0.224543333
v -0.199065089 -0.132473260 0.222475469
v -0.207970381 -0.070186824 0.223661169
v -0.205704361 -0.138322130 0.220158696
v -0.215994477 -0.066349715 0.221528798
v -0.214579791 -0.128188729 0.216792330
v -0.221693844 -0.078430697 0.217739537
v -0.221934542 -0.128496587 0.212312445
v -0.228852421 -0.080026247 0.213044479
v -0.239759058 -0.106161751 0.201261491
v -0.150587291 -0.094613597 0.201637104
v -0.227873489 -0.105594009 0.213232160
v -0.151194990 -0.093418881 0.198825911
v -0.151105002 -0.091676712 0.201007590
v -0.228503466 -0.102929592 0.211629689
v -0.059589237 -0.174043357 0.214486629
v -0.108311713 -0.170653731 0.210944355
v -0.059782449 -0.181578130 0.219308153
v -0.109822065 -0.178130686 0.215913817
v -0.049394954 -0.189830065 0.224002779
v -0.121774659 -0.184843525 0.219093040
v -0.054954454 -0.196968362 0.226240546
v -0.117593370 -0.192652896 0.221991569
v -0.046719972 -0.205040246 0.227880269
v -0.126997635 -0.199509576 0.222434804
v -0.056016345 -0.211887032 0.226742968
v -0.118655264 -0.207571566 0.222493991
v -0.051518735 -0.219667420 0.225007623
v -0.123898432 -0.214680880 0.220097899
v -0.062968127 -0.226334155 0.220815435
v -0.113007739 -0.222886711 0.217421100
v -0.063836142 -0.233742356 0.216434658
v -0.112559170 -0.230360895 0.212913215
v -0.088392720 -0.246830255 0.203487411
v -0.080986053 -0.157586902 0.199569151
v -0.086022325 -0.235276893 0.212528497
v -0.083343156 -0.157105610 0.201637104
v -0.089176901 -0.235103935 0.212240815
v -0.000231004 0.004491955 0.005363680
v 0.008244975 -0.160326302 0.143760145
v 0.005938675 0.002557322 0.002681844
v 0.014414653 -0.162260935 0.141078323
v 0.006169680 -0.001934633 -0.002681829
v 0.014645658 -0.166752890 0.135714650
v 0.000231004 -0.004491955 -0.005363666
v 0.008706983 -0.169310212 0.133032799
v -0.005938675 -0.002557322 -0.002681829
v 0.002537304 -0.167375579 0.135714650
v -0.006169680 0.001934633 0.002681844
v 0.002306299 -0.162883624 0.141078323
v 0.041350029 -0.181457534 0.146677554
v -0.021233154 -0.184632286 0.150491223
v 0.042917904 -0.190568760 0.150851682
v -0.021322407 -0.193872392 0.154900417
v 0.057964318 -0.199081555 0.153608784
v -0.034955963 -0.203860089 0.159465060
v 0.052366316 -0.208742619 0.156767756
v -0.028048851 -0.212878048 0.161835909
v 0.064285226 -0.217599437 0.157819778
v -0.038774375 -0.222899392 0.164315090
v 0.053499799 -0.227723852 0.159264416
v -0.026915368 -0.231859297 0.164332554
v 0.060231287 -0.237044036 0.158602074
v -0.032688994 -0.241822571 0.164458364
v 0.046318356 -0.247512475 0.158341631
v -0.017921951 -0.250816107 0.162390366
v 0.045876548 -0.257328153 0.156627566
v -0.016700711 -0.260576963 0.160441875
v 0.015319683 -0.278677940 0.153391331
v 0.012337496 -0.264609486 0.151581138
v 0.015318052 -0.264532179 0.150948748
v 0.008487140 -0.165035293 0.136585474
v 0.013621918 -0.264882773 0.148757130
v 0.008466818 -0.164640024 0.139883801
v -0.027222995 -0.194268242 0.145027325
v -0.066711739 -0.165484175 0.148197189
v -0.030962981 -0.200882748 0.148199901
v -0.071534008 -0.171387538 0.151575357
v -0.026211843 -0.213687748 0.150058910
v -0.084895723 -0.171024457 0.154941335
v -0.034499090 -0.216976374 0.152063832
v -0.085285351 -0.180054665 0.156289190
v -0.031723943 -0.228265643 0.152101219
v -0.096811324 -0.180946991 0.157516405
v -0.043288186 -0.229086906 0.152247518
v -0.094074450 -0.192165196 0.156472862
v -0.043790035 -0.237908810 0.150426269
v -0.102473915 -0.195245519 0.155308679
v -0.057330273 -0.237214342 0.148750931
v -0.097901300 -0.207719132 0.152126387
v -0.062354881 -0.242669314 0.145728141
v -0.101883844 -0.213942558 0.148889273
v -0.091143087 -0.239898652 0.139509603
v -0.083586626 -0.230564654 0.151953459
v -0.038877923 -0.167251378 0.136705399
v -0.083602652 -0.231122896 0.148957178
v -0.038035572 -0.167282060 0.139763728
v -0.085643955 -0.229461014 0.149892181
v 0.082997963 -0.156634688 0.147974089
v 0.046535525 -0.189314350 0.147309020
v 0.088196948 -0.161517948 0.151796162
v 0.050783426 -0.195093125 0.151244372
v 0.101320624 -0.159394965 0.155216634
v 0.047203902 -0.207959726 0.154418498
v 0.102512702 -0.168089584 0.157632187
v 0.055678949 -0.210118547 0.156941473
v 0.114008889 -0.167659983 0.159275144
v 0.053987034 -0.221524060 0.158389926
v 0.112387970 -0.179128900 0.159767449
v 0.065554224 -0.221157864 0.159076735
v 0.121071175 -0.181473598 0.159487158
v 0.066954449 -0.230038360 0.158689037
v 0.117822781 -0.194635898 0.158201948
v 0.080409259 -0.228211075 0.157650173
v 0.122488976 -0.200785458 0.156356633
v 0.086027391 -0.233467445 0.155920118
v 0.114619590 -0.228647947 0.151219204
v 0.106537357 -0.221168935 0.151170805
v 0.055829659 -0.162380934 0.136705369
v 0.108731419 -0.219531208 0.149568334
v 0.054994900 -0.162497848 0.139763728
v -0.002457250 0.004766129 0.004499592
v 0.082716450 -0.160439342 0.226004660
v 0.004159585 0.005161032 0.002249807
v 0.089333288 -0.160044432 0.223754868
v 0.006616812 0.000394918 -0.002249777
v 0.091790512 -0.164810538 0.219255283
v 0.002457205 -0.004766099 -0.004499562
v 0.087630913 -0.169971555 0.217005491
v -0.004159629 -0.005161002 -0.002249777
v 0.081014074 -0.170366466 0.219255283
v -0.006616857 -0.000394888 0.002249807
v 0.078556851 -0.165600359 0.223754868
v 0.121308438 -0.167637348 0.235328510
v 0.065505251 -0.196331173 0.233314678
v 0.126200125 -0.175636664 0.240486309
v 0.068937525 -0.205159098 0.238603622
v 0.143189907 -0.177480519 0.245190322
v 0.060362522 -0.220183179 0.242467135
v 0.141882047 -0.188815951 0.247961462
v 0.070201486 -0.225771740 0.245604753
v 0.156304896 -0.192105979 0.249764934
v 0.064439505 -0.239468277 0.246744603
v 0.150610059 -0.205834895 0.249369755
v 0.078929506 -0.242790669 0.247013047
v 0.160645932 -0.211518377 0.248006895
v 0.077818550 -0.254221022 0.245283708
v 0.152384162 -0.226693466 0.244711176
v 0.095121562 -0.256215900 0.242828503
v 0.156201720 -0.235680565 0.240931779
v 0.100435361 -0.264439315 0.238892108
v 0.137576684 -0.267248839 0.229970336
v 0.085747786 -0.164698258 0.223069131
v 0.130252004 -0.254261553 0.235069141
v 0.086193554 -0.164874822 0.220059201
v 0.083805785 -0.165979043 0.220998481
v 0.131524831 -0.253996015 0.232175469
v 0.064414136 -0.206515148 0.233608931
v 0.016467853 -0.196562812 0.233768389
v 0.063561015 -0.214036033 0.238350004
v 0.014331924 -0.203852624 0.238754734
v 0.073056586 -0.223684758 0.242168650
v 0.001849256 -0.208954990 0.242754057
v 0.066764288 -0.230049983 0.244753912
v 0.005139969 -0.217302531 0.245260537
v 0.073931932 -0.239179820 0.245708078
v -0.005045425 -0.222842768 0.246357366
v 0.063738182 -0.244697914 0.245230913
v 0.002113856 -0.231950477 0.245737538
v 0.067004368 -0.252980620 0.243122667
v -0.004202966 -0.238250867 0.243708074
v 0.054482684 -0.257979840 0.239781022
v 0.005253591 -0.247796446 0.240185753
v 0.052303135 -0.265103996 0.235241324
v 0.004356107 -0.255176842 0.235805348
v 0.025190039 -0.274561912 0.224381983
v 0.044802651 -0.187022239 0.221575722
v 0.026919687 -0.262740850 0.235062048
v 0.041700192 -0.186425671 0.221288055
v 0.028056946 -0.263428658 0.232181504
v 0.150402710 -0.127202407 0.229218662
v 0.130620882 -0.171997100 0.229340598
v 0.157421038 -0.129567564 0.232351646
v 0.137161955 -0.175577223 0.232574239
v 0.168741748 -0.122277901 0.234922856
v 0.139438048 -0.188828498 0.235244811
v 0.173581690 -0.129746586 0.236772373
v 0.148221642 -0.187340870 0.237051010
v 0.183978990 -0.124638863 0.237676486
v 0.151477709 -0.198451355 0.238033578
v 0.187250495 -0.135760576 0.237743363
v 0.161890447 -0.193354845 0.238022000
v 0.196079358 -0.134305865 0.236864835
v 0.166775644 -0.200856447 0.237186790
v 0.198427439 -0.147609502 0.235264629
v 0.178168371 -0.193619162 0.235487208
v 0.205033794 -0.151241124 0.233087808
v 0.185313493 -0.196061134 0.233186916
v 0.208956197 -0.179708645 0.227345362
v 0.127458185 -0.142335713 0.221962586
v 0.198561296 -0.174029186 0.234963536
v 0.126327842 -0.145290092 0.220947966
v 0.198148414 -0.175980896 0.232307270
v -0.003940105 0.000108287 0.005784795
v 0.192232296 -0.005283004 0.139501393
v -0.001803510 0.006114036 0.002892397
v 0.194368899 0.000722745 0.136608988
v 0.002136588 0.006005753 -0.002892397
v 0.198308989 0.000614461 0.130824208
v 0.003940105 -0.000108279 -0.005784795
v 0.200112507 -0.005499571 0.127931803
v 0.001803510 -0.006114027 -0.002892397
v 0.197975904 -0.011505319 0.130824208
v -0.002136588 -0.006005744 0.002892397
v 0.194035813 -0.011397036 0.136608988
v 0.217213780 0.025455218 0.145831943
v 0.215422049 -0.037299570 0.145686567
v 0.227186322 0.026021415 0.150377452
v 0.225415692 -0.038406670 0.150480226
v 0.237472549 0.040137269 0.153976262
v 0.234911427 -0.053054623 0.154124916
v 0.247074455 0.033601202 0.156109959
v 0.244858012 -0.047049016 0.156238601
v 0.257030547 0.044692196 0.156544656
v 0.254189968 -0.058668651 0.156709537
v 0.266227722 0.033073515 0.155285776
v 0.264011294 -0.047576703 0.155414432
v 0.275779098 0.039081886 0.152327910
v 0.273217976 -0.054110005 0.152476564
v 0.284646153 0.024438346 0.147904918
v 0.282875508 -0.039989740 0.148007691
v 0.293802023 0.023342520 0.142446339
v 0.292065531 -0.039411724 0.142337263
v 0.311037481 -0.008483808 0.128789708
v 0.196065158 -0.004119164 0.134901255
v 0.295967460 -0.007390894 0.147280678
v 0.196248859 -0.006509710 0.132823870
v 0.296280146 -0.008652968 0.144386992
v 0.222271606 -0.043996483 0.144306868
v 0.190430433 -0.081160314 0.142593727
v 0.228408560 -0.048544876 0.148086742
v 0.195751235 -0.086733930 0.146516964
v 0.241416067 -0.045035496 0.151500538
v 0.194178954 -0.100273982 0.149229944
v 0.243943393 -0.053711470 0.153285056
v 0.203063384 -0.101516023 0.151320025
v 0.255391955 -0.051876910 0.154243052
v 0.203000382 -0.113142937 0.151724696
v 0.255315393 -0.063438788 0.153347433
v 0.214435384 -0.111243337 0.151382402
v 0.264160067 -0.064490125 0.151625291
v 0.216922954 -0.119728610 0.149354681
v 0.262524545 -0.077726826 0.148273870
v 0.229867235 -0.115915880 0.146704093
v 0.267752469 -0.082900330 0.144508779
v 0.235937297 -0.120084561 0.142804086
v 0.263116688 -0.110670298 0.134104952
v 0.195753619 -0.051245052 0.134174109
v 0.254687876 -0.102106445 0.147175089
v 0.193818927 -0.053747643 0.133159518
v 0.253729403 -0.103856035 0.144518808
v 0.193317339 0.070107251 0.142183572
v 0.222955346 0.031278249 0.145622864
v 0.198356569 0.075159766 0.146311477
v 0.228799894 0.035322681 0.149996549
v 0.197083697 0.088605285 0.149082422
v 0.241118386 0.030983008 0.154412687
v 0.205685854 0.089283019 0.152097732
v 0.243794397 0.039415490 0.156710654
v 0.206089050 0.100861773 0.153059900
v 0.254928738 0.036951829 0.158971801
v 0.217357621 0.098400638 0.154239193
v 0.255466163 0.048533097 0.158852115
v 0.220427245 0.106840506 0.153365344
v 0.264461935 0.049218226 0.158695608
v 0.233371884 0.102512598 0.152735859
v 0.263815224 0.062675506 0.156420931
v 0.239984632 0.106554724 0.150691748
v 0.269662678 0.067760736 0.154155880
v 0.267442375 0.096313991 0.146572128
v 0.259699404 0.088216558 0.147273585
v 0.197523728 0.041165870 0.135083839
v 0.258332074 0.090260968 0.146266356
v 0.197472915 0.042007249 0.132025495
v 0.259842843 0.088851817 0.144025490
v -0.003843568 -0.002276056 0.005389497
v 0.187763900 0.111188650 0.189953998
v -0.005010672 0.004078172 0.002694748
v 0.186596781 0.117542878 0.187259257
v -0.001167111 0.006354228 -0.002694733
v 0.190440357 0.119818941 0.181869775
v 0.003843568 0.002276056 -0.005389482
v 0.195451021 0.115740761 0.179175019
v 0.005010672 -0.004078172 -0.002694733
v 0.196618140 0.109386533 0.181869775
v 0.001167111 -0.006354231 0.002694748
v 0.192774564 0.107110478 0.187259257
v 0.191898018 0.149410814 0.199277401
v 0.223816007 0.095430315 0.196320683
v 0.199608684 0.154675737 0.204598904
v 0.232418284 0.099270254 0.201790646
v 0.200454280 0.171655983 0.209671617
v 0.247911677 0.091514826 0.205609620
v 0.211843431 0.170960024 0.212488055
v 0.252914041 0.101604179 0.208972722
v 0.214285851 0.185515821 0.214560300
v 0.266921729 0.096629784 0.210055053
v 0.228323832 0.180638745 0.214076802
v 0.269394457 0.111282900 0.210561454
v 0.233415097 0.191013426 0.212849095
v 0.280872494 0.110872269 0.208787084
v 0.249049902 0.183711886 0.209365115
v 0.281859517 0.128306419 0.206556857
v 0.257809490 0.188125521 0.205364227
v 0.289751589 0.134141102 0.202810019
v 0.290482491 0.171456397 0.194108546
v 0.190749660 0.114964634 0.184346512
v 0.276883721 0.165437445 0.197749123
v 0.192329437 0.112228803 0.184635505
v 0.278313249 0.163512617 0.195671752
v 0.234752864 0.095546581 0.194751054
v 0.227623090 0.047158405 0.197132304
v 0.242576107 0.095291980 0.199061289
v 0.235304743 0.045620117 0.201745018
v 0.251865774 0.105447248 0.201971397
v 0.241348118 0.033599477 0.205853283
v 0.258725852 0.099620886 0.204381049
v 0.249623656 0.037442312 0.207740501
v 0.267465144 0.107317805 0.204538748
v 0.255799830 0.027630109 0.208844215
v 0.273527324 0.097437389 0.204071194
v 0.264425129 0.035258815 0.207430661
v 0.281468689 0.101080246 0.201351717
v 0.270951033 0.029232480 0.205233589
v 0.286980510 0.088741481 0.198131755
v 0.279709131 0.039069623 0.200815484
v 0.293960124 0.086806044 0.193427950
v 0.286858171 0.038417418 0.195850462
v 0.304315507 0.059996232 0.182715744
v 0.215865463 0.073868059 0.183366716
v 0.292672664 0.062715396 0.197884738
v 0.293105364 0.062740482 0.195125178
v 0.215178281 0.071995236 0.186022982
v 0.292515814 0.060011372 0.196347490
v 0.149909467 0.175777525 0.193571687
v 0.195771158 0.158667296 0.192216977
v 0.151881978 0.182686612 0.197049975
v 0.198984355 0.165163785 0.195751309
v 0.143964991 0.193359166 0.200320587
v 0.212096125 0.168013304 0.198442131
v 0.151151597 0.198482305 0.202433422
v 0.210113719 0.176547453 0.200807780
v 0.145457253 0.208474666 0.204074547
v 0.221022755 0.180363119 0.201991126
v 0.156371713 0.212368369 0.204401717
v 0.215333819 0.190433532 0.202776074
v 0.154405221 0.221131325 0.204257175
v 0.222536340 0.195785463 0.202378720
v 0.167542309 0.224344850 0.202954859
v 0.214644670 0.206822023 0.201656193
v 0.170772672 0.231272295 0.201414302
v 0.216657847 0.214230418 0.200055286
v 0.198940068 0.237214759 0.196388811
v 0.167563885 0.153649315 0.186343551
v 0.166214600 0.154526085 0.184060201
v 0.194431469 0.226944342 0.197931737
v 0.169134736 0.153492913 0.183736339
v 0.195251003 0.227141470 0.194873393
v -0.000942919 -0.004649960 0.005146742
v 0.039451685 0.194554240 0.192524269
v -0.006412717 -0.001120217 0.002573378
v 0.033981886 0.198083967 0.189950913
v -0.005469801 0.003529750 -0.002573349
v 0.034924805 0.202733934 0.184804171
v 0.000942916 0.004649960 -0.005146712
v 0.041337520 0.203854144 0.182230815
v 0.006412714 0.001120217 -0.002573349
v 0.046807319 0.200324416 0.184804171
v 0.005469796 -0.003529750 0.002573378
v 0.045864403 0.195674449 0.189950913
v 0.013117548 0.225089639 0.191779450
v 0.074418910 0.212579459 0.196969301
v 0.014038388 0.234921291 0.194323510
v 0.076980561 0.222157896 0.199755028
v 0.001772273 0.247416869 0.195104420
v 0.092814878 0.228955284 0.202960834
v 0.009743400 0.255719602 0.196683154
v 0.088533580 0.239742562 0.203482255
v 0.000562735 0.267400980 0.195723832
v 0.101539768 0.246924892 0.204437539
v 0.013639161 0.274466157 0.195589915
v 0.092429340 0.258489132 0.202389017
v 0.009563792 0.284909964 0.192917943
v 0.100606397 0.266448379 0.200774372
v 0.025725670 0.291160971 0.191043809
v 0.088667847 0.278397560 0.196475327
v 0.028706640 0.300011992 0.187257767
v 0.090000466 0.287566602 0.192663833
v 0.063806891 0.311651081 0.180842608
v 0.039629404 0.199167848 0.188941628
v 0.058996473 0.297322333 0.200562179
v 0.040116519 0.199468583 0.185678720
v 0.060627226 0.297344714 0.197678715
v 0.042059183 0.198799029 0.187929809
v 0.061932694 0.296804339 0.199929789
v 0.082037471 0.218414411 0.200891241
v 0.113213189 0.180664003 0.201814011
v 0.087263964 0.223751143 0.206352904
v 0.119283348 0.185013160 0.207576290
v 0.085769713 0.237214446 0.210617125
v 0.132084072 0.181181952 0.212386698
v 0.094576091 0.238242060 0.213742644
v 0.134657517 0.189750358 0.215274066
v 0.094663560 0.249847442 0.214825988
v 0.146031678 0.187700778 0.216788635
v 0.106080078 0.247777045 0.214572847
v 0.146161497 0.199285343 0.216104269
v 0.108777687 0.256284416 0.212277547
v 0.155092061 0.200251922 0.214047119
v 0.121775933 0.252356112 0.208843529
v 0.153795317 0.213618115 0.210066915
v 0.128077671 0.256569415 0.204118252
v 0.159259051 0.218826786 0.205093920
v 0.155378118 0.247083038 0.192367956
v 0.085600786 0.190712646 0.188151866
v 0.147039831 0.238679931 0.200697765
v 0.145422235 0.240823001 0.199927270
v 0.087528042 0.188767985 0.186549380
v 0.146985710 0.239472568 0.197686404
v -0.033608351 0.210811585 0.196647108
v 0.009656446 0.233283862 0.192060530
v -0.037379205 0.217210561 0.199501008
v 0.007026795 0.240325034 0.194896877
v -0.050541639 0.218760431 0.202868178
v 0.013689332 0.252194285 0.196208552
v -0.049531400 0.227695584 0.204041287
v 0.006055437 0.256629944 0.198277906
v -0.060738716 0.230280146 0.205672950
v 0.010501048 0.267362267 0.198286623
v -0.056364562 0.240984559 0.204852372
v -0.000777724 0.269918948 0.199088991
v -0.064207956 0.245338395 0.204490349
v 0.000023013 0.278772265 0.197830707
v -0.057878684 0.257077515 0.201934248
v -0.013472687 0.280191958 0.197330117
v -0.060921155 0.263928205 0.199864775
v -0.017684687 0.286450654 0.195275337
v -0.046686918 0.288246781 0.192262471
v -0.007147348 0.207679302 0.187927291
v -0.042230241 0.277177364 0.200934514
v -0.005783817 0.208767459 0.185745612
v -0.042722762 0.277440667 0.197938219
v -0.004458764 0.208969608 0.188556805
v -0.040324949 0.278526634 0.198873237
v -0.000499528 0.000568584 0.040447678
v 0.112483919 -0.128032833 0.064230055
v 0.003328551 0.003428034 0.037723839
v 0.116311997 -0.125173375 0.061506219
v 0.003828082 0.002859458 0.032276165
v 0.116811529 -0.125741959 0.056058541
v 0.000499528 -0.000568584 0.029552326
v 0.113482967 -0.129170001 0.053334702
v -0.003328551 -0.003428038 0.032276161
v 0.109654889 -0.132029444 0.056058541
v -0.003828082 -0.002859458 0.037723839
v 0.109155357 -0.131460875 0.061506215
v 0.112983443 -0.128601417 -0.009688322
v 0.120135613 -0.124222293 -0.004940946
v 0.114054628 -0.120464936 -0.005167972
v 0.106560826 -0.123360708 -0.005138090
v 0.102452151 -0.130642131 -0.003184925
v 0.109583601 -0.136161596 -0.005138089
v 0.117033355 -0.139216617 -0.002566566
v 0.120733358 -0.131543219 -0.005138082
v 0.126715511 -0.128949091 0.000134803
v 0.107543565 -0.115812086 0.000554069
v 0.102315240 -0.119017795 0.001054702
v 0.112303041 -0.143018872 0.001060725
v 0.124634691 -0.136608079 0.000688508
v 0.124690667 -0.119855903 0.001271105
v 0.116429180 -0.115119658 0.000444070
v 0.098394305 -0.124996364 0.001980040
v 0.099974476 -0.136307016 0.002174295
v 0.105502285 -0.140986741 0.001170341
v 0.125691369 -0.145921871 0.009791441
v 0.134478062 -0.125733137 0.009752720
v 0.130224511 -0.115253493 0.010277034
v 0.121402100 -0.108547553 0.009893133
v 0.110378414 -0.107069127 0.009705595
v 0.103672475 -0.109020479 0.010229216
v 0.095985845 -0.115236335 0.009745991
v 0.091381058 -0.125385001 0.009928626
v 0.092446402 -0.135615230 0.010231446
v 0.095739447 -0.141833186 0.009822889
v 0.104616515 -0.148800969 0.009821205
v 0.115979426 -0.150104389 0.010039744
v 0.133037314 -0.137020111 0.009893160
v 0.112983443 -0.102503888 0.019532030
v 0.089760758 -0.116740271 0.019143900
v 0.086721107 -0.125247568 0.019791424
v 0.094506301 -0.147153258 0.019715426
v 0.102819949 -0.152944833 0.019534014
v 0.128985897 -0.149546862 0.019519318
v 0.139191493 -0.125195831 0.019477438
v 0.133726269 -0.112045944 0.019525371
v 0.123138145 -0.104201794 0.019477449
v 0.102829710 -0.104088135 0.019721093
v 0.094273515 -0.110136241 0.019514501
v 0.088390104 -0.138463914 0.019301234
v 0.116738953 -0.154831126 0.019301236
v 0.137557656 -0.138462037 0.019503141
v 0.138381630 -0.114112087 0.032498647
v 0.112983443 -0.099808246 0.029750232
v 0.088047825 -0.142998025 0.029750232
v 0.112983428 -0.157697305 0.031586625
v 0.138091207 -0.143097371 0.030949876
v 0.141816214 -0.124805547 0.029364515
v 0.133846581 -0.108410038 0.031666666
v 0.127582878 -0.103314422 0.032608233
v 0.120670341 -0.100600138 0.031614710
v 0.105778761 -0.100325279 0.033133246
v 0.098732717 -0.103285223 0.031384401
v 0.089424811 -0.111341923 0.030801442
v 0.084138133 -0.124948047 0.029622538
v 0.084803194 -0.136181220 0.033118818
v 0.092325769 -0.149007797 0.031614646
v 0.098705851 -0.154049367 0.033133205
v 0.105620503 -0.156821713 0.032961182
v 0.120365880 -0.156633452 0.031195695
v 0.127582923 -0.153888404 0.032608192
v 0.133637860 -0.149216354 0.033118799
v 0.140901268 -0.136573717 0.031666629
v 0.140187904 -0.128071457 0.048630767
v 0.139094517 -0.121436507 0.048915211
v 0.112820700 -0.101525649 0.048915219
v 0.093465023 -0.109587066 0.048400015
v 0.086872384 -0.121436499 0.048915226
v 0.085778996 -0.128071472 0.048630781
v 0.089498483 -0.142160505 0.048689451
v 0.133722752 -0.111701392 0.049958970
v 0.122797497 -0.103696704 0.050111633
v 0.101895235 -0.104307413 0.050122324
v 0.089962162 -0.115199395 0.049839664
v 0.094079718 -0.147369578 0.049839653
v 0.116480425 -0.155206263 0.049912088
v 0.137868732 -0.138758495 0.049834307
v 0.087497957 -0.135549560 0.050288886
v 0.102545366 -0.153249025 0.050016291
v 0.129243314 -0.149791643 0.050201602
v 0.134210408 -0.125806853 0.058825281
v 0.124177620 -0.110629193 0.058800828
v 0.110744484 -0.107822783 0.058788180
v 0.100218743 -0.111966163 0.058785439
v 0.093492322 -0.121060856 0.058788180
v 0.092726342 -0.134762600 0.058800828
v 0.103016108 -0.147281975 0.058800828
v 0.116198704 -0.149251521 0.058788180
v 0.128447756 -0.143063992 0.058800828
v 0.112983443 -0.128601417 0.059809417
v 0.121227771 -0.124922350 0.061125942
v 0.123435631 -0.119196504 0.053383954
v 0.123435631 -0.119196504 0.060180761
v 0.125168756 -0.133524671 0.060094681
v 0.126502335 -0.121444695 0.056782357
v 0.125168756 -0.133524671 0.053470030
v 0.125428841 -0.138381168 0.056782357
v 0.121964276 -0.141983792 0.056782361
v 0.122124687 -0.138006330 0.060180757
v 0.122124687 -0.138006330 0.053383954
v 0.119034357 -0.128601417 0.056782357
v 0.121964276 -0.115219034 0.056782357
v 0.121227771 -0.124922357 0.052438769
v 0.119989507 -0.118944675 0.061125942
v 0.107268736 -0.115754522 0.060180753
v 0.108485594 -0.115598045 0.052998543
v 0.103535511 -0.114372857 0.056782361
v 0.123967454 -0.117955744 0.056782361
v 0.120688505 -0.119585566 0.052356612
v 0.124752842 -0.122813858 0.053383954
v 0.124752849 -0.122813866 0.060180753
v 0.128486082 -0.124195531 0.056782357
v 0.108054146 -0.120612644 0.056782361
v 0.110590421 -0.120034516 0.060094684
v 0.110590421 -0.120034523 0.053470027
v 0.108664937 -0.119849741 0.061208095
v 0.101136371 -0.130248442 0.060566168
v 0.101136379 -0.130248427 0.052998543
v 0.096531697 -0.133190066 0.056782361
v 0.100231521 -0.125422060 0.053470027
v 0.100142181 -0.123538032 0.058960296
v 0.110055521 -0.114849038 0.060180757
v 0.106789857 -0.118487403 0.052356616
v 0.112263642 -0.111536905 0.056782361
v 0.111116081 -0.115619592 0.053383954
v 0.112948954 -0.116487920 0.056782357
v 0.103862390 -0.130820841 0.056782357
v 0.106789857 -0.138715431 0.061208095
v 0.111116089 -0.141583249 0.060180753
v 0.111116081 -0.141583234 0.053383954
v 0.112263642 -0.145665929 0.056782357
v 0.106789850 -0.138715416 0.052356616
v 0.100231521 -0.131780803 0.060094681
v 0.100231521 -0.131780788 0.053470030
v 0.097839810 -0.130757704 0.056782357
v 0.101136379 -0.126954421 0.060566168
v 0.101136371 -0.126954406 0.052998547
v 0.097851828 -0.123053640 0.056782354
v 0.112275653 -0.137961864 0.056782357
v 0.119972296 -0.135412991 0.061208095
v 0.128990322 -0.134559229 0.056782357
v 0.125157937 -0.135635778 0.060180757
v 0.125157937 -0.135635778 0.053383954
v 0.110354513 -0.143670216 0.056782357
v 0.112066627 -0.141711712 0.060094684
v 0.112991512 -0.140531957 0.052438769
v 0.103031278 -0.141278088 0.056782361
v 0.106863640 -0.140201539 0.053383954
v 0.107756093 -0.139359713 0.060566165
v 0.121667065 -0.132167101 0.056782361
v 0.119954973 -0.134125605 0.053470030
v -0.135108069 -0.094904169 0.069923118
v 0.003131531 -0.003621131 0.037707597
v 0.002344176 -0.004174192 0.032292414
v -0.132766455 -0.099911697 0.064507954
v -0.000787333 -0.000553064 0.029584823
v -0.136682764 -0.096010290 0.059092753
v -0.003131501 0.003621124 0.032292414
v -0.000889595 0.002701283 0.039641589
v -0.139024377 -0.091002770 0.064507939
v -0.135895401 -0.095457233 -0.005436443
v -0.129407018 -0.090163223 -0.000787713
v -0.136977509 -0.087237880 -0.000818435
v -0.143720284 -0.092216067 -0.000749671
v -0.143120497 -0.099880718 -0.000586645
v -0.136977494 -0.103676595 -0.000818430
v -0.128837630 -0.099532031 -0.001152451
v -0.124564685 -0.086762860 0.005340904
v -0.130375713 -0.081752963 0.006022322
v -0.137604386 -0.080935799 0.005828013
v -0.144589782 -0.084126517 0.005340896
v -0.149479702 -0.090048052 0.005828009
v -0.150223404 -0.097553566 0.005609691
v -0.146155313 -0.105387799 0.005181818
v -0.139111042 -0.109570056 0.005202749
v -0.129021943 -0.107911341 0.005082167
v -0.123181716 -0.101653762 0.005063554
v -0.121015891 -0.094651237 0.006080755
v -0.138705596 -0.116803050 0.014256165
v -0.114275612 -0.098561987 0.014414923
v -0.115373008 -0.087359414 0.014602844
v -0.122450449 -0.077935457 0.014493009
v -0.133029580 -0.073688895 0.014494732
v -0.144314677 -0.075180016 0.014478962
v -0.153492436 -0.081954598 0.014730358
v -0.157689869 -0.092395715 0.014619478
v -0.156218231 -0.103695683 0.014712833
v -0.149110585 -0.112848982 0.014540586
v -0.127656996 -0.115780070 0.014712837
v -0.118551664 -0.108765550 0.014257702
v -0.110167027 -0.090442993 0.023595981
v -0.115237147 -0.078881256 0.024122963
v -0.139647231 -0.069103405 0.024381753
v -0.152134687 -0.074251540 0.024366848
v -0.159011737 -0.082547843 0.024548756
v -0.162335247 -0.091663666 0.024422681
v -0.139370307 -0.121851742 0.024408368
v -0.114774540 -0.111663848 0.024408383
v -0.109268375 -0.098705448 0.024285197
v -0.125629097 -0.070867479 0.024412442
v -0.160544157 -0.105726160 0.024125444
v -0.152020872 -0.116803244 0.024350254
v -0.126343831 -0.120324455 0.023947928
v -0.110482477 -0.080704443 0.036785197
v -0.136166766 -0.066113882 0.036429100
v -0.121442728 -0.120683521 0.034913462
v -0.107511304 -0.102873117 0.036504615
v -0.106788687 -0.095457233 0.034630537
v -0.107428819 -0.087800413 0.038290653
v -0.114906974 -0.074707113 0.037928682
v -0.121050149 -0.070060387 0.038880758
v -0.128337592 -0.067353487 0.034613181
v -0.143696859 -0.066992886 0.037928693
v -0.150793657 -0.070040442 0.038129680
v -0.156509042 -0.074589707 0.036754791
v -0.163379699 -0.084799625 0.035862897
v -0.165042922 -0.098923698 0.035102952
v -0.161506072 -0.110019684 0.038129676
v -0.156970501 -0.115853660 0.036807876
v -0.150793657 -0.120874025 0.038129669
v -0.143658504 -0.123780102 0.037162475
v -0.135726914 -0.124970853 0.037928674
v -0.128477231 -0.123835862 0.036754735
v -0.115310885 -0.116555005 0.038305376
v -0.110444501 -0.110151306 0.036867626
v -0.108502790 -0.095457226 0.054201137
v -0.129138008 -0.068852670 0.054339591
v -0.159552231 -0.081798948 0.054610945
v -0.163375735 -0.095645666 0.054157779
v -0.162355974 -0.102376617 0.054431681
v -0.122482486 -0.119406328 0.054339595
v -0.111294232 -0.084605381 0.055906691
v -0.135849863 -0.068510763 0.055197839
v -0.154853404 -0.076361708 0.055374384
v -0.161935478 -0.088526972 0.055197868
v -0.157059640 -0.112286240 0.055652589
v -0.145735070 -0.120628893 0.055572897
v -0.114098832 -0.111347727 0.055576298
v -0.109950826 -0.102461688 0.055516962
v -0.119683914 -0.073907927 0.055577196
v -0.146044061 -0.070396952 0.055555865
v -0.131888345 -0.122335613 0.055228855
v -0.115122750 -0.101023257 0.064524800
v -0.117461435 -0.084814392 0.064527854
v -0.130329385 -0.074684590 0.064524800
v -0.144431502 -0.076148860 0.064513847
v -0.154765725 -0.085388638 0.064526595
v -0.156755164 -0.098705135 0.064513847
v -0.149061576 -0.112615734 0.064551324
v -0.128333285 -0.115870595 0.064554125
v -0.135895401 -0.095457233 0.065557122
v -0.127173722 -0.100058794 0.066933461
v -0.125172660 -0.081940323 0.062507950
v -0.123586610 -0.090487055 0.065821126
v -0.122215413 -0.095457233 0.062507950
v -0.124805845 -0.087081350 0.058720522
v -0.125172660 -0.108974144 0.062507950
v -0.125335842 -0.104955748 0.065908030
v -0.125335842 -0.104955733 0.059107866
v -0.128674805 -0.105336264 0.062507950
v -0.127173722 -0.100058794 0.058082439
v -0.127192661 -0.087081335 0.066295370
v -0.129759207 -0.088231802 0.062507950
v -0.128411889 -0.090487055 0.059194770
v -0.135891572 -0.083398521 0.066851065
v -0.145437226 -0.081082337 0.062507950
v -0.140434489 -0.082322128 0.058720525
v -0.131668061 -0.082446791 0.062507950
v -0.119726568 -0.089436240 0.062507950
v -0.128098056 -0.086350389 0.058082435
v -0.123598725 -0.088349663 0.065908030
v -0.127127409 -0.091854148 0.062507950
v -0.124008730 -0.089611568 0.059107866
v -0.128855944 -0.089875862 0.065821126
v -0.142075941 -0.083741181 0.065908030
v -0.143059641 -0.085537255 0.062507950
v -0.138309821 -0.086804107 0.059194770
v -0.140440434 -0.087553620 0.066851065
v -0.148947939 -0.097714819 0.065908022
v -0.152515337 -0.100089982 0.062507950
v -0.148947939 -0.097714812 0.059107870
v -0.148774832 -0.092243239 0.065821126
v -0.147556454 -0.092672795 0.058082435
v -0.146962747 -0.087416336 0.062507950
v -0.136625260 -0.078219160 0.062507950
v -0.138855219 -0.081566021 0.065908030
v -0.139943853 -0.082162723 0.058720522
v -0.135930240 -0.083220772 0.062507950
v -0.145106703 -0.097695962 0.062507950
v -0.139028341 -0.087037601 0.059194766
v -0.144816697 -0.097337425 0.066851065
v -0.137781769 -0.108568564 0.065908030
v -0.139943838 -0.108751766 0.058720529
v -0.142932042 -0.106713146 0.065821126
v -0.136625260 -0.112695314 0.062507957
v -0.151190460 -0.097638600 0.062507957
v -0.147556469 -0.098241664 0.058082439
v -0.150021374 -0.093979552 0.065908030
v -0.151177898 -0.089852802 0.062507950
v -0.148947939 -0.093199670 0.059107866
v -0.136612684 -0.104909524 0.062507957
v -0.139028296 -0.103876889 0.059194770
v -0.135891557 -0.107515946 0.066851065
v -0.123598710 -0.102564797 0.065908030
v -0.125240162 -0.101145752 0.058720525
v -0.119726568 -0.101478219 0.062507950
v -0.127364859 -0.105627738 0.059194770
v -0.131668061 -0.108467676 0.062507950
v -0.141665936 -0.108435191 0.059107866
v -0.145437241 -0.109832130 0.062507950
v -0.142075956 -0.107173301 0.065908022
v -0.143059641 -0.105377212 0.062507950
v -0.137576595 -0.105174012 0.058082435
v -0.127127409 -0.099060327 0.062507957
v -0.128855944 -0.101038605 0.065821126
vn 0.000000017 -0.000000007 1.000000000
vn -0.000002043 0.450434566 0.892809451
vn -0.000009648 0.914307833 0.405020088
vn 0.000004780 0.914311528 -0.405011714
vn 0.000000000 0.450433195 -0.892810166
vn 0.000000003 -0.000000007 -1.000000000
vn 0.318503916 0.318506688 0.892809570
vn 0.646506369 0.646520078 0.405020088
vn 0.646513939 0.646507204 -0.405028611
vn 0.318506271 0.318506181 -0.892808795
vn 0.450434536 0.000002026 0.892809570
vn 0.914307833 0.000009595 0.405020177
vn 0.914311528 -0.000004768 -0.405011684
vn 0.450433165 0.000000000 -0.892810166
vn 0.318506718 -0.318503827 0.892809510
vn 0.646520078 -0.646506429 0.405020177
vn 0.646507204 -0.646513939 -0.405028671
vn 0.318506241 -0.318506211 -0.892808914
vn 0.000002031 -0.450434536 0.892809570
vn 0.000009638 -0.914307833 0.405020237
vn -0.000004787 -0.914311528 -0.405011743
vn 0.000000005 -0.450433195 -0.892810166
vn -0.318503857 -0.318506718 0.892809451
vn -0.646506429 -0.646520078 0.405020207
vn -0.646513939 -0.646507204 -0.405028641
vn -0.318506211 -0.318506211 -0.892808795
vn -0.450434536 -0.000002026 0.892809570
vn -0.914307833 -0.000009595 0.405020177
vn -0.914311528 0.000004768 -0.405011684
vn -0.450433165 0.000000000 -0.892810166
vn -0.318506747 0.318503797 0.892809510
vn -0.646520078 0.646506429 0.405020177
vn -0.646507263 0.646513939 -0.405028671
vn -0.318506271 0.318506181 -0.892808795
vn 0.547899008 -0.836165786 0.025169382
vn 0.126829281 -0.193567321 0.972854555
vn -0.194780648 -0.954846323 -0.224341407
vn -0.615850925 -0.312246919 0.723346114
vn -0.532148123 -0.439978927 -0.723351181
vn -0.953210831 0.202627108 0.224346697
vn -0.126830116 0.193560153 -0.972855866
vn -0.547895849 0.836168170 -0.025162049
vn 0.615847647 0.312239349 -0.723352075
vn 0.194783345 0.954844236 0.224347800
vn 0.953210831 -0.202627569 -0.224346235
vn 0.532148004 0.439978898 0.723351359
vn 0.277824402 -0.396391928 0.875035465
vn 0.282624394 -0.408452064 0.867923021
vn 0.254433483 -0.363543451 0.896158338
vn 0.256270856 -0.368082583 0.893778741
vn 0.200437918 -0.281726658 0.938325524
vn 0.200439885 -0.281729430 0.938324332
vn 0.132298276 -0.176781371 0.975318193
vn 0.132297263 -0.176781476 0.975318313
vn 0.049281277 -0.049511626 0.997556984
vn 0.049280912 -0.049515873 0.997556806
vn -0.035984941 0.080580264 0.996098399
vn -0.035988040 0.080580130 0.996098220
vn -0.108699851 0.191023931 0.975548208
vn -0.108699508 0.191021726 0.975548625
vn -0.168796390 0.281938642 0.944467187
vn -0.170838550 0.286612958 0.942691445
vn -0.210045606 0.345724046 0.914524853
vn -0.213938743 0.354738384 0.910159826
vn -0.245093048 0.401393294 0.882503748
vn -0.048151407 0.924930692 0.377073884
vn 0.322889537 -0.708112359 -0.627948463
vn -0.867127478 0.466368735 -0.174900368
vn 0.592649877 -0.683163285 0.426677912
vn -0.027022427 -0.611220419 0.790998995
vn -0.032238416 -0.625170767 0.779821932
vn -0.024271324 -0.570031643 0.821264148
vn -0.026215436 -0.575431645 0.817429602
vn -0.012212632 -0.462371290 0.886602283
vn -0.012212658 -0.462365389 0.886605382
vn 0.005277541 -0.312295824 0.949970245
vn 0.005277670 -0.312293202 0.949971199
vn 0.026072077 -0.121186629 0.992287338
vn 0.026071468 -0.121193089 0.992286563
vn 0.046256267 0.078730389 0.995822251
vn 0.046255983 0.078731500 0.995822132
vn 0.061949078 0.246203139 0.967236459
vn 0.061949041 0.246202022 0.967236757
vn 0.073886685 0.383106172 0.920744479
vn 0.072209947 0.377123892 0.923343539
vn 0.080064684 0.473526269 0.877133131
vn 0.076898254 0.462399870 0.883330703
vn 0.082767047 0.535566807 0.840427160
vn -0.707209587 -0.559392810 0.432358921
vn 0.072532050 0.745639563 0.662390172
vn -0.141486228 -0.412647992 -0.899835169
vn 0.088519350 0.906941473 -0.411851346
vn 0.715424955 -0.671070039 0.194505006
vn 0.590011775 -0.261204451 0.763975382
vn 0.603343368 -0.268082201 0.751071692
vn 0.548799276 -0.254126340 0.796391308
vn 0.553999841 -0.256794780 0.791922152
vn 0.439932197 -0.227805123 0.868656695
vn 0.439927965 -0.227803856 0.868659198
vn 0.284411490 -0.185032874 0.940676928
vn 0.284409225 -0.185032815 0.940677643
vn 0.084433891 -0.125572398 0.988485038
vn 0.084431626 -0.125572860 0.988485157
vn -0.124024898 -0.058830865 0.990533590
vn -0.124027178 -0.058831058 0.990533352
vn -0.295433283 -0.000280959 0.955363393
vn -0.295428365 -0.000282321 0.955364943
vn -0.430494428 0.048478339 0.901290417
vn -0.424856514 0.045030825 0.904139996
vn -0.517649174 0.079978652 0.851846695
vn -0.507430911 0.073421091 0.858558893
vn -0.575916946 0.100344062 0.811326563
vn -0.312562019 0.416549504 0.853692889
vn 0.678431511 -0.342306525 -0.650043845
vn -0.797850847 -0.598649859 -0.071081422
vn -0.462508023 0.688796103 -0.558252871
vn 0.903571963 -0.163301885 0.396093667
vn 0.995787024 -0.036426619 0.084150270
vn 0.173455209 -0.006344294 0.984821379
vn 0.678391278 -0.711518168 -0.183104232
vn -0.143942297 -0.681437314 0.717581928
vn 0.093771905 -0.690132976 -0.717581570
vn -0.728563964 -0.660052240 0.183100209
vn -0.173460305 0.006346006 -0.984820426
vn -0.995787740 0.036425639 -0.084141850
vn 0.143944353 0.681437790 -0.717581093
vn -0.678391695 0.711518645 0.183100730
vn 0.728563786 0.660051286 -0.183104083
vn -0.093768716 0.690132797 0.717582166
vn 0.401460588 -0.032121398 0.915312946
vn 0.408369720 -0.031105448 0.912286460
vn 0.364194900 -0.031186260 0.930800498
vn 0.366775244 -0.030817315 0.929799080
vn 0.284263700 -0.028790481 0.958313704
vn 0.284270138 -0.028790422 0.958311856
vn 0.188536674 -0.025738085 0.981728911
vn 0.188538760 -0.025737949 0.981728494
vn 0.075082123 -0.021879643 0.996937335
vn 0.075076334 -0.021879517 0.996937752
vn -0.040479429 -0.017692490 0.999023736
vn -0.040479004 -0.017692458 0.999023736
vn -0.140505657 -0.013860059 0.989982843
vn -0.140500605 -0.013860199 0.989983559
vn -0.231274322 -0.010693237 0.972829759
vn -0.228290677 -0.010333638 0.973538160
vn -0.297388881 -0.008884979 0.954715073
vn -0.291452885 -0.008161251 0.956550360
vn -0.345683187 -0.006747976 0.938327014
vn 0.805824161 -0.572389483 -0.151716366
vn -0.803852618 -0.379085153 0.458383441
vn 0.858074605 0.510912836 -0.051730704
vn -0.860054731 0.441662222 -0.255421996
vn 0.260195941 -0.277313590 0.924875736
vn 0.265767276 -0.283938795 0.921274424
vn 0.234495193 -0.257115752 0.937498510
vn 0.236564457 -0.259573519 0.936300635
vn 0.177795529 -0.209823504 0.961437941
vn 0.177796543 -0.209824234 0.961437643
vn 0.110926516 -0.152757227 0.982018590
vn 0.110928968 -0.152757078 0.982018352
vn 0.032265726 -0.085033014 0.995855570
vn 0.032264143 -0.085033074 0.995855629
vn -0.047654569 -0.015586106 0.998742282
vn -0.047658745 -0.015585587 0.998742163
vn -0.116924055 0.045125704 0.992115140
vn -0.116920955 0.045124065 0.992115557
vn -0.180548534 0.101331584 0.978332341
vn -0.178475142 0.098803058 0.978971243
vn -0.226586476 0.141615435 0.963640809
vn -0.222451627 0.136518598 0.965338349
vn -0.262286156 0.172191054 0.949503183
vn 0.301409513 -0.661734641 0.686483562
vn -0.644206285 0.400901437 0.651364923
vn 0.003787070 -0.685460389 -0.728100121
vn 0.933160067 0.266600788 -0.241114601
vn -0.609356523 0.687857747 -0.394380867
vn 0.414140165 0.210124969 0.885627151
vn 0.426654279 0.216903016 0.878020048
vn 0.382421255 0.181318343 0.906023026
vn 0.387159675 0.183879152 0.903490961
vn 0.300827593 0.114031687 0.946836591
vn 0.300827384 0.114033505 0.946836412
vn 0.192925468 0.029117905 0.980781257
vn 0.192926839 0.029117992 0.980780959
vn 0.060106765 -0.072226271 0.995575488
vn 0.060104802 -0.072229110 0.995575428
vn -0.076838069 -0.173306465 0.981865942
vn -0.076838262 -0.173305720 0.981866121
vn -0.192654625 -0.256079257 0.947263241
vn -0.192655951 -0.256080180 0.947262704
vn -0.286814123 -0.320029289 0.902950108
vn -0.291203767 -0.324410886 0.899976671
vn -0.350421190 -0.360339612 0.864500046
vn -0.358739376 -0.368608534 0.857574344
vn -0.408194095 -0.398737341 0.821210146
vn 0.855960727 -0.060101189 0.513535857
vn -0.326384813 -0.282554567 0.902017772
vn 0.472344875 0.087732084 -0.877036750
vn -0.078989573 -0.929536045 -0.360171258
vn -0.004354816 0.990382075 0.138291225
vn -0.937477469 0.234553054 -0.257139742
vn 0.679878354 0.731573701 0.050650258
vn 0.140586361 0.151283160 0.978442073
vn 0.977444649 0.043698356 -0.206621796
vn 0.438165128 -0.536590576 0.721167028
vn 0.567210376 -0.397724181 -0.721171260
vn 0.027928516 -0.978022337 0.206621215
vn -0.140591919 -0.151278690 -0.978441954
vn -0.679875910 -0.731576025 -0.050649162
vn -0.438166410 0.536594808 -0.721163154
vn -0.977445364 -0.043702360 0.206617236
vn -0.027923519 0.978023231 -0.206617534
vn -0.567217827 0.397722751 0.721166134
vn 0.193377331 0.315619648 0.928972244
vn 0.198703706 0.319468409 0.926529467
vn 0.174723774 0.295526117 0.939220905
vn 0.176679045 0.296955347 0.938403964
vn 0.132937789 0.252174377 0.958507001
vn 0.132938296 0.252176642 0.958506405
vn 0.084400155 0.201910168 0.975760698
vn 0.084399812 0.201910987 0.975760520
vn 0.027945604 0.142712414 0.989369631
vn 0.027943969 0.142712519 0.989369631
vn -0.029101092 0.082104109 0.996198833
vn -0.029104462 0.082103610 0.996198714
vn -0.078804053 0.028653160 0.996478200
vn -0.078805648 0.028654518 0.996478081
vn -0.123194866 -0.019600267 0.992188931
vn -0.125389606 -0.021360865 0.991877615
vn -0.156044915 -0.055022471 0.986216247
vn -0.160496354 -0.058617722 0.985294402
vn -0.186570063 -0.087487862 0.978538454
vn 0.657953084 0.268908918 0.703410149
vn 0.138782769 -0.798043430 0.586401045
vn 0.700202286 0.003178193 -0.713937461
vn -0.229096085 0.946736574 -0.226284921
vn -0.373677045 -0.546418250 -0.749528229
vn -0.925560832 0.146494359 0.349108160
vn 0.507252991 0.059860006 0.859715760
vn 0.522874236 0.058969177 0.850367606
vn 0.464003295 0.050727684 0.884379804
vn 0.469974756 0.050417963 0.881238878
vn 0.352059126 0.032527972 0.935412407
vn 0.352057457 0.032527287 0.935413003
vn 0.199993402 0.009943246 0.979746878
vn 0.200000197 0.009943250 0.979745448
vn 0.011262146 -0.017421767 0.999784887
vn 0.011273881 -0.017420826 0.999784708
vn -0.181720540 -0.044681430 0.982334614
vn -0.181721166 -0.044681337 0.982334435
vn -0.340626955 -0.066553719 0.937840104
vn -0.340624690 -0.066553131 0.937840879
vn -0.462889552 -0.082980886 0.882523358
vn -0.468732089 -0.082618162 0.879468322
vn -0.544327617 -0.092520848 0.833754897
vn -0.555085599 -0.091709480 0.826722026
vn -0.611056626 -0.099073574 0.785362482
vn 0.709011257 -0.553215623 0.437327743
vn -0.713347197 -0.573331714 0.403021783
vn 0.437485933 -0.039798990 -0.898344100
vn 0.479745179 0.854344964 0.199848279
vn -0.930081189 0.337588966 -0.144853905
vn -0.023684146 0.539275527 0.841796279
vn -0.018676084 0.554170370 0.832193732
vn -0.025962014 0.495761395 0.868070662
vn -0.024115555 0.501476824 0.864834905
vn -0.036181457 0.383453965 0.922851026
vn -0.036181398 0.383460581 0.922848284
vn -0.050086673 0.229932353 0.971916914
vn -0.050086465 0.229935348 0.971916258
vn -0.065017857 0.038061555 0.997157991
vn -0.065017849 0.038060978 0.997157991
vn -0.077729836 -0.159229308 0.984176874
vn -0.077729382 -0.159229472 0.984176874
vn -0.086148031 -0.322216660 0.942737937
vn -0.086146779 -0.322213203 0.942739308
vn -0.092507251 -0.447298676 0.889587641
vn -0.091404133 -0.454182446 0.886207342
vn -0.097607702 -0.527656138 0.843831599
vn -0.095327869 -0.540384531 0.836000681
vn -0.099011898 -0.599738419 0.794046819
vn 0.464170069 0.743005514 -0.482171088
vn 0.485687017 -0.856426120 0.175049648
vn -0.347653955 0.908702075 0.231078207
vn -0.601288140 -0.795507729 0.074967980
vn -0.050158251 0.975277364 0.215216547
vn -0.002142396 0.041715443 0.999127209
vn 0.648257434 0.756276369 -0.088364817
vn 0.696269155 -0.177295849 0.695539713
vn 0.674416721 0.247771546 -0.695536733
vn 0.722419679 -0.685785115 0.088366635
vn 0.002144896 -0.041707747 -0.999127567
vn 0.050154522 -0.975275993 -0.215224132
vn -0.696266174 0.177292570 -0.695543528
vn -0.648263335 -0.756271183 0.088366047
vn -0.722420216 0.685784161 -0.088369250
vn -0.674405694 -0.247782364 0.695543647
vn 0.033873379 0.421076000 0.906392634
vn 0.034652960 0.429268152 0.902512074
vn 0.037433993 0.389590025 0.920227289
vn 0.037723154 0.392632842 0.918921351
vn 0.043305907 0.318433076 0.946955681
vn 0.043305725 0.318435073 0.946954966
vn 0.049180552 0.233730480 0.971056819
vn 0.049181301 0.233731270 0.971056521
vn 0.055500723 0.133435369 0.989502251
vn 0.055501480 0.133435279 0.989502192
vn 0.061289068 0.030857043 0.997642934
vn 0.061289459 0.030857459 0.997642934
vn 0.065802850 -0.058806330 0.996098280
vn 0.065803133 -0.058803074 0.996098459
vn 0.068719022 -0.137873843 0.988063037
vn 0.069529697 -0.141880617 0.987438917
vn 0.069715753 -0.193987146 0.978523791
vn 0.071330890 -0.202059627 0.976772130
vn 0.071804635 -0.249167234 0.965794921
vn -0.622055173 -0.519912899 0.585438371
vn 0.804756582 -0.480913371 0.347978860
vn -0.041377362 0.767399251 -0.639833093
vn -0.066040628 -0.655004382 -0.752733588
vn -0.047951363 0.898741126 0.435849756
vn 0.281258285 0.282200813 0.917200446
vn 0.284828633 0.290142745 0.913613558
vn 0.257652223 0.247517005 0.933997214
vn 0.259012163 0.250483513 0.932829380
vn 0.205216691 0.172017008 0.963481367
vn 0.205218881 0.172019169 0.963480473
vn 0.140089035 0.079749256 0.986922026
vn 0.140088320 0.079748645 0.986922204
vn 0.061498880 -0.029582256 0.997668743
vn 0.061494738 -0.029586768 0.997668803
vn -0.019392505 -0.139965907 0.989966393
vn -0.019392429 -0.139966652 0.989966333
vn -0.089198649 -0.233501256 0.968256593
vn -0.089195803 -0.233497903 0.968257666
vn -0.148594633 -0.311794013 0.938458383
vn -0.151916787 -0.314880013 0.936894834
vn -0.191435412 -0.366255343 0.910609484
vn -0.197979927 -0.372211516 0.906786919
vn -0.230091125 -0.413550168 0.880928099
vn -0.006402689 -0.520735323 0.853694201
vn 0.345490128 0.676725507 -0.650137782
vn 0.033269867 -0.829005480 -0.558250129
vn 0.632909477 0.665327370 0.395935863
vn -0.997395098 0.012246083 -0.071085446
vn -0.324495226 0.344127625 0.881066978
vn -0.329538435 0.352526933 0.875859141
vn -0.300650805 0.319264859 0.898709655
vn -0.302549690 0.322397530 0.896952331
vn -0.246983752 0.259879470 0.933521092
vn -0.246984571 0.259877861 0.933521450
vn -0.181758463 0.186671779 0.965462387
vn -0.181758687 0.186672002 0.965462267
vn -0.103356510 0.098904505 0.989714801
vn -0.103352264 0.098904192 0.989715338
vn -0.022405608 0.008533577 0.999712527
vn -0.022400055 0.008533655 0.999712706
vn 0.048256833 -0.070149951 0.996368587
vn 0.048262443 -0.070151553 0.996368170
vn 0.112853408 -0.141916484 0.983424544
vn 0.110751033 -0.138654947 0.984128594
vn 0.159574509 -0.192830190 0.968169749
vn 0.155390427 -0.186319023 0.970123291
vn 0.195635036 -0.230988860 0.953085065
vn 0.176012859 -0.897306621 0.404796660
vn -0.410434216 0.634128928 -0.655304670
vn 0.931770027 -0.331982136 -0.146943644
vn -0.698003173 0.594825268 0.398716122
vn -0.457838058 0.888038635 0.042091537
vn -0.098480836 0.191016167 0.976634145
vn 0.291195393 0.932741463 -0.212599605
vn 0.650548339 0.235719427 0.721957922
vn 0.569350183 0.393212229 -0.721958756
vn 0.928711295 -0.303803861 0.212599903
vn 0.098480001 -0.191016957 -0.976634204
vn 0.457840770 -0.888037801 -0.042079277
vn -0.650548160 -0.235719815 -0.721957922
vn -0.291195214 -0.932741582 0.212599441
vn -0.928711414 0.303804100 -0.212598726
vn -0.569360495 -0.393208355 0.721952856
vn -0.243983582 0.416964263 0.875564337
vn -0.249636367 0.424401551 0.870382130
vn -0.224645153 0.378466427 0.897940755
vn -0.226777613 0.381289572 0.896208882
vn -0.181487069 0.292137414 0.938998580
vn -0.181486860 0.292135507 0.938999116
vn -0.126589462 0.183370247 0.974859238
vn -0.126591310 0.183371663 0.974858761
vn -0.059524577 0.051885586 0.996877551
vn -0.059527334 0.051890455 0.996877015
vn 0.009727148 -0.082417488 0.996550500
vn 0.009727493 -0.082417578 0.996550381
vn 0.069246881 -0.196682900 0.978018761
vn 0.069245324 -0.196679488 0.978019536
vn 0.117975123 -0.291541368 0.949255228
vn 0.121534906 -0.296147645 0.947378457
vn 0.150070280 -0.356405050 0.922200918
vn 0.157041684 -0.365287393 0.917552710
vn 0.182380244 -0.416813940 0.890507519
vn -0.025076479 0.708821177 0.704942346
vn 0.165250048 -0.786498666 0.595073342
vn 0.239583507 0.656733751 -0.715052783
vn -0.968159080 0.103861615 -0.227773845
vn 0.600447059 -0.696737230 -0.392454624
vn 0.110949002 0.520943344 0.846350133
vn 0.117169559 0.535153091 0.836589754
vn 0.104748778 0.477734327 0.872237146
vn 0.107094549 0.483187675 0.868942142
vn 0.083576061 0.367210865 0.926375389
vn 0.083576940 0.367213309 0.926374316
vn 0.052874979 0.216870233 0.974767506
vn 0.052875143 0.216869563 0.974767625
vn 0.014308235 0.029445261 0.999464035
vn 0.014306460 0.029438989 0.999464273
vn -0.025596818 -0.162941977 0.986303627
vn -0.025597364 -0.162942782 0.986303449
vn -0.058790471 -0.321765184 0.944992602
vn -0.058791019 -0.321768910 0.944991231
vn -0.084828995 -0.450095087 0.888942420
vn -0.084753975 -0.445152044 0.891435087
vn -0.101185046 -0.536322713 0.837925851
vn -0.101131201 -0.527202308 0.843700349
vn -0.113160335 -0.591888070 0.798037231
vn 0.702065945 0.707643151 -0.079653241
vn -0.362712592 -0.691233456 0.625008762
vn -0.367343605 0.912696064 -0.179010227
vn 0.028731426 -0.929485977 -0.367736876
vn -0.357168168 0.161574036 0.919959128
vn -0.363979697 0.163234070 0.916991472
vn -0.322962642 0.146730080 0.934968114
vn -0.325498909 0.147356600 0.933989644
vn -0.249663040 0.114584029 0.961529434
vn -0.249660477 0.114583194 0.961530209
vn -0.161753744 0.075982854 0.983901560
vn -0.161750302 0.075982921 0.983902156
vn -0.057557259 0.030170796 0.997886240
vn -0.057557348 0.030172374 0.997886181
vn 0.048710547 -0.016616486 0.998674691
vn 0.048709471 -0.016616248 0.998674810
vn 0.140684903 -0.057164978 0.988402724
vn 0.140682504 -0.057164267 0.988403082
vn 0.220040888 -0.092997193 0.971047640
vn 0.224465415 -0.094144791 0.969923735
vn 0.275143087 -0.118950397 0.954016328
vn 0.283959121 -0.121212482 0.951143920
vn 0.329420954 -0.142877281 0.933310211
vn -0.572151542 0.819283426 0.037647024
vn 0.824574232 -0.010102107 0.565663695
vn -0.942733467 -0.155201301 -0.295239151
vn 0.690995097 -0.653167903 -0.309673101
vn -0.949931860 0.026109248 0.311364323
vn 0.057882279 -0.001593650 0.998322129
vn -0.708068490 0.705961227 -0.016056884
vn 0.299738944 0.678272426 0.670897245
vn -0.262047410 0.693705380 -0.670897961
vn 0.745772719 0.666007102 0.016052896
vn -0.057878397 0.001591089 -0.998322368
vn 0.949933112 -0.026107306 -0.311360776
vn -0.299743146 -0.678268909 -0.670898914
vn 0.708064556 -0.705965221 0.016052334
vn -0.745769560 -0.666010618 -0.016051861
vn 0.262049168 -0.693701088 0.670901716
vn -0.415189505 0.009746867 0.909682751
vn -0.429594457 0.012924138 0.902929485
vn -0.371270925 0.010655347 0.928463519
vn -0.376704454 0.011830242 0.926257968
vn -0.263275295 0.008774209 0.964680791
vn -0.263281912 0.008774343 0.964679122
vn -0.124361664 0.005000559 0.992224336
vn -0.124366909 0.005000521 0.992223680
vn 0.043086115 0.000409568 0.999071300
vn 0.043085668 0.000409559 0.999071360
vn 0.211633205 -0.004257234 0.977339983
vn 0.211638317 -0.004257204 0.977338791
vn 0.351253688 -0.008159909 0.936244786
vn 0.351261944 -0.008160040 0.936241746
vn 0.462072283 -0.011284418 0.886770487
vn 0.467156559 -0.012399495 0.884087741
vn 0.537190676 -0.014399267 0.843338013
vn 0.546710134 -0.016583491 0.837157726
vn 0.600303888 -0.018000973 0.799569428
vn -0.863990545 0.433402061 0.256286919
vn 0.778787076 0.193454355 0.596712768
vn -0.800987840 -0.388296723 -0.455679715
vn 0.886189520 -0.238368541 -0.397301704
vn -0.356364578 0.264008373 0.896272182
vn -0.364866197 0.275050581 0.889505446
vn -0.323490292 0.237697899 0.915889561
vn -0.326720506 0.241839901 0.913655996
vn -0.245240688 0.170489654 0.954353333
vn -0.245241120 0.170487374 0.954353631
vn -0.145136014 0.083589323 0.985874474
vn -0.145139575 0.083589181 0.985873938
vn -0.023390248 -0.021083515 0.999504089
vn -0.023385217 -0.021087555 0.999504089
vn 0.101091988 -0.127008751 0.986736655
vn 0.101091929 -0.127010137 0.986736536
vn 0.206038564 -0.215428382 0.954535842
vn 0.206031770 -0.215426192 0.954537868
vn 0.290359765 -0.287263513 0.912782013
vn 0.295659930 -0.290245056 0.910133600
vn 0.345675081 -0.335929602 0.876162112
vn 0.355849653 -0.341509461 0.869909465
vn 0.398642510 -0.379362375 0.834966063
vn -0.311516881 0.949495673 0.037619051
vn 0.786565483 -0.247496709 0.565738559
vn -0.947408080 0.123431429 -0.295266926
vn 0.473240793 -0.824773908 -0.309501559
vn -0.441531420 -0.260982871 0.858450949
vn -0.451153666 -0.266270608 0.851798296
vn -0.414367229 -0.236339271 0.878887773
vn -0.417987019 -0.238334209 0.876631975
vn -0.347454041 -0.180401728 0.920179904
vn -0.347450048 -0.180400789 0.920181513
vn -0.262237847 -0.111734308 0.958512843
vn -0.262238324 -0.111735195 0.958512545
vn -0.158000499 -0.029441651 0.986999989
vn -0.157999068 -0.029441670 0.987000227
vn -0.049250703 0.054616764 0.997292101
vn -0.049245834 0.054617651 0.997292221
vn 0.045734897 0.126612946 0.990897298
vn 0.045736931 0.126611456 0.990897477
vn 0.127352923 0.187421650 0.973988950
vn 0.131561831 0.189575389 0.973012209
vn 0.186326057 0.229801849 0.955234885
vn 0.194657236 0.233974129 0.952556968
vn 0.239494756 0.266583413 0.933582127
vn 0.661781371 -0.131400004 0.738091767
vn -0.647820830 -0.653276086 0.391865522
vn -0.069277622 0.961018264 0.267665088
vn -0.664235532 -0.364392638 -0.652693748
vn 0.680708170 0.203318462 -0.703774154
vn -0.839205801 -0.496954054 0.220839843
vn -0.030982122 -0.018348072 0.999351501
vn -0.971323729 0.222348586 -0.084210366
vn -0.163105711 0.700954914 0.694304526
vn -0.536229134 0.480002224 -0.694302619
vn 0.271995753 0.958606839 0.084210336
vn 0.030983401 0.018347044 -0.999351501
vn 0.839203358 0.496952534 -0.220852658
vn 0.163116068 -0.700956881 -0.694300056
vn 0.971323848 -0.222347975 0.084210664
vn -0.271992981 -0.958607495 -0.084210791
vn 0.536226809 -0.480003506 0.694303632
vn -0.403980285 -0.286454052 0.868760049
vn -0.416167319 -0.290441036 0.861654699
vn -0.370146424 -0.265369684 0.890264273
vn -0.374731749 -0.266909063 0.887882710
vn -0.286288440 -0.216835126 0.933285356
vn -0.286288321 -0.216836765 0.933284998
vn -0.179049700 -0.155270040 0.971510410
vn -0.179049507 -0.155269310 0.971510589
vn -0.049166083 -0.079578698 0.995615363
vn -0.049162619 -0.079575449 0.995615780
vn 0.083538853 -0.001039367 0.996504009
vn 0.083539456 -0.001039026 0.996503949
vn 0.196243241 0.066624336 0.978289247
vn 0.196240693 0.066622570 0.978289902
vn 0.293914825 0.126025721 0.947487056
vn 0.289356261 0.124226227 0.949126303
vn 0.360717684 0.168083191 0.917404473
vn 0.351898193 0.164616942 0.921449423
vn 0.408665180 0.199666828 0.890576184
vn -0.987370193 0.045733999 -0.151686117
vn 0.471280217 0.753510296 0.458385646
vn -0.445591241 -0.893741429 -0.051718324
vn 0.962331712 0.093499161 -0.255295306
vn -0.476633400 0.113132015 0.871792376
vn -0.491737306 0.118189730 0.862685084
vn -0.431679249 0.110326327 0.895254791
vn -0.437447488 0.112242520 0.892211497
vn -0.317045122 0.097382404 0.943397701
vn -0.317037374 0.097381867 0.943400323
vn -0.162386656 0.076920852 0.983724415
vn -0.162383914 0.076921679 0.983724833
vn 0.028395252 0.049783446 0.998356283
vn 0.028386211 0.049785107 0.998356521
vn 0.221976832 0.020175327 0.974843264
vn 0.221974537 0.020175200 0.974843740
vn 0.379979372 -0.005648529 0.924977720
vn 0.379983217 -0.005649460 0.924976170
vn 0.500382602 -0.026493134 0.865398943
vn 0.505790114 -0.028609658 0.862182081
vn 0.579626679 -0.042069245 0.813795507
vn 0.589479208 -0.046142913 0.806464553
vn 0.643755734 -0.056277707 0.763158858
vn -0.709212303 0.425933272 -0.561781824
vn 0.497801155 0.338616997 0.798456371
vn 0.714635134 0.364348322 -0.597115457
vn -0.933100224 -0.186736941 0.307332486
vn 0.430597246 -0.901784182 0.037033714
vn -0.130076349 -0.416676611 0.899700284
vn -0.131278902 -0.422868252 0.896631658
vn -0.117657624 -0.384137183 0.915748537
vn -0.118109442 -0.386448979 0.914717078
vn -0.090978451 -0.314576775 0.944862127
vn -0.090977587 -0.314580560 0.944860935
vn -0.059282385 -0.231320024 0.971069932
vn -0.059280340 -0.231320098 0.971069992
vn -0.021859830 -0.132204875 0.990981340
vn -0.021857847 -0.132201403 0.990981877
vn 0.016261065 -0.030356869 0.999406874
vn 0.016262526 -0.030356219 0.999406874
vn 0.049332079 0.058714919 0.997055113
vn 0.049333952 0.058713615 0.997055173
vn 0.078270763 0.137216330 0.987443924
vn 0.080090970 0.140471280 0.986840069
vn 0.099733502 0.194143102 0.975890219
vn 0.103385806 0.200677738 0.974186718
vn 0.119768851 0.245768264 0.961901009
vn -0.205364972 -0.644045293 0.736906290
vn -0.880290210 -0.207149789 -0.426823348
vn 0.150915116 0.744596243 0.650231540
vn 0.490548521 -0.693164289 -0.528096020
vn 0.430567443 0.810911477 -0.396275759
vn -0.195870742 -0.965930104 0.169155955
vn -0.017608684 -0.086832315 0.996067345
vn -0.815060735 -0.566354990 -0.122139499
vn -0.636791587 0.312743187 0.704761147
vn -0.708316803 -0.039982844 -0.704761446
vn -0.530057371 0.839118779 0.122142859
vn 0.017605983 0.086835288 -0.996067107
vn 0.195873022 0.965927124 -0.169170246
vn 0.636791468 -0.312739521 -0.704762876
vn 0.815058589 0.566356659 0.122145772
vn 0.530059457 -0.839117885 -0.122140110
vn 0.708316028 0.039982986 0.704762280
vn -0.131105542 -0.237549856 0.962487102
vn -0.131203890 -0.244336382 0.960773289
vn -0.124560654 -0.200764731 0.971688330
vn -0.124610960 -0.203273386 0.971160173
vn -0.110107288 -0.123292513 0.986243069
vn -0.110108227 -0.123294026 0.986242831
vn -0.092492223 -0.032616697 0.995179117
vn -0.092492081 -0.032617193 0.995179057
vn -0.071079612 0.072821490 0.994808972
vn -0.071080044 0.072817825 0.994809151
vn -0.048637357 0.178364530 0.982761681
vn -0.048637457 0.178364754 0.982761621
vn -0.028632889 0.268539101 0.962843120
vn -0.028632816 0.268542022 0.962842405
vn -0.009844685 0.350056171 0.936676979
vn -0.011095495 0.347061843 0.937776685
vn 0.003425052 0.408001035 0.912975132
vn 0.000882679 0.402075052 0.915606380
vn 0.013118657 0.452034444 0.891904056
vn -0.618207097 -0.519120574 0.590198100
vn -0.557502449 0.613007247 0.559833169
vn -0.333557963 -0.396130204 -0.855464876
vn 0.111865535 0.642369211 -0.758187354
vn 0.674202442 -0.729487896 0.115319528
vn 0.848086417 0.358959913 0.389740020
vn -0.467165619 -0.366129577 0.804801524
vn -0.481350988 -0.373430640 0.793001175
vn -0.435943216 -0.335747510 0.835001290
vn -0.441414446 -0.338614345 0.830959439
vn -0.348187268 -0.259350479 0.900834680
vn -0.348186791 -0.259347647 0.900835574
vn -0.221157640 -0.152380183 0.963259876
vn -0.221158192 -0.152379155 0.963259935
vn -0.058112167 -0.016509751 0.998173594
vn -0.058113020 -0.016509825 0.998173535
vn 0.111382455 0.123206817 0.986110628
vn 0.111379802 0.123205610 0.986110985
vn 0.250252217 0.236500323 0.938851118
vn 0.250256091 0.236502439 0.938849568
vn 0.353816986 0.320206285 0.878795564
vn 0.359424800 0.323095590 0.875455916
vn 0.422320843 0.373432785 0.825949907
vn 0.432538897 0.378498793 0.818320692
vn 0.477478534 0.414500833 0.774727881
vn -0.969734669 -0.196562782 0.144836888
vn 0.713004529 -0.138992488 0.687245011
vn -0.113301426 0.944585681 0.308091819
vn -0.309416533 -0.861280262 -0.403060406
vn 0.650077999 0.264315397 -0.712415636
vn 0.240764424 -0.273459375 0.931263924
vn 0.243158281 -0.281924486 0.928112507
vn 0.225547314 -0.244266629 0.943113089
vn 0.226454824 -0.247396082 0.942079365
vn 0.192554072 -0.177693680 0.965063751
vn 0.192555159 -0.177692562 0.965063691
vn 0.153298274 -0.098656096 0.983242989
vn 0.153297320 -0.098655492 0.983243167
vn 0.106227592 -0.006019893 0.994323611
vn 0.106226467 -0.006019995 0.994323730
vn 0.057439391 0.087739505 0.994486034
vn 0.057440180 0.087739855 0.994485974
vn 0.014364371 0.168713510 0.985560477
vn 0.014364605 0.168717608 0.985559762
vn -0.023323918 0.239575431 0.970597565
vn -0.025874376 0.242867023 0.969714403
vn -0.049447406 0.289695770 0.955840647
vn -0.054622192 0.296256900 0.953545094
vn -0.076511584 0.338022023 0.938022971
vn -0.411279887 -0.890565336 0.194274113
vn -0.465476453 0.249710366 0.849103332
vn 0.286374390 -0.337641239 -0.896653831
vn -0.753966451 0.346624136 -0.558019936
vn 0.862913787 -0.263904870 0.430968732
vn 0.451195478 0.889369845 -0.073783331
vn -0.470748067 0.535815716 0.700926423
vn 0.326805413 -0.371976107 0.868810654
vn 0.080785669 0.947787821 0.308499455
vn 0.878333688 0.039991289 0.476372421
vn 0.152750298 0.865874410 -0.476370603
vn 0.950300395 -0.041922111 -0.308499068
vn -0.326800585 0.371979952 -0.868810892
vn 0.470742732 -0.535820007 -0.700926661
vn -0.878331602 -0.039989248 -0.476376355
vn -0.080789328 -0.947789192 -0.308494359
vn -0.950302422 0.041918814 0.308493316
vn -0.152750045 -0.865871489 0.476375759
vn 0.005331653 0.009707376 0.999938667
vn -0.512342155 -0.326187104 0.794422865
vn -0.076546349 -0.591421187 0.802721441
vn 0.455463320 -0.371454567 0.809057891
vn 0.660008788 0.137782022 0.738515139
vn 0.254852116 0.523681700 0.812900901
vn -0.247544065 0.626874685 0.738749027
vn -0.538031578 0.215446681 0.814926207
vn -0.745478630 0.022393340 0.666153312
vn 0.268282235 -0.676393509 0.685942054
vn 0.559433460 -0.489396930 0.668972969
vn 0.017415639 0.749277949 0.662026644
vn -0.620747030 0.409912229 0.668315172
vn -0.584686339 -0.448550075 0.675976872
vn -0.191991329 -0.697774589 0.690108716
vn 0.734296679 -0.142938405 0.663609028
vn 0.653884292 0.362413973 0.664147198
vn 0.420235693 0.616780400 0.665570378
vn -0.492365599 0.684196532 0.538006663
vn -0.834194303 -0.110810511 0.540223062
vn -0.672497213 -0.518055677 0.528550804
vn -0.340109468 -0.773632944 0.534619093
vn 0.100345224 -0.850132883 0.516918719
vn 0.383339554 -0.760771215 0.523715734
vn 0.655764580 -0.520039558 0.547294974
vn 0.830119610 -0.106604770 0.547299683
vn 0.807506621 0.244155422 0.536955655
vn 0.670693755 0.522918999 0.526047170
vn 0.318844289 0.783898115 0.532768250
vn -0.127686620 0.831593812 0.540507078
vn -0.775276244 0.321591258 0.543622851
vn 0.001366911 -0.938655734 0.344852895
vn 0.851151526 -0.409542263 0.328353882
vn 0.938835740 -0.105423599 0.327831268
vn 0.660712481 0.671171784 0.336136222
vn 0.350259990 0.876137316 0.331211954
vn -0.573373318 0.743123531 0.344979078
vn -0.928760171 -0.125029922 0.348958552
vn -0.735858023 -0.581109166 0.347599030
vn -0.369710118 -0.864046097 0.341670811
vn 0.347063988 -0.872133136 0.344862908
vn 0.655631483 -0.675028384 0.338355035
vn 0.869763613 0.340926230 0.356764138
vn -0.129679993 0.926678658 0.352774411
vn -0.870401382 0.351532876 0.344711572
vn -0.880755961 -0.472194999 0.036066104
vn -0.004034560 -0.993354142 0.115027197
vn 0.856512547 0.506408930 0.099681042
vn 0.011349990 0.998268127 0.057723034
vn -0.854743779 0.513265491 0.077276312
vn -0.986089230 -0.123748161 0.110971116
vn -0.700904489 -0.711113572 0.055230439
vn -0.513912022 -0.857393265 0.027772168
vn -0.240005404 -0.969389319 0.051787451
vn 0.234250844 -0.972096324 0.012463583
vn 0.516683817 -0.854204357 0.058075655
vn 0.815575600 -0.574724853 0.067288950
vn 0.984385133 -0.142017931 0.104004242
vn 0.968785882 0.247201681 0.018582096
vn 0.709849417 0.701949716 0.058140781
vn 0.506174803 0.861986399 0.027689174
vn 0.236831695 0.971210897 0.025696693
vn -0.271061867 0.960377097 0.064817503
vn -0.481317520 0.875879347 0.034188204
vn -0.722411394 0.691239357 0.017607696
vn -0.969608843 0.240061298 0.047214471
vn -0.953098059 0.015134936 -0.302283168
vn -0.902307868 -0.288660675 -0.320180595
vn 0.005571597 -0.945733130 -0.324896514
vn 0.673546135 -0.674404442 -0.302513182
vn 0.911603570 -0.260146141 -0.318281144
vn 0.945373237 -0.008662198 -0.325874835
vn 0.818854094 0.479823649 -0.315035403
vn -0.715296507 -0.590487778 -0.373731315
vn -0.348593682 -0.864916325 -0.361112446
vn 0.380304456 -0.850489914 -0.363366753
vn 0.804295540 -0.470657945 -0.362753034
vn 0.653919280 0.659535110 -0.370679080
vn -0.116651662 0.926738262 -0.357139617
vn -0.856775403 0.362215579 -0.367063761
vn 0.897557378 0.238090008 -0.371084839
vn 0.335372537 0.871132612 -0.358682692
vn -0.559690177 0.746050000 -0.360771835
vn -0.552466989 -0.073944934 -0.830248415
vn -0.300450951 -0.458843380 -0.836176991
vn 0.046003632 -0.538564503 -0.841327608
vn 0.334191203 -0.424395293 -0.841549158
vn 0.506313741 -0.184432670 -0.842395961
vn 0.523519039 0.164428651 -0.835997045
vn 0.258685142 0.484937042 -0.835414886
vn -0.079277381 0.539895654 -0.837990403
vn -0.408683509 0.366777450 -0.835734487
vn 0.000054753 -0.000003119 -1.000000000
vn -0.453466535 0.112334371 0.884165764
vn 0.197672471 0.483285934 -0.852854192
vn 0.197674423 0.483285874 0.852853775
vn 0.684754252 -0.118902668 0.719008863
vn 0.967816710 0.251656115 0.000000311
vn 0.684754014 -0.118902646 -0.719009101
vn 0.867157042 -0.498034924 0.000000231
vn -0.211476296 -0.977383196 0.000000513
vn -0.254002780 -0.460241646 0.850682199
vn -0.254002512 -0.460242748 -0.850681663
vn -0.999658406 -0.026135517 0.000000465
vn -0.209592193 0.977788925 0.000000537
vn -0.453467429 0.112334169 -0.884165347
vn 0.181559324 0.388746083 0.903278828
vn -0.380027801 0.404070288 0.832049310
vn -0.303089708 0.493249416 -0.815378249
vn -0.883468211 0.467958868 -0.022326147
vn 0.588067293 0.808811963 -0.000305902
vn 0.204398736 0.284880579 -0.936517060
vn 0.394218117 -0.406814575 -0.824071586
vn 0.386368781 -0.400777608 0.830720425
vn 0.876088262 -0.482150823 -0.000001404
vn -0.615957677 -0.787322581 -0.026822543
vn -0.290035218 -0.591569483 0.752279937
vn -0.329096168 -0.595315039 -0.733004630
vn 0.337548196 -0.125943691 0.932844818
vn -0.029696319 -0.458188742 0.888358772
vn 0.030068403 -0.496491373 -0.867520750
vn -0.726140797 -0.687448204 0.011598687
vn -0.680739641 0.319673002 -0.659092307
vn -0.765765727 0.469534248 0.439477503
vn 0.066237792 0.536592305 0.841237903
vn -0.277741879 0.371100098 -0.886083603
vn 0.366725117 0.930239975 0.012891171
vn 0.435140789 0.212370992 -0.874957740
vn 0.980497897 -0.190979362 0.046376683
vn 0.651125550 -0.758815944 -0.015295117
vn -0.272357404 -0.371319920 0.887661576
vn 0.458673060 -0.258356303 0.850218236
vn 0.458673358 -0.258358866 -0.850217283
vn 0.385540575 -0.922690868 0.000002574
vn -0.272356957 -0.371321291 -0.887661099
vn -0.636093676 -0.269210607 0.723125577
vn -0.636089981 -0.269207239 -0.723130047
vn -0.968184352 -0.250237972 -0.000000771
vn 0.048501514 0.576994240 0.815306902
vn 0.048502073 0.576997101 -0.815304816
vn -0.455426604 0.890273333 0.000003746
vn 0.915335357 0.402692556 -0.000000210
vn -0.002086526 0.350613058 0.936518133
vn 0.992172420 0.124875687 0.000000327
vn 0.558048785 -0.097410105 0.824070930
vn 0.544954419 -0.103529409 -0.832049489
vn -0.028389599 -0.999594033 0.002423290
vn 0.083673373 -0.675056875 0.733005404
vn 0.081615306 -0.421221137 -0.903278410
vn -0.989800930 -0.140698552 0.022319887
vn -0.548152030 0.097137518 -0.830718875
vn -0.535132825 0.220899805 0.815374851
vn 0.008002331 0.999666572 0.024551868
vn -0.113071002 0.649069667 -0.752278805
vn -0.351655602 -0.246885583 0.902987182
vn 0.915670812 -0.135446966 0.378419399
vn 0.829147816 -0.254937530 -0.497514546
vn -0.001824199 -0.994796336 0.101866901
vn 0.378024876 0.265537173 -0.886897504
vn -0.584735155 -0.410736740 -0.699557066
vn 0.007154019 0.913371503 -0.407064348
vn 0.336005539 0.732989609 0.591461420
vn -0.936339438 0.335971832 0.101938650
vn -0.002018926 -0.000665215 0.999997735
vn -0.471925408 -0.367623717 0.801335931
vn 0.077018239 -0.593732655 0.800968051
vn 0.552762032 -0.234728500 0.799597859
vn 0.520580292 0.312642992 0.794512749
vn 0.060170688 0.591515601 0.804045260
vn -0.503546059 0.281879276 0.816691816
vn -0.587973654 -0.438083202 0.679978073
vn -0.272121280 -0.680124879 0.680720329
vn 0.085836805 -0.734019756 0.673681736
vn 0.443041623 -0.579214215 0.684269726
vn 0.689656794 -0.273399502 0.670541704
vn 0.728329599 0.113111407 0.675826728
vn 0.536811948 0.501372933 0.678570628
vn 0.141621605 0.724995255 0.674036562
vn -0.332634896 0.651855469 0.681497276
vn -0.689296663 0.313253015 0.653255463
vn -0.736803293 -0.036209427 0.675136864
vn 0.101803340 0.839244008 0.534139991
vn -0.822502673 0.139698952 0.551338017
vn -0.787328660 -0.310155451 0.532838762
vn -0.515685558 -0.670061529 0.533934414
vn -0.107116699 -0.840198457 0.531594455
vn 0.320602775 -0.781229496 0.535625219
vn 0.675458193 -0.510218620 0.532384515
vn 0.842694521 -0.103781305 0.528294981
vn 0.785710931 0.320125520 0.529318452
vn 0.512873650 0.677605867 0.527077675
vn -0.309769124 0.788266242 0.531676114
vn -0.673480868 0.513917983 0.531330347
vn -0.913736939 -0.218413845 0.342607856
vn -0.736945271 -0.591818452 0.326592505
vn 0.129629001 -0.935873151 0.327624679
vn 0.563858807 -0.759658635 0.324009299
vn 0.820386291 -0.467541754 0.329197615
vn 0.932385325 -0.114930063 0.342707813
vn 0.125648052 0.930373013 0.344410747
vn -0.744376600 0.575111985 0.339337051
vn -0.927168429 0.149111256 0.343692452
vn -0.363225460 -0.873666763 0.323687673
vn 0.863399327 0.364573658 0.348751634
vn 0.562992096 0.752317429 0.342138261
vn -0.337757409 0.871897042 0.354563713
vn -0.867827475 -0.492394805 0.066504166
vn -0.014583036 -0.997643828 0.067039572
vn -0.506307364 0.855334461 0.109798968
vn -0.964252770 0.259782583 0.052247375
vn -0.995324731 -0.012983959 0.095708549
vn -0.967598677 -0.251770824 0.019084619
vn -0.707532287 -0.705834746 0.034573842
vn -0.491416276 -0.870800734 0.014703876
vn -0.243853003 -0.961640537 0.125631467
vn 0.265199244 -0.963501453 0.036529057
vn 0.506867230 -0.861537814 0.028950976
vn 0.726454556 -0.685102046 0.053842023
vn 0.932428777 -0.355825156 0.062968232
vn 0.990909934 0.104916357 0.084202260
vn 0.878202021 0.477649450 0.024742812
vn 0.718950689 0.692192554 0.063082933
vn 0.508053303 0.861135244 0.018107632
vn 0.268471718 0.961685896 0.055527642
vn -0.002178468 0.999592662 0.028456647
vn -0.260912895 0.963583350 0.058579709
vn -0.689019203 0.724500120 0.018767038
vn -0.871364892 0.486993074 0.059674900
vn -0.945163071 -0.027139831 -0.325469106
vn -0.248302594 -0.920365989 -0.302113086
vn 0.822650671 -0.478118211 -0.307650536
vn 0.948663533 -0.019750943 -0.315669954
vn 0.904710770 0.271397620 -0.328392625
vn -0.483554125 0.818098247 -0.311272681
vn -0.849049330 -0.373580068 -0.373567998
vn 0.043157209 -0.930541575 -0.363634288
vn 0.638411522 -0.681765437 -0.357248694
vn 0.906038702 -0.216271803 -0.363758802
vn 0.728222489 0.581727207 -0.362333417
vn 0.316949457 0.871799231 -0.373509437
vn -0.740578473 0.554710150 -0.379262686
vn -0.904321790 0.262571752 -0.336538494
vn -0.577968657 -0.727879524 -0.368976504
vn 0.340741783 -0.865894496 -0.366226584
vn -0.089621902 0.931120753 -0.353528261
vn -0.535152733 0.142537817 -0.832643092
vn -0.479523420 -0.269158870 -0.835231006
vn -0.141366109 -0.537144303 -0.831559777
vn 0.211326391 -0.502422154 -0.838399231
vn 0.487620175 -0.254893184 -0.835018575
vn 0.539882243 0.087014839 -0.837230921
vn 0.328214943 0.453696251 -0.828513443
vn -0.190398157 0.529433787 -0.826709509
vn -0.000194361 -0.000049180 -1.000000000
vn -0.375640571 -0.109138831 0.920316696
vn 0.161140680 0.986375630 -0.033120438
vn 0.722707272 0.160664290 0.672221065
vn 0.996940672 -0.043118559 -0.065193228
vn 0.327921450 0.432571769 -0.839850724
vn 0.211639971 -0.977347732 -0.000000560
vn 0.252519339 -0.471943796 0.844691098
vn 0.254574627 -0.465387821 -0.847706258
vn -0.885324121 -0.464974403 -0.000000380
vn -0.363498211 -0.110956252 -0.924963653
vn -0.304810166 0.395706266 0.866318166
vn -0.950001240 0.308757484 -0.046545047
vn -0.670827270 0.155069828 -0.725220084
vn 0.033847582 0.466817528 0.883705795
vn -0.858796179 0.511092246 -0.035412334
vn -0.280944496 0.465734959 -0.839143157
vn 0.325116843 0.945671976 -0.001892417
vn 0.992019057 -0.124484695 0.020047773
vn 0.254793614 0.329536498 -0.909112692
vn 0.530405879 0.057463441 0.845794141
vn -0.018946286 -0.999792576 -0.007482815
vn 0.397050709 -0.354315102 -0.846647263
vn -0.113400072 -0.647063136 0.753956139
vn -0.467120767 -0.071414851 0.881304801
vn -0.704802930 -0.705911815 -0.070294879
vn -0.344631940 -0.621748507 -0.703319013
vn 0.409654438 -0.190225601 0.892186999
vn -0.102725796 -0.508842111 0.854708791
vn -0.738142729 -0.674564183 -0.010413661
vn -0.112961873 -0.520025611 -0.846648097
vn -0.662418962 0.292735845 0.689570010
vn -0.399827331 0.116836034 -0.909113526
vn -0.793273687 0.608680427 -0.015001943
vn 0.417467713 0.908421516 -0.022160603
vn 0.072301313 0.519018829 0.851699471
vn -0.046464812 0.541921914 -0.839143395
vn 0.994294345 -0.104038492 -0.023552388
vn 0.636342347 -0.771403074 -0.002390429
vn 0.644266844 -0.300438225 -0.703318655
vn 0.348415494 0.399820209 0.847791553
vn 0.452193707 -0.254937887 0.854709029
vn -0.047124926 -0.575618029 -0.816359699
vn -0.538151383 -0.573112547 0.618009090
vn 0.428661585 -0.901388943 -0.061216045
vn -0.939566851 -0.341965497 -0.016549071
vn -0.332980573 -0.110867485 -0.936393261
vn -0.443869352 0.272261381 0.853729308
vn -0.405841738 0.913509727 -0.028150130
vn -0.077578120 0.559063792 -0.825487316
vn 0.947514474 0.319021106 -0.021024713
vn 0.614045918 0.288016468 -0.734842896
vn 0.033848841 -0.466817349 0.883705676
vn 0.530408502 -0.057463232 0.845792413
vn 0.282146782 0.412173033 -0.866317868
vn 0.990426004 0.137583792 0.011269975
vn 0.376130193 -0.637689531 -0.672218919
vn 0.293165326 -0.955971718 0.013126910
vn -0.370811611 -0.386001408 -0.844690263
vn -0.851973295 -0.523408771 -0.013593053
vn -0.467122287 0.071410351 0.881304443
vn -0.681320369 0.730499506 -0.046616383
vn -0.219876677 0.323531091 -0.920316279
vn -0.022959895 0.999495208 0.021957165
vn -0.113401867 0.647064626 0.753954530
usemtl field_material_05
f 2//2 1//1 7//7
f 5//5 9//9 10//10
f 2//2 8//8 3//3
f 6//6 5//5 10//10
f 3//3 9//9 4//4
f 6//6 10//10 14//14
f 8//8 13//13 9//9
f 7//7 1//1 11//11
f 9//9 14//14 10//10
f 7//7 12//12 8//8
f 6//6 14//14 18//18
f 12//12 17//17 13//13
f 11//11 1//1 15//15
f 14//14 17//17 18//18
f 11//11 16//16 12//12
f 6//6 18//18 22//22
f 16//16 21//21 17//17
f 15//15 1//1 19//19
f 17//17 22//22 18//18
f 15//15 20//20 16//16
f 6//6 22//22 26//26
f 20//20 25//25 21//21
f 19//19 1//1 23//23
f 22//22 25//25 26//26
f 19//19 24//24 20//20
f 6//6 26//26 30//30
f 24//24 29//29 25//25
f 23//23 1//1 27//27
f 25//25 30//30 26//26
f 23//23 28//28 24//24
f 6//6 30//30 34//34
f 28//28 33//33 29//29
f 27//27 1//1 31//31
f 30//30 33//33 34//34
f 27//27 32//32 28//28
f 6//6 34//34 5//5
f 32//32 4//4 33//33
f 31//31 1//1 2//2
f 33//33 5//5 34//34
f 31//31 3//3 32//32
f 36//36 37//37 35//35
f 38//38 39//39 37//37
f 39//39 42//42 41//41
f 42//42 43//43 41//41
f 44//44 42//42 40//40
f 43//43 46//46 45//45
f 46//46 35//35 45//45
f 41//41 43//43 45//45
usemtl field_material_17
f 48//48 49//49 47//47
f 50//50 51//51 49//49
f 51//51 54//54 53//53
f 54//54 55//55 53//53
f 56//56 57//57 55//55
f 58//58 59//59 57//57
f 60//60 61//61 59//59
f 62//62 63//63 61//61
usemtl field_material_05
f 68//68 67//67 69//69
f 66//66 69//69 67//67
usemtl field_material_17
f 71//71 72//72 70//70
f 72//72 75//75 74//74
f 74//74 77//77 76//76
f 77//77 78//78 76//76
f 79//79 80//80 78//78
f 81//81 82//82 80//80
f 83//83 84//84 82//82
f 85//85 86//86 84//84
f 86//86 87//87 88//88
usemtl field_material_05
f 89//89 92//92 91//91
f 92//92 93//93 91//91
f 93//93 90//90 89//89
usemtl field_material_17
f 95//95 96//96 94//94
f 96//96 99//99 98//98
f 99//99 100//100 98//98
f 100//100 103//103 102//102
f 103//103 104//104 102//102
f 104//104 107//107 106//106
f 107//107 108//108 106//106
f 109//109 110//110 108//108
f 110//110 111//111 112//112
usemtl field_material_05
f 115//115 114//114 117//117
f 113//113 116//116 115//115
f 116//116 117//117 114//114
f 118//118 121//121 120//120
f 121//121 122//122 120//120
f 123//123 124//124 122//122
f 124//124 127//127 126//126
f 125//125 123//123 119//119
f 126//126 129//129 128//128
f 129//129 118//118 128//128
f 124//124 126//126 128//128
usemtl field_material_07
f 130//130 133//133 132//132
f 133//133 134//134 132//132
f 135//135 136//136 134//134
f 136//136 139//139 138//138
f 138//138 141//141 140//140
f 141//141 142//142 140//140
f 143//143 144//144 142//142
f 144//144 147//147 146//146
f 146//146 147//147 148//148
usemtl field_material_05
f 150//150 149//149 151//151
f 152//152 151//151 149//149
usemtl field_material_07
f 154//154 155//155 153//153
f 156//156 157//157 155//155
f 158//158 159//159 157//157
f 160//160 161//161 159//159
f 161//161 164//164 163//163
f 164//164 165//165 163//163
f 166//166 167//167 165//165
f 168//168 169//169 167//167
f 169//169 170//170 171//171
usemtl field_material_05
f 173//173 174//174 172//172
f 174//174 176//176 175//175
f 173//173 172//172 175//175
f 172//172 174//174 175//175
usemtl field_material_07
f 178//178 179//179 177//177
f 180//180 181//181 179//179
f 182//182 183//183 181//181
f 183//183 186//186 185//185
f 185//185 188//188 187//187
f 187//187 190//190 189//189
f 189//189 192//192 191//191
f 191//191 194//194 193//193
usemtl field_material_05
f 199//199 198//198 196//196
f 201//201 200//200 198//198
f 200//200 197//197 196//196
f 202//202 205//205 204//204
f 204//204 207//207 206//206
f 206//206 209//209 208//208
f 208//208 211//211 210//210
f 211//211 209//209 207//207
f 210//210 213//213 212//212
f 212//212 203//203 202//202
f 210//210 212//212 204//204
usemtl field_material_17
f 215//215 216//216 214//214
f 217//217 218//218 216//216
f 219//219 220//220 218//218
f 221//221 222//222 220//220
f 222//222 225//225 224//224
f 225//225 226//226 224//224
f 227//227 228//228 226//226
f 229//229 230//230 228//228
usemtl field_material_05
f 234//234 235//235 233//233
f 235//235 237//237 236//236
f 238//238 233//233 236//236
usemtl field_material_17
f 240//240 241//241 239//239
f 241//241 244//244 243//243
f 244//244 245//245 243//243
f 246//246 247//247 245//245
f 248//248 249//249 247//247
f 250//250 251//251 249//249
f 252//252 253//253 251//251
f 254//254 255//255 253//253
usemtl field_material_05
f 258//258 259//259 260//260
f 262//262 261//261 260//260
f 261//261 259//259 258//258
usemtl field_material_17
f 264//264 265//265 263//263
f 266//266 267//267 265//265
f 267//267 270//270 269//269
f 270//270 271//271 269//269
f 271//271 274//274 273//273
f 274//274 275//275 273//273
f 276//276 277//277 275//275
f 277//277 280//280 279//279
usemtl field_material_05
f 283//283 282//282 284//284
f 285//285 284//284 282//282
f 287//287 288//288 286//286
f 289//289 290//290 288//288
f 290//290 293//293 292//292
f 293//293 294//294 292//292
f 287//287 295//295 291//291
f 295//295 296//296 294//294
f 297//297 286//286 296//296
f 292//292 294//294 296//296
usemtl field_material_17
f 299//299 300//300 298//298
f 301//301 302//302 300//300
f 303//303 304//304 302//302
f 304//304 307//307 306//306
f 307//307 308//308 306//306
f 308//308 311//311 310//310
f 311//311 312//312 310//310
f 312//312 315//315 314//314
usemtl field_material_05
f 318//318 319//319 321//321
f 319//319 317//317 321//321
usemtl field_material_17
f 322//322 325//325 324//324
f 325//325 326//326 324//324
f 327//327 328//328 326//326
f 328//328 331//331 330//330
f 330//330 333//333 332//332
f 332//332 335//335 334//334
f 335//335 336//336 334//334
f 337//337 338//338 336//336
usemtl field_material_05
f 344//344 343//343 342//342
f 342//342 345//345 344//344
usemtl field_material_17
f 347//347 348//348 346//346
f 348//348 351//351 350//350
f 350//350 353//353 352//352
f 353//353 354//354 352//352
f 354//354 357//357 356//356
f 356//356 359//359 358//358
f 358//358 361//361 360//360
f 361//361 362//362 360//360
f 362//362 363//363 364//364
usemtl field_material_05
f 367//367 366//366 368//368
f 365//365 368//368 366//366
f 369//369 372//372 371//371
f 371//371 374//374 373//373
f 373//373 376//376 375//375
f 376//376 377//377 375//375
f 378//378 376//376 374//374
f 378//378 379//379 377//377
f 380//380 369//369 379//379
f 375//375 377//377 379//379
usemtl field_material_23
f 381//381 384//384 383//383
f 383//383 386//386 385//385
f 386//386 387//387 385//385
f 388//388 389//389 387//387
f 390//390 391//391 389//389
f 392//392 393//393 391//391
f 394//394 395//395 393//393
f 395//395 398//398 397//397
usemtl field_material_05
f 404//404 402//402 400//400
f 402//402 404//404 403//403
f 401//401 400//400 403//403
f 400//400 402//402 403//403
usemtl field_material_23
f 406//406 407//407 405//405
f 408//408 409//409 407//407
f 410//410 411//411 409//409
f 411//411 414//414 413//413
f 413//413 416//416 415//415
f 416//416 417//417 415//415
f 417//417 420//420 419//419
f 419//419 422//422 421//421
f 421//421 422//422 423//423
usemtl field_material_05
f 424//424 427//427 426//426
f 426//426 425//425 424//424
usemtl field_material_23
f 428//428 431//431 430//430
f 430//430 433//433 432//432
f 432//432 435//435 434//434
f 435//435 436//436 434//434
f 437//437 438//438 436//436
f 438//438 441//441 440//440
f 441//441 442//442 440//440
f 442//442 445//445 444//444
usemtl field_material_05
f 450//450 449//449 447//447
f 449//449 448//448 447//447
f 451//451 454//454 453//453
f 454//454 455//455 453//453
f 456//456 457//457 455//455
f 457//457 460//460 459//459
f 460//460 458//458 456//456
f 460//460 461//461 459//459
f 461//461 452//452 451//451
f 459//459 461//461 453//453
usemtl field_material_17
f 464//464 465//465 463//463
f 466//466 467//467 465//465
f 467//467 470//470 469//469
f 469//469 472//472 471//471
f 472//472 473//473 471//471
f 474//474 475//475 473//473
f 475//475 478//478 477//477
f 478//478 479//479 477//477
usemtl field_material_05
f 482//482 485//485 484//484
f 484//484 483//483 482//482
usemtl field_material_17
f 487//487 488//488 486//486
f 488//488 491//491 490//490
f 490//490 493//493 492//492
f 492//492 495//495 494//494
f 494//494 497//497 496//496
f 496//496 499//499 498//498
f 499//499 500//500 498//498
f 500//500 503//503 502//502
usemtl field_material_05
f 508//508 507//507 505//505
f 507//507 506//506 505//505
usemtl field_material_17
f 510//510 511//511 509//509
f 511//511 514//514 513//513
f 513//513 516//516 515//515
f 516//516 517//517 515//515
f 517//517 520//520 519//519
f 520//520 521//521 519//519
f 522//522 523//523 521//521
f 524//524 525//525 523//523
usemtl field_material_05
f 530//530 531//531 529//529
f 532//532 529//529 531//531
f 533//533 536//536 535//535
f 536//536 537//537 535//535
f 537//537 540//540 539//539
f 540//540 541//541 539//539
f 540//540 538//538 534//534
f 541//541 544//544 543//543
f 544//544 533//533 543//543
f 541//541 543//543 535//535
usemtl field_material_07
f 546//546 547//547 545//545
f 548//548 549//549 547//547
f 550//550 551//551 549//549
f 551//551 554//554 553//553
f 553//553 556//556 555//555
f 556//556 557//557 555//555
f 558//558 559//559 557//557
f 560//560 561//561 559//559
f 561//561 562//562 563//563
usemtl field_material_05
f 565//565 564//564 566//566
f 567//567 566//566 564//564
usemtl field_material_07
f 569//569 570//570 568//568
f 570//570 573//573 572//572
f 573//573 574//574 572//572
f 575//575 576//576 574//574
f 577//577 578//578 576//576
f 579//579 580//580 578//578
f 580//580 583//583 582//582
f 583//583 584//584 582//582
usemtl field_material_05
f 590//590 588//588 587//587
f 591//591 590//590 587//587
usemtl field_material_07
f 592//592 595//595 594//594
f 595//595 596//596 594//594
f 596//596 599//599 598//598
f 598//598 601//601 600//600
f 600//600 603//603 602//602
f 603//603 604//604 602//602
f 605//605 606//606 604//604
f 607//607 608//608 606//606
usemtl field_material_05
f 611//611 613//613 612//612
f 615//615 614//614 612//612
f 613//613 611//611 614//614
f 617//617 618//618 616//616
f 618//618 621//621 620//620
f 621//621 622//622 620//620
f 623//623 624//624 622//622
f 623//623 621//621 617//617
f 625//625 626//626 624//624
f 626//626 617//617 616//616
f 618//618 622//622 626//626
usemtl field_material_17
f 628//628 631//631 630//630
f 631//631 632//632 630//630
f 633//633 634//634 632//632
f 635//635 636//636 634//634
f 637//637 638//638 636//636
f 639//639 640//640 638//638
f 640//640 643//643 642//642
f 643//643 644//644 642//642
f 644//644 645//645 646//646
usemtl field_material_05
f 648//648 649//649 647//647
f 648//648 652//652 650//650
f 650//650 651//651 649//649
f 652//652 647//647 651//651
usemtl field_material_17
f 654//654 655//655 653//653
f 655//655 658//658 657//657
f 657//657 660//660 659//659
f 660//660 661//661 659//659
f 661//661 664//664 663//663
f 663//663 666//666 665//665
f 665//665 668//668 667//667
f 668//668 669//669 667//667
usemtl field_material_05
f 676//676 675//675 672//672
f 673//673 672//672 675//675
usemtl field_material_17
f 678//678 679//679 677//677
f 679//679 682//682 681//681
f 682//682 683//683 681//681
f 683//683 686//686 685//685
f 686//686 687//687 685//685
f 687//687 690//690 689//689
f 689//689 692//692 691//691
f 691//691 694//694 693//693
usemtl field_material_05
f 697//697 696//696 700//700
f 696//696 699//699 698//698
f 697//697 701//701 699//699
f 701//701 700//700 698//698
f 696//696 698//698 700//700
f 703//703 704//704 702//702
f 705//705 706//706 704//704
f 707//707 708//708 706//706
f 709//709 710//710 708//708
f 703//703 711//711 707//707
f 711//711 712//712 710//710
f 713//713 702//702 712//712
f 704//704 708//708 712//712
usemtl field_material_03
f 714//714 721//721 715//715
f 714//714 715//715 716//716
f 714//714 716//716 717//717
f 714//714 717//717 718//718
f 714//714 718//718 719//719
f 714//714 719//719 720//720
f 714//714 720//720 721//721
f 721//721 722//722 715//715
f 715//715 728//728 716//716
f 723//723 717//717 716//716
f 729//729 718//718 717//717
f 730//730 719//719 718//718
f 725//725 720//720 719//719
f 720//720 726//726 721//721
f 732//732 726//726 720//720
f 733//733 727//727 722//722
f 735//735 728//728 727//727
f 736//736 723//723 728//728
f 723//723 737//737 724//724
f 738//738 729//729 724//724
f 729//729 740//740 730//730
f 730//730 742//742 731//731
f 742//742 725//725 731//731
f 743//743 732//732 725//725
f 732//732 744//744 726//726
f 726//726 733//733 722//722
f 735//735 745//745 736//736
f 746//746 739//739 738//738
f 747//747 740//740 739//739
f 748//748 742//742 741//741
f 750//750 744//744 732//732
f 751//751 734//734 733//733
f 752//752 753//753 734//734
f 753//753 745//745 735//735
f 737//737 755//755 738//738
f 755//755 746//746 738//738
f 747//747 756//756 740//740
f 756//756 748//748 740//740
f 749//749 757//757 743//743
f 757//757 750//750 743//743
f 758//758 751//751 744//744
f 764//764 759//759 751//751
f 759//759 765//765 752//752
f 752//752 766//766 753//753
f 767//767 760//760 753//753
f 760//760 768//768 754//754
f 769//769 755//755 754//754
f 770//770 746//746 755//755
f 770//770 747//747 746//746
f 771//771 756//756 747//747
f 772//772 761//761 756//756
f 773//773 749//749 748//748
f 775//775 762//762 749//749
f 762//762 776//776 757//757
f 757//757 777//777 750//750
f 778//778 763//763 750//750
f 763//763 779//779 758//758
f 758//758 764//764 751//751
f 787//787 766//766 765//765
f 788//788 782//782 767//767
f 789//789 783//783 769//769
f 790//790 784//784 770//770
f 791//791 774//774 773//773
f 762//762 792//792 776//776
f 792//792 777//777 776//776
f 778//778 793//793 763//763
f 793//793 779//779 763//763
f 793//793 780//780 779//779
f 787//787 788//788 766//766
f 794//794 786//786 772//772
f 791//791 795//795 774//774
f 774//774 795//795 775//775
f 795//795 792//792 775//775
f 792//792 796//796 777//777
f 796//796 778//778 777//777
f 796//796 793//793 778//778
f 780//780 797//797 781//781
f 781//781 797//797 787//787
f 798//798 788//788 787//787
f 788//788 799//799 782//782
f 782//782 799//799 789//789
f 789//789 800//800 783//783
f 800//800 790//790 783//783
f 801//801 784//784 790//790
f 801//801 785//785 784//784
f 802//802 794//794 785//785
f 794//794 802//802 786//786
f 802//802 791//791 786//786
f 803//803 795//795 791//791
f 803//803 792//792 795//795
f 804//804 796//796 792//792
f 796//796 805//805 793//793
f 793//793 797//797 780//780
f 797//797 806//806 798//798
f 798//798 806//806 799//799
f 799//799 806//806 800//800
f 800//800 806//806 801//801
f 801//801 806//806 802//802
f 802//802 806//806 803//803
f 803//803 806//806 804//804
f 804//804 806//806 805//805
f 805//805 806//806 797//797
usemtl field_material_05
f 809//809 811//811 818//818
f 819//819 808//808 812//812
f 808//808 811//811 812//812
f 809//809 807//807 810//810
f 811//811 810//810 813//813
f 810//810 807//807 815//815
f 819//819 812//812 816//816
f 813//813 815//815 814//814
f 813//813 816//816 812//812
f 816//816 817//817 819//819
f 815//815 817//817 814//814
f 817//817 807//807 818//818
f 818//818 808//808 819//819
f 821//821 824//824 823//823
f 824//824 825//825 822//822
f 824//824 827//827 828//828
f 824//824 826//826 825//825
f 826//826 829//829 831//831
f 827//827 820//820 830//830
f 825//825 826//826 831//831
f 827//827 829//829 828//828
f 829//829 822//822 831//831
f 830//830 820//820 821//821
f 825//825 831//831 822//822
f 829//829 821//821 823//823
f 839//839 834//834 836//836
f 834//834 835//835 836//836
f 833//833 832//832 837//837
f 837//837 838//838 840//840
f 837//837 839//839 836//836
f 837//837 832//832 838//838
f 840//840 841//841 839//839
f 838//838 842//842 840//840
f 839//839 841//841 834//834
f 832//832 843//843 842//842
f 841//841 843//843 834//834
f 843//843 833//833 835//835
f 846//846 847//847 848//848
f 844//844 851//851 847//847
f 848//848 851//851 850//850
f 848//848 850//850 853//853
f 851//851 852//852 854//854
f 851//851 853//853 850//850
f 849//849 844//844 852//852
f 852//852 855//855 854//854
f 852//852 844//844 845//845
f 848//848 853//853 846//846
f 855//855 846//846 853//853
f 855//855 845//845 847//847
f 858//858 856//856 861//861
f 858//858 860//860 857//857
f 859//859 860//860 862//862
f 860//860 864//864 862//862
f 861//861 856//856 865//865
f 860//860 865//865 863//863
f 864//864 866//866 867//867
f 862//862 864//864 867//867
f 865//865 866//866 863//863
f 866//866 858//858 857//857
f 866//866 859//859 867//867
f 862//862 867//867 859//859
f 868//868 869//869 875//875
f 871//871 870//870 869//869
f 870//870 873//873 872//872
f 873//873 874//874 872//872
f 868//868 876//876 871//871
f 874//874 876//876 875//875
f 872//872 874//874 875//875
usemtl field_material_03
f 877//877 883//883 878//878
f 877//877 878//878 879//879
f 877//877 879//879 880//880
f 877//877 880//880 881//881
f 877//877 881//881 882//882
f 877//877 882//882 883//883
f 883//883 894//894 878//878
f 878//878 885//885 879//879
f 887//887 880//880 879//879
f 880//880 889//889 881//881
f 881//881 890//890 882//882
f 892//892 883//883 882//882
f 894//894 897//897 884//884
f 898//898 885//885 884//884
f 899//899 886//886 885//885
f 886//886 900//900 887//887
f 901//901 888//888 887//887
f 888//888 902//902 889//889
f 903//903 890//890 889//889
f 904//904 891//891 890//890
f 904//904 895//895 891//891
f 895//895 905//905 892//892
f 892//892 906//906 893//893
f 906//906 894//894 893//893
f 907//907 897//897 896//896
f 908//908 898//898 897//897
f 898//898 916//916 899//899
f 909//909 900//900 899//899
f 904//904 913//913 895//895
f 913//913 905//905 895//895
f 905//905 914//914 906//906
f 914//914 896//896 906//906
f 909//909 910//910 900//900
f 911//911 912//912 902//902
f 912//912 917//917 903//903
f 917//917 904//904 903//903
f 918//918 913//913 904//904
f 913//913 919//919 905//905
f 919//919 914//914 905//905
f 914//914 915//915 896//896
f 915//915 907//907 896//896
f 907//907 920//920 908//908
f 922//922 914//914 919//919
f 924//924 907//907 915//915
f 925//925 920//920 907//907
f 920//920 926//926 908//908
f 926//926 916//916 908//908
f 928//928 921//921 916//916
f 921//921 929//929 909//909
f 929//929 910//910 909//909
f 931//931 911//911 910//910
f 932//932 912//912 911//911
f 932//932 933//933 912//912
f 917//917 935//935 918//918
f 918//918 937//937 913//913
f 938//938 919//919 913//913
f 939//939 922//922 919//919
f 922//922 940//940 914//914
f 941//941 923//923 914//914
f 923//923 924//924 915//915
f 943//943 921//921 928//928
f 939//939 947//947 922//922
f 943//943 949//949 921//921
f 950//950 944//944 931//931
f 951//951 945//945 932//932
f 952//952 936//936 935//935
f 958//958 947//947 939//939
f 941//941 955//955 923//923
f 956//956 927//927 926//926
f 956//956 943//943 927//927
f 949//949 957//957 929//929
f 929//929 957//957 930//930
f 957//957 950//950 930//930
f 946//946 952//952 934//934
f 952//952 953//953 936//936
f 953//953 958//958 938//938
f 959//959 948//948 942//942
f 948//948 960//960 956//956
f 961//961 943//943 956//956
f 943//943 961//961 949//949
f 961//961 957//957 949//949
f 962//962 950//950 957//957
f 963//963 944//944 950//950
f 944//944 963//963 951//951
f 963//963 945//945 951//951
f 964//964 946//946 945//945
f 964//964 952//952 946//946
f 952//952 965//965 953//953
f 953//953 966//966 958//958
f 966//966 947//947 958//958
f 947//947 966//966 954//954
f 959//959 955//955 954//954
f 955//955 959//959 942//942
f 959//959 967//967 960//960
f 960//960 967//967 961//961
f 961//961 967//967 962//962
f 962//962 967//967 963//963
f 963//963 967//967 964//964
f 964//964 967//967 965//965
f 965//965 967//967 966//966
f 966//966 967//967 959//959
usemtl field_material_05
f 978//978 968//968 970//970
f 970//970 971//971 969//969
f 971//971 975//975 972//972
f 970//970 968//968 974//974
f 977//977 972//972 975//975
f 971//971 974//974 973//973
f 975//975 976//976 977//977
f 974//974 976//976 973//973
f 977//977 979//979 980//980
f 968//968 979//979 976//976
f 977//977 980//980 972//972
f 979//979 978//978 969//969
f 979//979 972//972 980//980
f 981//981 984//984 982//982
f 984//984 986//986 983//983
f 984//984 987//987 985//985
f 985//985 989//989 986//986
f 987//987 981//981 990//990
f 987//987 988//988 985//985
f 989//989 988//988 993//993
f 986//986 989//989 993//993
f 990//990 981//981 991//991
f 988//988 991//991 992//992
f 992//992 991//991 982//982
f 992//992 983//983 993//993
f 986//986 993//993 983//983
f 997//997 996//996 999//999
f 995//995 994//994 998//998
f 998//998 1000//1000 996//996
f 999//999 1000//1000 1003//1003
f 998//998 994//994 1002//1002
f 1000//1000 1002//1002 1001//1001
f 1003//1003 1004//1004 1006//1006
f 999//999 1003//1003 1006//1006
f 1002//1002 1004//1004 1001//1001
f 994//994 1005//1005 1004//1004
f 1005//1005 997//997 1006//1006
f 999//999 1006//1006 997//997
f 1005//1005 995//995 996//996
f 1008//1008 1007//1007 1010//1010
f 1010//1010 1012//1012 1011//1011
f 1012//1012 1013//1013 1009//1009
f 1010//1010 1007//1007 1014//1014
f 1012//1012 1014//1014 1015//1015
f 1012//1012 1016//1016 1013//1013
f 1016//1016 1017//1017 1018//1018
f 1013//1013 1016//1016 1018//1018
f 1007//1007 1017//1017 1015//1015
f 1017//1017 1009//1009 1018//1018
f 1013//1013 1018//1018 1009//1009
f 1017//1017 1008//1008 1011//1011
f 1029//1029 1021//1021 1023//1023
f 1021//1021 1022//1022 1023//1023
f 1020//1020 1024//1024 1022//1022
f 1029//1029 1023//1023 1025//1025
f 1024//1024 1019//1019 1026//1026
f 1024//1024 1025//1025 1023//1023
f 1027//1027 1028//1028 1026//1026
f 1025//1025 1028//1028 1029//1029
f 1029//1029 1030//1030 1021//1021
f 1027//1027 1019//1019 1031//1031
f 1027//1027 1030//1030 1028//1028
f 1031//1031 1019//1019 1020//1020
f 1030//1030 1020//1020 1022//1022
f 5//5 4//4 9//9
f 2//2 7//7 8//8
f 3//3 8//8 9//9
f 8//8 12//12 13//13
f 9//9 13//13 14//14
f 7//7 11//11 12//12
f 12//12 16//16 17//17
f 14//14 13//13 17//17
f 11//11 15//15 16//16
f 16//16 20//20 21//21
f 17//17 21//21 22//22
f 15//15 19//19 20//20
f 20//20 24//24 25//25
f 22//22 21//21 25//25
f 19//19 23//23 24//24
f 24//24 28//28 29//29
f 25//25 29//29 30//30
f 23//23 27//27 28//28
f 28//28 32//32 33//33
f 30//30 29//29 33//33
f 27//27 31//31 32//32
f 32//32 3//3 4//4
f 33//33 4//4 5//5
f 31//31 2//2 3//3
f 36//36 38//38 37//37
f 38//38 40//40 39//39
f 39//39 40//40 42//42
f 42//42 44//44 43//43
f 40//40 38//38 44//44
f 38//38 36//36 44//44
f 36//36 46//46 44//44
f 43//43 44//44 46//46
f 46//46 36//36 35//35
f 45//45 35//35 41//41
f 35//35 37//37 41//41
f 37//37 39//39 41//41
usemtl field_material_17
f 48//48 50//50 49//49
f 50//50 52//52 51//51
f 51//51 52//52 54//54
f 54//54 56//56 55//55
f 56//56 58//58 57//57
f 58//58 60//60 59//59
f 60//60 62//62 61//61
f 62//62 64//64 63//63
f 64//64 65//65 63//63
usemtl field_material_05
f 66//66 68//68 69//69
f 68//68 66//66 67//67
usemtl field_material_17
f 71//71 73//73 72//72
f 72//72 73//73 75//75
f 74//74 75//75 77//77
f 77//77 79//79 78//78
f 79//79 81//81 80//80
f 81//81 83//83 82//82
f 83//83 85//85 84//84
f 85//85 87//87 86//86
usemtl field_material_05
f 89//89 90//90 92//92
f 92//92 90//90 93//93
f 89//89 91//91 93//93
usemtl field_material_17
f 95//95 97//97 96//96
f 96//96 97//97 99//99
f 99//99 101//101 100//100
f 100//100 101//101 103//103
f 103//103 105//105 104//104
f 104//104 105//105 107//107
f 107//107 109//109 108//108
f 109//109 111//111 110//110
usemtl field_material_05
f 113//113 115//115 117//117
f 114//114 115//115 116//116
f 116//116 113//113 117//117
f 118//118 119//119 121//121
f 121//121 123//123 122//122
f 123//123 125//125 124//124
f 124//124 125//125 127//127
f 123//123 121//121 119//119
f 119//119 129//129 127//127
f 127//127 125//125 119//119
f 126//126 127//127 129//129
f 129//129 119//119 118//118
f 128//128 118//118 124//124
f 118//118 120//120 124//124
f 120//120 122//122 124//124
usemtl field_material_07
f 130//130 131//131 133//133
f 133//133 135//135 134//134
f 135//135 137//137 136//136
f 136//136 137//137 139//139
f 138//138 139//139 141//141
f 141//141 143//143 142//142
f 143//143 145//145 144//144
f 144//144 145//145 147//147
usemtl field_material_05
f 150//150 152//152 149//149
f 152//152 150//150 151//151
usemtl field_material_07
f 154//154 156//156 155//155
f 156//156 158//158 157//157
f 158//158 160//160 159//159
f 160//160 162//162 161//161
f 161//161 162//162 164//164
f 164//164 166//166 165//165
f 166//166 168//168 167//167
f 168//168 170//170 169//169
usemtl field_material_05
f 173//173 176//176 174//174
f 176//176 173//173 175//175
usemtl field_material_07
f 178//178 180//180 179//179
f 180//180 182//182 181//181
f 182//182 184//184 183//183
f 183//183 184//184 186//186
f 185//185 186//186 188//188
f 187//187 188//188 190//190
f 189//189 190//190 192//192
f 191//191 192//192 194//194
f 194//194 195//195 193//193
usemtl field_material_05
f 197//197 199//199 196//196
f 199//199 201//201 198//198
f 199//199 197//197 201//201
f 200//200 201//201 197//197
f 200//200 196//196 198//198
f 202//202 203//203 205//205
f 204//204 205//205 207//207
f 206//206 207//207 209//209
f 208//208 209//209 211//211
f 207//207 205//205 211//211
f 205//205 203//203 211//211
f 203//203 213//213 211//211
f 210//210 211//211 213//213
f 212//212 213//213 203//203
f 212//212 202//202 204//204
f 204//204 206//206 208//208
f 208//208 210//210 204//204
usemtl field_material_17
f 215//215 217//217 216//216
f 217//217 219//219 218//218
f 219//219 221//221 220//220
f 221//221 223//223 222//222
f 222//222 223//223 225//225
f 225//225 227//227 226//226
f 227//227 229//229 228//228
f 229//229 231//231 230//230
f 231//231 232//232 230//230
usemtl field_material_05
f 234//234 237//237 235//235
f 234//234 238//238 237//237
f 236//236 237//237 238//238
f 238//238 234//234 233//233
f 233//233 235//235 236//236
usemtl field_material_17
f 240//240 242//242 241//241
f 241//241 242//242 244//244
f 244//244 246//246 245//245
f 246//246 248//248 247//247
f 248//248 250//250 249//249
f 250//250 252//252 251//251
f 252//252 254//254 253//253
f 254//254 256//256 255//255
f 256//256 257//257 255//255
usemtl field_material_05
f 260//260 259//259 262//262
f 261//261 262//262 259//259
f 258//258 260//260 261//261
usemtl field_material_17
f 264//264 266//266 265//265
f 266//266 268//268 267//267
f 267//267 268//268 270//270
f 270//270 272//272 271//271
f 271//271 272//272 274//274
f 274//274 276//276 275//275
f 276//276 278//278 277//277
f 277//277 278//278 280//280
f 280//280 281//281 279//279
usemtl field_material_05
f 283//283 285//285 282//282
f 285//285 283//283 284//284
f 287//287 289//289 288//288
f 289//289 291//291 290//290
f 290//290 291//291 293//293
f 293//293 295//295 294//294
f 291//291 289//289 287//287
f 287//287 297//297 295//295
f 295//295 293//293 291//291
f 295//295 297//297 296//296
f 297//297 287//287 286//286
f 296//296 286//286 288//288
f 288//288 290//290 296//296
f 290//290 292//292 296//296
usemtl field_material_17
f 299//299 301//301 300//300
f 301//301 303//303 302//302
f 303//303 305//305 304//304
f 304//304 305//305 307//307
f 307//307 309//309 308//308
f 308//308 309//309 311//311
f 311//311 313//313 312//312
f 312//312 313//313 315//315
f 315//315 316//316 314//314
usemtl field_material_05
f 321//321 317//317 318//318
f 318//318 320//320 319//319
f 320//320 318//318 317//317
f 319//319 320//320 317//317
usemtl field_material_17
f 322//322 323//323 325//325
f 325//325 327//327 326//326
f 327//327 329//329 328//328
f 328//328 329//329 331//331
f 330//330 331//331 333//333
f 332//332 333//333 335//335
f 335//335 337//337 336//336
f 337//337 339//339 338//338
f 339//339 340//340 338//338
usemtl field_material_05
f 344//344 341//341 343//343
f 343//343 345//345 342//342
f 343//343 341//341 345//345
f 344//344 345//345 341//341
usemtl field_material_17
f 347//347 349//349 348//348
f 348//348 349//349 351//351
f 350//350 351//351 353//353
f 353//353 355//355 354//354
f 354//354 355//355 357//357
f 356//356 357//357 359//359
f 358//358 359//359 361//361
f 361//361 363//363 362//362
usemtl field_material_05
f 365//365 367//367 368//368
f 367//367 365//365 366//366
f 369//369 370//370 372//372
f 371//371 372//372 374//374
f 373//373 374//374 376//376
f 376//376 378//378 377//377
f 374//374 372//372 370//370
f 370//370 380//380 374//374
f 380//380 378//378 374//374
f 378//378 380//380 379//379
f 380//380 370//370 369//369
f 379//379 369//369 375//375
f 369//369 371//371 375//375
f 371//371 373//373 375//375
usemtl field_material_23
f 381//381 382//382 384//384
f 383//383 384//384 386//386
f 386//386 388//388 387//387
f 388//388 390//390 389//389
f 390//390 392//392 391//391
f 392//392 394//394 393//393
f 394//394 396//396 395//395
f 395//395 396//396 398//398
f 398//398 399//399 397//397
usemtl field_material_05
f 401//401 404//404 400//400
f 404//404 401//401 403//403
usemtl field_material_23
f 406//406 408//408 407//407
f 408//408 410//410 409//409
f 410//410 412//412 411//411
f 411//411 412//412 414//414
f 413//413 414//414 416//416
f 416//416 418//418 417//417
f 417//417 418//418 420//420
f 419//419 420//420 422//422
usemtl field_material_05
f 425//425 427//427 424//424
f 427//427 425//425 426//426
usemtl field_material_23
f 428//428 429//429 431//431
f 430//430 431//431 433//433
f 432//432 433//433 435//435
f 435//435 437//437 436//436
f 437//437 439//439 438//438
f 438//438 439//439 441//441
f 441//441 443//443 442//442
f 442//442 443//443 445//445
f 445//445 446//446 444//444
usemtl field_material_05
f 448//448 450//450 447//447
f 449//449 450//450 448//448
f 451//451 452//452 454//454
f 454//454 456//456 455//455
f 456//456 458//458 457//457
f 457//457 458//458 460//460
f 456//456 454//454 460//460
f 454//454 452//452 460//460
f 452//452 462//462 460//460
f 460//460 462//462 461//461
f 461//461 462//462 452//452
f 461//461 451//451 453//453
f 453//453 455//455 457//457
f 457//457 459//459 453//453
usemtl field_material_17
f 464//464 466//466 465//465
f 466//466 468//468 467//467
f 467//467 468//468 470//470
f 469//469 470//470 472//472
f 472//472 474//474 473//473
f 474//474 476//476 475//475
f 475//475 476//476 478//478
f 478//478 480//480 479//479
f 480//480 481//481 479//479
usemtl field_material_05
f 482//482 483//483 485//485
f 484//484 485//485 483//483
usemtl field_material_17
f 487//487 489//489 488//488
f 488//488 489//489 491//491
f 490//490 491//491 493//493
f 492//492 493//493 495//495
f 494//494 495//495 497//497
f 496//496 497//497 499//499
f 499//499 501//501 500//500
f 500//500 501//501 503//503
f 503//503 504//504 502//502
usemtl field_material_05
f 506//506 508//508 505//505
f 507//507 508//508 506//506
usemtl field_material_17
f 510//510 512//512 511//511
f 511//511 512//512 514//514
f 513//513 514//514 516//516
f 516//516 518//518 517//517
f 517//517 518//518 520//520
f 520//520 522//522 521//521
f 522//522 524//524 523//523
f 524//524 526//526 525//525
f 526//526 527//527 525//525
usemtl field_material_05
f 528//528 530//530 529//529
f 530//530 532//532 531//531
f 532//532 530//530 528//528
f 532//532 528//528 529//529
f 533//533 534//534 536//536
f 536//536 538//538 537//537
f 537//537 538//538 540//540
f 540//540 542//542 541//541
f 538//538 536//536 534//534
f 534//534 544//544 542//542
f 542//542 540//540 534//534
f 541//541 542//542 544//544
f 544//544 534//534 533//533
f 543//543 533//533 535//535
f 535//535 537//537 539//539
f 539//539 541//541 535//535
usemtl field_material_07
f 546//546 548//548 547//547
f 548//548 550//550 549//549
f 550//550 552//552 551//551
f 551//551 552//552 554//554
f 553//553 554//554 556//556
f 556//556 558//558 557//557
f 558//558 560//560 559//559
f 560//560 562//562 561//561
usemtl field_material_05
f 565//565 567//567 564//564
f 567//567 565//565 566//566
usemtl field_material_07
f 569//569 571//571 570//570
f 570//570 571//571 573//573
f 573//573 575//575 574//574
f 575//575 577//577 576//576
f 577//577 579//579 578//578
f 579//579 581//581 580//580
f 580//580 581//581 583//583
f 583//583 585//585 584//584
f 585//585 586//586 584//584
usemtl field_material_05
f 587//587 588//588 589//589
f 589//589 591//591 587//587
f 588//588 591//591 589//589
f 591//591 588//588 590//590
usemtl field_material_07
f 592//592 593//593 595//595
f 595//595 597//597 596//596
f 596//596 597//597 599//599
f 598//598 599//599 601//601
f 600//600 601//601 603//603
f 603//603 605//605 604//604
f 605//605 607//607 606//606
f 607//607 609//609 608//608
f 609//609 610//610 608//608
usemtl field_material_05
f 613//613 615//615 612//612
f 615//615 613//613 614//614
f 611//611 612//612 614//614
f 617//617 619//619 618//618
f 618//618 619//619 621//621
f 621//621 623//623 622//622
f 623//623 625//625 624//624
f 621//621 619//619 617//617
f 617//617 627//627 625//625
f 625//625 623//623 617//617
f 625//625 627//627 626//626
f 626//626 627//627 617//617
f 626//626 616//616 618//618
f 618//618 620//620 622//622
f 622//622 624//624 626//626
usemtl field_material_17
f 628//628 629//629 631//631
f 631//631 633//633 632//632
f 633//633 635//635 634//634
f 635//635 637//637 636//636
f 637//637 639//639 638//638
f 639//639 641//641 640//640
f 640//640 641//641 643//643
f 643//643 645//645 644//644
usemtl field_material_05
f 648//648 650//650 649//649
f 650//650 652//652 651//651
f 652//652 648//648 647//647
f 651//651 647//647 649//649
usemtl field_material_17
f 654//654 656//656 655//655
f 655//655 656//656 658//658
f 657//657 658//658 660//660
f 660//660 662//662 661//661
f 661//661 662//662 664//664
f 663//663 664//664 666//666
f 665//665 666//666 668//668
f 668//668 670//670 669//669
f 670//670 671//671 669//669
usemtl field_material_05
f 672//672 673//673 674//674
f 674//674 676//676 672//672
f 674//674 673//673 676//676
f 676//676 673//673 675//675
usemtl field_material_17
f 678//678 680//680 679//679
f 679//679 680//680 682//682
f 682//682 684//684 683//683
f 683//683 684//684 686//686
f 686//686 688//688 687//687
f 687//687 688//688 690//690
f 689//689 690//690 692//692
f 691//691 692//692 694//694
f 694//694 695//695 693//693
usemtl field_material_05
f 696//696 697//697 699//699
f 699//699 701//701 698//698
f 700//700 701//701 697//697
f 703//703 705//705 704//704
f 705//705 707//707 706//706
f 707//707 709//709 708//708
f 709//709 711//711 710//710
f 707//707 705//705 703//703
f 703//703 713//713 711//711
f 711//711 709//709 707//707
f 711//711 713//713 712//712
f 713//713 703//703 702//702
f 712//712 702//702 704//704
f 704//704 706//706 708//708
f 708//708 710//710 712//712
usemtl field_material_03
f 715//715 722//722 727//727
f 715//715 727//727 728//728
f 716//716 728//728 723//723
f 723//723 724//724 717//717
f 717//717 724//724 729//729
f 730//730 731//731 719//719
f 719//719 731//731 725//725
f 726//726 722//722 721//721
f 729//729 730//730 718//718
f 725//725 732//732 720//720
f 733//733 734//734 727//727
f 727//727 734//734 735//735
f 728//728 735//735 736//736
f 723//723 736//736 737//737
f 737//737 738//738 724//724
f 738//738 739//739 729//729
f 729//729 739//739 740//740
f 740//740 741//741 730//730
f 730//730 741//741 742//742
f 742//742 743//743 725//725
f 726//726 744//744 733//733
f 734//734 753//753 735//735
f 745//745 737//737 736//736
f 739//739 746//746 747//747
f 741//741 740//740 748//748
f 748//748 749//749 742//742
f 742//742 749//749 743//743
f 743//743 750//750 732//732
f 750//750 758//758 744//744
f 744//744 751//751 733//733
f 751//751 752//752 734//734
f 745//745 754//754 737//737
f 737//737 754//754 755//755
f 751//751 759//759 752//752
f 753//753 760//760 745//745
f 745//745 760//760 754//754
f 756//756 761//761 748//748
f 749//749 762//762 757//757
f 750//750 763//763 758//758
f 752//752 765//765 766//766
f 766//766 767//767 753//753
f 754//754 768//768 769//769
f 769//769 770//770 755//755
f 770//770 771//771 747//747
f 771//771 772//772 756//756
f 761//761 773//773 748//748
f 773//773 774//774 749//749
f 774//774 775//775 749//749
f 757//757 776//776 777//777
f 777//777 778//778 750//750
f 758//758 779//779 764//764
f 780//780 781//781 764//764
f 764//764 781//781 759//759
f 767//767 782//782 760//760
f 760//760 782//782 768//768
f 769//769 783//783 770//770
f 770//770 784//784 771//771
f 771//771 784//784 785//785
f 771//771 785//785 772//772
f 772//772 786//786 761//761
f 761//761 786//786 773//773
f 779//779 780//780 764//764
f 759//759 787//787 765//765
f 766//766 788//788 767//767
f 768//768 789//789 769//769
f 783//783 790//790 770//770
f 786//786 791//791 773//773
f 775//775 792//792 762//762
f 781//781 787//787 759//759
f 782//782 789//789 768//768
f 785//785 794//794 772//772
f 787//787 797//797 798//798
f 788//788 798//798 799//799
f 789//789 799//799 800//800
f 800//800 801//801 790//790
f 801//801 802//802 785//785
f 802//802 803//803 791//791
f 803//803 804//804 792//792
f 804//804 805//805 796//796
f 805//805 797//797 793//793
usemtl field_material_05
f 808//808 818//818 811//811
f 809//809 810//810 811//811
f 811//811 813//813 812//812
f 813//813 810//810 815//815
f 813//813 814//814 816//816
f 816//816 814//814 817//817
f 815//815 807//807 817//817
f 817//817 818//818 819//819
f 818//818 807//807 809//809
f 821//821 820//820 824//824
f 822//822 823//823 824//824
f 824//824 820//820 827//827
f 824//824 828//828 826//826
f 826//826 828//828 829//829
f 827//827 830//830 829//829
f 829//829 823//823 822//822
f 829//829 830//830 821//821
f 833//833 837//837 835//835
f 836//836 835//835 837//837
f 837//837 840//840 839//839
f 838//838 832//832 842//842
f 841//841 840//840 842//842
f 832//832 833//833 843//843
f 841//841 842//842 843//843
f 843//843 835//835 834//834
f 845//845 844//844 847//847
f 844//844 849//849 851//851
f 848//848 847//847 851//851
f 851//851 849//849 852//852
f 851//851 854//854 853//853
f 853//853 854//854 855//855
f 855//855 852//852 845//845
f 855//855 847//847 846//846
f 858//858 861//861 860//860
f 859//859 857//857 860//860
f 860//860 863//863 864//864
f 860//860 861//861 865//865
f 864//864 863//863 866//866
f 866//866 865//865 856//856
f 866//866 856//856 858//858
f 866//866 857//857 859//859
f 868//868 871//871 869//869
f 870//870 871//871 873//873
f 873//873 876//876 874//874
f 876//876 873//873 871//871
f 875//875 876//876 868//868
f 869//869 870//870 875//875
f 870//870 872//872 875//875
usemtl field_material_03
f 878//878 894//894 884//884
f 884//884 885//885 878//878
f 879//879 885//885 886//886
f 879//879 886//886 887//887
f 887//887 888//888 880//880
f 888//888 889//889 880//880
f 889//889 890//890 881//881
f 882//882 890//890 891//891
f 882//882 891//891 892//892
f 883//883 892//892 893//893
f 893//893 894//894 883//883
f 891//891 895//895 892//892
f 896//896 897//897 894//894
f 884//884 897//897 898//898
f 898//898 899//899 885//885
f 886//886 899//899 900//900
f 900//900 901//901 887//887
f 888//888 901//901 902//902
f 889//889 902//902 903//903
f 890//890 903//903 904//904
f 892//892 905//905 906//906
f 906//906 896//896 894//894
f 897//897 907//907 908//908
f 908//908 916//916 898//898
f 899//899 916//916 909//909
f 900//900 910//910 901//901
f 901//901 910//910 911//911
f 901//901 911//911 902//902
f 902//902 912//912 903//903
f 917//917 918//918 904//904
f 916//916 921//921 909//909
f 912//912 933//933 917//917
f 914//914 923//923 915//915
f 924//924 925//925 907//907
f 926//926 927//927 916//916
f 916//916 927//927 928//928
f 929//929 930//930 910//910
f 930//930 931//931 910//910
f 931//931 932//932 911//911
f 917//917 933//933 934//934
f 917//917 934//934 935//935
f 918//918 935//935 936//936
f 918//918 936//936 937//937
f 913//913 937//937 938//938
f 938//938 939//939 919//919
f 914//914 940//940 941//941
f 924//924 942//942 925//925
f 927//927 943//943 928//928
f 931//931 944//944 932//932
f 932//932 945//945 933//933
f 945//945 946//946 933//933
f 933//933 946//946 934//934
f 922//922 947//947 940//940
f 923//923 942//942 924//924
f 925//925 948//948 920//920
f 920//920 948//948 926//926
f 921//921 949//949 929//929
f 930//930 950//950 931//931
f 944//944 951//951 932//932
f 934//934 952//952 935//935
f 936//936 953//953 937//937
f 937//937 953//953 938//938
f 938//938 958//958 939//939
f 940//940 954//954 941//941
f 941//941 954//954 955//955
f 923//923 955//955 942//942
f 942//942 948//948 925//925
f 948//948 956//956 926//926
f 947//947 954//954 940//940
f 959//959 960//960 948//948
f 956//956 960//960 961//961
f 961//961 962//962 957//957
f 962//962 963//963 950//950
f 963//963 964//964 945//945
f 964//964 965//965 952//952
f 953//953 965//965 966//966
f 954//954 966//966 959//959
usemtl field_material_05
f 978//978 970//970 969//969
f 972//972 969//969 971//971
f 971//971 973//973 975//975
f 971//971 970//970 974//974
f 975//975 973//973 976//976
f 974//974 968//968 976//976
f 977//977 976//976 979//979
f 968//968 978//978 979//979
f 979//979 969//969 972//972
f 991//991 981//981 982//982
f 983//983 982//982 984//984
f 984//984 985//985 986//986
f 984//984 981//981 987//987
f 989//989 985//985 988//988
f 987//987 990//990 988//988
f 988//988 992//992 993//993
f 988//988 990//990 991//991
f 992//992 982//982 983//983
f 995//995 998//998 996//996
f 999//999 996//996 1000//1000
f 1000//1000 998//998 1002//1002
f 1000//1000 1001//1001 1003//1003
f 1003//1003 1001//1001 1004//1004
f 1002//1002 994//994 1004//1004
f 1006//1006 1004//1004 1005//1005
f 1005//1005 994//994 995//995
f 1005//1005 996//996 997//997
f 1008//1008 1010//1010 1011//1011
f 1009//1009 1011//1011 1012//1012
f 1012//1012 1010//1010 1014//1014
f 1012//1012 1015//1015 1016//1016
f 1014//1014 1007//1007 1015//1015
f 1016//1016 1015//1015 1017//1017
f 1017//1017 1007//1007 1008//1008
f 1017//1017 1011//1011 1009//1009
f 1020//1020 1019//1019 1024//1024
f 1023//1023 1022//1022 1024//1024
f 1024//1024 1026//1026 1025//1025
f 1026//1026 1019//1019 1027//1027
f 1025//1025 1026//1026 1028//1028
f 1029//1029 1028//1028 1030//1030
f 1027//1027 1031//1031 1030//1030
f 1030//1030 1022//1022 1021//1021
f 1030//1030 1031//1031 1020//1020
