# Strawberry URP Gazebo mesh generated by export_gazebo_assets.py
mtllib plant_variant_02.mtl

o field_export_plant_variant_02
v 0.000000000 0.000000000 0.025000000
v 0.000000000 0.026450338 0.020225426
v 0.000000000 0.042797547 0.007725425
v 0.000000000 0.042797547 -0.007725425
v 0.000000000 0.026450338 -0.020225426
v 0.000000000 0.000000000 -0.025000000
v 0.018703211 0.018703211 0.020225426
v 0.030262435 0.030262435 0.007725425
v 0.030262435 0.030262435 -0.007725425
v 0.018703211 0.018703211 -0.020225426
v 0.026450334 0.000000000 0.020225426
v 0.042797547 0.000000000 0.007725425
v 0.042797547 0.000000000 -0.007725425
v 0.026450334 0.000000000 -0.020225426
v 0.018703211 -0.018703211 0.020225426
v 0.030262435 -0.030262435 0.007725425
v 0.030262435 -0.030262435 -0.007725425
v 0.018703211 -0.018703211 -0.020225426
v 0.000000000 -0.026450334 0.020225426
v 0.000000000 -0.042797547 0.007725425
v 0.000000000 -0.042797547 -0.007725425
v 0.000000000 -0.026450334 -0.020225426
v -0.018703211 -0.018703211 0.020225426
v -0.030262435 -0.030262435 0.007725425
v -0.030262435 -0.030262435 -0.007725425
v -0.018703211 -0.018703211 -0.020225426
v -0.026450334 0.000000000 0.020225426
v -0.042797547 0.000000000 0.007725425
v -0.042797547 0.000000000 -0.007725425
v -0.026450334 0.000000000 -0.020225426
v -0.018703211 0.018703211 0.020225426
v -0.030262435 0.030262435 0.007725425
v -0.030262435 0.030262435 -0.007725425
v -0.018703211 0.018703211 -0.020225426
v 0.002611496 0.004088052 0.005046628
v -0.096318394 -0.150777489 0.181689620
v 0.006414510 -0.001219496 0.002523325
v -0.092515379 -0.156085044 0.179166317
v 0.003803033 -0.005307525 -0.002523281
v -0.095126852 -0.160173073 0.174119711
v -0.002611458 -0.004088007 -0.005046584
v -0.101541348 -0.158953547 0.171596408
v -0.006414473 0.001219541 -0.002523281
v -0.105344363 -0.153646007 0.174119711
v -0.003802996 0.005307570 0.002523325
v -0.102732882 -0.149557978 0.179166317
v -0.083120495 -0.188339964 0.182288513
v -0.135987520 -0.154488847 0.181668386
v -0.087667055 -0.196973711 0.184296429
v -0.141980737 -0.162277520 0.183728889
v -0.080794059 -0.212914050 0.185941592
v -0.159355983 -0.162727803 0.185120672
v -0.091295533 -0.217687726 0.186683804
v -0.159284681 -0.174255490 0.185973361
v -0.086897746 -0.231903762 0.186777085
v -0.174032226 -0.176241279 0.185866579
v -0.101603679 -0.233838022 0.185837716
v -0.169592813 -0.190405786 0.185127288
v -0.101410352 -0.245214626 0.184249431
v -0.179972261 -0.195028380 0.183428511
v -0.118591495 -0.245424569 0.181758180
v -0.172905177 -0.210728377 0.181190640
v -0.124326363 -0.252891302 0.178797513
v -0.177214384 -0.219074085 0.178315625
v -0.160799384 -0.251733035 0.171585530
v -0.153725147 -0.238413453 0.189420879
v -0.097487934 -0.155817643 0.176425040
v -0.151531219 -0.240044177 0.187811077
v -0.100131437 -0.154087797 0.176714033
v -0.145251304 -0.158050567 0.189278960
v -0.160697937 -0.111600943 0.190579847
v -0.152231723 -0.161237866 0.194427788
v -0.168149099 -0.113577262 0.196000531
v -0.155856326 -0.174412802 0.198282242
v -0.178879991 -0.105474234 0.200557128
v -0.164552778 -0.172249377 0.201115206
v -0.184477955 -0.112588488 0.203083947
v -0.168860525 -0.183057353 0.201816306
v -0.194396511 -0.106596291 0.204339430
v -0.178743824 -0.176995248 0.201310158
v -0.198669001 -0.117334351 0.203278884
v -0.184238404 -0.183904544 0.198672116
v -0.207262084 -0.114965968 0.200947002
v -0.194804847 -0.175475463 0.195012599
v -0.210722238 -0.127814874 0.196585342
v -0.202000484 -0.177015305 0.189776838
v -0.217522874 -0.130606741 0.191525146
v -0.223642319 -0.157948837 0.177833572
v -0.138022348 -0.131212711 0.176426023
v -0.211947069 -0.155417696 0.189822301
v -0.138981059 -0.128202364 0.176713720
v -0.213004217 -0.153256670 0.187754348
v -0.032985676 -0.191615120 0.185182914
v -0.081610911 -0.197012320 0.187276602
v -0.031366520 -0.198647961 0.189076468
v -0.081276067 -0.204237580 0.191348523
v -0.019268818 -0.204585552 0.191907525
v -0.091460384 -0.212670654 0.195193931
v -0.023203265 -0.212386876 0.194556117
v -0.085679367 -0.219383895 0.197400242
v -0.013520785 -0.218739271 0.195567280
v -0.093589790 -0.227706611 0.199212298
v -0.021469776 -0.227145046 0.196327671
v -0.083945878 -0.234142065 0.199171796
v -0.015801840 -0.234101892 0.195450634
v -0.087993406 -0.242186993 0.198737040
v -0.026166048 -0.242922470 0.194391131
v -0.076075599 -0.248512104 0.196663201
v -0.026066449 -0.250626832 0.192110404
v -0.074678406 -0.256039739 0.194422841
v -0.048966352 -0.268692851 0.187285706
v -0.051846154 -0.257698148 0.189417347
v -0.058969717 -0.180390000 0.174951926
v -0.049108889 -0.257639647 0.187814876
v -0.059717108 -0.180000246 0.178010270
v 0.000018640 0.005135238 0.004757062
v -0.000753846 -0.207679480 0.234492898
v 0.006071459 0.002545632 0.002378546
v 0.005298972 -0.210269094 0.232114375
v 0.006052818 -0.002589568 -0.002378486
v 0.005280332 -0.215404287 0.227357358
v -0.000018640 -0.005135164 -0.004757002
v -0.000791126 -0.217949882 0.224978834
v -0.006071458 -0.002545558 -0.002378486
v -0.006843944 -0.215360284 0.227357358
v -0.006052817 0.002589643 0.002378546
v -0.006825304 -0.210225075 0.232114375
v 0.031103494 -0.232721746 0.234503508
v -0.031435244 -0.232429057 0.239991739
v 0.032152925 -0.242495924 0.237265155
v -0.032040346 -0.242262915 0.243035197
v 0.046647318 -0.252314210 0.238206163
v -0.046204925 -0.251977175 0.246552229
v 0.040478658 -0.261989653 0.240041822
v -0.039877627 -0.261697978 0.247264683
v 0.051776439 -0.271652877 0.239233822
v -0.051207699 -0.271279037 0.248490602
v 0.040347535 -0.281155258 0.239357039
v -0.040008750 -0.280863583 0.246579900
v 0.046385076 -0.290645361 0.236836582
v -0.046467166 -0.290308356 0.245182648
v 0.031759564 -0.299992681 0.235210791
v -0.032433707 -0.299759656 0.240980834
v 0.030574128 -0.309327245 0.231734201
v -0.031963684 -0.309106350 0.237212181
v -0.001511553 -0.327783763 0.225644454
v 0.000427810 -0.212725654 0.230513737
v -0.000760588 -0.312650532 0.243109331
v -0.002299641 -0.212908924 0.228903949
v -0.001461286 -0.313016653 0.240037054
v -0.037445024 -0.240268990 0.240595788
v -0.075280733 -0.209408626 0.244338408
v -0.041338872 -0.246718809 0.245528460
v -0.080185451 -0.215071172 0.249619842
v -0.037117109 -0.259778768 0.248742059
v -0.093306661 -0.214002088 0.254660010
v -0.045439824 -0.262626082 0.251868904
v -0.094067454 -0.223010004 0.256990403
v -0.043237589 -0.274055898 0.252316803
v -0.105558470 -0.223284170 0.258880526
v -0.054834876 -0.274251759 0.252592325
v -0.103462502 -0.234635681 0.257713854
v -0.055907212 -0.283030123 0.250188947
v -0.112096772 -0.237253472 0.256106913
v -0.069524027 -0.281595886 0.247698784
v -0.108370602 -0.249948233 0.251790166
v -0.075049117 -0.286790103 0.243426874
v -0.112885207 -0.255935252 0.247191742
v -0.104050495 -0.282392055 0.234080970
v -0.096064948 -0.273619503 0.243194342
v -0.047684476 -0.213051066 0.228044778
v -0.047929499 -0.212244570 0.231103107
v -0.097836874 -0.272703022 0.240538061
v 0.073338047 -0.209591866 0.245786950
v 0.035260834 -0.240096807 0.241609275
v 0.078005806 -0.215091228 0.251400530
v 0.038928390 -0.246457711 0.247342512
v 0.090985239 -0.213991731 0.256940067
v 0.034461781 -0.259361744 0.251070350
v 0.091573849 -0.222925797 0.259709477
v 0.042657256 -0.262189955 0.254629731
v 0.103004470 -0.223255113 0.261950374
v 0.040313251 -0.273575813 0.255440146
v 0.100817069 -0.234616578 0.261064231
v 0.051900480 -0.273880720 0.255984455
v 0.109471694 -0.237373307 0.259649545
v 0.052948229 -0.282743305 0.253779829
v 0.105735481 -0.250163585 0.255464733
v 0.066658065 -0.281530082 0.251406729
v 0.110314175 -0.256353408 0.251141369
v 0.072264470 -0.286892891 0.246980980
v 0.101697341 -0.283032686 0.237877622
v 0.046656448 -0.212333545 0.231292859
v 0.094323456 -0.274091691 0.243292853
v 0.045956705 -0.213463470 0.228412300
v 0.095578007 -0.273652911 0.240412280
v -0.004048377 0.003186490 0.004738860
v 0.147399873 -0.116018429 0.214275986
v 0.001725242 0.006356839 0.002369434
v 0.153173491 -0.112848073 0.211906567
v 0.005773634 0.003170352 -0.002369426
v 0.157221884 -0.116034567 0.207167715
v 0.004048407 -0.003186490 -0.004738860
v 0.155496657 -0.122391403 0.204798281
v -0.001725212 -0.006356839 -0.002369434
v 0.149723038 -0.125561759 0.207167700
v -0.005773604 -0.003170349 0.002369426
v 0.145674646 -0.122375265 0.211906552
v 0.186404303 -0.107803673 0.223031282
v 0.147591293 -0.156962097 0.218742833
v 0.194613785 -0.113563195 0.227357656
v 0.154835045 -0.164101541 0.223156318
v 0.211182266 -0.108611189 0.231632769
v 0.153644383 -0.181712300 0.225555763
v 0.214945823 -0.119695693 0.233098686
v 0.165151343 -0.182958931 0.227839515
v 0.229532152 -0.116771281 0.234082848
v 0.165715843 -0.197849065 0.227342725
v 0.230034709 -0.131472275 0.231897354
v 0.180240229 -0.194735512 0.226638183
v 0.241360009 -0.132164359 0.229230106
v 0.183822155 -0.205265477 0.223153085
v 0.239880413 -0.148892954 0.223753646
v 0.200101703 -0.199431300 0.219552308
v 0.246718585 -0.154864535 0.217966229
v 0.207974091 -0.204107448 0.214074731
v 0.241896152 -0.189888656 0.202346250
v 0.152117103 -0.118204273 0.210314974
v 0.230129182 -0.180658326 0.222910568
v 0.150582403 -0.120466419 0.208705187
v 0.229986325 -0.181435913 0.219838291
v 0.149698779 -0.165806666 0.217789307
v 0.101938792 -0.176619053 0.217680544
v 0.152030349 -0.173113436 0.220952928
v 0.103013061 -0.184279218 0.220969319
v 0.164669275 -0.178067446 0.223481730
v 0.093768328 -0.194218159 0.223505437
v 0.161582336 -0.186544374 0.225035354
v 0.100223154 -0.200521544 0.225055873
v 0.171890795 -0.191903740 0.225490987
v 0.093253225 -0.209816813 0.225517273
v 0.164905667 -0.201133966 0.224820301
v 0.103546485 -0.215111136 0.224840805
v 0.171315938 -0.207246631 0.223051608
v 0.100414984 -0.223397344 0.223075300
v 0.162000328 -0.216882199 0.220307738
v 0.112983048 -0.228047997 0.220324129
v 0.162977502 -0.224124730 0.216759920
v 0.115230061 -0.234984919 0.216888860
v 0.142266840 -0.243654996 0.208261698
v 0.123522557 -0.155754343 0.210311443
v 0.140899792 -0.231730163 0.222716376
v 0.120918654 -0.156600341 0.208708957
v 0.139758840 -0.232433617 0.219905183
v 0.138015151 -0.232486561 0.222086862
v 0.194312871 -0.057622831 0.222044319
v 0.194937855 -0.106586732 0.221750677
v 0.201443881 -0.056887463 0.227002919
v 0.202106193 -0.107155979 0.226919353
v 0.208494902 -0.045578443 0.231216073
v 0.209452897 -0.118289240 0.231095195
v 0.215845108 -0.050380040 0.234162256
v 0.216674164 -0.113305487 0.234057650
v 0.223111004 -0.041425660 0.235748067
v 0.224173516 -0.122070551 0.235614002
v 0.230710670 -0.050187021 0.235872373
v 0.231539741 -0.113112472 0.235767767
v 0.238226056 -0.045192413 0.234636307
v 0.239184037 -0.117903210 0.234515429
v 0.246040612 -0.056308415 0.232133254
v 0.246702909 -0.106576927 0.232049689
v 0.253786534 -0.056852497 0.228831142
v 0.254431903 -0.105814561 0.228553787
v 0.269659489 -0.081056058 0.219804317
v 0.180639520 -0.081155226 0.208648413
v 0.258283049 -0.081248239 0.223017648
v 0.258788139 -0.081241585 0.219734326
v 0.180352822 -0.083543807 0.210716382
v -0.004571013 -0.001558360 0.005067311
v 0.161323756 0.054999139 0.172107220
v -0.004241697 0.004958710 0.002533667
v 0.161653072 0.061516210 0.169573575
v 0.000329301 0.006517075 -0.002533637
v 0.166224062 0.063074574 0.164506286
v 0.004570983 0.001558367 -0.005067281
v 0.170465738 0.058115866 0.161972642
v 0.004241668 -0.004958704 -0.002533637
v 0.170136422 0.051598795 0.164506286
v -0.000329331 -0.006517068 0.002533667
v 0.165565431 0.050040431 0.169573575
v 0.173354477 0.092211045 0.178412333
v 0.193552271 0.032770336 0.177975148
v 0.181875572 0.095973074 0.182958856
v 0.202673286 0.034969106 0.182649702
v 0.186105430 0.112595975 0.186868623
v 0.216188252 0.024356902 0.186421439
v 0.197062925 0.109690018 0.189592421
v 0.223097235 0.033326067 0.189205408
v 0.202398494 0.123502716 0.191188559
v 0.235763893 0.025635131 0.190692574
v 0.215135425 0.115842089 0.191420704
v 0.241169721 0.039478146 0.191033706
v 0.222250402 0.124900132 0.190525204
v 0.252333224 0.036661059 0.190078020
v 0.236093044 0.114429310 0.188443735
v 0.256890774 0.053425349 0.188134566
v 0.245585665 0.116796918 0.185682848
v 0.265869707 0.057387915 0.185238719
v 0.274281919 0.093508385 0.178026408
v 0.260844171 0.087660275 0.179817796
v 0.165361986 0.058201231 0.166821972
v 0.260147154 0.090303525 0.178208023
v 0.166348547 0.055200029 0.167110965
v 0.202474892 0.029996196 0.178865567
v 0.185602337 -0.015952989 0.177475005
v 0.209276199 0.028073901 0.183416471
v 0.191975400 -0.019111792 0.182166785
v 0.219797552 0.036062256 0.187582105
v 0.194772840 -0.032189399 0.185774505
v 0.224878967 0.028913941 0.190298811
v 0.203222051 -0.030152477 0.188734487
v 0.234811634 0.034662277 0.192188174
v 0.207056254 -0.041036896 0.190183327
v 0.238768131 0.023765078 0.192426503
v 0.217111230 -0.035301339 0.190862179
v 0.247575909 0.025764525 0.191837475
v 0.222551182 -0.042487130 0.190029874
v 0.250943720 0.012627306 0.189799517
v 0.233642921 -0.034558386 0.188549846
v 0.258034676 0.009399571 0.187168300
v 0.241158798 -0.036555033 0.186090067
v 0.264344215 -0.018855995 0.179814011
v 0.181687102 0.013682353 0.166822940
v 0.254225016 -0.014355478 0.180407196
v 0.180558100 0.010731662 0.167110622
v 0.254426032 -0.015174067 0.177348837
v 0.136685446 0.126269594 0.179596454
v 0.178041682 0.100202471 0.182437703
v 0.139597669 0.132772297 0.185152203
v 0.182047322 0.106026456 0.188323170
v 0.133663565 0.144924536 0.189173996
v 0.195064783 0.106238052 0.193760648
v 0.141472936 0.148551852 0.192800865
v 0.194610864 0.115071759 0.196770236
v 0.137820750 0.159550458 0.193985969
v 0.205921978 0.116642557 0.199073106
v 0.149288967 0.161177367 0.194659069
v 0.202426881 0.127697274 0.198628455
v 0.149295613 0.170175582 0.192890421
v 0.210696846 0.131489083 0.197477072
v 0.163045749 0.170648873 0.190726817
v 0.205495417 0.143903017 0.193897799
v 0.167983979 0.176783845 0.186744258
v 0.209315896 0.150733307 0.190033332
v 0.197648287 0.176708400 0.178202882
v 0.191879451 0.167058215 0.180407196
v 0.150592119 0.101436704 0.165348858
v 0.192721978 0.167083487 0.177348837
v 0.150933012 0.100665800 0.168407187
v -0.000864090 -0.004519232 0.005275451
v 0.038524061 0.201483011 0.188199013
v -0.006386366 -0.001121148 0.002637736
v 0.033001784 0.204881087 0.185561299
v -0.005522283 0.003398061 -0.002637692
v 0.033865869 0.209400296 0.180285871
v 0.000864075 0.004519187 -0.005275406
v 0.040252224 0.210521430 0.177648157
v 0.006386351 0.001121104 -0.002637692
v 0.045774501 0.207123339 0.180285871
v 0.005522268 -0.003398106 0.002637736
v 0.044910416 0.202604130 0.185561299
v 0.011062586 0.230187044 0.194000199
v 0.072545126 0.218391940 0.198708311
v 0.011571050 0.239523605 0.199315742
v 0.074681215 0.227456778 0.204377651
v -0.001114681 0.251454353 0.202726319
v 0.090170905 0.234000325 0.210048109
v 0.006549753 0.259574294 0.206401214
v 0.085550219 0.244469196 0.212737650
v -0.002917677 0.271059304 0.207176283
v 0.098328851 0.251700699 0.215297014
v 0.009999393 0.278356910 0.208167210
v 0.088999860 0.263251841 0.214503646
v 0.005784594 0.289019585 0.206258312
v 0.097070180 0.271565557 0.213580102
v 0.021919960 0.295871466 0.204613715
v 0.085030124 0.283804655 0.209675640
v 0.024865299 0.305301487 0.201006830
v 0.086353838 0.293554008 0.205726132
v 0.060011882 0.318662375 0.193526655
v 0.059329264 0.303905904 0.195701420
v 0.039107125 0.206263483 0.181224763
v 0.056687292 0.304607719 0.194091648
v 0.039724808 0.205770031 0.184297040
v 0.080577515 0.225423828 0.191056907
v 0.112139851 0.188017696 0.192643031
v 0.085590534 0.230678096 0.194686532
v 0.118029840 0.192310959 0.196425632
v 0.083847776 0.244032159 0.197401479
v 0.130769551 0.188536108 0.199916989
v 0.092564337 0.245100230 0.199822485
v 0.133171424 0.197072774 0.201999456
v 0.092473954 0.256678969 0.200818107
v 0.144515753 0.195127264 0.203608096
v 0.103888437 0.254748225 0.201443627
v 0.144495517 0.206720769 0.203620598
v 0.106495976 0.263328135 0.200643763
v 0.153417751 0.207832068 0.203159273
v 0.119562849 0.259622037 0.199549958
v 0.152002141 0.221254915 0.201289058
v 0.125842720 0.263985872 0.197522923
v 0.157454938 0.226623341 0.199089244
v 0.153450787 0.255078077 0.192661718
v 0.085632905 0.196753934 0.184290811
v 0.144713014 0.247686252 0.196290821
v 0.085540667 0.197591782 0.181232467
v 0.145523846 0.247455984 0.193232477
v -0.035366040 0.217195958 0.193137154
v 0.007798151 0.240221769 0.190989688
v -0.039442044 0.223740265 0.196657658
v 0.004853988 0.247428581 0.194634393
v -0.052844781 0.225265473 0.199925363
v 0.011227136 0.259529412 0.196998820
v -0.052054856 0.234302998 0.201449424
v 0.003394329 0.263955712 0.198916733
v -0.063390791 0.236769438 0.202305570
v 0.007672555 0.274772197 0.199059695
v -0.059120242 0.247492254 0.201184034
v -0.003671059 0.277144998 0.198651329
v -0.066975556 0.251644015 0.199394584
v -0.002903642 0.285907954 0.196468025
v -0.060638212 0.263308048 0.195861459
v -0.016342178 0.286996394 0.193838209
v -0.063616067 0.269930214 0.192011505
v -0.020475030 0.292997956 0.189888939
v -0.049195275 0.293905973 0.181346804
v -0.007317576 0.214267343 0.184480563
v -0.042790662 0.283750206 0.196480557
v -0.006421636 0.215249032 0.181600019
v -0.044104587 0.283550084 0.193599999
v 0.003552184 -0.004003219 0.004511803
v -0.123810634 0.139531851 0.232141748
v -0.002758343 -0.006025143 0.002255909
v -0.130121171 0.137509942 0.229885846
v -0.006310519 -0.002021916 -0.002255879
v -0.133673340 0.141513169 0.225374073
v -0.003552169 0.004003234 -0.004511774
v -0.130914986 0.147538304 0.223118171
v 0.002758361 0.006025158 -0.002255879
v -0.124604464 0.149560243 0.225374073
v 0.006310537 0.002021931 0.002255909
v -0.121052280 0.145557016 0.229885846
v -0.164330050 0.136932641 0.234878480
v -0.117454998 0.178442925 0.239458725
v -0.171600759 0.143454894 0.238494068
v -0.123529084 0.186110273 0.243368074
v -0.188944265 0.141045749 0.240380347
v -0.119411074 0.202744558 0.247430339
v -0.190784931 0.152333111 0.242707238
v -0.130609453 0.205728561 0.248808444
v -0.205673009 0.151976660 0.242449522
v -0.128552452 0.220407933 0.250268817
v -0.203508377 0.166682720 0.242614582
v -0.143332884 0.220078170 0.248715803
v -0.214391127 0.169744968 0.240195051
v -0.144857928 0.231443778 0.247245044
v -0.209771037 0.186503738 0.238216132
v -0.161699370 0.229159117 0.243090138
v -0.215190366 0.194301933 0.234466687
v -0.168359935 0.235859558 0.239043832
v -0.203722611 0.229571730 0.227089301
v -0.128268600 0.142874584 0.226737246
v -0.194164932 0.217700630 0.241194054
v -0.126319498 0.144270808 0.228814632
v -0.193458170 0.218791991 0.238300383
v -0.117914788 0.189382166 0.235274836
v -0.069079265 0.191547066 0.238163888
v -0.119132921 0.197104067 0.238696024
v -0.069009565 0.199399814 0.241818160
v -0.130845889 0.204311401 0.240738824
v -0.058345061 0.207632065 0.245254830
v -0.126416981 0.212161630 0.242653087
v -0.063673235 0.215035409 0.246561334
v -0.135617524 0.219280079 0.242453560
v -0.055205517 0.222963095 0.247462347
v -0.127063662 0.227100372 0.242050514
v -0.064319924 0.229974151 0.245958745
v -0.132139266 0.234188855 0.239533663
v -0.059638441 0.237509519 0.244049668
v -0.121072985 0.241920263 0.236888289
v -0.070949629 0.244215995 0.240010425
v -0.120481804 0.249093145 0.232664511
v -0.071670383 0.251334667 0.235860020
v -0.096032672 0.264324695 0.224033773
v -0.093934774 0.174683839 0.227412969
v -0.097035237 0.252408564 0.240809247
v -0.090777062 0.174784169 0.227700651
v -0.094667688 0.252835512 0.238741279
v -0.181619957 0.091305971 0.235933766
v -0.173545495 0.139430180 0.231840193
v -0.189185306 0.092110679 0.238405079
v -0.180954278 0.141534105 0.234288841
v -0.198495626 0.082482956 0.241247788
v -0.186589882 0.153971389 0.235293865
v -0.205133468 0.088629648 0.242016375
v -0.194830000 0.150497243 0.236863732
v -0.213985249 0.081178740 0.243069395
v -0.200780362 0.160467893 0.236465797
v -0.219896391 0.091070265 0.241800085
v -0.209592894 0.152937859 0.236647427
v -0.228021443 0.087364189 0.240815192
v -0.216115698 0.158852622 0.234861270
v -0.233474046 0.099432521 0.237756178
v -0.225243017 0.148855954 0.233639941
v -0.240616411 0.101059258 0.235045254
v -0.232612401 0.149192244 0.230937213
v -0.251082271 0.126947314 0.226351500
v -0.162404001 0.111568682 0.229186967
v -0.239100277 0.125847623 0.241186962
v -0.162635297 0.112877458 0.226306409
v -0.239743263 0.124684438 0.238306403
v 0.004543394 -0.000789201 0.005266391
v -0.149542332 0.025975788 0.142209530
v 0.001234218 -0.006367345 0.002633199
v -0.152851507 0.020397644 0.139576331
v -0.003309175 -0.005578148 -0.002633184
v -0.157394901 0.021186840 0.134309947
v -0.004543394 0.000789192 -0.005266376
v -0.158629119 0.027554180 0.131676763
v -0.001234218 0.006367336 -0.002633184
v -0.155319944 0.033132326 0.134309947
v 0.003309175 0.005578139 0.002633199
v -0.150776550 0.032343127 0.139576331
v -0.177363068 -0.000645963 0.149977744
v -0.166585162 0.061163258 0.147784367
v -0.186512902 0.000257533 0.154876545
v -0.175488263 0.063726313 0.152803943
v -0.198076412 -0.012192896 0.159510091
v -0.182129845 0.079611398 0.156512171
v -0.206206575 -0.004317299 0.162355900
v -0.192406088 0.075132072 0.159761429
v -0.217465103 -0.013826819 0.164515808
v -0.199778467 0.087995023 0.161190763
v -0.224953711 -0.000986040 0.164648011
v -0.211153209 0.078463331 0.162053540
v -0.235570654 -0.005530378 0.164094299
v -0.219624087 0.086273916 0.161096379
v -0.242754251 0.010251308 0.161752880
v -0.231729627 0.073720083 0.159680262
v -0.252306402 0.012671512 0.159078449
v -0.241599917 0.074491836 0.156911269
v -0.266542941 0.046694122 0.150712565
v -0.154199123 0.025566736 0.137721017
v -0.252512097 0.043481942 0.150316611
v -0.153922781 0.028286332 0.136111230
v -0.252755642 0.044234082 0.147244319
v -0.174665883 0.068919152 0.148472995
v -0.137775749 0.101103395 0.147371829
v -0.180195823 0.074372284 0.152706832
v -0.142367497 0.107470758 0.151770487
v -0.193670452 0.072829045 0.156303570
v -0.138953730 0.120704271 0.154949188
v -0.194981068 0.081815094 0.158285186
v -0.147628069 0.123247325 0.157113075
v -0.206598371 0.081656225 0.159056321
v -0.145911038 0.134755522 0.157554150
v -0.204837501 0.093071379 0.157979012
v -0.157484502 0.134503603 0.156806886
v -0.213383317 0.095341615 0.155691206
v -0.158666596 0.143216833 0.154336810
v -0.209765136 0.108141139 0.151788279
v -0.171936795 0.141239613 0.150851935
v -0.214067519 0.113917492 0.147008523
v -0.177229017 0.146169350 0.146280825
v -0.205098569 0.140611336 0.135121480
v -0.146443412 0.072402231 0.138500124
v -0.145792216 0.073560841 0.135619581
v -0.198726654 0.130661011 0.148726135
v -0.196320072 0.132707879 0.149013817
v -0.162388653 -0.048388224 0.145595372
v -0.186124340 -0.005657065 0.148528010
v -0.168196931 -0.052660063 0.149682999
v -0.192603946 -0.008822022 0.152828217
v -0.168960720 -0.066155925 0.152487561
v -0.204264194 -0.002746470 0.157036960
v -0.177641764 -0.065581620 0.155328646
v -0.208194137 -0.010705744 0.159265786
v -0.179749846 -0.076980762 0.156225488
v -0.218905598 -0.006652161 0.161271304
v -0.190569222 -0.072906777 0.157109007
v -0.221121609 -0.018030902 0.161046147
v -0.194815651 -0.080806240 0.156048268
v -0.230119139 -0.017396783 0.160597667
v -0.206979334 -0.074635535 0.155024067
v -0.231386364 -0.030797491 0.158169284
v -0.214064613 -0.077664711 0.152676210
v -0.237860292 -0.034968931 0.155608654
v -0.239643112 -0.063517734 0.147632584
v -0.161374748 -0.020752124 0.137400672
v -0.230737463 -0.056287456 0.150122419
v -0.163047999 -0.018067667 0.136386067
v -0.229855448 -0.058525674 0.148054466
v 0.002132428 0.001956385 0.039610669
v 0.079026639 -0.189150333 0.084333420
v 0.083642699 -0.187843278 0.081643872
v 0.004616048 0.001307070 0.032310478
v 0.084084854 -0.188901573 0.076264791
v 0.000442151 -0.001058288 0.029620934
v 0.079910949 -0.191266924 0.073575251
v -0.004173905 -0.002365351 0.032310478
v -0.004616056 -0.001307055 0.037689559
v 0.074445963 -0.192307159 0.078954324
v 0.079468794 -0.190208629 -0.020164691
v 0.090851389 -0.192947149 -0.013291251
v 0.093346655 -0.183434099 -0.010415419
v 0.082207277 -0.178826049 -0.013291257
v 0.072494224 -0.181119218 -0.013619283
v 0.067954428 -0.191376776 -0.013575159
v 0.073356494 -0.200193733 -0.013291260
v 0.083948545 -0.201023698 -0.013520563
v 0.099197760 -0.192902029 -0.004613011
v 0.079919793 -0.171073362 -0.006271628
v 0.067395478 -0.174015865 -0.004209965
v 0.061086677 -0.182055786 -0.004361320
v 0.059600201 -0.192532673 -0.004518489
v 0.063485853 -0.202385128 -0.004371562
v 0.071848698 -0.208605289 -0.004602952
v 0.082178384 -0.209937230 -0.004697913
v 0.090262763 -0.206857264 -0.004847525
v 0.097445533 -0.200712129 -0.003386534
v 0.099071369 -0.178501755 -0.000686492
v 0.090262756 -0.173560008 -0.004847536
v 0.076521277 -0.166469738 0.000939344
v 0.109549649 -0.186248407 0.008080040
v 0.103858769 -0.171759889 0.008234910
v 0.091020808 -0.162319645 0.008116920
v 0.075267740 -0.159917086 0.008234904
v 0.060998719 -0.166137949 0.008080039
v 0.054393217 -0.172928914 0.009039382
v 0.049518075 -0.186265543 0.007743918
v 0.051566772 -0.202016160 0.008378414
v 0.061050776 -0.214428023 0.008719469
v 0.074786894 -0.220269546 0.008081131
v 0.085187629 -0.219939739 0.008617668
v 0.098195449 -0.214026824 0.008408018
v 0.107802585 -0.201716155 0.008234906
v 0.115992531 -0.190208629 0.022353329
v 0.109551623 -0.177340597 0.014182162
v 0.105358131 -0.164319322 0.022200268
v 0.079468809 -0.153640002 0.022182785
v 0.066677511 -0.159327850 0.015755709
v 0.044188116 -0.180679530 0.022386771
v 0.042866629 -0.189757317 0.022353491
v 0.069438137 -0.225327447 0.022159841
v 0.111198150 -0.208527580 0.022285506
v 0.114897914 -0.199081242 0.022159876
v 0.113685653 -0.176035538 0.022404499
v 0.094007105 -0.156198815 0.021799682
v 0.064930484 -0.156198815 0.021799671
v 0.049971249 -0.167926803 0.022044022
v 0.044072539 -0.199910417 0.022147356
v 0.049971256 -0.212490469 0.022044018
v 0.061331175 -0.222105876 0.022106286
v 0.084397174 -0.226845562 0.022025736
v 0.102578871 -0.219162405 0.022123797
v 0.107876837 -0.161800578 0.036855862
v 0.089832447 -0.151383877 0.036892936
v 0.069336094 -0.150944188 0.039162539
v 0.069070734 -0.229014739 0.036855858
v 0.099564940 -0.225016147 0.036926050
v 0.118539155 -0.201065674 0.039162535
v 0.119959548 -0.190656468 0.040267803
v 0.118696153 -0.179697692 0.039782811
v 0.114592150 -0.169620752 0.041569244
v 0.099577859 -0.155374706 0.036617950
v 0.079916626 -0.149717882 0.040267844
v 0.059359740 -0.155374706 0.036617938
v 0.050937306 -0.161348552 0.040199835
v 0.044345450 -0.169620752 0.041569237
v 0.040256660 -0.179182380 0.041818075
v 0.038917530 -0.189766541 0.039290208
v 0.040329762 -0.200936481 0.040199876
v 0.044636875 -0.210321188 0.036617976
v 0.050870787 -0.219185591 0.041569222
v 0.059359726 -0.225042552 0.036617916
v 0.084710263 -0.230379000 0.036391325
v 0.108066820 -0.219185591 0.041569240
v 0.114301801 -0.210319489 0.036614656
v 0.079503492 -0.230070174 0.050357267
v 0.089819193 -0.228702962 0.050357066
v 0.107641168 -0.162084296 0.050908871
v 0.098165952 -0.157365635 0.064685129
v 0.089545250 -0.153597444 0.064298257
v 0.060374513 -0.157594919 0.064685136
v 0.046855096 -0.209302902 0.064685166
v 0.060374528 -0.222822353 0.064685151
v 0.069132969 -0.228651211 0.050908819
v 0.098341510 -0.222897112 0.064938977
v 0.112082489 -0.209302932 0.064685144
v 0.116602570 -0.190138340 0.066218339
v 0.115414202 -0.180577099 0.065804780
v 0.079405762 -0.152973637 0.065765686
v 0.069789968 -0.154358357 0.066218369
v 0.053154934 -0.163894773 0.065804787
v 0.042287227 -0.190072924 0.066016085
v 0.043624979 -0.199812949 0.066262268
v 0.079531811 -0.227443635 0.065765694
v 0.088878222 -0.226152420 0.066061653
v 0.115348309 -0.199963003 0.066016085
v 0.111468494 -0.171733603 0.066532098
v 0.105251074 -0.163774818 0.066457093
v 0.045069188 -0.175637782 0.066276476
v 0.053244215 -0.216433227 0.066031247
v 0.070082575 -0.225861862 0.066671312
v 0.105693385 -0.216433227 0.066031247
v 0.108311996 -0.194005921 0.078965276
v 0.105545543 -0.176294833 0.078979999
v 0.091264620 -0.163526848 0.078962475
v 0.072778232 -0.161419287 0.078979999
v 0.056247476 -0.172390297 0.078958437
v 0.050463777 -0.187083125 0.078962475
v 0.052591208 -0.201341674 0.078965276
v 0.063842595 -0.215296730 0.078979999
v 0.086159371 -0.218997985 0.078979999
v 0.102690108 -0.208026975 0.078958437
v 0.079468794 -0.190208629 0.080441132
v 0.094928913 -0.183392838 0.081373513
v 0.092155412 -0.177182108 0.080414303
v 0.092155412 -0.177182093 0.073494390
v 0.096841291 -0.176557109 0.076954342
v 0.094928913 -0.183392853 0.072535180
v 0.096467875 -0.196886286 0.080302939
v 0.096467875 -0.196886286 0.073605753
v 0.098340511 -0.199972555 0.076954342
v 0.093144000 -0.203860149 0.080136321
v 0.093144007 -0.208863273 0.075933829
v 0.089820132 -0.196886286 0.080302939
v 0.089820132 -0.196886286 0.073605753
v 0.087947495 -0.199972555 0.076954342
v 0.091872178 -0.171601266 0.076954342
v 0.077932775 -0.177845061 0.081286542
v 0.071611181 -0.172237113 0.080414303
v 0.065953039 -0.171438143 0.075933829
v 0.076014467 -0.169243351 0.076954350
v 0.091072597 -0.176105037 0.080302939
v 0.078371033 -0.171978056 0.073605753
v 0.096389122 -0.180287957 0.073494390
v 0.095778137 -0.182168365 0.080414303
v 0.101784348 -0.181743145 0.076954342
v 0.089625292 -0.181006476 0.072535180
v 0.091374874 -0.185162127 0.076954342
v 0.076316737 -0.178300440 0.073605753
v 0.069568768 -0.176500514 0.076954342
v 0.067235678 -0.187848940 0.081286535
v 0.059948727 -0.192128167 0.080414295
v 0.056439251 -0.196476683 0.076954342
v 0.059948724 -0.192128181 0.073494390
v 0.069940343 -0.171216950 0.076954342
v 0.069641255 -0.174814507 0.080302931
v 0.069641270 -0.174814492 0.073605761
v 0.076861925 -0.172212914 0.080414295
v 0.076861925 -0.172212914 0.073494390
v 0.080371402 -0.167864412 0.076954342
v 0.067235671 -0.187848955 0.072622158
v 0.066870302 -0.193124160 0.076954342
v 0.067235686 -0.192568332 0.081286542
v 0.078313552 -0.214047968 0.076954342
v 0.069641262 -0.205602765 0.080302939
v 0.058462169 -0.193401963 0.076954342
v 0.069641270 -0.205602750 0.073605753
v 0.059948727 -0.188289106 0.080414295
v 0.059948727 -0.188289106 0.073494390
v 0.058497105 -0.182445467 0.076954342
v 0.067235678 -0.192568347 0.072622150
v 0.076861925 -0.208204344 0.080414295
v 0.078348480 -0.203091472 0.076954342
v 0.076861925 -0.208204344 0.073494397
v 0.079410732 -0.207120940 0.081286535
v 0.096389122 -0.200129315 0.080414303
v 0.096389137 -0.200129315 0.073494390
v 0.101784356 -0.198674098 0.076954342
v 0.085310444 -0.208187371 0.076954342
v 0.079410732 -0.207120940 0.072622158
v 0.071000203 -0.206299752 0.080414295
v 0.066390999 -0.210174099 0.076954342
v 0.071000189 -0.206299752 0.073494397
v 0.072802842 -0.201289564 0.076954342
v 0.089018323 -0.197989836 0.073605761
v 0.089018323 -0.197989836 0.080302931
v 0.095535509 -0.195479646 0.076954342
v 0.113711238 -0.188180640 0.026504666
v 0.115020581 -0.186995178 0.019846868
v 0.116690487 -0.187858835 0.024334004
v 0.116690487 -0.189688861 0.020521905
v 0.115020581 -0.190552518 0.025009042
v 0.113711238 -0.189367056 0.018351244
v 0.111907281 -0.189688861 0.024334006
v 0.111907281 -0.187858835 0.020521903
v 0.110189483 -0.177170157 0.019144438
v 0.108880147 -0.174798280 0.017648818
v 0.111993447 -0.175661936 0.016973779
v 0.110189483 -0.175983742 0.010991017
v 0.111993447 -0.177491963 0.013161678
v 0.107210234 -0.177491963 0.016973775
v 0.108880147 -0.178355619 0.012486641
v 0.107210234 -0.175661936 0.013161679
v 0.100500293 -0.161822513 0.029382546
v 0.101809636 -0.160637051 0.022724753
v 0.103479542 -0.161500707 0.027211884
v 0.103479542 -0.163330719 0.023399793
v 0.101809636 -0.164194390 0.027886927
v 0.100500293 -0.163008928 0.021229131
v 0.098696329 -0.163330734 0.027211884
v 0.098696329 -0.161500722 0.023399793
v 0.090683475 -0.160133481 0.049513932
v 0.089374140 -0.157761604 0.048018314
v 0.092487440 -0.158625260 0.047343276
v 0.090683475 -0.158947065 0.041360520
v 0.092487440 -0.160455287 0.043531172
v 0.087704226 -0.160455287 0.047343276
v 0.089374140 -0.161318943 0.042856138
v 0.087704226 -0.158625260 0.043531176
v 0.070030615 -0.157286584 0.039590161
v 0.068721280 -0.154914707 0.038094547
v 0.070030615 -0.156100169 0.031436749
v 0.071834579 -0.155778363 0.037419505
v 0.071834579 -0.157608390 0.033607405
v 0.068721272 -0.158472046 0.032932371
v 0.067051366 -0.157608390 0.037419505
v 0.067051366 -0.155778378 0.033607405
v 0.057723429 -0.163470954 0.036486771
v 0.056414090 -0.161099076 0.034991156
v 0.059527386 -0.161962748 0.034316130
v 0.057723429 -0.162284538 0.028333342
v 0.059527386 -0.163792744 0.030503992
v 0.054744184 -0.163792744 0.034316130
v 0.056414090 -0.164656416 0.029828956
v 0.054744184 -0.161962748 0.030503992
v 0.050363239 -0.172940984 0.019031540
v 0.053342488 -0.172619179 0.016860889
v 0.051672585 -0.171755522 0.012373741
v 0.053342488 -0.174449190 0.013048767
v 0.051672582 -0.175312862 0.017535923
v 0.048559286 -0.174449205 0.016860891
v 0.050363239 -0.174127400 0.010878119
v 0.048559286 -0.172619179 0.013048766
v 0.047832832 -0.189294890 0.014164054
v 0.050286215 -0.188176021 0.011679583
v 0.049008116 -0.189294890 0.006010615
v 0.050812073 -0.190803081 0.008181261
v 0.049466208 -0.190948367 0.013406085
v 0.046028879 -0.190803081 0.011993408
v 0.047698781 -0.191666737 0.007506228
v 0.046028879 -0.188973084 0.008181263
v 0.051953297 -0.207017839 0.017399473
v 0.050643954 -0.204645962 0.015903853
v 0.053757254 -0.205509618 0.015228826
v 0.052411392 -0.205364332 0.010004030
v 0.053757254 -0.207339630 0.011416703
v 0.049499910 -0.208136708 0.014915009
v 0.050778009 -0.207017839 0.009246055
v 0.048974052 -0.205509618 0.011416703
v 0.058080584 -0.216921449 0.023663282
v 0.059255861 -0.216921449 0.015509847
v 0.060533959 -0.215802595 0.021178817
v 0.061059821 -0.218429655 0.017680494
v 0.059389915 -0.219293326 0.022167662
v 0.057622489 -0.218574941 0.016267823
v 0.056276619 -0.218429655 0.021492630
v 0.056276619 -0.216599658 0.017680494
v 0.075677656 -0.222220823 0.018250734
v 0.074399561 -0.221101955 0.012581786
v 0.078656904 -0.221899033 0.016080078
v 0.076852940 -0.222220823 0.010097312
v 0.078656904 -0.223729029 0.012267977
v 0.077311039 -0.223874316 0.017492753
v 0.073873699 -0.223729029 0.016080080
v 0.075543605 -0.224592701 0.011592928
v 0.083942153 -0.222202986 0.018865021
v 0.085251488 -0.221017525 0.012207218
v 0.086921401 -0.221881181 0.016694356
v 0.086921401 -0.223711193 0.012882256
v 0.085251488 -0.224574849 0.017369404
v 0.083942153 -0.223389387 0.010711596
v 0.082138196 -0.223711193 0.016694359
v 0.082138196 -0.221881181 0.012882255
v 0.098226272 -0.212234929 0.011704714
v 0.100679651 -0.211116061 0.009220236
v 0.099401549 -0.212234929 0.003551275
v 0.101205513 -0.213743120 0.005721932
v 0.099535607 -0.214606777 0.010209096
v 0.096422300 -0.213743120 0.009534054
v 0.097768188 -0.213888407 0.004309241
v 0.096422300 -0.211913124 0.005721939
v 0.108429223 -0.207484975 0.024642058
v 0.109738566 -0.206299514 0.017984260
v 0.111408472 -0.207163170 0.022471396
v 0.111408472 -0.208993182 0.018659297
v 0.109738559 -0.209856853 0.023146439
v 0.108429223 -0.208671391 0.016488636
v 0.106625266 -0.208993196 0.022471398
v 0.106625266 -0.207163170 0.018659296
v -0.001284175 -0.000149383 0.040345915
v 0.237989426 0.027685836 0.098601013
v -0.001192488 0.004656546 0.037672967
v 0.238081127 0.032491766 0.095928073
v 0.000786194 0.002831619 0.030417828
v 0.239365280 0.032641158 0.090582177
v 0.240557760 0.027984619 0.087909229
v 0.001192473 -0.004656531 0.032327071
v -0.000091694 -0.004805921 0.037672967
v 0.239902630 0.022428107 0.093255132
v 0.239273593 0.027835235 -0.015061207
v 0.251282215 0.030725678 -0.007548847
v 0.245721146 0.038370438 -0.007548855
v 0.234937295 0.039250992 -0.007857555
v 0.227381736 0.027835239 -0.008414429
v 0.234647840 0.016667644 -0.007906686
v 0.247356504 0.019211963 -0.008406958
v 0.260358989 0.025592297 0.002196711
v 0.258308887 0.036318637 0.001617907
v 0.241516531 0.048920643 0.002196717
v 0.230840713 0.047635421 0.002663249
v 0.222375616 0.037591305 -0.000727278
v 0.219651699 0.023068026 0.000122378
v 0.226937115 0.012169104 0.000071182
v 0.236544505 0.007982500 0.000212457
v 0.247146890 0.009206810 0.000405134
v 0.256412625 0.015350052 0.002196761
v 0.259484291 0.042822540 0.008004330
v 0.251748830 0.044358335 0.001409595
v 0.219827697 0.043138348 0.007380052
v 0.214436606 0.028415715 0.007170087
v 0.219414011 0.012596392 0.007699884
v 0.230266124 0.004549208 0.007720256
v 0.245612949 0.004176481 0.006817145
v 0.271007001 0.032013007 0.015804373
v 0.266892761 0.043573670 0.016166007
v 0.261609226 0.050170872 0.016052263
v 0.255012006 0.055454429 0.016166033
v 0.247235060 0.058531981 0.016352190
v 0.239093870 0.059623349 0.016166015
v 0.227169827 0.057561237 0.015767993
v 0.216670156 0.050078422 0.016352190
v 0.211642414 0.043788120 0.016465461
v 0.207654372 0.032345060 0.015619213
v 0.209797829 0.015569742 0.015679801
v 0.220104367 0.002288160 0.015619198
v 0.235255808 -0.003932660 0.015902413
v 0.251813412 -0.001539345 0.015619199
v 0.260221153 0.003680001 0.016475305
v 0.269206882 0.016256493 0.015805554
v 0.273972392 0.032692429 0.023589898
v 0.225875080 0.059858073 0.022972343
v 0.201902390 0.037194874 0.031178264
v 0.200725302 0.027758736 0.031424791
v 0.202013239 0.017711202 0.031262103
v 0.218070090 0.000202307 0.023041446
v 0.239273593 -0.010812906 0.031319268
v 0.249530628 -0.008970672 0.030699374
v 0.272552133 0.009062380 0.030699331
v 0.276533961 0.017711205 0.031262074
v 0.277981311 0.027581580 0.031128703
v 0.275499493 0.041963637 0.030657744
v 0.262826413 0.058899712 0.031043611
v 0.244626179 0.066551261 0.031072503
v 0.228930905 0.065163046 0.031244129
v 0.215564802 0.058906689 0.031458970
v 0.205624923 0.046969388 0.031128662
v 0.208943173 0.003499789 0.030654684
v 0.219622180 -0.005543783 0.031244121
v 0.229010269 -0.009487872 0.031128686
v 0.263183653 -0.002955127 0.031043600
v 0.276423454 0.049165428 0.050320767
v 0.239313707 0.070227198 0.047289837
v 0.198317811 0.038809299 0.047326073
v 0.202649772 0.006491199 0.047450829
v 0.250085324 -0.013543650 0.049886588
v 0.276423454 0.006505054 0.050320767
v 0.281705111 0.027833110 0.046990216
v 0.280243099 0.038852856 0.046959870
v 0.269243777 0.057863247 0.046956014
v 0.260695219 0.064938553 0.050445743
v 0.250144929 0.069116205 0.049609125
v 0.227956012 0.069125466 0.050900403
v 0.217943683 0.064779744 0.050169211
v 0.209301800 0.057861552 0.046959806
v 0.202552781 0.049083162 0.046956066
v 0.196512908 0.028097246 0.050270069
v 0.197902128 0.017021077 0.050270036
v 0.209303424 -0.002192765 0.046956062
v 0.217330605 -0.009112095 0.052666802
v 0.227955982 -0.013454988 0.050900411
v 0.239273593 -0.014596365 0.046986662
v 0.260695219 -0.009268074 0.050445747
v 0.270031601 -0.002173855 0.052666772
v 0.280241221 0.016811786 0.046969119
v 0.279137969 0.028079187 0.077676579
v 0.279844940 0.038660832 0.062632389
v 0.268008322 0.055833183 0.076866224
v 0.239309654 0.069830291 0.062606692
v 0.209575236 0.057528812 0.062550202
v 0.204271615 0.047442105 0.076866239
v 0.200814560 0.038140297 0.077953696
v 0.204872027 0.007691774 0.077676587
v 0.210538879 -0.000162695 0.076866224
v 0.239029661 -0.012029125 0.077676609
v 0.279844940 0.017009640 0.062632389
v 0.273101926 0.047629215 0.079173908
v 0.259067535 0.061663616 0.079173900
v 0.249627084 0.065686375 0.079087444
v 0.229113474 0.065753371 0.078892782
v 0.219829813 0.061921049 0.079087429
v 0.199994937 0.027768636 0.078849807
v 0.201456070 0.017625216 0.079345122
v 0.229113474 -0.010082902 0.078892790
v 0.249284908 -0.010087943 0.079123795
v 0.258672863 -0.006221008 0.079173893
v 0.273101926 0.008041255 0.079173908
v 0.276766181 0.038386624 0.079610176
v 0.239102855 0.066723168 0.079844788
v 0.211713538 0.055395313 0.079691008
v 0.219977483 -0.005928057 0.079844810
v 0.266467392 -0.000048832 0.079610236
v 0.276792258 0.017605389 0.079844803
v 0.269701689 0.023829183 0.093266807
v 0.267976403 0.038939815 0.093263701
v 0.258071125 0.052332610 0.093259215
v 0.243279546 0.058263350 0.093266807
v 0.224594831 0.055345319 0.093282036
v 0.211125568 0.040279090 0.093263701
v 0.208901763 0.020776762 0.093282036
v 0.223597497 0.000683437 0.093278676
v 0.244008183 -0.002574398 0.093263701
v 0.262047172 0.006536498 0.093282036
v 0.239273593 0.027835235 0.094879866
v 0.251791507 0.020590305 0.095673434
v 0.253700197 0.047536783 0.092243068
v 0.253700167 0.042236820 0.088073142
v 0.257600605 0.042236820 0.091255121
v 0.257204652 0.034835279 0.094611071
v 0.259216219 0.027835235 0.091255121
v 0.257204652 0.034835283 0.087899171
v 0.254758269 0.014112980 0.094725989
v 0.255068690 0.008220225 0.091255121
v 0.254758269 0.014112990 0.087784253
v 0.249799743 0.013433650 0.091255121
v 0.251791507 0.020590315 0.086836807
v 0.250195682 0.034835335 0.094611064
v 0.248184130 0.027835235 0.091255121
v 0.250195682 0.034835279 0.087899178
v 0.249799743 0.042236820 0.091255121
v 0.236251503 0.041979272 0.095673434
v 0.225499555 0.048918623 0.091255121
v 0.231007978 0.046802431 0.094725989
v 0.245436192 0.046801783 0.091255121
v 0.238157153 0.047051813 0.087899171
v 0.251472056 0.042725537 0.094611071
v 0.258633673 0.040814914 0.091255121
v 0.262468934 0.035467602 0.092243068
v 0.257109255 0.038321611 0.087784253
v 0.249306172 0.036059625 0.094611071
v 0.256223083 0.033395857 0.091255121
v 0.248240188 0.037403848 0.086923942
v 0.242027104 0.036309652 0.091255121
v 0.228829622 0.042296521 0.091255121
v 0.230354041 0.044789825 0.087784253
v 0.228809327 0.042323928 0.095586300
v 0.218680516 0.025835350 0.094725989
v 0.214965701 0.021250464 0.091255121
v 0.223139688 0.039557204 0.091255121
v 0.220652536 0.032711662 0.087899171
v 0.236524016 0.046794560 0.094725989
v 0.238024533 0.052988235 0.091255128
v 0.234811991 0.048038423 0.087784261
v 0.239222810 0.045673471 0.091255121
v 0.232944146 0.039319824 0.086923942
v 0.226322934 0.028591914 0.094611071
v 0.232064828 0.033072710 0.091255121
v 0.222292736 0.022371214 0.091255121
v 0.220392525 0.024591483 0.087784261
v 0.233404875 0.014616128 0.095673434
v 0.238024533 0.002682236 0.091255128
v 0.234811991 0.007632038 0.094725981
v 0.234811991 0.007632052 0.087784253
v 0.223139688 0.016113263 0.091255121
v 0.220652521 0.022958808 0.094611071
v 0.215981707 0.028714022 0.091255121
v 0.222260371 0.022360381 0.086923942
v 0.216021985 0.035294402 0.092243068
v 0.226322934 0.027078550 0.094611064
v 0.222292736 0.033299252 0.091255121
v 0.220392525 0.031078979 0.087784253
v 0.232064828 0.022597760 0.091255121
v 0.234551996 0.015752219 0.087899171
v 0.239222810 0.009997001 0.091255121
v 0.236251488 0.013691196 0.095673434
v 0.262468934 0.020202875 0.092243068
v 0.258633673 0.014855562 0.091255121
v 0.257109255 0.017348861 0.087784253
v 0.251472056 0.012944937 0.094611071
v 0.245436192 0.008868689 0.091255121
v 0.231240228 0.005954890 0.091255121
v 0.238157153 0.008618660 0.087899171
v 0.231007978 0.008868041 0.094725989
v 0.224994361 0.008026636 0.090267181
v 0.228829622 0.013373947 0.091255121
v 0.249306172 0.019610852 0.094611071
v 0.242027104 0.019360820 0.091255121
v 0.235991269 0.015284579 0.087899171
v 0.256223083 0.022274619 0.091255121
v 0.250032187 0.018168811 0.086836807
v 0.277435154 0.030030254 0.044900198
v 0.278553784 0.031587381 0.043254707
v 0.277219474 0.032139540 0.038204003
v 0.278735667 0.029421739 0.038694169
v 0.274441808 0.029134383 0.043254714
v 0.275776088 0.028582217 0.038204003
v 0.274259895 0.031300016 0.042876069
v 0.275560439 0.030691504 0.036670029
v 0.275020957 0.040823516 0.045552772
v 0.276220351 0.042082913 0.041476060
v 0.276671201 0.039291166 0.043567009
v 0.275853485 0.040604949 0.037694462
v 0.273454517 0.038468447 0.044041969
v 0.272596449 0.039012637 0.038815133
v 0.272195429 0.041169442 0.043567020
v 0.273495972 0.040560931 0.037360981
v 0.260770500 0.058243006 0.047939926
v 0.263414145 0.058876298 0.041393619
v 0.263182640 0.057649795 0.047156397
v 0.263014525 0.055926520 0.042011250
v 0.259302169 0.056423295 0.046332814
v 0.260770500 0.057056587 0.039786506
v 0.259492427 0.059361864 0.042270944
v 0.242382556 0.063379869 0.055508763
v 0.244023547 0.065158531 0.048679695
v 0.245693460 0.064294867 0.053166889
v 0.244239211 0.063049242 0.047145724
v 0.244958222 0.061656594 0.053112775
v 0.241245881 0.062153369 0.048791211
v 0.241063967 0.064319007 0.049169857
v 0.234622881 0.064193048 0.031889170
v 0.237602130 0.064514838 0.029718537
v 0.235932216 0.065378495 0.025231343
v 0.237602130 0.062684834 0.025906382
v 0.235932216 0.061821170 0.030393565
v 0.232818931 0.062684834 0.029718541
v 0.234622881 0.063006625 0.023735747
v 0.232818931 0.064514831 0.025906377
v 0.217176065 0.058373604 0.036466211
v 0.218485415 0.059559055 0.029808389
v 0.220292524 0.057780392 0.034692276
v 0.218701079 0.057449769 0.028274413
v 0.216784909 0.056018535 0.034955405
v 0.215926871 0.056562722 0.029728562
v 0.215372130 0.058695391 0.030483417
v 0.206903145 0.044667855 0.041483954
v 0.204327479 0.046391129 0.039087966
v 0.208039820 0.045894358 0.034766387
v 0.208221719 0.043728717 0.035145029
v 0.205262139 0.042889196 0.034654882
v 0.203592241 0.043752857 0.039142076
v 0.205046490 0.044998482 0.033120908
v 0.203319609 0.032332845 0.056040406
v 0.202041522 0.033451706 0.050371427
v 0.205963224 0.032966141 0.049494099
v 0.205731720 0.031739637 0.055256885
v 0.205563605 0.030016357 0.050111726
v 0.201851279 0.030513128 0.054433294
v 0.203319609 0.031146422 0.047886986
v 0.206338137 0.009677610 0.036203597
v 0.209649041 0.010592612 0.033861719
v 0.207979128 0.011456273 0.029374531
v 0.208194792 0.009346985 0.027840551
v 0.208913803 0.007954334 0.033807609
v 0.205201462 0.008451107 0.029486042
v 0.205019549 0.010616750 0.029864687
v 0.214753851 -0.000174111 0.041085821
v 0.217733100 0.000147681 0.038915191
v 0.216063187 0.001011341 0.034427993
v 0.217733100 -0.001682322 0.035103023
v 0.216063187 -0.002545981 0.039590221
v 0.212949902 -0.001682319 0.038915195
v 0.214753851 -0.001360530 0.032932393
v 0.212949902 0.000147679 0.035103019
v 0.233794138 -0.009560558 0.045137689
v 0.234185293 -0.007205486 0.043626878
v 0.235043332 -0.007749671 0.038400043
v 0.235598072 -0.009882354 0.039154895
v 0.232484788 -0.010746010 0.038479868
v 0.230677679 -0.008967347 0.043363754
v 0.232269123 -0.008636724 0.036945894
v 0.243797347 -0.008802701 0.048706595
v 0.247108236 -0.007887698 0.046364721
v 0.245438337 -0.007024037 0.041877527
v 0.245654002 -0.009133327 0.040343553
v 0.246372998 -0.010525978 0.046310607
v 0.242660671 -0.010029209 0.041989040
v 0.242478773 -0.007863550 0.042367682
v 0.264835477 0.000284715 0.035651367
v 0.263526112 0.002656585 0.034155764
v 0.264835477 0.001471132 0.027497940
v 0.266639411 0.001792927 0.033480737
v 0.266639411 -0.000037070 0.029668558
v 0.263526112 -0.000900739 0.028993547
v 0.261856228 -0.000037079 0.033480737
v 0.261856228 0.001792925 0.029668571
v 0.273678124 0.011621354 0.046102390
v 0.274069279 0.013976426 0.044591580
v 0.274927288 0.013432247 0.039364748
v 0.275482029 0.011299554 0.040119596
v 0.270561665 0.012214565 0.044328459
v 0.272368789 0.010435903 0.039444566
v 0.272153109 0.012545188 0.037910596
v -0.000593364 -0.001759619 0.004642388
v -0.004399799 0.000503816 0.002321195
v 0.045077231 0.141418532 0.063979171
v -0.001836035 0.002298862 -0.003979183
v 0.044124030 0.144399554 0.057678793
v 0.004930055 -0.001395275 -0.000633043
v 0.050361909 0.143186823 0.055568621
v 0.051736899 0.139872670 0.062321175
v 0.047930464 0.142136097 0.068999991
v 0.051974762 0.151899919 0.067732729
v 0.047930464 0.159255117 0.062781148
v 0.047930464 0.159255117 0.057218842
v 0.043886162 0.151899919 0.052267261
v 0.047930464 0.142136097 0.050999995
v 0.060035437 0.154241070 0.062781148
v 0.060035437 0.154241070 0.057218842
v 0.057247207 0.138276994 0.067687705
v 0.065049484 0.142136097 0.062781148
v 0.065049484 0.142136097 0.057218842
v 0.057247214 0.145995215 0.052312288
v 0.060035437 0.130031124 0.062781148
v 0.060035437 0.130031124 0.057218842
v 0.043886166 0.132372290 0.067732729
v 0.047930464 0.125017077 0.062781148
v 0.047930464 0.125017077 0.057218842
v 0.051974759 0.132372275 0.052267261
v 0.035825491 0.130031124 0.062781148
v 0.035825491 0.130031124 0.057218842
v 0.038613722 0.145995200 0.067687705
v 0.030811448 0.142136097 0.062781148
v 0.030811448 0.142136097 0.057218842
v 0.038613714 0.138276994 0.052312288
v 0.035825491 0.154241070 0.062781148
v 0.035825491 0.154241070 0.057218842
v 0.064848788 0.146465525 0.063921273
v 0.072930463 0.153136104 0.059999995
v 0.079351597 0.149076909 0.063101687
v 0.088486813 0.149914265 0.059999995
v 0.079351552 0.149076924 0.056898307
v 0.094372809 0.142136097 0.059318621
v 0.087470897 0.139424682 0.063202292
v 0.088486813 0.134357929 0.059999995
v 0.081012130 0.137806669 0.056078721
v 0.072930463 0.131136104 0.059999995
v 0.066509344 0.135195300 0.063101694
v 0.057374116 0.134357929 0.059999995
v 0.066509366 0.135195285 0.056898307
v 0.051488124 0.142136097 0.060681373
v 0.057374116 0.149914265 0.059999995
v 0.058390025 0.144847512 0.056797709
v 0.049040988 0.159564242 0.063921273
v 0.051038999 0.174164131 0.063101694
v 0.045194268 0.169311702 0.059999995
v 0.051039003 0.174164146 0.056898307
v 0.053065583 0.183111072 0.059999995
v 0.062727846 0.178903386 0.063202292
v 0.062281948 0.186305389 0.059318621
v 0.067860544 0.178303882 0.059999995
v 0.064241230 0.169874519 0.056898307
v 0.060272772 0.157660857 0.063101687
v 0.066117510 0.162513316 0.059999995
v 0.058246195 0.148713961 0.059999995
v 0.053741354 0.151245862 0.056797713
v 0.049029842 0.145519629 0.060681373
v 0.043451231 0.153521135 0.059999995
v 0.049040988 0.159564257 0.056078725
v 0.036788017 0.155583024 0.063921273
v 0.021239404 0.147931546 0.059999995
v 0.010547793 0.159681842 0.059999995
v 0.014347853 0.163183793 0.063202284
v 0.009906666 0.169762000 0.059999995
v 0.014347850 0.163183793 0.056797709
v 0.019691585 0.172267199 0.059999995
v 0.023711624 0.165083587 0.056078725
v 0.026589969 0.166220203 0.063101687
v 0.034170676 0.165729910 0.059999995
v 0.044862285 0.153979614 0.059999995
v 0.036979523 0.158671752 0.056898307
v 0.040290389 0.147686943 0.062828422
v 0.045052268 0.144227251 0.059318621
v 0.028820116 0.147441253 0.063101687
v 0.035718493 0.141394258 0.059999995
v 0.028820105 0.147441268 0.056898307
v 0.023711601 0.119188607 0.063921273
v 0.036979523 0.125600472 0.063101687
v 0.034170680 0.118542276 0.059999995
v 0.019691586 0.112004995 0.059999995
v 0.026589971 0.118052006 0.056898307
v 0.010357819 0.114837967 0.059318621
v 0.014347854 0.121088393 0.063202284
v 0.010547794 0.124590345 0.059999995
v 0.021239402 0.136340648 0.059999995
v 0.018430561 0.129282475 0.056898307
v 0.028820103 0.136830926 0.063101687
v 0.035718493 0.142877936 0.059999995
v 0.045052264 0.140044972 0.060681373
v 0.037874773 0.138181716 0.056797709
v 0.044862285 0.130292580 0.059999995
v 0.036788013 0.128689185 0.056078721
v 0.049040988 0.124707937 0.063921273
v 0.064241223 0.114397697 0.063101687
v 0.066117510 0.121758871 0.059999995
v 0.064241230 0.114397682 0.056898307
v 0.067860551 0.105968311 0.059999995
v 0.062281940 0.097966805 0.060681377
v 0.057570431 0.103693038 0.056797709
v 0.051039007 0.110108055 0.063101694
v 0.053065583 0.101161130 0.059999995
v 0.045194268 0.114960499 0.059999995
v 0.047070559 0.122321680 0.056898307
v 0.043451227 0.130751058 0.059999995
v 0.049029831 0.138752565 0.059318621
v 0.053741351 0.133026332 0.063202284
v 0.058246195 0.135558248 0.059999995
v 0.057276051 0.127383649 0.056078721
vn 0.000000017 -0.000000007 1.000000000
vn -0.000002043 0.450434566 0.892809451
vn -0.000009648 0.914307833 0.405020088
vn 0.000004780 0.914311528 -0.405011714
vn 0.000000000 0.450433195 -0.892810166
vn 0.000000003 -0.000000007 -1.000000000
vn 0.318503916 0.318506688 0.892809570
vn 0.646506429 0.646520078 0.405020148
vn 0.646513999 0.646507204 -0.405028671
vn 0.318506271 0.318506181 -0.892808795
vn 0.450434536 0.000002026 0.892809570
vn 0.914307833 0.000009595 0.405020177
vn 0.914311528 -0.000004768 -0.405011684
vn 0.450433165 0.000000000 -0.892810166
vn 0.318506718 -0.318503827 0.892809510
vn 0.646520078 -0.646506429 0.405020177
vn 0.646507204 -0.646513939 -0.405028671
vn 0.318506241 -0.318506211 -0.892808914
vn 0.000002031 -0.450434536 0.892809570
vn 0.000009638 -0.914307833 0.405020237
vn -0.000004787 -0.914311528 -0.405011743
vn 0.000000005 -0.450433195 -0.892810166
vn -0.318503857 -0.318506718 0.892809451
vn -0.646506429 -0.646520078 0.405020207
vn -0.646513939 -0.646507204 -0.405028641
vn -0.318506211 -0.318506211 -0.892808795
vn -0.450434536 -0.000002026 0.892809570
vn -0.914307833 -0.000009595 0.405020177
vn -0.914311528 0.000004768 -0.405011684
vn -0.450433165 0.000000000 -0.892810166
vn -0.318506747 0.318503797 0.892809510
vn -0.646520078 0.646506429 0.405020177
vn -0.646507263 0.646513939 -0.405028671
vn -0.318506271 0.318506181 -0.892808795
vn 0.532366991 0.833376288 0.148557454
vn 0.058879294 0.092163041 0.994001627
vn 0.962873995 0.232557401 -0.137079135
vn 0.489387453 -0.508655190 0.708357155
vn 0.667252779 -0.230214551 -0.708360851
vn 0.193755776 -0.971425474 0.137081176
vn -0.058877114 -0.092161775 -0.994001925
vn -0.532366157 -0.833376765 -0.148557991
vn -0.489384979 0.508654535 -0.708359361
vn -0.962874830 -0.232554406 0.137078300
vn -0.193759575 0.971424580 -0.137082011
vn -0.667249739 0.230210990 0.708364785
vn 0.101422839 0.174934968 0.979342222
vn 0.103337735 0.179309309 0.978350461
vn 0.085117623 0.149355367 0.985113204
vn 0.085820027 0.150961995 0.984807372
vn 0.051447619 0.096794344 0.993973851
vn 0.051446676 0.096795604 0.993973851
vn 0.013087826 0.036833387 0.999235690
vn 0.013086958 0.036833189 0.999235749
vn -0.031175848 -0.032461867 0.998986661
vn -0.031174112 -0.032458786 0.998986781
vn -0.075536303 -0.102018595 0.991910517
vn -0.075535625 -0.102018118 0.991910696
vn -0.113892503 -0.162254125 0.980154097
vn -0.113893762 -0.162256926 0.980153501
vn -0.149138898 -0.218271255 0.964424908
vn -0.148349583 -0.216443896 0.964958251
vn -0.174789056 -0.259824425 0.949705243
vn -0.173204675 -0.256130576 0.950998008
vn -0.194475055 -0.290797144 0.936811924
vn -0.824266553 -0.422268093 0.377192736
vn 0.902019262 0.405110657 -0.149152905
vn -0.071583726 -0.981592119 -0.177066833
vn -0.006111691 0.998654842 -0.051489033
vn 0.541730404 0.154031456 0.826318681
vn 0.552393496 0.160789028 0.817929268
vn 0.495459348 0.137166008 0.857732892
vn 0.499626696 0.139742747 0.854894817
vn 0.382862031 0.097551569 0.918640494
vn 0.382857651 0.097550094 0.918642581
vn 0.223850876 0.042629749 0.973690748
vn 0.223851219 0.042629845 0.973690569
vn 0.022094904 -0.025600869 0.999428034
vn 0.022100661 -0.025598688 0.999428034
vn -0.185236260 -0.094142683 0.978174150
vn -0.185238183 -0.094142668 0.978173852
vn -0.353349775 -0.148488417 0.923631489
vn -0.353348464 -0.148486927 0.923632205
vn -0.484040886 -0.189845234 0.854203343
vn -0.477842122 -0.189250723 0.857817650
vn -0.566594481 -0.216878414 0.794943094
vn -0.555360854 -0.216006547 0.803066313
vn -0.620441556 -0.235698923 0.747996151
vn 0.949576378 -0.257062167 -0.179509982
vn -0.602703810 -0.632991493 0.485870272
vn 0.620071471 0.780489266 -0.079674579
vn -0.967491746 0.110954769 -0.227263585
vn -0.014358455 0.482669920 0.875684559
vn -0.016901435 0.490305096 0.871386945
vn -0.008890586 0.443649709 0.896156251
vn -0.009828003 0.446529567 0.894715011
vn 0.002454973 0.357666075 0.933846295
vn 0.002454553 0.357668877 0.933845282
vn 0.015924904 0.251194894 0.967805505
vn 0.015925152 0.251196980 0.967804968
vn 0.031415693 0.122695260 0.991947055
vn 0.031415328 0.122695915 0.991947055
vn 0.046571083 -0.009811517 0.998866856
vn 0.046570491 -0.009812329 0.998866856
vn 0.059042871 -0.124596946 0.990449190
vn 0.059042949 -0.124599636 0.990448892
vn 0.070270926 -0.227408022 0.971260846
vn 0.069336824 -0.223957151 0.972129464
vn 0.078775249 -0.301534891 0.950195372
vn 0.076939270 -0.294734865 0.952476621
vn 0.083811939 -0.354906321 0.931137562
vn -0.378057837 -0.832599163 0.404785186
vn 0.034273420 0.754487872 -0.655418456
vn 0.565631807 -0.811457634 -0.146959960
vn -0.222597748 0.889641285 0.398733914
vn 0.003617592 0.995844007 0.091003425
vn 0.000604192 0.166775480 0.985994697
vn 0.688798845 0.702698290 -0.178245127
vn 0.685791492 -0.126370162 0.716743052
vn 0.686695814 0.121378630 -0.716739953
vn 0.683678985 -0.707680404 0.178245693
vn -0.000607061 -0.166776821 -0.985994518
vn -0.003611865 -0.995842874 -0.091016382
vn -0.685788929 0.126373589 -0.716744900
vn -0.688798070 -0.702699840 0.178241968
vn -0.683678746 0.707681537 -0.178241879
vn -0.686690032 -0.121390581 0.716743410
vn 0.085237272 0.279374152 0.956391513
vn 0.086586334 0.288677245 0.953503132
vn 0.087117970 0.244419485 0.965748191
vn 0.087623231 0.247859240 0.964825332
vn 0.088884652 0.165639564 0.982172668
vn 0.088884152 0.165637150 0.982173085
vn 0.089550421 0.072529443 0.993337989
vn 0.089549802 0.072529346 0.993338048
vn 0.089335412 -0.036210716 0.995343149
vn 0.089335546 -0.036207274 0.995343268
vn 0.088047452 -0.145517647 0.985430002
vn 0.088048294 -0.145518005 0.985429883
vn 0.086063489 -0.239230603 0.967141032
vn 0.086064078 -0.239233971 0.967140198
vn 0.082976528 -0.320016712 0.943771243
vn 0.083523408 -0.324153751 0.942310035
vn 0.079527333 -0.376305759 0.923076153
vn 0.080592029 -0.384509414 0.919596374
vn 0.077232905 -0.430917680 0.899080217
vn 0.470147640 0.864596665 0.177295938
vn 0.118500091 -0.770261049 0.626622319
vn -0.466670841 0.801175714 -0.374614209
vn -0.121270873 -0.895402074 -0.428425461
vn 0.401082963 0.391295552 0.828263402
vn 0.412659734 0.401482731 0.817632914
vn 0.377434045 0.354700208 0.855412960
vn 0.381877631 0.358623832 0.851797223
vn 0.310721159 0.263328969 0.913296342
vn 0.310717165 0.263330758 0.913297117
vn 0.215548247 0.139637530 0.966457665
vn 0.215550467 0.139638513 0.966457069
vn 0.093556076 -0.013859053 0.995517492
vn 0.093563423 -0.013857426 0.995516956
vn -0.034776654 -0.170003518 0.984829605
vn -0.034771632 -0.170001775 0.984830141
vn -0.142706290 -0.297218740 0.944084764
vn -0.142706722 -0.297219306 0.944084466
vn -0.227583811 -0.392393321 0.891197562
vn -0.231114224 -0.398433059 0.887601972
vn -0.284170151 -0.451661497 0.845724165
vn -0.290665179 -0.462793291 0.837458253
vn -0.333142579 -0.505626500 0.795837879
vn -0.229215562 -0.791651845 0.566345811
vn 0.563209713 0.502431631 -0.656016231
vn 0.479368836 0.782380998 0.397599638
vn -0.814842701 -0.491193831 -0.307830870
vn -0.433959752 0.438262522 0.787149847
vn -0.442629546 0.445965797 0.777941942
vn -0.406721443 0.400477320 0.821094155
vn -0.410098761 0.403495759 0.817930400
vn -0.340248108 0.308992743 0.888118684
vn -0.340252757 0.308997393 0.888115287
vn -0.244515941 0.181392863 0.952527463
vn -0.244515598 0.181391969 0.952527821
vn -0.119441479 0.020378053 0.992632031
vn -0.119434893 0.020376110 0.992632926
vn 0.013696354 -0.145061404 0.989327908
vn 0.013700027 -0.145061463 0.989327788
vn 0.125928834 -0.280011743 0.951701283
vn 0.125924721 -0.280007243 0.951703131
vn 0.212464511 -0.381103963 0.899788082
vn 0.215580240 -0.386545718 0.896720529
vn 0.269426972 -0.447997093 0.852471590
vn 0.275120735 -0.457938224 0.845340967
vn 0.314958811 -0.502132237 0.805396914
vn -0.394993663 0.841434300 0.368738860
vn 0.299505562 -0.722427845 0.623212993
vn -0.637358904 0.452121586 -0.623986959
vn 0.733007371 -0.571259558 -0.369273275
vn -0.782777786 0.616121173 0.087485045
vn -0.133787319 0.105306327 0.985399187
vn -0.129198134 0.975009739 -0.180731311
vn 0.519793212 0.464189410 0.717177272
vn 0.329092264 0.614297986 -0.717172444
vn 0.978074014 0.103474669 0.180732504
vn 0.133791238 -0.105305478 -0.985398769
vn 0.782775223 -0.616123199 -0.087494873
vn -0.519794047 -0.464188129 -0.717177451
vn 0.129197761 -0.975009859 0.180730939
vn -0.978073239 -0.103475854 -0.180736095
vn -0.329087615 -0.614292800 0.717179000
vn -0.347104549 0.196676672 0.916971505
vn -0.356641591 0.202015013 0.912138581
vn -0.310138047 0.166293919 0.936034560
vn -0.313740432 0.168311104 0.934472263
vn -0.226694688 0.097873271 0.969035864
vn -0.226690993 0.097870737 0.969036996
vn -0.119914800 0.011860400 0.992713332
vn -0.119916074 0.011860353 0.992713213
vn 0.009156461 -0.089997411 0.995899916
vn 0.009150393 -0.089993536 0.995900333
vn 0.139739662 -0.190762967 0.971639037
vn 0.139737174 -0.190762803 0.971639454
vn 0.248700410 -0.273006827 0.929309070
vn 0.248702899 -0.273009121 0.929307759
vn 0.340522081 -0.340871781 0.876271188
vn 0.337167442 -0.337260872 0.878961384
vn 0.402923733 -0.384976000 0.830328822
vn 0.396620601 -0.378166646 0.836470008
vn 0.447763056 -0.414896071 0.792066634
vn -0.391937822 0.902757108 0.177241340
vn 0.679988265 -0.380882382 0.626533866
vn -0.918652058 0.125515893 -0.374598622
vn 0.630970657 -0.646789610 -0.428414881
vn -0.085071236 0.373981923 0.923526168
vn -0.088671938 0.382431626 0.919719160
vn -0.075251333 0.331729174 0.940368533
vn -0.076592371 0.334905684 0.939133584
vn -0.054015774 0.238550231 0.969626784
vn -0.054016396 0.238552690 0.969626129
vn -0.027767899 0.123357013 0.991973817
vn -0.027767595 0.123355821 0.991973937
vn 0.003526208 -0.014013045 0.999895573
vn 0.003526436 -0.014013918 0.999895632
vn 0.035226356 -0.153194711 0.987568021
vn 0.035226479 -0.153194711 0.987568021
vn 0.062074810 -0.271096021 0.960548699
vn 0.062074464 -0.271091908 0.960549831
vn 0.086072341 -0.373619884 0.923579872
vn 0.084640503 -0.370208651 0.925084591
vn 0.103791371 -0.445765078 0.889112473
vn 0.100982822 -0.439190298 0.892700613
vn 0.115270533 -0.496581912 0.860301793
vn 0.261300415 0.953875601 0.147795454
vn 0.734699309 -0.307804197 0.604544044
vn -0.629434347 0.665869415 -0.400537521
vn 0.249298558 -0.638281882 -0.728317559
vn -0.645555615 -0.668265462 0.369701624
vn -0.570009649 -0.012202732 0.821547449
vn -0.583705485 -0.009391530 0.811911166
vn -0.529373407 -0.009484071 0.848336041
vn -0.534619987 -0.008448918 0.845050454
vn -0.426046968 -0.007117370 0.904673159
vn -0.426045150 -0.007117380 0.904673874
vn -0.287328184 -0.005378040 0.957817137
vn -0.287334889 -0.005377996 0.957815111
vn -0.114122309 -0.003155175 0.993461788
vn -0.114124484 -0.003155125 0.993461430
vn 0.066021197 -0.000788977 0.997817934
vn 0.066022001 -0.000788916 0.997817934
vn 0.218563840 0.001257312 0.975821853
vn 0.218570411 0.001257537 0.975820422
vn 0.340641886 0.001709647 0.940191507
vn 0.347290814 0.003016598 0.937752724
vn 0.421548069 0.000419971 0.906805933
vn 0.434159935 0.002987620 0.900830805
vn 0.496213287 0.001622344 0.868199110
vn -0.779655218 0.400953054 -0.481014013
vn 0.745665550 0.011022747 0.666229188
vn 0.909402490 0.012490605 -0.415729582
vn -0.876187027 -0.422729969 0.231507570
vn -0.935390830 -0.318900704 0.152795136
vn -0.099490665 -0.033915140 0.994460344
vn -0.898115516 0.418839395 -0.134022847
vn -0.062205825 0.703821182 0.707648396
vn -0.380676866 0.595247030 -0.707648277
vn 0.455232084 0.880228221 0.134022370
vn 0.099492870 0.033919320 -0.994459987
vn 0.935392559 0.318897605 -0.152791455
vn 0.062206235 -0.703821838 -0.707647622
vn 0.898115218 -0.418839812 0.134022892
vn -0.455231756 -0.880227745 -0.134026945
vn 0.380673409 -0.595248401 0.707649052
vn -0.415493220 -0.146355703 0.897744656
vn -0.422059953 -0.149990290 0.894074023
vn -0.379018962 -0.133857086 0.915656567
vn -0.381485850 -0.135210618 0.914432406
vn -0.299768507 -0.107002534 0.947992325
vn -0.299770653 -0.107003190 0.947991490
vn -0.203528851 -0.074335128 0.976242959
vn -0.203525037 -0.074335270 0.976243734
vn -0.088650055 -0.035267051 0.995438278
vn -0.088649780 -0.035268586 0.995438278
vn 0.028778920 0.004746056 0.999574542
vn 0.028778652 0.004745864 0.999574542
vn 0.130330443 0.039411679 0.990687013
vn 0.130325347 0.039410926 0.990687668
vn 0.217775539 0.069310792 0.973534644
vn 0.221919760 0.070010610 0.972548306
vn 0.280697823 0.090152651 0.955552876
vn 0.288908750 0.091517270 0.952972353
vn 0.337297827 0.108172715 0.935162485
vn 0.907570720 -0.184483156 0.377202004
vn -0.957667172 0.246230513 -0.149144217
vn 0.668958485 0.722020864 -0.176579803
vn -0.618802726 -0.783850670 -0.051587965
vn -0.516117930 0.164080903 0.840654373
vn -0.526425242 0.170660034 0.832917511
vn -0.479864091 0.152104124 0.864057183
vn -0.483785391 0.154566631 0.861429632
vn -0.392408401 0.119725280 0.911965847
vn -0.392412841 0.119726591 0.911963642
vn -0.280059099 0.077342331 0.956862032
vn -0.280055434 0.077342056 0.956863165
vn -0.141923442 0.025829017 0.989540577
vn -0.141917974 0.025827207 0.989541411
vn 0.001782265 -0.027127840 0.999630332
vn 0.001780125 -0.027128203 0.999630332
vn 0.125767171 -0.072317816 0.989420414
vn 0.125767022 -0.072316945 0.989420474
vn 0.234970286 -0.111725315 0.965560198
vn 0.230625853 -0.109268263 0.966887891
vn 0.311320454 -0.138162047 0.940207839
vn 0.302868515 -0.133362234 0.943655193
vn 0.367617339 -0.156509683 0.916712761
vn -0.581896484 0.794012427 -0.175900012
vn 0.742452085 -0.145213053 0.653971016
vn -0.971884191 -0.222593740 -0.076767497
vn 0.810914457 -0.426900148 -0.400217652
vn -0.370140254 -0.502041519 0.781633198
vn -0.380108237 -0.512816906 0.769763947
vn -0.352048010 -0.464827269 0.812402487
vn -0.355889350 -0.469017088 0.808310449
vn -0.298793703 -0.369935930 0.879698753
vn -0.298797071 -0.369938225 0.879696548
vn -0.220897526 -0.238477901 0.945691526
vn -0.220897809 -0.238477141 0.945691705
vn -0.119195245 -0.071771234 0.990273416
vn -0.119192332 -0.071772151 0.990273714
vn -0.010406181 0.101427406 0.994788527
vn -0.010404657 0.101427317 0.994788527
vn 0.082305521 0.245156571 0.965983450
vn 0.082301728 0.245154232 0.965984404
vn 0.158937693 0.361195177 0.918845415
vn 0.154483020 0.356668770 0.921369851
vn 0.208959475 0.437646985 0.874529064
vn 0.200534582 0.429348558 0.880593956
vn 0.242322281 0.490179777 0.837259650
vn 0.294738650 0.696409225 0.654326618
vn -0.500168085 -0.567200780 -0.654305041
vn 0.586521089 0.704538405 -0.399523169
vn -0.381340772 -0.833624065 0.399562657
vn -0.184148759 -0.963109553 0.196237624
vn -0.011481448 -0.060045112 0.998129666
vn -0.809278607 -0.578439295 -0.102352276
vn -0.636612654 0.324608982 0.699537933
vn -0.711458325 -0.066869795 -0.699539542
vn -0.538796246 0.836195230 0.102353610
vn 0.011483793 0.060055275 -0.998129070
vn 0.184147969 0.963110685 -0.196232870
vn 0.636604190 -0.324622482 -0.699539423
vn 0.809276819 0.578442097 0.102351479
vn 0.538797796 -0.836194336 -0.102352738
vn 0.711455762 0.066865392 0.699542522
vn -0.158454061 -0.481978178 0.861736357
vn -0.162658483 -0.493896365 0.854171276
vn -0.154497981 -0.442303568 0.883457959
vn -0.156087115 -0.446811676 0.880906403
vn -0.140636399 -0.346482784 0.927454174
vn -0.140637279 -0.346480638 0.927454770
vn -0.120463796 -0.224375322 0.967028558
vn -0.120464362 -0.224375784 0.967028439
vn -0.094144203 -0.075967818 0.992655933
vn -0.094144300 -0.075973220 0.992655575
vn -0.065244764 0.076143883 0.994959891
vn -0.065244175 0.076143384 0.994960010
vn -0.039106172 0.205668181 0.977840126
vn -0.039105471 0.205671236 0.977839530
vn -0.015449553 0.312186927 0.949895084
vn -0.015204337 0.318125546 0.947926700
vn 0.002493020 0.383980423 0.923337936
vn 0.002990051 0.395460159 0.918478370
vn 0.017930547 0.452105969 0.891784012
vn 0.609154880 0.697490454 0.377408832
vn -0.260401845 -0.733060837 -0.628341258
vn -0.298131526 0.938435316 -0.174518719
vn -0.049277425 -0.903226018 0.426326752
vn -0.365267694 -0.268626124 0.891302228
vn -0.369925171 -0.274500340 0.887583792
vn -0.336619645 -0.243377924 0.909645200
vn -0.338377178 -0.245569944 0.908403158
vn -0.273919880 -0.188854501 0.943028033
vn -0.273919791 -0.188852429 0.943028569
vn -0.197174087 -0.122624137 0.972669303
vn -0.197179571 -0.122624308 0.972668171
vn -0.104930513 -0.043687370 0.993519545
vn -0.104935482 -0.043687541 0.993518949
vn -0.009829240 0.036982622 0.999267578
vn -0.009832174 0.036982555 0.999267578
vn 0.072934859 0.106615618 0.991621733
vn 0.072936922 0.106617220 0.991621435
vn 0.144975439 0.165741578 0.975454748
vn 0.148219854 0.169481784 0.974323750
vn 0.195980743 0.206011117 0.958723605
vn 0.202414319 0.213437557 0.955757737
vn 0.244590029 0.246261954 0.937833071
vn -0.615001619 -0.679570436 0.399946421
vn 0.491579354 0.575039864 0.653971732
vn -0.648181140 -0.390027583 -0.654018104
vn 0.771822631 0.494285166 -0.399964929
vn 0.229893669 -0.346127033 0.909585059
vn 0.233770728 -0.359352976 0.903447211
vn 0.208994508 -0.309571594 0.927624285
vn 0.210483149 -0.314532697 0.925616622
vn 0.161140174 -0.219134673 0.962296128
vn 0.161139622 -0.219131589 0.962296903
vn 0.100681931 -0.103758216 0.989493489
vn 0.100683041 -0.103758164 0.989493430
vn 0.027069258 0.034708489 0.999030828
vn 0.027067909 0.034713309 0.999030769
vn -0.048474025 0.174638793 0.983438671
vn -0.048473265 0.174639940 0.983438551
vn -0.112563498 0.291619450 0.949888170
vn -0.112564050 0.291622639 0.949887156
vn -0.165141314 0.386313200 0.907463729
vn -0.166772142 0.391092539 0.905115306
vn -0.200814709 0.451686949 0.869282782
vn -0.203887805 0.460787416 0.863773584
vn -0.230772644 0.507953167 0.829896092
vn 0.233360112 -0.899850845 0.368526101
vn -0.161497459 0.765372276 0.622995853
vn 0.543138921 -0.561842442 -0.623965740
vn -0.615203917 0.696522892 -0.369296730
vn 0.663057983 -0.747253120 0.044350613
vn 0.141163066 -0.159090579 0.977119863
vn -0.051303748 -0.976136744 -0.211009338
vn -0.573198974 -0.387963593 0.721752822
vn -0.453415066 -0.522965431 -0.721749306
vn -0.975306988 0.065198228 0.211010367
vn -0.141164675 0.159084976 -0.977120519
vn -0.663058281 0.747252464 -0.044356819
vn 0.573194921 0.387966275 -0.721754670
vn 0.051300213 0.976136088 0.211013630
vn 0.975307167 -0.065197080 -0.211010113
vn 0.453415364 0.522965610 0.721748888
vn 0.184463754 -0.311173052 0.932279110
vn 0.190517023 -0.320420891 0.927919030
vn 0.157382905 -0.284359038 0.945711672
vn 0.159636289 -0.287804335 0.944290757
vn 0.096891001 -0.220105290 0.970652282
vn 0.096890882 -0.220102981 0.970652759
vn 0.024695797 -0.140920103 0.989712894
vn 0.024696428 -0.140921637 0.989712656
vn -0.059812147 -0.046528947 0.997124672
vn -0.059809346 -0.046533253 0.997124612
vn -0.144243851 0.049631894 0.988296747
vn -0.144243479 0.049632233 0.988296807
vn -0.215529338 0.132346421 0.967487276
vn -0.215528399 0.132345170 0.967487633
vn -0.274608523 0.203340918 0.939809918
vn -0.278339893 0.206497818 0.938022137
vn -0.314097375 0.253170848 0.915012240
vn -0.321397603 0.259367496 0.910731673
vn -0.352949440 0.300126135 0.886200309
vn 0.219262496 -0.862212896 -0.456632257
vn -0.675201833 0.434395999 0.596156538
vn 0.887876570 -0.381934345 0.256517857
vn -0.432492614 0.809431911 -0.397202969
vn -0.037679590 -0.411000490 0.910856128
vn -0.034930252 -0.421393126 0.906205177
vn -0.041268010 -0.364273429 0.930377305
vn -0.040260110 -0.368206799 0.928871810
vn -0.048238818 -0.258790135 0.964728355
vn -0.048239529 -0.258787513 0.964728951
vn -0.056010921 -0.124355964 0.990655541
vn -0.056011453 -0.124356940 0.990655363
vn -0.063838445 0.037566178 0.997253001
vn -0.063838229 0.037561562 0.997253120
vn -0.070077091 0.201288551 0.977022111
vn -0.070076950 0.201288953 0.977021992
vn -0.073917128 0.337741226 0.938332081
vn -0.073916882 0.337743998 0.938331068
vn -0.076075979 0.452914834 0.888302088
vn -0.076927796 0.447958022 0.890738964
vn -0.077798590 0.530343890 0.844205439
vn -0.079560973 0.520959854 0.849865258
vn -0.079702407 0.585193992 0.806966901
vn -0.506884038 -0.843113959 -0.179520085
vn -0.444420427 0.752602339 0.485880852
vn 0.581462443 -0.809657514 -0.079725280
vn 0.371040791 0.900349617 -0.227374792
vn 0.313725293 0.026925469 0.949131966
vn 0.320537955 0.026760578 0.946857631
vn 0.277104288 0.033824917 0.960244298
vn 0.279634893 0.033767655 0.959512353
vn 0.199334592 0.048317373 0.978739560
vn 0.199333325 0.048317496 0.978739917
vn 0.107236110 0.064770073 0.992121637
vn 0.107237272 0.064769514 0.992121577
vn -0.000901640 0.083146803 0.996536911
vn -0.000899393 0.083146513 0.996536911
vn -0.110322632 0.100723438 0.988778949
vn -0.110316090 0.100723684 0.988779604
vn -0.204552203 0.115025356 0.972073793
vn -0.204550296 0.115025945 0.972074151
vn -0.286342680 0.126784056 0.949701965
vn -0.289843142 0.127873272 0.948493242
vn -0.345033348 0.135403544 0.928772211
vn -0.351973385 0.137548149 0.925848424
vn -0.397805840 0.143491507 0.906179190
vn 0.855309069 -0.364073008 0.368642360
vn -0.704884112 0.338939190 0.623104036
vn 0.776558876 0.087555744 -0.623931289
vn -0.927231491 -0.062515795 -0.369233787
vn 0.966469049 -0.167877793 0.194305673
vn 0.062169407 -0.010800009 0.998007178
vn 0.591864347 -0.799330592 -0.103765182
vn -0.312441349 -0.642244399 0.699930429
vn 0.077554926 -0.709988356 -0.699929893
vn -0.826751828 -0.552914202 0.103765428
vn -0.062170036 0.010799365 -0.998007119
vn -0.966469288 0.167876840 -0.194305032
vn 0.312432021 0.642256498 -0.699923456
vn -0.591867387 0.799328387 0.103765585
vn 0.826754391 0.552910566 -0.103765048
vn -0.077542797 0.709995687 0.699923754
vn 0.467551827 -0.050210912 0.882538497
vn 0.477379948 -0.054067280 0.877032042
vn 0.431858271 -0.044876255 0.900824368
vn 0.435547471 -0.046298452 0.898974359
vn 0.348659039 -0.029972356 0.936770260
vn 0.348662972 -0.029972434 0.936768770
vn 0.246265754 -0.011129368 0.969138443
vn 0.246269837 -0.011129591 0.969137371
vn 0.123230487 0.010999235 0.992317140
vn 0.123232052 0.010999120 0.992316902
vn -0.003149566 0.033184946 0.999444306
vn -0.003154768 0.033184949 0.999444306
vn -0.112676941 0.051975947 0.992271423
vn -0.112681203 0.051975336 0.992270947
vn -0.206817046 0.067797594 0.976027787
vn -0.210956082 0.069202133 0.975042880
vn -0.274175584 0.079625241 0.958377600
vn -0.282345891 0.082404017 0.955766976
vn -0.334299892 0.090782270 0.938084304
vn 0.773588181 -0.608369946 0.177334249
vn -0.779249430 0.012218566 0.626594782
vn 0.868040442 0.325834662 -0.374616534
vn -0.862400591 0.269590706 -0.428469568
vn 0.328640699 -0.350353062 0.877067924
vn 0.338002354 -0.357638121 0.870545447
vn 0.296628475 -0.313498259 0.902070045
vn 0.300198585 -0.316302568 0.899907470
vn 0.222318336 -0.227266878 0.948116243
vn 0.222316980 -0.227264255 0.948117197
vn 0.122997075 -0.112684242 0.985988855
vn 0.123001814 -0.112683848 0.985988319
vn 0.000449250 0.027762365 0.999614537
vn 0.000448285 0.027767964 0.999614298
vn -0.124548301 0.170001656 0.977541447
vn -0.124548770 0.170002997 0.977541149
vn -0.227631971 0.286488950 0.930649102
vn -0.227633342 0.286491275 0.930648088
vn -0.311623186 0.380782336 0.870572209
vn -0.308764964 0.375932217 0.873692811
vn -0.367558748 0.441536099 0.818502545
vn -0.362351954 0.432514071 0.825610518
vn -0.406833559 0.482195675 0.775869668
vn 0.432952940 -0.821668863 0.370691568
vn 0.658130467 -0.423557043 -0.622465909
vn -0.959844828 0.270153821 0.075597145
vn -0.130592570 0.975854933 0.175079495
vn 0.464456767 0.196848854 0.863441050
vn 0.470860809 0.202619120 0.858624279
vn 0.429722220 0.175703719 0.885701537
vn 0.432161301 0.177862674 0.884082317
vn 0.351938367 0.129431918 0.927031219
vn 0.351940870 0.129433364 0.927030087
vn 0.253885150 0.072150454 0.964539587
vn 0.253887087 0.072150633 0.964539170
vn 0.134298742 0.003676481 0.990934074
vn 0.134301573 0.003676577 0.990933776
vn 0.010194321 -0.065910943 0.997773468
vn 0.010194784 -0.065910853 0.997773468
vn -0.097387247 -0.125060573 0.987357914
vn -0.097384617 -0.125059009 0.987358332
vn -0.188835427 -0.174469784 0.966385782
vn -0.193420082 -0.176023453 0.965196609
vn -0.254271299 -0.208422408 0.944407940
vn -0.263288558 -0.211387485 0.941272855
vn -0.312666625 -0.237427026 0.919710815
vn 0.998502791 -0.039252035 0.038097408
vn -0.873941004 -0.017687947 0.485709995
vn 0.446413130 0.844304562 -0.296420485
vn -0.570709527 -0.789061308 -0.227316633
vn 0.099514306 0.817075491 0.567877293
vn 0.062095594 -0.423846036 0.903603196
vn 0.831632018 -0.210459903 0.513901591
vn 0.487020880 0.763177216 -0.424701273
vn 0.895033240 -0.362174273 -0.260279626
vn -0.166280001 0.397997230 -0.902191281
vn 0.190754965 -0.729842484 -0.656462073
vn -0.830767989 0.210503399 -0.515279591
vn -0.851583123 0.385033399 0.355746299
vn -0.531524599 -0.838320971 0.121241480
vn -0.005721219 -0.003968103 0.999975741
vn -0.588577986 0.166000679 0.791214049
vn -0.616448164 -0.301646411 0.727324665
vn -0.156474292 -0.575115860 0.802968085
vn 0.381341249 -0.475758314 0.792611420
vn 0.607815623 0.055743132 0.792119205
vn 0.315693438 0.534379780 0.784076452
vn -0.231889084 0.564550400 0.792155445
vn -0.750055790 0.067035392 0.657968521
vn -0.027495306 -0.784871399 0.619048417
vn 0.440386355 -0.610497653 0.658295095
vn 0.677843213 -0.308017552 0.667573094
vn 0.741994500 0.092028916 0.664059341
vn 0.596614122 0.452872336 0.662539303
vn 0.282471091 0.685391307 0.671154916
vn -0.080241174 0.738332212 0.669646919
vn -0.425013065 0.617848754 0.661533773
vn -0.635167360 0.397853225 0.662023604
vn -0.666539788 -0.393781960 0.632977545
vn -0.413848609 -0.653296649 0.633981764
vn 0.059531026 -0.763719618 0.642797470
vn -0.844158709 -0.113839880 0.523866892
vn -0.661956310 -0.522526741 0.537382245
vn -0.319317311 -0.773254812 0.547826111
vn 0.104781829 -0.838870645 0.534150481
vn 0.576295614 -0.701428235 0.419382662
vn 0.711063266 -0.488458574 0.505764067
vn 0.842558503 -0.107447051 0.527778745
vn 0.782308459 0.328367412 0.529309273
vn 0.517395437 0.675443292 0.525431573
vn 0.134321719 0.855047107 0.500851452
vn -0.193096012 0.841406941 0.504725993
vn -0.519852817 0.676420212 0.521736264
vn -0.787160039 0.325938612 0.523586750
vn -0.945547521 -0.017721655 0.325001270
vn -0.838714659 -0.344429851 0.421812505
vn -0.671409786 -0.663776040 0.329560876
vn 0.001571223 -0.943948567 0.330088854
vn 0.363453567 -0.817805290 0.446201891
vn 0.910028100 -0.272037804 0.312800705
vn 0.945743978 -0.004257078 0.324885041
vn 0.229112774 0.912408829 0.339142263
vn -0.812518179 0.483104885 0.326226652
vn -0.921090961 0.218821153 0.322038680
vn -0.869260669 -0.355107009 0.343925714
vn -0.368349344 -0.863893688 0.343520641
vn 0.373748124 -0.851248145 0.368360043
vn 0.744712234 -0.576999068 0.335374027
vn 0.911924720 0.247371510 0.327415019
vn 0.751936913 0.573289216 0.325469702
vn 0.474344224 0.813726187 0.335927367
vn -0.128980085 0.927969813 0.349622875
vn -0.574464619 0.745458841 0.338055462
vn -0.702411532 -0.700902939 0.123908050
vn -0.252233744 -0.964076281 0.083277702
vn 0.248123974 -0.967649519 0.045706499
vn 0.238621280 0.964930117 0.109407090
vn -0.475213796 0.874101758 0.100587986
vn -0.962144852 0.267298251 0.053188249
vn -0.999251425 0.009825076 0.037419349
vn -0.968344450 -0.244670346 0.049451880
vn -0.862890065 -0.504966140 0.020734077
vn -0.502916932 -0.859886289 0.087579317
vn -0.015518107 -0.999398232 0.031021075
vn 0.517346621 -0.848953247 0.107846580
vn 0.688780487 -0.723652720 0.043683939
vn 0.862270296 -0.505481482 0.031281162
vn 0.963884234 -0.264848500 0.027971884
vn 0.998052835 -0.006103260 0.062074441
vn 0.962004721 0.270604670 0.036332607
vn 0.871400833 0.475921214 0.118993521
vn 0.701094329 0.712940872 0.013492478
vn 0.505257249 0.856191456 0.107942127
vn -0.127944604 0.984855890 0.117000967
vn -0.704499483 0.709653854 0.008476816
vn -0.858938336 0.500744045 0.107146926
vn 0.007250434 0.995119631 -0.098409168
vn -0.285919547 0.953400195 -0.096323222
vn -0.692728519 -0.712884426 -0.109192558
vn -0.476223499 -0.821938872 -0.312454402
vn -0.235509977 -0.920912206 -0.310573399
vn 0.481798381 -0.816577494 -0.317917556
vn 0.814012110 0.485897332 -0.318257987
vn 0.482814312 0.822207153 -0.301439375
vn 0.277637094 0.955627024 -0.098461330
vn -0.481878817 0.811474919 -0.330607414
vn -0.824128509 0.475362211 -0.307965815
vn -0.937705636 -0.012103849 -0.347219884
vn -0.911951005 -0.234740198 -0.336515158
vn -0.009948177 -0.935500443 -0.353185564
vn 0.242821246 -0.910929859 -0.333533585
vn 0.672684729 -0.654493570 -0.345157236
vn 0.941852570 -0.013364528 -0.335760474
vn 0.907664657 0.230858400 -0.350498557
vn 0.010166350 0.935864806 -0.352212518
vn -0.233048201 0.908083498 -0.347955257
vn -0.906228364 0.246609509 -0.343415171
vn -0.812718213 -0.471856087 -0.341820210
vn -0.648814678 -0.659181893 -0.380156338
vn 0.863995075 -0.363564491 -0.348329425
vn 0.669832826 0.642721713 -0.371796727
vn 0.219160154 0.892759204 -0.393636614
vn -0.653367341 0.666679740 -0.358677208
vn -0.537937939 0.063833930 -0.840564072
vn -0.488141656 -0.259803206 -0.833198667
vn -0.217072442 -0.505115807 -0.835307002
vn 0.125553280 -0.541781485 -0.831089199
vn 0.424690247 -0.346032083 -0.836600304
vn 0.540135860 -0.056720398 -0.839664280
vn 0.497726470 0.220678389 -0.838790476
vn 0.290995568 0.473237991 -0.831485033
vn -0.122084931 0.540409505 -0.832497954
vn -0.429818571 0.342416644 -0.835468054
vn 0.000003592 0.000027554 -1.000000000
vn 0.390975773 0.091548145 0.915836632
vn -0.330863625 0.376352221 0.865383327
vn -0.330863833 0.376351744 -0.865383446
vn 0.872336328 0.488906264 -0.000000348
vn 0.390801519 0.084680550 -0.916571617
vn 0.578943908 -0.073106177 0.812083364
vn 0.416406959 -0.089557782 -0.904756606
vn 0.958189368 -0.286023676 0.007979692
vn -0.000211265 -0.492630720 0.870238423
vn 0.000691756 -0.983326972 -0.181845263
vn -0.580931664 -0.048510060 0.812505543
vn -0.481828153 -0.080954731 -0.872518182
vn -0.962476313 -0.271246761 0.008044589
vn -0.243810102 0.969823003 -0.000001321
vn -0.210342750 -0.415048748 0.885150015
vn -0.352109313 0.311935514 0.882448435
vn -0.929907560 0.317002386 -0.186498150
vn 0.075233534 0.996409297 0.038838416
vn 0.362669855 0.685999393 0.630773664
vn 0.071901627 0.483262360 -0.872518003
vn 0.475772232 0.144515872 -0.867615163
vn 0.317616969 -0.357042015 0.878430724
vn 0.993587017 -0.108988859 -0.030104067
vn 0.004878209 -0.333305806 -0.942806184
vn -0.018281335 -0.999802530 -0.007788605
vn -0.276738316 -0.433213085 -0.857754350
vn -0.699147224 -0.711889446 0.066382162
vn 0.326271385 -0.282142341 0.902187705
vn -0.460851014 -0.157697380 0.873354316
vn -0.729788721 -0.683672726 0.000000139
vn -0.460847795 -0.157698199 -0.873355985
vn -0.564072013 0.825725615 -0.000000284
vn -0.438334078 0.397756547 0.806010544
vn -0.438335866 0.397755831 -0.806009889
vn 0.458770782 0.153282523 0.875233591
vn 0.458769619 0.153281465 -0.875234485
vn 0.729795635 0.683665335 -0.000000556
vn 0.326273531 -0.282141358 -0.902187288
vn 0.574573934 -0.818452775 0.000000163
vn 0.386827260 0.412532181 0.824731529
vn 0.399800032 -0.916602373 -0.000000485
vn -0.540355027 -0.556906462 0.630770743
vn -0.922891676 -0.385059625 0.000000247
vn -0.540351331 -0.556906044 -0.630774200
vn -0.440062076 0.196741670 0.876149595
vn -0.440062582 0.196742743 -0.876149058
vn -0.384518325 0.923117459 0.000000436
vn 0.386824369 0.412531793 -0.824733019
vn 0.437716156 -0.191739932 0.878430724
vn 0.922710598 0.385493368 -0.000001581
vn 0.437715679 -0.191740796 -0.878430665
vn 0.047634348 -0.480146974 0.875893831
vn 0.433283091 -0.142240271 0.889962554
vn 0.433283150 -0.142242581 -0.889962256
vn 0.995695829 0.092681356 -0.000000803
vn 0.346962571 -0.937879026 -0.000000108
vn 0.047635999 -0.480146766 -0.875893831
vn -0.471658379 0.099495336 0.876150191
vn -0.861708343 -0.507403970 -0.000000028
vn -0.471658856 0.099494532 -0.876150072
vn -0.526225626 0.850344956 -0.000000256
vn -0.109528914 0.643038213 -0.757961392
vn -0.109529100 0.643038034 0.757961512
vn 0.223049745 0.974807084 -0.000000391
vn -0.193319932 0.345810115 0.918173611
vn 0.282715291 0.831040919 -0.479002148
vn 0.797159612 0.449216098 0.403412521
vn 0.797158062 -0.449215800 -0.403415889
vn 0.282714993 -0.831041396 0.479001492
vn -0.193319172 -0.345807821 -0.918174624
vn -0.863576412 -0.405046195 0.300288796
vn -0.863574862 0.405046642 -0.300292641
vn 0.193322405 -0.345805496 0.918174863
vn -0.282712519 0.831042409 0.479001224
vn 0.863575280 0.405047953 0.300289750
vn 0.193318993 0.345810294 -0.918173730
vn 0.863577306 -0.405043811 -0.300289482
vn -0.797158957 -0.449215323 0.403414696
vn -0.282714307 -0.831040144 -0.479004115
vn -0.797158480 0.449215293 -0.403415531
vn -0.193319932 0.345811516 0.918173075
vn 0.282713264 0.831041336 -0.479002595
vn 0.797158301 0.449218482 0.403412193
vn 0.797160745 -0.449214011 -0.403412312
vn 0.282718033 -0.831038833 0.479004085
vn -0.193321034 -0.345809698 -0.918173492
vn -0.863576949 -0.405046403 0.300286949
vn -0.863577664 0.405043870 -0.300288439
vn 0.193323269 -0.345805973 0.918174565
vn -0.282713026 0.831041753 0.479001999
vn 0.863574982 0.405047685 0.300290853
vn 0.193321288 0.345810026 -0.918173373
vn 0.863576233 -0.405045927 -0.300289899
vn -0.797158778 -0.449215263 0.403414637
vn -0.282713830 -0.831040442 -0.479003817
vn -0.797158957 0.449216008 -0.403413743
vn 0.193321392 -0.345805883 0.918174922
vn -0.282714605 0.831042111 0.479000658
vn 0.193319231 0.345808476 -0.918174386
vn 0.863574147 0.405048341 0.300292492
vn 0.863576233 -0.405046403 -0.300288975
vn -0.282714874 -0.831041336 -0.479001850
vn -0.797158897 -0.449215531 0.403414249
vn -0.797161162 0.449210197 -0.403415829
vn 0.193324640 -0.345810801 0.918172359
vn -0.282711089 0.831043005 0.479001224
vn 0.863578081 0.405041188 0.300290853
vn 0.193318054 0.345810592 -0.918173850
vn 0.863577664 -0.405040205 -0.300293207
vn -0.797160506 -0.449212909 0.403414041
vn -0.282714963 -0.831040263 -0.479003549
vn -0.797160089 0.449212223 -0.403415889
vn -0.193322226 0.345809728 0.918173254
vn 0.797159195 0.449216068 0.403413057
vn 0.282713294 0.831042707 -0.479000181
vn 0.797160447 -0.449212134 -0.403415024
vn 0.282715112 -0.831041038 0.479002029
vn -0.863575876 -0.405046254 0.300290287
vn -0.193323895 -0.345807165 -0.918173909
vn -0.863574445 0.405048192 -0.300291836
vn -0.255686849 0.337127715 0.906073570
vn 0.614426911 0.744534671 0.261051118
vn 0.183244839 0.331569523 -0.925463676
vn 0.868683040 -0.388200074 -0.307718426
vn 0.468151361 -0.583131075 0.663922071
vn -0.838020921 -0.408101201 0.362179995
vn -0.290603340 -0.818704128 -0.495250642
vn -0.804487586 0.465605378 -0.368797153
vn 0.167616352 -0.316886693 0.933535039
vn -0.366200119 0.779242516 0.508604527
vn 0.861998141 0.383142799 0.331904769
vn 0.400659949 0.624813557 -0.670134068
vn 0.808673561 -0.496719509 -0.315145642
vn -0.632933855 -0.706931174 0.315662861
vn -0.247585118 -0.353570789 -0.902047276
vn -0.849226296 0.415020883 -0.326454282
vn -0.167614430 0.316886753 0.933535337
vn 0.247585237 0.353567421 -0.902048588
vn 0.632935822 0.706929266 0.315663189
vn 0.849227548 -0.415018618 -0.326453954
vn 0.366197675 -0.779244602 0.508603156
vn -0.400660336 -0.624815285 -0.670132279
vn -0.862000287 -0.383139491 0.331903368
vn -0.808674634 0.496716142 -0.315148562
vn -0.247581765 0.353568226 0.902049243
vn -0.632933736 0.706931591 -0.315662324
vn 0.808673918 0.496717572 0.315147817
vn 0.167614877 0.316886723 -0.933535218
vn 0.862001896 -0.383138716 -0.331899881
vn 0.400664687 -0.624811590 0.670133114
vn -0.849228024 -0.415019393 0.326451629
vn -0.366197944 -0.779242933 -0.508605599
vn -0.193319544 0.345808506 0.918174326
vn 0.282712609 0.831041873 -0.479002267
vn 0.797159076 0.449214429 0.403415143
vn 0.797158718 -0.449214846 -0.403415412
vn 0.282714099 -0.831040323 0.479004055
vn -0.193321377 -0.345806479 -0.918174684
vn -0.863577247 -0.405044079 0.300289184
vn -0.863576233 0.405044049 -0.300292253
vn -0.167613506 0.316882223 0.933537066
vn 0.632936597 0.706928968 0.315662473
vn 0.247583807 0.353566736 -0.902049243
vn 0.849227488 -0.415020436 -0.326451689
vn 0.366200417 -0.779243052 0.508603394
vn -0.862000167 -0.383141190 0.331901640
vn -0.400660574 -0.624811828 -0.670135379
vn -0.808674335 0.496719033 -0.315144539
vn -0.193319693 0.345810652 0.918173492
vn 0.282711267 0.831042945 -0.479001075
vn 0.797159076 0.449217290 0.403411984
vn 0.797161579 -0.449211240 -0.403413832
vn 0.282715648 -0.831040084 0.479003340
vn -0.193324998 -0.345805228 -0.918174326
vn -0.863576651 -0.405045420 0.300289214
vn -0.863574326 0.405049354 -0.300290525
vn -0.773948729 -0.090035148 0.626815140
vn 0.398828477 -0.059940711 0.915064454
vn -0.730664372 0.663870096 0.159392655
vn 0.417130917 0.739395320 0.528485060
vn -0.443266451 0.358171254 -0.821722746
vn 0.602488041 0.760937393 -0.240795493
vn 0.771965861 -0.017179370 -0.635431767
vn -0.385266632 -0.686555564 -0.616612554
vn -0.602864146 -0.760272026 0.241953030
vn 0.654890776 -0.743285775 0.136544451
vn 0.003192797 0.000604521 0.999994695
vn -0.616819024 -0.126345575 0.776898444
vn -0.322601974 -0.542683065 0.775514722
vn 0.226478547 -0.573699474 0.787131727
vn 0.590119243 0.008331071 0.807273090
vn 0.230247378 0.553843498 0.800152183
vn -0.412835926 0.437959194 0.798597693
vn -0.744425118 0.088057883 0.661873937
vn -0.689442813 -0.310950190 0.654200733
vn -0.080054782 -0.757563233 0.647834241
vn 0.314232618 -0.702921331 0.638090551
vn 0.658688009 -0.386954486 0.645287871
vn 0.753928185 0.197273344 0.626638293
vn 0.492195249 0.588476896 0.641434968
vn 0.085587181 0.773194134 0.628367424
vn -0.334746242 0.713911891 0.615040541
vn -0.612750709 0.457379758 0.644469082
vn -0.621578991 -0.489288509 0.611748636
vn -0.453217775 -0.608193815 0.651685536
vn 0.628156006 -0.485065460 0.608384430
vn 0.785429001 -0.023361225 0.618510723
vn 0.632462382 0.469934672 0.615753770
vn 0.277561903 0.741802692 0.610481977
vn -0.194534525 0.765345752 0.613516390
vn -0.869683087 -0.103940800 0.482542872
vn -0.749953389 -0.434584409 0.498704672
vn -0.622122407 -0.595836461 0.507880509
vn -0.407966912 -0.758427382 0.508282363
vn -0.235292822 -0.826871812 0.510803759
vn 0.029739168 -0.864035189 0.502552271
vn 0.337770671 -0.804860651 0.487965494
vn 0.591115475 -0.616779983 0.519774079
vn 0.742770076 -0.417779565 0.523213983
vn 0.837184548 -0.117484853 0.534152925
vn 0.779937148 0.322169542 0.536567628
vn 0.517450809 0.693971455 0.500647962
vn 0.108898684 0.840833962 0.530225873
vn -0.337360352 0.794548392 0.504857302
vn -0.580140054 0.640319705 0.503416598
vn -0.803529561 0.310357541 0.507955194
vn -0.902059853 -0.094805829 0.421069771
vn 0.334433794 -0.849350274 0.408360153
vn 0.920321524 -0.229909912 0.316464514
vn 0.949725568 0.013990099 0.312771142
vn 0.915364861 0.248027757 0.317158312
vn 0.537675977 0.725900948 0.428920001
vn -0.024585120 0.946771145 0.320967197
vn -0.270840555 0.905127466 0.327703774
vn -0.810471177 0.493604809 0.315421522
vn -0.913972080 0.243053317 0.324930906
vn -0.931925178 0.020768169 0.362055391
vn -0.868328869 -0.367842197 0.332711726
vn -0.576714694 -0.750519931 0.322676331
vn -0.136230722 -0.934365451 0.329245001
vn 0.236662835 -0.907922685 0.345929384
vn 0.569276750 -0.755888224 0.323352635
vn 0.817394137 -0.473815620 0.327666938
vn 0.735522747 0.590043306 0.332949221
vn 0.478099823 0.815153718 0.327024400
vn 0.265357912 0.907996893 0.324232638
vn -0.576258302 0.749692321 0.325404227
vn -0.856426239 -0.513798058 0.050455216
vn 0.010018484 -0.994103134 0.107975088
vn 0.961793959 -0.260431528 0.084426247
vn 0.864342272 0.496979147 0.076969825
vn -0.251769453 0.966268778 0.054191042
vn -0.863634109 0.500057638 0.063863173
vn -0.995848298 0.000920070 0.091023229
vn -0.963075340 -0.247796029 0.105275884
vn -0.719434738 -0.685128748 0.114071481
vn -0.494966120 -0.868050516 0.038690045
vn -0.266153693 -0.962182462 0.058026392
vn 0.273671061 -0.960860252 0.043032087
vn 0.488670170 -0.870791435 0.054071151
vn 0.706209421 -0.700245559 0.104519732
vn 0.866552949 -0.491731972 0.085356362
vn 0.999018133 -0.010831714 0.042957321
vn 0.964728296 0.259860009 0.042095527
vn 0.684132099 0.720594943 0.112721972
vn 0.517541111 0.855486572 0.017146375
vn 0.255162507 0.966169238 0.037536614
vn -0.000555098 0.995081544 0.099057801
vn -0.488427341 0.871100366 0.051214494
vn -0.715870082 0.698113501 0.012945489
vn -0.959178507 0.257773578 0.116316274
vn -0.950257301 -0.010007328 -0.311305344
vn -0.962778986 -0.250383943 -0.101806097
vn -0.686298072 -0.670264184 -0.282384455
vn -0.006716798 -0.993928134 -0.109826483
vn 0.703221440 -0.704145789 -0.098276824
vn 0.833237827 -0.473938137 -0.284775972
vn 0.920044780 -0.228663743 -0.318167657
vn 0.816395044 0.479909718 -0.321225494
vn 0.682236135 0.667904139 -0.297418922
vn 0.015075375 0.950793624 -0.309458017
vn -0.962860823 0.249738157 -0.102615342
vn -0.809129655 -0.474593580 -0.346511632
vn -0.465409309 -0.817900121 -0.338280618
vn -0.257430553 -0.907612562 -0.331615657
vn 0.237952590 -0.912941575 -0.331536204
vn 0.468123138 -0.825420976 -0.315501183
vn 0.941696942 -0.005045527 -0.336424381
vn 0.913752258 0.243474230 -0.325233877
vn 0.233976036 0.907990813 -0.347574562
vn -0.252378374 0.908861756 -0.332077503
vn -0.462355614 0.820503950 -0.336155593
vn -0.814931393 0.470627546 -0.338225693
vn -0.898144543 -0.245101795 -0.365050077
vn 0.014188717 -0.929298818 -0.369056106
vn 0.660171449 -0.651969552 -0.372973830
vn 0.466823012 0.816543639 -0.339606881
vn -0.658663630 0.677295983 -0.327768803
vn -0.891117990 0.256678969 -0.374198765
vn -0.546200633 0.076951340 -0.834112287
vn -0.514991760 -0.198976070 -0.833781719
vn -0.340705693 -0.440649658 -0.830510378
vn -0.065347068 -0.545173347 -0.835772574
vn 0.263261348 -0.494796395 -0.828172684
vn 0.510400891 -0.222420037 -0.830674648
vn 0.546530187 0.137334511 -0.826101720
vn 0.291551858 0.488205075 -0.822589517
vn -0.079078384 0.549940348 -0.831451893
vn -0.408805400 0.383561462 -0.828105628
vn 0.000120022 0.000101350 -1.000000000
vn -0.363592505 -0.093502015 0.926853836
vn -0.000589819 0.981048822 0.193759650
vn 0.000173830 0.427879989 -0.903835654
vn 0.896104932 0.443594992 -0.014813637
vn 0.500595450 0.132445484 0.855489612
vn 0.996639073 -0.081918456 -0.000001269
vn 0.594886124 0.093252197 -0.798382521
vn 0.278127193 -0.368678570 0.886973083
vn 0.221341342 -0.975196481 -0.000001947
vn 0.278127581 -0.368678331 -0.886973143
vn -0.863686383 -0.504029572 -0.000000543
vn -0.363790065 -0.099852577 -0.926113605
vn -0.451270372 0.131628409 0.882626295
vn -0.999199927 -0.039995339 0.000000221
vn -0.605251074 0.106056169 -0.788938046
vn -0.896102309 0.443600565 -0.014810715
vn -0.201280922 -0.316902041 0.926854432
vn -0.849149466 0.527943313 0.014867608
vn -0.264689595 0.378442943 0.886972606
vn 0.296342403 0.955081344 -0.000897914
vn 0.075804159 0.678409278 -0.730763078
vn 0.280656934 0.435167313 0.855488718
vn 0.663800299 0.747893989 0.004866819
vn 0.927794993 -0.324647784 0.183848619
vn 0.406067342 0.058360357 -0.911977768
vn -0.014263067 -0.469853371 0.882629216
vn 0.158110976 -0.985454619 -0.062290426
vn -0.065682061 -0.428915858 -0.900953352
vn -0.353978485 -0.934542060 -0.036476526
vn -0.707709074 -0.703981757 0.059645541
vn -0.384955943 -0.108186372 -0.916572273
vn -0.321807921 0.359191746 0.876025677
vn -0.426840931 -0.127133116 0.895345807
vn -0.764507294 -0.644443691 0.014867541
vn -0.802055955 0.597240508 0.003177831
vn -0.621780455 0.281733781 -0.730763376
vn 0.378676087 0.144441843 0.914188743
vn 0.370440006 0.928786695 -0.011380436
vn -0.007431055 0.448727876 -0.893637657
vn 0.986312151 -0.152315512 -0.063152969
vn 0.387626737 -0.195009589 -0.900953293
vn 0.428983122 -0.432393968 0.793100834
vn 0.813827991 -0.581103027 -0.001837857
vn 0.440813392 -0.895807266 0.056682304
vn -0.016068883 -0.399547577 -0.916571617
vn 0.349110126 0.138068557 0.926854432
vn 0.394139081 -0.919050813 0.000002725
vn -0.008303992 -0.461747617 0.886972487
vn -0.010989469 -0.445235640 -0.895346045
vn -0.763397455 -0.645926416 -0.001834735
vn -0.482842565 -0.187092021 0.855487943
vn -0.986082196 -0.154147699 -0.062292747
vn -0.387627393 -0.195009530 -0.900953054
vn -0.594488084 0.782804668 0.183849871
vn 0.287715077 0.371738583 0.882627130
vn 0.506163180 0.862424016 0.004866628
vn -0.069978170 0.404227018 -0.911977768
vn 0.799797535 0.599266648 -0.034690592
vn 0.543795109 0.274369091 -0.793100536
vn 0.996105552 0.088121384 0.002885459
vn -0.201282039 0.316902250 0.926854193
vn 0.927795351 0.324646711 0.183848485
vn 0.663800240 -0.747894049 0.004867165
vn 0.417699993 -0.063678719 -0.906350791
vn 0.280657381 -0.435166687 0.855489016
vn 0.309017092 -0.951056540 0.000000648
vn -0.097425640 -0.995230913 -0.004867376
vn 0.028727468 -0.517023981 -0.855488777
vn -0.300496995 -0.297034889 0.906350851
vn -0.941425920 -0.282698512 -0.183844343
vn -0.706453085 0.705311537 0.058819674
vn -0.014262204 0.469853908 0.882629037
vn -0.309016824 0.951056600 -0.000000400
vn -0.264634103 0.388503402 -0.882628977
vn 0.156958461 0.985852003 -0.058820255
vn -0.023429928 0.374689549 -0.926854253
vn 0.300746530 -0.224366993 0.926936388
vn 0.711858392 0.559674382 0.424290359
vn 0.274682552 0.844452143 -0.459837109
vn 0.829313040 -0.430038035 -0.356801242
vn -0.640412986 -0.635598660 0.431144416
vn -0.323648363 -0.852369964 -0.410751939
vn -0.765265167 0.555780292 0.324772984
vn -0.394265264 0.155040070 -0.905824125
vn 0.179859057 0.294447988 0.938590050
vn 0.558535874 0.828743637 -0.034952339
vn 0.822381139 -0.502056897 0.267634392
vn 0.628457844 0.032893796 -0.777147830
vn -0.346816272 -0.830736101 0.435426474
vn -0.604335785 -0.668837249 -0.432937592
vn -0.814418793 0.464736789 0.347479135
vn -0.374342412 0.235359013 -0.896924675
vn -0.173159927 0.371890455 0.911983132
vn 0.702816606 0.572942197 -0.421646774
vn 0.733190894 0.022710569 0.679643571
vn 0.545816243 -0.794680595 -0.265645534
vn -0.708111942 -0.564322293 0.424402863
vn -0.296943426 -0.261980802 -0.918254197
vn -0.669589996 0.702872634 -0.240040228
vn -0.395221323 0.058180884 0.916741610
vn 0.288560867 0.869503617 -0.400868982
vn 0.777734041 0.512790918 0.363559097
vn 0.386571169 -0.213099837 -0.897302151
vn 0.502447009 -0.807759941 0.308335662
vn -0.661800385 -0.624746084 -0.414382160
vn -0.795168459 0.543327987 -0.269261688
vn -0.193324342 0.345807761 0.918173552
vn 0.797161162 0.449209780 0.403416187
vn 0.282712430 0.831039727 -0.479005963
vn 0.797158897 -0.449214011 -0.403415978
vn 0.282710433 -0.831043303 0.479000866
vn -0.863575816 -0.405044198 0.300293297
vn -0.193322867 -0.345813036 -0.918171883
vn -0.863578618 0.405038446 -0.300292820
vn -0.236041576 0.349018633 0.906901598
vn 0.315478981 0.856977344 -0.407508045
vn 0.914573371 -0.006703565 0.404364407
vn 0.408323377 -0.238717481 -0.881070971
vn -0.363422632 -0.817139387 0.447445363
vn -0.567130029 -0.651682556 -0.503660083
vn -0.839822590 0.484482974 -0.244896486
vn 0.395216435 -0.058186792 0.916743279
vn -0.502444386 0.807762742 0.308332711
vn 0.661799133 0.624745369 -0.414385259
vn 0.795164347 -0.543332458 -0.269264638
vn -0.288556367 -0.869508684 -0.400861472
vn -0.777733266 -0.512789488 0.363563001
vn -0.386567324 0.213095918 -0.897304773
vn -0.173162207 0.371894032 0.911981285
vn -0.669587910 0.702875853 -0.240036607
vn 0.702817261 0.572943270 -0.421644330
vn 0.733191490 0.022707609 0.679643035
vn 0.545815527 -0.794681847 -0.265643030
vn -0.708110452 -0.564323366 0.424404025
vn -0.296939462 -0.261973113 -0.918257594
vn -0.395218790 0.058178779 0.916742802
vn 0.777732372 0.512793541 0.363559037
vn 0.288555950 0.869508922 -0.400861263
vn 0.386570811 -0.213091478 -0.897304296
vn 0.502448022 -0.807759821 0.308334261
vn -0.661797523 -0.624749243 -0.414381951
vn -0.795167863 0.543328643 -0.269261956
vn -0.193325058 0.345808297 0.918173194
vn 0.797159374 0.449212134 0.403417170
vn 0.282711267 0.831042111 -0.479002446
vn 0.797159076 -0.449212223 -0.403417766
vn 0.282711178 -0.831042945 0.479001015
vn -0.863576591 -0.405043989 0.300291240
vn -0.193323612 -0.345810443 -0.918172657
vn -0.863576829 0.405042470 -0.300292552
vn 0.236039907 -0.349009782 0.906905413
vn 0.363422602 0.817140698 0.447442919
vn 0.567134023 0.651680291 -0.503658473
vn 0.839820862 -0.484485894 -0.244896933
vn -0.315476567 -0.856979609 -0.407505423
vn -0.914571822 0.006703069 0.404368043
vn -0.408320248 0.238714531 -0.881073177
vn -0.395217508 0.058181401 0.916743100
vn 0.777732730 0.512790203 0.363563210
vn 0.288556993 0.869507313 -0.400863916
vn 0.386569738 -0.213096991 -0.897303581
vn 0.502444565 -0.807762802 0.308332235
vn -0.661799073 -0.624746025 -0.414384335
vn -0.795163929 0.543333292 -0.269264311
vn 0.193326965 -0.345805377 0.918173909
vn -0.282716990 0.831039906 0.479002923
vn 0.193325058 0.345810056 -0.918172598
vn 0.863575518 0.405044585 0.300293505
vn 0.863575757 -0.405043513 -0.300294310
vn -0.282717288 -0.831039965 -0.479002565
vn -0.797158837 -0.449213028 0.403417408
vn -0.797158599 0.449214160 -0.403416455
vn 0.236044452 -0.349016637 0.906901538
vn 0.363424957 0.817139387 0.447443515
vn 0.567126572 0.651688695 -0.503655910
vn 0.839823067 -0.484480858 -0.244899094
vn -0.914572775 0.006700099 0.404365808
vn -0.315470994 -0.856979549 -0.407509595
vn -0.408320546 0.238716319 -0.881072581
vn -0.152170420 -0.840996087 0.519201040
vn -0.916982889 -0.393770546 0.063931212
vn -0.296140403 0.394186765 0.870010138
vn -0.407266587 -0.134770602 -0.903311074
vn -0.463840008 0.876344800 -0.129893184
vn 0.612996638 -0.703245938 -0.360111415
vn 0.597419322 0.653754890 -0.464429408
vn 0.802933455 0.143365026 0.578571022
vn 0.000000257 -0.000000207 1.000000000
vn 0.152327880 0.367753178 0.917362452
vn -0.022709753 0.900060534 0.435172796
vn 0.022710230 0.900060654 -0.435172677
vn -0.152328238 0.367753148 -0.917362452
vn -0.000000224 -0.000000142 -1.000000000
vn 0.652488649 0.620389283 0.435173303
vn 0.621010482 0.646743894 -0.442795992
vn 0.355895549 -0.147416428 0.922825456
vn 0.896437347 0.018208034 0.442796290
vn 0.896437347 -0.018208286 -0.442796230
vn 0.355895698 0.147416413 -0.922825336
vn 0.621010482 -0.646743596 0.442796499
vn 0.652488768 -0.620388925 -0.435173541
vn -0.152327865 -0.367752314 0.917362809
vn 0.022709548 -0.900060058 0.435173929
vn -0.022710133 -0.900060534 -0.435172647
vn 0.152327836 -0.367752999 -0.917362511
vn -0.652488410 -0.620389283 0.435173482
vn -0.621010482 -0.646743894 -0.442796171
vn -0.355895877 0.147416279 0.922825396
vn -0.896437407 -0.018208006 0.442796230
vn -0.896437466 0.018208172 -0.442796171
vn -0.355895728 -0.147416055 -0.922825456
vn -0.621010661 0.646743774 0.442796022
vn -0.652488947 0.620389044 -0.435173154
vn -0.129567876 0.254315138 0.958402812
vn -0.071246728 0.997105002 -0.026562266
vn 0.118638143 0.426785141 0.896537483
vn 0.627529502 0.778374195 0.018448535
vn 0.104755096 0.422258079 -0.900402427
vn 0.992030025 0.052539319 -0.114525110
vn 0.303820282 -0.161032081 0.939021766
vn 0.534420609 -0.845083714 -0.015105048
vn 0.129567668 -0.254315406 -0.958402872
vn 0.071246557 -0.997105002 0.026562883
vn -0.104755349 -0.422257036 0.900402904
vn -0.627528965 -0.778374672 -0.018448794
vn -0.118637741 -0.426785827 -0.896537304
vn -0.992030084 -0.052538883 0.114525393
vn -0.534421325 0.845083296 0.015103309
vn -0.303820401 0.161031097 -0.939022005
vn -0.281905502 -0.044638898 0.958403170
vn -0.369234651 0.244713157 0.896538496
vn -0.965314329 0.261090487 -0.000000246
vn -0.283142388 0.218239889 -0.933917463
vn -0.546359539 0.837347627 0.018448504
vn 0.247036695 0.239187896 0.939021945
vn 0.260962129 0.955158174 -0.139898792
vn 0.963710368 0.265343130 -0.029247601
vn 0.389611453 -0.004254708 -0.920969486
vn 0.369218230 -0.230112404 0.900403380
vn 0.951056182 -0.309018016 -0.000000135
vn 0.623693287 -0.781121790 0.029246777
vn 0.068625458 -0.352567255 -0.933266759
vn -0.336232990 -0.934776843 0.114628255
vn -0.945583165 -0.324477643 -0.024224808
vn -0.293425143 -0.022682946 -0.955712914
vn 0.250362605 0.154857606 0.955687106
vn -0.661593676 -0.749862552 -0.000000038
vn -0.900585532 -0.434678823 0.000000844
vn -0.310782135 0.020954559 0.950250149
vn -0.756034374 0.654531896 0.000000172
vn -0.326932847 0.016590830 -0.944901943
vn -0.040204167 0.999156237 0.008392707
vn 0.069100775 0.286072999 -0.955713034
vn 0.154877812 0.415008813 0.896538079
vn 0.587785244 0.809017003 0.000000676
vn 0.953774154 0.300336450 -0.010626206
vn 0.295055330 0.201846048 -0.933916867
vn 0.290991724 -0.223221391 0.930320382
vn 0.800303757 -0.579676270 -0.153262198
vn -0.178808078 -0.403626025 0.897281229
vn 0.022140959 -0.999727547 -0.007389884
vn -0.124442421 -0.369226992 -0.920969963
vn 0.069100477 -0.286073297 0.955712914
vn 0.295053989 -0.201844901 0.933917522
vn 0.587785363 -0.809017003 0.000000228
vn -0.039543625 -0.999167979 0.009990808
vn 0.100789614 -0.342987418 -0.933917105
vn -0.772548318 -0.619352400 -0.139899284
vn -0.356518030 -0.043682232 0.933266759
vn -0.935622871 0.351787567 -0.029247465
vn -0.587785780 0.809016585 -0.000000568
vn -0.312700927 0.232449293 -0.920969903
vn -0.124443725 0.369228274 0.920969188
vn -0.045448281 0.998538435 0.029246148
vn 0.827769399 0.543347359 0.139898092
vn 0.151714325 0.325570196 -0.933266759
vn 0.962484598 -0.271152258 -0.009990610
vn 0.250717878 -0.154119998 -0.955713093
vn -0.293425858 0.022682803 0.955712676
vn 0.389611095 0.004255241 0.920969665
vn 0.926286638 0.375882298 0.026562676
vn 0.442556977 0.019052830 -0.896538019
vn 0.934195042 -0.356285363 -0.018449266
vn 0.347485989 -0.927187204 0.139919132
vn -0.059264038 -0.338711798 -0.939021885
vn -0.283143163 -0.218239754 0.933917224
vn -0.623692989 -0.781122029 0.029247113
vn -0.944640517 -0.327025086 -0.026627056
vn -0.433959901 -0.030856933 -0.900403619
vn -0.938045800 0.346367180 0.009990955
vn -0.356522381 0.927241087 -0.114524022
vn 0.068625517 0.352566928 0.933266938
vn 0.638577461 0.769409299 -0.015104969
vn 0.201828688 0.201813072 -0.958403170
usemtl field_material_05
f 3//3 9//9 4//4
f 2//2 1//1 7//7
f 5//5 9//9 10//10
f 2//2 8//8 3//3
f 6//6 5//5 10//10
f 6//6 10//10 14//14
f 8//8 13//13 9//9
f 7//7 1//1 11//11
f 9//9 14//14 10//10
f 7//7 12//12 8//8
f 6//6 14//14 18//18
f 12//12 17//17 13//13
f 11//11 1//1 15//15
f 14//14 17//17 18//18
f 11//11 16//16 12//12
f 6//6 18//18 22//22
f 16//16 21//21 17//17
f 15//15 1//1 19//19
f 17//17 22//22 18//18
f 15//15 20//20 16//16
f 6//6 22//22 26//26
f 20//20 25//25 21//21
f 19//19 1//1 23//23
f 22//22 25//25 26//26
f 19//19 24//24 20//20
f 6//6 26//26 30//30
f 24//24 29//29 25//25
f 23//23 1//1 27//27
f 25//25 30//30 26//26
f 23//23 28//28 24//24
f 6//6 30//30 34//34
f 28//28 33//33 29//29
f 27//27 1//1 31//31
f 30//30 33//33 34//34
f 27//27 32//32 28//28
f 6//6 34//34 5//5
f 32//32 4//4 33//33
f 31//31 1//1 2//2
f 33//33 5//5 34//34
f 31//31 3//3 32//32
f 36//36 37//37 35//35
f 38//38 39//39 37//37
f 39//39 42//42 41//41
f 41//41 44//44 43//43
f 44//44 42//42 40//40
f 44//44 45//45 43//43
f 46//46 35//35 45//45
f 43//43 45//45 37//37
usemtl field_material_17
f 47//47 50//50 49//49
f 50//50 51//51 49//49
f 52//52 53//53 51//51
f 54//54 55//55 53//53
f 56//56 57//57 55//55
f 57//57 60//60 59//59
f 59//59 62//62 61//61
f 61//61 64//64 63//63
f 63//63 64//64 65//65
usemtl field_material_05
f 66//66 67//67 69//69
f 68//68 69//69 67//67
usemtl field_material_17
f 70//70 73//73 72//72
f 72//72 75//75 74//74
f 74//74 77//77 76//76
f 77//77 78//78 76//76
f 79//79 80//80 78//78
f 81//81 82//82 80//80
f 83//83 84//84 82//82
f 85//85 86//86 84//84
f 86//86 87//87 88//88
usemtl field_material_05
f 90//90 89//89 91//91
f 92//92 91//91 89//89
usemtl field_material_17
f 93//93 96//96 95//95
f 96//96 97//97 95//95
f 98//98 99//99 97//97
f 100//100 101//101 99//99
f 101//101 104//104 103//103
f 103//103 106//106 105//105
f 105//105 108//108 107//107
f 107//107 110//110 109//109
f 109//109 110//110 111//111
usemtl field_material_05
f 114//114 113//113 115//115
f 112//112 115//115 113//113
f 116//116 119//119 118//118
f 119//119 120//120 118//118
f 120//120 123//123 122//122
f 122//122 125//125 124//124
f 123//123 121//121 117//117
f 124//124 127//127 126//126
f 126//126 117//117 116//116
f 122//122 124//124 126//126
usemtl field_material_17
f 129//129 130//130 128//128
f 130//130 133//133 132//132
f 132//132 135//135 134//134
f 135//135 136//136 134//134
f 137//137 138//138 136//136
f 138//138 141//141 140//140
f 140//140 143//143 142//142
f 142//142 145//145 144//144
usemtl field_material_05
f 150//150 149//149 147//147
f 148//148 147//147 149//149
usemtl field_material_17
f 152//152 153//153 151//151
f 154//154 155//155 153//153
f 156//156 157//157 155//155
f 157//157 160//160 159//159
f 160//160 161//161 159//159
f 161//161 164//164 163//163
f 163//163 166//166 165//165
f 165//165 168//168 167//167
usemtl field_material_05
f 170//170 171//171 172//172
f 173//173 172//172 171//171
usemtl field_material_17
f 174//174 177//177 176//176
f 177//177 178//178 176//176
f 178//178 181//181 180//180
f 181//181 182//182 180//180
f 182//182 185//185 184//184
f 185//185 186//186 184//184
f 187//187 188//188 186//186
f 189//189 190//190 188//188
usemtl field_material_05
f 196//196 195//195 193//193
f 194//194 193//193 195//195
f 198//198 199//199 197//197
f 200//200 201//201 199//199
f 202//202 203//203 201//201
f 203//203 206//206 205//205
f 204//204 202//202 198//198
f 205//205 208//208 207//207
f 208//208 197//197 207//207
f 203//203 205//205 207//207
usemtl field_material_07
f 209//209 212//212 211//211
f 211//211 214//214 213//213
f 214//214 215//215 213//213
f 216//216 217//217 215//215
f 218//218 219//219 217//217
f 220//220 221//221 219//219
f 221//221 224//224 223//223
f 224//224 225//225 223//223
f 225//225 226//226 227//227
usemtl field_material_05
f 231//231 230//230 228//228
f 229//229 228//228 230//230
usemtl field_material_07
f 232//232 235//235 234//234
f 235//235 236//236 234//234
f 237//237 238//238 236//236
f 238//238 241//241 240//240
f 241//241 242//242 240//240
f 243//243 244//244 242//242
f 245//245 246//246 244//244
f 246//246 249//249 248//248
f 248//248 249//249 250//250
usemtl field_material_05
f 254//254 253//253 251//251
f 255//255 251//251 253//253
usemtl field_material_07
f 257//257 258//258 256//256
f 258//258 261//261 260//260
f 261//261 262//262 260//260
f 262//262 265//265 264//264
f 264//264 267//267 266//266
f 267//267 268//268 266//266
f 268//268 271//271 270//270
f 270//270 273//273 272//272
usemtl field_material_05
f 276//276 275//275 278//278
f 277//277 278//278 275//275
f 280//280 281//281 279//279
f 282//282 283//283 281//281
f 284//284 285//285 283//283
f 285//285 288//288 287//287
f 286//286 284//284 280//280
f 287//287 290//290 289//289
f 290//290 279//279 289//289
f 285//285 287//287 289//289
usemtl field_material_17
f 291//291 294//294 293//293
f 294//294 295//295 293//293
f 296//296 297//297 295//295
f 298//298 299//299 297//297
f 300//300 301//301 299//299
f 302//302 303//303 301//301
f 304//304 305//305 303//303
f 306//306 307//307 305//305
usemtl field_material_05
f 310//310 311//311 313//313
f 312//312 313//313 311//311
usemtl field_material_17
f 315//315 316//316 314//314
f 317//317 318//318 316//316
f 318//318 321//321 320//320
f 320//320 323//323 322//322
f 322//322 325//325 324//324
f 325//325 326//326 324//324
f 327//327 328//328 326//326
f 329//329 330//330 328//328
f 330//330 331//331 332//332
usemtl field_material_05
f 334//334 333//333 335//335
f 336//336 335//335 333//333
usemtl field_material_17
f 338//338 339//339 337//337
f 340//340 341//341 339//339
f 341//341 344//344 343//343
f 343//343 346//346 345//345
f 346//346 347//347 345//345
f 348//348 349//349 347//347
f 350//350 351//351 349//349
f 352//352 353//353 351//351
f 353//353 354//354 355//355
usemtl field_material_05
f 356//356 357//357 359//359
f 358//358 359//359 357//357
f 360//360 363//363 362//362
f 362//362 365//365 364//364
f 365//365 366//366 364//364
f 366//366 369//369 368//368
f 369//369 367//367 365//365
f 369//369 370//370 368//368
f 371//371 360//360 370//370
f 362//362 366//366 370//370
usemtl field_material_07
f 373//373 374//374 372//372
f 374//374 377//377 376//376
f 377//377 378//378 376//376
f 379//379 380//380 378//378
f 381//381 382//382 380//380
f 383//383 384//384 382//382
f 384//384 387//387 386//386
f 386//386 389//389 388//388
usemtl field_material_05
f 393//393 392//392 394//394
f 391//391 394//394 392//392
usemtl field_material_07
f 395//395 398//398 397//397
f 397//397 400//400 399//399
f 400//400 401//401 399//399
f 402//402 403//403 401//401
f 403//403 406//406 405//405
f 406//406 407//407 405//405
f 407//407 410//410 409//409
f 409//409 412//412 411//411
usemtl field_material_05
f 415//415 416//416 414//414
f 417//417 414//414 416//416
usemtl field_material_07
f 419//419 420//420 418//418
f 420//420 423//423 422//422
f 423//423 424//424 422//422
f 424//424 427//427 426//426
f 426//426 429//429 428//428
f 428//428 431//431 430//430
f 430//430 433//433 432//432
f 433//433 434//434 432//432
usemtl field_material_05
f 440//440 439//439 437//437
f 438//438 437//437 439//439
f 442//442 443//443 441//441
f 443//443 446//446 445//445
f 446//446 447//447 445//445
f 448//448 449//449 447//447
f 450//450 448//448 446//446
f 450//450 451//451 449//449
f 451//451 442//442 441//441
f 447//447 449//449 451//451
usemtl field_material_23
f 454//454 455//455 453//453
f 455//455 458//458 457//457
f 458//458 459//459 457//457
f 460//460 461//461 459//459
f 462//462 463//463 461//461
f 464//464 465//465 463//463
f 466//466 467//467 465//465
f 467//467 470//470 469//469
usemtl field_material_05
f 473//473 472//472 474//474
f 475//475 474//474 472//472
usemtl field_material_23
f 476//476 479//479 478//478
f 478//478 481//481 480//480
f 480//480 483//483 482//482
f 483//483 484//484 482//482
f 485//485 486//486 484//484
f 486//486 489//489 488//488
f 488//488 491//491 490//490
f 491//491 492//492 490//490
f 492//492 493//493 494//494
usemtl field_material_05
f 496//496 495//495 497//497
f 498//498 497//497 495//495
usemtl field_material_23
f 499//499 502//502 501//501
f 501//501 504//504 503//503
f 503//503 506//506 505//505
f 506//506 507//507 505//505
f 507//507 510//510 509//509
f 510//510 511//511 509//509
f 511//511 514//514 513//513
f 514//514 515//515 513//513
usemtl field_material_05
f 521//521 520//520 518//518
f 519//519 518//518 520//520
f 523//523 524//524 522//522
f 524//524 527//527 526//526
f 527//527 528//528 526//526
f 528//528 531//531 530//530
f 531//531 529//529 527//527
f 530//530 533//533 532//532
f 532//532 523//523 522//522
f 530//530 532//532 524//524
usemtl field_material_17
f 535//535 536//536 534//534
f 537//537 538//538 536//536
f 539//539 540//540 538//538
f 541//541 542//542 540//540
f 542//542 545//545 544//544
f 545//545 546//546 544//544
f 547//547 548//548 546//546
f 549//549 550//550 548//548
usemtl field_material_05
f 556//556 555//555 553//553
f 554//554 553//553 555//555
usemtl field_material_17
f 557//557 560//560 559//559
f 559//559 562//562 561//561
f 561//561 564//564 563//563
f 563//563 566//566 565//565
f 565//565 568//568 567//567
f 568//568 569//569 567//567
f 569//569 572//572 571//571
f 572//572 573//573 571//571
f 573//573 574//574 575//575
usemtl field_material_05
f 578//578 577//577 576//576
f 579//579 576//576 577//577
usemtl field_material_17
f 580//580 583//583 582//582
f 583//583 584//584 582//582
f 585//585 586//586 584//584
f 587//587 588//588 586//586
f 588//588 591//591 590//590
f 590//590 593//593 592//592
f 593//593 594//594 592//592
f 595//595 596//596 594//594
usemtl field_material_05
f 602//602 601//601 599//599
f 601//601 600//600 599//599
f 605//605 606//606 603//603
f 607//607 608//608 606//606
f 609//609 610//610 608//608
f 612//612 609//609 607//607
f 612//612 611//611 610//610
f 611//611 604//604 603//603
f 608//608 610//610 611//611
usemtl field_material_09
f 613//613 614//614 615//615
f 613//613 615//615 616//616
f 613//613 616//616 617//617
f 613//613 617//617 618//618
f 613//613 618//618 619//619
f 613//613 619//619 620//620
f 613//613 620//620 614//614
f 615//615 632//632 616//616
f 616//616 622//622 617//617
f 624//624 618//618 617//617
f 626//626 619//619 618//618
f 627//627 620//620 619//619
f 620//620 630//630 614//614
f 615//615 631//631 632//632
f 633//633 623//623 622//622
f 621//621 634//634 631//631
f 631//631 636//636 632//632
f 636//636 633//633 632//632
f 637//637 623//623 633//633
f 623//623 639//639 624//624
f 624//624 640//640 625//625
f 641//641 626//626 625//625
f 642//642 627//627 626//626
f 627//627 643//643 628//628
f 628//628 644//644 629//629
f 645//645 630//630 629//629
f 646//646 621//621 630//630
f 648//648 635//635 634//634
f 637//637 651//651 638//638
f 639//639 652//652 640//640
f 653//653 641//641 640//640
f 646//646 647//647 634//634
f 649//649 658//658 636//636
f 658//658 650//650 636//636
f 650//650 659//659 651//651
f 659//659 639//639 651//651
f 660//660 652//652 639//639
f 653//653 661//661 641//641
f 662//662 642//642 641//641
f 663//663 654//654 642//642
f 664//664 645//645 644//644
f 665//665 655//655 645//645
f 647//647 673//673 657//657
f 674//674 666//666 657//657
f 675//675 667//667 658//658
f 668//668 677//677 659//659
f 659//659 678//678 660//660
f 660//660 680//680 652//652
f 652//652 681//681 653//653
f 681//681 661//661 653//653
f 682//682 662//662 661//661
f 684//684 663//663 662//662
f 685//685 669//669 663//663
f 686//686 670//670 664//664
f 670//670 687//687 665//665
f 665//665 688//688 655//655
f 688//688 671//671 655//655
f 690//690 670//670 686//686
f 674//674 691//691 666//666
f 691//691 675//675 666//666
f 675//675 693//693 667//667
f 685//685 697//697 669//669
f 697//697 689//689 669//669
f 700//700 673//673 672//672
f 702//702 668//668 676//676
f 703//703 694//694 668//668
f 705//705 682//682 681//681
f 707//707 690//690 689//689
f 709//709 672//672 671//671
f 701//701 710//710 674//674
f 710//710 691//691 674//674
f 711//711 692//692 691//691
f 704//704 712//712 679//679
f 712//712 680//680 679//679
f 712//712 705//705 680//680
f 695//695 713//713 684//684
f 713//713 696//696 684//684
f 714//714 707//707 697//697
f 698//698 715//715 687//687
f 715//715 699//699 687//687
f 700//700 717//717 701//701
f 717//717 710//710 701//701
f 710//710 717//717 711//711
f 711//711 718//718 692//692
f 692//692 718//718 693//693
f 693//693 719//719 702//702
f 719//719 703//703 702//702
f 703//703 719//719 694//694
f 694//694 720//720 704//704
f 720//720 712//712 704//704
f 721//721 705//705 712//712
f 721//721 706//706 705//705
f 706//706 722//722 695//695
f 695//695 723//723 713//713
f 723//723 696//696 713//713
f 723//723 714//714 696//696
f 714//714 724//724 707//707
f 724//724 708//708 707//707
f 724//724 698//698 708//708
f 698//698 725//725 715//715
f 725//725 699//699 715//715
f 725//725 709//709 699//699
f 716//716 700//700 709//709
f 716//716 726//726 717//717
f 717//717 726//726 718//718
f 718//718 726//726 719//719
f 719//719 726//726 720//720
f 720//720 726//726 721//721
f 721//721 726//726 722//722
f 722//722 726//726 723//723
f 723//723 726//726 724//724
f 724//724 726//726 725//725
f 725//725 726//726 716//716
usemtl field_material_05
f 728//728 730//730 740//740
f 729//729 730//730 731//731
f 727//727 734//734 730//730
f 731//731 734//734 733//733
f 731//731 733//733 736//736
f 734//734 735//735 736//736
f 734//734 736//736 733//733
f 732//732 727//727 735//735
f 731//731 736//736 738//738
f 735//735 739//739 736//736
f 736//736 739//739 738//738
f 735//735 727//727 737//737
f 737//737 727//727 728//728
f 731//731 738//738 729//729
f 739//739 728//728 740//740
f 739//739 729//729 738//738
f 750//750 743//743 746//746
f 742//742 744//744 743//743
f 743//743 744//744 746//746
f 742//742 741//741 745//745
f 744//744 745//745 749//749
f 744//744 747//747 746//746
f 750//750 746//746 747//747
f 745//745 741//741 748//748
f 748//748 751//751 749//749
f 747//747 751//751 750//750
f 750//750 751//751 752//752
f 751//751 741//741 753//753
f 750//750 752//752 743//743
f 753//753 742//742 743//743
f 753//753 743//743 752//752
f 757//757 758//758 760//760
f 755//755 754//754 759//759
f 764//764 757//757 760//760
f 755//755 758//758 756//756
f 758//758 761//761 763//763
f 758//758 762//762 760//760
f 759//759 754//754 761//761
f 764//764 760//760 762//762
f 761//761 765//765 763//763
f 762//762 765//765 764//764
f 765//765 755//755 756//756
f 765//765 757//757 764//764
f 777//777 767//767 770//770
f 775//775 766//766 768//768
f 774//774 777//777 770//770
f 768//768 769//769 767//767
f 769//769 772//772 770//770
f 768//768 766//766 771//771
f 774//774 770//770 772//772
f 769//769 771//771 773//773
f 772//772 773//773 774//774
f 766//766 776//776 773//773
f 776//776 777//777 774//774
f 776//776 775//775 767//767
f 779//779 782//782 781//781
f 780//780 782//782 783//783
f 782//782 778//778 785//785
f 785//785 786//786 783//783
f 784//784 787//787 785//785
f 783//783 786//786 788//788
f 786//786 787//787 788//788
f 784//784 778//778 789//789
f 787//787 789//789 790//790
f 790//790 780//780 788//788
f 789//789 778//778 779//779
f 783//783 788//788 780//780
f 790//790 779//779 781//781
usemtl field_material_29
f 793//793 794//794 792//792
f 793//793 791//791 795//795
f 796//796 792//792 794//794
f 794//794 795//795 796//796
f 795//795 791//791 797//797
f 797//797 798//798 796//796
f 796//796 798//798 792//792
f 791//791 792//792 798//798
f 800//800 799//799 801//801
f 801//801 803//803 802//802
f 802//802 803//803 805//805
f 799//799 805//805 803//803
f 804//804 806//806 805//805
f 804//804 799//799 800//800
f 802//802 805//805 806//806
f 806//806 800//800 802//802
f 809//809 810//810 808//808
f 809//809 807//807 811//811
f 812//812 808//808 810//810
f 810//810 811//811 812//812
f 811//811 807//807 813//813
f 813//813 814//814 812//812
f 812//812 814//814 808//808
f 807//807 808//808 814//814
f 816//816 815//815 817//817
f 817//817 819//819 818//818
f 818//818 819//819 821//821
f 815//815 821//821 819//819
f 820//820 822//822 821//821
f 820//820 815//815 816//816
f 818//818 821//821 822//822
f 822//822 816//816 818//818
f 824//824 823//823 826//826
f 826//826 827//827 825//825
f 823//823 828//828 827//827
f 825//825 827//827 828//828
f 825//825 828//828 830//830
f 829//829 830//830 828//828
f 829//829 823//823 824//824
f 830//830 824//824 825//825
f 832//832 831//831 833//833
f 833//833 835//835 834//834
f 834//834 835//835 837//837
f 831//831 837//837 835//835
f 836//836 838//838 837//837
f 836//836 831//831 832//832
f 834//834 837//837 838//838
f 838//838 832//832 834//834
f 840//840 842//842 841//841
f 840//840 839//839 843//843
f 845//845 841//841 842//842
f 842//842 843//843 845//845
f 843//843 839//839 844//844
f 844//844 846//846 845//845
f 845//845 846//846 841//841
f 839//839 841//841 846//846
f 848//848 850//850 849//849
f 848//848 847//847 851//851
f 849//849 850//850 853//853
f 851//851 853//853 850//850
f 851//851 847//847 852//852
f 852//852 854//854 853//853
f 849//849 853//853 854//854
f 854//854 848//848 849//849
f 847//847 848//848 854//854
f 856//856 855//855 857//857
f 857//857 859//859 858//858
f 861//861 858//858 859//859
f 859//859 860//860 861//861
f 855//855 860//860 859//859
f 860//860 862//862 861//861
f 860//860 855//855 856//856
f 861//861 862//862 858//858
f 862//862 856//856 858//858
f 865//865 866//866 864//864
f 865//865 863//863 867//867
f 864//864 866//866 868//868
f 866//866 867//867 868//868
f 867//867 863//863 869//869
f 869//869 870//870 868//868
f 864//864 868//868 870//870
f 870//870 865//865 864//864
f 863//863 865//865 870//870
f 873//873 875//875 874//874
f 873//873 871//871 876//876
f 874//874 875//875 878//878
f 876//876 878//878 875//875
f 876//876 871//871 877//877
f 874//874 878//878 872//872
f 877//877 872//872 878//878
f 884//884 880//880 882//882
f 881//881 882//882 880//880
f 881//881 879//879 883//883
f 882//882 883//883 884//884
f 883//883 879//879 885//885
f 885//885 886//886 884//884
f 884//884 886//886 880//880
f 879//879 880//880 886//886
f 888//888 890//890 889//889
f 888//888 887//887 891//891
f 890//890 891//891 893//893
f 889//889 890//890 893//893
f 891//891 887//887 892//892
f 892//892 894//894 893//893
f 889//889 893//893 894//894
f 887//887 888//888 894//894
f 894//894 888//888 889//889
f 900//900 896//896 898//898
f 897//897 898//898 896//896
f 897//897 895//895 899//899
f 898//898 899//899 900//900
f 899//899 895//895 901//901
f 901//901 902//902 900//900
f 900//900 902//902 896//896
f 895//895 896//896 902//902
usemtl field_material_05
f 904//904 905//905 903//903
f 905//905 908//908 907//907
f 909//909 910//910 907//907
f 909//909 908//908 904//904
f 912//912 911//911 910//910
f 911//911 904//904 903//903
f 907//907 910//910 911//911
usemtl field_material_09
f 913//913 914//914 915//915
f 913//913 915//915 916//916
f 913//913 916//916 917//917
f 913//913 917//917 918//918
f 913//913 918//918 919//919
f 913//913 919//919 914//914
f 921//921 915//915 914//914
f 922//922 916//916 915//915
f 924//924 917//917 916//916
f 917//917 926//926 918//918
f 927//927 919//919 918//918
f 920//920 914//914 919//919
f 930//930 931//931 921//921
f 923//923 932//932 924//924
f 933//933 925//925 924//924
f 934//934 926//926 925//925
f 935//935 927//927 926//926
f 936//936 928//928 927//927
f 937//937 921//921 920//920
f 921//921 938//938 930//930
f 939//939 931//931 930//930
f 940//940 922//922 931//931
f 942//942 923//923 922//922
f 943//943 932//932 923//923
f 932//932 946//946 933//933
f 947//947 934//934 933//933
f 934//934 948//948 935//935
f 935//935 949//949 936//936
f 950//950 929//929 936//936
f 952//952 920//920 929//929
f 953//953 938//938 937//937
f 954//954 944//944 943//943
f 945//945 955//955 946//946
f 956//956 947//947 946//946
f 947//947 958//958 948//948
f 958//958 949//949 948//948
f 949//949 960//960 950//950
f 951//951 961//961 952//952
f 952//952 953//953 937//937
f 953//953 964//964 938//938
f 964//964 939//939 938//938
f 939//939 965//965 940//940
f 965//965 941//941 940//940
f 941//941 966//966 942//942
f 966//966 954//954 942//942
f 968//968 944//944 954//954
f 944//944 969//969 945//945
f 969//969 955//955 945//945
f 957//957 970//970 947//947
f 970//970 958//958 947//947
f 958//958 972//972 949//949
f 972//972 959//959 949//949
f 973//973 961//961 951//951
f 962//962 963//963 953//953
f 974//974 965//965 964//964
f 957//957 977//977 970//970
f 959//959 978//978 960//960
f 973//973 979//979 961//961
f 963//963 981//981 964//964
f 981//981 974//974 964//964
f 974//974 982//982 965//965
f 983//983 966//966 965//965
f 984//984 975//975 966//966
f 985//985 968//968 967//967
f 987//987 969//969 968//968
f 988//988 976//976 969//969
f 989//989 957//957 956//956
f 990//990 977//977 957//957
f 977//977 991//991 970//970
f 970//970 992//992 971//971
f 971//971 993//993 972//972
f 972//972 994//994 959//959
f 994//994 978//978 959//959
f 978//978 995//995 973//973
f 996//996 979//979 973//973
f 979//979 997//997 962//962
f 962//962 980//980 963//963
f 980//980 999//999 981//981
f 974//974 1000//1000 982//982
f 1001//1001 985//985 975//975
f 1002//1002 988//988 987//987
f 1003//1003 976//976 988//988
f 977//977 1006//1006 991//991
f 1008//1008 980//980 997//997
f 983//983 1011//1011 984//984
f 1011//1011 1001//1001 984//984
f 985//985 1013//1013 986//986
f 1013//1013 1002//1002 986//986
f 1014//1014 990//990 989//989
f 1015//1015 1005//1005 990//990
f 1017//1017 995//995 978//978
f 1020//1020 1009//1009 999//999
f 1021//1021 1012//1012 1001//1001
f 1013//1013 1022//1022 1002//1002
f 1022//1022 1003//1003 1002//1002
f 1023//1023 1016//1016 992//992
f 1018//1018 1024//1024 996//996
f 1019//1019 1025//1025 1008//1008
f 998//998 1027//1027 1020//1020
f 1020//1020 1027//1027 1009//1009
f 1009//1009 1028//1028 1000//1000
f 1028//1028 1010//1010 1000//1000
f 1028//1028 1011//1011 1010//1010
f 1029//1029 1021//1021 1011//1011
f 1021//1021 1030//1030 1012//1012
f 1030//1030 1013//1013 1012//1012
f 1030//1030 1022//1022 1013//1013
f 1022//1022 1031//1031 1003//1003
f 1031//1031 1004//1004 1003//1003
f 1004//1004 1032//1032 1014//1014
f 1032//1032 1015//1015 1014//1014
f 1015//1015 1032//1032 1005//1005
f 1005//1005 1033//1033 1006//1006
f 1033//1033 1023//1023 1006//1006
f 1023//1023 1033//1033 1016//1016
f 1033//1033 1007//1007 1016//1016
f 1034//1034 1017//1017 1007//1007
f 1034//1034 1018//1018 1017//1017
f 1035//1035 1024//1024 1018//1018
f 1035//1035 1019//1019 1024//1024
f 1035//1035 1025//1025 1019//1019
f 1025//1025 1026//1026 998//998
f 1026//1026 1036//1036 1027//1027
f 1027//1027 1036//1036 1028//1028
f 1028//1028 1036//1036 1029//1029
f 1029//1029 1036//1036 1030//1030
f 1030//1030 1036//1036 1031//1031
f 1031//1031 1036//1036 1032//1032
f 1032//1032 1036//1036 1033//1033
f 1033//1033 1036//1036 1034//1034
f 1034//1034 1036//1036 1035//1035
f 1035//1035 1036//1036 1026//1026
usemtl field_material_05
f 1039//1039 1040//1040 1043//1043
f 1038//1038 1037//1037 1041//1041
f 1048//1048 1039//1039 1043//1043
f 1041//1041 1042//1042 1040//1040
f 1042//1042 1046//1046 1043//1043
f 1041//1041 1037//1037 1044//1044
f 1048//1048 1043//1043 1046//1046
f 1042//1042 1044//1044 1045//1045
f 1044//1044 1047//1047 1045//1045
f 1046//1046 1047//1047 1048//1048
f 1037//1037 1050//1050 1047//1047
f 1048//1048 1050//1050 1051//1051
f 1050//1050 1049//1049 1052//1052
f 1048//1048 1051//1051 1039//1039
f 1052//1052 1039//1039 1051//1051
f 1049//1049 1037//1037 1038//1038
f 1067//1067 1054//1054 1057//1057
f 1064//1064 1067//1067 1057//1057
f 1055//1055 1053//1053 1058//1058
f 1055//1055 1056//1056 1054//1054
f 1056//1056 1061//1061 1057//1057
f 1064//1064 1057//1057 1061//1061
f 1056//1056 1058//1058 1059//1059
f 1058//1058 1053//1053 1060//1060
f 1061//1061 1063//1063 1064//1064
f 1060//1060 1053//1053 1062//1062
f 1062//1062 1065//1065 1063//1063
f 1065//1065 1053//1053 1066//1066
f 1065//1065 1067//1067 1064//1064
f 1066//1066 1055//1055 1054//1054
f 1081//1081 1070//1070 1072//1072
f 1077//1077 1081//1081 1072//1072
f 1069//1069 1071//1071 1070//1070
f 1071//1071 1075//1075 1072//1072
f 1077//1077 1072//1072 1075//1075
f 1071//1071 1068//1068 1074//1074
f 1073//1073 1076//1076 1074//1074
f 1075//1075 1076//1076 1077//1077
f 1073//1073 1079//1079 1076//1076
f 1073//1073 1068//1068 1078//1078
f 1079//1079 1078//1078 1080//1080
f 1079//1079 1081//1081 1077//1077
f 1080//1080 1069//1069 1070//1070
f 1078//1078 1068//1068 1069//1069
f 1085//1085 1086//1086 1089//1089
f 1084//1084 1082//1082 1087//1087
f 1084//1084 1086//1086 1083//1083
f 1086//1086 1087//1087 1088//1088
f 1088//1088 1093//1093 1089//1089
f 1087//1087 1082//1082 1090//1090
f 1090//1090 1082//1082 1091//1091
f 1089//1089 1093//1093 1095//1095
f 1091//1091 1094//1094 1092//1092
f 1093//1093 1094//1094 1095//1095
f 1094//1094 1082//1082 1096//1096
f 1089//1089 1095//1095 1085//1085
f 1096//1096 1084//1084 1083//1083
f 1096//1096 1085//1085 1095//1095
f 1098//1098 1097//1097 1101//1101
f 1100//1100 1102//1102 1104//1104
f 1112//1112 1100//1100 1104//1104
f 1101//1101 1102//1102 1099//1099
f 1101//1101 1097//1097 1105//1105
f 1102//1102 1105//1105 1103//1103
f 1103//1103 1106//1106 1104//1104
f 1112//1112 1104//1104 1106//1106
f 1103//1103 1105//1105 1106//1106
f 1106//1106 1107//1107 1110//1110
f 1112//1112 1106//1106 1110//1110
f 1105//1105 1107//1107 1106//1106
f 1097//1097 1109//1109 1107//1107
f 1109//1109 1108//1108 1111//1111
f 1109//1109 1112//1112 1110//1110
f 1111//1111 1100//1100 1112//1112
f 1108//1108 1097//1097 1098//1098
usemtl field_material_29
f 1114//1114 1116//1116 1115//1115
f 1120//1120 1115//1115 1116//1116
f 1114//1114 1113//1113 1116//1116
f 1120//1120 1116//1116 1118//1118
f 1113//1113 1118//1118 1116//1116
f 1117//1117 1120//1120 1118//1118
f 1117//1117 1113//1113 1119//1119
f 1119//1119 1113//1113 1114//1114
f 1124//1124 1125//1125 1126//1126
f 1123//1123 1121//1121 1125//1125
f 1128//1128 1124//1124 1126//1126
f 1125//1125 1127//1127 1126//1126
f 1125//1125 1121//1121 1127//1127
f 1128//1128 1122//1122 1124//1124
f 1135//1135 1131//1131 1130//1130
f 1134//1134 1130//1130 1132//1132
f 1130//1130 1131//1131 1132//1132
f 1131//1131 1129//1129 1133//1133
f 1133//1133 1135//1135 1134//1134
f 1134//1134 1135//1135 1130//1130
f 1138//1138 1139//1139 1137//1137
f 1138//1138 1136//1136 1140//1140
f 1139//1139 1140//1140 1141//1141
f 1140//1140 1136//1136 1141//1141
f 1139//1139 1141//1141 1142//1142
f 1141//1141 1136//1136 1142//1142
f 1139//1139 1142//1142 1137//1137
f 1136//1136 1137//1137 1142//1142
f 1149//1149 1145//1145 1146//1146
f 1144//1144 1146//1146 1145//1145
f 1144//1144 1143//1143 1147//1147
f 1146//1146 1147//1147 1149//1149
f 1147//1147 1143//1143 1148//1148
f 1148//1148 1150//1150 1149//1149
f 1149//1149 1150//1150 1145//1145
f 1143//1143 1145//1145 1150//1150
f 1153//1153 1154//1154 1152//1152
f 1154//1154 1155//1155 1156//1156
f 1153//1153 1151//1151 1155//1155
f 1154//1154 1156//1156 1157//1157
f 1155//1155 1157//1157 1156//1156
f 1154//1154 1157//1157 1152//1152
f 1151//1151 1152//1152 1157//1157
f 1159//1159 1158//1158 1160//1160
f 1164//1164 1160//1160 1161//1161
f 1160//1160 1158//1158 1161//1161
f 1164//1164 1161//1161 1162//1162
f 1158//1158 1162//1162 1161//1161
f 1163//1163 1164//1164 1162//1162
f 1163//1163 1158//1158 1159//1159
f 1164//1164 1159//1159 1160//1160
f 1166//1166 1168//1168 1167//1167
f 1171//1171 1167//1167 1169//1169
f 1167//1167 1168//1168 1169//1169
f 1168//1168 1165//1165 1170//1170
f 1170//1170 1166//1166 1171//1171
f 1171//1171 1166//1166 1167//1167
f 1173//1173 1175//1175 1174//1174
f 1173//1173 1172//1172 1176//1176
f 1175//1175 1176//1176 1177//1177
f 1176//1176 1172//1172 1177//1177
f 1175//1175 1177//1177 1178//1178
f 1177//1177 1172//1172 1178//1178
f 1175//1175 1178//1178 1174//1174
f 1172//1172 1174//1174 1178//1178
f 1180//1180 1182//1182 1181//1181
f 1180//1180 1179//1179 1183//1183
f 1185//1185 1181//1181 1182//1182
f 1182//1182 1183//1183 1185//1185
f 1183//1183 1179//1179 1184//1184
f 1184//1184 1186//1186 1185//1185
f 1185//1185 1186//1186 1181//1181
f 1179//1179 1181//1181 1186//1186
f 1193//1193 1189//1189 1190//1190
f 1188//1188 1190//1190 1189//1189
f 1193//1193 1190//1190 1191//1191
f 1187//1187 1191//1191 1190//1190
f 1192//1192 1193//1193 1191//1191
f 1193//1193 1188//1188 1189//1189
f 1192//1192 1187//1187 1188//1188
f 1195//1195 1197//1197 1196//1196
f 1195//1195 1194//1194 1198//1198
f 1197//1197 1198//1198 1199//1199
f 1198//1198 1194//1194 1199//1199
f 1197//1197 1199//1199 1200//1200
f 1199//1199 1194//1194 1200//1200
f 1197//1197 1200//1200 1196//1196
f 1194//1194 1196//1196 1200//1200
f 1202//1202 1201//1201 1204//1204
f 1204//1204 1205//1205 1203//1203
f 1203//1203 1205//1205 1206//1206
f 1201//1201 1206//1206 1205//1205
f 1207//1207 1201//1201 1202//1202
f 1203//1203 1206//1206 1208//1208
f 1207//1207 1208//1208 1206//1206
f 1208//1208 1202//1202 1203//1203
f 1215//1215 1211//1211 1212//1212
f 1210//1210 1212//1212 1211//1211
f 1215//1215 1212//1212 1214//1214
f 1209//1209 1214//1214 1212//1212
f 1213//1213 1215//1215 1214//1214
f 1215//1215 1210//1210 1211//1211
f 1213//1213 1209//1209 1210//1210
usemtl field_material_05
f 1216//1216 1218//1218 1217//1217
f 1217//1217 1220//1220 1219//1219
f 1222//1222 1221//1221 1219//1219
f 1223//1223 1216//1216 1221//1221
usemtl field_material_27
f 1225//1225 1230//1230 1226//1226
f 1229//1229 1228//1228 1235//1235
f 1226//1226 1231//1231 1227//1227
f 1228//1228 1231//1231 1235//1235
f 1225//1225 1233//1233 1230//1230
f 1230//1230 1234//1234 1231//1231
f 1225//1225 1224//1224 1232//1232
f 1234//1234 1241//1241 1235//1235
f 1233//1233 1232//1232 1236//1236
f 1229//1229 1235//1235 1241//1241
f 1233//1233 1237//1237 1234//1234
f 1236//1236 1238//1238 1239//1239
f 1236//1236 1240//1240 1237//1237
f 1232//1232 1224//1224 1238//1238
f 1241//1241 1243//1243 1247//1247
f 1238//1238 1242//1242 1239//1239
f 1229//1229 1241//1241 1247//1247
f 1239//1239 1243//1243 1240//1240
f 1238//1238 1245//1245 1242//1242
f 1242//1242 1246//1246 1243//1243
f 1238//1238 1224//1224 1244//1244
f 1246//1246 1228//1228 1247//1247
f 1244//1244 1248//1248 1245//1245
f 1229//1229 1247//1247 1228//1228
f 1245//1245 1249//1249 1246//1246
f 1248//1248 1225//1225 1226//1226
f 1248//1248 1227//1227 1249//1249
f 1244//1244 1224//1224 1225//1225
usemtl field_material_25
f 1251//1251 1252//1252 1253//1253
f 1252//1252 1250//1250 1256//1256
f 1258//1258 1254//1254 1255//1255
f 1253//1253 1256//1256 1255//1255
f 1253//1253 1255//1255 1254//1254
f 1255//1255 1257//1257 1258//1258
f 1256//1256 1257//1257 1255//1255
f 1258//1258 1259//1259 1262//1262
f 1256//1256 1250//1250 1260//1260
f 1256//1256 1259//1259 1257//1257
f 1259//1259 1260//1260 1261//1261
f 1261//1261 1265//1265 1262//1262
f 1260//1260 1250//1250 1263//1263
f 1258//1258 1262//1262 1265//1265
f 1250//1250 1251//1251 1264//1264
f 1265//1265 1251//1251 1254//1254
f 1258//1258 1265//1265 1254//1254
f 1268//1268 1267//1267 1270//1270
f 1281//1281 1269//1269 1272//1272
f 1270//1270 1271//1271 1272//1272
f 1270//1270 1272//1272 1269//1269
f 1267//1267 1266//1266 1271//1271
f 1281//1281 1272//1272 1274//1274
f 1271//1271 1273//1273 1272//1272
f 1272//1272 1273//1273 1274//1274
f 1271//1271 1276//1276 1273//1273
f 1271//1271 1266//1266 1275//1275
f 1281//1281 1274//1274 1278//1278
f 1276//1276 1275//1275 1277//1277
f 1276//1276 1278//1278 1274//1274
f 1275//1275 1266//1266 1279//1279
f 1278//1278 1280//1280 1281//1281
f 1281//1281 1268//1268 1269//1269
f 1266//1266 1268//1268 1280//1280
f 1283//1283 1287//1287 1298//1298
f 1296//1296 1282//1282 1285//1285
f 1289//1289 1298//1298 1287//1287
f 1283//1283 1285//1285 1284//1284
f 1284//1284 1285//1285 1286//1286
f 1287//1287 1288//1288 1289//1289
f 1285//1285 1282//1282 1290//1290
f 1285//1285 1288//1288 1286//1286
f 1289//1289 1291//1291 1293//1293
f 1290//1290 1291//1291 1288//1288
f 1291//1291 1282//1282 1292//1292
f 1289//1289 1293//1293 1295//1295
f 1292//1292 1294//1294 1295//1295
f 1292//1292 1295//1295 1293//1293
f 1289//1289 1295//1295 1298//1298
f 1294//1294 1297//1297 1295//1295
f 1295//1295 1297//1297 1298//1298
f 1294//1294 1282//1282 1296//1296
f 1296//1296 1283//1283 1297//1297
f 1301//1301 1299//1299 1302//1302
f 1314//1314 1303//1303 1304//1304
f 1302//1302 1305//1305 1304//1304
f 1302//1302 1304//1304 1303//1303
f 1314//1314 1304//1304 1308//1308
f 1305//1305 1306//1306 1304//1304
f 1304//1304 1306//1306 1308//1308
f 1305//1305 1299//1299 1309//1309
f 1305//1305 1307//1307 1306//1306
f 1307//1307 1312//1312 1308//1308
f 1314//1314 1308//1308 1312//1312
f 1307//1307 1309//1309 1310//1310
f 1309//1309 1299//1299 1311//1311
f 1312//1312 1313//1313 1314//1314
f 1311//1311 1299//1299 1300//1300
f 1314//1314 1301//1301 1303//1303
f 1300//1300 1301//1301 1313//1313
f 1317//1317 1316//1316 1319//1319
f 1319//1319 1321//1321 1318//1318
f 1316//1316 1315//1315 1320//1320
f 1330//1330 1318//1318 1321//1321
f 1320//1320 1315//1315 1322//1322
f 1330//1330 1321//1321 1325//1325
f 1322//1322 1324//1324 1323//1323
f 1321//1321 1324//1324 1325//1325
f 1324//1324 1315//1315 1326//1326
f 1330//1330 1325//1325 1327//1327
f 1326//1326 1328//1328 1327//1327
f 1326//1326 1327//1327 1325//1325
f 1328//1328 1329//1329 1327//1327
f 1327//1327 1329//1329 1330//1330
f 1330//1330 1317//1317 1318//1318
f 1328//1328 1315//1315 1316//1316
f 1328//1328 1317//1317 1329//1329
usemtl field_material_05
f 3//3 8//8 9//9
f 5//5 4//4 9//9
f 2//2 7//7 8//8
f 8//8 12//12 13//13
f 9//9 13//13 14//14
f 7//7 11//11 12//12
f 12//12 16//16 17//17
f 14//14 13//13 17//17
f 11//11 15//15 16//16
f 16//16 20//20 21//21
f 17//17 21//21 22//22
f 15//15 19//19 20//20
f 20//20 24//24 25//25
f 22//22 21//21 25//25
f 19//19 23//23 24//24
f 24//24 28//28 29//29
f 25//25 29//29 30//30
f 23//23 27//27 28//28
f 28//28 32//32 33//33
f 30//30 29//29 33//33
f 27//27 31//31 32//32
f 32//32 3//3 4//4
f 33//33 4//4 5//5
f 31//31 2//2 3//3
f 36//36 38//38 37//37
f 38//38 40//40 39//39
f 39//39 40//40 42//42
f 41//41 42//42 44//44
f 40//40 38//38 44//44
f 38//38 36//36 44//44
f 36//36 46//46 44//44
f 44//44 46//46 45//45
f 46//46 36//36 35//35
f 45//45 35//35 37//37
f 37//37 39//39 41//41
f 41//41 43//43 37//37
usemtl field_material_17
f 47//47 48//48 50//50
f 50//50 52//52 51//51
f 52//52 54//54 53//53
f 54//54 56//56 55//55
f 56//56 58//58 57//57
f 57//57 58//58 60//60
f 59//59 60//60 62//62
f 61//61 62//62 64//64
usemtl field_material_05
f 66//66 68//68 67//67
f 68//68 66//66 69//69
usemtl field_material_17
f 70//70 71//71 73//73
f 72//72 73//73 75//75
f 74//74 75//75 77//77
f 77//77 79//79 78//78
f 79//79 81//81 80//80
f 81//81 83//83 82//82
f 83//83 85//85 84//84
f 85//85 87//87 86//86
usemtl field_material_05
f 90//90 92//92 89//89
f 92//92 90//90 91//91
usemtl field_material_17
f 93//93 94//94 96//96
f 96//96 98//98 97//97
f 98//98 100//100 99//99
f 100//100 102//102 101//101
f 101//101 102//102 104//104
f 103//103 104//104 106//106
f 105//105 106//106 108//108
f 107//107 108//108 110//110
usemtl field_material_05
f 112//112 114//114 115//115
f 114//114 112//112 113//113
f 116//116 117//117 119//119
f 119//119 121//121 120//120
f 120//120 121//121 123//123
f 122//122 123//123 125//125
f 121//121 119//119 117//117
f 117//117 127//127 125//125
f 125//125 123//123 117//117
f 124//124 125//125 127//127
f 126//126 127//127 117//117
f 126//126 116//116 118//118
f 118//118 120//120 126//126
f 120//120 122//122 126//126
usemtl field_material_17
f 129//129 131//131 130//130
f 130//130 131//131 133//133
f 132//132 133//133 135//135
f 135//135 137//137 136//136
f 137//137 139//139 138//138
f 138//138 139//139 141//141
f 140//140 141//141 143//143
f 142//142 143//143 145//145
f 145//145 146//146 144//144
usemtl field_material_05
f 148//148 150//150 147//147
f 150//150 148//148 149//149
usemtl field_material_17
f 152//152 154//154 153//153
f 154//154 156//156 155//155
f 156//156 158//158 157//157
f 157//157 158//158 160//160
f 160//160 162//162 161//161
f 161//161 162//162 164//164
f 163//163 164//164 166//166
f 165//165 166//166 168//168
f 168//168 169//169 167//167
usemtl field_material_05
f 170//170 173//173 171//171
f 172//172 173//173 170//170
usemtl field_material_17
f 174//174 175//175 177//177
f 177//177 179//179 178//178
f 178//178 179//179 181//181
f 181//181 183//183 182//182
f 182//182 183//183 185//185
f 185//185 187//187 186//186
f 187//187 189//189 188//188
f 189//189 191//191 190//190
f 191//191 192//192 190//190
usemtl field_material_05
f 194//194 196//196 193//193
f 196//196 194//194 195//195
f 198//198 200//200 199//199
f 200//200 202//202 201//201
f 202//202 204//204 203//203
f 203//203 204//204 206//206
f 202//202 200//200 198//198
f 198//198 208//208 206//206
f 206//206 204//204 198//198
f 205//205 206//206 208//208
f 208//208 198//198 197//197
f 207//207 197//197 199//199
f 199//199 201//201 207//207
f 201//201 203//203 207//207
usemtl field_material_07
f 209//209 210//210 212//212
f 211//211 212//212 214//214
f 214//214 216//216 215//215
f 216//216 218//218 217//217
f 218//218 220//220 219//219
f 220//220 222//222 221//221
f 221//221 222//222 224//224
f 224//224 226//226 225//225
usemtl field_material_05
f 229//229 231//231 228//228
f 231//231 229//229 230//230
usemtl field_material_07
f 232//232 233//233 235//235
f 235//235 237//237 236//236
f 237//237 239//239 238//238
f 238//238 239//239 241//241
f 241//241 243//243 242//242
f 243//243 245//245 244//244
f 245//245 247//247 246//246
f 246//246 247//247 249//249
usemtl field_material_05
f 252//252 254//254 251//251
f 252//252 255//255 254//254
f 253//253 254//254 255//255
f 255//255 252//252 251//251
usemtl field_material_07
f 257//257 259//259 258//258
f 258//258 259//259 261//261
f 261//261 263//263 262//262
f 262//262 263//263 265//265
f 264//264 265//265 267//267
f 267//267 269//269 268//268
f 268//268 269//269 271//271
f 270//270 271//271 273//273
f 273//273 274//274 272//272
usemtl field_material_05
f 275//275 276//276 277//277
f 277//277 276//276 278//278
f 280//280 282//282 281//281
f 282//282 284//284 283//283
f 284//284 286//286 285//285
f 285//285 286//286 288//288
f 284//284 282//282 280//280
f 280//280 290//290 288//288
f 288//288 286//286 280//280
f 287//287 288//288 290//290
f 290//290 280//280 279//279
f 289//289 279//279 285//285
f 279//279 281//281 285//285
f 281//281 283//283 285//285
usemtl field_material_17
f 291//291 292//292 294//294
f 294//294 296//296 295//295
f 296//296 298//298 297//297
f 298//298 300//300 299//299
f 300//300 302//302 301//301
f 302//302 304//304 303//303
f 304//304 306//306 305//305
f 306//306 308//308 307//307
f 308//308 309//309 307//307
usemtl field_material_05
f 310//310 312//312 311//311
f 312//312 310//310 313//313
usemtl field_material_17
f 315//315 317//317 316//316
f 317//317 319//319 318//318
f 318//318 319//319 321//321
f 320//320 321//321 323//323
f 322//322 323//323 325//325
f 325//325 327//327 326//326
f 327//327 329//329 328//328
f 329//329 331//331 330//330
usemtl field_material_05
f 334//334 336//336 333//333
f 336//336 334//334 335//335
usemtl field_material_17
f 338//338 340//340 339//339
f 340//340 342//342 341//341
f 341//341 342//342 344//344
f 343//343 344//344 346//346
f 346//346 348//348 347//347
f 348//348 350//350 349//349
f 350//350 352//352 351//351
f 352//352 354//354 353//353
usemtl field_material_05
f 356//356 358//358 357//357
f 358//358 356//356 359//359
f 360//360 361//361 363//363
f 362//362 363//363 365//365
f 365//365 367//367 366//366
f 366//366 367//367 369//369
f 365//365 363//363 369//369
f 363//363 361//361 369//369
f 361//361 371//371 369//369
f 369//369 371//371 370//370
f 371//371 361//361 360//360
f 370//370 360//360 362//362
f 362//362 364//364 366//366
f 366//366 368//368 370//370
usemtl field_material_07
f 373//373 375//375 374//374
f 374//374 375//375 377//377
f 377//377 379//379 378//378
f 379//379 381//381 380//380
f 381//381 383//383 382//382
f 383//383 385//385 384//384
f 384//384 385//385 387//387
f 386//386 387//387 389//389
f 389//389 390//390 388//388
usemtl field_material_05
f 391//391 393//393 394//394
f 393//393 391//391 392//392
usemtl field_material_07
f 395//395 396//396 398//398
f 397//397 398//398 400//400
f 400//400 402//402 401//401
f 402//402 404//404 403//403
f 403//403 404//404 406//406
f 406//406 408//408 407//407
f 407//407 408//408 410//410
f 409//409 410//410 412//412
f 412//412 413//413 411//411
usemtl field_material_05
f 415//415 417//417 416//416
f 417//417 415//415 414//414
usemtl field_material_07
f 419//419 421//421 420//420
f 420//420 421//421 423//423
f 423//423 425//425 424//424
f 424//424 425//425 427//427
f 426//426 427//427 429//429
f 428//428 429//429 431//431
f 430//430 431//431 433//433
f 433//433 435//435 434//434
f 435//435 436//436 434//434
usemtl field_material_05
f 438//438 440//440 437//437
f 440//440 438//438 439//439
f 442//442 444//444 443//443
f 443//443 444//444 446//446
f 446//446 448//448 447//447
f 448//448 450//450 449//449
f 446//446 444//444 442//442
f 442//442 452//452 446//446
f 452//452 450//450 446//446
f 450//450 452//452 451//451
f 451//451 452//452 442//442
f 451//451 441//441 443//443
f 443//443 445//445 451//451
f 445//445 447//447 451//451
usemtl field_material_23
f 454//454 456//456 455//455
f 455//455 456//456 458//458
f 458//458 460//460 459//459
f 460//460 462//462 461//461
f 462//462 464//464 463//463
f 464//464 466//466 465//465
f 466//466 468//468 467//467
f 467//467 468//468 470//470
f 470//470 471//471 469//469
usemtl field_material_05
f 472//472 473//473 475//475
f 474//474 475//475 473//473
usemtl field_material_23
f 476//476 477//477 479//479
f 478//478 479//479 481//481
f 480//480 481//481 483//483
f 483//483 485//485 484//484
f 485//485 487//487 486//486
f 486//486 487//487 489//489
f 488//488 489//489 491//491
f 491//491 493//493 492//492
usemtl field_material_05
f 496//496 498//498 495//495
f 498//498 496//496 497//497
usemtl field_material_23
f 499//499 500//500 502//502
f 501//501 502//502 504//504
f 503//503 504//504 506//506
f 506//506 508//508 507//507
f 507//507 508//508 510//510
f 510//510 512//512 511//511
f 511//511 512//512 514//514
f 514//514 516//516 515//515
f 516//516 517//517 515//515
usemtl field_material_05
f 519//519 521//521 518//518
f 521//521 519//519 520//520
f 523//523 525//525 524//524
f 524//524 525//525 527//527
f 527//527 529//529 528//528
f 528//528 529//529 531//531
f 527//527 525//525 523//523
f 523//523 533//533 527//527
f 533//533 531//531 527//527
f 530//530 531//531 533//533
f 532//532 533//533 523//523
f 532//532 522//522 524//524
f 524//524 526//526 528//528
f 528//528 530//530 524//524
usemtl field_material_17
f 535//535 537//537 536//536
f 537//537 539//539 538//538
f 539//539 541//541 540//540
f 541//541 543//543 542//542
f 542//542 543//543 545//545
f 545//545 547//547 546//546
f 547//547 549//549 548//548
f 549//549 551//551 550//550
f 551//551 552//552 550//550
usemtl field_material_05
f 554//554 556//556 553//553
f 556//556 554//554 555//555
usemtl field_material_17
f 557//557 558//558 560//560
f 559//559 560//560 562//562
f 561//561 562//562 564//564
f 563//563 564//564 566//566
f 565//565 566//566 568//568
f 568//568 570//570 569//569
f 569//569 570//570 572//572
f 572//572 574//574 573//573
usemtl field_material_05
f 576//576 579//579 578//578
f 577//577 578//578 579//579
usemtl field_material_17
f 580//580 581//581 583//583
f 583//583 585//585 584//584
f 585//585 587//587 586//586
f 587//587 589//589 588//588
f 588//588 589//589 591//591
f 590//590 591//591 593//593
f 593//593 595//595 594//594
f 595//595 597//597 596//596
f 597//597 598//598 596//596
usemtl field_material_05
f 599//599 600//600 602//602
f 601//601 602//602 600//600
f 604//604 605//605 603//603
f 605//605 607//607 606//606
f 607//607 609//609 608//608
f 609//609 612//612 610//610
f 607//607 605//605 604//604
f 604//604 612//612 607//607
f 611//611 612//612 604//604
f 603//603 606//606 611//611
f 606//606 608//608 611//611
usemtl field_material_09
f 614//614 621//621 615//615
f 632//632 622//622 616//616
f 617//617 622//622 623//623
f 617//617 623//623 624//624
f 618//618 624//624 625//625
f 618//618 625//625 626//626
f 619//619 626//626 627//627
f 627//627 628//628 620//620
f 620//620 628//628 629//629
f 620//620 629//629 630//630
f 630//630 621//621 614//614
f 621//621 631//631 615//615
f 622//622 632//632 633//633
f 631//631 634//634 635//635
f 631//631 635//635 636//636
f 636//636 637//637 633//633
f 637//637 638//638 623//623
f 623//623 638//638 639//639
f 624//624 639//639 640//640
f 640//640 641//641 625//625
f 641//641 642//642 626//626
f 627//627 642//642 643//643
f 628//628 643//643 644//644
f 644//644 645//645 629//629
f 645//645 646//646 630//630
f 646//646 634//634 621//621
f 647//647 648//648 634//634
f 648//648 649//649 635//635
f 635//635 649//649 636//636
f 636//636 650//650 637//637
f 637//637 650//650 651//651
f 651//651 639//639 638//638
f 652//652 653//653 640//640
f 642//642 654//654 643//643
f 654//654 644//644 643//643
f 645//645 655//655 646//646
f 646//646 655//655 656//656
f 646//646 656//656 647//647
f 647//647 657//657 648//648
f 648//648 657//657 649//649
f 659//659 660//660 639//639
f 641//641 661//661 662//662
f 642//642 662//662 663//663
f 654//654 664//664 644//644
f 664//664 665//665 645//645
f 657//657 666//666 649//649
f 649//649 666//666 658//658
f 658//658 667//667 650//650
f 650//650 668//668 659//659
f 663//663 669//669 654//654
f 654//654 669//669 664//664
f 664//664 670//670 665//665
f 655//655 671//671 656//656
f 656//656 671//671 647//647
f 647//647 672//672 673//673
f 673//673 674//674 657//657
f 666//666 675//675 658//658
f 667//667 676//676 650//650
f 650//650 676//676 668//668
f 659//659 677//677 678//678
f 660//660 678//678 679//679
f 660//660 679//679 680//680
f 652//652 680//680 681//681
f 681//681 682//682 661//661
f 682//682 683//683 662//662
f 683//683 684//684 662//662
f 684//684 685//685 663//663
f 669//669 686//686 664//664
f 665//665 687//687 688//688
f 671//671 672//672 647//647
f 669//669 689//689 686//686
f 689//689 690//690 686//686
f 691//691 692//692 675//675
f 675//675 692//692 693//693
f 667//667 693//693 676//676
f 668//668 694//694 677//677
f 677//677 694//694 678//678
f 682//682 695//695 683//683
f 683//683 695//695 684//684
f 684//684 696//696 685//685
f 685//685 696//696 697//697
f 690//690 698//698 670//670
f 670//670 698//698 687//687
f 687//687 699//699 688//688
f 688//688 699//699 671//671
f 700//700 701//701 673//673
f 673//673 701//701 674//674
f 693//693 702//702 676//676
f 702//702 703//703 668//668
f 694//694 704//704 678//678
f 678//678 704//704 679//679
f 680//680 705//705 681//681
f 705//705 706//706 682//682
f 682//682 706//706 695//695
f 697//697 707//707 689//689
f 707//707 708//708 690//690
f 690//690 708//708 698//698
f 699//699 709//709 671//671
f 709//709 700//700 672//672
f 710//710 711//711 691//691
f 696//696 714//714 697//697
f 700//700 716//716 717//717
f 711//711 717//717 718//718
f 693//693 718//718 719//719
f 694//694 719//719 720//720
f 720//720 721//721 712//712
f 721//721 722//722 706//706
f 695//695 722//722 723//723
f 714//714 723//723 724//724
f 698//698 724//724 725//725
f 725//725 716//716 709//709
usemtl field_material_05
f 728//728 727//727 730//730
f 729//729 740//740 730//730
f 727//727 732//732 734//734
f 731//731 730//730 734//734
f 734//734 732//732 735//735
f 735//735 737//737 739//739
f 739//739 737//737 728//728
f 739//739 740//740 729//729
f 742//742 745//745 744//744
f 744//744 749//749 747//747
f 749//749 745//745 748//748
f 747//747 749//749 751//751
f 748//748 741//741 751//751
f 751//751 753//753 752//752
f 753//753 741//741 742//742
f 757//757 756//756 758//758
f 755//755 759//759 758//758
f 758//758 759//759 761//761
f 758//758 763//763 762//762
f 761//761 754//754 765//765
f 762//762 763//763 765//765
f 765//765 754//754 755//755
f 765//765 756//756 757//757
f 775//775 768//768 767//767
f 770//770 767//767 769//769
f 769//769 768//768 771//771
f 769//769 773//773 772//772
f 771//771 766//766 773//773
f 774//774 773//773 776//776
f 776//776 766//766 775//775
f 776//776 767//767 777//777
f 779//779 778//778 782//782
f 780//780 781//781 782//782
f 782//782 785//785 783//783
f 785//785 778//778 784//784
f 786//786 785//785 787//787
f 784//784 789//789 787//787
f 787//787 790//790 788//788
f 790//790 781//781 780//780
f 790//790 789//789 779//779
usemtl field_material_29
f 792//792 791//791 793//793
f 793//793 795//795 794//794
f 795//795 797//797 796//796
f 797//797 791//791 798//798
f 800//800 801//801 802//802
f 801//801 799//799 803//803
f 805//805 799//799 804//804
f 804//804 800//800 806//806
f 808//808 807//807 809//809
f 809//809 811//811 810//810
f 811//811 813//813 812//812
f 813//813 807//807 814//814
f 816//816 817//817 818//818
f 817//817 815//815 819//819
f 821//821 815//815 820//820
f 820//820 816//816 822//822
f 824//824 826//826 825//825
f 826//826 823//823 827//827
f 828//828 823//823 829//829
f 829//829 824//824 830//830
f 832//832 833//833 834//834
f 833//833 831//831 835//835
f 837//837 831//831 836//836
f 836//836 832//832 838//838
f 841//841 839//839 840//840
f 840//840 843//843 842//842
f 843//843 844//844 845//845
f 844//844 839//839 846//846
f 848//848 851//851 850//850
f 853//853 851//851 852//852
f 852//852 847//847 854//854
f 856//856 857//857 858//858
f 857//857 855//855 859//859
f 860//860 856//856 862//862
f 865//865 867//867 866//866
f 867//867 869//869 868//868
f 869//869 863//863 870//870
f 872//872 871//871 873//873
f 872//872 873//873 874//874
f 873//873 876//876 875//875
f 878//878 876//876 877//877
f 877//877 871//871 872//872
f 880//880 879//879 881//881
f 881//881 883//883 882//882
f 883//883 885//885 884//884
f 885//885 879//879 886//886
f 888//888 891//891 890//890
f 891//891 892//892 893//893
f 892//892 887//887 894//894
f 896//896 895//895 897//897
f 897//897 899//899 898//898
f 899//899 901//901 900//900
f 901//901 895//895 902//902
usemtl field_material_05
f 904//904 906//906 905//905
f 905//905 906//906 908//908
f 908//908 909//909 907//907
f 909//909 912//912 910//910
f 908//908 906//906 904//904
f 912//912 909//909 904//904
f 911//911 912//912 904//904
f 911//911 903//903 905//905
f 905//905 907//907 911//911
usemtl field_material_09
f 920//920 921//921 914//914
f 921//921 931//931 915//915
f 931//931 922//922 915//915
f 922//922 923//923 916//916
f 916//916 923//923 924//924
f 924//924 925//925 917//917
f 917//917 925//925 926//926
f 926//926 927//927 918//918
f 927//927 928//928 919//919
f 928//928 929//929 919//919
f 929//929 920//920 919//919
f 924//924 932//932 933//933
f 925//925 933//933 934//934
f 934//934 935//935 926//926
f 935//935 936//936 927//927
f 928//928 936//936 929//929
f 921//921 937//937 938//938
f 930//930 938//938 939//939
f 939//939 940//940 931//931
f 940//940 941//941 922//922
f 941//941 942//942 922//922
f 942//942 943//943 923//923
f 943//943 944//944 932//932
f 944//944 945//945 932//932
f 932//932 945//945 946//946
f 933//933 946//946 947//947
f 947//947 948//948 934//934
f 948//948 949//949 935//935
f 949//949 950//950 936//936
f 950//950 951//951 929//929
f 951//951 952//952 929//929
f 952//952 937//937 920//920
f 942//942 954//954 943//943
f 946//946 955//955 956//956
f 956//956 957//957 947//947
f 949//949 959//959 960//960
f 960//960 951//951 950//950
f 961//961 962//962 952//952
f 952//952 962//962 953//953
f 963//963 964//964 953//953
f 964//964 965//965 939//939
f 965//965 966//966 941//941
f 966//966 967//967 954//954
f 967//967 968//968 954//954
f 944//944 968//968 969//969
f 958//958 970//970 971//971
f 958//958 971//971 972//972
f 960//960 973//973 951//951
f 966//966 975//975 967//967
f 969//969 976//976 955//955
f 955//955 976//976 956//956
f 960//960 978//978 973//973
f 961//961 979//979 962//962
f 963//963 980//980 981//981
f 965//965 982//982 983//983
f 983//983 984//984 966//966
f 975//975 985//985 967//967
f 985//985 986//986 968//968
f 968//968 986//986 987//987
f 987//987 988//988 969//969
f 976//976 989//989 956//956
f 989//989 990//990 957//957
f 970//970 991//991 992//992
f 971//971 992//992 993//993
f 972//972 993//993 994//994
f 995//995 996//996 973//973
f 962//962 997//997 980//980
f 980//980 998//998 999//999
f 981//981 999//999 974//974
f 982//982 1000//1000 983//983
f 984//984 1001//1001 975//975
f 986//986 1002//1002 987//987
f 1002//1002 1003//1003 988//988
f 1003//1003 1004//1004 976//976
f 976//976 1004//1004 989//989
f 990//990 1005//1005 977//977
f 977//977 1005//1005 1006//1006
f 991//991 1006//1006 992//992
f 993//993 1007//1007 994//994
f 994//994 1007//1007 978//978
f 979//979 1008//1008 997//997
f 1008//1008 998//998 980//980
f 999//999 1009//1009 974//974
f 974//974 1009//1009 1000//1000
f 1000//1000 1010//1010 983//983
f 983//983 1010//1010 1011//1011
f 1001//1001 1012//1012 985//985
f 985//985 1012//1012 1013//1013
f 1004//1004 1014//1014 989//989
f 1014//1014 1015//1015 990//990
f 992//992 1016//1016 993//993
f 993//993 1016//1016 1007//1007
f 1007//1007 1017//1017 978//978
f 1017//1017 1018//1018 995//995
f 995//995 1018//1018 996//996
f 996//996 1019//1019 979//979
f 979//979 1019//1019 1008//1008
f 998//998 1020//1020 999//999
f 1011//1011 1021//1021 1001//1001
f 1006//1006 1023//1023 992//992
f 996//996 1024//1024 1019//1019
f 1008//1008 1025//1025 998//998
f 998//998 1026//1026 1027//1027
f 1009//1009 1027//1027 1028//1028
f 1028//1028 1029//1029 1011//1011
f 1021//1021 1029//1029 1030//1030
f 1022//1022 1030//1030 1031//1031
f 1004//1004 1031//1031 1032//1032
f 1005//1005 1032//1032 1033//1033
f 1033//1033 1034//1034 1007//1007
f 1034//1034 1035//1035 1018//1018
f 1035//1035 1026//1026 1025//1025
usemtl field_material_05
f 1038//1038 1041//1041 1040//1040
f 1039//1039 1038//1038 1040//1040
f 1043//1043 1040//1040 1042//1042
f 1042//1042 1045//1045 1046//1046
f 1042//1042 1041//1041 1044//1044
f 1044//1044 1037//1037 1047//1047
f 1046//1046 1045//1045 1047//1047
f 1037//1037 1049//1049 1050//1050
f 1048//1048 1047//1047 1050//1050
f 1050//1050 1052//1052 1051//1051
f 1052//1052 1049//1049 1038//1038
f 1052//1052 1038//1038 1039//1039
f 1057//1057 1054//1054 1056//1056
f 1055//1055 1058//1058 1056//1056
f 1056//1056 1059//1059 1061//1061
f 1059//1059 1060//1060 1061//1061
f 1059//1059 1058//1058 1060//1060
f 1060//1060 1062//1062 1063//1063
f 1061//1061 1060//1060 1063//1063
f 1064//1064 1063//1063 1065//1065
f 1065//1065 1062//1062 1053//1053
f 1065//1065 1066//1066 1067//1067
f 1066//1066 1053//1053 1055//1055
f 1066//1066 1054//1054 1067//1067
f 1072//1072 1070//1070 1071//1071
f 1069//1069 1068//1068 1071//1071
f 1071//1071 1074//1074 1075//1075
f 1074//1074 1068//1068 1073//1073
f 1075//1075 1074//1074 1076//1076
f 1073//1073 1078//1078 1079//1079
f 1077//1077 1076//1076 1079//1079
f 1079//1079 1080//1080 1081//1081
f 1080//1080 1078//1078 1069//1069
f 1080//1080 1070//1070 1081//1081
f 1085//1085 1083//1083 1086//1086
f 1084//1084 1087//1087 1086//1086
f 1086//1086 1088//1088 1089//1089
f 1088//1088 1090//1090 1093//1093
f 1088//1088 1087//1087 1090//1090
f 1090//1090 1091//1091 1092//1092
f 1093//1093 1090//1090 1092//1092
f 1093//1093 1092//1092 1094//1094
f 1094//1094 1091//1091 1082//1082
f 1094//1094 1096//1096 1095//1095
f 1096//1096 1082//1082 1084//1084
f 1096//1096 1083//1083 1085//1085
f 1100//1100 1098//1098 1099//1099
f 1098//1098 1101//1101 1099//1099
f 1100//1100 1099//1099 1102//1102
f 1102//1102 1103//1103 1104//1104
f 1102//1102 1101//1101 1105//1105
f 1105//1105 1097//1097 1107//1107
f 1097//1097 1108//1108 1109//1109
f 1110//1110 1107//1107 1109//1109
f 1109//1109 1111//1111 1112//1112
f 1111//1111 1108//1108 1098//1098
f 1111//1111 1098//1098 1100//1100
usemtl field_material_29
f 1113//1113 1117//1117 1118//1118
f 1117//1117 1119//1119 1120//1120
f 1120//1120 1119//1119 1115//1115
f 1119//1119 1114//1114 1115//1115
f 1122//1122 1123//1123 1124//1124
f 1122//1122 1121//1121 1123//1123
f 1124//1124 1123//1123 1125//1125
f 1126//1126 1127//1127 1128//1128
f 1127//1127 1121//1121 1122//1122
f 1128//1128 1127//1127 1122//1122
f 1135//1135 1129//1129 1131//1131
f 1131//1131 1133//1133 1132//1132
f 1132//1132 1133//1133 1134//1134
f 1133//1133 1129//1129 1135//1135
f 1137//1137 1136//1136 1138//1138
f 1138//1138 1140//1140 1139//1139
f 1145//1145 1143//1143 1144//1144
f 1144//1144 1147//1147 1146//1146
f 1147//1147 1148//1148 1149//1149
f 1148//1148 1143//1143 1150//1150
f 1152//1152 1151//1151 1153//1153
f 1154//1154 1153//1153 1155//1155
f 1155//1155 1151//1151 1157//1157
f 1162//1162 1158//1158 1163//1163
f 1163//1163 1159//1159 1164//1164
f 1166//1166 1165//1165 1168//1168
f 1168//1168 1170//1170 1169//1169
f 1169//1169 1170//1170 1171//1171
f 1170//1170 1165//1165 1166//1166
f 1174//1174 1172//1172 1173//1173
f 1173//1173 1176//1176 1175//1175
f 1181//1181 1179//1179 1180//1180
f 1180//1180 1183//1183 1182//1182
f 1183//1183 1184//1184 1185//1185
f 1184//1184 1179//1179 1186//1186
f 1188//1188 1187//1187 1190//1190
f 1191//1191 1187//1187 1192//1192
f 1193//1193 1192//1192 1188//1188
f 1196//1196 1194//1194 1195//1195
f 1195//1195 1198//1198 1197//1197
f 1202//1202 1204//1204 1203//1203
f 1204//1204 1201//1201 1205//1205
f 1206//1206 1201//1201 1207//1207
f 1207//1207 1202//1202 1208//1208
f 1210//1210 1209//1209 1212//1212
f 1214//1214 1209//1209 1213//1213
f 1215//1215 1213//1213 1210//1210
usemtl field_material_05
f 1217//1217 1218//1218 1220//1220
f 1219//1219 1220//1220 1222//1222
f 1220//1220 1218//1218 1222//1222
f 1218//1218 1223//1223 1222//1222
f 1221//1221 1222//1222 1223//1223
f 1223//1223 1218//1218 1216//1216
f 1221//1221 1216//1216 1217//1217
f 1219//1219 1221//1221 1217//1217
usemtl field_material_27
f 1226//1226 1230//1230 1231//1231
f 1228//1228 1227//1227 1231//1231
f 1231//1231 1234//1234 1235//1235
f 1225//1225 1232//1232 1233//1233
f 1230//1230 1233//1233 1234//1234
f 1234//1234 1237//1237 1241//1241
f 1233//1233 1236//1236 1237//1237
f 1237//1237 1240//1240 1241//1241
f 1236//1236 1232//1232 1238//1238
f 1236//1236 1239//1239 1240//1240
f 1241//1241 1240//1240 1243//1243
f 1239//1239 1242//1242 1243//1243
f 1243//1243 1246//1246 1247//1247
f 1238//1238 1244//1244 1245//1245
f 1242//1242 1245//1245 1246//1246
f 1246//1246 1249//1249 1228//1228
f 1245//1245 1248//1248 1249//1249
f 1249//1249 1227//1227 1228//1228
f 1248//1248 1244//1244 1225//1225
f 1248//1248 1226//1226 1227//1227
usemtl field_material_25
f 1251//1251 1253//1253 1254//1254
f 1253//1253 1252//1252 1256//1256
f 1258//1258 1257//1257 1259//1259
f 1256//1256 1260//1260 1259//1259
f 1259//1259 1261//1261 1262//1262
f 1261//1261 1263//1263 1265//1265
f 1261//1261 1260//1260 1263//1263
f 1265//1265 1263//1263 1264//1264
f 1263//1263 1250//1250 1264//1264
f 1250//1250 1252//1252 1251//1251
f 1265//1265 1264//1264 1251//1251
f 1268//1268 1270//1270 1269//1269
f 1270//1270 1267//1267 1271//1271
f 1271//1271 1275//1275 1276//1276
f 1274//1274 1273//1273 1276//1276
f 1276//1276 1277//1277 1278//1278
f 1277//1277 1275//1275 1279//1279
f 1277//1277 1279//1279 1278//1278
f 1278//1278 1279//1279 1280//1280
f 1279//1279 1266//1266 1280//1280
f 1281//1281 1280//1280 1268//1268
f 1266//1266 1267//1267 1268//1268
f 1283//1283 1284//1284 1287//1287
f 1283//1283 1296//1296 1285//1285
f 1284//1284 1286//1286 1287//1287
f 1287//1287 1286//1286 1288//1288
f 1285//1285 1290//1290 1288//1288
f 1289//1289 1288//1288 1291//1291
f 1291//1291 1290//1290 1282//1282
f 1291//1291 1292//1292 1293//1293
f 1292//1292 1282//1282 1294//1294
f 1294//1294 1296//1296 1297//1297
f 1298//1298 1297//1297 1283//1283
f 1301//1301 1302//1302 1303//1303
f 1301//1301 1300//1300 1299//1299
f 1302//1302 1299//1299 1305//1305
f 1308//1308 1306//1306 1307//1307
f 1305//1305 1309//1309 1307//1307
f 1307//1307 1310//1310 1312//1312
f 1310//1310 1311//1311 1312//1312
f 1310//1310 1309//1309 1311//1311
f 1312//1312 1311//1311 1313//1313
f 1311//1311 1300//1300 1313//1313
f 1314//1314 1313//1313 1301//1301
f 1317//1317 1319//1319 1318//1318
f 1319//1319 1316//1316 1320//1320
f 1319//1319 1320//1320 1321//1321
f 1320//1320 1322//1322 1323//1323
f 1321//1321 1320//1320 1323//1323
f 1321//1321 1323//1323 1324//1324
f 1324//1324 1322//1322 1315//1315
f 1324//1324 1326//1326 1325//1325
f 1326//1326 1315//1315 1328//1328
f 1330//1330 1329//1329 1317//1317
f 1328//1328 1316//1316 1317//1317
