# Strawberry URP Gazebo mesh generated by export_gazebo_assets.py
mtllib plant_variant_24.mtl

o field_export_plant_variant_24
v 0.000000000 0.000000000 0.025000000
v 0.000000000 0.026450338 0.020225426
v 0.000000000 0.042797547 0.007725425
v 0.000000000 0.042797547 -0.007725425
v 0.000000000 0.026450338 -0.020225426
v 0.000000000 0.000000000 -0.025000000
v 0.018703211 0.018703211 0.020225426
v 0.030262435 0.030262435 0.007725425
v 0.030262435 0.030262435 -0.007725425
v 0.018703211 0.018703211 -0.020225426
v 0.026450334 0.000000000 0.020225426
v 0.042797547 0.000000000 0.007725425
v 0.042797547 0.000000000 -0.007725425
v 0.026450334 0.000000000 -0.020225426
v 0.018703211 -0.018703211 0.020225426
v 0.030262435 -0.030262435 0.007725425
v 0.030262435 -0.030262435 -0.007725425
v 0.018703211 -0.018703211 -0.020225426
v 0.000000000 -0.026450334 0.020225426
v 0.000000000 -0.042797547 0.007725425
v 0.000000000 -0.042797547 -0.007725425
v 0.000000000 -0.026450334 -0.020225426
v -0.018703211 -0.018703211 0.020225426
v -0.030262435 -0.030262435 0.007725425
v -0.030262435 -0.030262435 -0.007725425
v -0.018703211 -0.018703211 -0.020225426
v -0.026450334 0.000000000 0.020225426
v -0.042797547 0.000000000 0.007725425
v -0.042797547 0.000000000 -0.007725425
v -0.026450334 0.000000000 -0.020225426
v -0.018703211 0.018703211 0.020225426
v -0.030262435 0.030262435 0.007725425
v -0.030262435 0.030262435 -0.007725425
v -0.018703211 0.018703211 -0.020225426
v -0.003888674 -0.001486648 0.005627446
v 0.201441675 0.077010602 0.168251485
v -0.004109092 0.004919160 0.002813727
v 0.201221257 0.083416402 0.165437773
v -0.000220418 0.006405789 -0.002813727
v 0.205109939 0.084903032 0.159810320
v 0.003888674 0.001486611 -0.005627446
v 0.209219038 0.079983860 0.156996608
v 0.004109092 -0.004919197 -0.002813727
v 0.209439456 0.073578045 0.159810320
v 0.000220418 -0.006405827 0.002813727
v 0.205550775 0.072091416 0.165437773
v 0.212907106 0.113990903 0.174955949
v 0.235163331 0.055548698 0.169430703
v 0.221830502 0.117950797 0.178714097
v 0.244761169 0.057969548 0.173186108
v 0.225912526 0.134586692 0.182886124
v 0.259080559 0.047826916 0.174890175
v 0.237252012 0.132066250 0.184130132
v 0.265956312 0.056982517 0.177210271
v 0.242214322 0.146034539 0.185597137
v 0.279001594 0.049807664 0.176728681
v 0.255152106 0.138941601 0.183780715
v 0.283856392 0.063857876 0.176860854
v 0.261712700 0.148337394 0.182187274
v 0.294880718 0.061577626 0.174191326
v 0.275530756 0.138576865 0.177665815
v 0.298461407 0.078595616 0.172137827
v 0.284458220 0.141472489 0.173539072
v 0.306786150 0.083063357 0.167978466
v 0.312679440 0.119786941 0.160551563
v 0.204657152 0.080072574 0.163176283
v 0.298242092 0.115056090 0.175950289
v 0.205514118 0.078567460 0.160984665
v 0.298521549 0.115256615 0.173178151
v 0.205650613 0.077261396 0.163808674
v 0.299378693 0.112601943 0.174406007
v 0.242768362 0.053142726 0.177857459
v 0.227607191 0.006613761 0.176101163
v 0.249642223 0.051402956 0.183611229
v 0.234081417 0.003623635 0.182072595
v 0.259852469 0.059718754 0.188788861
v 0.237344608 -0.009391550 0.186563298
v 0.265193045 0.052727263 0.192008927
v 0.245714247 -0.007082250 0.190082878
v 0.274922729 0.058816772 0.194016680
v 0.249958828 -0.017834749 0.191548258
v 0.279304028 0.048074204 0.193791196
v 0.259825230 -0.011735313 0.191865146
v 0.288074434 0.050412625 0.192353398
v 0.265566558 -0.018697675 0.190127835
v 0.291975141 0.037443768 0.188958034
v 0.276414335 -0.010335553 0.187419400
v 0.299237937 0.034523241 0.184898019
v 0.284087867 -0.012009706 0.183191910
v 0.306735694 0.006765134 0.173325449
v 0.222563386 0.036249898 0.163173780
v 0.296386898 0.011427305 0.175944269
v 0.222352400 0.034518201 0.160992116
v 0.296817660 0.011379037 0.173184708
v 0.221548289 0.033445802 0.163803294
v 0.295776218 0.008788479 0.174407005
v 0.174252406 0.148300141 0.170711875
v 0.216403827 0.123776667 0.175161347
v 0.177150577 0.155345649 0.174685687
v 0.220443428 0.130232334 0.179420739
v 0.171008959 0.167644575 0.176921219
v 0.233629808 0.131319478 0.183770239
v 0.178826332 0.171813518 0.179508448
v 0.233019739 0.140377030 0.185435742
v 0.174890339 0.182763934 0.179499581
v 0.244344294 0.142475113 0.187095955
v 0.186308727 0.184769899 0.179813221
v 0.240502134 0.153333396 0.185740516
v 0.185973763 0.193557322 0.177530766
v 0.248594612 0.157232240 0.184379786
v 0.199597791 0.194214776 0.175599992
v 0.242890626 0.169101477 0.180335060
v 0.204187915 0.200085938 0.171721742
v 0.246342242 0.175631255 0.176493958
v 0.233466879 0.200072259 0.164471447
v 0.187023804 0.123184286 0.163173780
v 0.226743668 0.190179870 0.175944269
v 0.188673019 0.122615643 0.160992101
v 0.226880997 0.190590978 0.173184708
v 0.189553425 0.121604942 0.163803294
v 0.229196295 0.189030543 0.174407020
v -0.000367392 -0.005139776 0.004737951
v 0.012344953 0.172705144 0.198651433
v -0.006230449 -0.002137676 0.002368987
v 0.006481896 0.175707251 0.196282476
v -0.005863060 0.003002077 -0.002368942
v 0.006849285 0.180847004 0.191544548
v 0.000367386 0.005139731 -0.004737906
v 0.013079731 0.182984650 0.189175576
v 0.006230442 0.002137631 -0.002368942
v 0.018942786 0.179982558 0.191544548
v 0.005863053 -0.003002122 0.002368987
v 0.018575398 0.174842805 0.196282476
v -0.018600991 0.198293880 0.205755487
v 0.043742366 0.193777785 0.211612001
v -0.019353099 0.207510099 0.211631700
v 0.044634230 0.202936292 0.217862740
v -0.033463582 0.217784435 0.215256259
v 0.059090771 0.211168662 0.224269122
v -0.026911244 0.226690441 0.219395429
v 0.053187244 0.220964998 0.227195367
v -0.037695616 0.236956805 0.220176131
v 0.064958125 0.229619130 0.230172470
v -0.025749937 0.245723873 0.221441090
v 0.054348551 0.239998460 0.229241014
v -0.031140972 0.255851328 0.219347566
v 0.061413381 0.249235570 0.228360444
v -0.015869182 0.264610440 0.217768669
v 0.048118144 0.260036647 0.223999709
v -0.013924048 0.274410844 0.213669315
v 0.048379857 0.269935340 0.219941273
v 0.019746063 0.291984260 0.206206873
v 0.010986818 0.178035557 0.193353906
v 0.018417178 0.277636975 0.206373140
v 0.014129439 0.177688316 0.194373146
v 0.021577237 0.277533710 0.205353901
v 0.051501989 0.201895401 0.202045918
v 0.087258033 0.168444082 0.202694669
v 0.055941079 0.207678616 0.205481291
v 0.092674106 0.173364937 0.206271619
v 0.052700594 0.220714852 0.208245426
v 0.105833009 0.171081886 0.209388599
v 0.061276756 0.222777784 0.210458070
v 0.107258663 0.179824352 0.211447388
v 0.059850059 0.234257311 0.211556837
v 0.118780203 0.179208457 0.212824747
v 0.071419746 0.233671546 0.212004840
v 0.117401659 0.190718129 0.212994173
v 0.072986580 0.242502391 0.211338967
v 0.126118988 0.192869410 0.212482139
v 0.086370066 0.240359917 0.210121617
v 0.123103082 0.206046224 0.210911945
v 0.092066228 0.245451555 0.208080992
v 0.127823398 0.212008417 0.208934754
v 0.120462291 0.239813551 0.203207493
v 0.058744863 0.175007954 0.195233777
v 0.112651192 0.231293321 0.207692593
v 0.059532769 0.174905896 0.192222431
v 0.111809276 0.232628688 0.205085397
v 0.060785983 0.173263475 0.194463298
v 0.114038512 0.230478093 0.205409259
v -0.063582577 0.179507837 0.199468389
v -0.023535324 0.207354888 0.203791559
v -0.068697743 0.185242042 0.202372625
v -0.027624175 0.213866159 0.206954181
v -0.082402728 0.184979469 0.203738809
v -0.022991937 0.226382762 0.210365772
v -0.082843050 0.193898320 0.205655560
v -0.031427696 0.229729608 0.211390674
v -0.094410539 0.194992751 0.205294937
v -0.028516933 0.240913913 0.212645024
v -0.091386229 0.206183806 0.205489203
v -0.039970882 0.242015094 0.211224332
v -0.099489093 0.209550440 0.203406096
v -0.040078305 0.250953734 0.210033074
v -0.094327308 0.222098514 0.201873571
v -0.053253733 0.250722647 0.206455126
v -0.097733282 0.228627279 0.198768333
v -0.057715122 0.256513119 0.203090638
v -0.085448198 0.254860640 0.192926273
v -0.034640428 0.180574715 0.195470527
v -0.078018516 0.245417193 0.207470521
v -0.035162672 0.180772632 0.192474231
v -0.080097497 0.244354904 0.205409244
v -0.032924082 0.182157367 0.193409249
v -0.078023396 0.245975658 0.204474226
v 0.003381573 -0.003604792 0.004956879
v -0.145543277 0.155150563 0.222004294
v -0.002730519 -0.005949929 0.002478443
v -0.151655376 0.152805433 0.219525874
v -0.006112084 -0.002345152 -0.002478428
v -0.155036941 0.156410217 0.214569002
v -0.003381558 0.003604777 -0.004956864
v -0.152306408 0.162360132 0.212090552
v 0.002730533 0.005949914 -0.002478428
v -0.146194324 0.164705276 0.214569002
v 0.006112099 0.002345137 0.002478443
v -0.142812759 0.161100507 0.219525874
v -0.184991866 0.149911061 0.225522518
v -0.139376402 0.192644909 0.231386080
v -0.192190811 0.155713588 0.230124280
v -0.145400748 0.199606299 0.236308277
v -0.209249109 0.152398780 0.232768774
v -0.141569674 0.215887323 0.241713613
v -0.211300880 0.163293570 0.236346647
v -0.152729690 0.218237892 0.244087696
v -0.226144850 0.162335917 0.237062752
v -0.151080340 0.232752234 0.246983632
v -0.224486589 0.177011400 0.238747463
v -0.165915400 0.231955737 0.246488512
v -0.235620499 0.179834455 0.237570420
v -0.167941079 0.243322998 0.246515259
v -0.231747895 0.196867093 0.237326741
v -0.184957832 0.240759820 0.243510738
v -0.237699762 0.204754889 0.235082492
v -0.192132935 0.247536913 0.240949646
v -0.228054926 0.241003796 0.231463373
v -0.150128037 0.157535776 0.217599675
v -0.217940316 0.230907977 0.230373666
v -0.148827210 0.159126431 0.215348601
v -0.217717946 0.231614321 0.227348596
v -0.148108140 0.159303248 0.218373686
v -0.216047496 0.232810929 0.229599670
v -0.140602082 0.203450039 0.223826736
v -0.091854423 0.206989974 0.226831585
v -0.141993865 0.210572138 0.227205858
v -0.091956876 0.214254409 0.230385393
v -0.153882533 0.216995239 0.229423910
v -0.081506632 0.222321451 0.234022945
v -0.149687737 0.224658430 0.231901556
v -0.087052107 0.229267851 0.235881656
v -0.159133062 0.231380820 0.232662112
v -0.078859597 0.237288237 0.237762988
v -0.150889903 0.239470154 0.233666301
v -0.088254258 0.244079590 0.237646416
v -0.156286836 0.246618718 0.232953414
v -0.083910927 0.251944929 0.237552449
v -0.145600319 0.255007327 0.232500106
v -0.095563322 0.258689612 0.235679656
v -0.145402983 0.262645185 0.230855271
v -0.096662022 0.266257077 0.233854979
v -0.121894464 0.279757321 0.227647305
v -0.115599468 0.190637335 0.218367651
v -0.120351017 0.268427789 0.230826467
v -0.114989780 0.191146731 0.215356320
v -0.121903144 0.268715769 0.228219256
v -0.112932988 0.190952405 0.217597172
v -0.118810721 0.268893391 0.228543118
v -0.201977029 0.105293900 0.229605019
v -0.195244268 0.153663576 0.226002589
v -0.209704906 0.105995104 0.233759224
v -0.202838674 0.155675545 0.230283931
v -0.218836710 0.096187614 0.237853348
v -0.208905086 0.168047786 0.232826516
v -0.225698024 0.102205873 0.239547506
v -0.217102975 0.164395183 0.235197186
v -0.234360263 0.094521575 0.240758151
v -0.223344907 0.174223036 0.235182792
v -0.240521938 0.104234457 0.239258885
v -0.231926888 0.166423768 0.234908566
v -0.248484552 0.100244790 0.237276107
v -0.238552913 0.172104970 0.232249275
v -0.254176646 0.112080865 0.232893378
v -0.247310430 0.161761314 0.229418069
v -0.261267453 0.113403916 0.228372097
v -0.254567921 0.161779284 0.224806398
v -0.272102326 0.138703793 0.215333179
v -0.183134869 0.125610426 0.218367651
v -0.260134667 0.138211846 0.230367661
v -0.260619342 0.135570928 0.229597166
v -0.183505431 0.126313180 0.215356305
v -0.260681957 0.137635931 0.227356315
v -0.182885051 0.128283784 0.217597172
v 0.004925676 0.000794992 0.004909746
v -0.210410476 -0.033959039 0.226572335
v 0.003428727 -0.005587230 0.002454869
v -0.211907417 -0.040341262 0.224117458
v -0.001496956 -0.006382207 -0.002454877
v -0.216833100 -0.041136239 0.219207719
v -0.004925705 -0.000794962 -0.004909746
v -0.220261842 -0.035548992 0.216752857
v -0.003428757 0.005587261 -0.002454869
v -0.218764901 -0.029166769 0.219207734
v 0.001496926 0.006382238 0.002454877
v -0.213839218 -0.028371792 0.224117473
v -0.228739679 -0.068319701 0.232666656
v -0.238675490 -0.006380299 0.230202571
v -0.237792253 -0.070470922 0.236726344
v -0.248054370 -0.006886732 0.234304816
v -0.244770795 -0.086029559 0.240703747
v -0.259614408 0.005941670 0.237201124
v -0.255095482 -0.081249684 0.242997304
v -0.267941475 -0.001655847 0.239966050
v -0.262675762 -0.093913808 0.244941026
v -0.279139102 0.008093182 0.241056204
v -0.273938715 -0.084215239 0.244983166
v -0.286784708 -0.004621405 0.241951913
v -0.282457262 -0.091960676 0.244675472
v -0.297300875 0.000010557 0.241172850
v -0.294321954 -0.079367593 0.242683947
v -0.304584056 -0.015783403 0.240262404
v -0.304049253 -0.080169983 0.240592107
v -0.314070523 -0.018247515 0.238101885
v -0.328363717 -0.052585557 0.233597741
v -0.314120471 -0.049412090 0.234847248
v -0.313720495 -0.052366704 0.234214857
v -0.215550750 -0.034788631 0.219851598
v -0.314252883 -0.050718579 0.232023239
v -0.215159997 -0.034725569 0.223149896
v -0.248476326 -0.002130129 0.227535605
v -0.224113464 0.040319387 0.229082957
v -0.255451977 0.001015686 0.230059639
v -0.230487376 0.044618715 0.231766775
v -0.267666489 -0.004994646 0.231717348
v -0.231556505 0.058074862 0.234186620
v -0.271822304 0.002971437 0.233119220
v -0.240571946 0.057553116 0.235256195
v -0.282745183 -0.000992163 0.233158395
v -0.242694929 0.068959400 0.235897124
v -0.284803241 0.010413262 0.232872039
v -0.253552914 0.064994946 0.235009015
v -0.293628395 0.009889008 0.231222987
v -0.257518411 0.072958514 0.233692259
v -0.294394821 0.023341168 0.229318112
v -0.269430220 0.066944197 0.231025234
v -0.300362945 0.027627282 0.226398706
v -0.276031315 0.070085004 0.228148207
v -0.300673097 0.056318190 0.220196217
v -0.222985968 0.010882012 0.223219573
v -0.289938360 0.050926786 0.235219568
v -0.223542660 0.010837421 0.220223308
v -0.291362792 0.049077053 0.233158305
v -0.222111911 0.013046870 0.221158311
v -0.290181726 0.051429451 0.232223287
v -0.200276777 -0.109044671 0.233200267
v -0.236683547 -0.076318093 0.232000396
v -0.205025420 -0.115185484 0.237420112
v -0.242453307 -0.081637867 0.236381352
v -0.201868072 -0.128368199 0.241027802
v -0.256005555 -0.079843320 0.239525288
v -0.210631669 -0.130752027 0.242993072
v -0.257483423 -0.088757560 0.241692767
v -0.209070235 -0.142263487 0.243782043
v -0.269115150 -0.088443629 0.242115587
v -0.220613375 -0.141897544 0.242692873
v -0.267465115 -0.099903077 0.241392568
v -0.221831456 -0.150659248 0.240427405
v -0.275968969 -0.102134354 0.238924906
v -0.234970510 -0.148622051 0.236519545
v -0.272398412 -0.115074426 0.235480785
v -0.240201399 -0.153622448 0.231966004
v -0.276632607 -0.120925933 0.230749175
v -0.267654717 -0.148027495 0.219876096
v -0.206613004 -0.082375236 0.221105516
v -0.259756804 -0.139066875 0.235143155
v -0.208861455 -0.080150269 0.222120106
v -0.260093957 -0.139443025 0.231859803
v 0.000481713 0.004592463 0.005260952
v -0.016687125 -0.159088239 0.149715096
v 0.006269958 0.001663834 0.002630487
v -0.010898879 -0.162016869 0.147084624
v 0.005788246 -0.002928607 -0.002630457
v -0.011380590 -0.166609317 0.141823679
v -0.000481711 -0.004592419 -0.005260922
v -0.017650548 -0.168273121 0.139193207
v -0.006269956 -0.001663789 -0.002630457
v -0.023438793 -0.165344492 0.141823679
v -0.005788245 0.002928652 0.002630487
v -0.022957081 -0.160752058 0.147084624
v 0.012303798 -0.186106071 0.150950789
v -0.050089274 -0.179505855 0.153138041
v 0.012246015 -0.195702240 0.153936312
v -0.051811926 -0.188983068 0.156293526
v 0.025635723 -0.206749305 0.155906335
v -0.067020774 -0.197030365 0.159315929
v 0.018461991 -0.215637252 0.157819256
v -0.061724890 -0.207226276 0.160769999
v 0.028780397 -0.226357579 0.158180803
v -0.073986635 -0.215578139 0.161962450
v 0.016484756 -0.234703392 0.158434823
v -0.063702121 -0.226292416 0.161385551
v 0.021681253 -0.244881555 0.157137454
v -0.070975244 -0.235162616 0.160547063
v 0.006314307 -0.252900630 0.155782998
v -0.057743631 -0.246181458 0.158140212
v 0.004398180 -0.262308359 0.153386205
v -0.058001097 -0.255783617 0.155565277
v -0.028990289 -0.278060913 0.148166463
v -0.016410599 -0.163571462 0.146018252
v -0.026324237 -0.263126016 0.157638818
v -0.016134694 -0.163963586 0.143008307
v -0.018736914 -0.163577303 0.143947572
v -0.027621355 -0.263330668 0.154814810
v -0.029296478 -0.262890548 0.157006428
v -0.057115901 -0.187047780 0.152650520
v -0.091723979 -0.152436838 0.154168442
v -0.061904129 -0.192932606 0.156116828
v -0.097463131 -0.157436699 0.157839343
v -0.059231635 -0.206269458 0.158593088
v -0.110665888 -0.154926479 0.161084607
v -0.067963935 -0.208185121 0.160611615
v -0.112476230 -0.163751826 0.162767828
v -0.066974968 -0.219763964 0.161032528
v -0.124021649 -0.162818521 0.163795918
v -0.078527533 -0.218781233 0.160894498
v -0.123039827 -0.174347937 0.163050711
v -0.080358826 -0.227461666 0.159158841
v -0.131793082 -0.176118687 0.161650360
v -0.093594916 -0.224720910 0.156965464
v -0.129153922 -0.189225003 0.158687964
v -0.099357590 -0.229414612 0.153741211
v -0.133994371 -0.194835067 0.155263081
v -0.127236277 -0.222364888 0.146162778
v -0.062641062 -0.159927189 0.145003930
v -0.118187368 -0.214522809 0.157774419
v -0.064089760 -0.158955306 0.142822251
v -0.118425369 -0.214885086 0.155014858
v -0.064682111 -0.157752916 0.145633459
v -0.120264068 -0.212783962 0.156237155
v 0.058195315 -0.168231770 0.155190200
v 0.017098976 -0.194817290 0.153692424
v 0.062768005 -0.174283922 0.159108862
v 0.020608556 -0.201634496 0.157731920
v 0.076227084 -0.174578369 0.162591711
v 0.015245629 -0.214139566 0.160600051
v 0.076179609 -0.183595031 0.164495677
v 0.023404971 -0.217832118 0.162772045
v 0.087674811 -0.185078785 0.165507585
v 0.020039160 -0.228956833 0.163298592
v 0.084318072 -0.196151376 0.164720654
v 0.031543437 -0.230388448 0.162997037
v 0.092504017 -0.199691057 0.163041696
v 0.031522565 -0.239252239 0.161050022
v 0.087183408 -0.211952940 0.159783825
v 0.045023963 -0.239303529 0.158406898
v 0.090731204 -0.218428820 0.155886620
v 0.049661983 -0.245069057 0.154700711
v 0.078337550 -0.243917301 0.145816341
v 0.030964844 -0.167581037 0.145003930
v 0.072518617 -0.233414754 0.158011153
v 0.029443594 -0.168978885 0.142763078
v 0.073034003 -0.233629853 0.155014858
v 0.028649986 -0.168941483 0.145774424
v 0.070750751 -0.234939650 0.155949861
v -0.003453560 0.002754312 0.005430155
v 0.127198666 -0.101443812 0.141376793
v 0.002053075 0.006116644 0.002715081
v 0.132705301 -0.098081484 0.138661727
v 0.005506653 0.003362339 -0.002715081
v 0.136158884 -0.100835785 0.133231565
v 0.003453594 -0.002754305 -0.005430155
v 0.134105831 -0.106952429 0.130516499
v -0.002053045 -0.006116636 -0.002715081
v 0.128599197 -0.110314764 0.133231565
v -0.005506620 -0.003362332 0.002715081
v 0.125145614 -0.107560456 0.138661727
v 0.165277168 -0.090840377 0.141905680
v 0.126231030 -0.139705136 0.147279352
v 0.173294500 -0.095773272 0.145402700
v 0.133259892 -0.145972013 0.151009753
v 0.189763457 -0.090234943 0.147194237
v 0.131855458 -0.162844822 0.155304536
v 0.193391934 -0.100871898 0.149981156
v 0.143277138 -0.163710028 0.156999990
v 0.207964987 -0.097869053 0.150339633
v 0.143738151 -0.178402022 0.159334928
v 0.208417684 -0.112657852 0.151748553
v 0.158302888 -0.175495982 0.158767372
v 0.219814956 -0.113806851 0.150729015
v 0.161906958 -0.186416745 0.158839315
v 0.218371749 -0.131131127 0.150704876
v 0.178337127 -0.181329876 0.156311914
v 0.225338012 -0.137971997 0.148847312
v 0.186322436 -0.186838850 0.154398486
v 0.220765993 -0.174929127 0.146571353
v 0.131132975 -0.103340141 0.137272924
v 0.209364593 -0.165601626 0.149411768
v 0.131014332 -0.104071088 0.134247839
v 0.129533067 -0.105495192 0.136498913
v 0.208397448 -0.167327851 0.146743387
v 0.128853083 -0.150024921 0.144513547
v 0.081069358 -0.160531387 0.146579549
v 0.131246552 -0.157047212 0.148318365
v 0.082208365 -0.167887926 0.150577575
v 0.143934101 -0.161838591 0.151001990
v 0.073002905 -0.177519128 0.154269814
v 0.140861958 -0.170133099 0.153400958
v 0.079476610 -0.183703363 0.156229019
v 0.151160687 -0.175493151 0.154056638
v 0.072489589 -0.192884713 0.157681063
v 0.144127175 -0.184706926 0.154343784
v 0.082741834 -0.198277190 0.157171845
v 0.150464550 -0.190986231 0.152887642
v 0.079533361 -0.206666768 0.156155467
v 0.141042233 -0.200768679 0.151146844
v 0.092004046 -0.211609408 0.153406054
v 0.141901299 -0.208280653 0.148244843
v 0.094133928 -0.218853697 0.150307819
v 0.120978460 -0.228342891 0.141612977
v 0.101288058 -0.140676066 0.137725726
v 0.102897175 -0.140680119 0.135442361
v 0.119087644 -0.216696694 0.149266884
v 0.099883825 -0.141397297 0.135118499
v 0.118557438 -0.217288375 0.146255538
v 0.116494060 -0.217391431 0.148496389
v 0.174738690 -0.041917119 0.144418210
v 0.175031975 -0.090670153 0.149000868
v 0.182194337 -0.040805954 0.148579210
v 0.182533130 -0.090837777 0.153485417
v 0.189589322 -0.029243864 0.150983825
v 0.190079376 -0.101612300 0.158080399
v 0.197094336 -0.033834927 0.153786093
v 0.197518438 -0.096464097 0.159927607
v 0.204508230 -0.024866872 0.153935522
v 0.205051765 -0.105132043 0.161806464
v 0.212043196 -0.033667859 0.154457539
v 0.212467283 -0.096297026 0.160599068
v 0.219487026 -0.028909717 0.152326733
v 0.219977081 -0.101278156 0.159423307
v 0.227040887 -0.040304735 0.150593564
v 0.227379680 -0.090336561 0.155499771
v 0.234524682 -0.041277044 0.146869689
v 0.234837189 -0.089995474 0.151790082
v 0.249606922 -0.066505633 0.139993295
v 0.159979060 -0.065725029 0.135729641
v 0.237745941 -0.065955639 0.149266884
v 0.238169879 -0.065865248 0.146507338
v 0.160185963 -0.068509407 0.134507358
v 0.159760833 -0.068424784 0.137266904
v 0.238000706 -0.068652183 0.147729620
v 0.000829570 0.000532880 0.040410928
v -0.209320098 -0.134460747 0.085924037
v 0.002989113 -0.003741100 0.037705477
v -0.207160547 -0.138734728 0.083218589
v 0.002159558 -0.004273981 0.032294575
v -0.207990110 -0.139267609 0.077807680
v -0.000829540 -0.000532880 0.029589124
v -0.210979193 -0.135526508 0.075102232
v -0.002989084 0.003741100 0.032294575
v -0.213138744 -0.131252527 0.077807680
v -0.002159528 0.004273981 0.037705477
v -0.212309182 -0.130719647 0.083218589
v -0.210149631 -0.134993628 -0.018707048
v -0.199190915 -0.137930006 -0.012626312
v -0.204543561 -0.125283614 -0.012609869
v -0.216114819 -0.124661647 -0.011751971
v -0.221361786 -0.134993628 -0.012609882
v -0.216114789 -0.145325631 -0.011751973
v -0.207128674 -0.146268025 -0.011886369
v -0.191881940 -0.130381718 -0.005286165
v -0.197202668 -0.120119087 -0.003775715
v -0.214398578 -0.115469731 -0.003397228
v -0.223486230 -0.121434025 -0.004878107
v -0.229421005 -0.134539083 -0.004799991
v -0.219673708 -0.151489824 -0.004997193
v -0.191479564 -0.142802730 -0.002895849
v -0.186456367 -0.131874368 0.002142436
v -0.205093578 -0.114235349 -0.001468665
v -0.231816530 -0.125735343 0.001860508
v -0.232426718 -0.140515864 0.000592473
v -0.227061406 -0.146087170 -0.003097229
v -0.218974739 -0.157333896 0.002420701
v -0.206639260 -0.154699937 -0.003456062
v -0.198307291 -0.150671229 -0.003739273
v -0.179854721 -0.138982058 0.009566476
v -0.180627286 -0.127942070 0.010048280
v -0.183776557 -0.119964585 0.009911935
v -0.188818812 -0.113662772 0.009813863
v -0.195120573 -0.108620539 0.009911962
v -0.202545151 -0.105676785 0.010091951
v -0.210149661 -0.104525425 0.010190370
v -0.221203536 -0.106417224 0.009567596
v -0.231480479 -0.113662794 0.009813865
v -0.236522719 -0.119964570 0.009911960
v -0.240444571 -0.131005213 0.009566501
v -0.238684803 -0.146583587 0.009721445
v -0.228747353 -0.159145445 0.009459427
v -0.214138061 -0.165288538 0.009566483
v -0.205000460 -0.164477497 0.009022445
v -0.195007160 -0.161221176 0.009742487
v -0.185407907 -0.153066978 0.009567589
v -0.173307642 -0.135520026 0.023822820
v -0.222943798 -0.104424424 0.016131027
v -0.243275449 -0.130358383 0.016697567
v -0.245805487 -0.144213453 0.023803465
v -0.242009550 -0.153538063 0.023735799
v -0.228599176 -0.166949153 0.023787875
v -0.219314024 -0.170475021 0.023410683
v -0.205514371 -0.168119445 0.016697569
v -0.184139147 -0.161004096 0.023856644
v -0.178289697 -0.153538063 0.023735857
v -0.174617216 -0.144590855 0.023890136
v -0.175891817 -0.120378017 0.023296326
v -0.184180826 -0.108640000 0.023806173
v -0.191882953 -0.102869228 0.023607625
v -0.205035612 -0.098033272 0.023553006
v -0.219511926 -0.099235848 0.023648882
v -0.232856318 -0.105401717 0.023906294
v -0.242274046 -0.116726972 0.023607617
v -0.247109994 -0.129879609 0.023553019
v -0.236414596 -0.161258593 0.023815893
v -0.210149631 -0.171996295 0.023660995
v -0.200311095 -0.170660079 0.023806140
v -0.191462442 -0.166875243 0.023607617
v -0.170780346 -0.124444656 0.040180441
v -0.209772021 -0.094156139 0.040680923
v -0.250619709 -0.135031953 0.038408991
v -0.239045545 -0.163724676 0.040276099
v -0.220828101 -0.174469948 0.041186020
v -0.169648290 -0.135036334 0.038114078
v -0.174729228 -0.114543639 0.041302115
v -0.181483001 -0.106382228 0.038102198
v -0.189864948 -0.099937677 0.038102202
v -0.199667409 -0.095865585 0.038133532
v -0.220067173 -0.095399611 0.041217096
v -0.230368555 -0.099899761 0.038105618
v -0.238794401 -0.106351741 0.038133569
v -0.245792583 -0.114726782 0.043090861
v -0.249743670 -0.125076130 0.041217111
v -0.249644607 -0.145317554 0.041141748
v -0.245229408 -0.155249253 0.038133584
v -0.230955034 -0.170139238 0.040808953
v -0.210149631 -0.175501511 0.038130213
v -0.199825749 -0.174488619 0.041141760
v -0.189415395 -0.170366734 0.043090850
v -0.181283444 -0.163859829 0.042396568
v -0.173246890 -0.152117953 0.037636124
v -0.171363354 -0.145350263 0.051886681
v -0.171848372 -0.134494185 0.065482326
v -0.181833416 -0.106618173 0.052461836
v -0.190142408 -0.100256257 0.052461766
v -0.200521454 -0.098169938 0.066227026
v -0.230229437 -0.100298151 0.052461784
v -0.237029999 -0.108113281 0.066481203
v -0.248450905 -0.134494185 0.065482289
v -0.243071213 -0.154000893 0.066481210
v -0.210149616 -0.173114166 0.065900117
v -0.175427198 -0.155040607 0.052377336
v -0.173911855 -0.125483170 0.067527413
v -0.177636042 -0.116470478 0.067606017
v -0.210213095 -0.097493336 0.067309894
v -0.219709799 -0.098787785 0.067560501
v -0.246255413 -0.125245854 0.067762904
v -0.246355489 -0.144553795 0.067560509
v -0.236680269 -0.161524281 0.067274392
v -0.228787556 -0.167417005 0.067762904
v -0.219626501 -0.171193480 0.067606047
v -0.200589463 -0.171199471 0.067560516
v -0.183723107 -0.161420166 0.067806788
v -0.173949778 -0.144470438 0.067606047
v -0.183527350 -0.109027043 0.068001159
v -0.191443488 -0.102918513 0.068215549
v -0.228341073 -0.102557838 0.068001166
v -0.242497146 -0.116317786 0.067575276
v -0.191755533 -0.167415246 0.067853920
v -0.177728027 -0.153387755 0.067853913
v -0.180923760 -0.131146014 0.080517307
v -0.187268317 -0.116563849 0.080521345
v -0.198937386 -0.107924834 0.080524139
v -0.213997290 -0.105767764 0.080517314
v -0.231890187 -0.114661217 0.080539010
v -0.239361003 -0.131845936 0.080521345
v -0.237218440 -0.146205887 0.080524139
v -0.225886956 -0.160260126 0.080539010
v -0.206301972 -0.164219499 0.080517307
v -0.192313537 -0.158238158 0.080524139
v -0.183277994 -0.146873295 0.080521345
v -0.210149631 -0.134993628 0.082001448
v -0.193964481 -0.129674375 0.082845181
v -0.195092931 -0.116255663 0.078513138
v -0.191111177 -0.134993628 0.078513138
v -0.193964481 -0.129674375 0.074181095
v -0.195379630 -0.148110390 0.081974521
v -0.195092931 -0.153731599 0.078513145
v -0.195379630 -0.148110375 0.075051755
v -0.199724421 -0.141713321 0.081862673
v -0.200100720 -0.148742288 0.078513138
v -0.199724406 -0.141713336 0.075163603
v -0.201643080 -0.134993628 0.078513138
v -0.197374642 -0.121876873 0.081974521
v -0.200100720 -0.121244967 0.078513138
v -0.197374642 -0.121876881 0.075051755
v -0.211872399 -0.118059002 0.082932189
v -0.223317713 -0.114883497 0.078513138
v -0.211872414 -0.118059002 0.074094087
v -0.204266429 -0.116886973 0.078513138
v -0.198468491 -0.120788254 0.081862673
v -0.191667289 -0.122602411 0.078513138
v -0.198468506 -0.120788254 0.075163603
v -0.188023105 -0.127701715 0.079529218
v -0.192817941 -0.126143768 0.075331159
v -0.200537279 -0.127155140 0.081862673
v -0.193968594 -0.129685119 0.078513138
v -0.200537220 -0.127155155 0.075163603
v -0.207520962 -0.126903415 0.078513138
v -0.218676716 -0.118790597 0.081974521
v -0.220120102 -0.121187977 0.078513138
v -0.218676701 -0.118790597 0.075051755
v -0.216213375 -0.124013089 0.082845181
v -0.232336462 -0.142099991 0.077497065
v -0.232385531 -0.135832578 0.078513138
v -0.227949560 -0.130367205 0.081862673
v -0.225552082 -0.123803094 0.078513138
v -0.227949560 -0.130367190 0.075163603
v -0.214388996 -0.115700357 0.081974521
v -0.218709797 -0.120280594 0.074094087
v -0.211316869 -0.110984176 0.078513138
v -0.212775007 -0.116872996 0.075051755
v -0.210198119 -0.117964126 0.078513138
v -0.217031568 -0.129993603 0.078513138
v -0.222533584 -0.134302214 0.075163603
v -0.228194639 -0.138096318 0.081974529
v -0.226360634 -0.140209928 0.078513138
v -0.216213390 -0.145974174 0.082845181
v -0.214388996 -0.154286906 0.081974521
v -0.209238991 -0.157493412 0.078513145
v -0.216223016 -0.156400487 0.078513138
v -0.218709782 -0.149706662 0.074094087
v -0.225552082 -0.146184161 0.078513138
v -0.227949604 -0.139620006 0.081862673
v -0.232385531 -0.134154677 0.078513138
v -0.227949560 -0.139620051 0.075163603
v -0.228194669 -0.131890923 0.081974521
v -0.232336462 -0.127887279 0.077497065
v -0.226360634 -0.129777342 0.078513138
v -0.222533569 -0.135685071 0.075163603
v -0.217031568 -0.139993653 0.078513138
v -0.212775007 -0.153114259 0.075051755
v -0.210207060 -0.152030379 0.082845181
v -0.193110675 -0.144987449 0.081974521
v -0.188469663 -0.141080350 0.078513138
v -0.191667289 -0.147384837 0.078513138
v -0.198801950 -0.147681415 0.074094087
v -0.204266429 -0.153100282 0.078513138
v -0.217818797 -0.155881986 0.078513138
v -0.211250171 -0.153352022 0.075163603
v -0.218676731 -0.151196674 0.081974521
v -0.223764300 -0.153898582 0.077497065
v -0.220120102 -0.148799285 0.078513138
v -0.213318899 -0.146985114 0.075163603
v -0.200537264 -0.142832115 0.081862673
v -0.207520962 -0.143083841 0.078513138
v -0.193727180 -0.143090069 0.075051755
v -0.174463496 -0.135036826 0.042027663
v -0.175772861 -0.132664949 0.040532053
v -0.172659561 -0.133528605 0.039857034
v -0.174463496 -0.133850411 0.033874251
v -0.172659561 -0.135358617 0.036044881
v -0.177442759 -0.135358632 0.039857030
v -0.175772861 -0.136222288 0.035369869
v -0.177442759 -0.133528620 0.036044884
v -0.180801600 -0.116082132 0.025954483
v -0.178997651 -0.114573918 0.023783853
v -0.180667549 -0.113710262 0.019296661
v -0.179523513 -0.117200978 0.020285506
v -0.183780849 -0.116403908 0.023783857
v -0.181976900 -0.116082124 0.017801063
v -0.182434991 -0.114428625 0.025196515
v -0.183780849 -0.114573926 0.019971691
v -0.190038055 -0.105438448 0.037080895
v -0.188728720 -0.104253009 0.030423066
v -0.187058806 -0.105116665 0.034910262
v -0.187058806 -0.106946670 0.031098105
v -0.188728720 -0.107810326 0.035585295
v -0.190038055 -0.106624879 0.028927470
v -0.191841990 -0.106946670 0.034910273
v -0.191841990 -0.105116665 0.031098092
v -0.202669054 -0.100626856 0.044135943
v -0.199689806 -0.100305066 0.041965313
v -0.201359704 -0.099441409 0.037478115
v -0.199689806 -0.102135062 0.038153153
v -0.201359719 -0.102998726 0.042640351
v -0.204472989 -0.102135062 0.041965324
v -0.202669054 -0.101813279 0.035982523
v -0.204472989 -0.100305066 0.038153145
v -0.218456298 -0.102437764 0.050621927
v -0.217146948 -0.101252317 0.043964099
v -0.215477049 -0.102115974 0.048451297
v -0.215477049 -0.103945971 0.044639133
v -0.217146963 -0.104809634 0.049126334
v -0.218456298 -0.103624187 0.042468507
v -0.220260233 -0.103945971 0.048451308
v -0.220260233 -0.102115974 0.044639129
v -0.233357310 -0.109144807 0.037589382
v -0.234666646 -0.106772937 0.036093794
v -0.231553361 -0.107636601 0.035418760
v -0.232899219 -0.107491307 0.030193932
v -0.232079223 -0.110263653 0.031920403
v -0.236336559 -0.109466583 0.035418760
v -0.234532595 -0.109144799 0.029435964
v -0.236336559 -0.107636601 0.031606592
v -0.244563550 -0.123514600 0.038184948
v -0.243254215 -0.122329153 0.031527121
v -0.241584301 -0.123192810 0.036014318
v -0.241584301 -0.125022814 0.032202169
v -0.243254200 -0.125886485 0.036689334
v -0.244563550 -0.124701023 0.030031526
v -0.246367484 -0.125022829 0.036014322
v -0.246367484 -0.123192810 0.032202147
v -0.245515049 -0.137060732 0.026621345
v -0.246793151 -0.135941863 0.020952372
v -0.242535830 -0.136738926 0.024450716
v -0.244339764 -0.137060732 0.018467918
v -0.242535830 -0.138568938 0.020638550
v -0.244205713 -0.139432594 0.025125731
v -0.247318998 -0.138568938 0.024450708
v -0.245973140 -0.138714224 0.019225888
v -0.241652638 -0.151048094 0.036509559
v -0.242961988 -0.148676217 0.035013944
v -0.241652638 -0.149861678 0.028356135
v -0.239848688 -0.149539888 0.034338929
v -0.239848688 -0.151369885 0.030526772
v -0.242961988 -0.152233556 0.029851750
v -0.244631872 -0.151369885 0.034338932
v -0.244631872 -0.149539873 0.030526770
v -0.231661260 -0.160350621 0.020204848
v -0.232970595 -0.157978743 0.018709231
v -0.229857326 -0.158842400 0.018034216
v -0.231661260 -0.159164205 0.012051431
v -0.229857326 -0.160672426 0.014222061
v -0.234640494 -0.160672426 0.018034210
v -0.232970610 -0.161536083 0.013547052
v -0.234640494 -0.158842400 0.014222067
v -0.220300898 -0.168657556 0.032276437
v -0.218991548 -0.167472094 0.025618639
v -0.217321649 -0.168335751 0.030105798
v -0.217321649 -0.170165762 0.026293654
v -0.218991548 -0.171029434 0.030780818
v -0.220300898 -0.169843972 0.024123017
v -0.222104847 -0.170165777 0.030105798
v -0.222104847 -0.168335751 0.026293654
v -0.204034746 -0.167078659 0.020701259
v -0.201581374 -0.165959790 0.018216809
v -0.202859461 -0.167078659 0.012547838
v -0.201055527 -0.168586880 0.014718472
v -0.202401370 -0.168732166 0.019943278
v -0.205838695 -0.168586865 0.018530630
v -0.204168797 -0.169450536 0.014043453
v -0.205838695 -0.166756868 0.014718472
v -0.195094675 -0.159812227 0.012821500
v -0.193785325 -0.158626765 0.006163705
v -0.192115426 -0.159490421 0.010650861
v -0.192115426 -0.161320433 0.006838722
v -0.193785325 -0.162184104 0.011325883
v -0.195094675 -0.160998642 0.004668084
v -0.196898609 -0.161320448 0.010650871
v -0.196898609 -0.159490436 0.006838711
v -0.176197276 -0.146543592 0.028028542
v -0.177506641 -0.144171730 0.026532928
v -0.174393341 -0.145035386 0.025857912
v -0.176197276 -0.145357177 0.019875117
v -0.174393341 -0.146865383 0.022045752
v -0.179176539 -0.146865383 0.025857909
v -0.177506626 -0.147729054 0.021370728
v -0.179176539 -0.145035386 0.022045754
v -0.002092876 0.000407707 0.040069886
v 0.159585863 -0.031089116 0.109344430
v -0.000135653 0.004879098 0.037534945
v 0.161543071 -0.026617724 0.106809489
v 0.001957215 0.004471386 0.032465063
v 0.163635939 -0.027025437 0.101739608
v 0.002092861 -0.000407721 0.029930122
v 0.163771600 -0.031904545 0.099204667
v 0.000135638 -0.004879113 0.032465063
v 0.161814362 -0.036375936 0.101739608
v -0.001957230 -0.004471401 0.037534945
v 0.159721494 -0.035968222 0.106809489
v 0.161678717 -0.031496838 0.003091037
v 0.172174379 -0.028317763 0.009308076
v 0.162823826 -0.020224702 0.009820801
v 0.152239114 -0.026046889 0.009313550
v 0.151636109 -0.037294947 0.010185685
v 0.160533607 -0.042768985 0.009820808
v 0.169986635 -0.039390255 0.010108908
v 0.179883614 -0.027073480 0.017274966
v 0.173427925 -0.016184974 0.018661333
v 0.164106458 -0.012104166 0.019021459
v 0.154623121 -0.014110415 0.017538980
v 0.142202854 -0.035203557 0.019177588
v 0.148471788 -0.044212885 0.016692974
v 0.159085736 -0.051192474 0.019485885
v 0.168980405 -0.049081374 0.018245591
v 0.177379712 -0.040962566 0.016692974
v 0.183135599 -0.022609102 0.024353260
v 0.158595100 -0.008074432 0.024953036
v 0.147317484 -0.017126426 0.020121507
v 0.142810419 -0.026078271 0.018940710
v 0.147540376 -0.049922306 0.024353301
v 0.175414205 -0.049818326 0.024065666
v 0.183417886 -0.038110152 0.023384484
v 0.191294193 -0.027597873 0.031921562
v 0.185154706 -0.013291199 0.032014545
v 0.173042804 -0.004061490 0.031924050
v 0.161678731 -0.002071788 0.032089435
v 0.150314614 -0.004061489 0.031924058
v 0.138489529 -0.012817187 0.031925187
v 0.133091837 -0.023837008 0.032000616
v 0.132130384 -0.035298783 0.032253340
v 0.138334721 -0.049887497 0.031747162
v 0.150314629 -0.058932193 0.031924058
v 0.161678731 -0.060921889 0.032089435
v 0.173313648 -0.058749873 0.031751134
v 0.182650298 -0.052232452 0.032259591
v 0.189053133 -0.043373596 0.032081276
v 0.197416529 -0.032082763 0.046283383
v 0.196248084 -0.022234011 0.046310343
v 0.187105060 -0.006429974 0.046077762
v 0.174045235 -0.001641435 0.038684513
v 0.152353898 0.003030014 0.046513453
v 0.144317210 -0.000254017 0.046283413
v 0.136259794 -0.006255345 0.046362326
v 0.130670920 -0.013676291 0.046513457
v 0.127044559 -0.022346543 0.046362307
v 0.125682816 -0.036282565 0.046500374
v 0.130687967 -0.049389392 0.046548665
v 0.136252373 -0.056563709 0.046077766
v 0.149485052 -0.061630122 0.039196953
v 0.171438456 -0.065944873 0.046448071
v 0.179622024 -0.062433772 0.046513449
v 0.191477016 -0.043715727 0.038620256
v 0.192821011 -0.013516809 0.046294186
v 0.175550312 0.001992091 0.046542145
v 0.161443457 0.004415473 0.046238650
v 0.147736862 -0.064883538 0.046156637
v 0.161678717 -0.067456864 0.046294183
v 0.187039182 -0.056857321 0.046183717
v 0.195173502 -0.045144372 0.046159111
v 0.201367229 -0.031863756 0.063652419
v 0.189601138 -0.003800901 0.061486352
v 0.142152205 0.003057865 0.063652448
v 0.121925086 -0.031496841 0.064082153
v 0.123730883 -0.041800797 0.061459940
v 0.133729964 -0.059151195 0.061437286
v 0.200056925 -0.020991804 0.067186609
v 0.196102798 -0.011622092 0.064283751
v 0.181328475 0.002609006 0.061027844
v 0.171863049 0.006517370 0.061002843
v 0.161508575 0.008108666 0.063502245
v 0.151111782 0.006925716 0.066104218
v 0.133430809 -0.003570773 0.064708255
v 0.127294272 -0.011841438 0.063502245
v 0.123120345 -0.021436801 0.066104189
v 0.127089083 -0.050967358 0.063781545
v 0.141993314 -0.065589003 0.061056294
v 0.150785342 -0.069640793 0.064196527
v 0.161678717 -0.070851691 0.061000668
v 0.171711966 -0.069880851 0.064119510
v 0.186917663 -0.061884720 0.060672466
v 0.195748821 -0.051208515 0.061027888
v 0.199705213 -0.041683935 0.061056316
v 0.181156874 -0.065301731 0.075081736
v 0.187991381 -0.005504789 0.089724503
v 0.180886075 0.000322992 0.089308001
v 0.171795055 0.006129285 0.075645037
v 0.124043457 -0.041584399 0.075591668
v 0.134129405 -0.059050560 0.075591609
v 0.142989889 -0.063413449 0.089724496
v 0.161645457 -0.070459180 0.075645022
v 0.188467160 -0.057261214 0.089308031
v 0.194222689 -0.049449909 0.089308046
v 0.197459579 -0.041084297 0.089391522
v 0.198068038 -0.031631753 0.091075122
v 0.193275422 -0.013499008 0.091122001
v 0.161678717 0.004868133 0.091241308
v 0.143255442 -0.000122771 0.091083772
v 0.135816827 -0.005934430 0.091122001
v 0.130054548 -0.013457657 0.091041148
v 0.125316262 -0.031285085 0.091121987
v 0.130097196 -0.049574655 0.091075137
v 0.152130157 -0.066611312 0.091075107
v 0.171354041 -0.066570163 0.091083750
v 0.180043370 -0.062881768 0.091121994
v 0.196697474 -0.022582760 0.091530256
v 0.171188146 0.003393157 0.091486126
v 0.152038202 0.003418111 0.091378078
v 0.126619995 -0.022102863 0.091093123
v 0.126621217 -0.040605400 0.091378048
v 0.135872334 -0.056913823 0.091378085
v 0.161837220 -0.067575581 0.091749527
v 0.189892411 -0.027104162 0.104282506
v 0.183916152 -0.013585829 0.104282506
v 0.171981424 -0.004866742 0.104282506
v 0.157962084 -0.003266006 0.104285419
v 0.144834757 -0.008440636 0.104282506
v 0.135210961 -0.020533556 0.104278311
v 0.134000823 -0.039914735 0.104299493
v 0.144834742 -0.054553036 0.104282506
v 0.161678731 -0.060287271 0.104301743
v 0.178522706 -0.054553032 0.104282506
v 0.188146487 -0.042460121 0.104278304
v 0.161678717 -0.031496838 0.105792314
v 0.172735468 -0.026328888 0.106607214
v 0.176298603 -0.013279296 0.102274545
v 0.176025599 -0.018739672 0.105730191
v 0.176025599 -0.018739639 0.098818913
v 0.180181205 -0.031496838 0.102274545
v 0.178317502 -0.038048454 0.105620302
v 0.176298603 -0.049714379 0.102274545
v 0.177391514 -0.036664791 0.097941883
v 0.174101382 -0.044254005 0.105730191
v 0.171444729 -0.044858433 0.102274545
v 0.174101382 -0.044254046 0.098818913
v 0.169945776 -0.031496838 0.102274545
v 0.171809480 -0.024945237 0.098928794
v 0.171444729 -0.018135242 0.102274545
v 0.171601638 -0.022474002 0.106694072
v 0.153107211 -0.014638199 0.105456524
v 0.148458123 -0.013127619 0.101240367
v 0.154225469 -0.011196548 0.102274545
v 0.160589471 -0.013647855 0.105620302
v 0.167396307 -0.013899930 0.102274545
v 0.160589471 -0.013647854 0.098928794
v 0.183522433 -0.023222018 0.102274545
v 0.178244963 -0.021794315 0.105730191
v 0.178244963 -0.021794317 0.098818906
v 0.177404225 -0.026337769 0.102274545
v 0.171601638 -0.022474002 0.097855024
v 0.158578366 -0.019837365 0.105620295
v 0.164233387 -0.023634389 0.102274545
v 0.151988953 -0.018079851 0.102274545
v 0.158578366 -0.019837366 0.098928802
v 0.149696007 -0.029178793 0.106607214
v 0.139142975 -0.037641786 0.102274545
v 0.144130096 -0.034515765 0.098818906
v 0.142573357 -0.033384725 0.105730191
v 0.144366726 -0.027017152 0.098928794
v 0.146709889 -0.020621352 0.102274545
v 0.152068570 -0.016416458 0.105620302
v 0.155776307 -0.010692649 0.102274545
v 0.162557438 -0.009617152 0.102274545
v 0.157570317 -0.012743177 0.098818906
v 0.159127057 -0.013874215 0.105730191
v 0.154990524 -0.026637577 0.102274545
v 0.155771255 -0.020816911 0.097941883
v 0.145924106 -0.036566280 0.102274545
v 0.145536572 -0.035006125 0.106694072
v 0.161577255 -0.054128718 0.103308730
v 0.152068570 -0.046577215 0.105620302
v 0.155776322 -0.052301027 0.102274545
v 0.157570317 -0.050250497 0.098818906
v 0.146709889 -0.042372324 0.102274545
v 0.144366726 -0.035976533 0.098928794
v 0.140068814 -0.030681511 0.102274545
v 0.141141444 -0.023899930 0.102274545
v 0.144130096 -0.028477920 0.105730191
v 0.144130096 -0.028477916 0.098818906
v 0.154990524 -0.036356099 0.102274545
v 0.157333687 -0.042751890 0.105620302
v 0.161631599 -0.048046909 0.102274545
v 0.155771270 -0.042176772 0.097941883
v 0.171601638 -0.040519677 0.106694072
v 0.177650347 -0.039369307 0.098818906
v 0.178244963 -0.041199360 0.105730191
v 0.179640740 -0.043539204 0.102274545
v 0.171449259 -0.044843622 0.097941883
v 0.160589471 -0.049345821 0.105620302
v 0.167396307 -0.049093746 0.102274545
v 0.154225469 -0.051797129 0.102274545
v 0.153979361 -0.049083725 0.098818906
v 0.148458123 -0.049866062 0.103308730
v 0.151988953 -0.044913828 0.102274545
v 0.158578396 -0.043156303 0.105620295
v 0.164233387 -0.039359286 0.102274545
v 0.158578366 -0.043156311 0.098928802
v 0.182759091 -0.037422325 0.102274545
v 0.193186969 -0.032184195 0.043015342
v 0.194496304 -0.030998742 0.036357511
v 0.196303427 -0.032777406 0.041241407
v 0.194711968 -0.033108026 0.034823541
v 0.192795813 -0.034539264 0.041504532
v 0.191937774 -0.033995077 0.036277689
v 0.191383019 -0.031862397 0.037032541
v 0.192522824 -0.017723903 0.050710917
v 0.195502058 -0.017402111 0.048540290
v 0.193832159 -0.016538450 0.044053096
v 0.195502058 -0.019232117 0.044728123
v 0.193832159 -0.020095775 0.049215317
v 0.190718889 -0.019232122 0.048540294
v 0.192522824 -0.018910324 0.042557497
v 0.190718889 -0.017402105 0.044728119
v 0.179247886 -0.005786791 0.040908318
v 0.177938536 -0.003414922 0.039412718
v 0.179247886 -0.004600372 0.032754891
v 0.181051821 -0.004278583 0.038737699
v 0.181051821 -0.006108582 0.034925509
v 0.177938551 -0.006972243 0.034250490
v 0.176268637 -0.006108583 0.038737688
v 0.176268637 -0.004278580 0.034925520
v 0.163438782 -0.001663642 0.036816940
v 0.166418031 -0.001341850 0.034646310
v 0.164748117 -0.000478190 0.030159120
v 0.166418031 -0.003171853 0.030834150
v 0.164748117 -0.004035513 0.035321340
v 0.161634833 -0.003171850 0.034646314
v 0.163438782 -0.002850061 0.028663518
v 0.161634833 -0.001341852 0.030834146
v 0.149769992 0.001814215 0.056363270
v 0.151079327 0.002999667 0.049705449
v 0.152749240 0.002136006 0.054192640
v 0.152749240 0.000306004 0.050380480
v 0.151079327 -0.000557656 0.054867670
v 0.149769992 0.000627794 0.048209850
v 0.147966042 0.000306003 0.054192647
v 0.147966042 0.002136007 0.050380472
v 0.138548046 -0.008709770 0.068596005
v 0.137238696 -0.006337900 0.067100398
v 0.140351981 -0.007201560 0.066425383
v 0.138548046 -0.007523350 0.060442585
v 0.140351981 -0.009031560 0.062613204
v 0.135568798 -0.009031562 0.066425376
v 0.137238696 -0.009895222 0.061938189
v 0.135568798 -0.007201558 0.062613219
v 0.131598145 -0.021505848 0.071563773
v 0.130288795 -0.019133976 0.070068173
v 0.131598145 -0.020319426 0.063410364
v 0.133402079 -0.019997638 0.069393158
v 0.133402079 -0.021827636 0.065580979
v 0.130288795 -0.022691298 0.064905964
v 0.128618896 -0.021827638 0.069393143
v 0.128618896 -0.019997636 0.065580994
v 0.127290875 -0.034820907 0.065153286
v 0.129934505 -0.034187611 0.058606982
v 0.129703000 -0.035414115 0.064369760
v 0.129534885 -0.037137393 0.059224609
v 0.125822544 -0.036640618 0.063546173
v 0.127290875 -0.036007326 0.056999870
v 0.126012787 -0.033702049 0.059484307
v 0.131328166 -0.040662378 0.074578814
v 0.132637516 -0.039476924 0.067921005
v 0.134444624 -0.041255586 0.072804883
v 0.132853165 -0.041586213 0.066387028
v 0.130937010 -0.043017447 0.073068008
v 0.130078971 -0.042473260 0.067841172
v 0.129524216 -0.040340584 0.068596028
v 0.139951929 -0.057331774 0.066173457
v 0.142595559 -0.056698482 0.059627157
v 0.142364055 -0.057924982 0.065389931
v 0.142195940 -0.059648260 0.060244784
v 0.138483584 -0.059151482 0.064566351
v 0.139951929 -0.058518194 0.058020044
v 0.138673842 -0.056212917 0.060504489
v 0.155868158 -0.064813972 0.063202605
v 0.157177493 -0.063628525 0.056544773
v 0.158847407 -0.064492181 0.061031982
v 0.158847407 -0.066322178 0.057219815
v 0.157177493 -0.067185842 0.061707016
v 0.155868158 -0.066000395 0.055049185
v 0.154064208 -0.066322178 0.061031986
v 0.154064208 -0.064492181 0.057219811
v 0.167977348 -0.060510471 0.036578730
v 0.169095978 -0.058953341 0.034933243
v 0.167761683 -0.058401182 0.029882532
v 0.169277877 -0.061118990 0.030372694
v 0.166061193 -0.061941706 0.035029545
v 0.165203154 -0.061397519 0.029802706
v 0.164802119 -0.059240703 0.034554601
v 0.166102648 -0.059849221 0.028348556
v 0.181779966 -0.060131900 0.053958315
v 0.179204300 -0.058408625 0.051562328
v 0.182916641 -0.058905397 0.047240756
v 0.183098540 -0.061071042 0.047619399
v 0.180138960 -0.061910562 0.047129247
v 0.178469062 -0.061046902 0.051616438
v 0.179923311 -0.059801277 0.045595273
v 0.191584691 -0.046571609 0.063417122
v 0.190306604 -0.045452755 0.057748146
v 0.194228321 -0.045938317 0.056870818
v 0.193996817 -0.047164820 0.062633596
v 0.193828702 -0.048888098 0.057488441
v 0.190116346 -0.048391320 0.061810017
v 0.191584691 -0.047758032 0.055263702
v -0.000180850 0.001618579 0.040253352
v 0.022514552 -0.201502323 0.103616759
v 0.004643257 0.001338206 0.037626684
v 0.027338658 -0.201782703 0.100990094
v 0.004824105 -0.000280358 0.032373346
v 0.027519505 -0.203401268 0.095736757
v 0.000180846 -0.001618549 0.029746678
v 0.022876248 -0.204739451 0.093110085
v -0.004643261 -0.001338176 0.032373346
v 0.018052142 -0.204459071 0.095736757
v -0.004824108 0.000280388 0.037626684
v 0.017871294 -0.202840507 0.100990094
v 0.022695398 -0.203120872 -0.016784023
v 0.035574291 -0.201034591 -0.009126473
v 0.028998824 -0.191527098 -0.008798061
v 0.017753201 -0.191189349 -0.009178554
v 0.010394434 -0.198025644 -0.008571966
v 0.010040174 -0.206861705 -0.008798070
v 0.019823460 -0.215417206 -0.009710906
v 0.032262672 -0.212210208 -0.008798066
v 0.040798865 -0.188942015 0.002060059
v 0.031360909 -0.183522254 -0.000505470
v 0.020078963 -0.180734530 0.001382022
v 0.008101090 -0.187513933 -0.000936788
v 0.001521782 -0.199823141 -0.000505461
v 0.003842945 -0.213178515 -0.000936775
v 0.014029866 -0.222719505 -0.000505445
v 0.025311837 -0.225507215 0.001382018
v 0.037289701 -0.218727812 -0.000936800
v 0.044253752 -0.209535480 0.001327847
v 0.048876144 -0.206270412 0.007085198
v 0.044417616 -0.200239703 0.000330945
v 0.032513026 -0.178572968 0.007072420
v 0.006345121 -0.182344571 0.007072444
v -0.002306796 -0.193242729 0.007736090
v -0.003485344 -0.206270412 0.007085192
v 0.001183554 -0.219375551 0.007733447
v 0.012877741 -0.227668822 0.007072469
v 0.039018691 -0.224164784 0.007352337
v 0.056577582 -0.208397940 0.016029418
v 0.055428062 -0.194350183 0.016220201
v 0.049399693 -0.181609705 0.016029414
v 0.035313774 -0.171158597 0.016206857
v 0.017794181 -0.169250965 0.015826745
v 0.001877477 -0.175990388 0.016028123
v -0.009085115 -0.189956948 0.016025297
v -0.011087351 -0.207938641 0.015831269
v -0.006827372 -0.220165864 0.016733449
v -0.000744415 -0.227507889 0.016257353
v 0.009017173 -0.234644160 0.016206861
v 0.023365136 -0.236939535 0.016257329
v 0.035313778 -0.235083148 0.016206857
v 0.049399689 -0.224632069 0.016029421
v 0.063881874 -0.203039050 0.032635745
v 0.052659180 -0.181232885 0.023749840
v 0.043217734 -0.167411432 0.032635700
v 0.033375412 -0.163262531 0.032423347
v 0.022695398 -0.161909938 0.032675818
v 0.011878467 -0.163310736 0.032462064
v -0.000239281 -0.173231825 0.024945563
v -0.011110956 -0.188639581 0.023136266
v -0.014199975 -0.207978249 0.023721669
v 0.002048937 -0.238881558 0.032522775
v 0.012114605 -0.242925122 0.032635730
v 0.033011612 -0.243021905 0.032537766
v 0.045378435 -0.232463539 0.023647970
v 0.056501739 -0.217602164 0.023136236
v 0.062572300 -0.192155227 0.032319389
v 0.055989027 -0.177915618 0.032259233
v 0.001910198 -0.167119846 0.032564882
v -0.006739585 -0.174069270 0.032319397
v -0.016179776 -0.187883481 0.032341383
v -0.018750440 -0.203120887 0.032551631
v -0.015996378 -0.218640834 0.031965174
v -0.006721769 -0.232203692 0.032366417
v 0.023047108 -0.244503945 0.032442234
v 0.048561499 -0.236262083 0.032762781
v 0.058593638 -0.223791465 0.032445516
v 0.062759422 -0.213491887 0.032442253
v 0.055312030 -0.171101823 0.052135706
v 0.034459345 -0.159382805 0.049499381
v -0.000194242 -0.163474843 0.052624810
v -0.016950639 -0.180231228 0.052624833
v -0.016950646 -0.226010516 0.052624837
v 0.045336474 -0.242336407 0.049456287
v 0.054821506 -0.235033303 0.049640588
v 0.068023294 -0.203164548 0.049144484
v 0.064047165 -0.183838606 0.048975416
v 0.045780972 -0.163695350 0.052667927
v 0.022736579 -0.157793045 0.049148440
v 0.010959730 -0.159331486 0.049180754
v -0.009325396 -0.171038345 0.049144480
v -0.021075275 -0.191343173 0.049158260
v -0.023011500 -0.202622473 0.052283000
v -0.021506634 -0.214674994 0.052667972
v -0.009352069 -0.235165894 0.049119987
v -0.000004184 -0.242355347 0.049148437
v 0.010921484 -0.246892944 0.049144443
v 0.028605219 -0.248397619 0.048918057
v 0.061929863 -0.225820482 0.049148433
v 0.066946268 -0.214706600 0.053338174
v 0.066102326 -0.191490039 0.065076523
v 0.022734407 -0.248049766 0.065141782
v 0.034370009 -0.246507108 0.065114349
v 0.067563802 -0.203159407 0.065782085
v 0.061555658 -0.180689052 0.065722048
v 0.034261711 -0.159773588 0.065809347
v 0.022691801 -0.158250988 0.065722056
v 0.011127865 -0.159775361 0.065818176
v -0.009004133 -0.171366900 0.065782011
v -0.020634180 -0.191470876 0.065782070
v -0.009004189 -0.234874636 0.065782800
v 0.000263563 -0.241981134 0.065722063
v 0.011045380 -0.246450454 0.065782107
v 0.045131173 -0.241980851 0.065711327
v 0.054394916 -0.234874859 0.065782040
v 0.061533324 -0.225588426 0.065782078
v 0.063206680 -0.192517653 0.083393015
v 0.052436855 -0.173598215 0.083339781
v 0.043552697 -0.166836306 0.083575025
v 0.001724422 -0.166798025 0.083094209
v -0.013448014 -0.181972697 0.083393015
v -0.019156609 -0.203200176 0.083575025
v -0.017695365 -0.214262277 0.083349593
v -0.013627437 -0.224091887 0.083094224
v 0.022938570 -0.244996101 0.083392978
v 0.033488359 -0.243675798 0.083048545
v 0.063080810 -0.214193866 0.083393015
v 0.064341046 -0.203299329 0.083805919
v 0.058977425 -0.182538897 0.083683535
v 0.033641636 -0.162854999 0.083489992
v 0.023011904 -0.161408722 0.083683528
v 0.011765437 -0.163034365 0.084105536
v -0.006626335 -0.173546761 0.083805896
v -0.017485023 -0.192169815 0.083805919
v -0.006813464 -0.232371867 0.084105514
v 0.002113377 -0.239402875 0.083683535
v 0.012429014 -0.243449315 0.083856180
v 0.043277416 -0.239402875 0.083683550
v 0.052017145 -0.232694969 0.083805919
v 0.058672350 -0.224098280 0.083805919
v 0.054568451 -0.193426996 0.098392196
v 0.042656988 -0.177106366 0.098375879
v 0.023809619 -0.169824913 0.098392196
v -0.000990684 -0.179434776 0.098388679
v -0.009814620 -0.198840871 0.098375879
v -0.007784276 -0.215745971 0.098367825
v 0.002733791 -0.229135379 0.098375879
v 0.022695398 -0.236618072 0.098388679
v 0.043321338 -0.228729025 0.098372586
v 0.053362057 -0.214985192 0.098372586
v 0.022695398 -0.203120872 0.100090638
v 0.038109045 -0.203120872 0.100863419
v 0.038109045 -0.181360424 0.096363418
v 0.036957614 -0.188487113 0.092878751
v 0.042276345 -0.187733918 0.096363418
v 0.040180821 -0.195316762 0.091946088
v 0.041850552 -0.195705175 0.099729031
v 0.044002499 -0.203120872 0.096363418
v 0.042276345 -0.218507826 0.096363418
v 0.041850552 -0.210536554 0.092997804
v 0.039260481 -0.217754647 0.099848084
v 0.038109045 -0.224197343 0.095412880
v 0.033941746 -0.218507826 0.096363418
v 0.034367543 -0.210536569 0.099729031
v 0.032215592 -0.203120872 0.096363418
v 0.034367546 -0.210536569 0.092997804
v 0.036957614 -0.188487098 0.099848084
v 0.033941746 -0.187733918 0.096363418
v 0.019396128 -0.188020393 0.100780755
v 0.006763065 -0.181737274 0.096363418
v 0.013185130 -0.185034618 0.092878751
v 0.013896746 -0.182844475 0.099848084
v 0.014112378 -0.179743454 0.096363418
v 0.021561902 -0.182611674 0.092997804
v 0.029279655 -0.182856604 0.096363418
v 0.035667412 -0.187194809 0.099729031
v 0.043380111 -0.189253107 0.096363418
v 0.047503397 -0.194974601 0.097313963
v 0.041731834 -0.191888630 0.092878751
v 0.040804576 -0.197179779 0.096363418
v 0.033355020 -0.194311574 0.099729031
v 0.025637301 -0.194066629 0.096363418
v 0.032253750 -0.192933306 0.092033163
v 0.011536846 -0.187670127 0.096363418
v 0.015960153 -0.190882191 0.100693673
v 0.002555504 -0.206576735 0.099848084
v -0.002162941 -0.211112186 0.095412880
v 0.002839714 -0.197861180 0.099729031
v -0.002190148 -0.204059780 0.096363418
v 0.002839713 -0.197861195 0.092997804
v 0.005457591 -0.190596864 0.096363418
v 0.015898302 -0.179163158 0.096363418
v 0.017895484 -0.181545183 0.092878751
v 0.017895484 -0.181545183 0.099848084
v 0.023015961 -0.176456377 0.096363418
v 0.022641137 -0.184062123 0.096363418
v 0.016488736 -0.188965052 0.091946080
v 0.014993399 -0.197525039 0.096363418
v 0.004552688 -0.208958745 0.096363418
v 0.008893593 -0.202259585 0.092997804
v 0.003962253 -0.207084894 0.100780755
v 0.022613937 -0.229232028 0.097313963
v 0.017895477 -0.224696562 0.092878751
v 0.010225495 -0.212180793 0.091863416
v 0.011557398 -0.220379442 0.099729031
v 0.015898306 -0.227078587 0.096363418
v 0.005457592 -0.215644881 0.096363418
v 0.002839719 -0.208380580 0.092997804
v -0.002190148 -0.202181965 0.096363418
v -0.002564973 -0.194576234 0.096363418
v 0.002555517 -0.199665040 0.092878751
v 0.002555502 -0.199665010 0.099848084
v 0.004552685 -0.197283000 0.096363418
v 0.014993398 -0.208716705 0.096363418
v 0.017611263 -0.215981007 0.099729031
v 0.022641139 -0.222179621 0.096363418
v 0.017611269 -0.215981022 0.092997804
v 0.034240428 -0.213398159 0.100780748
v 0.041731838 -0.214353129 0.099848077
v 0.048153888 -0.211055785 0.096363418
v 0.041020200 -0.212162971 0.092878751
v 0.027458478 -0.217780128 0.091863416
v 0.043380111 -0.216988638 0.096363418
v 0.035667446 -0.219046921 0.092997812
v 0.021561904 -0.223630100 0.099729024
v 0.029279655 -0.223385140 0.096363418
v 0.014112381 -0.226498306 0.096363418
v 0.013896763 -0.223397285 0.092878751
v 0.007413569 -0.224293113 0.097313963
v 0.011536846 -0.218571618 0.096363418
v 0.019249540 -0.216513321 0.092997804
v 0.019249540 -0.216513321 0.099729031
v 0.025637301 -0.212175116 0.096363418
v 0.040804572 -0.209061950 0.096363418
v 0.059229821 -0.200483322 0.028425775
v 0.060405098 -0.200483322 0.020272341
v 0.061683197 -0.199364468 0.025941310
v 0.062209059 -0.201991528 0.022442987
v 0.060539156 -0.202855200 0.026930155
v 0.058771726 -0.202136815 0.021030316
v 0.057425857 -0.201991528 0.026255123
v 0.057425857 -0.200161532 0.022442987
v 0.058404889 -0.186111018 0.047291383
v 0.061384134 -0.185789227 0.045120742
v 0.059580181 -0.186111003 0.039137963
v 0.061384138 -0.187619224 0.041308612
v 0.060038283 -0.187764511 0.046533402
v 0.056600939 -0.187619224 0.045120746
v 0.058270838 -0.188482895 0.040633578
v 0.057126798 -0.184992149 0.041622426
v 0.046335869 -0.178928420 0.020824417
v 0.045057774 -0.177809551 0.015155462
v 0.049315114 -0.178606629 0.018653776
v 0.047511157 -0.178928420 0.012670995
v 0.049315114 -0.180436626 0.014841646
v 0.047969256 -0.180581912 0.020066438
v 0.044531912 -0.180436626 0.018653776
v 0.046201818 -0.181300297 0.014166611
v 0.034813240 -0.167032033 0.056947444
v 0.036617193 -0.165523827 0.054776799
v 0.034947291 -0.164660156 0.050289631
v 0.036091331 -0.168150887 0.051278479
v 0.031833995 -0.167353824 0.054776799
v 0.033637952 -0.167032033 0.048794016
v 0.033179861 -0.165378541 0.056189470
v 0.031833995 -0.165523827 0.050964665
v 0.018778011 -0.163095951 0.039117366
v 0.019953294 -0.163095951 0.030963929
v 0.021231391 -0.161977097 0.036632903
v 0.021757251 -0.164604157 0.033134576
v 0.020087348 -0.165467829 0.037621751
v 0.018319918 -0.164749444 0.031721905
v 0.016974049 -0.164604157 0.036946714
v 0.016974051 -0.162774161 0.033134580
v -0.001524849 -0.172088146 0.033140469
v -0.000349570 -0.172088146 0.024987038
v 0.000928530 -0.170969293 0.030656006
v 0.001454388 -0.173596352 0.027157689
v -0.000215515 -0.174460024 0.031644855
v -0.001982946 -0.173741639 0.025745012
v -0.003328814 -0.173596352 0.030969819
v -0.003328812 -0.171766356 0.027157689
v -0.010066008 -0.183092237 0.053226423
v -0.011375351 -0.180720359 0.051730808
v -0.008262052 -0.181584015 0.051055774
v -0.009607914 -0.181438729 0.045830984
v -0.008262052 -0.183414042 0.047243658
v -0.012519396 -0.184211105 0.050741956
v -0.011241301 -0.183092237 0.045073010
v -0.013045256 -0.181584030 0.047243658
v -0.013670380 -0.201884389 0.027910596
v -0.014979723 -0.199512511 0.026414977
v -0.011866423 -0.200376168 0.025739945
v -0.013670380 -0.200697973 0.019757178
v -0.011866423 -0.202206194 0.021927828
v -0.016649628 -0.202206194 0.025739945
v -0.014979725 -0.203069851 0.021252800
v -0.016649628 -0.200376168 0.021927830
v -0.012385297 -0.220151320 0.058677342
v -0.012169648 -0.218042046 0.057143353
v -0.009056353 -0.218905702 0.056468319
v -0.010860311 -0.219227493 0.050485533
v -0.009611106 -0.221038371 0.057223178
v -0.010469146 -0.221582562 0.051996354
v -0.013976760 -0.219820693 0.052259490
v -0.003873853 -0.229883492 0.059648242
v -0.005183198 -0.227511615 0.058152623
v -0.003873853 -0.228697076 0.051494829
v -0.002069897 -0.228375271 0.057477593
v -0.002069897 -0.230205283 0.053665474
v -0.005183203 -0.231068954 0.052990448
v -0.006853101 -0.230205297 0.057477593
v -0.006853100 -0.228375271 0.053665474
v 0.019460632 -0.242554605 0.054260965
v 0.018151285 -0.240182728 0.052765347
v 0.019460632 -0.241368189 0.046107553
v 0.021264587 -0.241046384 0.052090317
v 0.021264587 -0.242876396 0.048278198
v 0.018151281 -0.243740067 0.047603171
v 0.016481383 -0.242876410 0.052090317
v 0.016481383 -0.241046384 0.048278198
v 0.026524534 -0.242102996 0.042122938
v 0.029503783 -0.241781190 0.039952289
v 0.027833879 -0.240917534 0.035465136
v 0.029503783 -0.243611202 0.036140166
v 0.027833875 -0.244474873 0.040627327
v 0.024720579 -0.243611217 0.039952289
v 0.026524534 -0.243289411 0.033969518
v 0.024720579 -0.241781190 0.036140166
v 0.048030596 -0.234478965 0.038375933
v 0.046721261 -0.232107103 0.036880318
v 0.049834553 -0.232970774 0.036205288
v 0.048488688 -0.232825488 0.030980460
v 0.049834553 -0.234800771 0.032393139
v 0.045577217 -0.235597834 0.035891466
v 0.046855312 -0.234478965 0.030222490
v 0.045051355 -0.232970774 0.032393139
v 0.058318064 -0.219270855 0.044696588
v 0.057039969 -0.218152002 0.039027616
v 0.059493348 -0.219270855 0.036543161
v 0.061297305 -0.218949065 0.042525947
v 0.059951447 -0.220924348 0.043938618
v 0.061297309 -0.220779061 0.038713809
v 0.058184009 -0.221642718 0.038038779
v 0.056514107 -0.220779061 0.042525943
vn 0.000000017 -0.000000007 1.000000000
vn -0.000002043 0.450434566 0.892809451
vn -0.000009648 0.914307714 0.405020088
vn 0.000004780 0.914311528 -0.405011714
vn 0.000000000 0.450433195 -0.892810166
vn 0.000000003 -0.000000007 -1.000000000
vn 0.318503916 0.318506688 0.892809451
vn 0.646506429 0.646520078 0.405020148
vn 0.646513999 0.646507204 -0.405028671
vn 0.318506271 0.318506181 -0.892808795
vn 0.450434536 0.000002026 0.892809570
vn 0.914307833 0.000009595 0.405020177
vn 0.914311528 -0.000004768 -0.405011684
vn 0.450433165 0.000000000 -0.892810166
vn 0.318506688 -0.318503827 0.892809510
vn 0.646520078 -0.646506429 0.405020177
vn 0.646507204 -0.646513939 -0.405028671
vn 0.318506241 -0.318506211 -0.892808914
vn 0.000002031 -0.450434536 0.892809451
vn 0.000009641 -0.914307833 0.405020207
vn -0.000004787 -0.914311528 -0.405011743
vn 0.000000005 -0.450433195 -0.892810166
vn -0.318503857 -0.318506718 0.892809451
vn -0.646506429 -0.646520078 0.405020207
vn -0.646513939 -0.646507204 -0.405028641
vn -0.318506211 -0.318506211 -0.892808795
vn -0.450434536 -0.000002026 0.892809570
vn -0.914307833 -0.000009595 0.405020177
vn -0.914311528 0.000004768 -0.405011684
vn -0.450433165 0.000000000 -0.892810166
vn -0.318506688 0.318503797 0.892809510
vn -0.646520078 0.646506429 0.405020177
vn -0.646507263 0.646513939 -0.405028671
vn -0.318506271 0.318506181 -0.892808795
vn -0.898256540 -0.343400598 0.274246603
vn 0.017854707 0.006826704 0.999817312
vn -0.923207164 0.381744623 -0.044266809
vn -0.007098085 0.731969178 0.681300819
vn -0.483006954 0.550030529 -0.681300759
vn 0.433104753 0.900255799 0.044270098
vn -0.017847257 -0.006825259 -0.999817431
vn 0.898257017 0.343402117 -0.274243295
vn 0.007094913 -0.731969774 -0.681300163
vn 0.923208058 -0.381742686 0.044265084
vn -0.433102369 -0.900257111 -0.044266462
vn 0.482998610 -0.550040841 0.681298375
vn -0.303642511 -0.202068999 0.931111932
vn -0.311018676 -0.206157073 0.927775145
vn -0.264106274 -0.188149095 0.945963919
vn -0.266861796 -0.189682975 0.944883764
vn -0.178305164 -0.157679096 0.971259296
vn -0.178309500 -0.157680243 0.971258283
vn -0.074528404 -0.119733088 0.990004838
vn -0.074531794 -0.119733378 0.990004539
vn 0.047751319 -0.073551953 0.996147573
vn 0.047748957 -0.073552057 0.996147633
vn 0.170549512 -0.025580376 0.985017061
vn 0.170548469 -0.025580294 0.985017180
vn 0.274505198 0.016333710 0.961446881
vn 0.274506509 0.016334578 0.961446524
vn 0.361788332 0.051600769 0.930831194
vn 0.366042733 0.054317780 0.929011405
vn 0.421718478 0.075184837 0.903604269
vn 0.429980904 0.080601595 0.899232984
vn 0.478194058 0.099728003 0.872573674
vn -0.829988420 0.514565349 0.215271205
vn 0.296406507 0.545103550 0.784222722
vn -0.394277662 -0.256030679 -0.882606089
vn 0.432478905 0.659488976 -0.614846528
vn -0.344971478 -0.821883619 0.453323245
vn 0.817900777 -0.574935973 0.022065939
vn -0.607247591 0.168560252 0.776426375
vn -0.619968653 0.176829159 0.764441311
vn -0.567381978 0.157367945 0.808277726
vn -0.572346270 0.160506815 0.804150045
vn -0.462673634 0.122408047 0.878037214
vn -0.462670684 0.122407265 0.878038883
vn -0.314009279 0.071780369 0.946702659
vn -0.314009875 0.071780160 0.946702361
vn -0.122550122 0.007952803 0.992430449
vn -0.122542001 0.007950390 0.992431462
vn 0.078501642 -0.057616763 0.995247662
vn 0.078502521 -0.057616759 0.995247543
vn 0.246019453 -0.111130953 0.962872982
vn 0.246023193 -0.111132078 0.962871850
vn 0.374031126 -0.151281208 0.914994359
vn 0.379644483 -0.154297978 0.912174463
vn 0.458720982 -0.178766176 0.870412409
vn 0.468993932 -0.184362024 0.863744915
vn 0.526978076 -0.201840788 0.825563073
vn -0.329593867 0.923736393 0.195138514
vn 0.549698949 0.244798556 0.798689425
vn -0.440934271 0.040489376 -0.896625698
vn 0.770877421 0.233845785 -0.592506826
vn -0.800126851 -0.416195035 0.431947768
vn 0.275309592 -0.960497081 0.040619601
vn -0.309498101 -0.368769735 0.876481473
vn -0.312505901 -0.379116982 0.870982528
vn -0.288477510 -0.327675223 0.899671972
vn -0.289665252 -0.331591308 0.897853792
vn -0.239144385 -0.234608397 0.942214847
vn -0.239143103 -0.234606057 0.942215860
vn -0.173676029 -0.114985332 0.978066981
vn -0.173673749 -0.114985183 0.978067338
vn -0.091665961 0.029648755 0.995348334
vn -0.091664605 0.029648405 0.995348454
vn -0.005556350 0.176020741 0.984370768
vn -0.005558204 0.176020056 0.984370887
vn 0.068531677 0.297675610 0.952204108
vn 0.068530358 0.297677159 0.952203691
vn 0.132591754 0.399597436 0.907050967
vn 0.128971383 0.395698816 0.909279287
vn 0.175800070 0.468255371 0.865927994
vn 0.168785796 0.460961729 0.871220887
vn 0.205957919 0.517142534 0.830749631
vn -0.972253442 -0.129009366 0.195140690
vn -0.124369189 0.588751853 0.798688710
vn -0.131865084 -0.422693580 -0.896628022
vn -0.067367062 0.802741528 -0.592509747
vn 0.239565313 -0.869500160 0.431946725
vn 0.996841669 0.068237841 0.040623780
vn -0.071022913 -0.993646502 0.087305874
vn -0.012154419 -0.170008942 0.985367596
vn -0.734727681 -0.653808117 -0.180859804
vn -0.675851941 0.169840425 0.717201829
vn -0.693140328 -0.071984552 -0.717199266
vn -0.634267509 0.751662016 0.180856422
vn 0.012150470 0.170004755 -0.985368311
vn 0.071026646 0.993646085 -0.087308161
vn 0.675863028 -0.169827998 -0.717194259
vn 0.734729111 0.653806567 0.180859566
vn 0.634265065 -0.751662612 -0.180862442
vn 0.693137944 0.071980901 0.717201948
vn -0.119503073 -0.541864097 0.831926882
vn -0.117535047 -0.551983356 0.825530052
vn -0.119234994 -0.497653812 0.859141231
vn -0.118536159 -0.501524568 0.856984437
vn -0.116997488 -0.396056145 0.910742104
vn -0.116997272 -0.396060675 0.910740137
vn -0.112133153 -0.263438642 0.958136857
vn -0.112133332 -0.263440102 0.958136439
vn -0.103510432 -0.099956125 0.989593089
vn -0.103511274 -0.099961452 0.989592493
vn -0.091831625 0.068626352 0.993406951
vn -0.091831960 0.068625838 0.993406951
vn -0.079729326 0.211627260 0.974092960
vn -0.079729550 0.211623698 0.974093735
vn -0.067709185 0.333688140 0.940248728
vn -0.069207378 0.328471124 0.941975057
vn -0.059483796 0.416899174 0.907004297
vn -0.062507972 0.406934887 0.911316037
vn -0.054125421 0.476362288 0.877581537
vn -0.576210320 -0.772386491 -0.267209619
vn -0.457238615 0.847951233 0.268163502
vn 0.454308927 -0.888237894 0.068094693
vn 0.579024374 0.812509537 -0.067520186
vn -0.301718444 -0.304987878 0.903298676
vn -0.309418678 -0.310806066 0.898698866
vn -0.279283792 -0.278735101 0.918861985
vn -0.282147944 -0.280912966 0.917322457
vn -0.225805774 -0.219867200 0.949036419
vn -0.225808620 -0.219869316 0.949035287
vn -0.160250351 -0.149073899 0.975754499
vn -0.160250053 -0.149074003 0.975754499
vn -0.081960216 -0.064831346 0.994524717
vn -0.081955902 -0.064829022 0.994525313
vn -0.001539968 0.021380302 0.999770284
vn -0.001536057 0.021380298 0.999770284
vn 0.068458162 0.096158557 0.993009031
vn 0.068460777 0.096157148 0.993009031
vn 0.131883904 0.164423689 0.977533460
vn 0.130145445 0.161853433 0.978195131
vn 0.177739501 0.214555755 0.960403383
vn 0.174286142 0.209432021 0.962165654
vn 0.211885452 0.250662625 0.944602013
vn -0.853260159 -0.090705328 0.513536453
vn 0.271873295 0.335342437 0.902014673
vn -0.449688584 -0.169094503 -0.877033174
vn -0.084978171 0.929008305 -0.360169768
vn 0.177702069 -0.974319756 0.138286486
vn 0.964065850 -0.066774674 -0.257134646
vn 0.139885023 -0.345243067 0.928029835
vn 0.145099536 -0.355593354 0.923309028
vn 0.115348987 -0.314974040 0.942064762
vn 0.117286488 -0.318839133 0.940524101
vn 0.060681444 -0.242067888 0.968359947
vn 0.060682409 -0.242068484 0.968359768
vn -0.004746787 -0.151402146 0.988460898
vn -0.004745774 -0.151401922 0.988460898
vn -0.081186637 -0.042887121 0.995775878
vn -0.081182174 -0.042891957 0.995775938
vn -0.157258719 0.067961715 0.985216200
vn -0.157256916 0.067960553 0.985216558
vn -0.220905870 0.163077414 0.961564541
vn -0.220905334 0.163075283 0.961565077
vn -0.272800684 0.244041681 0.930603802
vn -0.276270121 0.247797549 0.928585529
vn -0.306851119 0.300371468 0.903116405
vn -0.313596249 0.307712525 0.898315370
vn -0.340405256 0.353450060 0.871319294
vn 0.138137519 -0.720410466 0.679652035
vn -0.003621481 0.527383626 0.849619567
vn -0.156931296 -0.666802287 -0.728524089
vn -0.997257829 0.013119267 -0.072833650
vn 0.969380736 0.026884669 -0.244086504
vn 0.043824304 0.829110324 -0.557364881
vn 0.678320825 -0.723100126 0.130411521
vn 0.087276489 -0.093034200 0.991830409
vn -0.013570063 -0.988570333 -0.150148764
vn -0.604625285 -0.358501256 0.711270034
vn -0.396365702 -0.580509245 -0.711268842
vn -0.987421572 0.049561344 0.150140941
vn -0.087273978 0.093033686 -0.991830647
vn -0.678321838 0.723098755 -0.130413428
vn 0.604624748 0.358512104 -0.711265028
vn 0.013572591 0.988571286 0.150142133
vn 0.987421095 -0.049562413 -0.150144339
vn 0.396363556 0.580509484 0.711269736
vn 0.251668364 -0.390165478 0.885682762
vn 0.257343978 -0.398101181 0.880505264
vn 0.225704789 -0.366799802 0.902504981
vn 0.227823704 -0.369769335 0.900759101
vn 0.167760491 -0.310651124 0.935602665
vn 0.167763367 -0.310652167 0.935601771
vn 0.098473608 -0.241003051 0.965515673
vn 0.098470934 -0.241002366 0.965516090
vn 0.016595572 -0.156815767 0.987488508
vn 0.016593544 -0.156815663 0.987488568
vn -0.066352881 -0.069505177 0.995372474
vn -0.066350244 -0.069505550 0.995372593
vn -0.137605563 0.007143046 0.990461349
vn -0.137603283 0.007140873 0.990461707
vn -0.198046371 0.074554689 0.977353215
vn -0.201782256 0.077542335 0.976356089
vn -0.239264086 0.122751020 0.963164032
vn -0.246668220 0.128728300 0.960512280
vn -0.280261159 0.168913826 0.944945395
vn -0.181409821 -0.970521569 0.158676907
vn -0.741777480 -0.031796493 0.669891894
vn 0.468553305 -0.186891779 -0.863440454
vn -0.599440515 0.326430947 -0.730831027
vn 0.840803266 -0.073768660 0.536291003
vn 0.218445256 0.931050181 0.292279422
vn -0.025239259 -0.433254629 0.900918186
vn -0.023425872 -0.439585268 0.897895336
vn -0.028990962 -0.397846431 0.916993856
vn -0.028329363 -0.400214463 0.915983558
vn -0.036428321 -0.321895748 0.946074128
vn -0.036428895 -0.321894765 0.946074367
vn -0.044776976 -0.230807334 0.971968591
vn -0.044777047 -0.230808124 0.971968472
vn -0.053964533 -0.122405626 0.991011977
vn -0.053963866 -0.122410551 0.991011381
vn -0.062592149 -0.011182949 0.997976482
vn -0.062591881 -0.011183321 0.997976601
vn -0.069471829 0.085835397 0.993884325
vn -0.069471821 0.085833661 0.993884504
vn -0.075008705 0.170964748 0.982417881
vn -0.074642539 0.174771383 0.981775701
vn -0.078143068 0.232760429 0.969389677
vn -0.077361964 0.240386292 0.967589557
vn -0.080121331 0.288915038 0.953996181
vn -0.512489259 -0.688217342 0.513528585
vn -0.061764073 0.427267224 0.902013361
vn -0.181019410 -0.445009530 -0.877039611
vn -0.739956379 0.568099499 -0.360177040
vn 0.836167514 -0.530757368 0.138277560
vn 0.703349292 0.662704289 -0.257143646
vn 0.473461628 -0.000302867 0.880814314
vn 0.488005847 -0.006014793 0.872819602
vn 0.429458112 0.004980332 0.903073072
vn 0.434996486 0.002867743 0.900427580
vn 0.318624079 0.022252504 0.947619975
vn 0.318621516 0.022252832 0.947620809
vn 0.171224877 0.045182589 0.984195411
vn 0.171226144 0.045182846 0.984195173
vn -0.009816309 0.071129285 0.997418821
vn -0.009817528 0.071129508 0.997418821
vn -0.194051161 0.095119156 0.976369083
vn -0.194051549 0.095119417 0.976369023
vn -0.346082449 0.112983607 0.931376219
vn -0.346079290 0.112983622 0.931377470
vn -0.464379460 0.125509009 0.876697898
vn -0.469725668 0.127120569 0.873612225
vn -0.543380499 0.134183303 0.828693271
vn -0.553251505 0.137182534 0.821640849
vn -0.608474255 0.141820103 0.780798435
vn 0.564675689 -0.645359337 0.514443994
vn -0.381834984 0.620087564 0.685341895
vn -0.624506891 -0.717018604 0.309637576
vn 0.396158963 -0.270115614 -0.877550960
vn -0.637773693 0.303502291 -0.707906127
vn 0.692861974 0.707568824 0.138883665
vn 0.979971290 0.158164367 0.120997101
vn 0.135215119 0.021818299 0.990576088
vn 0.810515583 -0.564313233 -0.156892210
vn -0.034245387 -0.700651050 0.712681830
vn 0.252927661 -0.654299915 -0.712684512
vn -0.591831505 -0.790645659 0.156891584
vn -0.135215327 -0.021826373 -0.990575790
vn -0.979970932 -0.158157632 -0.121009007
vn 0.034231409 0.700652719 -0.712680876
vn -0.810514271 0.564314008 0.156895816
vn 0.591832221 0.790644526 -0.156894505
vn -0.252922297 0.654299438 0.712686837
vn 0.388476580 0.097704135 0.916264057
vn 0.394224286 0.099583380 0.913603008
vn 0.354443133 0.092641383 0.930477083
vn 0.356588930 0.093338691 0.929587126
vn 0.282273382 0.081958689 0.955826700
vn 0.282272011 0.081959322 0.955826998
vn 0.196987733 0.069037475 0.977972269
vn 0.196981937 0.069037683 0.977973461
vn 0.096311077 0.053396706 0.993918061
vn 0.096314378 0.053396523 0.993917763
vn -0.006284336 0.037043445 0.999293983
vn -0.006279804 0.037043229 0.999293983
vn -0.095619798 0.022467341 0.995164335
vn -0.095617726 0.022467840 0.995164573
vn -0.174154997 0.010050018 0.984667003
vn -0.178058937 0.008736094 0.983981073
vn -0.229806527 0.001948348 0.973234475
vn -0.237646431 -0.000727454 0.971351504
vn -0.284234375 -0.007443837 0.958725929
vn -0.584293544 0.562011003 0.585443974
vn -0.390825599 -0.852157474 0.347969711
vn 0.758338392 0.124293514 -0.639901519
vn -0.658299029 -0.005372892 -0.752737284
vn 0.888254702 0.145105153 0.435830325
vn 0.260091335 -0.183826834 0.947924137
vn 0.267946750 -0.190174222 0.944477797
vn 0.227952108 -0.167339876 0.959184706
vn 0.230868667 -0.169691801 0.958073258
vn 0.155732378 -0.127513558 0.979534507
vn 0.155732647 -0.127515048 0.979534268
vn 0.069705024 -0.078841887 0.994447172
vn 0.069699794 -0.078842148 0.994447529
vn -0.031257637 -0.021228073 0.999285936
vn -0.031257570 -0.021228274 0.999285996
vn -0.133065090 0.037408393 0.990401089
vn -0.133062348 0.037408680 0.990401447
vn -0.220156714 0.088013887 0.971485794
vn -0.220154107 0.088014089 0.971486270
vn -0.298530161 0.133351102 0.945038199
vn -0.295731813 0.132280365 0.946067989
vn -0.355281293 0.165696457 0.919956505
vn -0.349759817 0.163589016 0.922446072
vn -0.396022737 0.189934671 0.898382306
vn 0.433119059 -0.592012286 0.679653823
vn -0.228949293 0.475116938 0.849615335
vn 0.143490627 -0.669826925 -0.728520632
vn -0.906956017 -0.414880455 -0.072835378
vn 0.864646137 0.439099550 -0.244087398
vn -0.315171033 0.768120050 -0.557367802
vn 0.305918634 0.368908465 0.877678990
vn 0.312013298 0.379041493 0.871191859
vn 0.273210883 0.332758635 0.902567148
vn 0.275560141 0.336625814 0.900416434
vn 0.196701467 0.248816550 0.948366404
vn 0.196695611 0.248813733 0.948368311
vn 0.095264085 0.136811629 0.986005723
vn 0.095261224 0.136812031 0.986005962
vn -0.028868210 -0.001255716 0.999582469
vn -0.028862128 -0.001250993 0.999582648
vn -0.154418901 -0.142003357 0.977747321
vn -0.154415742 -0.142002612 0.977747917
vn -0.257178962 -0.258090049 0.931261778
vn -0.257175684 -0.258086801 0.931263626
vn -0.337073475 -0.347038746 0.875183225
vn -0.340374023 -0.352756947 0.871612430
vn -0.389647871 -0.403341591 0.827943265
vn -0.395626962 -0.414031863 0.819790781
vn -0.434899628 -0.455669075 0.776677549
vn 0.923271120 0.248621091 -0.292844564
vn -0.498074085 -0.553457797 0.667537749
vn 0.183109596 0.982239187 0.040953033
vn -0.608836174 -0.676577032 -0.414200485
vn 0.102358945 0.975812674 0.193163723
vn 0.006700869 0.063923150 0.997932315
vn 0.757589579 0.644292593 -0.104618721
vn 0.661948264 -0.267591447 0.700156689
vn 0.703060448 0.124426894 -0.700159907
vn 0.607408702 -0.787471056 0.104614422
vn -0.006701665 -0.063923836 -0.997932315
vn -0.102359965 -0.975814939 -0.193151966
vn -0.661936343 0.267601401 -0.700164080
vn -0.757592976 -0.644288599 0.104619086
vn -0.607412517 0.787468135 -0.104613170
vn -0.703058600 -0.124429628 0.700161338
vn 0.064729542 0.296092629 0.952963412
vn 0.066675380 0.303465545 0.950506747
vn 0.062793285 0.265536606 0.962053716
vn 0.063510068 0.268257380 0.961251438
vn 0.056789521 0.198119193 0.978531420
vn 0.056789793 0.198121905 0.978530824
vn 0.049039416 0.119646333 0.991604745
vn 0.049039442 0.119646005 0.991604686
vn 0.039703038 0.028106978 0.998816133
vn 0.039702505 0.028103286 0.998816252
vn 0.029950364 -0.064397365 0.997474790
vn 0.029950637 -0.064397387 0.997474790
vn 0.021225348 -0.144692585 0.989248991
vn 0.021225806 -0.144690439 0.989249289
vn 0.012755852 -0.215474069 0.976426244
vn 0.012920145 -0.219085872 0.975620091
vn 0.005897951 -0.265570194 0.964073479
vn 0.006231415 -0.272845894 0.962037563
vn 0.000212369 -0.314945370 0.949109793
vn 0.364538550 0.610187769 0.703407764
vn 0.590276241 -0.554718435 0.586396933
vn 0.557926178 0.423095196 -0.713938951
vn -0.751801252 0.619346440 -0.226284876
vn 0.029424202 -0.661307752 -0.749537408
vn -0.828005016 -0.438791126 0.349099040
vn 0.316610217 0.276793331 0.907272518
vn 0.326830059 0.284036815 0.901390672
vn 0.289949238 0.246800348 0.924672365
vn 0.293784201 0.249526411 0.922728300
vn 0.223626852 0.177519530 0.958372593
vn 0.223633677 0.177521497 0.958370626
vn 0.139299706 0.091701239 0.985995173
vn 0.139302954 0.091701508 0.985994697
vn 0.037550457 -0.010872172 0.999235570
vn 0.037551064 -0.010872444 0.999235570
vn -0.066603899 -0.114819035 0.991151154
vn -0.066604964 -0.114819869 0.991150975
vn -0.155471697 -0.202665985 0.966827333
vn -0.155471116 -0.202664435 0.966827750
vn -0.230115905 -0.274458140 0.933659136
vn -0.233385950 -0.279004395 0.931497455
vn -0.281768739 -0.322013289 0.903832912
vn -0.288072973 -0.330831319 0.898645997
vn -0.329455584 -0.368263423 0.869391263
vn 0.972882330 -0.124172762 0.195143938
vn -0.030488083 -0.600968599 0.798690915
vn 0.235671878 0.374860376 -0.896626174
vn -0.140357733 -0.793241084 -0.592510045
vn -0.009003500 0.901849151 0.431957185
vn -0.981095552 0.189213097 0.040618692
vn -0.270731807 0.372200727 0.887789905
vn -0.277852058 0.379795462 0.882356942
vn -0.246159464 0.333629876 0.909998238
vn -0.248854741 0.336521685 0.908198535
vn -0.190610245 0.245971099 0.950350463
vn -0.190608323 0.245967716 0.950351775
vn -0.118844010 0.133659378 0.983875632
vn -0.118843690 0.133658648 0.983875751
vn -0.031104384 -0.002375429 0.999513268
vn -0.031106614 -0.002370112 0.999513268
vn 0.059007727 -0.140713438 0.988290310
vn 0.059009273 -0.140713498 0.988290191
vn 0.135227337 -0.256625533 0.957004130
vn 0.135225847 -0.256624043 0.957004786
vn 0.200419888 -0.354907900 0.913166106
vn 0.198394701 -0.350197196 0.915424228
vn 0.245563149 -0.420788348 0.873290300
vn 0.241750687 -0.411803365 0.878620923
vn 0.278743088 -0.467071474 0.839134514
vn 0.344121456 0.928611338 0.138785735
vn 0.486770034 -0.203887805 0.849402547
vn -0.414482683 0.245871589 -0.876214266
vn 0.784035563 -0.273455828 -0.557234466
vn -0.824231803 0.238343686 0.513647974
vn -0.364161134 -0.928482950 -0.072844043
vn -0.760897338 0.606829166 0.229768664
vn -0.020999229 0.016752088 0.999639153
vn -0.137541890 0.987452567 -0.077587210
vn 0.602357030 0.397376120 0.692284763
vn 0.253404886 0.675665081 -0.692288041
vn 0.993306160 0.085577011 0.077586152
vn 0.021003006 -0.016749926 -0.999639034
vn 0.760899663 -0.606832325 -0.229752511
vn -0.602360606 -0.397364020 -0.692288697
vn 0.137543619 -0.987452269 0.077587657
vn -0.993305802 -0.085575417 -0.077591285
vn -0.253408909 -0.675660670 0.692290902
vn -0.229780287 0.287009805 0.929960430
vn -0.234484985 0.289425194 0.928035498
vn -0.204273269 0.268074304 0.941492736
vn -0.206007868 0.268976629 0.940857232
vn -0.151240468 0.228051096 0.961831152
vn -0.151240751 0.228052348 0.961830795
vn -0.089849576 0.181049481 0.979361176
vn -0.089851893 0.181050166 0.979360819
vn -0.018292280 0.125385582 0.991939485
vn -0.018296644 0.125387147 0.991939247
vn 0.053975195 0.068226404 0.996208787
vn 0.053976011 0.068226092 0.996208727
vn 0.116694689 0.017848706 0.993007421
vn 0.116698071 0.017847432 0.993007064
vn 0.174824819 -0.029499350 0.984157562
vn 0.172969416 -0.027419442 0.984545469
vn 0.217174470 -0.063874699 0.974040687
vn 0.213440076 -0.059639420 0.975134134
vn 0.250284910 -0.090326793 0.963949502
vn -0.136063918 0.831768453 0.538189411
vn 0.810838163 -0.235881209 0.535631895
vn -0.219710141 0.452337354 -0.864360094
vn -0.952290237 -0.259657800 0.160377771
vn 0.497046530 -0.800648272 -0.334525436
vn -0.061169922 0.460373461 0.885615349
vn -0.064968497 0.468711138 0.880959213
vn -0.050892141 0.419125766 0.906500816
vn -0.052302282 0.422282934 0.904953897
vn -0.028778793 0.327030778 0.944575369
vn -0.028777353 0.327028275 0.944576383
vn -0.001670468 0.211253941 0.977429867
vn -0.001670591 0.211253852 0.977429807
vn 0.030196389 0.071182810 0.997006178
vn 0.030196114 0.071182512 0.997006178
vn 0.061912376 -0.072612695 0.995436728
vn 0.061913114 -0.072613902 0.995436668
vn 0.088248506 -0.195650369 0.976695001
vn 0.088248447 -0.195648417 0.976695418
vn 0.109684072 -0.298580110 0.948060811
vn 0.109845519 -0.303482294 0.946484268
vn 0.123597175 -0.371098995 0.920331061
vn 0.123826601 -0.380623639 0.916402102
vn 0.134695888 -0.434805691 0.890393794
vn -0.175367385 0.659843504 0.730652392
vn 0.624396682 0.653596342 -0.427715510
vn 0.648686826 -0.332129419 0.684759438
vn -0.783445477 0.323986948 -0.530325949
vn 0.354395479 -0.612823188 -0.706294298
vn -0.662805378 -0.681599617 0.310017765
vn -0.494721323 0.078379363 0.865509927
vn -0.508546233 0.080295496 0.857282519
vn -0.452909589 0.082942568 0.887689948
vn -0.458156079 0.083675057 0.884924591
vn -0.348810107 0.089124106 0.932946086
vn -0.348805934 0.089124456 0.932947636
vn -0.212592185 0.093936533 0.972615302
vn -0.212591931 0.093936801 0.972615361
vn -0.045631852 0.097185791 0.994219601
vn -0.045635611 0.097185954 0.994219422
vn 0.125663370 0.097662792 0.987254202
vn 0.125661582 0.097662777 0.987254381
vn 0.269789457 0.095784090 0.958143592
vn 0.269795805 0.095783986 0.958141804
vn 0.391289175 0.093235955 0.915532649
vn 0.386879802 0.092588462 0.917470098
vn 0.475201458 0.091431640 0.875113666
vn 0.466854066 0.090234734 0.879718781
vn 0.531938910 0.088465869 0.842148900
vn -0.552462041 0.823566198 -0.128547966
vn 0.443883002 0.406034112 0.798814237
vn 0.658226550 0.465895563 -0.591336727
vn -0.449903876 -0.464480788 -0.762787044
vn -0.663331270 -0.407524526 0.627626836
vn 0.565812290 -0.823475301 0.041771963
vn 0.624433398 0.401114225 0.670216680
vn -0.385396719 -0.247566342 0.888920963
vn 0.935564876 -0.214652970 0.280432433
vn -0.074261412 -0.863334775 0.499137521
vn 0.816041708 -0.291439235 -0.499138355
vn -0.193781301 -0.940109551 -0.280433267
vn 0.385396659 0.247567311 -0.888920605
vn -0.624422908 -0.401110470 -0.670228720
vn 0.074264660 0.863334417 -0.499137670
vn -0.935563982 0.214655235 -0.280433834
vn 0.193776995 0.940109789 0.280435532
vn -0.816048801 0.291419268 0.499138474
vn -0.001925807 -0.002431481 0.999995172
vn -0.564157486 0.147924945 0.812308133
vn -0.295598269 -0.504500568 0.811234176
vn 0.293601871 -0.525740623 0.798370063
vn 0.585459292 -0.000190385 0.810701787
vn 0.312359273 0.521523714 0.794005513
vn -0.168073997 0.586983502 0.791960657
vn -0.736120880 -0.213143617 0.642414153
vn -0.509912193 -0.562743723 0.650622010
vn 0.147987440 -0.739595115 0.656581163
vn 0.531394184 -0.519292176 0.669295013
vn 0.771510541 -0.038832370 0.635030389
vn 0.378081053 0.672502756 0.636234879
vn -0.695701003 0.276622742 0.662932873
vn -0.758066893 -0.130142063 0.639060080
vn -0.178292587 -0.742141843 0.646093786
vn 0.719046652 -0.283536494 0.634491086
vn 0.760013759 0.184255451 0.623240709
vn 0.643746674 0.422011077 0.638354897
vn 0.265511274 0.725002348 0.635511935
vn -0.095872968 0.743791461 0.661500275
vn -0.455637157 0.578086793 0.676912427
vn -0.838050067 0.114072978 0.533534944
vn -0.819933832 -0.191036329 0.539642155
vn -0.727190554 -0.420081556 0.542886257
vn -0.594095647 -0.603523135 0.531799078
vn -0.423335791 -0.723038495 0.545895755
vn -0.220772162 -0.819631338 0.528643668
vn 0.031195316 -0.851310790 0.523733497
vn 0.313112020 -0.802656353 0.507645190
vn 0.584013462 -0.608340681 0.537447631
vn 0.734172404 -0.414484441 0.537767172
vn 0.849672139 -0.101682834 0.517414570
vn 0.775399029 0.322014600 0.543196976
vn 0.512732327 0.661439955 0.547359884
vn 0.115939379 0.821417689 0.558418393
vn -0.155883282 0.829085886 0.536951542
vn -0.421881169 0.744206309 0.517854452
vn -0.689305186 0.498301417 0.525884151
vn -0.945577741 -0.006458111 0.325332314
vn 0.334008187 -0.843169093 0.421312690
vn 0.891606748 -0.111636065 0.438833445
vn 0.919061065 0.216634125 0.329236299
vn 0.819063008 0.472118288 0.325945258
vn 0.452162355 0.830517709 0.325253189
vn 0.239819765 0.908753097 0.341546863
vn -0.138407469 0.891562760 0.431229889
vn -0.670460105 0.673765540 0.310681880
vn -0.814078331 0.477412879 0.330686361
vn -0.911385477 0.246536016 0.329539865
vn -0.868205130 -0.366269678 0.334763169
vn -0.673109710 -0.659423590 0.334789306
vn -0.454836041 -0.825352788 0.334539950
vn -0.117816500 -0.932655215 0.340989172
vn 0.216385126 -0.903692126 0.369483411
vn 0.571724474 -0.744968474 0.343734175
vn 0.824626207 -0.459637433 0.329735130
vn 0.924721003 -0.128226683 0.358397752
vn 0.675549805 0.662110090 0.324411422
vn 0.025896698 0.929078460 0.368974894
vn -0.266738147 0.896958888 0.352584302
vn -0.478837103 0.813778281 0.329362988
vn -0.968064725 -0.244540825 0.055231631
vn -0.008675431 -0.999012291 0.043581478
vn 0.995550096 0.012623180 0.093384661
vn 0.713299990 0.698841929 0.053132679
vn 0.256887585 0.965486169 0.042956132
vn -0.994435847 0.016621416 0.104025029
vn -0.866222858 -0.498099357 0.039434336
vn -0.703684568 -0.700659990 0.117913514
vn -0.494575828 -0.862265408 0.109055795
vn -0.271060616 -0.957872272 0.094905399
vn 0.242355183 -0.969203115 0.043695077
vn 0.488986820 -0.865623474 0.107647978
vn 0.711642742 -0.696078598 0.095075026
vn 0.868158162 -0.495933026 0.018762229
vn 0.966970563 -0.249509975 0.052083865
vn 0.965699375 0.256415665 0.040935054
vn 0.863542914 0.493525267 0.103568710
vn 0.509307444 0.859099209 0.050541963
vn 0.002388943 0.994979441 0.100051343
vn -0.248826176 0.967458963 0.045921072
vn -0.504742026 0.862964571 0.022970969
vn -0.711726725 0.700942576 0.046093278
vn -0.902109683 0.413636148 0.122895502
vn -0.967864394 0.235198215 -0.088997036
vn -0.955420256 -0.013628637 -0.294934541
vn -0.710080862 -0.695232749 -0.111519963
vn -0.480111480 -0.871381104 -0.100935593
vn -0.230733693 -0.919648707 -0.317817956
vn 0.501578629 -0.858825207 -0.104106598
vn 0.673573315 -0.671374619 -0.309119821
vn 0.956623793 -0.005410058 -0.291275918
vn 0.815067947 0.482362896 -0.320920944
vn 0.003660617 0.954102278 -0.299458593
vn -0.852097452 0.510982752 -0.113254696
vn -0.903176427 -0.254551560 -0.345652759
vn -0.820510685 -0.455170155 -0.345806926
vn -0.001462010 -0.940127552 -0.340819657
vn 0.242155463 -0.908234954 -0.341277033
vn 0.894630790 -0.261073053 -0.362597018
vn 0.906624913 0.229864925 -0.353826851
vn 0.668606639 0.658766985 -0.344950974
vn 0.469102740 0.820246816 -0.327318996
vn 0.236370325 0.904186726 -0.355774671
vn -0.251537830 0.904002964 -0.345698625
vn -0.662941158 0.661149681 -0.351269275
vn -0.900307655 0.233167857 -0.367531002
vn -0.659510136 -0.658234775 -0.363006085
vn -0.477462918 -0.793120205 -0.378139347
vn 0.443393260 -0.810017705 -0.383762568
vn 0.818408668 -0.450833350 -0.356309623
vn -0.457175940 0.816791594 -0.351911366
vn -0.807594657 0.465633571 -0.361906499
vn -0.543448567 -0.070258722 -0.836497128
vn -0.423449725 -0.336873889 -0.840955615
vn -0.201509833 -0.502108455 -0.840999901
vn 0.076492585 -0.541257381 -0.837370515
vn 0.403798431 -0.377593607 -0.833288610
vn 0.541716218 -0.066032141 -0.837963820
vn 0.497092277 0.218315020 -0.839784384
vn 0.292954415 0.468504548 -0.833475292
vn -0.061611302 0.544027686 -0.836802304
vn -0.326144636 0.428113639 -0.842821717
vn -0.496328235 0.216410801 -0.840728760
vn -0.000023536 -0.000014384 -1.000000000
vn 0.471426785 0.102856323 0.875886619
vn 0.266639978 0.963796198 -0.000000710
vn 0.999182999 -0.040413901 0.000000074
vn 0.471426994 0.102856159 -0.875886500
vn 0.269380063 -0.366205961 0.890689373
vn 0.219779506 -0.975549579 0.000001506
vn 0.269381195 -0.366204947 -0.890689552
vn -0.609001398 -0.100421354 0.786786437
vn -0.852695823 -0.522407770 -0.000000651
vn -0.608999014 -0.100422204 -0.786788106
vn -0.997396469 0.072112784 -0.000000748
vn -0.220480487 0.350061685 0.910409331
vn -0.911083221 0.412222475 0.000000159
vn -0.220481157 0.350060880 -0.910409570
vn 0.011402887 0.431786001 0.901904047
vn -0.833702147 0.552214384 -0.000000780
vn 0.004857533 0.433940381 -0.900928497
vn 0.251243502 0.967923939 -0.000000283
vn 0.270424575 0.391976625 0.879332066
vn 0.698822498 0.715086401 -0.017280243
vn 0.293346465 0.549942672 -0.781991661
vn 0.931366742 -0.302008092 0.203339741
vn 0.420733094 -0.136902988 -0.896794975
vn -0.026465120 -0.523145556 0.851832330
vn 0.145040393 -0.989274859 -0.017279882
vn -0.095274203 -0.602961659 -0.792060673
vn -0.376795799 -0.926296413 -0.000000861
vn -0.414040565 -0.120240942 0.902281821
vn -0.673586011 -0.739108920 -0.000001606
vn -0.414040059 -0.120240577 -0.902282178
vn 0.389511257 -0.194339439 0.900285065
vn -0.593713820 -0.781107247 -0.193327308
vn -0.987800539 0.144404829 0.058286875
vn -0.551718891 0.276717067 0.786787093
vn -0.764987648 0.643219292 0.032601882
vn -0.449177474 0.158162519 -0.879331708
vn 0.001365504 0.457843125 0.889032006
vn -0.263020188 0.342619538 -0.901904821
vn 0.371707559 0.928247809 0.013767106
vn 0.405637443 0.146091446 -0.902283490
vn 0.986053109 -0.154509395 0.061855432
vn 0.814106047 -0.580709338 0.002847362
vn 0.328904986 -0.407677263 -0.851833820
vn -0.074122377 -0.412115365 0.908111751
vn 0.505993485 -0.862537265 -0.000219638
vn 0.441847652 0.193884343 0.875887930
vn 0.027387667 -0.412799716 0.910410047
vn 0.767615139 -0.640802503 -0.011801561
vn -0.453094602 -0.889523804 -0.058759108
vn -0.238149822 -0.291485459 -0.926456094
vn -0.774487972 -0.631675780 0.033972420
vn -0.551719129 -0.276716948 0.786787033
vn -0.987800956 -0.144402981 0.058285683
vn -0.449177802 -0.158161417 -0.879331708
vn -0.074125260 0.412116587 0.908110976
vn -0.593712568 0.781108379 -0.193326280
vn 0.505994380 0.862536728 -0.000216623
vn 0.328904957 0.407677025 -0.851833940
vn 0.824036956 0.566512048 0.005231407
vn 0.447551101 -0.146118626 -0.882239938
vn 0.064464942 -0.430503935 0.900283754
vn 0.394825399 -0.105443537 0.912685335
vn 0.850368321 0.525949657 -0.015832482
vn 0.705973506 -0.705796838 -0.058755431
vn 0.203627273 -0.316569984 -0.926455259
vn 0.353603929 -0.934670329 0.036818735
vn -0.157406807 -0.985361695 0.065463237
vn 0.011617806 -0.476068288 -0.879331589
vn -0.418767631 0.054156199 0.906477153
vn -0.926345587 -0.323277086 -0.193328112
vn -0.663959265 0.747768760 -0.000219067
vn -0.286085576 0.438787729 -0.851833582
vn -0.075651482 0.684296548 0.725269020
vn -0.295951843 0.955202401 0.000952214
vn 0.277266592 0.380491823 -0.882241070
vn 0.193328857 -0.345808417 0.918172359
vn -0.282715529 0.831041694 0.479000717
vn 0.863574088 0.405047983 0.300293088
vn 0.193325907 0.345808923 -0.918172836
vn 0.863576233 -0.405044645 -0.300291419
vn -0.797156930 -0.449215889 0.403417826
vn -0.282714218 -0.831041992 -0.479001015
vn -0.797158360 0.449212253 -0.403419018
vn 0.247587040 -0.353574544 0.902045250
vn 0.849226832 0.415021151 0.326452762
vn 0.366197824 0.779242575 -0.508606255
vn 0.632935405 -0.706928849 -0.315664917
vn -0.808675051 -0.496715456 0.315148264
vn -0.167620569 -0.316889852 -0.933533251
vn -0.400661826 0.624813378 0.670133173
vn -0.862001479 0.383138120 -0.331901520
vn -0.193325892 0.345810950 0.918172121
vn 0.282711387 0.831040442 -0.479005247
vn 0.797159851 0.449213415 0.403415024
vn 0.797160089 -0.449213177 -0.403414518
vn 0.282712281 -0.831041038 0.479003727
vn -0.193324044 -0.345814407 -0.918171167
vn -0.863574982 -0.405046672 0.300292313
vn -0.863577664 0.405040801 -0.300292760
vn -0.193325579 0.345810890 0.918172121
vn 0.797160029 0.449212343 0.403415561
vn 0.282712966 0.831039250 -0.479006618
vn 0.797159970 -0.449212849 -0.403415352
vn 0.282711864 -0.831040204 0.479005516
vn -0.863577485 -0.405041099 0.300292581
vn -0.193328470 -0.345809728 -0.918172002
vn -0.863576055 0.405044228 -0.300292403
vn -0.193325654 0.345810831 0.918172121
vn 0.282714397 0.831039429 -0.479005218
vn 0.797160029 0.449210197 0.403418124
vn 0.797158957 -0.449213862 -0.403415978
vn 0.282710373 -0.831041515 0.479004234
vn -0.193326876 -0.345811069 -0.918171883
vn -0.863577664 -0.405041158 0.300291955
vn -0.863575935 0.405044138 -0.300292939
vn 0.183247492 -0.331579566 0.925459623
vn -0.290600449 0.818703651 0.495253205
vn 0.868685663 0.388193339 0.307719260
vn 0.468151689 0.583132088 -0.663920879
vn 0.614423811 -0.744536936 -0.261051983
vn -0.804489434 -0.465602547 0.368796796
vn -0.255687803 -0.337129027 -0.906072736
vn -0.838022590 0.408096194 -0.362181693
vn -0.193324536 0.345814764 0.918170869
vn 0.282712489 0.831040323 -0.479004979
vn 0.797158420 0.449214280 0.403416574
vn 0.797160804 -0.449211627 -0.403414845
vn 0.282716006 -0.831038654 0.479005873
vn -0.193324491 -0.345808804 -0.918173134
vn -0.863575637 -0.405043572 0.300294906
vn -0.863575220 0.405045718 -0.300292879
vn -0.183248699 0.331567764 0.925463557
vn -0.614428997 0.744533241 -0.261050493
vn 0.804486454 0.465607584 0.368797123
vn 0.255688310 0.337130666 -0.906071961
vn 0.838020563 -0.408105373 -0.362176389
vn 0.290605634 -0.818703771 0.495249927
vn -0.868680716 -0.388205737 0.307717919
vn -0.468151182 -0.583129823 -0.663923323
vn 0.193322629 -0.345815301 0.918171108
vn -0.282714933 0.831040204 0.479003608
vn 0.193325043 0.345810682 -0.918172300
vn 0.863579273 0.405035734 0.300294995
vn 0.863577724 -0.405042559 -0.300289899
vn -0.282715797 -0.831040978 -0.479001731
vn -0.797158182 -0.449216425 0.403414786
vn -0.797158420 0.449217081 -0.403413653
vn 0.193326667 -0.345807016 0.918173373
vn -0.282710433 0.831044018 0.478999585
vn 0.863574803 0.405045509 0.300294429
vn 0.193321452 0.345811665 -0.918172717
vn 0.863576055 -0.405044019 -0.300292850
vn -0.797160506 -0.449211180 0.403416246
vn -0.282718271 -0.831038773 -0.479004085
vn -0.797155023 0.449220628 -0.403416336
vn -0.193324357 0.345805943 0.918174207
vn 0.282714069 0.831042886 -0.478999436
vn 0.797159553 0.449213326 0.403415471
vn 0.797158241 -0.449215561 -0.403415620
vn 0.282715678 -0.831042171 0.478999734
vn -0.193325579 -0.345806569 -0.918173850
vn -0.863573492 -0.405051738 0.300289959
vn -0.863574862 0.405046970 -0.300292403
vn -0.255684584 0.337127149 0.906074405
vn 0.614427686 0.744533181 0.261053771
vn 0.183245391 0.331573874 -0.925462008
vn 0.868682444 -0.388203025 -0.307716250
vn 0.468150139 -0.583140314 0.663914740
vn -0.838022828 -0.408098578 0.362178564
vn -0.290602535 -0.818706214 -0.495247900
vn -0.804488420 0.465602875 -0.368798763
vn -0.193324938 0.345806837 0.918173850
vn 0.282712519 0.831042767 -0.479000777
vn 0.797158718 0.449217319 0.403412908
vn 0.797161460 -0.449211866 -0.403413355
vn 0.282717198 -0.831040800 0.479001194
vn -0.193326950 -0.345807999 -0.918172896
vn -0.863576531 -0.405045301 0.300289810
vn -0.863576710 0.405043572 -0.300291479
vn 0.193324775 -0.345812052 0.918171942
vn -0.282717973 0.831039310 0.479003429
vn 0.863574982 0.405045867 0.300293475
vn 0.193321586 0.345813245 -0.918172061
vn 0.863577843 -0.405040503 -0.300292164
vn -0.797157705 -0.449215502 0.403416663
vn -0.282714099 -0.831040800 -0.479003042
vn -0.797159374 0.449211210 -0.403418243
vn -0.853441596 0.166263700 0.493957311
vn 0.250382453 -0.048779935 0.966917276
vn -0.571455479 0.810472310 0.128737971
vn 0.532371223 0.595430195 0.601700842
vn -0.269934595 0.751728654 -0.601697028
vn 0.833894610 0.536697626 -0.128745496
vn -0.250384301 0.048781287 -0.966916800
vn 0.853442967 -0.166264087 -0.493954897
vn -0.532361388 -0.595442355 -0.601697445
vn 0.571454942 -0.810472071 -0.128741428
vn -0.833899140 -0.536691248 0.128743187
vn 0.269931614 -0.751730978 0.601695478
vn 0.000207420 -0.001968172 0.999998033
vn -0.571678281 -0.185562685 0.799218655
vn -0.073261201 -0.606802821 0.791469097
vn 0.524260759 -0.301230252 0.796499193
vn 0.543874621 0.287162781 0.788503647
vn 0.063645653 0.619307816 0.782564461
vn -0.446299821 0.422733903 0.788741231
vn -0.763395250 -0.177837536 0.620968342
vn -0.468796104 -0.587140083 0.659921825
vn -0.105660051 -0.758441150 0.643119693
vn 0.316724420 -0.728473306 0.607463777
vn 0.745817423 0.162594527 0.646002591
vn 0.569904685 0.544937432 0.615021825
vn 0.115121938 0.757968605 0.642051935
vn -0.286222756 0.701435745 0.652736187
vn -0.663024724 0.393258065 0.636982203
vn -0.733741105 -0.280579209 0.618788540
vn 0.165471435 -0.769605398 0.616706371
vn 0.549233913 -0.554311633 0.625364423
vn 0.730622053 -0.222285613 0.645585418
vn 0.485077679 0.609629929 0.626937747
vn -0.540078700 0.582890272 0.607086539
vn -0.757199287 0.222163513 0.614241540
vn -0.842110813 -0.103475317 0.529284656
vn -0.674395859 -0.531428814 0.512614548
vn -0.348743290 -0.805191636 0.479629606
vn -0.004969657 -0.864182472 0.503154039
vn 0.329479158 -0.784648299 0.525138557
vn 0.662870049 -0.539261460 0.519423246
vn 0.829973400 -0.223662689 0.510998070
vn 0.853890657 0.126562715 0.504829288
vn 0.669301569 0.528287590 0.522444010
vn 0.347143888 0.801928282 0.486212015
vn 0.003874154 0.863523901 0.504293084
vn -0.336704284 0.788257718 0.515053511
vn -0.618642867 0.589272380 0.519652784
vn -0.799419343 0.349474818 0.488667697
vn -0.948375225 0.037580144 0.314916313
vn -0.919791520 -0.247310817 0.304665387
vn -0.644895554 -0.692817211 0.322667122
vn -0.358994573 -0.836784124 0.413418889
vn 0.246228129 -0.920912802 0.302144527
vn 0.470514715 -0.825743854 0.311067492
vn 0.670545518 -0.676423252 0.304664344
vn 0.828007519 -0.472659200 0.301656723
vn 0.921762228 -0.233433351 0.309618056
vn 0.938679278 0.126382783 0.320793778
vn 0.833095133 0.456267983 0.312685460
vn 0.654192686 0.685217738 0.320169747
vn 0.350887597 0.836889267 0.420112133
vn -0.261969864 0.915393949 0.305656344
vn -0.470152617 0.827130854 0.307914138
vn -0.846132636 0.336819351 0.413052589
vn -0.828871250 -0.462023616 0.315446675
vn -0.367643058 -0.865597308 0.339970350
vn -0.002776067 -0.946269453 0.323367536
vn 0.367500156 0.863739550 0.344815463
vn 0.013402295 0.946168184 0.323397756
vn -0.678403139 0.653127253 0.336443156
vn -0.869853199 0.348446041 0.349200428
vn -0.998071969 0.010860047 0.061109729
vn -0.696755528 -0.712011516 0.087013856
vn 0.497992039 -0.864828169 0.063845374
vn 0.998612404 -0.002762903 0.052589387
vn 0.957177997 0.267871052 0.109797366
vn 0.701694071 0.703527272 0.112582907
vn -0.966198325 -0.257798761 0.000767120
vn -0.862392306 -0.504013002 0.047440261
vn -0.518054128 -0.850383997 0.092016354
vn -0.251284868 -0.962429106 0.102889702
vn 0.008569892 -0.998078346 0.061368935
vn 0.258737862 -0.965840220 0.014402761
vn 0.711397588 -0.701899469 0.035365026
vn 0.864523649 -0.498068094 0.067283392
vn 0.965645790 -0.259419769 0.015152017
vn 0.867985666 0.493176043 0.058124565
vn 0.512998283 0.852585375 0.099654950
vn 0.274724782 0.960788012 0.037587263
vn 0.007312146 0.992588758 0.121301718
vn -0.276289880 0.959377408 0.057087753
vn -0.631831527 0.769201577 0.095487617
vn -0.853899539 0.515494704 0.071560659
vn -0.964480042 0.246571466 0.094767734
vn -0.495331854 0.864093959 -0.089376658
vn -0.680268705 -0.667928517 -0.301837772
vn -0.493766665 -0.816870511 -0.298189819
vn -0.257240951 -0.961358070 -0.098070666
vn 0.959835589 0.258081347 -0.110044554
vn 0.701215327 0.706186295 -0.097969756
vn 0.473833561 0.827716291 -0.300612032
vn 0.002233237 0.993972003 -0.109611467
vn -0.689829707 0.658830464 -0.300128996
vn -0.834127188 0.466613829 -0.294114530
vn -0.927922547 0.233062699 -0.290932268
vn -0.941936135 0.005302260 -0.335750133
vn -0.825407505 -0.452757895 -0.337213308
vn -0.000985907 -0.942375898 -0.334554553
vn 0.473714292 -0.818852603 -0.324152797
vn 0.676230013 -0.659074306 -0.329141468
vn 0.818039358 -0.474755347 -0.324682981
vn 0.939445615 -0.015400126 -0.342351973
vn 0.810234010 0.476449192 -0.341346145
vn 0.248672441 0.906024396 -0.342464387
vn -0.252479047 0.905422270 -0.341269493
vn -0.465177596 0.812296093 -0.351830572
vn -0.908321381 -0.241368726 -0.341604263
vn -0.238199875 -0.901800096 -0.360579371
vn 0.255886555 -0.905517280 -0.338467717
vn 0.913458109 -0.236931860 -0.330843955
vn 0.912303627 0.234290272 -0.335872293
vn 0.673837721 0.642010987 -0.365738451
vn -0.003799618 0.937688947 -0.347455114
vn -0.545919001 -0.083715886 -0.833645105
vn -0.430215687 -0.351106554 -0.831648171
vn -0.204828173 -0.515951276 -0.831769049
vn 0.071937725 -0.543933570 -0.836039126
vn 0.327826738 -0.444477230 -0.833648384
vn 0.516878963 -0.205376178 -0.831057608
vn 0.538049817 0.163058370 -0.826991081
vn 0.328784227 0.447723299 -0.831531703
vn 0.000093878 0.557472289 -0.830195546
vn -0.326497972 0.449971080 -0.831219018
vn -0.517348945 0.216966242 -0.827813864
vn 0.000032630 0.000024915 -1.000000000
vn -0.429779917 0.072742879 0.899998784
vn 0.218861803 0.975755870 -0.000000105
vn 0.266752988 0.378988862 0.886121035
vn 0.268500239 0.373946756 -0.887733877
vn 0.998641253 0.051873662 -0.004988060
vn 0.677474916 -0.140698448 0.721963763
vn 0.258183867 -0.966085672 -0.004423596
vn 0.471100569 -0.103709519 -0.875961542
vn -0.222457319 -0.349308550 0.910217702
vn -0.911489964 -0.411322534 0.000000329
vn -0.219677940 -0.356702864 -0.908022404
vn -0.998001933 -0.063088663 0.003483723
vn -0.613685787 0.102144301 -0.782915235
vn -0.859086275 0.511773050 0.007700929
vn -0.013512974 -0.378502667 0.925501645
vn -0.429272175 0.139689401 0.892307281
vn -0.930145621 0.301624388 -0.209408268
vn -0.145096868 0.989238143 0.018840075
vn 0.095309056 0.608026385 0.788175166
vn 0.385828286 0.922570646 -0.000000606
vn 0.025025681 0.526845992 -0.849592268
vn 0.995630860 -0.093376927 -0.000001318
vn 0.454954177 0.141125143 0.879261255
vn 0.454953343 0.141125873 -0.879261672
vn 0.206358775 -0.978476405 -0.000000430
vn -0.019957537 -0.376221299 -0.926314890
vn -0.296691716 -0.554211259 0.777704239
vn -0.270153016 -0.962817430 -0.000000455
vn -0.698846281 -0.715023696 0.018840529
vn -0.274021000 -0.394074589 -0.877278566
vn 0.304945290 -0.311469764 0.899997294
vn -0.762080371 -0.647273779 0.016436825
vn -0.025346436 -0.413354397 -0.910217404
vn -0.438573122 -0.149815306 0.886120200
vn -0.630789220 0.284382969 -0.721963465
vn -0.817147493 0.576427758 -0.000989543
vn -0.436443895 0.443352610 0.782914579
vn -0.443146616 0.894863665 0.053292695
vn 0.766887367 0.641668797 0.012041479
vn 0.031942371 0.417701125 -0.908022821
vn 0.437023789 0.144707814 0.887733042
vn 0.819270492 -0.573401868 -0.002472655
vn 0.442088038 -0.193005681 -0.875960648
vn 0.452880114 -0.889479995 0.061032988
vn -0.351642400 -0.135239869 0.926314175
vn 0.591639340 -0.781165600 0.199357033
vn -0.290112227 -0.382384270 0.877278268
vn -0.505850494 -0.862616897 -0.002690730
vn 0.082888283 -0.421638340 -0.902967691
vn -0.800102293 -0.598924398 -0.033556901
vn -0.556521475 -0.278080016 -0.782914698
vn -0.995664775 -0.092889979 0.004816109
vn -0.396471530 0.918047071 -0.000001186
vn -0.006371666 0.476297259 0.879261255
vn -0.002576909 0.460349768 -0.887733936
vn 0.763877451 0.645352006 -0.003489809
vn 0.493328542 0.186605468 0.849591315
vn 0.985584676 0.155159682 -0.067441300
vn 0.390458047 0.193770170 -0.899997592
vn -0.009694354 0.431190073 0.902209044
vn 0.278009593 0.370811671 -0.886120498
vn 0.420063376 -0.117084630 0.899909973
vn 0.705998838 -0.705578148 -0.061033372
vn 0.201991260 -0.386268824 -0.899997830
vn 0.025026614 -0.526845157 0.849592745
vn 0.317574978 -0.948226810 -0.003491079
vn -0.097791120 -0.995203376 -0.002690216
vn -0.309990168 -0.292628974 -0.904585183
vn -0.938144147 -0.283097208 0.199353114
vn -0.714191377 0.697394669 -0.059761636
vn -0.274021506 0.394075394 0.877278090
vn -0.240469247 0.970127165 -0.032059021
vn -0.286784947 0.552088261 -0.782913148
vn 0.846892297 0.531583130 -0.013891893
vn -0.236041293 0.349020511 0.906900883
vn 0.315478057 0.856977344 -0.407509059
vn 0.914574027 -0.006702171 0.404363036
vn 0.408321589 -0.238719180 -0.881071329
vn -0.363423020 -0.817138612 0.447446376
vn -0.567131937 -0.651683033 -0.503657222
vn -0.839822054 0.484484494 -0.244895369
vn -0.193324879 0.345813364 0.918171346
vn 0.797158480 0.449214429 0.403416365
vn 0.282714307 0.831039786 -0.479004711
vn 0.797158837 -0.449214578 -0.403415471
vn 0.282714188 -0.831039369 0.479005426
vn -0.863576174 -0.405043602 0.300293148
vn -0.193324819 -0.345811933 -0.918171883
vn -0.863574803 0.405046642 -0.300292820
vn 0.193326056 -0.345810324 0.918172240
vn -0.282713830 0.831039667 0.479005128
vn 0.193326056 0.345811039 -0.918172061
vn 0.863576829 0.405041248 0.300294369
vn 0.863576770 -0.405041605 -0.300293952
vn -0.282710403 -0.831042230 -0.479002833
vn -0.797158480 -0.449213833 0.403417021
vn -0.797160625 0.449210525 -0.403416514
vn -0.193323731 0.345810294 0.918172836
vn 0.797159731 0.449212283 0.403416544
vn 0.282712817 0.831041336 -0.479003012
vn 0.797159970 -0.449212968 -0.403415293
vn 0.282711953 -0.831040502 0.479004830
vn -0.863576770 -0.405042112 0.300293177
vn -0.193323538 -0.345809460 -0.918173134
vn -0.863576651 0.405042738 -0.300292701
vn -0.193324670 0.345812678 0.918171644
vn 0.282710761 0.831042051 -0.479002833
vn 0.797159553 0.449212015 0.403416932
vn 0.797159791 -0.449212462 -0.403415978
vn 0.282710105 -0.831041873 0.479003549
vn -0.193322837 -0.345813155 -0.918171942
vn -0.863577485 -0.405040532 0.300293416
vn -0.863577843 0.405040056 -0.300293237
vn 0.193326831 -0.345810235 0.918172181
vn -0.282714307 0.831040561 0.479003370
vn 0.863576114 0.405043751 0.300293028
vn 0.193326339 0.345809311 -0.918172538
vn 0.863576651 -0.405042231 -0.300293803
vn -0.797159791 -0.449212909 0.403415591
vn -0.282713860 -0.831039846 -0.479004800
vn -0.797158539 0.449214756 -0.403415859
vn 0.193325043 -0.345810592 0.918172359
vn -0.282715231 0.831040144 0.479003668
vn 0.193325713 0.345811069 -0.918172061
vn 0.863576949 0.405041933 0.300292969
vn 0.863577068 -0.405041575 -0.300293207
vn -0.282714844 -0.831040323 -0.479003608
vn -0.797160208 -0.449212849 0.403414726
vn -0.797160208 0.449213117 -0.403414339
vn -0.173166692 0.371888638 0.911982536
vn 0.702818215 0.572941840 -0.421644777
vn 0.733190238 0.022707768 0.679644346
vn 0.545815229 -0.794682562 -0.265641630
vn -0.708109438 -0.564324796 0.424403757
vn -0.296941489 -0.261977047 -0.918255806
vn -0.669590712 0.702873051 -0.240036964
vn -0.236044988 0.349023253 0.906898856
vn 0.315481186 0.856975913 -0.407509476
vn 0.914573610 -0.006702751 0.404364020
vn 0.408320010 -0.238721713 -0.881071448
vn -0.363424778 -0.817137003 0.447447807
vn -0.567130744 -0.651683927 -0.503657520
vn -0.839822888 0.484482884 -0.244895563
vn -0.173159450 0.371894538 0.911981523
vn 0.702816844 0.572942972 -0.421645373
vn 0.733190775 0.022707675 0.679643750
vn 0.545817137 -0.794680357 -0.265644222
vn -0.708112657 -0.564319193 0.424405873
vn -0.296940088 -0.261973292 -0.918257296
vn -0.669590116 0.702872932 -0.240038931
vn -0.193326712 0.345809847 0.918172300
vn 0.282711536 0.831039786 -0.479006350
vn 0.797159970 0.449211299 0.403417021
vn 0.797159493 -0.449212760 -0.403416246
vn 0.282709569 -0.831041992 0.479003668
vn -0.193326131 -0.345811188 -0.918171883
vn -0.863577306 -0.405041397 0.300292671
vn -0.863576233 0.405043513 -0.300292939
vn 0.307714134 -0.157843843 0.938295007
vn 0.711857498 0.559676349 0.424289137
vn 0.274691552 0.844446659 -0.459841758
vn 0.795724094 -0.452722669 -0.402325183
vn -0.341951430 -0.820886552 0.457399815
vn -0.668513119 -0.591919661 -0.450245827
vn -0.792247415 0.467530102 0.392121941
vn -0.307657629 0.164360017 -0.937193990
vn 0.395217776 -0.058183331 0.916742921
vn -0.502446592 0.807761312 0.308332741
vn 0.661798298 0.624744952 -0.414387286
vn 0.795163095 -0.543334007 -0.269265622
vn -0.288559318 -0.869506598 -0.400864035
vn -0.777731836 -0.512791574 0.363562942
vn -0.386568546 0.213095352 -0.897304356
vn -0.173156843 0.371899426 0.911980033
vn -0.669588149 0.702874422 -0.240040049
vn 0.702816904 0.572942436 -0.421646178
vn 0.733191729 0.022706920 0.679642797
vn 0.545816123 -0.794680655 -0.265645206
vn -0.708114445 -0.564317167 0.424405605
vn -0.296939820 -0.261972576 -0.918257654
vn -0.090753742 0.812229156 0.576235831
vn 0.038641136 -0.345832914 0.937500119
vn 0.604274273 0.771831572 0.197809592
vn 0.733669877 -0.386237472 0.559060931
vn 0.630338848 0.538631916 -0.559060514
vn 0.759726107 -0.619424939 -0.197810993
vn -0.038640194 0.345836639 -0.937498808
vn 0.090752363 -0.812228501 -0.576236844
vn -0.733669996 0.386237323 -0.559060872
vn -0.604277492 -0.771828771 -0.197810546
vn -0.759724319 0.619427919 0.197808266
vn -0.630331516 -0.538641334 0.559059620
vn -0.001320695 0.000746533 0.999998927
vn -0.608887017 -0.101252735 0.786768377
vn -0.298936754 -0.547458887 0.781617284
vn 0.212981552 -0.575735390 0.789409757
vn 0.571941018 -0.242160991 0.783735693
vn 0.579015613 0.198658213 0.790743887
vn 0.128586948 0.586190581 0.799903750
vn -0.437621772 0.438121349 0.785198629
vn -0.600727856 -0.477603585 0.641109169
vn -0.308043987 -0.708441734 0.634995520
vn 0.092923455 -0.761907101 0.640985847
vn 0.523837388 -0.570505023 0.632549226
vn 0.765517533 -0.120769225 0.631979167
vn 0.671011686 0.368974209 0.643118441
vn 0.323210776 0.705111265 0.631152034
vn -0.101132557 0.753405929 0.649732053
vn -0.526204646 0.569656134 0.631348252
vn -0.725315213 0.241017073 0.644847810
vn -0.787897289 -0.014732172 0.615630448
vn -0.754686594 -0.114896551 0.645946503
vn -0.295556158 -0.733735979 0.611782670
vn 0.486804485 -0.626065910 0.609149277
vn 0.728613079 -0.290825605 0.620115638
vn 0.787043273 0.096162878 0.609356821
vn 0.627856076 0.482065767 0.611072302
vn 0.301336944 0.730900705 0.612356246
vn -0.480187267 0.615893424 0.624576330
vn -0.849028289 0.131527141 0.511714399
vn -0.826559603 -0.225341469 0.515771687
vn -0.670335889 -0.544910491 0.503708541
vn -0.310734004 -0.786444187 0.533806980
vn 0.128592312 -0.840475380 0.526369750
vn 0.525662601 -0.684945524 0.504508138
vn 0.805325568 -0.330185503 0.492370039
vn 0.850011230 0.115453564 0.513956666
vn 0.745451391 0.423659384 0.514601767
vn 0.588375747 0.610395133 0.530312896
vn 0.329255760 0.778492749 0.534359157
vn 0.007031413 0.855186164 0.518273234
vn -0.328581154 0.795018375 0.509882689
vn -0.687453032 0.549669266 0.474628329
vn -0.945445240 0.011535499 0.325576723
vn -0.745131314 -0.529303789 0.405730098
vn -0.497927636 -0.808285952 0.314232290
vn -0.236801848 -0.918089747 0.317861795
vn -0.008666418 -0.947682500 0.319097072
vn 0.256615162 -0.908779144 0.329042703
vn 0.552207112 -0.711038709 0.435306042
vn 0.839657485 -0.358627558 0.407874674
vn 0.903124630 0.078697436 0.422105074
vn 0.470891356 0.823409021 0.316636950
vn 0.240565225 0.916163087 0.320583194
vn -0.269480079 0.905028105 0.329096526
vn -0.570745587 0.706528068 0.418410808
vn -0.826041758 0.378831059 0.417303264
vn -0.909025550 -0.250370890 0.333147347
vn -0.730939567 -0.580701351 0.358487546
vn 0.447584510 -0.821378469 0.353561163
vn 0.686306417 -0.636819124 0.351347327
vn 0.873013496 -0.336750448 0.352769911
vn 0.940430582 -0.015963353 0.339610875
vn 0.875845492 0.353503883 0.328526586
vn 0.681744158 0.653954029 0.327977151
vn 0.006201736 0.942747176 0.333450615
vn -0.572308838 0.740181148 0.352979451
vn -0.797153592 0.487751842 0.355871141
vn -0.912685394 0.203576073 0.354347587
vn -0.706722617 -0.705459833 0.053569283
vn -0.258177102 -0.959758699 0.110488951
vn 0.498878837 -0.865125000 0.051755406
vn 0.862826049 -0.503226817 0.047897268
vn 0.865806878 0.498481035 0.043533571
vn -0.479204655 0.872563779 0.094843864
vn -0.709658206 0.699063122 0.087726541
vn -0.992440522 -0.013503079 0.121981479
vn -0.909475803 -0.402254760 0.105095103
vn -0.508006930 -0.859954894 0.049056478
vn -0.004298671 -0.994109392 0.108296126
vn 0.256270975 -0.959628463 0.115924299
vn 0.700339794 -0.702956021 0.124004357
vn 0.962738037 -0.240758315 0.123170033
vn 0.998297632 -0.001270503 0.058312576
vn 0.969350100 0.242049187 0.042102043
vn 0.701727271 0.703480005 0.112670965
vn 0.496464700 0.861732721 0.104592115
vn 0.246723235 0.963191271 0.106725179
vn -0.132094815 0.985318303 0.108161785
vn -0.859315276 0.499358803 0.110535763
vn -0.966445923 0.253147960 0.043571740
vn -0.963602543 -0.251556426 -0.090496428
vn 0.007066526 0.995268583 -0.096905395
vn -0.265922099 0.959275067 -0.095272556
vn -0.994180679 0.013236908 -0.106909193
vn -0.849965572 -0.514892042 -0.111555941
vn -0.271574676 -0.956709385 -0.104662932
vn 0.000766601 -0.995005667 -0.099815331
vn 0.268004179 -0.957394898 -0.107557878
vn 0.702367306 -0.702918530 -0.112186208
vn 0.960020721 -0.256245375 -0.112688467
vn 0.710854828 0.695125520 -0.107172854
vn 0.497995526 0.861407757 -0.099885881
vn 0.258435071 0.960768521 -0.100673720
vn -0.499056697 0.860944211 -0.098577067
vn -0.702730000 0.704288006 -0.100742094
vn -0.866331100 0.487952828 -0.106642552
vn -0.913531482 -0.236450329 -0.330985695
vn -0.671667695 -0.658951223 -0.338593841
vn -0.463375986 -0.816777289 -0.343740523
vn 0.461578161 -0.819330633 -0.340063214
vn 0.816027164 -0.461013705 -0.348663151
vn 0.941018879 0.011772051 -0.338149041
vn 0.913379014 0.244247764 -0.325702220
vn 0.817916632 0.474783182 -0.324951172
vn -0.004032243 0.944841981 -0.327501625
vn -0.253872216 0.902090132 -0.348973423
vn -0.909404397 0.242422089 -0.337957293
vn -0.930769622 0.011135755 -0.365436643
vn -0.803606868 -0.472148210 -0.362342417
vn -0.252350211 -0.899548173 -0.356556535
vn -0.004121860 -0.941973865 -0.335660726
vn 0.252011627 -0.890061498 -0.379842877
vn 0.661424935 -0.669577241 -0.337910265
vn 0.894756496 -0.257231653 -0.365024418
vn 0.663440168 0.653857589 -0.363754600
vn 0.451550752 0.816869199 -0.358924538
vn 0.247986779 0.896603882 -0.366884202
vn -0.452366590 0.814872980 -0.362417519
vn -0.663716197 0.659972847 -0.352017939
vn -0.801638484 0.479748398 -0.356675029
vn -0.535191059 -0.163354605 -0.828785777
vn -0.335575789 -0.435755998 -0.835168064
vn -0.010733251 -0.559491217 -0.828766763
vn 0.393950611 -0.403638035 -0.825759768
vn 0.542187214 -0.082356714 -0.836211920
vn 0.510848522 0.211330637 -0.833290577
vn 0.324475437 0.441689700 -0.836436510
vn -0.001454007 0.564623475 -0.825347424
vn -0.336900562 0.435993791 -0.834510386
vn -0.515425146 0.190423071 -0.835509419
vn 0.000035971 -0.000045637 -1.000000000
vn -0.000000112 -0.000000078 1.000000000
vn 0.045509424 0.998963952 -0.000003453
vn -0.193734407 0.308331341 -0.931342542
vn 0.893535137 0.448991597 -0.001242706
vn 0.362053782 0.090194143 -0.927783370
vn 0.615806758 0.107341632 0.780551016
vn 0.999258697 -0.015043747 0.035437372
vn 0.916437030 -0.400020033 -0.011275648
vn 0.443863362 -0.125451297 -0.887269616
vn 0.181860402 -0.348760545 0.919398189
vn -0.021970157 -0.985026538 -0.170997173
vn -0.884185672 -0.464176208 0.052500859
vn -0.615806639 -0.107341446 0.780551136
vn -0.997340918 0.072877973 0.000000968
vn -0.492980719 -0.126764923 -0.860755861
vn -0.186103880 0.298137397 0.936204851
vn -0.943831384 0.330427378 -0.000001629
vn -0.197660238 -0.316460520 0.927784026
vn -0.951056957 0.309015781 0.000000657
vn -0.337107331 -0.085128240 -0.937609732
vn -0.233373299 0.279530227 0.931343079
vn -0.086150974 0.993955612 -0.068045758
vn 0.093007848 0.589835942 -0.802149057
vn 0.309016377 0.951056719 -0.000000840
vn 0.272901237 0.429681391 0.860754788
vn 0.663636982 0.747969925 0.011272158
vn 0.929610670 -0.326475352 0.170991048
vn 0.388114303 0.063952364 -0.919389665
vn 0.159164712 -0.985554636 -0.057867352
vn -0.017850956 -0.460908800 0.887268007
vn -0.354454666 -0.934384823 -0.035874877
vn -0.067126848 -0.425778627 -0.902333915
vn -0.646594942 -0.759677291 0.069320634
vn 0.384197146 -0.195413813 0.902333617
vn -0.056420386 -0.385419667 0.921014905
vn -0.596757710 -0.783990681 -0.170994222
vn -0.532227755 0.270724982 0.802148104
vn -0.988157272 0.144184113 0.052499425
vn -0.473342359 0.187211916 -0.860754788
vn -0.764030337 0.645180285 -0.000001637
vn -0.569356501 0.822090805 -0.000000071
vn 0.024497818 0.363320231 -0.931342185
vn 0.025848901 0.350387424 0.936248124
vn 0.623993576 0.781429470 -0.000001084
vn 0.985180438 -0.171475902 0.003942534
vn 0.345921278 -0.139839783 -0.927784145
vn 0.803936601 -0.593629479 0.035915874
vn 0.506289482 -0.862289965 -0.011274952
vn 0.285358012 -0.362389654 -0.887268126
vn -0.345922381 -0.139840439 0.927783549
vn 0.596757412 -0.783990502 0.170995221
vn 0.057868112 -0.389047563 -0.919398308
vn 0.000001475 0.000001375 -1.000000000
vn -0.285360605 -0.362390012 0.887267053
vn -0.506287336 -0.862291157 0.011274175
vn -0.799574792 -0.599520206 -0.035436496
vn -0.561292887 -0.275121450 -0.780550122
vn -0.986795723 -0.161964685 0.001241615
vn -0.623995423 0.781427920 0.000000171
vn -0.024679495 0.350586921 -0.936204970
vn -0.024499333 0.363320678 0.931342065
vn 0.569354236 0.822092354 0.000000372
vn 0.764029741 0.645181000 -0.000001188
vn 0.473343045 0.187212646 0.860754311
vn 0.988157034 0.144184932 -0.052501749
vn 0.561291814 0.275120437 -0.780551374
vn -0.026098788 0.372200221 0.927785456
vn 0.353108466 -0.088973954 0.931342065
vn 0.951055169 0.309021115 0.000001914
vn 0.226034924 0.269123435 -0.936205506
vn 0.000000277 0.000001129 -1.000000000
vn 0.653929293 -0.753489137 -0.068048894
vn 0.292382747 -0.552497149 -0.780550718
vn 0.031778578 -0.508025050 0.860755920
vn 0.309017301 -0.951056361 0.000000182
vn -0.097248703 -0.995196283 0.011272067
vn -0.275493324 -0.280728847 -0.919399142
vn -0.943968594 -0.282284915 0.170992598
vn -0.714687765 0.697470665 -0.052498631
vn -0.292382777 0.552497268 -0.780550539
vn -0.256472558 0.383373797 0.887269020
vn -0.255409330 0.966185272 -0.035386533
vn 0.076580957 0.994650722 0.069320954
vn -0.167614877 0.316884905 0.933535874
vn 0.247583792 0.353567779 -0.902048767
vn 0.632935405 0.706928790 0.315665036
vn 0.849227905 -0.415018767 -0.326452702
vn 0.366198331 -0.779244542 0.508602738
vn -0.400661349 -0.624814570 -0.670132279
vn -0.862000942 -0.383140653 0.331900090
vn -0.808674216 0.496716350 -0.315149039
vn -0.247586533 0.353564531 0.902049422
vn 0.808672369 0.496718436 0.315150410
vn 0.167616054 0.316887796 -0.933534741
vn 0.861999691 -0.383140355 -0.331903666
vn 0.400663614 -0.624812365 0.670132935
vn -0.849226177 -0.415020257 0.326455325
vn -0.366198868 -0.779243112 -0.508604527
vn -0.632936180 0.706929326 -0.315662533
vn -0.247582346 0.353566229 0.902049839
vn -0.632933974 0.706930876 -0.315663427
vn 0.808673680 0.496715635 0.315151542
vn 0.167617008 0.316885531 -0.933535337
vn 0.862000525 -0.383140326 -0.331901729
vn 0.400664151 -0.624813795 0.670131326
vn -0.849227250 -0.415019482 0.326453656
vn -0.366197199 -0.779243588 -0.508605182
vn 0.247585446 -0.353569806 0.902047634
vn 0.849228621 0.415017724 0.326452225
vn 0.366198212 0.779243827 -0.508603930
vn 0.632935822 -0.706929088 -0.315663725
vn -0.808673143 -0.496717095 0.315150559
vn -0.167616189 -0.316887051 -0.933534920
vn -0.400660187 0.624813020 0.670134366
vn -0.862000644 0.383139729 -0.331901908
vn -0.167613015 0.316887587 0.933535278
vn 0.247586474 0.353568226 -0.902047992
vn 0.632936656 0.706928909 0.315662384
vn 0.849227846 -0.415019035 -0.326452553
vn 0.366199344 -0.779243112 0.508604288
vn -0.400659680 -0.624814630 -0.670133173
vn -0.861999750 -0.383139551 0.331904590
vn -0.808673799 0.496717662 -0.315148085
vn -0.167611763 0.316887915 0.933535397
vn 0.247588933 0.353567332 -0.902047634
vn 0.632936239 0.706927836 0.315665603
vn 0.849228621 -0.415018618 -0.326451331
vn 0.366199315 -0.779243171 0.508604109
vn -0.400655717 -0.624813735 -0.670136452
vn -0.862000287 -0.383138299 0.331904352
vn -0.808673084 0.496718317 -0.315148830
vn 0.167616799 -0.316886544 0.933534980
vn -0.366199881 0.779242516 0.508604705
vn 0.861997664 0.383145720 0.331902653
vn 0.400665134 0.624810278 -0.670133948
vn 0.808671057 -0.496721119 -0.315149426
vn -0.632935524 -0.706931055 0.315659910
vn -0.247578800 -0.353572994 -0.902048171
vn -0.849228740 0.415017009 -0.326453120
vn 0.193322733 -0.345808119 0.918173790
vn -0.282714635 0.831041813 0.479001015
vn 0.863574684 0.405047387 0.300292313
vn 0.193320677 0.345809340 -0.918173790
vn 0.863575935 -0.405045956 -0.300290614
vn -0.797159612 -0.449216515 0.403411806
vn -0.282715887 -0.831040740 -0.479002297
vn -0.797158360 0.449215531 -0.403415173
vn -0.408317804 -0.238719478 0.881072998
vn -0.315480292 0.856976330 0.407509297
vn 0.839823425 0.484482437 0.244894519
vn 0.236038581 0.349014699 -0.906903803
vn 0.567130804 -0.651684344 0.503656805
vn 0.363420784 -0.817139447 -0.447446585
vn -0.914574504 -0.006701673 -0.404361904
vn 0.193322420 -0.345806330 0.918174446
vn -0.282714874 0.831041813 0.479000807
vn 0.193324387 0.345806956 -0.918173909
vn 0.863573790 0.405047387 0.300294787
vn 0.863575518 -0.405043870 -0.300294250
vn -0.282712817 -0.831041813 -0.479002237
vn -0.797157884 -0.449215204 0.403416723
vn -0.797158122 0.449216664 -0.403414547
vn 0.193321243 -0.345807433 0.918174326
vn -0.282716364 0.831041515 0.479000598
vn 0.193322957 0.345806986 -0.918174148
vn 0.863574982 0.405046523 0.300292373
vn 0.863577366 -0.405043691 -0.300289750
vn -0.282714695 -0.831042528 -0.478999704
vn -0.797158122 -0.449215174 0.403416187
vn -0.797158480 0.449215651 -0.403415024
vn -0.193321779 0.345813245 0.918172121
vn 0.797159553 0.449217588 0.403410971
vn 0.282710880 0.831042290 -0.479002327
vn 0.797160387 -0.449213982 -0.403413177
vn 0.282715082 -0.831039369 0.479004800
vn -0.863576233 -0.405044526 0.300291896
vn -0.193326861 -0.345806181 -0.918173730
vn -0.863574028 0.405049264 -0.300291270
vn 0.167617008 -0.316882819 0.933536232
vn -0.366197824 0.779245198 0.508602083
vn 0.862001300 0.383139282 0.331900835
vn 0.400661737 0.624811530 -0.670134842
vn 0.808672726 -0.496718854 -0.315148890
vn -0.632934391 -0.706929862 0.315664768
vn -0.247584894 -0.353567213 -0.902048767
vn -0.849228501 0.415016323 -0.326454401
vn -0.247587353 0.353570253 0.902046978
vn -0.632934988 0.706928492 -0.315666556
vn 0.167612761 0.316886306 -0.933535814
vn 0.808673024 0.496719003 0.315147907
vn 0.400657743 -0.624812186 0.670136690
vn 0.861999393 -0.383140624 -0.331904382
vn -0.366201431 -0.779241860 -0.508604646
vn -0.849228024 -0.415017843 0.326453567
usemtl field_material_05
f 6//6 5//5 10//10
f 3//3 9//9 4//4
f 2//2 1//1 7//7
f 5//5 9//9 10//10
f 2//2 8//8 3//3
f 7//7 12//12 8//8
f 6//6 10//10 14//14
f 8//8 13//13 9//9
f 7//7 1//1 11//11
f 9//9 14//14 10//10
f 11//11 16//16 12//12
f 6//6 14//14 18//18
f 12//12 17//17 13//13
f 11//11 1//1 15//15
f 14//14 17//17 18//18
f 15//15 20//20 16//16
f 6//6 18//18 22//22
f 16//16 21//21 17//17
f 15//15 1//1 19//19
f 17//17 22//22 18//18
f 19//19 24//24 20//20
f 6//6 22//22 26//26
f 20//20 25//25 21//21
f 19//19 1//1 23//23
f 22//22 25//25 26//26
f 23//23 28//28 24//24
f 6//6 26//26 30//30
f 24//24 29//29 25//25
f 23//23 1//1 27//27
f 25//25 30//30 26//26
f 27//27 32//32 28//28
f 6//6 30//30 34//34
f 28//28 33//33 29//29
f 27//27 1//1 31//31
f 30//30 33//33 34//34
f 31//31 3//3 32//32
f 6//6 34//34 5//5
f 32//32 4//4 33//33
f 31//31 1//1 2//2
f 33//33 5//5 34//34
f 35//35 38//38 37//37
f 38//38 39//39 37//37
f 39//39 42//42 41//41
f 41//41 44//44 43//43
f 44//44 42//42 40//40
f 43//43 46//46 45//45
f 46//46 35//35 45//45
f 37//37 41//41 45//45
usemtl field_material_17
f 47//47 50//50 49//49
f 50//50 51//51 49//49
f 52//52 53//53 51//51
f 54//54 55//55 53//53
f 55//55 58//58 57//57
f 58//58 59//59 57//57
f 59//59 62//62 61//61
f 61//61 64//64 63//63
usemtl field_material_05
f 67//67 66//66 70//70
f 66//66 69//69 68//68
f 71//71 70//70 68//68
f 66//66 68//68 70//70
usemtl field_material_17
f 73//73 74//74 72//72
f 74//74 77//77 76//76
f 76//76 79//79 78//78
f 78//78 81//81 80//80
f 80//80 83//83 82//82
f 83//83 84//84 82//82
f 84//84 87//87 86//86
f 87//87 88//88 86//86
usemtl field_material_05
f 92//92 91//91 95//95
f 91//91 94//94 93//93
f 96//96 95//95 93//93
usemtl field_material_17
f 97//97 100//100 99//99
f 99//99 102//102 101//101
f 101//101 104//104 103//103
f 104//104 105//105 103//103
f 105//105 108//108 107//107
f 107//107 110//110 109//109
f 109//109 112//112 111//111
f 112//112 113//113 111//111
f 113//113 114//114 115//115
usemtl field_material_05
f 117//117 116//116 120//120
f 116//116 119//119 118//118
f 121//121 120//120 118//118
f 123//123 124//124 122//122
f 125//125 126//126 124//124
f 127//127 128//128 126//126
f 129//129 130//130 128//128
f 123//123 131//131 127//127
f 130//130 133//133 132//132
f 133//133 122//122 132//132
f 130//130 132//132 124//124
usemtl field_material_23
f 134//134 137//137 136//136
f 137//137 138//138 136//136
f 138//138 141//141 140//140
f 141//141 142//142 140//140
f 143//143 144//144 142//142
f 145//145 146//146 144//144
f 147//147 148//148 146//146
f 149//149 150//150 148//148
f 150//150 151//151 152//152
usemtl field_material_05
f 154//154 153//153 155//155
f 153//153 156//156 155//155
usemtl field_material_23
f 158//158 159//159 157//157
f 160//160 161//161 159//159
f 162//162 163//163 161//161
f 163//163 166//166 165//165
f 165//165 168//168 167//167
f 168//168 169//169 167//167
f 170//170 171//171 169//169
f 171//171 174//174 173//173
f 173//173 174//174 175//175
usemtl field_material_05
f 179//179 178//178 176//176
f 181//181 180//180 178//178
f 180//180 177//177 176//176
usemtl field_material_23
f 183//183 184//184 182//182
f 185//185 186//186 184//184
f 186//186 189//189 188//188
f 189//189 190//190 188//188
f 191//191 192//192 190//190
f 192//192 195//195 194//194
f 195//195 196//196 194//194
f 196//196 199//199 198//198
usemtl field_material_05
f 204//204 203//203 201//201
f 203//203 206//206 205//205
f 202//202 206//206 204//204
f 202//202 201//201 205//205
f 201//201 203//203 205//205
f 207//207 210//210 209//209
f 210//210 211//211 209//209
f 212//212 213//213 211//211
f 213//213 216//216 215//215
f 208//208 216//216 212//212
f 215//215 218//218 217//217
f 217//217 208//208 207//207
f 215//215 217//217 209//209
usemtl field_material_17
f 220//220 221//221 219//219
f 222//222 223//223 221//221
f 224//224 225//225 223//223
f 225//225 228//228 227//227
f 228//228 229//229 227//227
f 230//230 231//231 229//229
f 232//232 233//233 231//231
f 233//233 236//236 235//235
usemtl field_material_05
f 239//239 238//238 242//242
f 238//238 241//241 240//240
f 239//239 243//243 241//241
f 240//240 243//243 242//242
usemtl field_material_17
f 244//244 247//247 246//246
f 246//246 249//249 248//248
f 248//248 251//251 250//250
f 251//251 252//252 250//250
f 253//253 254//254 252//252
f 255//255 256//256 254//254
f 257//257 258//258 256//256
f 259//259 260//260 258//258
usemtl field_material_05
f 266//266 265//265 263//263
f 264//264 268//268 266//266
f 268//268 267//267 265//265
f 267//267 264//264 263//263
usemtl field_material_17
f 270//270 271//271 269//269
f 271//271 274//274 273//273
f 274//274 275//275 273//273
f 276//276 277//277 275//275
f 277//277 280//280 279//279
f 280//280 281//281 279//279
f 282//282 283//283 281//281
f 284//284 285//285 283//283
usemtl field_material_05
f 290//290 291//291 288//288
f 292//292 293//293 291//291
f 293//293 289//289 288//288
f 295//295 296//296 294//294
f 296//296 299//299 298//298
f 299//299 300//300 298//298
f 301//301 302//302 300//300
f 301//301 299//299 295//295
f 303//303 304//304 302//302
f 305//305 294//294 304//304
f 302//302 304//304 296//296
usemtl field_material_07
f 306//306 309//309 308//308
f 309//309 310//310 308//308
f 311//311 312//312 310//310
f 313//313 314//314 312//312
f 314//314 317//317 316//316
f 317//317 318//318 316//316
f 319//319 320//320 318//318
f 320//320 323//323 322//322
usemtl field_material_05
f 326//326 327//327 329//329
f 327//327 325//325 329//329
usemtl field_material_07
f 331//331 332//332 330//330
f 333//333 334//334 332//332
f 334//334 337//337 336//336
f 336//336 339//339 338//338
f 339//339 340//340 338//338
f 341//341 342//342 340//340
f 343//343 344//344 342//342
f 344//344 347//347 346//346
f 346//346 347//347 348//348
usemtl field_material_05
f 352//352 351//351 349//349
f 351//351 354//354 353//353
f 350//350 354//354 352//352
f 350//350 349//349 353//353
usemtl field_material_07
f 355//355 358//358 357//357
f 357//357 360//360 359//359
f 360//360 361//361 359//359
f 362//362 363//363 361//361
f 364//364 365//365 363//363
f 365//365 368//368 367//367
f 368//368 369//369 367//367
f 369//369 372//372 371//371
usemtl field_material_05
f 375//375 374//374 376//376
f 374//374 377//377 376//376
f 378//378 381//381 380//380
f 381//381 382//382 380//380
f 383//383 384//384 382//382
f 385//385 386//386 384//384
f 387//387 385//385 383//383
f 387//387 388//388 386//386
f 388//388 379//379 378//378
f 384//384 386//386 388//388
usemtl field_material_07
f 391//391 392//392 390//390
f 393//393 394//394 392//392
f 395//395 396//396 394//394
f 396//396 399//399 398//398
f 398//398 401//401 400//400
f 401//401 402//402 400//400
f 403//403 404//404 402//402
f 404//404 407//407 406//406
usemtl field_material_05
f 410//410 411//411 409//409
f 411//411 413//413 412//412
f 414//414 409//409 412//412
f 409//409 411//411 412//412
usemtl field_material_07
f 416//416 417//417 415//415
f 418//418 419//419 417//417
f 420//420 421//421 419//419
f 422//422 423//423 421//421
f 423//423 426//426 425//425
f 426//426 427//427 425//425
f 428//428 429//429 427//427
f 429//429 432//432 431//431
usemtl field_material_05
f 435//435 434//434 438//438
f 434//434 437//437 436//436
f 439//439 438//438 436//436
usemtl field_material_07
f 440//440 443//443 442//442
f 442//442 445//445 444//444
f 445//445 446//446 444//444
f 447//447 448//448 446//446
f 449//449 450//450 448//448
f 451//451 452//452 450//450
f 453//453 454//454 452//452
f 455//455 456//456 454//454
f 456//456 457//457 458//458
usemtl field_material_05
f 460//460 459//459 463//463
f 459//459 462//462 461//461
f 460//460 464//464 462//462
f 461//461 464//464 463//463
f 466//466 467//467 465//465
f 468//468 469//469 467//467
f 470//470 471//471 469//469
f 471//471 474//474 473//473
f 474//474 472//472 470//470
f 473//473 476//476 475//475
f 476//476 465//465 475//475
f 471//471 473//473 475//475
usemtl field_material_17
f 477//477 480//480 479//479
f 480//480 481//481 479//479
f 482//482 483//483 481//481
f 484//484 485//485 483//483
f 486//486 487//487 485//485
f 487//487 490//490 489//489
f 489//489 492//492 491//491
f 492//492 493//493 491//491
f 493//493 494//494 495//495
usemtl field_material_05
f 497//497 498//498 496//496
f 500//500 499//499 498//498
f 499//499 497//497 496//496
usemtl field_material_17
f 501//501 504//504 503//503
f 503//503 506//506 505//505
f 506//506 507//507 505//505
f 508//508 509//509 507//507
f 509//509 512//512 511//511
f 511//511 514//514 513//513
f 514//514 515//515 513//513
f 516//516 517//517 515//515
usemtl field_material_05
f 520//520 522//522 521//521
f 524//524 523//523 521//521
f 522//522 525//525 524//524
f 525//525 520//520 523//523
usemtl field_material_17
f 527//527 528//528 526//526
f 528//528 531//531 530//530
f 530//530 533//533 532//532
f 533//533 534//534 532//532
f 534//534 537//537 536//536
f 537//537 538//538 536//536
f 538//538 541//541 540//540
f 540//540 543//543 542//542
f 542//542 543//543 544//544
usemtl field_material_05
f 546//546 545//545 549//549
f 547//547 548//548 545//545
f 548//548 550//550 549//549
f 545//545 548//548 549//549
f 551//551 554//554 553//553
f 554//554 555//555 553//553
f 555//555 558//558 557//557
f 558//558 559//559 557//557
f 558//558 556//556 552//552
f 560//560 561//561 559//559
f 561//561 552//552 551//551
f 557//557 559//559 561//561
usemtl field_material_15
f 563//563 564//564 565//565
f 563//563 565//565 566//566
f 563//563 566//566 567//567
f 563//563 567//567 568//568
f 563//563 568//568 569//569
f 563//563 569//569 564//564
f 564//564 570//570 565//565
f 572//572 566//566 565//565
f 566//566 573//573 567//567
f 581//581 568//568 567//567
f 568//568 583//583 569//569
f 584//584 564//564 569//569
f 579//579 574//574 573//573
f 580//580 581//581 574//574
f 582//582 583//583 575//575
f 576//576 577//577 570//570
f 577//577 587//587 571//571
f 588//588 578//578 571//571
f 578//578 592//592 572//572
f 572//572 593//593 573//573
f 593//593 579//579 573//573
f 595//595 580//580 579//579
f 580//580 597//597 581//581
f 581//581 597//597 582//582
f 598//598 599//599 582//582
f 600//600 584//584 583//583
f 601//601 576//576 584//584
f 585//585 577//577 576//576
f 602//602 586//586 585//585
f 603//603 593//593 592//592
f 594//594 604//604 595//595
f 604//604 596//596 595//595
f 597//597 608//608 598//598
f 609//609 599//599 598//598
f 609//609 600//600 599//599
f 600//600 610//610 601//601
f 601//601 612//612 585//585
f 602//602 613//613 586//586
f 586//586 613//613 587//587
f 613//613 588//588 587//587
f 588//588 615//615 589//589
f 615//615 590//590 589//589
f 590//590 616//616 591//591
f 616//616 603//603 591//591
f 618//618 593//593 603//603
f 593//593 619//619 594//594
f 619//619 604//604 594//594
f 620//620 605//605 604//604
f 606//606 621//621 597//597
f 621//621 607//607 597//597
f 608//608 622//622 609//609
f 609//609 624//624 600//600
f 624//624 610//610 600//600
f 628//628 607//607 621//621
f 629//629 622//622 608//608
f 625//625 631//631 613//613
f 631//631 614//614 613//613
f 632//632 615//615 614//614
f 633//633 616//616 615//615
f 634//634 626//626 616//616
f 626//626 635//635 617//617
f 617//617 636//636 618//618
f 637//637 619//619 618//618
f 638//638 620//620 619//619
f 639//639 627//627 620//620
f 640//640 606//606 605//605
f 641//641 628//628 606//606
f 628//628 642//642 607//607
f 642//642 629//629 607//607
f 629//629 643//643 622//622
f 643//643 623//623 622//622
f 644//644 624//624 623//623
f 645//645 610//610 624//624
f 610//610 647//647 611//611
f 611//611 647//647 612//612
f 612//612 630//630 602//602
f 648//648 630//630 647//647
f 649//649 625//625 630//630
f 650//650 633//633 632//632
f 651//651 634//634 633//633
f 653//653 637//637 636//636
f 639//639 655//655 627//627
f 646//646 658//658 647//647
f 658//658 648//648 647//647
f 649//649 659//659 625//625
f 659//659 631//631 625//625
f 661//661 635//635 626//626
f 662//662 653//653 635//635
f 638//638 663//663 639//639
f 664//664 656//656 640//640
f 656//656 665//665 628//628
f 665//665 642//642 628//628
f 666//666 629//629 642//642
f 668//668 645//645 644//644
f 660//660 671//671 650//650
f 650//650 672//672 651//651
f 662//662 673//673 653//653
f 654//654 674//674 638//638
f 674//674 663//663 638//638
f 668//668 675//675 645//645
f 675//675 669//669 645//645
f 669//669 676//676 658//658
f 676//676 670//670 658//658
f 677//677 659//659 649//649
f 677//677 660//660 659//659
f 678//678 671//671 660//660
f 678//678 672//672 671//671
f 672//672 679//679 652//652
f 652//652 680//680 661//661
f 680//680 662//662 661//661
f 680//680 673//673 662//662
f 681//681 654//654 673//673
f 654//654 681//681 674//674
f 681//681 663//663 674//674
f 663//663 682//682 655//655
f 682//682 664//664 655//655
f 683//683 656//656 664//664
f 656//656 684//684 665//665
f 684//684 666//666 665//665
f 666//666 684//684 667//667
f 667//667 685//685 657//657
f 685//685 668//668 657//657
f 685//685 675//675 668//668
f 686//686 669//669 675//675
f 669//669 687//687 676//676
f 676//676 687//687 670//670
f 670//670 677//677 649//649
f 677//677 688//688 678//678
f 678//678 688//688 679//679
f 679//679 688//688 680//680
f 680//680 688//688 681//681
f 681//681 688//688 682//682
f 682//682 688//688 683//683
f 683//683 688//688 684//684
f 684//684 688//688 685//685
f 685//685 688//688 686//686
f 686//686 688//688 687//687
f 687//687 688//688 677//677
usemtl field_material_05
f 702//702 690//690 692//692
f 689//689 691//691 690//690
f 691//691 695//695 692//692
f 691//691 693//693 694//694
f 692//692 695//695 698//698
f 693//693 697//697 694//694
f 695//695 697//697 698//698
f 693//693 689//689 696//696
f 696//696 699//699 697//697
f 692//692 698//698 702//702
f 699//699 700//700 701//701
f 699//699 702//702 698//698
f 696//696 689//689 700//700
f 701//701 700//700 690//690
f 718//718 704//704 705//705
f 705//705 706//706 709//709
f 703//703 706//706 704//704
f 706//706 707//707 708//708
f 708//708 711//711 709//709
f 707//707 703//703 710//710
f 705//705 709//709 711//711
f 705//705 711//711 714//714
f 711//711 713//713 714//714
f 710//710 703//703 712//712
f 712//712 715//715 713//713
f 705//705 714//714 718//718
f 715//715 716//716 717//717
f 715//715 718//718 714//714
f 712//712 703//703 716//716
f 717//717 716//716 704//704
f 732//732 721//721 720//720
f 720//720 721//721 724//724
f 732//732 719//719 722//722
f 726//726 720//720 724//724
f 722//722 723//723 721//721
f 723//723 726//726 724//724
f 722//722 719//719 725//725
f 723//723 725//725 727//727
f 727//727 728//728 726//726
f 725//725 729//729 727//727
f 726//726 728//728 731//731
f 719//719 730//730 729//729
f 728//728 730//730 731//731
f 730//730 732//732 733//733
f 726//726 731//731 720//720
f 733//733 732//732 720//720
f 733//733 720//720 731//731
f 735//735 737//737 736//736
f 748//748 737//737 738//738
f 738//738 739//739 742//742
f 735//735 734//734 740//740
f 735//735 739//739 737//737
f 739//739 740//740 741//741
f 741//741 743//743 744//744
f 741//741 744//744 742//742
f 740//740 734//734 743//743
f 738//738 742//742 744//744
f 738//738 744//744 746//746
f 743//743 745//745 744//744
f 744//744 745//745 746//746
f 743//743 747//747 745//745
f 738//738 746//746 748//748
f 747//747 734//734 736//736
f 747//747 748//748 746//746
f 750//750 752//752 751//751
f 763//763 752//752 753//753
f 753//753 754//754 756//756
f 750//750 754//754 752//752
f 754//754 749//749 755//755
f 755//755 757//757 758//758
f 755//755 758//758 756//756
f 753//753 756//756 758//758
f 753//753 758//758 760//760
f 757//757 759//759 758//758
f 758//758 759//759 760//760
f 757//757 762//762 759//759
f 757//757 749//749 761//761
f 753//753 760//760 763//763
f 762//762 761//761 751//751
f 762//762 763//763 760//760
f 761//761 749//749 750//750
usemtl field_material_29
f 765//765 764//764 766//766
f 766//766 768//768 767//767
f 767//767 768//768 770//770
f 764//764 770//770 768//768
f 769//769 771//771 770//770
f 769//769 764//764 765//765
f 767//767 770//770 771//771
f 771//771 765//765 767//767
f 778//778 772//772 773//773
f 773//773 775//775 774//774
f 777//777 774//774 775//775
f 776//776 779//779 777//777
f 776//776 772//772 778//778
f 777//777 779//779 774//774
f 778//778 774//774 779//779
f 785//785 781//781 783//783
f 782//782 783//783 781//781
f 782//782 780//780 784//784
f 783//783 784//784 785//785
f 784//784 780//780 786//786
f 786//786 787//787 785//785
f 785//785 787//787 781//781
f 780//780 781//781 787//787
f 789//789 791//791 790//790
f 789//789 788//788 792//792
f 794//794 790//790 791//791
f 791//791 792//792 794//794
f 792//792 788//788 793//793
f 793//793 795//795 794//794
f 794//794 795//795 790//790
f 788//788 790//790 795//795
f 801//801 797//797 799//799
f 798//798 799//799 797//797
f 798//798 796//796 800//800
f 799//799 800//800 801//801
f 800//800 796//796 802//802
f 802//802 803//803 801//801
f 801//801 803//803 797//797
f 796//796 797//797 803//803
f 805//805 804//804 806//806
f 806//806 808//808 807//807
f 810//810 807//807 808//808
f 809//809 811//811 810//810
f 809//809 804//804 805//805
f 810//810 811//811 807//807
f 811//811 805//805 807//807
f 817//817 813//813 815//815
f 814//814 815//815 813//813
f 814//814 812//812 816//816
f 815//815 816//816 817//817
f 816//816 812//812 818//818
f 818//818 819//819 817//817
f 817//817 819//819 813//813
f 812//812 813//813 819//819
f 822//822 824//824 823//823
f 822//822 820//820 825//825
f 824//824 825//825 827//827
f 823//823 824//824 827//827
f 825//825 820//820 826//826
f 826//826 821//821 827//827
f 823//823 827//827 821//821
f 829//829 828//828 831//831
f 831//831 832//832 830//830
f 830//830 832//832 833//833
f 828//828 833//833 832//832
f 834//834 828//828 829//829
f 830//830 833//833 835//835
f 834//834 835//835 833//833
f 835//835 829//829 830//830
f 837//837 836//836 838//838
f 838//838 840//840 839//839
f 839//839 840//840 842//842
f 836//836 842//842 840//840
f 841//841 843//843 842//842
f 841//841 836//836 837//837
f 839//839 842//842 843//843
f 843//843 837//837 839//839
f 849//849 845//845 847//847
f 846//846 847//847 845//845
f 846//846 844//844 848//848
f 847//847 848//848 849//849
f 848//848 844//844 850//850
f 850//850 851//851 849//849
f 849//849 851//851 845//845
f 844//844 845//845 851//851
f 853//853 855//855 854//854
f 853//853 852//852 856//856
f 854//854 855//855 858//858
f 856//856 858//858 855//855
f 856//856 852//852 857//857
f 857//857 859//859 858//858
f 854//854 858//858 859//859
f 852//852 853//853 859//859
f 859//859 853//853 854//854
f 862//862 863//863 861//861
f 862//862 860//860 864//864
f 865//865 861//861 863//863
f 863//863 864//864 865//865
f 864//864 860//860 866//866
f 866//866 867//867 865//865
f 865//865 867//867 861//861
f 860//860 861//861 867//867
f 869//869 868//868 870//870
f 870//870 872//872 871//871
f 871//871 872//872 874//874
f 868//868 874//874 872//872
f 873//873 875//875 874//874
f 873//873 868//868 869//869
f 871//871 874//874 875//875
f 875//875 869//869 871//871
usemtl field_material_05
f 876//876 879//879 878//878
f 878//878 881//881 880//880
f 881//881 882//882 880//880
f 883//883 884//884 882//882
f 877//877 885//885 881//881
f 884//884 887//887 886//886
f 886//886 877//877 876//876
f 884//884 886//886 878//878
usemtl field_material_09
f 888//888 889//889 890//890
f 888//888 890//890 891//891
f 888//888 891//891 892//892
f 888//888 892//892 893//893
f 888//888 893//893 894//894
f 888//888 894//894 889//889
f 889//889 896//896 890//890
f 890//890 898//898 891//891
f 899//899 892//892 891//891
f 892//892 900//900 893//893
f 893//893 902//902 894//894
f 894//894 903//903 889//889
f 904//904 896//896 895//895
f 905//905 898//898 897//897
f 908//908 901//901 900//900
f 909//909 903//903 902//902
f 910//910 895//895 903//903
f 911//911 904//904 910//910
f 904//904 912//912 896//896
f 913//913 897//897 896//896
f 897//897 914//914 905//905
f 915//915 906//906 905//905
f 906//906 917//917 907//907
f 907//907 918//918 899//899
f 919//919 908//908 899//899
f 908//908 920//920 901//901
f 921//921 902//902 901//901
f 922//922 909//909 902//902
f 923//923 910//910 909//909
f 912//912 928//928 913//913
f 928//928 914//914 913//913
f 914//914 929//929 915//915
f 930//930 916//916 915//915
f 932//932 917//917 916//916
f 918//918 935//935 919//919
f 919//919 937//937 920//920
f 937//937 921//921 920//920
f 921//921 938//938 922//922
f 939//939 923//923 922//922
f 940//940 911//911 924//924
f 926//926 941//941 912//912
f 941//941 927//927 912//912
f 928//928 943//943 914//914
f 943//943 929//929 914//914
f 933//933 934//934 918//918
f 936//936 944//944 937//937
f 937//937 945//945 921//921
f 945//945 938//938 921//921
f 939//939 946//946 923//923
f 946//946 940//940 923//923
f 947//947 925//925 940//940
f 949//949 942//942 927//927
f 953//953 944//944 936//936
f 926//926 955//955 941//941
f 955//955 949//949 941//941
f 949//949 956//956 942//942
f 957//957 943//943 942//942
f 958//958 929//929 943//943
f 959//959 950//950 929//929
f 960//960 932//932 931//931
f 961//961 933//933 932//932
f 962//962 951//951 933//933
f 952//952 963//963 935//935
f 963//963 953//953 935//935
f 953//953 964//964 944//944
f 944//944 966//966 945//945
f 966//966 938//938 945//945
f 967//967 939//939 938//938
f 968//968 946//946 939//939
f 946//946 969//969 947//947
f 970//970 948//948 947//947
f 967//967 971//971 968//968
f 949//949 973//973 956//956
f 956//956 974//974 957//957
f 974//974 958//958 957//957
f 975//975 963//963 952//952
f 976//976 964//964 953//953
f 965//965 978//978 966//966
f 978//978 967//967 966//966
f 979//979 969//969 968//968
f 980//980 970//970 969//969
f 982//982 954//954 948//948
f 974//974 984//984 958//958
f 984//984 959//959 958//958
f 985//985 960//960 950//950
f 960//960 987//987 961//961
f 987//987 962//962 961//961
f 989//989 976//976 963//963
f 990//990 978//978 965//965
f 991//991 971//971 967//967
f 982//982 993//993 954//954
f 994//994 984//984 974//974
f 984//984 995//995 959//959
f 995//995 985//985 959//959
f 987//987 996//996 962//962
f 996//996 988//988 962//962
f 988//988 997//997 975//975
f 997//997 989//989 975//975
f 989//989 998//998 976//976
f 998//998 977//977 976//976
f 999//999 991//991 978//978
f 1000//1000 993//993 982//982
f 1000//1000 983//983 993//993
f 1001//1001 972//972 983//983
f 1001//1001 973//973 972//972
f 1002//1002 994//994 973//973
f 1002//1002 984//984 994//994
f 984//984 1003//1003 995//995
f 995//995 1004//1004 985//985
f 985//985 1004//1004 986//986
f 986//986 1005//1005 987//987
f 987//987 1005//1005 996//996
f 1005//1005 988//988 996//996
f 1006//1006 997//997 988//988
f 1006//1006 989//989 997//997
f 1006//1006 998//998 989//989
f 1007//1007 977//977 998//998
f 1007//1007 990//990 977//977
f 1008//1008 999//999 990//990
f 999//999 1008//1008 991//991
f 991//991 1009//1009 992//992
f 992//992 1009//1009 979//979
f 979//979 1010//1010 980//980
f 980//980 1010//1010 981//981
f 1010//1010 982//982 981//981
f 1000//1000 1011//1011 1001//1001
f 1001//1001 1011//1011 1002//1002
f 1002//1002 1011//1011 1003//1003
f 1003//1003 1011//1011 1004//1004
f 1004//1004 1011//1011 1005//1005
f 1005//1005 1011//1011 1006//1006
f 1006//1006 1011//1011 1007//1007
f 1007//1007 1011//1011 1008//1008
f 1008//1008 1011//1011 1009//1009
f 1009//1009 1011//1011 1010//1010
f 1010//1010 1011//1011 1000//1000
usemtl field_material_05
f 1015//1015 1016//1016 1019//1019
f 1014//1014 1012//1012 1017//1017
f 1014//1014 1016//1016 1013//1013
f 1016//1016 1017//1017 1018//1018
f 1018//1018 1022//1022 1019//1019
f 1017//1017 1012//1012 1020//1020
f 1020//1020 1021//1021 1018//1018
f 1020//1020 1023//1023 1021//1021
f 1022//1022 1023//1023 1024//1024
f 1019//1019 1022//1022 1024//1024
f 1023//1023 1012//1012 1025//1025
f 1019//1019 1024//1024 1015//1015
f 1025//1025 1014//1014 1013//1013
f 1025//1025 1015//1015 1024//1024
f 1028//1028 1029//1029 1032//1032
f 1027//1027 1026//1026 1030//1030
f 1037//1037 1028//1028 1032//1032
f 1027//1027 1029//1029 1028//1028
f 1030//1030 1031//1031 1029//1029
f 1031//1031 1035//1035 1032//1032
f 1030//1030 1026//1026 1034//1034
f 1037//1037 1032//1032 1035//1035
f 1031//1031 1034//1034 1033//1033
f 1035//1035 1036//1036 1037//1037
f 1034//1034 1036//1036 1033//1033
f 1037//1037 1039//1039 1041//1041
f 1026//1026 1039//1039 1036//1036
f 1039//1039 1038//1038 1040//1040
f 1037//1037 1041//1041 1028//1028
f 1040//1040 1027//1027 1028//1028
f 1040//1040 1028//1028 1041//1041
f 1038//1038 1026//1026 1027//1027
f 1044//1044 1043//1043 1046//1046
f 1054//1054 1044//1044 1046//1046
f 1045//1045 1042//1042 1048//1048
f 1045//1045 1047//1047 1043//1043
f 1047//1047 1051//1051 1046//1046
f 1054//1054 1046//1046 1051//1051
f 1047//1047 1048//1048 1049//1049
f 1048//1048 1042//1042 1052//1052
f 1049//1049 1052//1052 1050//1050
f 1051//1051 1050//1050 1054//1054
f 1052//1052 1053//1053 1050//1050
f 1053//1053 1044//1044 1054//1054
f 1053//1053 1042//1042 1055//1055
f 1055//1055 1045//1045 1043//1043
f 1057//1057 1056//1056 1058//1058
f 1070//1070 1060//1060 1062//1062
f 1058//1058 1061//1061 1059//1059
f 1060//1060 1061//1061 1062//1062
f 1061//1061 1056//1056 1063//1063
f 1063//1063 1066//1066 1062//1062
f 1070//1070 1062//1062 1066//1066
f 1063//1063 1065//1065 1064//1064
f 1066//1066 1067//1067 1070//1070
f 1065//1065 1056//1056 1068//1068
f 1065//1065 1067//1067 1064//1064
f 1067//1067 1068//1068 1069//1069
f 1069//1069 1060//1060 1070//1070
f 1068//1068 1056//1056 1057//1057
f 1073//1073 1074//1074 1085//1085
f 1072//1072 1074//1074 1075//1075
f 1073//1073 1077//1077 1074//1074
f 1073//1073 1071//1071 1076//1076
f 1077//1077 1076//1076 1078//1078
f 1077//1077 1079//1079 1075//1075
f 1076//1076 1071//1071 1080//1080
f 1079//1079 1081//1081 1084//1084
f 1080//1080 1071//1071 1082//1082
f 1075//1075 1079//1079 1084//1084
f 1082//1082 1083//1083 1081//1081
f 1083//1083 1072//1072 1084//1084
f 1075//1075 1084//1084 1072//1072
f 1083//1083 1071//1071 1085//1085
usemtl field_material_29
f 1088//1088 1089//1089 1087//1087
f 1089//1089 1090//1090 1091//1091
f 1088//1088 1086//1086 1090//1090
f 1089//1089 1091//1091 1092//1092
f 1090//1090 1092//1092 1091//1091
f 1089//1089 1092//1092 1087//1087
f 1086//1086 1087//1087 1092//1092
f 1094//1094 1096//1096 1095//1095
f 1094//1094 1093//1093 1097//1097
f 1099//1099 1095//1095 1096//1096
f 1096//1096 1097//1097 1099//1099
f 1097//1097 1093//1093 1098//1098
f 1098//1098 1100//1100 1099//1099
f 1099//1099 1100//1100 1095//1095
f 1093//1093 1095//1095 1100//1100
f 1102//1102 1101//1101 1104//1104
f 1104//1104 1105//1105 1103//1103
f 1103//1103 1105//1105 1106//1106
f 1101//1101 1106//1106 1105//1105
f 1103//1103 1106//1106 1108//1108
f 1107//1107 1108//1108 1106//1106
f 1107//1107 1101//1101 1102//1102
f 1108//1108 1102//1102 1103//1103
f 1110//1110 1112//1112 1111//1111
f 1110//1110 1109//1109 1113//1113
f 1115//1115 1111//1111 1112//1112
f 1112//1112 1113//1113 1115//1115
f 1113//1113 1109//1109 1114//1114
f 1114//1114 1116//1116 1115//1115
f 1109//1109 1111//1111 1116//1116
f 1115//1115 1116//1116 1111//1111
f 1122//1122 1118//1118 1120//1120
f 1119//1119 1120//1120 1118//1118
f 1119//1119 1117//1117 1121//1121
f 1120//1120 1121//1121 1122//1122
f 1121//1121 1117//1117 1123//1123
f 1123//1123 1124//1124 1122//1122
f 1122//1122 1124//1124 1118//1118
f 1117//1117 1118//1118 1124//1124
f 1126//1126 1125//1125 1127//1127
f 1127//1127 1129//1129 1128//1128
f 1128//1128 1129//1129 1131//1131
f 1125//1125 1131//1131 1129//1129
f 1130//1130 1132//1132 1131//1131
f 1130//1130 1125//1125 1126//1126
f 1128//1128 1131//1131 1132//1132
f 1132//1132 1126//1126 1128//1128
f 1134//1134 1133//1133 1136//1136
f 1136//1136 1137//1137 1135//1135
f 1135//1135 1137//1137 1138//1138
f 1133//1133 1138//1138 1137//1137
f 1135//1135 1138//1138 1140//1140
f 1139//1139 1140//1140 1138//1138
f 1139//1139 1133//1133 1134//1134
f 1140//1140 1134//1134 1135//1135
f 1147//1147 1143//1143 1142//1142
f 1146//1146 1142//1142 1144//1144
f 1142//1142 1143//1143 1144//1144
f 1143//1143 1141//1141 1145//1145
f 1145//1145 1147//1147 1146//1146
f 1146//1146 1147//1147 1142//1142
f 1150//1150 1151//1151 1149//1149
f 1151//1151 1152//1152 1153//1153
f 1150//1150 1148//1148 1152//1152
f 1151//1151 1153//1153 1154//1154
f 1152//1152 1154//1154 1153//1153
f 1151//1151 1154//1154 1149//1149
f 1148//1148 1149//1149 1154//1154
f 1161//1161 1157//1157 1156//1156
f 1160//1160 1156//1156 1158//1158
f 1156//1156 1157//1157 1158//1158
f 1157//1157 1155//1155 1159//1159
f 1159//1159 1161//1161 1160//1160
f 1160//1160 1161//1161 1156//1156
f 1167//1167 1163//1163 1165//1165
f 1164//1164 1165//1165 1163//1163
f 1164//1164 1162//1162 1166//1166
f 1165//1165 1166//1166 1167//1167
f 1166//1166 1162//1162 1168//1168
f 1168//1168 1169//1169 1167//1167
f 1167//1167 1169//1169 1163//1163
f 1162//1162 1163//1163 1169//1169
f 1171//1171 1173//1173 1172//1172
f 1177//1177 1172//1172 1173//1173
f 1171//1171 1170//1170 1173//1173
f 1173//1173 1174//1174 1175//1175
f 1177//1177 1173//1173 1175//1175
f 1170//1170 1174//1174 1173//1173
f 1174//1174 1176//1176 1175//1175
f 1174//1174 1170//1170 1176//1176
f 1176//1176 1170//1170 1171//1171
f 1179//1179 1178//1178 1180//1180
f 1184//1184 1180//1180 1181//1181
f 1180//1180 1178//1178 1181//1181
f 1184//1184 1181//1181 1182//1182
f 1178//1178 1182//1182 1181//1181
f 1183//1183 1178//1178 1179//1179
f 1183//1183 1184//1184 1182//1182
f 1184//1184 1179//1179 1180//1180
f 1186//1186 1188//1188 1187//1187
f 1191//1191 1187//1187 1189//1189
f 1187//1187 1188//1188 1189//1189
f 1188//1188 1185//1185 1190//1190
f 1190//1190 1186//1186 1191//1191
f 1191//1191 1186//1186 1187//1187
usemtl field_material_05
f 1193//1193 1194//1194 1192//1192
f 1195//1195 1196//1196 1194//1194
f 1197//1197 1198//1198 1196//1196
f 1198//1198 1201//1201 1200//1200
f 1193//1193 1201//1201 1197//1197
f 1200//1200 1203//1203 1202//1202
f 1202//1202 1193//1193 1192//1192
f 1198//1198 1200//1200 1202//1202
usemtl field_material_09
f 1204//1204 1205//1205 1206//1206
f 1204//1204 1206//1206 1207//1207
f 1204//1204 1207//1207 1208//1208
f 1204//1204 1208//1208 1209//1209
f 1204//1204 1209//1209 1210//1210
f 1204//1204 1210//1210 1211//1211
f 1204//1204 1211//1211 1205//1205
f 1205//1205 1212//1212 1206//1206
f 1206//1206 1214//1214 1207//1207
f 1215//1215 1208//1208 1207//1207
f 1208//1208 1216//1216 1209//1209
f 1209//1209 1217//1217 1210//1210
f 1210//1210 1220//1220 1211//1211
f 1211//1211 1221//1221 1205//1205
f 1224//1224 1214//1214 1213//1213
f 1226//1226 1216//1216 1215//1215
f 1227//1227 1217//1217 1216//1216
f 1228//1228 1218//1218 1217//1217
f 1229//1229 1219//1219 1218//1218
f 1222//1222 1223//1223 1221//1221
f 1222//1222 1232//1232 1223//1223
f 1232//1232 1212//1212 1223//1223
f 1233//1233 1224//1224 1212//1212
f 1224//1224 1235//1235 1214//1214
f 1235//1235 1225//1225 1214//1214
f 1225//1225 1237//1237 1226//1226
f 1237//1237 1227//1227 1226//1226
f 1238//1238 1228//1228 1227//1227
f 1240//1240 1229//1229 1228//1228
f 1229//1229 1242//1242 1219//1219
f 1243//1243 1230//1230 1219//1219
f 1244//1244 1221//1221 1230//1230
f 1221//1221 1231//1231 1222//1222
f 1245//1245 1232//1232 1231//1231
f 1232//1232 1246//1246 1233//1233
f 1233//1233 1247//1247 1234//1234
f 1234//1234 1249//1249 1235//1235
f 1235//1235 1251//1251 1236//1236
f 1251//1251 1237//1237 1236//1236
f 1237//1237 1253//1253 1238//1238
f 1253//1253 1239//1239 1238//1238
f 1255//1255 1242//1242 1241//1241
f 1257//1257 1244//1244 1243//1243
f 1258//1258 1231//1231 1244//1244
f 1245//1245 1259//1259 1232//1232
f 1259//1259 1246//1246 1232//1232
f 1260//1260 1247//1247 1246//1246
f 1250//1250 1261//1261 1251//1251
f 1262//1262 1252//1252 1251//1251
f 1263//1263 1253//1253 1252//1252
f 1253//1253 1265//1265 1239//1239
f 1265//1265 1240//1240 1239//1239
f 1266//1266 1254//1254 1240//1240
f 1267//1267 1256//1256 1242//1242
f 1268//1268 1258//1258 1257//1257
f 1270//1270 1245//1245 1258//1258
f 1278//1278 1259//1259 1245//1245
f 1279//1279 1260//1260 1259//1259
f 1279//1279 1271//1271 1260//1260
f 1280//1280 1272//1272 1247//1247
f 1272//1272 1281//1281 1249//1249
f 1281//1281 1250//1250 1249//1249
f 1282//1282 1273//1273 1250//1250
f 1283//1283 1274//1274 1262//1262
f 1274//1274 1284//1284 1263//1263
f 1263//1263 1285//1285 1264//1264
f 1285//1285 1265//1265 1264//1264
f 1286//1286 1275//1275 1265//1265
f 1275//1275 1287//1287 1266//1266
f 1266//1266 1288//1288 1254//1254
f 1288//1288 1255//1255 1254//1254
f 1289//1289 1267//1267 1255//1255
f 1290//1290 1256//1256 1267//1267
f 1290//1290 1276//1276 1256//1256
f 1277//1277 1291//1291 1269//1269
f 1291//1291 1270//1270 1269//1269
f 1292//1292 1245//1245 1270//1270
f 1278//1278 1293//1293 1279//1279
f 1295//1295 1276//1276 1290//1290
f 1296//1296 1293//1293 1278//1278
f 1293//1293 1297//1297 1279//1279
f 1298//1298 1281//1281 1272//1272
f 1299//1299 1282//1282 1281//1281
f 1301//1301 1274//1274 1283//1283
f 1302//1302 1285//1285 1284//1284
f 1275//1275 1303//1303 1287//1287
f 1303//1303 1288//1288 1287//1287
f 1304//1304 1289//1289 1288//1288
f 1305//1305 1294//1294 1289//1289
f 1295//1295 1306//1306 1276//1276
f 1306//1306 1277//1277 1276//1276
f 1307//1307 1291//1291 1277//1277
f 1308//1308 1292//1292 1291//1291
f 1310//1310 1280//1280 1271//1271
f 1311//1311 1298//1298 1280//1280
f 1314//1314 1286//1286 1285//1285
f 1315//1315 1275//1275 1286//1286
f 1294//1294 1318//1318 1295//1295
f 1320//1320 1309//1309 1296//1296
f 1309//1309 1321//1321 1297//1297
f 1321//1321 1310//1310 1297//1297
f 1311//1311 1322//1322 1298//1298
f 1298//1298 1323//1323 1299//1299
f 1323//1323 1300//1300 1299//1299
f 1324//1324 1312//1312 1300//1300
f 1325//1325 1313//1313 1301//1301
f 1326//1326 1314//1314 1302//1302
f 1316//1316 1327//1327 1303//1303
f 1303//1303 1328//1328 1304//1304
f 1328//1328 1305//1305 1304//1304
f 1329//1329 1317//1317 1305//1305
f 1318//1318 1330//1330 1306//1306
f 1330//1330 1307//1307 1306//1306
f 1331//1331 1308//1308 1307//1307
f 1332//1332 1319//1319 1308//1308
f 1333//1333 1309//1309 1320//1320
f 1333//1333 1321//1321 1309//1309
f 1333//1333 1310//1310 1321//1321
f 1334//1334 1311//1311 1310//1310
f 1311//1311 1335//1335 1322//1322
f 1335//1335 1323//1323 1322//1322
f 1335//1335 1324//1324 1323//1323
f 1324//1324 1336//1336 1312//1312
f 1336//1336 1325//1325 1312//1312
f 1336//1336 1313//1313 1325//1325
f 1336//1336 1326//1326 1313//1313
f 1337//1337 1314//1314 1326//1326
f 1314//1314 1338//1338 1315//1315
f 1315//1315 1338//1338 1316//1316
f 1338//1338 1327//1327 1316//1316
f 1327//1327 1339//1339 1328//1328
f 1328//1328 1340//1340 1329//1329
f 1329//1329 1340//1340 1317//1317
f 1317//1317 1340//1340 1318//1318
f 1340//1340 1330//1330 1318//1318
f 1341//1341 1331//1331 1330//1330
f 1341//1341 1332//1332 1331//1331
f 1342//1342 1319//1319 1332//1332
f 1342//1342 1320//1320 1319//1319
f 1333//1333 1343//1343 1334//1334
f 1334//1334 1343//1343 1335//1335
f 1335//1335 1343//1343 1336//1336
f 1336//1336 1343//1343 1337//1337
f 1337//1337 1343//1343 1338//1338
f 1338//1338 1343//1343 1339//1339
f 1339//1339 1343//1343 1340//1340
f 1340//1340 1343//1343 1341//1341
f 1341//1341 1343//1343 1342//1342
f 1342//1342 1343//1343 1333//1333
usemtl field_material_05
f 1346//1346 1347//1347 1348//1348
f 1359//1359 1344//1344 1349//1349
f 1359//1359 1347//1347 1345//1345
f 1349//1349 1350//1350 1347//1347
f 1348//1348 1350//1350 1352//1352
f 1349//1349 1344//1344 1353//1353
f 1350//1350 1353//1353 1351//1351
f 1351//1351 1354//1354 1352//1352
f 1348//1348 1352//1352 1354//1354
f 1351//1351 1353//1353 1354//1354
f 1354//1354 1355//1355 1358//1358
f 1353//1353 1344//1344 1356//1356
f 1348//1348 1354//1354 1358//1358
f 1353//1353 1355//1355 1354//1354
f 1356//1356 1357//1357 1355//1355
f 1357//1357 1346//1346 1358//1358
f 1356//1356 1344//1344 1359//1359
f 1348//1348 1358//1358 1346//1346
f 1357//1357 1359//1359 1360//1360
f 1360//1360 1359//1359 1345//1345
f 1363//1363 1365//1365 1366//1366
f 1375//1375 1363//1363 1366//1366
f 1364//1364 1365//1365 1362//1362
f 1364//1364 1367//1367 1365//1365
f 1364//1364 1361//1361 1368//1368
f 1375//1375 1366//1366 1371//1371
f 1367//1367 1368//1368 1369//1369
f 1367//1367 1371//1371 1366//1366
f 1368//1368 1361//1361 1370//1370
f 1371//1371 1372//1372 1375//1375
f 1370//1370 1361//1361 1373//1373
f 1373//1373 1374//1374 1372//1372
f 1374//1374 1363//1363 1375//1375
f 1374//1374 1361//1361 1376//1376
f 1376//1376 1364//1364 1362//1362
f 1378//1378 1377//1377 1380//1380
f 1389//1389 1379//1379 1382//1382
f 1378//1378 1381//1381 1379//1379
f 1379//1379 1381//1381 1382//1382
f 1380//1380 1383//1383 1381//1381
f 1389//1389 1382//1382 1385//1385
f 1383//1383 1386//1386 1384//1384
f 1383//1383 1385//1385 1382//1382
f 1380//1380 1377//1377 1386//1386
f 1384//1384 1386//1386 1387//1387
f 1385//1385 1388//1388 1389//1389
f 1386//1386 1388//1388 1387//1387
f 1389//1389 1390//1390 1392//1392
f 1377//1377 1390//1390 1388//1388
f 1390//1390 1378//1378 1391//1391
f 1391//1391 1379//1379 1392//1392
f 1389//1389 1392//1392 1379//1379
f 1391//1391 1378//1378 1379//1379
f 1394//1394 1393//1393 1397//1397
f 1396//1396 1395//1395 1400//1400
f 1397//1397 1399//1399 1398//1398
f 1395//1395 1399//1399 1400//1400
f 1399//1399 1393//1393 1401//1401
f 1396//1396 1400//1400 1403//1403
f 1401//1401 1404//1404 1402//1402
f 1401//1401 1403//1403 1400//1400
f 1404//1404 1405//1405 1402//1402
f 1403//1403 1406//1406 1409//1409
f 1404//1404 1393//1393 1407//1407
f 1396//1396 1403//1403 1409//1409
f 1404//1404 1406//1406 1405//1405
f 1406//1406 1407//1407 1408//1408
f 1408//1408 1395//1395 1409//1409
f 1407//1407 1393//1393 1394//1394
f 1396//1396 1409//1409 1395//1395
f 1414//1414 1413//1413 1416//1416
f 1411//1411 1415//1415 1412//1412
f 1413//1413 1415//1415 1416//1416
f 1411//1411 1418//1418 1415//1415
f 1411//1411 1410//1410 1417//1417
f 1414//1414 1416//1416 1420//1420
f 1418//1418 1417//1417 1419//1419
f 1418//1418 1420//1420 1416//1416
f 1417//1417 1410//1410 1421//1421
f 1414//1414 1420//1420 1423//1423
f 1420//1420 1422//1422 1423//1423
f 1421//1421 1410//1410 1424//1424
f 1424//1424 1425//1425 1422//1422
f 1425//1425 1413//1413 1423//1423
f 1414//1414 1423//1423 1413//1413
f 1425//1425 1410//1410 1426//1426
f 1426//1426 1411//1411 1412//1412
usemtl field_material_29
f 1429//1429 1430//1430 1428//1428
f 1429//1429 1427//1427 1431//1431
f 1428//1428 1430//1430 1432//1432
f 1430//1430 1431//1431 1432//1432
f 1431//1431 1427//1427 1433//1433
f 1428//1428 1432//1432 1434//1434
f 1433//1433 1434//1434 1432//1432
f 1427//1427 1429//1429 1434//1434
f 1434//1434 1429//1429 1428//1428
f 1436//1436 1438//1438 1437//1437
f 1436//1436 1435//1435 1439//1439
f 1437//1437 1438//1438 1441//1441
f 1439//1439 1441//1441 1438//1438
f 1439//1439 1435//1435 1440//1440
f 1440//1440 1442//1442 1441//1441
f 1437//1437 1441//1441 1442//1442
f 1445//1445 1447//1447 1446//1446
f 1445//1445 1443//1443 1448//1448
f 1446//1446 1447//1447 1450//1450
f 1448//1448 1450//1450 1447//1447
f 1448//1448 1443//1443 1449//1449
f 1449//1449 1444//1444 1450//1450
f 1446//1446 1450//1450 1444//1444
f 1457//1457 1451//1451 1452//1452
f 1452//1452 1454//1454 1453//1453
f 1456//1456 1453//1453 1454//1454
f 1455//1455 1458//1458 1456//1456
f 1455//1455 1451//1451 1457//1457
f 1456//1456 1458//1458 1453//1453
f 1457//1457 1453//1453 1458//1458
f 1461//1461 1462//1462 1460//1460
f 1461//1461 1459//1459 1463//1463
f 1460//1460 1462//1462 1464//1464
f 1462//1462 1463//1463 1464//1464
f 1463//1463 1459//1459 1465//1465
f 1460//1460 1464//1464 1466//1466
f 1465//1465 1466//1466 1464//1464
f 1459//1459 1461//1461 1466//1466
f 1466//1466 1461//1461 1460//1460
f 1469//1469 1470//1470 1468//1468
f 1469//1469 1467//1467 1471//1471
f 1468//1468 1470//1470 1472//1472
f 1470//1470 1471//1471 1472//1472
f 1471//1471 1467//1467 1473//1473
f 1473//1473 1474//1474 1472//1472
f 1468//1468 1472//1472 1474//1474
f 1474//1474 1469//1469 1468//1468
f 1467//1467 1469//1469 1474//1474
f 1476//1476 1475//1475 1477//1477
f 1481//1481 1478//1478 1479//1479
f 1477//1477 1479//1479 1478//1478
f 1475//1475 1480//1480 1479//1479
f 1479//1479 1480//1480 1481//1481
f 1480//1480 1482//1482 1481//1481
f 1480//1480 1475//1475 1476//1476
f 1482//1482 1476//1476 1478//1478
f 1481//1481 1482//1482 1478//1478
f 1484//1484 1483//1483 1485//1485
f 1485//1485 1487//1487 1486//1486
f 1486//1486 1487//1487 1489//1489
f 1483//1483 1489//1489 1487//1487
f 1488//1488 1490//1490 1489//1489
f 1488//1488 1483//1483 1484//1484
f 1486//1486 1489//1489 1490//1490
f 1490//1490 1484//1484 1486//1486
f 1492//1492 1491//1491 1493//1493
f 1493//1493 1496//1496 1494//1494
f 1493//1493 1491//1491 1495//1495
f 1494//1494 1496//1496 1497//1497
f 1496//1496 1491//1491 1497//1497
f 1497//1497 1492//1492 1494//1494
f 1499//1499 1498//1498 1501//1501
f 1501//1501 1502//1502 1500//1500
f 1500//1500 1502//1502 1503//1503
f 1498//1498 1503//1503 1502//1502
f 1500//1500 1503//1503 1505//1505
f 1504//1504 1505//1505 1503//1503
f 1504//1504 1498//1498 1499//1499
f 1505//1505 1499//1499 1500//1500
f 1507//1507 1506//1506 1509//1509
f 1509//1509 1510//1510 1508//1508
f 1508//1508 1510//1510 1511//1511
f 1506//1506 1511//1511 1510//1510
f 1512//1512 1513//1513 1511//1511
f 1512//1512 1506//1506 1507//1507
f 1508//1508 1511//1511 1513//1513
f 1513//1513 1507//1507 1508//1508
f 1520//1520 1516//1516 1517//1517
f 1515//1515 1517//1517 1516//1516
f 1515//1515 1514//1514 1518//1518
f 1517//1517 1518//1518 1520//1520
f 1518//1518 1514//1514 1519//1519
f 1519//1519 1521//1521 1520//1520
f 1520//1520 1521//1521 1516//1516
f 1514//1514 1516//1516 1521//1521
f 1523//1523 1522//1522 1524//1524
f 1524//1524 1526//1526 1525//1525
f 1528//1528 1525//1525 1526//1526
f 1526//1526 1527//1527 1528//1528
f 1522//1522 1527//1527 1526//1526
f 1527//1527 1529//1529 1528//1528
f 1527//1527 1522//1522 1523//1523
f 1529//1529 1523//1523 1525//1525
f 1528//1528 1529//1529 1525//1525
f 1533//1533 1535//1535 1532//1532
f 1533//1533 1530//1530 1534//1534
f 1534//1534 1536//1536 1535//1535
f 1532//1532 1535//1535 1536//1536
f 1534//1534 1530//1530 1537//1537
f 1532//1532 1536//1536 1531//1531
f 1537//1537 1531//1531 1536//1536
usemtl field_material_05
f 3//3 8//8 9//9
f 5//5 4//4 9//9
f 2//2 7//7 8//8
f 7//7 11//11 12//12
f 8//8 12//12 13//13
f 9//9 13//13 14//14
f 11//11 15//15 16//16
f 12//12 16//16 17//17
f 14//14 13//13 17//17
f 15//15 19//19 20//20
f 16//16 20//20 21//21
f 17//17 21//21 22//22
f 19//19 23//23 24//24
f 20//20 24//24 25//25
f 22//22 21//21 25//25
f 23//23 27//27 28//28
f 24//24 28//28 29//29
f 25//25 29//29 30//30
f 27//27 31//31 32//32
f 28//28 32//32 33//33
f 30//30 29//29 33//33
f 31//31 2//2 3//3
f 32//32 3//3 4//4
f 33//33 4//4 5//5
f 35//35 36//36 38//38
f 38//38 40//40 39//39
f 39//39 40//40 42//42
f 41//41 42//42 44//44
f 40//40 38//38 36//36
f 36//36 46//46 40//40
f 46//46 44//44 40//40
f 43//43 44//44 46//46
f 46//46 36//36 35//35
f 45//45 35//35 37//37
f 37//37 39//39 41//41
f 41//41 43//43 45//45
usemtl field_material_17
f 47//47 48//48 50//50
f 50//50 52//52 51//51
f 52//52 54//54 53//53
f 54//54 56//56 55//55
f 55//55 56//56 58//58
f 58//58 60//60 59//59
f 59//59 60//60 62//62
f 61//61 62//62 64//64
f 64//64 65//65 63//63
usemtl field_material_05
f 66//66 67//67 69//69
f 69//69 71//71 68//68
f 67//67 71//71 69//69
f 71//71 67//67 70//70
usemtl field_material_17
f 73//73 75//75 74//74
f 74//74 75//75 77//77
f 76//76 77//77 79//79
f 78//78 79//79 81//81
f 80//80 81//81 83//83
f 83//83 85//85 84//84
f 84//84 85//85 87//87
f 87//87 89//89 88//88
f 89//89 90//90 88//88
usemtl field_material_05
f 91//91 92//92 94//94
f 94//94 96//96 93//93
f 94//94 92//92 96//96
f 96//96 92//92 95//95
f 91//91 93//93 95//95
usemtl field_material_17
f 97//97 98//98 100//100
f 99//99 100//100 102//102
f 101//101 102//102 104//104
f 104//104 106//106 105//105
f 105//105 106//106 108//108
f 107//107 108//108 110//110
f 109//109 110//110 112//112
f 112//112 114//114 113//113
usemtl field_material_05
f 116//116 117//117 119//119
f 119//119 121//121 118//118
f 119//119 117//117 121//121
f 121//121 117//117 120//120
f 120//120 116//116 118//118
f 123//123 125//125 124//124
f 125//125 127//127 126//126
f 127//127 129//129 128//128
f 129//129 131//131 130//130
f 127//127 125//125 123//123
f 123//123 133//133 131//131
f 131//131 129//129 127//127
f 130//130 131//131 133//133
f 133//133 123//123 122//122
f 132//132 122//122 124//124
f 124//124 126//126 128//128
f 128//128 130//130 124//124
usemtl field_material_23
f 134//134 135//135 137//137
f 137//137 139//139 138//138
f 138//138 139//139 141//141
f 141//141 143//143 142//142
f 143//143 145//145 144//144
f 145//145 147//147 146//146
f 147//147 149//149 148//148
f 149//149 151//151 150//150
usemtl field_material_05
f 153//153 154//154 156//156
f 156//156 154//154 155//155
usemtl field_material_23
f 158//158 160//160 159//159
f 160//160 162//162 161//161
f 162//162 164//164 163//163
f 163//163 164//164 166//166
f 165//165 166//166 168//168
f 168//168 170//170 169//169
f 170//170 172//172 171//171
f 171//171 172//172 174//174
usemtl field_material_05
f 177//177 179//179 176//176
f 179//179 181//181 178//178
f 179//179 177//177 181//181
f 180//180 181//181 177//177
f 180//180 176//176 178//178
usemtl field_material_23
f 183//183 185//185 184//184
f 185//185 187//187 186//186
f 186//186 187//187 189//189
f 189//189 191//191 190//190
f 191//191 193//193 192//192
f 192//192 193//193 195//195
f 195//195 197//197 196//196
f 196//196 197//197 199//199
f 199//199 200//200 198//198
usemtl field_material_05
f 202//202 204//204 201//201
f 203//203 204//204 206//206
f 206//206 202//202 205//205
f 207//207 208//208 210//210
f 210//210 212//212 211//211
f 212//212 214//214 213//213
f 213//213 214//214 216//216
f 212//212 210//210 208//208
f 208//208 218//218 216//216
f 216//216 214//214 212//212
f 215//215 216//216 218//218
f 217//217 218//218 208//208
f 217//217 207//207 209//209
f 209//209 211//211 213//213
f 213//213 215//215 209//209
usemtl field_material_17
f 220//220 222//222 221//221
f 222//222 224//224 223//223
f 224//224 226//226 225//225
f 225//225 226//226 228//228
f 228//228 230//230 229//229
f 230//230 232//232 231//231
f 232//232 234//234 233//233
f 233//233 234//234 236//236
f 236//236 237//237 235//235
usemtl field_material_05
f 238//238 239//239 241//241
f 240//240 241//241 243//243
f 243//243 239//239 242//242
f 238//238 240//240 242//242
usemtl field_material_17
f 244//244 245//245 247//247
f 246//246 247//247 249//249
f 248//248 249//249 251//251
f 251//251 253//253 252//252
f 253//253 255//255 254//254
f 255//255 257//257 256//256
f 257//257 259//259 258//258
f 259//259 261//261 260//260
f 261//261 262//262 260//260
usemtl field_material_05
f 264//264 266//266 263//263
f 266//266 268//268 265//265
f 267//267 268//268 264//264
f 267//267 263//263 265//265
usemtl field_material_17
f 270//270 272//272 271//271
f 271//271 272//272 274//274
f 274//274 276//276 275//275
f 276//276 278//278 277//277
f 277//277 278//278 280//280
f 280//280 282//282 281//281
f 282//282 284//284 283//283
f 284//284 286//286 285//285
f 286//286 287//287 285//285
usemtl field_material_05
f 288//288 289//289 290//290
f 290//290 292//292 291//291
f 292//292 290//290 289//289
f 292//292 289//289 293//293
f 288//288 291//291 293//293
f 295//295 297//297 296//296
f 296//296 297//297 299//299
f 299//299 301//301 300//300
f 301//301 303//303 302//302
f 299//299 297//297 295//295
f 295//295 305//305 303//303
f 303//303 301//301 295//295
f 303//303 305//305 304//304
f 305//305 295//295 294//294
f 304//304 294//294 296//296
f 296//296 298//298 300//300
f 300//300 302//302 296//296
usemtl field_material_07
f 306//306 307//307 309//309
f 309//309 311//311 310//310
f 311//311 313//313 312//312
f 313//313 315//315 314//314
f 314//314 315//315 317//317
f 317//317 319//319 318//318
f 319//319 321//321 320//320
f 320//320 321//321 323//323
f 323//323 324//324 322//322
usemtl field_material_05
f 329//329 325//325 326//326
f 326//326 328//328 327//327
f 328//328 326//326 325//325
f 327//327 328//328 325//325
usemtl field_material_07
f 331//331 333//333 332//332
f 333//333 335//335 334//334
f 334//334 335//335 337//337
f 336//336 337//337 339//339
f 339//339 341//341 340//340
f 341//341 343//343 342//342
f 343//343 345//345 344//344
f 344//344 345//345 347//347
usemtl field_material_05
f 350//350 352//352 349//349
f 351//351 352//352 354//354
f 354//354 350//350 353//353
f 349//349 351//351 353//353
usemtl field_material_07
f 355//355 356//356 358//358
f 357//357 358//358 360//360
f 360//360 362//362 361//361
f 362//362 364//364 363//363
f 364//364 366//366 365//365
f 365//365 366//366 368//368
f 368//368 370//370 369//369
f 369//369 370//370 372//372
f 372//372 373//373 371//371
usemtl field_material_05
f 374//374 375//375 377//377
f 377//377 375//375 376//376
f 378//378 379//379 381//381
f 381//381 383//383 382//382
f 383//383 385//385 384//384
f 385//385 387//387 386//386
f 383//383 381//381 387//387
f 381//381 379//379 387//387
f 379//379 389//389 387//387
f 387//387 389//389 388//388
f 388//388 389//389 379//379
f 388//388 378//378 384//384
f 378//378 380//380 384//384
f 380//380 382//382 384//384
usemtl field_material_07
f 391//391 393//393 392//392
f 393//393 395//395 394//394
f 395//395 397//397 396//396
f 396//396 397//397 399//399
f 398//398 399//399 401//401
f 401//401 403//403 402//402
f 403//403 405//405 404//404
f 404//404 405//405 407//407
f 407//407 408//408 406//406
usemtl field_material_05
f 410//410 413//413 411//411
f 410//410 414//414 413//413
f 412//412 413//413 414//414
f 414//414 410//410 409//409
usemtl field_material_07
f 416//416 418//418 417//417
f 418//418 420//420 419//419
f 420//420 422//422 421//421
f 422//422 424//424 423//423
f 423//423 424//424 426//426
f 426//426 428//428 427//427
f 428//428 430//430 429//429
f 429//429 430//430 432//432
f 432//432 433//433 431//431
usemtl field_material_05
f 434//434 435//435 437//437
f 437//437 439//439 436//436
f 435//435 439//439 437//437
f 439//439 435//435 438//438
f 434//434 436//436 438//438
usemtl field_material_07
f 440//440 441//441 443//443
f 442//442 443//443 445//445
f 445//445 447//447 446//446
f 447//447 449//449 448//448
f 449//449 451//451 450//450
f 451//451 453//453 452//452
f 453//453 455//455 454//454
f 455//455 457//457 456//456
usemtl field_material_05
f 459//459 460//460 462//462
f 462//462 464//464 461//461
f 463//463 464//464 460//460
f 459//459 461//461 463//463
f 466//466 468//468 467//467
f 468//468 470//470 469//469
f 470//470 472//472 471//471
f 471//471 472//472 474//474
f 470//470 468//468 474//474
f 468//468 466//466 474//474
f 466//466 476//476 474//474
f 473//473 474//474 476//476
f 476//476 466//466 465//465
f 475//475 465//465 471//471
f 465//465 467//467 471//471
f 467//467 469//469 471//471
usemtl field_material_17
f 477//477 478//478 480//480
f 480//480 482//482 481//481
f 482//482 484//484 483//483
f 484//484 486//486 485//485
f 486//486 488//488 487//487
f 487//487 488//488 490//490
f 489//489 490//490 492//492
f 492//492 494//494 493//493
usemtl field_material_05
f 497//497 500//500 498//498
f 499//499 500//500 497//497
f 496//496 498//498 499//499
usemtl field_material_17
f 501//501 502//502 504//504
f 503//503 504//504 506//506
f 506//506 508//508 507//507
f 508//508 510//510 509//509
f 509//509 510//510 512//512
f 511//511 512//512 514//514
f 514//514 516//516 515//515
f 516//516 518//518 517//517
f 518//518 519//519 517//517
usemtl field_material_05
f 521//521 522//522 524//524
f 523//523 524//524 525//525
f 525//525 522//522 520//520
f 520//520 521//521 523//523
usemtl field_material_17
f 527//527 529//529 528//528
f 528//528 529//529 531//531
f 530//530 531//531 533//533
f 533//533 535//535 534//534
f 534//534 535//535 537//537
f 537//537 539//539 538//538
f 538//538 539//539 541//541
f 540//540 541//541 543//543
usemtl field_material_05
f 545//545 546//546 547//547
f 547//547 550//550 548//548
f 547//547 546//546 550//550
f 550//550 546//546 549//549
f 551//551 552//552 554//554
f 554//554 556//556 555//555
f 555//555 556//556 558//558
f 558//558 560//560 559//559
f 556//556 554//554 552//552
f 552//552 562//562 560//560
f 560//560 558//558 552//552
f 560//560 562//562 561//561
f 561//561 562//562 552//552
f 561//561 551//551 553//553
f 553//553 555//555 561//561
f 555//555 557//557 561//561
usemtl field_material_15
f 565//565 570//570 571//571
f 571//571 578//578 565//565
f 578//578 572//572 565//565
f 572//572 573//573 566//566
f 573//573 574//574 567//567
f 567//567 574//574 581//581
f 581//581 575//575 568//568
f 568//568 575//575 583//583
f 569//569 583//583 584//584
f 564//564 584//584 576//576
f 564//564 576//576 570//570
f 577//577 571//571 570//570
f 574//574 579//579 580//580
f 581//581 582//582 575//575
f 582//582 599//599 583//583
f 577//577 585//585 586//586
f 577//577 586//586 587//587
f 571//571 587//587 588//588
f 588//588 589//589 578//578
f 589//589 590//590 578//578
f 590//590 591//591 578//578
f 578//578 591//591 592//592
f 572//572 592//592 593//593
f 593//593 594//594 579//579
f 594//594 595//595 579//579
f 580//580 595//595 596//596
f 580//580 596//596 597//597
f 597//597 598//598 582//582
f 583//583 599//599 600//600
f 600//600 601//601 584//584
f 601//601 585//585 576//576
f 591//591 603//603 592//592
f 604//604 605//605 596//596
f 605//605 606//606 596//596
f 596//596 606//606 597//597
f 597//597 607//607 608//608
f 598//598 608//608 609//609
f 610//610 611//611 601//601
f 601//601 611//611 612//612
f 612//612 602//602 585//585
f 613//613 614//614 588//588
f 588//588 614//614 615//615
f 615//615 616//616 590//590
f 616//616 617//617 603//603
f 617//617 618//618 603//603
f 593//593 618//618 619//619
f 619//619 620//620 604//604
f 622//622 623//623 609//609
f 609//609 623//623 624//624
f 602//602 625//625 613//613
f 616//616 626//626 617//617
f 620//620 627//627 605//605
f 606//606 628//628 621//621
f 607//607 629//629 608//608
f 602//602 630//630 625//625
f 631//631 632//632 614//614
f 632//632 633//633 615//615
f 633//633 634//634 616//616
f 617//617 635//635 636//636
f 636//636 637//637 618//618
f 637//637 638//638 619//619
f 638//638 639//639 620//620
f 627//627 640//640 605//605
f 640//640 641//641 606//606
f 643//643 644//644 623//623
f 644//644 645//645 624//624
f 645//645 646//646 610//610
f 610//610 646//646 647//647
f 612//612 647//647 630//630
f 631//631 650//650 632//632
f 650//650 651//651 633//633
f 651//651 652//652 634//634
f 634//634 652//652 626//626
f 635//635 653//653 636//636
f 653//653 654//654 637//637
f 637//637 654//654 638//638
f 627//627 655//655 640//640
f 640//640 656//656 641//641
f 641//641 656//656 628//628
f 629//629 657//657 643//643
f 643//643 657//657 644//644
f 648//648 649//649 630//630
f 659//659 660//660 631//631
f 631//631 660//660 650//650
f 652//652 661//661 626//626
f 661//661 662//662 635//635
f 639//639 663//663 655//655
f 655//655 664//664 640//640
f 665//665 666//666 642//642
f 666//666 667//667 629//629
f 629//629 667//667 657//657
f 657//657 668//668 644//644
f 645//645 669//669 646//646
f 646//646 669//669 658//658
f 658//658 670//670 648//648
f 648//648 670//670 649//649
f 650//650 671//671 672//672
f 651//651 672//672 652//652
f 653//653 673//673 654//654
f 677//677 678//678 660//660
f 678//678 679//679 672//672
f 652//652 679//679 680//680
f 680//680 681//681 673//673
f 681//681 682//682 663//663
f 682//682 683//683 664//664
f 656//656 683//683 684//684
f 667//667 684//684 685//685
f 685//685 686//686 675//675
f 669//669 686//686 687//687
f 670//670 687//687 677//677
usemtl field_material_05
f 700//700 689//689 690//690
f 692//692 690//690 691//691
f 691//691 694//694 695//695
f 691//691 689//689 693//693
f 693//693 696//696 697//697
f 695//695 694//694 697//697
f 698//698 697//697 699//699
f 699//699 696//696 700//700
f 699//699 701//701 702//702
f 701//701 690//690 702//702
f 716//716 703//703 704//704
f 705//705 704//704 706//706
f 703//703 707//707 706//706
f 706//706 708//708 709//709
f 708//708 707//707 710//710
f 708//708 710//710 711//711
f 710//710 712//712 713//713
f 711//711 710//710 713//713
f 714//714 713//713 715//715
f 715//715 712//712 716//716
f 715//715 717//717 718//718
f 717//717 704//704 718//718
f 732//732 722//722 721//721
f 724//724 721//721 723//723
f 723//723 727//727 726//726
f 723//723 722//722 725//725
f 725//725 719//719 729//729
f 728//728 727//727 729//729
f 728//728 729//729 730//730
f 730//730 719//719 732//732
f 730//730 733//733 731//731
f 748//748 736//736 737//737
f 738//738 737//737 739//739
f 735//735 740//740 739//739
f 739//739 741//741 742//742
f 741//741 740//740 743//743
f 743//743 734//734 747//747
f 746//746 745//745 747//747
f 747//747 736//736 748//748
f 736//736 734//734 735//735
f 763//763 751//751 752//752
f 753//753 752//752 754//754
f 750//750 749//749 754//754
f 754//754 755//755 756//756
f 755//755 749//749 757//757
f 757//757 761//761 762//762
f 760//760 759//759 762//762
f 762//762 751//751 763//763
f 751//751 761//761 750//750
usemtl field_material_29
f 765//765 766//766 767//767
f 766//766 764//764 768//768
f 770//770 764//764 769//769
f 769//769 765//765 771//771
f 774//774 778//778 773//773
f 773//773 772//772 775//775
f 775//775 776//776 777//777
f 775//775 772//772 776//776
f 776//776 778//778 779//779
f 781//781 780//780 782//782
f 782//782 784//784 783//783
f 784//784 786//786 785//785
f 786//786 780//780 787//787
f 790//790 788//788 789//789
f 789//789 792//792 791//791
f 792//792 793//793 794//794
f 793//793 788//788 795//795
f 797//797 796//796 798//798
f 798//798 800//800 799//799
f 800//800 802//802 801//801
f 802//802 796//796 803//803
f 805//805 806//806 807//807
f 806//806 804//804 808//808
f 808//808 809//809 810//810
f 808//808 804//804 809//809
f 809//809 805//805 811//811
f 813//813 812//812 814//814
f 814//814 816//816 815//815
f 816//816 818//818 817//817
f 818//818 812//812 819//819
f 821//821 822//822 823//823
f 821//821 820//820 822//822
f 822//822 825//825 824//824
f 825//825 826//826 827//827
f 826//826 820//820 821//821
f 829//829 831//831 830//830
f 831//831 828//828 832//832
f 833//833 828//828 834//834
f 834//834 829//829 835//835
f 837//837 838//838 839//839
f 838//838 836//836 840//840
f 842//842 836//836 841//841
f 841//841 837//837 843//843
f 845//845 844//844 846//846
f 846//846 848//848 847//847
f 848//848 850//850 849//849
f 850//850 844//844 851//851
f 853//853 856//856 855//855
f 858//858 856//856 857//857
f 857//857 852//852 859//859
f 861//861 860//860 862//862
f 862//862 864//864 863//863
f 864//864 866//866 865//865
f 866//866 860//860 867//867
f 869//869 870//870 871//871
f 870//870 868//868 872//872
f 874//874 868//868 873//873
f 873//873 869//869 875//875
usemtl field_material_05
f 876//876 877//877 879//879
f 878//878 879//879 881//881
f 881//881 883//883 882//882
f 883//883 885//885 884//884
f 881//881 879//879 877//877
f 877//877 887//887 885//885
f 885//885 883//883 881//881
f 884//884 885//885 887//887
f 886//886 887//887 877//877
f 886//886 876//876 878//878
f 878//878 880//880 882//882
f 882//882 884//884 878//878
usemtl field_material_09
f 889//889 895//895 896//896
f 896//896 897//897 890//890
f 890//890 897//897 898//898
f 891//891 898//898 906//906
f 906//906 907//907 891//891
f 907//907 899//899 891//891
f 892//892 899//899 900//900
f 900//900 901//901 893//893
f 893//893 901//901 902//902
f 894//894 902//902 903//903
f 903//903 895//895 889//889
f 895//895 910//910 904//904
f 905//905 906//906 898//898
f 900//900 899//899 908//908
f 903//903 909//909 910//910
f 911//911 912//912 904//904
f 912//912 913//913 896//896
f 897//897 913//913 914//914
f 914//914 915//915 905//905
f 906//906 915//915 916//916
f 906//906 916//916 917//917
f 917//917 918//918 907//907
f 899//899 918//918 919//919
f 919//919 920//920 908//908
f 901//901 920//920 921//921
f 921//921 922//922 902//902
f 922//922 923//923 909//909
f 923//923 924//924 910//910
f 910//910 924//924 911//911
f 925//925 926//926 911//911
f 911//911 926//926 912//912
f 912//912 927//927 928//928
f 929//929 930//930 915//915
f 930//930 931//931 916//916
f 916//916 931//931 932//932
f 932//932 933//933 917//917
f 917//917 933//933 918//918
f 918//918 934//934 935//935
f 935//935 936//936 919//919
f 919//919 936//936 937//937
f 922//922 938//938 939//939
f 923//923 940//940 924//924
f 940//940 925//925 911//911
f 927//927 942//942 928//928
f 928//928 942//942 943//943
f 937//937 944//944 945//945
f 946//946 947//947 940//940
f 925//925 948//948 926//926
f 941//941 949//949 927//927
f 929//929 950//950 930//930
f 930//930 950//950 931//931
f 933//933 951//951 934//934
f 934//934 951//951 952//952
f 934//934 952//952 935//935
f 935//935 953//953 936//936
f 947//947 948//948 925//925
f 948//948 954//954 926//926
f 926//926 954//954 955//955
f 956//956 957//957 942//942
f 957//957 958//958 943//943
f 958//958 959//959 929//929
f 950//950 960//960 931//931
f 960//960 961//961 932//932
f 961//961 962//962 933//933
f 944//944 964//964 965//965
f 944//944 965//965 966//966
f 966//966 967//967 938//938
f 967//967 968//968 939//939
f 946//946 968//968 969//969
f 969//969 970//970 947//947
f 955//955 972//972 949//949
f 949//949 972//972 973//973
f 956//956 973//973 974//974
f 951//951 975//975 952//952
f 963//963 976//976 953//953
f 976//976 977//977 964//964
f 964//964 977//977 965//965
f 971//971 979//979 968//968
f 979//979 980//980 969//969
f 980//980 981//981 970//970
f 970//970 981//981 948//948
f 954//954 983//983 955//955
f 955//955 983//983 972//972
f 959//959 985//985 950//950
f 985//985 986//986 960//960
f 960//960 986//986 987//987
f 962//962 988//988 951//951
f 951//951 988//988 975//975
f 975//975 989//989 963//963
f 977//977 990//990 965//965
f 978//978 991//991 967//967
f 991//991 992//992 971//971
f 971//971 992//992 979//979
f 981//981 982//982 948//948
f 954//954 993//993 983//983
f 973//973 994//994 974//974
f 990//990 999//999 978//978
f 1000//1000 1001//1001 983//983
f 1001//1001 1002//1002 973//973
f 1002//1002 1003//1003 984//984
f 995//995 1003//1003 1004//1004
f 986//986 1004//1004 1005//1005
f 1005//1005 1006//1006 988//988
f 1006//1006 1007//1007 998//998
f 1007//1007 1008//1008 990//990
f 991//991 1008//1008 1009//1009
f 979//979 1009//1009 1010//1010
f 1010//1010 1000//1000 982//982
usemtl field_material_05
f 1015//1015 1013//1013 1016//1016
f 1014//1014 1017//1017 1016//1016
f 1016//1016 1018//1018 1019//1019
f 1018//1018 1017//1017 1020//1020
f 1022//1022 1018//1018 1021//1021
f 1020//1020 1012//1012 1023//1023
f 1022//1022 1021//1021 1023//1023
f 1023//1023 1025//1025 1024//1024
f 1025//1025 1012//1012 1014//1014
f 1025//1025 1013//1013 1015//1015
f 1027//1027 1030//1030 1029//1029
f 1032//1032 1029//1029 1031//1031
f 1031//1031 1033//1033 1035//1035
f 1031//1031 1030//1030 1034//1034
f 1035//1035 1033//1033 1036//1036
f 1034//1034 1026//1026 1036//1036
f 1037//1037 1036//1036 1039//1039
f 1026//1026 1038//1038 1039//1039
f 1039//1039 1040//1040 1041//1041
f 1040//1040 1038//1038 1027//1027
f 1045//1045 1048//1048 1047//1047
f 1046//1046 1043//1043 1047//1047
f 1047//1047 1049//1049 1051//1051
f 1049//1049 1050//1050 1051//1051
f 1049//1049 1048//1048 1052//1052
f 1054//1054 1050//1050 1053//1053
f 1052//1052 1042//1042 1053//1053
f 1053//1053 1055//1055 1044//1044
f 1055//1055 1042//1042 1045//1045
f 1055//1055 1043//1043 1044//1044
f 1060//1060 1057//1057 1059//1059
f 1057//1057 1058//1058 1059//1059
f 1060//1060 1059//1059 1061//1061
f 1061//1061 1058//1058 1056//1056
f 1061//1061 1063//1063 1062//1062
f 1063//1063 1064//1064 1066//1066
f 1063//1063 1056//1056 1065//1065
f 1066//1066 1064//1064 1067//1067
f 1065//1065 1068//1068 1067//1067
f 1067//1067 1069//1069 1070//1070
f 1069//1069 1057//1057 1060//1060
f 1069//1069 1068//1068 1057//1057
f 1072//1072 1085//1085 1074//1074
f 1073//1073 1076//1076 1077//1077
f 1075//1075 1074//1074 1077//1077
f 1077//1077 1078//1078 1079//1079
f 1078//1078 1076//1076 1080//1080
f 1078//1078 1080//1080 1079//1079
f 1079//1079 1080//1080 1081//1081
f 1080//1080 1082//1082 1081//1081
f 1084//1084 1081//1081 1083//1083
f 1083//1083 1085//1085 1072//1072
f 1083//1083 1082//1082 1071//1071
f 1085//1085 1071//1071 1073//1073
usemtl field_material_29
f 1087//1087 1086//1086 1088//1088
f 1089//1089 1088//1088 1090//1090
f 1090//1090 1086//1086 1092//1092
f 1095//1095 1093//1093 1094//1094
f 1094//1094 1097//1097 1096//1096
f 1097//1097 1098//1098 1099//1099
f 1098//1098 1093//1093 1100//1100
f 1102//1102 1104//1104 1103//1103
f 1104//1104 1101//1101 1105//1105
f 1106//1106 1101//1101 1107//1107
f 1107//1107 1102//1102 1108//1108
f 1111//1111 1109//1109 1110//1110
f 1110//1110 1113//1113 1112//1112
f 1113//1113 1114//1114 1115//1115
f 1114//1114 1109//1109 1116//1116
f 1118//1118 1117//1117 1119//1119
f 1119//1119 1121//1121 1120//1120
f 1121//1121 1123//1123 1122//1122
f 1123//1123 1117//1117 1124//1124
f 1126//1126 1127//1127 1128//1128
f 1127//1127 1125//1125 1129//1129
f 1131//1131 1125//1125 1130//1130
f 1130//1130 1126//1126 1132//1132
f 1134//1134 1136//1136 1135//1135
f 1136//1136 1133//1133 1137//1137
f 1138//1138 1133//1133 1139//1139
f 1139//1139 1134//1134 1140//1140
f 1147//1147 1141//1141 1143//1143
f 1143//1143 1145//1145 1144//1144
f 1144//1144 1145//1145 1146//1146
f 1145//1145 1141//1141 1147//1147
f 1149//1149 1148//1148 1150//1150
f 1151//1151 1150//1150 1152//1152
f 1152//1152 1148//1148 1154//1154
f 1161//1161 1155//1155 1157//1157
f 1157//1157 1159//1159 1158//1158
f 1158//1158 1159//1159 1160//1160
f 1159//1159 1155//1155 1161//1161
f 1163//1163 1162//1162 1164//1164
f 1164//1164 1166//1166 1165//1165
f 1166//1166 1168//1168 1167//1167
f 1168//1168 1162//1162 1169//1169
f 1175//1175 1176//1176 1177//1177
f 1176//1176 1171//1171 1172//1172
f 1177//1177 1176//1176 1172//1172
f 1182//1182 1178//1178 1183//1183
f 1183//1183 1179//1179 1184//1184
f 1186//1186 1185//1185 1188//1188
f 1188//1188 1190//1190 1189//1189
f 1189//1189 1190//1190 1191//1191
f 1190//1190 1185//1185 1186//1186
usemtl field_material_05
f 1193//1193 1195//1195 1194//1194
f 1195//1195 1197//1197 1196//1196
f 1197//1197 1199//1199 1198//1198
f 1198//1198 1199//1199 1201//1201
f 1197//1197 1195//1195 1193//1193
f 1193//1193 1203//1203 1201//1201
f 1201//1201 1199//1199 1197//1197
f 1200//1200 1201//1201 1203//1203
f 1202//1202 1203//1203 1193//1193
f 1202//1202 1192//1192 1194//1194
f 1194//1194 1196//1196 1202//1202
f 1196//1196 1198//1198 1202//1202
usemtl field_material_09
f 1223//1223 1212//1212 1205//1205
f 1206//1206 1212//1212 1213//1213
f 1206//1206 1213//1213 1214//1214
f 1207//1207 1214//1214 1215//1215
f 1208//1208 1215//1215 1216//1216
f 1209//1209 1216//1216 1217//1217
f 1210//1210 1217//1217 1218//1218
f 1210//1210 1218//1218 1219//1219
f 1210//1210 1219//1219 1220//1220
f 1211//1211 1220//1220 1221//1221
f 1221//1221 1223//1223 1205//1205
f 1212//1212 1224//1224 1213//1213
f 1214//1214 1225//1225 1215//1215
f 1225//1225 1226//1226 1215//1215
f 1226//1226 1227//1227 1216//1216
f 1217//1217 1227//1227 1228//1228
f 1228//1228 1229//1229 1218//1218
f 1219//1219 1230//1230 1220//1220
f 1230//1230 1221//1221 1220//1220
f 1222//1222 1231//1231 1232//1232
f 1232//1232 1233//1233 1212//1212
f 1233//1233 1234//1234 1224//1224
f 1224//1224 1234//1234 1235//1235
f 1235//1235 1236//1236 1225//1225
f 1225//1225 1236//1236 1237//1237
f 1237//1237 1238//1238 1227//1227
f 1238//1238 1239//1239 1228//1228
f 1228//1228 1239//1239 1240//1240
f 1240//1240 1241//1241 1229//1229
f 1229//1229 1241//1241 1242//1242
f 1242//1242 1243//1243 1219//1219
f 1230//1230 1243//1243 1244//1244
f 1221//1221 1244//1244 1231//1231
f 1233//1233 1246//1246 1247//1247
f 1247//1247 1248//1248 1234//1234
f 1234//1234 1248//1248 1249//1249
f 1249//1249 1250//1250 1235//1235
f 1235//1235 1250//1250 1251//1251
f 1251//1251 1252//1252 1237//1237
f 1237//1237 1252//1252 1253//1253
f 1240//1240 1254//1254 1241//1241
f 1241//1241 1254//1254 1255//1255
f 1242//1242 1256//1256 1243//1243
f 1256//1256 1257//1257 1243//1243
f 1257//1257 1258//1258 1244//1244
f 1231//1231 1258//1258 1245//1245
f 1259//1259 1260//1260 1246//1246
f 1251//1251 1261//1261 1262//1262
f 1262//1262 1263//1263 1252//1252
f 1263//1263 1264//1264 1253//1253
f 1253//1253 1264//1264 1265//1265
f 1265//1265 1266//1266 1240//1240
f 1255//1255 1267//1267 1242//1242
f 1256//1256 1268//1268 1257//1257
f 1268//1268 1269//1269 1258//1258
f 1269//1269 1270//1270 1258//1258
f 1260//1260 1271//1271 1247//1247
f 1247//1247 1272//1272 1248//1248
f 1248//1248 1272//1272 1249//1249
f 1250//1250 1273//1273 1261//1261
f 1261//1261 1273//1273 1262//1262
f 1262//1262 1274//1274 1263//1263
f 1265//1265 1275//1275 1266//1266
f 1256//1256 1276//1276 1268//1268
f 1268//1268 1276//1276 1277//1277
f 1268//1268 1277//1277 1269//1269
f 1278//1278 1279//1279 1259//1259
f 1271//1271 1280//1280 1247//1247
f 1281//1281 1282//1282 1250//1250
f 1273//1273 1283//1283 1262//1262
f 1263//1263 1284//1284 1285//1285
f 1285//1285 1286//1286 1265//1265
f 1266//1266 1287//1287 1288//1288
f 1288//1288 1289//1289 1255//1255
f 1289//1289 1290//1290 1267//1267
f 1291//1291 1292//1292 1270//1270
f 1292//1292 1278//1278 1245//1245
f 1289//1289 1294//1294 1290//1290
f 1294//1294 1295//1295 1290//1290
f 1279//1279 1297//1297 1271//1271
f 1280//1280 1298//1298 1272//1272
f 1298//1298 1299//1299 1281//1281
f 1299//1299 1300//1300 1282//1282
f 1282//1282 1300//1300 1273//1273
f 1273//1273 1301//1301 1283//1283
f 1274//1274 1302//1302 1284//1284
f 1303//1303 1304//1304 1288//1288
f 1304//1304 1305//1305 1289//1289
f 1306//1306 1307//1307 1277//1277
f 1307//1307 1308//1308 1291//1291
f 1292//1292 1296//1296 1278//1278
f 1296//1296 1309//1309 1293//1293
f 1293//1293 1309//1309 1297//1297
f 1297//1297 1310//1310 1271//1271
f 1310//1310 1311//1311 1280//1280
f 1300//1300 1312//1312 1273//1273
f 1273//1273 1312//1312 1301//1301
f 1301//1301 1313//1313 1274//1274
f 1274//1274 1313//1313 1302//1302
f 1302//1302 1314//1314 1285//1285
f 1314//1314 1315//1315 1286//1286
f 1315//1315 1316//1316 1275//1275
f 1275//1275 1316//1316 1303//1303
f 1305//1305 1317//1317 1294//1294
f 1294//1294 1317//1317 1318//1318
f 1295//1295 1318//1318 1306//1306
f 1308//1308 1319//1319 1292//1292
f 1292//1292 1319//1319 1296//1296
f 1298//1298 1322//1322 1323//1323
f 1323//1323 1324//1324 1300//1300
f 1312//1312 1325//1325 1301//1301
f 1313//1313 1326//1326 1302//1302
f 1303//1303 1327//1327 1328//1328
f 1328//1328 1329//1329 1305//1305
f 1330//1330 1331//1331 1307//1307
f 1331//1331 1332//1332 1308//1308
f 1319//1319 1320//1320 1296//1296
f 1333//1333 1334//1334 1310//1310
f 1311//1311 1334//1334 1335//1335
f 1324//1324 1335//1335 1336//1336
f 1336//1336 1337//1337 1326//1326
f 1314//1314 1337//1337 1338//1338
f 1338//1338 1339//1339 1327//1327
f 1328//1328 1339//1339 1340//1340
f 1340//1340 1341//1341 1330//1330
f 1341//1341 1342//1342 1332//1332
f 1342//1342 1333//1333 1320//1320
usemtl field_material_05
f 1346//1346 1345//1345 1347//1347
f 1359//1359 1349//1349 1347//1347
f 1348//1348 1347//1347 1350//1350
f 1350//1350 1351//1351 1352//1352
f 1350//1350 1349//1349 1353//1353
f 1353//1353 1356//1356 1355//1355
f 1358//1358 1355//1355 1357//1357
f 1357//1357 1360//1360 1346//1346
f 1357//1357 1356//1356 1359//1359
f 1360//1360 1345//1345 1346//1346
f 1363//1363 1362//1362 1365//1365
f 1364//1364 1368//1368 1367//1367
f 1366//1366 1365//1365 1367//1367
f 1367//1367 1369//1369 1371//1371
f 1369//1369 1370//1370 1371//1371
f 1369//1369 1368//1368 1370//1370
f 1371//1371 1370//1370 1372//1372
f 1370//1370 1373//1373 1372//1372
f 1375//1375 1372//1372 1374//1374
f 1374//1374 1376//1376 1363//1363
f 1374//1374 1373//1373 1361//1361
f 1376//1376 1362//1362 1363//1363
f 1376//1376 1361//1361 1364//1364
f 1378//1378 1380//1380 1381//1381
f 1382//1382 1381//1381 1383//1383
f 1383//1383 1380//1380 1386//1386
f 1383//1383 1384//1384 1385//1385
f 1384//1384 1387//1387 1385//1385
f 1385//1385 1387//1387 1388//1388
f 1386//1386 1377//1377 1388//1388
f 1389//1389 1388//1388 1390//1390
f 1390//1390 1391//1391 1392//1392
f 1390//1390 1377//1377 1378//1378
f 1394//1394 1397//1397 1398//1398
f 1395//1395 1394//1394 1398//1398
f 1395//1395 1398//1398 1399//1399
f 1399//1399 1397//1397 1393//1393
f 1399//1399 1401//1401 1400//1400
f 1401//1401 1393//1393 1404//1404
f 1401//1401 1402//1402 1403//1403
f 1403//1403 1402//1402 1405//1405
f 1403//1403 1405//1405 1406//1406
f 1404//1404 1407//1407 1406//1406
f 1406//1406 1408//1408 1409//1409
f 1408//1408 1394//1394 1395//1395
f 1408//1408 1407//1407 1394//1394
f 1413//1413 1412//1412 1415//1415
f 1411//1411 1417//1417 1418//1418
f 1416//1416 1415//1415 1418//1418
f 1418//1418 1419//1419 1420//1420
f 1419//1419 1417//1417 1421//1421
f 1419//1419 1421//1421 1420//1420
f 1421//1421 1424//1424 1422//1422
f 1420//1420 1421//1421 1422//1422
f 1423//1423 1422//1422 1425//1425
f 1425//1425 1426//1426 1413//1413
f 1425//1425 1424//1424 1410//1410
f 1426//1426 1412//1412 1413//1413
f 1426//1426 1410//1410 1411//1411
usemtl field_material_29
f 1429//1429 1431//1431 1430//1430
f 1431//1431 1433//1433 1432//1432
f 1433//1433 1427//1427 1434//1434
f 1442//1442 1436//1436 1437//1437
f 1442//1442 1435//1435 1436//1436
f 1436//1436 1439//1439 1438//1438
f 1441//1441 1439//1439 1440//1440
f 1440//1440 1435//1435 1442//1442
f 1444//1444 1445//1445 1446//1446
f 1444//1444 1443//1443 1445//1445
f 1445//1445 1448//1448 1447//1447
f 1450//1450 1448//1448 1449//1449
f 1449//1449 1443//1443 1444//1444
f 1453//1453 1457//1457 1452//1452
f 1452//1452 1451//1451 1454//1454
f 1454//1454 1455//1455 1456//1456
f 1454//1454 1451//1451 1455//1455
f 1455//1455 1457//1457 1458//1458
f 1461//1461 1463//1463 1462//1462
f 1463//1463 1465//1465 1464//1464
f 1465//1465 1459//1459 1466//1466
f 1469//1469 1471//1471 1470//1470
f 1471//1471 1473//1473 1472//1472
f 1473//1473 1467//1467 1474//1474
f 1476//1476 1477//1477 1478//1478
f 1477//1477 1475//1475 1479//1479
f 1480//1480 1476//1476 1482//1482
f 1484//1484 1485//1485 1486//1486
f 1485//1485 1483//1483 1487//1487
f 1489//1489 1483//1483 1488//1488
f 1488//1488 1484//1484 1490//1490
f 1492//1492 1493//1493 1494//1494
f 1493//1493 1495//1495 1496//1496
f 1496//1496 1495//1495 1491//1491
f 1491//1491 1492//1492 1497//1497
f 1499//1499 1501//1501 1500//1500
f 1501//1501 1498//1498 1502//1502
f 1503//1503 1498//1498 1504//1504
f 1504//1504 1499//1499 1505//1505
f 1507//1507 1509//1509 1508//1508
f 1509//1509 1506//1506 1510//1510
f 1511//1511 1506//1506 1512//1512
f 1512//1512 1507//1507 1513//1513
f 1516//1516 1514//1514 1515//1515
f 1515//1515 1518//1518 1517//1517
f 1518//1518 1519//1519 1520//1520
f 1519//1519 1514//1514 1521//1521
f 1523//1523 1524//1524 1525//1525
f 1524//1524 1522//1522 1526//1526
f 1527//1527 1523//1523 1529//1529
f 1531//1531 1530//1530 1533//1533
f 1531//1531 1533//1533 1532//1532
f 1533//1533 1534//1534 1535//1535
f 1536//1536 1534//1534 1537//1537
f 1537//1537 1530//1530 1531//1531
