# Strawberry URP Gazebo mesh generated by export_gazebo_assets.py
mtllib plant_variant_19.mtl

o field_export_plant_variant_19
v 0.000000000 0.000000000 0.025000000
v 0.000000000 0.026450338 0.020225426
v 0.000000000 0.042797547 0.007725425
v 0.000000000 0.042797547 -0.007725425
v 0.000000000 0.026450338 -0.020225426
v 0.000000000 0.000000000 -0.025000000
v 0.018703211 0.018703211 0.020225426
v 0.030262435 0.030262435 0.007725425
v 0.030262435 0.030262435 -0.007725425
v 0.018703211 0.018703211 -0.020225426
v 0.026450334 0.000000000 0.020225426
v 0.042797547 0.000000000 0.007725425
v 0.042797547 0.000000000 -0.007725425
v 0.026450334 0.000000000 -0.020225426
v 0.018703211 -0.018703211 0.020225426
v 0.030262435 -0.030262435 0.007725425
v 0.030262435 -0.030262435 -0.007725425
v 0.018703211 -0.018703211 -0.020225426
v 0.000000000 -0.026450334 0.020225426
v 0.000000000 -0.042797547 0.007725425
v 0.000000000 -0.042797547 -0.007725425
v 0.000000000 -0.026450334 -0.020225426
v -0.018703211 -0.018703211 0.020225426
v -0.030262435 -0.030262435 0.007725425
v -0.030262435 -0.030262435 -0.007725425
v -0.018703211 -0.018703211 -0.020225426
v -0.026450334 0.000000000 0.020225426
v -0.042797547 0.000000000 0.007725425
v -0.042797547 0.000000000 -0.007725425
v -0.026450334 0.000000000 -0.020225426
v -0.018703211 0.018703211 0.020225426
v -0.030262435 0.030262435 0.007725425
v -0.030262435 0.030262435 -0.007725425
v -0.018703211 0.018703211 -0.020225426
v 0.003571153 0.003760569 0.004701637
v -0.135289714 -0.137436301 0.221620589
v 0.005023939 -0.004770793 0.000000037
v -0.129657269 -0.145339191 0.219941437
v -0.003571093 -0.003760569 -0.004701592
v -0.136387765 -0.148653790 0.213560686
v -0.005023834 0.004770789 0.000000031
v -0.142020196 -0.140750885 0.215239823
v -0.127085820 -0.177972242 0.230589077
v -0.172385529 -0.134853035 0.225109532
v -0.133326992 -0.185247764 0.234708145
v -0.179894507 -0.141026214 0.229226708
v -0.129755810 -0.201894224 0.239244714
v -0.197113305 -0.137930065 0.231316105
v -0.141035035 -0.204425097 0.240887150
v -0.199327618 -0.149069145 0.234025568
v -0.139488474 -0.219120741 0.242761016
v -0.214195907 -0.148176908 0.233967245
v -0.154267818 -0.218297601 0.241389766
v -0.212560415 -0.162941650 0.234528184
v -0.156221390 -0.229639217 0.240249932
v -0.223578870 -0.165675059 0.232321322
v -0.173025370 -0.226865247 0.236215979
v -0.219592869 -0.182643712 0.230734542
v -0.179980710 -0.233422831 0.232578769
v -0.225332558 -0.190365762 0.227067173
v -0.215173706 -0.226291373 0.220628977
v -0.134904295 -0.143803641 0.218368515
v -0.204314366 -0.215696916 0.230964109
v -0.137014598 -0.142066076 0.216758728
v -0.205075368 -0.215482667 0.227891833
v -0.181981564 -0.137050331 0.227560148
v -0.188344151 -0.088496991 0.227745339
v -0.189464301 -0.138723344 0.231436104
v -0.196042612 -0.088884175 0.231824398
v -0.195544079 -0.150869563 0.234509259
v -0.205059275 -0.078779787 0.235070884
v -0.203684241 -0.147024125 0.236538500
v -0.211918890 -0.084636092 0.237024546
v -0.209970802 -0.156796336 0.237158373
v -0.220524281 -0.076840214 0.237781286
v -0.218520373 -0.148982570 0.236566007
v -0.226755023 -0.086594544 0.237052068
v -0.225216329 -0.154786468 0.234564289
v -0.234731525 -0.082696676 0.235125914
v -0.233972684 -0.144598693 0.231518671
v -0.240550995 -0.094759516 0.231906950
v -0.241309345 -0.144879416 0.227600440
v -0.247713760 -0.096333422 0.227815628
v -0.258885890 -0.122480892 0.217767611
v -0.246991903 -0.121230900 0.230957896
v -0.170135498 -0.111036927 0.215899542
v -0.247549891 -0.120599121 0.227899536
v -0.169760555 -0.110282004 0.218957901
v -0.079097383 -0.192149431 0.230272338
v -0.127844572 -0.188228965 0.227766559
v -0.079252034 -0.199602798 0.234792024
v -0.129310861 -0.195611492 0.232435569
v -0.068844244 -0.207908779 0.239042401
v -0.141251728 -0.202135578 0.235633910
v -0.074425511 -0.214947507 0.241294771
v -0.137088478 -0.209951252 0.238344982
v -0.066247605 -0.223091736 0.242805809
v -0.146556079 -0.216688558 0.239025384
v -0.075648785 -0.229843080 0.242051333
v -0.138311744 -0.224846825 0.239101544
v -0.071290791 -0.237699941 0.240555555
v -0.143698275 -0.231926724 0.237147048
v -0.082921855 -0.244289517 0.237061739
v -0.132980675 -0.240298212 0.234705284
v -0.083988391 -0.251726270 0.233223051
v -0.132738575 -0.247840658 0.230753571
v -0.109034270 -0.264737546 0.222142428
v -0.109143451 -0.252948612 0.230364978
v -0.101453930 -0.175694689 0.215899557
v -0.106444903 -0.253411084 0.228762493
v -0.102113687 -0.175170064 0.218957886
v 0.006990346 -0.154599339 0.168839961
v 0.005942765 0.002777942 0.002442695
v 0.013159561 -0.156829596 0.166397274
v 0.006169214 -0.002230242 -0.002442665
v 0.013386010 -0.161837786 0.161511898
v 0.000226449 -0.005008161 -0.004885353
v -0.005942767 -0.002777897 -0.002442665
v 0.003950332 -0.164056718 0.159767121
v -0.003654662 0.004136275 0.004187466
v 0.001047581 -0.157377258 0.166397274
v 0.040440425 -0.178118736 0.172359586
v -0.022008494 -0.180876568 0.178183779
v 0.042129572 -0.187924668 0.176575303
v -0.021957777 -0.190822437 0.182783246
v 0.057211734 -0.197087064 0.178625017
v -0.035487294 -0.201278538 0.187604487
v 0.051611993 -0.207091674 0.181276545
v -0.028611695 -0.210719064 0.189047560
v 0.063390821 -0.216206849 0.180681363
v -0.039423373 -0.220855683 0.190640658
v 0.052419346 -0.226243377 0.180671498
v -0.027804343 -0.229870766 0.188442528
v 0.058826443 -0.235390484 0.177414954
v -0.033872586 -0.239581943 0.186394423
v 0.044551633 -0.245379776 0.174760178
v -0.019535713 -0.248277545 0.180968121
v 0.043658029 -0.254692048 0.169859096
v -0.018783120 -0.257511497 0.175713301
v 0.012126978 -0.274465442 0.160335869
v 0.008336399 -0.159664124 0.163061842
v 0.013163211 -0.259432286 0.176025569
v 0.005942972 -0.159522787 0.165139228
v 0.010009003 -0.259609640 0.175736576
v -0.028395995 -0.188994735 0.172512516
v -0.067672968 -0.160015151 0.176442802
v -0.032085750 -0.195679247 0.176546246
v -0.072420448 -0.165972129 0.180785149
v -0.027337376 -0.208566815 0.178954184
v -0.085679412 -0.165597007 0.185085565
v -0.035582021 -0.211847946 0.181529924
v -0.086072460 -0.174660966 0.186836153
v -0.032862835 -0.223162979 0.181617588
v -0.097571075 -0.175504386 0.188418001
v -0.044434831 -0.223909795 0.181824178
v -0.094925269 -0.186722815 0.187130392
v -0.045042992 -0.232690498 0.179542691
v -0.103385031 -0.189720690 0.185674056
v -0.058644183 -0.231864795 0.177428991
v -0.098978877 -0.202157676 0.181667909
v -0.063805841 -0.237226740 0.173617989
v -0.103103027 -0.208281830 0.177580327
v -0.092778146 -0.234098628 0.165726587
v -0.086886995 -0.223727092 0.176728889
v -0.039627772 -0.162132755 0.162263483
v -0.084837668 -0.225542650 0.175126418
v -0.039911848 -0.161339149 0.165321812
v 0.082701527 -0.152932003 0.172881678
v 0.046025511 -0.185369238 0.172082946
v 0.088241585 -0.158267885 0.176154271
v 0.050621673 -0.191609800 0.175499380
v 0.101686403 -0.156571552 0.178929746
v 0.047271155 -0.204798892 0.177982479
v 0.103040889 -0.165508002 0.180474460
v 0.055948790 -0.207244948 0.179654673
v 0.114652701 -0.165261313 0.181059748
v 0.054299742 -0.218751147 0.180009112
v 0.112967759 -0.176703855 0.180235416
v 0.065875649 -0.218440801 0.179415643
v 0.121540129 -0.178963274 0.178451672
v 0.067124881 -0.227190599 0.177504405
v 0.118022174 -0.191855460 0.175437152
v 0.080402270 -0.225197360 0.174782261
v 0.122386687 -0.197692126 0.171867087
v 0.085746482 -0.230167627 0.171088949
v 0.113743939 -0.224602491 0.162535042
v 0.055094618 -0.156846672 0.163065910
v 0.106968135 -0.214900404 0.176025242
v 0.053099029 -0.158190221 0.165133864
v 0.104633361 -0.217028812 0.175737545
v 0.111552775 -0.125682876 0.157089680
v 0.002999693 0.005752690 0.002628379
v 0.117620863 -0.123387247 0.154461294
v 0.006068099 0.002295621 -0.002628379
v 0.120689273 -0.126844317 0.149204552
v 0.003068410 -0.003457069 -0.005256765
v -0.002999678 -0.005752694 -0.002628379
v 0.114660457 -0.134402677 0.147327155
v -0.005220872 0.000663676 0.004505810
v 0.108553082 -0.131435573 0.154461294
v 0.149649784 -0.122166529 0.167583108
v 0.102715902 -0.163783118 0.165001303
v 0.156158462 -0.128574461 0.173445016
v 0.107988223 -0.171329081 0.171037853
v 0.172882512 -0.126037151 0.178935900
v 0.103206754 -0.187879503 0.175454050
v 0.174283653 -0.137258291 0.182233691
v 0.113984786 -0.190777957 0.179220423
v 0.188995078 -0.136842072 0.184604645
v 0.111716412 -0.205432564 0.180742860
v 0.186863303 -0.151558176 0.184485734
v 0.126564443 -0.205077827 0.181472465
v 0.198041812 -0.154636905 0.183439970
v 0.128366053 -0.216479242 0.179958120
v 0.193897411 -0.171474084 0.180201128
v 0.145727172 -0.214228690 0.177793950
v 0.199956700 -0.179351717 0.176504195
v 0.153059393 -0.221008733 0.173963219
v 0.190114439 -0.214854151 0.165357724
v 0.180043191 -0.204656452 0.164610773
v 0.114999644 -0.129076630 0.150134102
v 0.182210758 -0.202990860 0.163000986
v 0.114231862 -0.129265144 0.153206408
v 0.104454093 -0.173307031 0.163498983
v 0.055540890 -0.175529420 0.162787557
v 0.105380304 -0.180391148 0.168077976
v 0.055163242 -0.182698086 0.167536050
v 0.116877899 -0.187058300 0.172091246
v 0.044241522 -0.190395176 0.171307385
v 0.112294063 -0.194552302 0.174829811
v 0.049433015 -0.197440103 0.174151435
v 0.121466279 -0.201512605 0.176488668
v 0.040903930 -0.205213591 0.175619259
v 0.112955540 -0.209386975 0.176685169
v 0.050094489 -0.212274760 0.176006794
v 0.118200839 -0.216727614 0.175801948
v 0.045564465 -0.220064491 0.175018072
v 0.107364722 -0.224895135 0.173644036
v 0.057147659 -0.227202073 0.173102111
v 0.107097298 -0.232649028 0.170701072
v 0.058182195 -0.234875470 0.170321479
v 0.083384372 -0.249309838 0.162973925
v 0.081845328 -0.238193095 0.164607242
v 0.079806678 -0.160584182 0.150141835
v 0.084580533 -0.238314226 0.163004756
v 0.079086460 -0.160146251 0.153200179
v 0.167730302 -0.076576352 0.165149376
v 0.159677967 -0.124837913 0.163169399
v 0.174886540 -0.077289432 0.170103997
v 0.166639954 -0.126848251 0.168290913
v 0.183834165 -0.067561574 0.174671263
v 0.171905890 -0.139245808 0.172048733
v 0.190222695 -0.073688351 0.177407831
v 0.179899722 -0.135725409 0.175138235
v 0.198961467 -0.066221580 0.179246753
v 0.185731605 -0.145727903 0.176338062
v 0.204890817 -0.076187521 0.179003775
v 0.194567859 -0.138224572 0.176734179
v 0.213170409 -0.072559908 0.177863166
v 0.201242149 -0.144244149 0.175240636
v 0.218890935 -0.084786937 0.174891844
v 0.210644349 -0.134345740 0.173078761
v 0.226402596 -0.086572111 0.171456859
v 0.218382001 -0.134838834 0.169515550
v 0.237740248 -0.112868533 0.161417484
v 0.150088906 -0.096241891 0.151615918
v 0.226743713 -0.109462589 0.165012196
v 0.149526715 -0.099350773 0.151903600
v 0.226666138 -0.111867063 0.162944242
v -0.004229471 0.001267334 0.005431898
v 0.001988636 0.006636662 0.000000002
v 0.169607982 -0.047205694 0.150808975
v 0.176093698 -0.046436895 0.143437117
v 0.004229471 -0.001267334 -0.005431883
v -0.001988629 -0.006636672 0.000000001
v 0.174869865 -0.056014925 0.141497165
v 0.168384135 -0.056783725 0.148869008
v 0.198683411 -0.027692607 0.158531979
v 0.180680230 -0.087615430 0.153392434
v 0.207685053 -0.029861012 0.162646562
v 0.189244002 -0.091404244 0.157500565
v 0.220659703 -0.019069027 0.167283282
v 0.193985671 -0.108088136 0.159839869
v 0.227812365 -0.027957758 0.169384867
v 0.204728097 -0.104996756 0.162943169
v 0.240109801 -0.019956861 0.171906531
v 0.210525140 -0.118689597 0.163650915
v 0.246010065 -0.033595107 0.171591699
v 0.222925782 -0.110634118 0.165150017
v 0.257055074 -0.030343730 0.171696961
v 0.230381042 -0.119362831 0.164253548
v 0.262278110 -0.046773069 0.169267088
v 0.243837059 -0.108316302 0.164121091
v 0.271450460 -0.050227303 0.167195827
v 0.253451973 -0.110168710 0.162285522
v 0.281388104 -0.085469134 0.159407124
v 0.172661841 -0.050572116 0.145260364
v 0.268433630 -0.078940287 0.158224076
v 0.171738580 -0.052784819 0.147337750
v 0.267560095 -0.081976309 0.157935083
v 0.188010707 -0.095791042 0.153405011
v 0.147558868 -0.123376504 0.154199272
v 0.192982569 -0.101815030 0.156252369
v 0.151488811 -0.130182132 0.157224059
v 0.206647605 -0.101845838 0.158279553
v 0.146629021 -0.142877370 0.159685060
v 0.206939980 -0.110898912 0.159631073
v 0.154998630 -0.146408468 0.160847425
v 0.218504280 -0.112112209 0.159615755
v 0.151936561 -0.157621041 0.161174610
v 0.215359494 -0.123242855 0.158803076
v 0.163418159 -0.158752412 0.160019428
v 0.223486632 -0.126533732 0.156623557
v 0.163468063 -0.167565271 0.158029050
v 0.218241125 -0.138846874 0.153768376
v 0.176747367 -0.167213976 0.154740065
v 0.221671686 -0.145146772 0.150055051
v 0.181246117 -0.172767565 0.150849313
v 0.209286958 -0.170643985 0.141199753
v 0.159284458 -0.096512660 0.144829527
v 0.203246862 -0.160406530 0.159710050
v 0.157999977 -0.096853971 0.147710070
v 0.202462569 -0.161479533 0.156829491
v 0.189980030 0.021224739 0.157573357
v 0.208504409 -0.024069957 0.155789152
v 0.196510419 0.024452092 0.161811590
v 0.215560764 -0.022042243 0.160159290
v 0.199070364 0.037495617 0.165737942
v 0.226625711 -0.029756023 0.163347974
v 0.207770631 0.035686817 0.168068841
v 0.231617600 -0.022514170 0.166000515
v 0.211296648 0.046655484 0.169663042
v 0.241858780 -0.027934549 0.167012304
v 0.221576661 0.041294754 0.169444144
v 0.245423645 -0.016906232 0.167375833
v 0.226682425 0.048711490 0.168488547
v 0.254237771 -0.018540148 0.166098595
v 0.237928510 0.041275911 0.165937513
v 0.256978869 -0.005218428 0.164285213
v 0.245193303 0.043651443 0.163029373
v 0.263751835 -0.001627726 0.161254317
v 0.268511683 0.027091883 0.154416233
v 0.258250624 0.021829566 0.158927396
v 0.185105398 -0.004976687 0.145936072
v 0.257444948 0.024446212 0.157324910
v 0.186262146 -0.007916600 0.146223754
v -0.003983643 -0.003935724 0.004200079
v -0.006252427 0.002344601 0.002100050
v 0.112365372 0.115883693 0.225165755
v -0.002268780 0.006280337 -0.002100021
v 0.115945786 0.123073235 0.219465658
v 0.005849180 0.000909229 -0.003600038
v 0.122198194 0.120728649 0.217365623
v 0.124466985 0.114448324 0.219465658
v 0.002268773 -0.006280314 0.002100050
v 0.120483339 0.110512584 0.223665729
v 0.110178478 0.151924461 0.232600510
v 0.154128402 0.107365191 0.227687314
v 0.116503119 0.158968896 0.236124769
v 0.161669120 0.113253124 0.231203094
v 0.113340072 0.175695986 0.240136966
v 0.178670362 0.109570473 0.233018011
v 0.124625929 0.177832335 0.241711244
v 0.181164131 0.120605931 0.235550359
v 0.123522677 0.192546576 0.243672505
v 0.195981711 0.119205557 0.235776752
v 0.138306439 0.191219747 0.242905587
v 0.194844648 0.133993343 0.236744702
v 0.140701085 0.202470809 0.242525652
v 0.206031382 0.136345297 0.235406697
v 0.157544658 0.199131131 0.239707798
v 0.202710658 0.153415352 0.234786123
v 0.164854079 0.205430120 0.237331033
v 0.208860010 0.160927862 0.232428610
v 0.200253293 0.197129577 0.228754461
v 0.188358888 0.187877178 0.234750345
v 0.118131116 0.117167450 0.219866872
v 0.118360370 0.116410829 0.222939163
v 0.190212160 0.186356053 0.232672945
v 0.164952174 0.108512543 0.234769911
v 0.169720858 0.059897419 0.231346354
v 0.172785014 0.109656282 0.239182174
v 0.177760616 0.059739143 0.235881954
v 0.179495722 0.121349365 0.243386075
v 0.186692670 0.049146816 0.238612458
v 0.187657475 0.117121197 0.245106310
v 0.193885863 0.054635588 0.240975127
v 0.194297493 0.126638427 0.246139199
v 0.202279761 0.046557236 0.240844697
v 0.202525198 0.118652344 0.244362473
v 0.208753586 0.056166738 0.240231276
v 0.209231168 0.124411672 0.241898388
v 0.216428116 0.052209124 0.237124771
v 0.217388183 0.114249736 0.236950651
v 0.222363800 0.064332597 0.233650416
v 0.224430650 0.114638738 0.231754377
v 0.229227826 0.066028647 0.228318229
v 0.240382805 0.092605814 0.217123613
v 0.150934920 0.084073775 0.223122671
v 0.228697643 0.090332165 0.235122666
v 0.151500180 0.082870901 0.220242113
v 0.229014322 0.091622941 0.232242122
v 0.063159995 0.168396935 0.232417002
v 0.111729003 0.162892729 0.229467809
v 0.063576207 0.176089391 0.236062795
v 0.113455713 0.170507342 0.233191490
v 0.053459611 0.184942797 0.239593744
v 0.125607729 0.176868632 0.235440537
v 0.059260219 0.191943049 0.241079152
v 0.121698722 0.184955508 0.237484872
v 0.051334661 0.200399294 0.242095158
v 0.131355479 0.191444099 0.237488762
v 0.060908392 0.206814244 0.240799859
v 0.123346895 0.199826702 0.237205595
v 0.056755953 0.214685187 0.239035174
v 0.128904074 0.206611022 0.234881967
v 0.068520725 0.220702976 0.235224932
v 0.118400231 0.215120912 0.232353628
v 0.069750756 0.227858335 0.231275186
v 0.118322447 0.222405374 0.228303060
v 0.095014058 0.239419833 0.219906375
v 0.084088407 0.150487348 0.220677003
v 0.092433475 0.227891847 0.233636349
v 0.086422831 0.149905965 0.222744957
v 0.095577806 0.227584496 0.233348668
v -0.000862086 -0.004028670 0.005659215
v 0.038097616 0.161481291 0.128179863
v -0.006359018 -0.000745825 0.002829611
v 0.029090114 0.164913476 0.126158714
v -0.005496930 0.003282845 -0.002829604
v 0.029952202 0.168942139 0.120499507
v 0.004126341 0.002728267 -0.004850751
v 0.036311217 0.169687957 0.117669903
v 0.041808151 0.166405112 0.120499507
v 0.005496930 -0.003282860 0.002829611
v 0.008337619 0.192363366 0.132783785
v 0.069583125 0.179160297 0.136790767
v 0.009339444 0.202398628 0.137039706
v 0.072223485 0.188942179 0.141357705
v -0.002834000 0.215192929 0.139443815
v 0.088124506 0.195728868 0.145689562
v 0.005216703 0.223509818 0.141754866
v 0.083934106 0.206665203 0.147160068
v -0.003862303 0.235325336 0.141236991
v 0.097021461 0.213737369 0.148164257
v 0.009301685 0.242208272 0.140535444
v 0.088019088 0.225363642 0.145940647
v 0.005335961 0.252589792 0.137004972
v 0.096294463 0.233125746 0.143250719
v 0.021594390 0.258493930 0.133381441
v 0.084478423 0.245037481 0.137699425
v 0.024674295 0.267111599 0.127850041
v 0.085934922 0.253986835 0.131849647
v 0.059876658 0.277811199 0.116027221
v 0.034044482 0.165903449 0.123788722
v 0.057755802 0.263093442 0.135788724
v 0.054691959 0.263874143 0.134769484
v 0.037159506 0.165361941 0.122769490
v 0.077242300 0.183942229 0.132483423
v 0.108005427 0.145843312 0.132330999
v 0.082461461 0.188996464 0.136171058
v 0.114072241 0.149905190 0.136153147
v 0.081078731 0.202308998 0.139317393
v 0.126802087 0.145765513 0.139291480
v 0.089870609 0.203124702 0.141585320
v 0.129440576 0.154190779 0.141562894
v 0.090060882 0.214672938 0.142884836
v 0.140773505 0.151959509 0.142856091
v 0.101441890 0.212480992 0.143170387
v 0.141011849 0.163547054 0.143147945
v 0.104221292 0.221021563 0.142487511
v 0.149944648 0.164478078 0.142461598
v 0.117175303 0.217065305 0.140926242
v 0.148786098 0.177974045 0.140908316
v 0.123518653 0.221353918 0.138656214
v 0.154289141 0.183262885 0.138747767
v 0.150841609 0.211913377 0.132851571
v 0.141211331 0.205562159 0.136787593
v 0.081406556 0.156240836 0.121638015
v 0.081480443 0.155401185 0.124696352
v 0.142756864 0.204300791 0.134131327
v -0.038142592 0.177642226 0.137683243
v 0.005453843 0.199719191 0.134539440
v -0.041736498 0.183965355 0.142794132
v 0.003024276 0.206656784 0.139803916
v -0.054802891 0.185525388 0.147712499
v 0.009941244 0.218347356 0.143387303
v -0.053617958 0.194374368 0.150335595
v 0.002412980 0.222779185 0.146592483
v -0.064786747 0.197032288 0.152285829
v 0.007022167 0.233435735 0.147488669
v -0.060289513 0.207706273 0.151638508
v -0.004258574 0.236111090 0.147895381
v -0.068146005 0.212189198 0.150318310
v -0.003401865 0.245011166 0.145993114
v -0.061751164 0.223961085 0.146702856
v -0.016990390 0.246652499 0.143712640
v -0.064844280 0.230975494 0.142624527
v -0.021234555 0.253078789 0.139900178
v -0.050456963 0.255465001 0.131153733
v -0.044655107 0.245501295 0.136103436
v -0.012066489 0.174742639 0.123112120
v -0.047198672 0.244488239 0.134500951
v -0.009228854 0.176131546 0.123399802
v 0.002355691 -0.004422523 0.004887983
v -0.088838220 0.166783065 0.203740463
v -0.004172634 -0.005061239 0.002443999
v -0.095366538 0.166144341 0.201296479
v -0.006528314 -0.000638723 -0.002443954
v -0.002355676 0.004422508 -0.004887938
v -0.096270479 0.173367769 0.194662824
v 0.006114834 0.003257099 0.000000022
v -0.087021261 0.176266804 0.196408525
v -0.084665582 0.171844289 0.201296479
v -0.127306581 0.172472998 0.211491153
v -0.071873084 0.201933950 0.210759372
v -0.132273749 0.180126801 0.216550469
v -0.075390406 0.210426137 0.215950966
v -0.149264231 0.181507885 0.221006185
v -0.066985421 0.225334316 0.220139027
v -0.148081988 0.192694560 0.224134058
v -0.076876171 0.230622888 0.223383605
v -0.162530407 0.195695728 0.226159275
v -0.071273468 0.244304433 0.225197509
v -0.156998724 0.209484681 0.226661831
v -0.085792914 0.247412995 0.225911379
v -0.167097703 0.215088099 0.226061717
v -0.084818900 0.258914530 0.225194573
v -0.159023955 0.230497122 0.224133775
v -0.102140613 0.260796458 0.223534271
v -0.162947446 0.239589438 0.221576035
v -0.107555568 0.269123316 0.220820695
v -0.144725204 0.271888971 0.214034006
v -0.092756532 0.170449302 0.198292866
v -0.139259189 0.258743733 0.212037146
v -0.089910559 0.171826661 0.199312106
v -0.137271732 0.260084808 0.209959760
v -0.070449024 0.211778015 0.213579625
v -0.022431908 0.202469215 0.211212605
v -0.069495730 0.218888402 0.219025165
v -0.020180684 0.209375024 0.216813564
v -0.078938752 0.228072569 0.224050388
v -0.007607102 0.214311972 0.220851421
v -0.072619118 0.234297216 0.226964638
v -0.010887198 0.222388506 0.224196196
v -0.079841778 0.243224919 0.228920162
v -0.000726521 0.227962777 0.225372136
v -0.069733649 0.248903140 0.228477180
v -0.008001734 0.236994430 0.225708738
v -0.073167823 0.257284433 0.227075487
v -0.001836170 0.243523836 0.223876521
v -0.060839333 0.262706190 0.223562807
v -0.011524286 0.253192812 0.221351206
v -0.058909081 0.270196557 0.219568640
v -0.010883447 0.260935575 0.217216238
v -0.032476343 0.280887246 0.207937300
v -0.050912477 0.193411693 0.199626833
v -0.034972295 0.269706786 0.212060988
v -0.048188373 0.193137258 0.198024347
v -0.034889523 0.270135850 0.209220558
v -0.155891106 0.132715806 0.210007638
v -0.136735678 0.177751780 0.208341077
v -0.162966505 0.135146707 0.214082062
v -0.143335089 0.181403220 0.212561339
v -0.174190611 0.127835333 0.217781425
v -0.145794779 0.194742963 0.215581775
v -0.179134846 0.135320276 0.219868660
v -0.154560491 0.193223536 0.217965037
v -0.189464390 0.130115375 0.221117556
v -0.157970041 0.204323858 0.218677878
v -0.192889035 0.141179413 0.220531762
v -0.168314680 0.199082673 0.218628153
v -0.201698989 0.139553592 0.219107658
v -0.173303157 0.206461221 0.216908008
v -0.204229087 0.152724102 0.216071427
v -0.184597671 0.198980600 0.214550704
v -0.210896403 0.156145751 0.212436587
v -0.191765994 0.201201856 0.211108238
v -0.215143174 0.184298471 0.202842161
v -0.204429939 0.179155737 0.212219745
v -0.133042619 0.148912162 0.197161406
v -0.204589844 0.179983333 0.209161386
v -0.132336274 0.149372116 0.200219750
v 0.004378811 -0.001271451 0.005311273
v -0.176735148 0.051317640 0.167217463
v 0.000498988 -0.006457452 0.002655640
v -0.180614978 0.046131641 0.164561823
v -0.003879815 -0.005186003 -0.002655625
v -0.004378796 0.001271447 -0.005311258
v -0.185833171 0.050352201 0.157353684
v 0.001931914 0.006653393 0.000000005
v -0.181612939 0.059046540 0.159250557
v -0.177234128 0.057775091 0.164561823
v -0.209098369 0.029214213 0.175975397
v -0.191599861 0.089219868 0.170099959
v -0.218839318 0.031570062 0.180209070
v -0.200939700 0.093215369 0.174413964
v -0.232301205 0.020865664 0.184775352
v -0.206410334 0.110032409 0.176393032
v -0.239928752 0.029759362 0.186052442
v -0.217522234 0.106926143 0.178798199
v -0.252345562 0.021606866 0.187318265
v -0.223629519 0.120503351 0.178021282
v -0.258341372 0.034996308 0.184888363
v -0.235934868 0.112163089 0.177634120
v -0.269126475 0.031339556 0.182447195
v -0.243235588 0.120506302 0.174064875
v -0.274077207 0.047280900 0.176716849
v -0.256177574 0.108926207 0.170921758
v -0.282711655 0.050131511 0.171035811
v -0.265280932 0.110195003 0.165586948
v -0.291521639 0.084064789 0.154936939
v -0.276723236 0.081600182 0.174684063
v -0.181400374 0.052333761 0.160207391
v -0.277669102 0.079035431 0.173074275
v -0.180851310 0.052902576 0.163279667
v -0.196986526 0.096479952 0.172905296
v -0.156760946 0.124404952 0.172750190
v -0.201905310 0.102403484 0.177130863
v -0.160647497 0.131129116 0.177159935
v -0.215489775 0.102271095 0.180537149
v -0.155812502 0.143821210 0.180579200
v -0.215811938 0.111295119 0.182671487
v -0.164165974 0.147253469 0.182707876
v -0.227380201 0.112402737 0.183368802
v -0.161191016 0.158486739 0.183415443
v -0.224362627 0.123576291 0.182596877
v -0.172716647 0.159534633 0.182633281
v -0.232591137 0.126833439 0.180387929
v -0.172913849 0.168383569 0.180429980
v -0.227557331 0.139247015 0.176907018
v -0.186299533 0.167972639 0.176936090
v -0.231174499 0.145586938 0.172553867
v -0.190982595 0.173557654 0.172402173
v -0.219332382 0.171333686 0.161470920
v -0.168480769 0.097103901 0.163463190
v -0.167705685 0.098183550 0.160582632
v -0.213745207 0.160910875 0.173976883
v -0.211177975 0.162752241 0.173689201
v -0.199508280 -0.020594692 0.172002718
v -0.218355075 0.024448210 0.168277189
v -0.206490695 -0.023981921 0.175159082
v -0.225896120 0.022250237 0.171500444
v -0.209340349 -0.037120961 0.178445131
v -0.237409309 0.029751459 0.173153087
v -0.218300506 -0.035475299 0.179529548
v -0.242591977 0.022397503 0.174949706
v -0.221829057 -0.046517074 0.180467382
v -0.252960861 0.027652368 0.174597874
v -0.232070893 -0.041302904 0.178927571
v -0.256362349 0.016569898 0.174347728
v -0.236881137 -0.048776168 0.177241191
v -0.264950097 0.018096250 0.171949148
v -0.247801870 -0.041464739 0.173353180
v -0.267207295 0.004767423 0.169694528
v -0.254553705 -0.043900166 0.169394195
v -0.273458749 0.001140329 0.165968373
v -0.276830763 -0.027453125 0.158306479
v -0.193913952 0.006371463 0.161017522
v -0.265577108 -0.024050409 0.173976868
v -0.194543511 0.008693364 0.163085490
v -0.266840547 -0.021154720 0.173689187
v -0.001957547 0.002419912 0.039465975
v 0.206459552 0.033202786 0.111133441
v 0.001112083 0.003217572 0.030115370
v 0.206630901 0.041782048 0.106248803
v 0.000736221 -0.005585978 0.035710506
v 0.209601969 0.034578454 0.101275340
v 0.207571626 0.036420360 -0.010480035
v 0.221025020 0.036420360 -0.002455324
v 0.214111969 0.047748547 -0.003321668
v 0.199475318 0.046971671 -0.002770975
v 0.194098055 0.034646511 -0.002653834
v 0.202482074 0.024133103 -0.002770974
v 0.215844601 0.025638821 -0.002653834
v 0.230342805 0.039679430 0.007663753
v 0.222908497 0.052496273 0.005881964
v 0.198999152 0.057995994 0.007940918
v 0.188144773 0.049332421 0.007942063
v 0.185578212 0.035682924 0.005584630
v 0.189978212 0.022061784 0.007110092
v 0.212551653 0.014985500 0.005584612
v 0.226249769 0.024785032 0.005584609
v 0.234877780 0.057943497 0.022733007
v 0.212521017 0.059597570 0.008461361
v 0.173146367 0.034559499 0.022667214
v 0.196763605 0.015111812 0.008729620
v 0.209201410 0.001983972 0.022566291
v 0.223958641 0.015064447 0.013370981
v 0.240339354 0.025589494 0.022720562
v 0.242380038 0.041422591 0.023161573
v 0.220779434 0.069010891 0.023127072
v 0.202693433 0.071582071 0.022965332
v 0.185880452 0.064071283 0.022583075
v 0.174701199 0.050035719 0.023176381
v 0.174045473 0.026445480 0.023338605
v 0.179556116 0.014923249 0.023563636
v 0.193730757 0.004092688 0.023161577
v 0.221412480 0.004092687 0.023161566
v 0.235456198 0.014749305 0.022742696
v 0.244349524 0.057556421 0.039625075
v 0.237643033 0.066491805 0.039508082
v 0.207873672 0.078767620 0.039119340
v 0.193109125 0.072157077 0.031172547
v 0.177185208 0.059562180 0.030506548
v 0.166494042 0.047272418 0.039446656
v 0.237719834 0.006483393 0.039446648
v 0.244349539 0.015284305 0.039625082
v 0.250090539 0.029992774 0.039320838
v 0.248658270 0.047429483 0.039236728
v 0.223477796 0.076171510 0.038795866
v 0.190928772 0.075955838 0.039207861
v 0.173454747 0.062445763 0.039204683
v 0.165096253 0.030916540 0.038850967
v 0.173382282 0.010332429 0.039655644
v 0.186517775 -0.000604939 0.039299373
v 0.202761754 -0.006309038 0.039317578
v 0.223769099 -0.003418391 0.039237000
v 0.254917175 0.036420386 0.061199758
v 0.231482983 0.076965697 0.059386849
v 0.207818419 0.083049662 0.056831341
v 0.195456341 -0.008623917 0.056714211
v 0.231144696 -0.004409394 0.059882831
v 0.253020823 0.048598409 0.061402194
v 0.245083511 0.064861454 0.055903107
v 0.219245717 0.082239188 0.062511981
v 0.195884347 0.082020834 0.059536692
v 0.183889359 0.077348933 0.062487330
v 0.174505800 0.069893740 0.059927464
v 0.163956806 0.054234106 0.056536939
v 0.160285309 0.036375180 0.062487304
v 0.162139311 0.023967542 0.060607102
v 0.166643083 0.012738045 0.062487315
v 0.174098238 0.003354532 0.059927497
v 0.184436545 -0.004815748 0.062511981
v 0.207571626 -0.010568892 0.058850534
v 0.219853878 -0.009243022 0.062487308
v 0.240587145 0.003408231 0.056390762
v 0.248350129 0.013109737 0.059214611
v 0.252674907 0.024385888 0.056367911
v 0.245311737 0.059201222 0.088969156
v 0.238379255 0.068040460 0.088576443
v 0.207274795 0.080495611 0.088996299
v 0.169628769 0.058326688 0.089749888
v 0.165081382 0.048400328 0.088576421
v 0.196730703 -0.006249407 0.089299172
v 0.238778487 0.005591188 0.089451149
v 0.249921888 0.024183605 0.088969156
v 0.249177337 0.047568560 0.091305457
v 0.196336865 0.078033656 0.091253571
v 0.180199161 0.070029423 0.091216713
v 0.164832875 0.030098341 0.091636986
v 0.207571626 -0.006823218 0.090678334
v 0.224969313 -0.003040465 0.091905490
v 0.245021656 0.014798570 0.090678334
v 0.250531524 0.036095247 0.091362253
v 0.225336015 0.075739741 0.091704167
v 0.170605645 0.014861460 0.091789134
v 0.180408642 0.002804116 0.091434374
v 0.241052449 0.040828153 0.106261551
v 0.234526679 0.057103667 0.106253445
v 0.219790176 0.068002768 0.106258228
v 0.198734462 0.069401048 0.106280901
v 0.181198865 0.057662260 0.106258228
v 0.173886225 0.040855095 0.106253445
v 0.178449452 0.018281575 0.106278501
v 0.199805200 0.003001816 0.106278501
v 0.224643677 0.006850675 0.106280901
v 0.238961414 0.023418261 0.106253445
v 0.207571626 0.036420360 0.107999735
v 0.225593552 0.028357081 0.108665735
v 0.221414909 0.049386188 0.108238026
v 0.223445579 0.058137815 0.103313878
v 0.227297530 0.044026911 0.107618906
v 0.227297515 0.044026975 0.100878701
v 0.229478106 0.047599923 0.104248799
v 0.227737337 0.020573890 0.104248799
v 0.225593552 0.028357077 0.099831872
v 0.222249895 0.021362381 0.100757912
v 0.222249895 0.021362387 0.107739687
v 0.221884325 0.014867874 0.104248799
v 0.217413068 0.047599927 0.104248799
v 0.219593659 0.044026971 0.100878693
v 0.220809326 0.051068548 0.108665735
v 0.199518204 0.053592771 0.108238026
v 0.191822425 0.058228459 0.103313878
v 0.206432983 0.057531375 0.107618906
v 0.198732287 0.060495920 0.104248799
v 0.206432983 0.057531379 0.100878701
v 0.224973485 0.053800009 0.104248799
v 0.227167428 0.048001397 0.100757912
v 0.226428434 0.045727056 0.107739694
v 0.232492134 0.043372467 0.104248799
v 0.219481826 0.046982866 0.099831872
v 0.199980423 0.049234785 0.104248799
v 0.204052344 0.050204542 0.100878701
v 0.193459526 0.039117839 0.108578756
v 0.184911132 0.034271490 0.107739694
v 0.184911132 0.034271486 0.100757919
v 0.180798009 0.029232187 0.104248799
v 0.196084097 0.054168832 0.107618906
v 0.196084097 0.054168832 0.100878701
v 0.196420088 0.058341127 0.104248799
v 0.204547524 0.057230193 0.107739694
v 0.207494527 0.063320644 0.103313878
v 0.207515746 0.056048278 0.104248799
v 0.202316672 0.049640615 0.100878701
v 0.193038568 0.033160560 0.104248799
v 0.191727594 0.037964970 0.099831879
v 0.195999146 0.020456884 0.108578756
v 0.204547524 0.015610537 0.107739694
v 0.207494542 0.009520093 0.103313878
v 0.196420088 0.014499605 0.104248799
v 0.196084082 0.018671904 0.100878701
v 0.184911147 0.038569231 0.107739694
v 0.184911132 0.038569238 0.100757919
v 0.180798009 0.043608535 0.104248799
v 0.193374574 0.035507854 0.107618906
v 0.191727594 0.034875754 0.099831879
v 0.193038568 0.039680161 0.104248799
v 0.202316657 0.023200126 0.100878701
v 0.207515746 0.016792446 0.104248799
v 0.207550883 0.016703492 0.108578756
v 0.227167413 0.024839327 0.107739694
v 0.232492134 0.029468261 0.104248799
v 0.224973500 0.019040713 0.104248799
v 0.227167428 0.024839325 0.100757912
v 0.198732287 0.012344797 0.104248799
v 0.207550883 0.016703490 0.099918850
v 0.197786495 0.017807325 0.107739694
v 0.197786480 0.017807325 0.100757912
v 0.191496864 0.016148079 0.104248799
v 0.218520954 0.027337313 0.107618906
v 0.210601389 0.027095720 0.104248799
v 0.218520939 0.027337311 0.100878701
v 0.246472776 0.034064174 0.035944615
v 0.244107127 0.035388459 0.029988661
v 0.248028845 0.034902897 0.029111329
v 0.247629225 0.031953115 0.029728957
v 0.243916869 0.032449894 0.034050528
v 0.245385215 0.033083186 0.027504215
v 0.237699971 0.057658650 0.031686313
v 0.239009321 0.058844104 0.025028495
v 0.240816429 0.057065442 0.029912377
v 0.239224970 0.056734819 0.023494517
v 0.237308800 0.055303585 0.030175505
v 0.235982940 0.056705985 0.024700331
v 0.232755482 0.067195646 0.064082570
v 0.230889753 0.068907708 0.058028966
v 0.235147089 0.068110645 0.061527323
v 0.233343124 0.067788862 0.055544529
v 0.235147089 0.066280648 0.057715159
v 0.230363891 0.066280656 0.061527327
v 0.232033789 0.065416992 0.057040118
v 0.215479314 0.074574098 0.067152590
v 0.216201007 0.076352753 0.060110148
v 0.217870921 0.075489096 0.064597346
v 0.217345059 0.072862044 0.061098997
v 0.213674486 0.074534848 0.058911491
v 0.213087723 0.073659107 0.064597353
v 0.203581914 0.077949226 0.050996691
v 0.206561163 0.078271009 0.048826061
v 0.204891250 0.079134665 0.044338863
v 0.206561163 0.076441012 0.045013897
v 0.204891250 0.075577356 0.049501095
v 0.201777965 0.076441020 0.048826065
v 0.203581914 0.076762803 0.042843271
v 0.201777965 0.078271009 0.045013893
v 0.185113087 0.069588847 0.056652293
v 0.183803737 0.071960717 0.055156700
v 0.184525430 0.070182055 0.048114259
v 0.186917037 0.071097054 0.054481663
v 0.186391175 0.068470001 0.050983313
v 0.182133839 0.069267064 0.054481670
v 0.182133839 0.071097054 0.050669495
v 0.168196738 0.050536830 0.052906945
v 0.169506073 0.051722284 0.046249125
v 0.171313182 0.049943618 0.051133014
v 0.169721738 0.049612995 0.044715151
v 0.167805582 0.048181757 0.051396135
v 0.166479707 0.049584158 0.045920961
v 0.166989848 0.033333536 0.061798882
v 0.168299198 0.034518991 0.055141069
v 0.170106307 0.032740325 0.060024951
v 0.168514848 0.032409701 0.053607091
v 0.166598678 0.030978465 0.060288075
v 0.165272817 0.032380868 0.054812904
v 0.172870323 0.024108270 0.030468101
v 0.175849572 0.024430063 0.028297467
v 0.174179658 0.025293723 0.023810280
v 0.175849572 0.022600058 0.024485311
v 0.174179658 0.021736400 0.028972497
v 0.171066374 0.022600062 0.028297473
v 0.172870323 0.022921853 0.022314677
v 0.171066374 0.024430061 0.024485305
v 0.184263125 0.008046946 0.030846277
v 0.184397161 0.010418814 0.024188455
v 0.186067075 0.009555151 0.028675646
v 0.185541213 0.006928091 0.025177302
v 0.182094425 0.008631743 0.022869376
v 0.181538612 0.008804863 0.029955231
v 0.195804134 -0.001743942 0.064583555
v 0.200000539 -0.000868185 0.062709861
v 0.198330641 -0.000004524 0.058222670
v 0.200000539 -0.002698192 0.058897696
v 0.198330641 -0.003561851 0.063384883
v 0.197021306 -0.002376401 0.056727070
v 0.195217371 -0.000868179 0.058897693
v 0.221642330 -0.002723040 0.054964591
v 0.219115809 -0.000905132 0.053765923
v 0.221642330 -0.002644545 0.047405034
v 0.219115809 -0.004462454 0.048603702
v 0.217445910 -0.003598794 0.053090893
v 0.217445910 -0.001768790 0.049278732
v 0.235747069 0.008510605 0.061120663
v 0.239057973 0.009425607 0.058778785
v 0.237388059 0.010289268 0.054291595
v 0.237603724 0.008179979 0.052757621
v 0.238322735 0.006787329 0.058724675
v 0.234361693 0.008151144 0.053963430
v 0.246090904 0.023307506 0.066443510
v 0.243564382 0.025125412 0.065244839
v 0.246090904 0.023386000 0.058883950
v 0.243564382 0.021568092 0.060082622
v 0.241894484 0.022431752 0.064569809
v 0.241894484 0.024261756 0.060757648
v 0.001760567 0.001978972 0.004431361
v 0.013921416 -0.147774667 0.063979194
v 0.020757522 -0.147682756 0.062321190
v 0.004406151 -0.000444859 -0.002321202
v -0.002283558 -0.001855049 -0.003979198
v 0.019191261 -0.150392339 0.056020815
v 0.012355147 -0.150484249 0.057678804
v -0.004406151 0.000444874 0.002321182
v 0.021792561 -0.144685328 0.068951018
v 0.012512037 -0.139319688 0.067732729
v 0.016556339 -0.131187826 0.059999999
v 0.028661309 -0.136978522 0.062781148
v 0.028661309 -0.136978522 0.057218842
v 0.023410926 -0.146244243 0.051142961
v 0.033675350 -0.149083495 0.062781148
v 0.033675350 -0.149083495 0.057218842
v 0.025873078 -0.152942598 0.067687705
v 0.028661309 -0.161188468 0.062781148
v 0.028661309 -0.161188468 0.057218842
v 0.020600636 -0.158847317 0.052267261
v 0.016162999 -0.165355131 0.064365365
v 0.016556336 -0.166202515 0.057218842
v 0.004451362 -0.161188468 0.062781148
v 0.004451362 -0.161188468 0.057218842
v 0.007239589 -0.152942613 0.052312288
v 0.007239592 -0.152942613 0.067687705
v -0.000562681 -0.149083495 0.062781148
v -0.000562681 -0.149083495 0.057218842
v 0.004451362 -0.136978522 0.062781148
v 0.004451362 -0.136978522 0.057218842
v 0.012512038 -0.139319673 0.052267261
v 0.054017030 -0.146793664 0.063878015
v 0.035135195 -0.142142698 0.063101687
v 0.041556336 -0.138083488 0.059999995
v 0.035135239 -0.142142683 0.056898307
v 0.057112686 -0.141305327 0.059999995
v 0.049638011 -0.144754067 0.056078721
v 0.062998682 -0.149083495 0.059318621
v 0.057112683 -0.156861663 0.059999995
v 0.047977455 -0.156024307 0.063101687
v 0.041556336 -0.160083488 0.059999995
v 0.047977429 -0.156024322 0.056898307
v 0.025999989 -0.156861663 0.059999995
v 0.027015910 -0.151794925 0.063202292
v 0.020681167 -0.145303950 0.059999995
v 0.027015900 -0.151794925 0.056797709
v 0.030896660 -0.118958823 0.063921273
v 0.013820139 -0.121907897 0.059999995
v 0.015696429 -0.129269078 0.056898307
v 0.019664872 -0.117055453 0.063101694
v 0.021691453 -0.108108528 0.059999995
v 0.022661602 -0.116283104 0.056078725
v 0.030907810 -0.104914196 0.060681377
v 0.036486417 -0.112915702 0.059999995
v 0.031353708 -0.112316176 0.056797709
v 0.034743384 -0.128706276 0.059999995
v 0.028898645 -0.133558720 0.063101687
v 0.026872069 -0.142505631 0.059999995
v 0.028898651 -0.133558720 0.056898307
v 0.017655708 -0.145699963 0.059318621
v 0.017209811 -0.138297990 0.063202284
v 0.012077102 -0.137698457 0.059999995
v -0.007662528 -0.126136005 0.063921273
v -0.002554002 -0.143778339 0.063101687
v -0.010134726 -0.143288046 0.059999995
v -0.002554025 -0.143778324 0.056898307
v -0.017026277 -0.128035799 0.063202284
v -0.020826336 -0.131537750 0.059999995
v -0.017026279 -0.128035799 0.056797709
v -0.018335890 -0.119061023 0.059999999
v -0.007662514 -0.126136005 0.056078725
v 0.002796548 -0.125489682 0.059999995
v 0.005605396 -0.132547855 0.063101687
v 0.013488157 -0.137239978 0.059999995
v 0.005605399 -0.132547855 0.056898307
v 0.008916262 -0.143532649 0.062828422
v 0.013678133 -0.146992356 0.059318621
v 0.004344366 -0.149825335 0.059999995
v 0.000324331 -0.155525267 0.063921273
v 0.002796550 -0.172677308 0.059999995
v -0.004784174 -0.173167616 0.056898307
v -0.004784138 -0.173167586 0.063101687
v -0.011682541 -0.179214597 0.059999995
v -0.016254436 -0.172921926 0.062828422
v -0.021016307 -0.176381618 0.059318621
v -0.020826334 -0.166629240 0.059999995
v -0.012752065 -0.165025845 0.056078725
v -0.012943577 -0.161937132 0.063101687
v -0.010134727 -0.154878944 0.059999995
v 0.004344363 -0.148341656 0.059999995
v -0.002554013 -0.154388651 0.056898307
v 0.015440847 -0.154565737 0.059999995
v 0.009688096 -0.157425061 0.063202284
v 0.009688103 -0.157425046 0.056797709
v 0.030896664 -0.179208159 0.063921273
v 0.028898647 -0.164608270 0.063101687
v 0.034743384 -0.169460714 0.059999995
v 0.028898649 -0.164608270 0.056898307
v 0.031353720 -0.185850799 0.056797709
v 0.026196299 -0.187526569 0.063202284
v 0.034327123 -0.191545427 0.059999995
v 0.021691456 -0.190058470 0.059999995
v 0.019664874 -0.181111544 0.056898307
v 0.013820141 -0.176259100 0.059999995
v 0.015696429 -0.168897927 0.063101687
v 0.012077101 -0.160468534 0.059999995
v 0.017666856 -0.166511655 0.056078725
v 0.019474583 -0.158064947 0.062828422
v 0.017655712 -0.152467027 0.059318621
v 0.026872065 -0.155661345 0.059999995
vn 0.000000017 -0.000000007 1.000000000
vn -0.000002043 0.450434566 0.892809451
vn -0.000009648 0.914307833 0.405020088
vn 0.000004780 0.914311528 -0.405011714
vn 0.000000000 0.450433195 -0.892810166
vn 0.000000003 -0.000000007 -1.000000000
vn 0.318503916 0.318506688 0.892809570
vn 0.646506369 0.646520078 0.405020088
vn 0.646513939 0.646507204 -0.405028611
vn 0.318506271 0.318506181 -0.892808795
vn 0.450434536 0.000002026 0.892809570
vn 0.914307833 0.000009595 0.405020177
vn 0.914311528 -0.000004768 -0.405011684
vn 0.450433165 0.000000000 -0.892810166
vn 0.318506718 -0.318503827 0.892809510
vn 0.646520078 -0.646506429 0.405020177
vn 0.646507204 -0.646513939 -0.405028671
vn 0.318506241 -0.318506211 -0.892808914
vn 0.000002031 -0.450434536 0.892809570
vn 0.000009638 -0.914307833 0.405020237
vn -0.000004787 -0.914311528 -0.405011743
vn 0.000000005 -0.450433195 -0.892810166
vn -0.318503857 -0.318506718 0.892809451
vn -0.646506429 -0.646520078 0.405020207
vn -0.646513939 -0.646507204 -0.405028641
vn -0.318506211 -0.318506211 -0.892808795
vn -0.450434536 -0.000002026 0.892809570
vn -0.914307833 -0.000009595 0.405020177
vn -0.914311528 0.000004768 -0.405011684
vn -0.450433165 0.000000000 -0.892810166
vn -0.318506747 0.318503797 0.892809510
vn -0.646520078 0.646506429 0.405020177
vn -0.646507263 0.646513939 -0.405028671
vn -0.318506271 0.318506181 -0.892808795
vn 0.683776855 0.720162749 0.117536567
vn -0.204281643 0.375974208 0.903832078
vn 0.858867347 -0.277525872 -0.430495441
vn 0.451161295 -0.549512208 0.703199685
vn -0.147337824 -0.155262768 -0.976824045
vn -0.333134264 -0.941899180 -0.042982560
vn -0.321429253 0.843474746 -0.430387765
vn -0.987618566 -0.015403350 0.156116202
vn 0.212768957 0.337928623 0.916806281
vn 0.217483386 0.344533920 0.913234591
vn 0.183792785 0.309200764 0.933067560
vn 0.185555995 0.311676621 0.931894064
vn 0.120976865 0.246580377 0.961541891
vn 0.120974682 0.246579483 0.961542368
vn 0.045330748 0.169760928 0.984442174
vn 0.045331441 0.169761330 0.984442055
vn -0.043572415 0.077579334 0.996033669
vn -0.043567937 0.077582441 0.996033549
vn -0.132703945 -0.016904194 0.991011620
vn -0.132704049 -0.016903736 0.991011560
vn -0.208139434 -0.098560557 0.973120630
vn -0.208138913 -0.098558724 0.973120928
vn -0.271970481 -0.167717755 0.947577357
vn -0.274670273 -0.171976954 0.946033955
vn -0.316350192 -0.214933544 0.923973083
vn -0.321566761 -0.223368421 0.920163751
vn -0.357447386 -0.261739284 0.896506548
vn 0.935138047 0.306712866 0.177325219
vn -0.442116857 -0.641728938 0.626671076
vn 0.209868655 0.903103590 -0.374645263
vn -0.702476084 -0.568296075 -0.428447098
vn 0.449421436 0.055493630 0.891594589
vn 0.463706821 0.054639351 0.884302258
vn 0.407436401 0.047703579 0.911986828
vn 0.412839800 0.047404125 0.909569204
vn 0.303073853 0.032582927 0.952409923
vn 0.303077549 0.032583497 0.952408731
vn 0.167529330 0.014432931 0.985761404
vn 0.167533144 0.014433070 0.985760808
vn 0.002725094 -0.007430662 0.999968708
vn 0.002731659 -0.007430431 0.999968708
vn -0.165101334 -0.029472483 0.985836208
vn -0.165100902 -0.029472271 0.985836208
vn -0.305468172 -0.047728270 0.951005459
vn -0.305468202 -0.047727641 0.951005399
vn -0.418005377 -0.062233973 0.906310320
vn -0.423344761 -0.061938554 0.903848946
vn -0.494936138 -0.071086161 0.866016746
vn -0.505019248 -0.070437148 0.860229254
vn -0.560207784 -0.077560939 0.824713111
vn -0.724194288 -0.218362898 0.654110372
vn 0.755990088 -0.021958822 -0.654214621
vn -0.916651487 0.000788419 -0.399686873
vn 0.884806991 0.239630818 0.399617076
vn -0.002248804 0.518543363 0.855048358
vn 0.002258158 0.532480001 0.846439600
vn -0.004519606 0.476291567 0.879275799
vn -0.002854633 0.481606543 0.876382887
vn -0.014231481 0.369956970 0.928939939
vn -0.014231430 0.369954020 0.928941071
vn -0.027576987 0.228656411 0.973116577
vn -0.027576810 0.228657812 0.973116219
vn -0.042652208 0.054051150 0.997626841
vn -0.042652190 0.054051284 0.997626841
vn -0.056638040 -0.125588641 0.990464330
vn -0.056638531 -0.125589877 0.990464211
vn -0.067150988 -0.276155412 0.958764315
vn -0.067152075 -0.276159525 0.958763003
vn -0.074645296 -0.395816803 0.915290713
vn -0.076007172 -0.401314110 0.912781417
vn -0.080293760 -0.477058649 0.875195920
vn -0.082878590 -0.487374991 0.869250715
vn -0.085697420 -0.545207739 0.833909214
vn -0.529321671 -0.745604694 0.404835999
vn 0.176966444 0.734255552 -0.655401945
vn 0.401136994 -0.904160917 -0.146909282
vn -0.049614444 0.915755808 0.398659885
vn -0.005407027 0.140754208 0.990029812
vn 0.603059053 0.793311477 -0.083526276
vn 0.691956818 -0.110826939 0.713381529
vn 0.679131806 0.172820807 -0.713381410
vn 0.672185898 -0.735654712 0.083535917
vn 0.007316659 -0.140653446 -0.990031838
vn -0.751180351 0.161598071 -0.640010953
vn -0.365051985 -0.927986741 -0.074684337
vn -0.447312176 0.891253710 0.074690737
vn -0.733531296 -0.228731945 0.640010655
vn 0.067256242 0.403822750 0.912361681
vn 0.068601228 0.417492419 0.906087220
vn 0.072749779 0.361495674 0.929531276
vn 0.073264219 0.366633773 0.927476108
vn 0.081532009 0.258793265 0.962485671
vn 0.081531212 0.258795291 0.962485135
vn 0.089848123 0.128686175 0.987606823
vn 0.089847684 0.128686041 0.987606943
vn 0.097606182 -0.027390517 0.994848073
vn 0.097606309 -0.027384399 0.994848371
vn 0.103030160 -0.184817508 0.977357328
vn 0.103030369 -0.184817120 0.977357388
vn 0.105627060 -0.316531271 0.942682803
vn 0.105626799 -0.316528589 0.942683756
vn 0.106294416 -0.423231781 0.899764717
vn 0.105397202 -0.428171664 0.897530198
vn 0.105010360 -0.496627688 0.861587942
vn 0.103134386 -0.506014228 0.856337011
vn 0.102377921 -0.559406340 0.822546840
vn 0.373602539 0.808292687 -0.455065131
vn 0.579050183 -0.801720321 0.148139730
vn -0.447542578 0.856002033 0.258778125
vn -0.503737271 -0.862512827 0.048170049
vn 0.339601457 0.341412693 0.876417875
vn 0.349736720 0.351500541 0.868407547
vn 0.317547053 0.304799765 0.897920370
vn 0.321390957 0.308625042 0.895242095
vn 0.258502245 0.216650188 0.941402853
vn 0.258499265 0.216647983 0.941404164
vn 0.178807244 0.103155874 0.978461444
vn 0.178804204 0.103154622 0.978462160
vn 0.079516836 -0.034192223 0.996246934
vn 0.079511680 -0.034198049 0.996247172
vn -0.023961136 -0.173027694 0.984625518
vn -0.023960648 -0.173028439 0.984625340
vn -0.112171113 -0.288001150 0.951037824
vn -0.112171151 -0.288003564 0.951037109
vn -0.183837622 -0.379016787 0.906945467
vn -0.187987581 -0.382631093 0.904574037
vn -0.234155819 -0.439930767 0.866967082
vn -0.242122918 -0.446629018 0.861335576
vn -0.277929902 -0.490403593 0.825989902
vn -0.842875957 -0.354526967 0.404809624
vn 0.537453175 0.530655921 -0.655399442
vn -0.135715276 -0.979787707 -0.146960631
vn 0.440584362 0.804286957 0.398757964
vn -0.270613134 0.283319235 0.920053661
vn -0.277204275 0.294410318 0.914593041
vn -0.242361024 0.253760546 0.936411679
vn -0.244848743 0.257906348 0.934630096
vn -0.177174628 0.180905193 0.967410266
vn -0.177176014 0.180907831 0.967409432
vn -0.096183613 0.089055270 0.991371691
vn -0.096186683 0.089054815 0.991371453
vn 0.000904873 -0.020656107 0.999786317
vn 0.000899947 -0.020655319 0.999786317
vn 0.099508569 -0.131648570 0.986289442
vn 0.099506035 -0.131648377 0.986289680
vn 0.182929248 -0.225196421 0.956986666
vn 0.182926178 -0.225195393 0.956987500
vn 0.251893222 -0.302268714 0.919338644
vn 0.254416674 -0.306343764 0.917292535
vn 0.299277902 -0.356317192 0.885138869
vn 0.304089427 -0.364179224 0.880285919
vn 0.339774132 -0.403702348 0.849457562
vn -0.204786763 0.851865292 -0.482066363
vn 0.951397061 -0.253351241 0.175091103
vn -0.891819477 0.388696790 0.231458023
vn 0.146241128 -0.986404896 0.074959837
vn -0.041917898 0.048662681 0.997935236
vn -0.033398803 0.999144912 -0.024374567
vn 0.643654406 0.308609039 0.700335264
vn 0.382829040 0.602469802 -0.700337112
vn 0.988118351 -0.151752323 0.024359481
vn 0.043355245 -0.047413301 -0.997934103
vn -0.717777312 -0.310777158 -0.623067737
vn 0.294723660 -0.944582522 -0.144574746
vn -0.902920365 0.404762834 0.144574329
vn -0.393784314 -0.675812185 0.623066545
vn -0.383526772 0.380318224 0.841584980
vn -0.389793217 0.391794741 0.833401561
vn -0.356370449 0.351311237 0.865783155
vn -0.358786434 0.355642051 0.863012850
vn -0.291942626 0.277388722 0.915327907
vn -0.291945487 0.277390540 0.915326357
vn -0.208706528 0.181032524 0.961076975
vn -0.208705187 0.181032151 0.961077273
vn -0.105693877 0.063207485 0.992387831
vn -0.105692916 0.063207626 0.992387950
vn 0.001440250 -0.057830367 0.998325408
vn 0.001441286 -0.057830188 0.998325348
vn 0.093481056 -0.160642505 0.982575893
vn 0.093479715 -0.160640478 0.982576370
vn 0.169574574 -0.244801819 0.954629064
vn 0.172431856 -0.249313235 0.952948153
vn 0.222153321 -0.303844005 0.926459253
vn 0.227635682 -0.312524766 0.922231138
vn 0.267047435 -0.355281919 0.895801544
vn 0.181586578 -0.908126652 0.377269506
vn -0.422222972 0.653521180 -0.628202021
vn 0.925648153 -0.335573286 -0.174832031
vn -0.685637832 0.589738011 0.426743209
vn -0.036731955 0.539090395 0.841446579
vn -0.034634996 0.551725924 0.833306015
vn -0.033262841 0.500013888 0.865378320
vn -0.032500152 0.504814923 0.862615645
vn -0.028403452 0.403441668 0.914564431
vn -0.028403563 0.403439492 0.914565384
vn -0.023128554 0.277864844 0.960341692
vn -0.023128476 0.277862757 0.960342348
vn -0.016371192 0.123274736 0.992237508
vn -0.016370894 0.123268366 0.992238343
vn -0.009079681 -0.037102558 0.999270201
vn -0.009079363 -0.037103336 0.999270201
vn -0.002611490 -0.174464211 0.984660029
vn -0.002611249 -0.174468517 0.984659314
vn 0.003184737 -0.293856770 0.955844164
vn 0.003824660 -0.288696706 0.957412899
vn 0.008168042 -0.376132935 0.926529706
vn 0.009445813 -0.366162598 0.930503011
vn 0.012847212 -0.435698450 0.900000989
vn -0.431808531 -0.806059539 0.404733747
vn 0.083702199 0.750665963 -0.655358374
vn 0.511182129 -0.846804678 -0.147019729
vn -0.163794562 0.902321815 0.398731470
vn -0.564126253 0.060339417 0.823480844
vn -0.577183545 0.065904871 0.813950658
vn -0.523535788 0.054886572 0.850233972
vn -0.528544366 0.056963030 0.846992373
vn -0.420943022 0.036887519 0.906336725
vn -0.420939475 0.036886532 0.906338394
vn -0.283186406 0.012038310 0.958989322
vn -0.283184141 0.012037923 0.958989978
vn -0.111037031 -0.017876258 0.993655562
vn -0.111030586 -0.017876364 0.993656218
vn 0.068008222 -0.047775026 0.996540248
vn 0.068014868 -0.047775079 0.996539772
vn 0.219469979 -0.072114833 0.972950339
vn 0.219475269 -0.072115421 0.972949147
vn 0.340676427 -0.090923354 0.935773849
vn 0.346182048 -0.092817627 0.933564663
vn 0.423388630 -0.104452424 0.899906576
vn 0.433769912 -0.108058892 0.894520521
vn 0.493005097 -0.116601594 0.862177491
vn -0.718652248 0.671800554 -0.179507390
vn 0.828794956 0.277362913 0.485971808
vn -0.913239658 -0.399555206 -0.079680741
vn 0.802926421 -0.551046491 -0.227281719
vn -0.923528492 0.276830226 0.265443325
vn -0.199067563 0.908716977 -0.366886377
vn 0.123634443 0.387587696 0.913504422
vn 0.879950643 0.472373068 0.050503716
vn 0.060197033 -0.018137133 -0.998021781
vn -0.665857494 -0.649547458 -0.367044866
vn 0.741256237 -0.646747172 -0.179602996
vn -0.016591413 -0.731073320 0.682097137
vn -0.406561166 0.043876369 0.912569404
vn -0.413820863 0.047826789 0.909101188
vn -0.376297057 0.034796841 0.925845444
vn -0.378996193 0.036245260 0.924688220
vn -0.308619350 0.012949006 0.951097488
vn -0.308619767 0.012949513 0.951097429
vn -0.228352964 -0.012975860 0.973491907
vn -0.228350043 -0.012975442 0.973492622
vn -0.133318767 -0.042844728 0.990146756
vn -0.133314908 -0.042844258 0.990147233
vn -0.036091283 -0.072526999 0.996713281
vn -0.036085691 -0.072527148 0.996713459
vn 0.048962265 -0.097785980 0.994002342
vn 0.048967853 -0.097786948 0.994001925
vn 0.127892271 -0.120635472 0.984423995
vn 0.125054881 -0.119314261 0.984949470
vn 0.185280770 -0.136398122 0.973173440
vn 0.179561362 -0.133754998 0.974611402
vn 0.229792953 -0.147800565 0.961951256
vn -0.639415026 0.619548500 -0.455310971
vn 0.947995782 0.281693608 0.148164809
vn -0.955794871 -0.139773920 0.258688033
vn 0.647509873 -0.760541320 0.048042204
vn -0.181769416 0.293574929 0.938495457
vn -0.187046573 0.305136234 0.933758855
vn -0.157078087 0.260919303 0.952495456
vn -0.159056351 0.265233338 0.950974464
vn -0.101293720 0.181670934 0.978128493
vn -0.101291314 0.181668550 0.978129148
vn -0.033253618 0.082758270 0.996014714
vn -0.033251837 0.082757048 0.996014833
vn 0.047205575 -0.034856752 0.998276889
vn 0.047208156 -0.034856405 0.998276770
vn 0.127923474 -0.153558895 0.979824126
vn 0.127926484 -0.153557613 0.979823947
vn 0.195585400 -0.253642946 0.947318196
vn 0.195585132 -0.253640950 0.947318792
vn 0.250343531 -0.336782455 0.907692552
vn 0.254067779 -0.340628415 0.905219197
vn 0.286087185 -0.393592596 0.873635530
vn 0.293305784 -0.400967747 0.867869020
vn 0.321241140 -0.446145773 0.835319161
vn -0.247404829 0.741130292 -0.624112844
vn 0.604245603 -0.496541560 0.623164356
vn -0.690356076 0.622557342 0.368552446
vn 0.333675742 -0.867338777 -0.369302064
vn -0.452642679 -0.219166234 0.864338398
vn -0.465193629 -0.221368030 0.857082903
vn -0.416537374 -0.203148112 0.886130631
vn -0.421270192 -0.204013929 0.883690953
vn -0.327221543 -0.167126104 0.930051088
vn -0.327220380 -0.167124942 0.930051684
vn -0.212410033 -0.121488675 0.969599128
vn -0.212410539 -0.121489011 0.969599068
vn -0.072596669 -0.065113023 0.995233655
vn -0.072595678 -0.065113537 0.995233774
vn 0.071259476 -0.006248669 0.997438192
vn 0.071258403 -0.006248748 0.997438312
vn 0.193964571 0.044647470 0.979992032
vn 0.193960518 0.044646673 0.979992867
vn 0.295663834 0.086216711 0.951393545
vn 0.300731510 0.089477450 0.949502110
vn 0.364970028 0.113363504 0.924091756
vn 0.374740094 0.119760931 0.919362366
vn 0.429670721 0.141144350 0.891886413
vn 0.904208779 -0.136659443 0.404636592
vn -0.965204120 0.192777857 -0.176685452
vn 0.627222955 0.764479160 -0.148873001
vn -0.566338181 -0.820376217 -0.079019621
vn -0.710752130 -0.703316212 -0.013333341
vn -0.967866719 0.008414803 -0.251323074
vn -0.438852638 0.138345972 0.887845039
vn -0.422960520 0.479315937 -0.768999815
vn -0.094216049 0.952290595 0.290286034
vn 0.438847631 -0.138347223 -0.887847304
vn 0.710750043 0.703318298 0.013332265
vn 0.967863142 -0.008406001 0.251336902
vn 0.094207853 -0.952288628 -0.290295094
vn 0.422961622 -0.479315549 0.768999398
vn -0.193733767 -0.294274658 0.935879171
vn -0.200517565 -0.298756897 0.933025718
vn -0.171390608 -0.271972567 0.946919322
vn -0.173890203 -0.273641199 0.945982397
vn -0.120497033 -0.223185346 0.967299700
vn -0.120496437 -0.223184213 0.967300057
vn -0.060614284 -0.165849924 0.984286368
vn -0.060612001 -0.165849790 0.984286606
vn 0.009150588 -0.098092452 0.995135248
vn 0.009152834 -0.098092273 0.995135248
vn 0.079409383 -0.028819581 0.996425450
vn 0.079409868 -0.028819717 0.996425390
vn 0.140051484 0.031824354 0.989632666
vn 0.140051901 0.031825896 0.989632547
vn 0.193226129 0.085676603 0.977406383
vn 0.195886195 0.087646969 0.976701915
vn 0.232075930 0.124724858 0.964668095
vn 0.237415388 0.128697976 0.962845147
vn 0.267727256 0.160077572 0.950103819
vn 0.273519665 0.845784605 0.458077878
vn -0.630442500 -0.455307722 -0.628678858
vn -0.552567780 -0.716556549 0.425694346
vn 0.911028743 0.324428022 -0.254505634
vn -0.477897584 -0.105618581 0.872042894
vn -0.490048707 -0.108974077 0.864856601
vn -0.427441627 -0.101994522 0.898270965
vn -0.432120562 -0.103279538 0.895882368
vn -0.307867408 -0.093287669 0.946844816
vn -0.307876319 -0.093287736 0.946841896
vn -0.145047396 -0.079660363 0.986212671
vn -0.145045862 -0.079660274 0.986212909
vn 0.056227412 -0.060284242 0.996596336
vn 0.056233056 -0.060284264 0.996596038
vn 0.259421766 -0.037943352 0.965018451
vn 0.259421259 -0.037943378 0.965018690
vn 0.423108011 -0.017719133 0.905905962
vn 0.423103243 -0.017719513 0.905908227
vn 0.544944763 -0.002525452 0.838468194
vn 0.551334441 -0.000202510 0.834284306
vn 0.621597826 0.005972393 0.783313751
vn 0.633127928 0.010471178 0.773976326
vn 0.688222289 0.016647376 0.725308895
vn -0.920773566 0.127826393 0.368559897
vn 0.768896639 -0.143003955 0.623175621
vn -0.726610303 -0.287474662 -0.624015868
vn 0.878716588 0.302598238 -0.369176745
vn 0.004124757 -0.429677278 0.902973175
vn 0.004641555 -0.440148473 0.897913098
vn 0.010206478 -0.383764237 0.923374712
vn 0.010399246 -0.387730747 0.921714067
vn 0.023901071 -0.280071646 0.959681571
vn 0.023900751 -0.280073911 0.959680855
vn 0.040360928 -0.147670403 0.988212764
vn 0.040360801 -0.147669479 0.988212943
vn 0.058839887 0.012323125 0.998191357
vn 0.058840301 0.012328085 0.998191297
vn 0.076067038 0.174762711 0.981667876
vn 0.076067522 0.174763978 0.981667578
vn 0.089250937 0.310767710 0.946286261
vn 0.089251421 0.310765266 0.946287096
vn 0.100043640 0.420137584 0.901928842
vn 0.099451773 0.426150769 0.899169028
vn 0.108136848 0.492549121 0.863540232
vn 0.106848344 0.503984690 0.857078075
vn 0.113088906 0.559968233 0.820759714
vn -0.495516956 -0.722413123 -0.482267767
vn -0.448484302 0.876477599 0.175068289
vn 0.308425426 -0.922797740 0.230907008
vn 0.634808898 0.769026279 0.074942045
vn -0.201863587 -0.938347161 0.280634433
vn 0.409282118 -0.029837921 0.911919892
vn -0.823037386 -0.566667140 -0.038703594
vn -0.583954632 0.321474075 0.745420277
vn -0.664375246 -0.054344852 -0.745420814
vn -0.519060433 0.853860855 0.038702391
vn 0.385651082 -0.140267655 -0.911920190
vn 0.199820444 0.938784063 -0.280635446
vn 0.864899457 0.491444081 0.102135137
vn 0.588041723 -0.802356124 -0.102134913
vn -0.143005282 -0.375596076 0.915683866
vn -0.142978057 -0.386748224 0.911034167
vn -0.134448946 -0.328281969 0.934962332
vn -0.134472206 -0.332492709 0.933469772
vn -0.113925740 -0.221628323 0.968453288
vn -0.113926023 -0.221631750 0.968452513
vn -0.086560652 -0.086022921 0.992525697
vn -0.086560659 -0.086022101 0.992525816
vn -0.052026030 0.076386504 0.995720029
vn -0.052026633 0.076386631 0.995720029
vn -0.015549086 0.238890678 0.970921934
vn -0.015550028 0.238890380 0.970922112
vn 0.016086187 0.372871846 0.927743375
vn 0.016086582 0.372875422 0.927742004
vn 0.042275365 0.478925556 0.876836956
vn 0.044444222 0.483598828 0.874160707
vn 0.061605610 0.550424337 0.832608998
vn 0.065834597 0.559137166 0.826457083
vn 0.079270132 0.610210776 0.788263321
vn -0.683751583 -0.726528049 0.068122961
vn 0.675305009 0.687088549 0.268090606
vn -0.329814523 0.941623747 -0.067580730
vn 0.338209182 -0.902357280 -0.267144263
vn -0.351377726 -0.287287831 0.891066492
vn -0.360605657 -0.292274952 0.885741949
vn -0.324303240 -0.263568282 0.908492863
vn -0.327749014 -0.265447110 0.906707525
vn -0.259300709 -0.210112557 0.942664266
vn -0.259298474 -0.210110530 0.942665279
vn -0.178734422 -0.144978136 0.973157406
vn -0.178733945 -0.144978017 0.973157525
vn -0.082089022 -0.066836879 0.994381368
vn -0.082091823 -0.066838935 0.994381011
vn 0.017206460 0.013456890 0.999761403
vn 0.017206270 0.013456435 0.999761403
vn 0.103215978 0.083010837 0.991189003
vn 0.103214584 0.083008446 0.991189361
vn 0.180923715 0.145855889 0.972621500
vn 0.177385002 0.143844947 0.973572373
vn 0.235667303 0.190959454 0.952887952
vn 0.228643432 0.186997116 0.955381751
vn 0.276388347 0.225516409 0.934211910
vn 0.387001634 0.727532864 0.566502988
vn -0.654368937 -0.375680208 -0.656251192
vn -0.630239904 -0.667043388 0.397304535
vn 0.898444414 0.313223630 -0.307715356
vn 0.305763274 -0.487332940 0.817933679
vn 0.308894783 -0.502000988 0.807823718
vn 0.286103547 -0.450252175 0.845823765
vn 0.287371010 -0.455856353 0.842385232
vn 0.239082724 -0.352377057 0.904803813
vn 0.239083335 -0.352381021 0.904802084
vn 0.174834237 -0.218357697 0.960079610
vn 0.174834773 -0.218359545 0.960079074
vn 0.092223801 -0.050875872 0.994437754
vn 0.092224434 -0.050875764 0.994437695
vn 0.004524358 0.121869177 0.992535889
vn 0.004524288 0.121869087 0.992535830
vn -0.070360929 0.265502334 0.961539328
vn -0.070362389 0.265504181 0.961538672
vn -0.133118898 0.383042932 0.914088249
vn -0.131315678 0.377344608 0.916715562
vn -0.176340207 0.459986389 0.870239437
vn -0.172991440 0.449339479 0.876451969
vn -0.207592413 0.512292743 0.833343625
vn 0.063742809 0.912266016 0.404608101
vn -0.114856631 -0.977558672 -0.176598534
vn -0.812363088 0.563789845 -0.149020627
vn 0.863209307 -0.498628289 -0.078991391
vn 0.556391358 -0.820336699 0.132198468
vn 0.066415772 -0.124691367 0.989970207
vn -0.272095710 -0.948877096 -0.159988627
vn -0.747681797 -0.178126723 0.639720917
vn -0.538225949 -0.449202567 -0.713112772
vn 0.020470878 0.187329650 -0.982083797
vn -0.787051737 0.612192094 -0.075962372
vn 0.908993423 0.024287228 -0.416102469
vn 0.202369809 0.975797236 0.082863532
vn 0.537990630 0.447968930 0.714065790
vn 0.236070439 -0.425577939 0.873586953
vn 0.240887076 -0.431653649 0.869280457
vn 0.217845246 -0.391288698 0.894112170
vn 0.219648793 -0.393581778 0.892663300
vn 0.178126916 -0.315973788 0.931896746
vn 0.178127438 -0.315976173 0.931895733
vn 0.129160270 -0.223368898 0.966138721
vn 0.129162297 -0.223369315 0.966138303
vn 0.070082292 -0.111958034 0.991238534
vn 0.070082694 -0.111958019 0.991238594
vn 0.009184449 0.002543431 0.999954581
vn 0.009182601 0.002543026 0.999954581
vn -0.043720856 0.101744659 0.993849397
vn -0.043719877 0.101741828 0.993849695
vn -0.088365063 0.187042192 0.978369474
vn -0.091509841 0.191134855 0.977288902
vn -0.118483841 0.246821359 0.961790442
vn -0.124738410 0.254902959 0.958887279
vn -0.149195135 0.303885967 0.940953851
vn -0.076211281 -0.960176766 -0.268798351
vn -0.731490314 0.505114853 0.458018601
vn 0.858069897 -0.509274125 0.065999776
vn -0.049233910 0.965474844 -0.255801529
vn -0.079891458 -0.600731015 0.795449317
vn -0.079874068 -0.612065017 0.786763310
vn -0.070085034 -0.555861831 0.828315020
vn -0.070101477 -0.560267687 0.825339913
vn -0.046409786 -0.448118508 0.892768681
vn -0.046407908 -0.448115259 0.892770410
vn -0.014727569 -0.298209101 0.954386950
vn -0.014726582 -0.298210472 0.954386532
vn 0.023840485 -0.107474558 0.993921936
vn 0.023840073 -0.107481755 0.993921161
vn 0.062244851 0.091623135 0.993846476
vn 0.062246826 0.091623470 0.993846297
vn 0.092866652 0.257829279 0.961717188
vn 0.092867397 0.257826716 0.961717784
vn 0.115559153 0.386294305 0.915108085
vn 0.117743500 0.392084271 0.912363052
vn 0.131384686 0.472003609 0.871751428
vn 0.135461107 0.482689917 0.865251899
vn 0.145056456 0.541967869 0.827785850
vn -0.624922693 -0.766005814 0.150687695
vn 0.139922291 0.732856989 0.665839612
vn 0.314272791 -0.860414088 -0.401148617
vn 0.170539454 0.894487441 -0.413289964
vn 0.450978875 -0.159320727 0.878199875
vn 0.462134212 -0.167167589 0.870911539
vn 0.412499696 -0.144437984 0.899434149
vn 0.416733772 -0.147373363 0.897002757
vn 0.319280475 -0.104538225 0.941876709
vn 0.319279760 -0.104539134 0.941876888
vn 0.199170664 -0.052356835 0.978565216
vn 0.199169561 -0.052356742 0.978565395
vn 0.052520473 0.010539044 0.998564243
vn 0.052528039 0.010536406 0.998563945
vn -0.098051518 0.074238181 0.992408454
vn -0.098045118 0.074238047 0.992409170
vn -0.225532532 0.127468824 0.965860665
vn -0.225525767 0.127468377 0.965862215
vn -0.334866524 0.172572330 0.926327825
vn -0.330537140 0.169808760 0.928391278
vn -0.409786761 0.202169582 0.889495552
vn -0.401521057 0.196853414 0.894443691
vn -0.463934064 0.222263798 0.857533693
vn -0.734813094 0.179635569 0.654049575
vn 0.640120804 -0.402868658 -0.654172957
vn -0.789254785 0.466206729 -0.399660051
vn 0.883932889 -0.242900282 0.399577528
vn 0.961001515 -0.169500247 0.218507946
vn 0.051204797 -0.014870775 0.998577476
vn 0.500963867 -0.860047221 -0.096716993
vn -0.447446078 -0.644235969 0.620283842
vn 0.006432107 -0.716431499 -0.697627783
vn -0.035842996 0.120792009 -0.992030501
vn -0.977912128 -0.139556542 -0.155601561
vn 0.650663853 0.658084810 -0.378894418
vn -0.562220931 0.826847136 0.015211928
vn -0.005723694 0.715309918 0.698783875
vn 0.393441498 -0.024748161 0.919016480
vn 0.406141132 -0.031758748 0.913258314
vn 0.351474017 -0.013030342 0.936107039
vn 0.356258094 -0.015618186 0.934257030
vn 0.250154585 0.018366523 0.968031704
vn 0.250148356 0.018367413 0.968033254
vn 0.121303864 0.057932381 0.990923464
vn 0.121299960 0.057932045 0.990923941
vn -0.033574499 0.103201412 0.994093657
vn -0.033578940 0.103201248 0.994093537
vn -0.189646021 0.146337301 0.970886111
vn -0.189650044 0.146337181 0.970885336
vn -0.319651455 0.180264145 0.930229962
vn -0.319656461 0.180264726 0.930228114
vn -0.429359794 0.207305431 0.879019082
vn -0.424941272 0.205313295 0.881629944
vn -0.503519595 0.223703459 0.834520698
vn -0.495173216 0.219950065 0.840491235
vn -0.556425512 0.233808860 0.797323108
vn -0.637874305 0.671432078 0.377220482
vn 0.705738902 -0.327809721 -0.628071189
vn -0.962022007 -0.209642500 -0.174824849
vn 0.894467056 -0.133398786 0.426770955
vn 0.276285321 -0.397221178 0.875146747
vn 0.284654915 -0.405217350 0.868775249
vn 0.248579547 -0.357939929 0.900048554
vn 0.251761973 -0.361014724 0.897933304
vn 0.184787765 -0.266363382 0.945993662
vn 0.184790328 -0.266365945 0.945992529
vn 0.100324847 -0.145089611 0.984319031
vn 0.100325607 -0.145090476 0.984318793
vn -0.003398839 0.003869688 0.999986708
vn -0.003395125 0.003863702 0.999986827
vn -0.109013364 0.155579582 0.981789768
vn -0.109013535 0.155579075 0.981789768
vn -0.196304768 0.280997574 0.939417303
vn -0.196304277 0.280995309 0.939418077
vn -0.264414132 0.378874511 0.886870503
vn -0.266701162 0.384028792 0.883964121
vn -0.309173375 0.445119828 0.840404809
vn -0.313320309 0.454739362 0.833692193
vn -0.345358282 0.500558555 0.793831825
vn 0.336999506 -0.865642965 0.370261729
vn 0.605073988 -0.495585948 -0.623121321
vn -0.914836764 0.363980234 0.174905837
vn -0.028575346 0.996709228 0.075856894
vn 0.316791087 0.209072709 0.925165951
vn 0.329803854 0.211533472 0.920045197
vn 0.278807074 0.192438275 0.940868914
vn 0.283666611 0.193392649 0.939219117
vn 0.186791569 0.155170530 0.970067561
vn 0.186784729 0.155168891 0.970069110
vn 0.071550474 0.108497545 0.991518438
vn 0.071550548 0.108497486 0.991518378
vn -0.065412074 0.051406637 0.996533334
vn -0.065408684 0.051406715 0.996533573
vn -0.203088999 -0.007758573 0.979129493
vn -0.203083470 -0.007758718 0.979130685
vn -0.318275273 -0.058714632 0.946178377
vn -0.318268895 -0.058713801 0.946180582
vn -0.417124957 -0.103629135 0.902921736
vn -0.412689149 -0.102491014 0.905087411
vn -0.484101236 -0.135670125 0.864430189
vn -0.475591004 -0.133488610 0.869479120
vn -0.532010615 -0.160061032 0.831471801
vn 0.872527957 -0.080209188 -0.481935322
vn -0.546345353 -0.819054902 0.175088093
vn 0.655259192 0.719113767 0.231324166
vn -0.980999947 0.178906277 0.075044453
vn -0.824429631 0.293628186 0.483837098
vn 0.375063688 -0.372900635 0.848688722
vn -0.362114280 0.338134199 -0.868641794
vn 0.378746927 0.902981877 0.202914685
vn -0.404138148 -0.906994343 -0.118463859
vn 0.822465897 -0.216172829 -0.526136100
vn 0.002693986 0.000305188 0.999996364
vn -0.623058856 -0.031668458 0.781533718
vn -0.287366778 -0.520724118 0.803907156
vn 0.360736489 -0.495258868 0.790308714
vn 0.598280430 0.074835747 0.797784507
vn 0.236096904 0.558372736 0.795284986
vn -0.358776629 0.482062757 0.799308956
vn -0.743362069 -0.112948641 0.659284115
vn -0.532838106 -0.533326447 0.656998098
vn 0.262128949 -0.689134419 0.675560594
vn 0.630475461 -0.405343920 0.661964476
vn 0.755855024 0.016780809 0.654523969
vn 0.598046541 0.460004270 0.656305075
vn -0.165752843 0.733789384 0.658846855
vn -0.643725336 0.395755500 0.654977322
vn -0.662810981 -0.525622427 0.533294201
vn -0.152678132 -0.739696383 0.655391991
vn 0.835508287 0.016248651 0.549237549
vn 0.321374655 0.697945535 0.639992476
vn -0.048096769 0.844789743 0.532932460
vn -0.474196404 0.632028878 0.612925291
vn -0.801381767 0.250898004 0.542989373
vn -0.837843716 -0.132073462 0.529692888
vn -0.335721463 -0.775552213 0.534611762
vn 0.112092137 -0.851759851 0.511801243
vn 0.540899038 -0.692530811 0.477314681
vn 0.794329345 -0.312446684 0.520977914
vn 0.806444407 0.266441315 0.527879298
vn 0.676802516 0.528417587 0.512555599
vn 0.340200096 0.776643336 0.530178308
vn -0.315732598 0.771335781 0.552588642
vn -0.654800355 0.498830348 0.567807078
vn -0.823943019 -0.455153823 0.337569058
vn -0.647677124 -0.682879865 0.337919354
vn 0.000989947 -0.945488095 0.325655401
vn 0.369559735 -0.827077150 0.423519701
vn 0.702131391 -0.575170934 0.419749945
vn 0.919589460 -0.225825369 0.321493566
vn -0.657669961 0.680417597 0.323267788
vn -0.832567453 0.456933677 0.313118488
vn -0.933551073 0.143367529 0.328524172
vn -0.913502693 -0.245763361 0.324211717
vn -0.351629168 -0.875034750 0.332672715
vn 0.379064620 -0.857548416 0.347736716
vn 0.728718340 -0.586152077 0.354112118
vn 0.936589122 0.130602211 0.325183064
vn 0.762337565 0.559497356 0.325275809
vn 0.477324158 0.816498160 0.324796110
vn 0.088489942 0.938600600 0.333464324
vn -0.346441805 0.877548635 0.331491500
vn -0.999608994 0.000660030 0.027955234
vn -0.525662720 -0.848912477 0.055013634
vn -0.002923510 -0.993761420 0.111488342
vn 0.264279276 0.959961176 0.092903420
vn -0.515393138 0.855697274 0.046390519
vn -0.957823455 -0.285693109 0.030882621
vn -0.796103477 -0.597231209 0.097642802
vn -0.239728078 -0.970788538 0.010007044
vn 0.233337194 -0.970741153 0.056704223
vn 0.503360093 -0.863848388 0.019865274
vn 0.710310221 -0.700868249 0.065139532
vn 0.924661636 -0.369288415 0.092881858
vn 0.999455690 -0.023336401 0.023321539
vn 0.959922433 0.275364488 0.052186210
vn 0.868108034 0.496317834 0.007556569
vn 0.704025209 0.708102822 0.054211624
vn 0.485658050 0.874064863 0.012113946
vn -0.000414769 0.998081625 0.061910596
vn -0.248652279 0.968551695 0.008923045
vn -0.704484761 0.702459991 0.101248011
vn -0.867351711 0.495113403 0.050633889
vn -0.954207182 0.279734671 0.106005624
vn -0.824020624 -0.479949623 -0.301062107
vn -0.647778511 -0.701698959 -0.296650618
vn -0.016889155 -0.951197445 -0.308120340
vn 0.813098371 -0.485588998 -0.321052104
vn 0.924799323 -0.235015169 -0.299189210
vn 0.256596446 0.919475973 -0.297862500
vn -0.671401024 0.672181368 -0.312078327
vn -0.920031726 0.258030713 -0.294892937
vn -0.905258894 -0.242478848 -0.348870128
vn 0.274917781 -0.899166465 -0.340470165
vn 0.581098378 -0.736551225 -0.346145838
vn 0.924508035 0.141213864 -0.354038984
vn -0.048106804 0.936318994 -0.347839743
vn -0.354396760 0.862221360 -0.361907840
vn -0.805377245 0.482990861 -0.343638152
vn -0.935485959 0.007933960 -0.353275031
vn -0.378513962 -0.852217972 -0.361180991
vn 0.817905605 0.470831126 -0.330679059
vn 0.583679140 0.730095208 -0.355358571
vn -0.538384259 -0.070464432 -0.839748204
vn -0.438013762 -0.341697782 -0.831496656
vn -0.191325516 -0.517552972 -0.833986402
vn 0.140456274 -0.538314283 -0.830957174
vn 0.426309526 -0.344120443 -0.836565197
vn 0.550203264 -0.071246050 -0.831985772
vn 0.468442976 0.298195779 -0.831649244
vn 0.123625621 0.547756493 -0.827453673
vn -0.271549463 0.485797614 -0.830819845
vn -0.507609069 0.220582157 -0.832872510
vn 0.000066914 0.000081780 -1.000000000
vn 0.392219961 -0.087068766 0.915741563
vn -0.237579882 0.326137364 0.914981008
vn 0.035980679 0.992162824 -0.119659655
vn 0.566860318 0.108976290 0.816574275
vn 0.391734183 0.076122269 -0.916924119
vn 0.941575289 0.332083464 0.056182966
vn 0.866043568 -0.499968708 0.000000745
vn 0.389270693 -0.077492729 -0.917858005
vn -0.338839471 -0.335501403 -0.878991902
vn -0.339348525 -0.333816260 0.879436910
vn -0.248295799 -0.968684256 0.000001773
vn -0.976138711 0.216970742 0.008769081
vn -0.459229112 0.066890173 -0.885795891
vn 0.202710643 0.262653768 0.943356454
vn -0.378020197 -0.163476676 0.911249757
vn -0.945230842 0.297994405 -0.133184329
vn 0.095607787 0.652594805 0.751650989
vn -0.180927277 0.979613602 0.087306887
vn 0.052188683 0.544210017 -0.837324202
vn 0.570514083 0.821287215 0.000997677
vn 0.464224339 0.142929241 -0.874109268
vn 0.257878482 -0.387395173 0.885112226
vn 0.861514986 -0.507121086 0.024902705
vn -0.055048890 -0.508224130 -0.859463751
vn -0.511599779 -0.859161377 0.010365047
vn -0.193448439 -0.349038780 -0.916923940
vn 0.324155807 -0.272456557 0.905919671
vn -0.439901233 -0.122678645 0.889627337
vn -0.448722810 -0.127276555 -0.884561181
vn -0.730564892 -0.682843328 -0.000000078
vn -0.419449031 0.370088339 0.828913271
vn -0.332206398 0.324043632 -0.885796130
vn -0.598480344 0.800553977 0.030574460
vn 0.321694195 0.192326933 0.927104712
vn 0.526930451 0.835779548 -0.154327020
vn 0.973115563 -0.230136469 -0.009124869
vn 0.461026847 -0.193355411 -0.866064727
vn 0.560709774 -0.827969432 0.008434434
vn 0.189938426 -0.264843345 -0.945400178
vn -0.324155211 -0.272455364 0.905920267
vn 0.323859721 -0.195289612 0.925730467
vn 0.526933074 -0.835777760 -0.154327631
vn -0.603061318 -0.796352208 0.046263538
vn -0.332208067 -0.324043751 -0.885795355
vn -0.437448144 0.119153023 0.891314566
vn -0.448721379 0.127275363 -0.884562075
vn -0.730564654 0.682843566 -0.000000548
vn 0.419450045 0.370089024 0.828912497
vn 0.189939141 0.264843762 -0.945399880
vn 0.556142092 0.831054568 -0.007371898
vn 0.461027652 0.193353742 -0.866064548
vn 0.973115265 0.230137765 -0.009123957
vn 0.079594187 -0.456479073 0.886166930
vn 0.448104352 -0.121273540 0.885717273
vn 0.865345597 0.501175642 -0.000001544
vn 0.523608029 -0.851959288 -0.000000475
vn 0.448102564 -0.121276036 -0.885717928
vn -0.211565495 -0.977363825 -0.000000404
vn 0.079594798 -0.456479013 -0.886166811
vn -0.401101023 0.155899942 0.902670085
vn -0.401101738 0.155900404 -0.902669609
vn -0.996184886 -0.087268770 -0.000000090
vn -0.075997487 0.665362298 0.742642224
vn -0.371070087 0.928604841 0.000000023
vn -0.075997643 0.665362358 -0.742642164
vn 0.253078550 0.163633734 0.953506827
vn -0.681563318 0.694125593 -0.231648847
vn 0.737287164 0.551890612 -0.389646411
vn 0.591797411 -0.779829741 -0.204062715
vn -0.701474071 -0.488375604 0.519060075
vn -0.296940327 -0.261970103 -0.918258190
vn -0.269250661 0.367491364 0.890199006
vn 0.231352061 0.898055255 -0.374129623
vn 0.914572477 -0.006705145 0.404366702
vn 0.393741995 -0.279638737 -0.875653684
vn -0.391981989 -0.815806746 0.425216973
vn -0.849291861 -0.147436932 -0.506917953
vn 0.013295431 -0.027023533 0.999546349
vn -0.638413727 0.713629425 -0.288376480
vn 0.819171488 0.381679207 0.428111136
vn 0.167617545 0.316888362 -0.933534205
vn 0.865241647 -0.427434385 -0.262024224
vn -0.799541175 -0.420536339 0.428815871
vn -0.354350537 -0.809717059 -0.467754245
vn -0.090443835 0.039345235 0.995124042
vn 0.227251902 0.818683922 -0.527364373
vn 0.799543202 0.420533687 0.428814828
vn 0.608712256 -0.709872007 -0.354332089
vn -0.626164198 -0.008394097 -0.779646039
vn -0.892955422 -0.222875386 0.391097665
vn -0.193320960 0.345815152 0.918171525
vn 0.797159493 0.449212581 0.403416365
vn 0.282712340 0.831040740 -0.479004413
vn 0.797159910 -0.449211329 -0.403417140
vn 0.282713354 -0.831040382 0.479004413
vn -0.863578677 -0.405038059 0.300293595
vn -0.193323866 -0.345809609 -0.918172956
vn -0.863575578 0.405044168 -0.300293863
vn 0.183250070 -0.331576139 0.925460219
vn -0.274871796 0.846099913 0.456684023
vn 0.016814332 0.039875943 -0.999063194
vn 0.870671332 0.431129992 0.236766383
vn 0.615365446 -0.700128436 -0.362140238
vn -0.811154723 -0.473933011 0.342659444
vn -0.787565470 0.387698054 -0.478989482
vn -0.269255370 0.367495656 0.890195727
vn 0.231346443 0.898056209 -0.374131054
vn 0.914573669 -0.006700620 0.404363900
vn 0.393747330 -0.279640555 -0.875650704
vn -0.391977608 -0.815807641 0.425219357
vn -0.849295080 -0.147442579 -0.506910741
vn -0.269253641 0.367492765 0.890197515
vn 0.231353730 0.898053527 -0.374132991
vn 0.914573133 -0.006705336 0.404364973
vn 0.393744260 -0.279643536 -0.875651181
vn -0.391981483 -0.815807164 0.425216436
vn -0.849292517 -0.147439942 -0.506916046
vn -0.193323463 0.345811844 0.918172240
vn 0.797159493 0.449214071 0.403415024
vn 0.282713532 0.831040561 -0.479003847
vn 0.797158897 -0.449214071 -0.403415859
vn 0.282713175 -0.831040561 0.479003966
vn -0.863576412 -0.405043274 0.300292850
vn -0.193322614 -0.345811903 -0.918172300
vn -0.863577366 0.405041635 -0.300292343
vn 0.158838391 -0.298795760 0.941005647
vn 0.284404695 0.798900425 -0.529973626
vn 0.792773485 0.479478240 0.376312077
vn 0.553141475 -0.751389027 -0.359790504
vn -0.580567837 -0.088229813 -0.809417427
vn -0.806606948 0.063887291 0.587625444
vn -0.617798209 0.074213326 0.782826781
vn 0.739459515 0.479705185 0.472316146
vn 0.279477715 0.840575635 -0.464031249
vn 0.797159314 -0.449212641 -0.403416753
vn 0.187899634 -0.829408169 0.526094854
vn -0.238368571 -0.367678612 -0.898884237
vn -0.930286884 0.295593530 -0.217234612
vn 0.634755790 -0.094859205 0.766868293
vn -0.200811297 0.830494285 0.519571006
vn 0.634754300 0.094860755 -0.766869307
vn -0.200813472 -0.830493927 -0.519570887
vn -0.739461184 -0.479704082 0.472314626
vn -0.739461422 0.479705065 -0.472313434
vn -0.455368906 0.049404781 0.888931036
vn 0.777733505 0.512790143 0.363561422
vn 0.197172314 0.902916193 -0.381923258
vn 0.367909521 -0.265809685 -0.891059935
vn 0.462754488 -0.838511348 0.287675232
vn -0.875718832 -0.165466294 -0.453582853
vn 0.634755015 -0.094859883 0.766868770
vn -0.200813875 0.830493271 0.519571841
vn 0.634755313 0.094857082 -0.766868889
vn -0.200813353 -0.830493987 -0.519570768
vn -0.739462316 -0.479704559 0.472312450
vn -0.739461720 0.479704559 -0.472313315
vn 0.265917927 0.844711483 0.464489311
vn -0.373511463 -0.322585166 0.869728744
vn 0.743488133 -0.308634818 0.593270600
vn 0.667714357 0.468650311 -0.578380942
vn -0.434820533 0.232088998 -0.870095253
vn 0.492575705 -0.752068460 -0.437906563
vn -0.624399483 -0.764064372 -0.162267908
vn -0.790446758 0.598599374 0.129894823
vn 0.192722812 0.157022953 0.968608201
vn -0.153412744 0.418399394 0.895213008
vn 0.025852118 0.999665856 0.000000496
vn 0.621787012 0.632483840 0.461892962
vn 0.618148208 0.636306226 -0.461527050
vn 0.262720168 0.108821891 -0.958715856
vn 0.901466548 0.012593573 0.432665467
vn 0.893001854 -0.010281759 -0.449935466
vn 0.303638816 -0.173054710 0.936939478
vn 0.630965412 -0.645333290 0.430613071
vn 0.652488887 -0.620388985 -0.435173392
vn 0.145507067 -0.364458591 -0.919781327
vn -0.023785565 -0.802830994 0.595731974
vn -0.028481254 -0.920366585 -0.390018225
vn -0.628941655 -0.653929412 0.420486420
vn -0.615406394 -0.656326115 -0.436475605
vn -0.341448039 -0.141432002 -0.929198682
vn -0.318137169 -0.140911877 0.937514067
vn -0.896437526 0.018196214 0.442796499
vn -0.896437347 0.018208297 -0.442796260
vn -0.645386457 0.618024528 0.448912114
vn -0.645380795 0.618026614 -0.448917419
vn -0.144236669 0.411998630 -0.899695992
vn 0.243555471 0.141177878 0.959556997
vn -0.157411218 0.498043835 0.852745116
vn 0.039268080 0.998967707 0.022840854
vn -0.169342339 0.502673328 -0.847727954
vn 0.560158134 0.828383029 -0.002148146
vn 0.129567474 0.254314184 -0.958403170
vn 0.994179904 -0.038020723 -0.100800946
vn 0.630192339 -0.776256382 0.016847288
vn 0.097633511 -0.434618354 0.895307064
vn -0.094481967 -0.995526552 0.000000077
vn 0.104755484 -0.422259569 -0.900401652
vn -0.553435564 -0.832892001 -0.000000492
vn -0.324977010 -0.190525696 0.926331520
vn -0.920005679 0.391905129 -0.000001371
vn -0.325883090 -0.191033870 -0.925908446
vn 0.281905502 0.044638522 0.958403230
vn -0.956450641 0.290677100 0.026625963
vn -0.357346147 -0.010132455 -0.933917046
vn -0.369219065 0.230111748 0.900403261
vn -0.555304885 0.831586838 -0.009991886
vn -0.224053487 0.190821379 -0.955713034
vn 0.256586105 0.959712148 0.114525422
vn 0.968867421 0.247118905 0.015105468
vn 0.262753159 0.244895756 -0.933266759
vn 0.970319688 -0.240362659 -0.026562782
vn 0.369234979 -0.244713739 0.896538198
vn 0.546360254 -0.837347090 0.018448213
vn 0.317702889 -0.225565225 -0.920969784
vn -0.263865769 -0.954357207 -0.139918715
vn -0.247035936 -0.239189371 0.939021707
vn -0.963710546 -0.265342295 -0.029247954
vn 0.081616290 0.349596560 0.933338583
vn -0.167653859 -0.393224806 0.904027939
vn -0.661593378 -0.749862850 -0.000000268
vn -0.124443240 -0.369228393 -0.920969188
vn -0.396427244 0.023325063 0.917769790
vn -0.937300682 -0.348521888 0.000000234
vn -0.396427572 0.023325561 -0.917769730
vn -0.509990036 0.860180318 0.000000633
vn 0.088040046 0.343512952 -0.935012281
vn 0.524056673 0.851683378 -0.000000062
vn 0.336398900 0.276602298 0.900181651
vn 0.957638860 0.287877351 -0.007389294
vn 0.295054674 0.201845214 -0.933917165
vn 0.278710544 -0.202737212 0.938732147
vn 0.800303519 -0.579677165 -0.153260648
vn 0.022139560 -0.999727547 -0.007390809
vn -0.062902518 0.292218894 0.954280555
vn 0.673071265 -0.739577591 -0.000000616
vn 0.163448274 -0.403187960 -0.900402188
vn 0.167654648 -0.393224150 0.904028058
vn -0.022139467 -0.999727607 -0.007389779
vn -0.278710663 -0.202737823 0.938732088
vn -0.796224236 -0.591305554 -0.128002539
vn -0.951201022 0.308500022 0.006671593
vn -0.254304260 0.129586264 -0.958403170
vn -0.336397946 0.276601523 0.900182307
vn -0.587785780 0.809016585 0.000000246
vn 0.106186919 0.994307935 -0.008720538
vn -0.154878110 0.415008336 -0.896538258
vn 0.959065914 0.283183068 -0.000000956
vn 0.377039850 -0.011347319 0.926127553
vn 0.360827804 -0.006962692 -0.932606459
vn 0.357708097 -0.030409677 0.933338225
vn 0.367017895 0.234459206 0.900181532
vn 0.975260019 0.219597131 -0.025395423
vn 0.369218081 0.230111584 -0.900403619
vn 0.296007723 -0.206454962 -0.932606995
vn -0.100319244 -0.384234607 0.917769015
vn 0.635676563 -0.771952510 0.002158196
vn -0.561472356 -0.826353073 -0.043467797
vn -0.369234562 -0.244713634 -0.896538436
vn -0.944640517 -0.327024937 0.026625726
vn -0.425784767 -0.037935577 0.904028893
vn -0.950869262 0.309521079 0.006671828
vn -0.281905711 0.044638503 -0.958403111
vn -0.106688380 0.327718228 0.938732326
vn -0.296599507 0.946384847 -0.128001779
vn 0.569713414 0.821810305 -0.007390612
usemtl field_material_05
f 2//2 1//1 7//7
f 5//5 9//9 10//10
f 2//2 8//8 3//3
f 6//6 5//5 10//10
f 3//3 9//9 4//4
f 6//6 10//10 14//14
f 8//8 13//13 9//9
f 7//7 1//1 11//11
f 9//9 14//14 10//10
f 7//7 12//12 8//8
f 6//6 14//14 18//18
f 12//12 17//17 13//13
f 11//11 1//1 15//15
f 14//14 17//17 18//18
f 11//11 16//16 12//12
f 6//6 18//18 22//22
f 16//16 21//21 17//17
f 15//15 1//1 19//19
f 17//17 22//22 18//18
f 15//15 20//20 16//16
f 6//6 22//22 26//26
f 20//20 25//25 21//21
f 19//19 1//1 23//23
f 22//22 25//25 26//26
f 19//19 24//24 20//20
f 6//6 26//26 30//30
f 24//24 29//29 25//25
f 23//23 1//1 27//27
f 25//25 30//30 26//26
f 23//23 28//28 24//24
f 6//6 30//30 34//34
f 28//28 33//33 29//29
f 27//27 1//1 31//31
f 30//30 33//33 34//34
f 27//27 32//32 28//28
f 6//6 34//34 5//5
f 32//32 4//4 33//33
f 31//31 1//1 2//2
f 33//33 5//5 34//34
f 31//31 3//3 32//32
f 35//35 38//38 37//37
f 40//40 39//39 37//37
f 39//39 42//42 41//41
f 36//36 35//35 41//41
usemtl field_material_23
f 43//43 46//46 45//45
f 45//45 48//48 47//47
f 48//48 49//49 47//47
f 50//50 51//51 49//49
f 52//52 53//53 51//51
f 53//53 56//56 55//55
f 56//56 57//57 55//55
f 57//57 60//60 59//59
usemtl field_material_05
f 65//65 64//64 62//62
f 63//63 62//62 64//64
usemtl field_material_23
f 67//67 68//68 66//66
f 69//69 70//70 68//68
f 71//71 72//72 70//70
f 73//73 74//74 72//72
f 74//74 77//77 76//76
f 77//77 78//78 76//76
f 79//79 80//80 78//78
f 81//81 82//82 80//80
usemtl field_material_05
f 85//85 86//86 88//88
f 87//87 88//88 86//86
usemtl field_material_23
f 90//90 91//91 89//89
f 91//91 94//94 93//93
f 94//94 95//95 93//93
f 96//96 97//97 95//95
f 97//97 100//100 99//99
f 100//100 101//101 99//99
f 101//101 104//104 103//103
f 104//104 105//105 103//103
usemtl field_material_05
f 110//110 109//109 111//111
f 108//108 111//111 109//109
f 112//112 113//113 120//120
f 114//114 115//115 113//113
f 116//116 117//117 115//115
f 117//117 119//119 118//118
f 118//118 121//121 120//120
f 113//113 117//117 120//120
usemtl field_material_07
f 123//123 124//124 122//122
f 125//125 126//126 124//124
f 127//127 128//128 126//126
f 129//129 130//130 128//128
f 131//131 132//132 130//130
f 133//133 134//134 132//132
f 135//135 136//136 134//134
f 137//137 138//138 136//136
usemtl field_material_05
f 142//142 141//141 143//143
f 144//144 143//143 141//141
usemtl field_material_07
f 146//146 147//147 145//145
f 147//147 150//150 149//149
f 150//150 151//151 149//149
f 151//151 154//154 153//153
f 153//153 156//156 155//155
f 155//155 158//158 157//157
f 157//157 160//160 159//159
f 160//160 161//161 159//159
usemtl field_material_05
f 166//166 165//165 167//167
f 164//164 167//167 165//165
usemtl field_material_07
f 169//169 170//170 168//168
f 171//171 172//172 170//170
f 173//173 174//174 172//172
f 174//174 177//177 176//176
f 177//177 178//178 176//176
f 179//179 180//180 178//178
f 181//181 182//182 180//180
f 183//183 184//184 182//182
usemtl field_material_05
f 188//188 187//187 189//189
f 190//190 189//189 187//187
f 191//191 192//192 199//199
f 193//193 194//194 192//192
f 195//195 196//196 194//194
f 198//198 197//197 196//196
f 198//198 195//195 191//191
f 197//197 200//200 199//199
f 197//197 199//199 192//192
usemtl field_material_23
f 202//202 203//203 201//201
f 204//204 205//205 203//203
f 206//206 207//207 205//205
f 207//207 210//210 209//209
f 210//210 211//211 209//209
f 212//212 213//213 211//211
f 214//214 215//215 213//213
f 216//216 217//217 215//215
usemtl field_material_05
f 222//222 221//221 223//223
f 220//220 223//223 221//221
usemtl field_material_23
f 225//225 226//226 224//224
f 226//226 229//229 228//228
f 229//229 230//230 228//228
f 230//230 233//233 232//232
f 232//232 235//235 234//234
f 235//235 236//236 234//234
f 236//236 239//239 238//238
f 239//239 240//240 238//238
f 240//240 241//241 242//242
usemtl field_material_05
f 245//245 244//244 246//246
f 243//243 246//246 244//244
usemtl field_material_23
f 248//248 249//249 247//247
f 249//249 252//252 251//251
f 252//252 253//253 251//251
f 253//253 256//256 255//255
f 256//256 257//257 255//255
f 258//258 259//259 257//257
f 259//259 262//262 261//261
f 262//262 263//263 261//261
usemtl field_material_05
f 267//267 266//266 268//268
f 269//269 268//268 266//266
f 270//270 272//272 271//271
f 273//273 274//274 271//271
f 274//274 276//276 275//275
f 277//277 270//270 275//275
usemtl field_material_17
f 279//279 280//280 278//278
f 281//281 282//282 280//280
f 282//282 285//285 284//284
f 285//285 286//286 284//284
f 286//286 289//289 288//288
f 288//288 291//291 290//290
f 290//290 293//293 292//292
f 293//293 294//294 292//292
f 294//294 295//295 296//296
usemtl field_material_05
f 298//298 297//297 299//299
f 300//300 299//299 297//297
usemtl field_material_17
f 302//302 303//303 301//301
f 303//303 306//306 305//305
f 306//306 307//307 305//305
f 307//307 310//310 309//309
f 310//310 311//311 309//309
f 311//311 314//314 313//313
f 314//314 315//315 313//313
f 315//315 318//318 317//317
usemtl field_material_05
f 322//322 321//321 320//320
f 320//320 323//323 322//322
usemtl field_material_17
f 325//325 326//326 324//324
f 326//326 329//329 328//328
f 329//329 330//330 328//328
f 330//330 333//333 332//332
f 333//333 334//334 332//332
f 335//335 336//336 334//334
f 337//337 338//338 336//336
f 338//338 341//341 340//340
usemtl field_material_05
f 343//343 344//344 346//346
f 345//345 346//346 344//344
f 349//349 348//348 347//347
f 348//348 351//351 350//350
f 350//350 353//353 352//352
f 349//349 354//354 351//351
f 354//354 355//355 352//352
f 356//356 347//347 355//355
usemtl field_material_17
f 358//358 359//359 357//357
f 359//359 362//362 361//361
f 361//361 364//364 363//363
f 363//363 366//366 365//365
f 366//366 367//367 365//365
f 368//368 369//369 367//367
f 369//369 372//372 371//371
f 372//372 373//373 371//371
usemtl field_material_05
f 376//376 377//377 378//378
f 379//379 378//378 377//377
usemtl field_material_17
f 380//380 383//383 382//382
f 383//383 384//384 382//382
f 385//385 386//386 384//384
f 386//386 389//389 388//388
f 389//389 390//390 388//388
f 390//390 393//393 392//392
f 393//393 394//394 392//392
f 394//394 397//397 396//396
usemtl field_material_05
f 402//402 401//401 399//399
f 400//400 399//399 401//401
usemtl field_material_17
f 403//403 406//406 405//405
f 406//406 407//407 405//405
f 408//408 409//409 407//407
f 409//409 412//412 411//411
f 411//411 414//414 413//413
f 414//414 415//415 413//413
f 416//416 417//417 415//415
f 417//417 420//420 419//419
usemtl field_material_05
f 423//423 422//422 424//424
f 425//425 424//424 422//422
f 426//426 429//429 428//428
f 429//429 430//430 428//428
f 430//430 433//433 432//432
f 433//433 431//431 427//427
f 434//434 435//435 432//432
f 427//427 426//426 435//435
usemtl field_material_17
f 436//436 439//439 438//438
f 439//439 440//440 438//438
f 440//440 443//443 442//442
f 442//442 445//445 444//444
f 445//445 446//446 444//444
f 446//446 449//449 448//448
f 448//448 451//451 450//450
f 451//451 452//452 450//450
usemtl field_material_05
f 457//457 458//458 455//455
f 458//458 456//456 455//455
usemtl field_material_17
f 460//460 461//461 459//459
f 461//461 464//464 463//463
f 464//464 465//465 463//463
f 466//466 467//467 465//465
f 468//468 469//469 467//467
f 469//469 472//472 471//471
f 472//472 473//473 471//471
f 474//474 475//475 473//473
f 475//475 476//476 477//477
usemtl field_material_05
f 478//478 479//479 480//480
f 481//481 480//480 479//479
usemtl field_material_17
f 483//483 484//484 482//482
f 485//485 486//486 484//484
f 486//486 489//489 488//488
f 489//489 490//490 488//488
f 490//490 493//493 492//492
f 492//492 495//495 494//494
f 494//494 497//497 496//496
f 497//497 498//498 496//496
f 498//498 499//499 500//500
usemtl field_material_05
f 501//501 502//502 504//504
f 503//503 504//504 502//502
f 506//506 507//507 505//505
f 508//508 509//509 507//507
f 511//511 510//510 509//509
f 510//510 513//513 512//512
f 514//514 505//505 512//512
usemtl field_material_17
f 515//515 518//518 517//517
f 518//518 519//519 517//517
f 520//520 521//521 519//519
f 521//521 524//524 523//523
f 524//524 525//525 523//523
f 526//526 527//527 525//525
f 528//528 529//529 527//527
f 529//529 532//532 531//531
usemtl field_material_05
f 535//535 534//534 536//536
f 534//534 537//537 536//536
usemtl field_material_17
f 538//538 541//541 540//540
f 540//540 543//543 542//542
f 543//543 544//544 542//542
f 545//545 546//546 544//544
f 547//547 548//548 546//546
f 549//549 550//550 548//548
f 551//551 552//552 550//550
f 553//553 554//554 552//552
usemtl field_material_05
f 560//560 559//559 557//557
f 558//558 557//557 559//559
usemtl field_material_17
f 562//562 563//563 561//561
f 564//564 565//565 563//563
f 566//566 567//567 565//565
f 568//568 569//569 567//567
f 570//570 571//571 569//569
f 572//572 573//573 571//571
f 574//574 575//575 573//573
f 576//576 577//577 575//575
f 577//577 578//578 579//579
usemtl field_material_05
f 580//580 581//581 583//583
f 582//582 583//583 581//581
f 585//585 586//586 584//584
f 587//587 588//588 586//586
f 590//590 589//589 588//588
f 589//589 592//592 591//591
f 593//593 584//584 591//591
usemtl field_material_23
f 595//595 596//596 594//594
f 596//596 599//599 598//598
f 598//598 601//601 600//600
f 601//601 602//602 600//600
f 602//602 605//605 604//604
f 605//605 606//606 604//604
f 606//606 609//609 608//608
f 609//609 610//610 608//608
f 610//610 611//611 612//612
usemtl field_material_05
f 615//615 614//614 616//616
f 613//613 616//616 614//614
usemtl field_material_23
f 617//617 620//620 619//619
f 620//620 621//621 619//619
f 622//622 623//623 621//621
f 624//624 625//625 623//623
f 626//626 627//627 625//625
f 628//628 629//629 627//627
f 630//630 631//631 629//629
f 632//632 633//633 631//631
usemtl field_material_05
f 638//638 637//637 636//636
f 639//639 636//636 637//637
usemtl field_material_23
f 641//641 642//642 640//640
f 642//642 645//645 644//644
f 645//645 646//646 644//644
f 647//647 648//648 646//646
f 648//648 651//651 650//650
f 651//651 652//652 650//650
f 653//653 654//654 652//652
f 655//655 656//656 654//654
f 656//656 657//657 658//658
usemtl field_material_05
f 660//660 659//659 661//661
f 662//662 661//661 659//659
f 666//666 665//665 663//663
f 665//665 668//668 667//667
f 667//667 664//664 663//663
usemtl field_material_15
f 669//669 670//670 671//671
f 669//669 671//671 672//672
f 669//669 672//672 673//673
f 669//669 673//673 674//674
f 669//669 674//674 675//675
f 669//669 675//675 670//670
f 676//676 671//671 670//670
f 671//671 678//678 672//672
f 679//679 673//673 672//672
f 673//673 681//681 674//674
f 682//682 675//675 674//674
f 675//675 683//683 670//670
f 676//676 684//684 677//677
f 689//689 683//683 682//682
f 690//690 676//676 683//683
f 691//691 684//684 676//676
f 685//685 693//693 678//678
f 694//694 679//679 678//678
f 696//696 681//681 686//686
f 697//697 687//687 681//681
f 699//699 689//689 688//688
f 689//689 700//700 690//690
f 691//691 701//701 684//684
f 693//693 704//704 694//694
f 705//705 695//695 694//694
f 708//708 690//690 700//700
f 710//710 701//701 691//691
f 702//702 711//711 692//692
f 711//711 703//703 692//692
f 712//712 705//705 704//704
f 713//713 706//706 705//705
f 706//706 714//714 686//686
f 714//714 696//696 686//686
f 714//714 697//697 696//696
f 697//697 716//716 698//698
f 698//698 717//717 688//688
f 717//717 699//699 688//688
f 718//718 707//707 699//699
f 708//708 709//709 690//690
f 709//709 691//691 690//690
f 721//721 712//712 703//703
f 710//710 725//725 701//701
f 701//701 725//725 702//702
f 725//725 720//720 702//702
f 726//726 721//721 711//711
f 721//721 727//727 712//712
f 728//728 713//713 712//712
f 730//730 706//706 713//713
f 730//730 714//714 706//706
f 732//732 715//715 714//714
f 734//734 716//716 715//715
f 735//735 722//722 716//716
f 722//722 736//736 717//717
f 736//736 718//718 717//717
f 737//737 723//723 718//718
f 738//738 708//708 707//707
f 739//739 709//709 708//708
f 740//740 719//719 709//709
f 742//742 720//720 725//725
f 743//743 727//727 721//721
f 746//746 736//736 722//722
f 739//739 748//748 740//740
f 757//757 726//726 720//720
f 750//750 728//728 727//727
f 751//751 744//744 729//729
f 759//759 735//735 734//734
f 746//746 753//753 736//736
f 753//753 737//737 736//736
f 747//747 755//755 739//739
f 755//755 748//748 739//739
f 756//756 749//749 719//719
f 758//758 759//759 733//733
f 748//748 756//756 719//719
f 760//760 749//749 756//756
f 749//749 761//761 741//741
f 741//741 761//761 742//742
f 761//761 757//757 742//742
f 762//762 743//743 757//757
f 763//763 750//750 743//743
f 750//750 763//763 751//751
f 764//764 744//744 751//751
f 744//744 765//765 745//745
f 765//765 752//752 745//745
f 766//766 758//758 752//752
f 758//758 766//766 759//759
f 767//767 746//746 759//759
f 746//746 767//767 753//753
f 767//767 754//754 753//753
f 754//754 768//768 747//747
f 747//747 769//769 755//755
f 769//769 748//748 755//755
f 769//769 756//756 748//748
f 760//760 770//770 761//761
f 761//761 770//770 762//762
f 762//762 770//770 763//763
f 763//763 770//770 764//764
f 764//764 770//770 765//765
f 765//765 770//770 766//766
f 766//766 770//770 767//767
f 767//767 770//770 768//768
f 768//768 770//770 769//769
f 769//769 770//770 760//760
usemtl field_material_05
f 778//778 773//773 775//775
f 772//772 776//776 773//773
f 773//773 776//776 775//775
f 772//772 771//771 774//774
f 776//776 771//771 777//777
f 776//776 778//778 775//775
f 777//777 780//780 781//781
f 777//777 779//779 778//778
f 779//779 782//782 783//783
f 780//780 771//771 772//772
f 778//778 779//779 783//783
f 780//780 782//782 781//781
f 782//782 773//773 783//783
f 778//778 783//783 773//773
f 782//782 772//772 773//773
f 794//794 786//786 789//789
f 785//785 788//788 786//786
f 786//786 788//788 789//789
f 785//785 784//784 787//787
f 787//787 790//790 788//788
f 794//794 789//789 791//791
f 790//790 791//791 789//789
f 790//790 792//792 793//793
f 791//791 793//793 794//794
f 792//792 784//784 785//785
f 792//792 795//795 793//793
f 794//794 795//795 796//796
f 795//795 786//786 796//796
f 794//794 796//796 786//786
f 795//795 785//785 786//786
f 798//798 803//803 800//800
f 799//799 803//803 802//802
f 798//798 797//797 801//801
f 809//809 799//799 802//802
f 809//809 802//802 805//805
f 803//803 804//804 805//805
f 803//803 805//805 802//802
f 801//801 797//797 804//804
f 809//809 805//805 807//807
f 804//804 806//806 805//805
f 805//805 806//806 807//807
f 804//804 808//808 806//806
f 808//808 809//809 807//807
f 808//808 799//799 809//809
f 808//808 798//798 800//800
f 819//819 812//812 814//814
f 811//811 813//813 812//812
f 812//812 813//813 814//814
f 813//813 815//815 817//817
f 813//813 816//816 814//814
f 819//819 814//814 816//816
f 815//815 820//820 817//817
f 816//816 820//820 819//819
f 815//815 810//810 818//818
f 819//819 820//820 821//821
f 820//820 811//811 822//822
f 818//818 810//810 811//811
f 819//819 821//821 812//812
f 822//822 811//811 812//812
f 822//822 812//812 821//821
f 824//824 826//826 825//825
f 827//827 826//826 829//829
f 826//826 823//823 828//828
f 828//828 830//830 832//832
f 828//828 831//831 829//829
f 829//829 831//831 835//835
f 830//830 834//834 832//832
f 831//831 834//834 835//835
f 830//830 823//823 833//833
f 834//834 833//833 825//825
f 829//829 835//835 827//827
f 825//825 827//827 835//835
f 833//833 823//823 824//824
usemtl field_material_29
f 837//837 836//836 838//838
f 841//841 838//838 839//839
f 838//838 836//836 839//839
f 840//840 837//837 841//841
f 841//841 837//837 838//838
f 844//844 845//845 843//843
f 845//845 846//846 847//847
f 844//844 842//842 846//846
f 845//845 847//847 843//843
f 842//842 843//843 847//847
f 850//850 852//852 851//851
f 851//851 852//852 854//854
f 848//848 854//854 852//852
f 851//851 854//854 849//849
f 853//853 849//849 854//854
f 859//859 856//856 858//858
f 857//857 858//858 856//856
f 855//855 856//856 859//859
f 862//862 864//864 863//863
f 862//862 861//861 865//865
f 867//867 863//863 864//864
f 864//864 865//865 867//867
f 865//865 861//861 866//866
f 866//866 868//868 867//867
f 867//867 868//868 863//863
f 861//861 863//863 868//868
f 870//870 869//869 872//872
f 872//872 873//873 871//871
f 874//874 875//875 871//871
f 874//874 869//869 870//870
f 875//875 870//870 871//871
f 878//878 879//879 877//877
f 879//879 880//880 881//881
f 878//878 876//876 880//880
f 876//876 877//877 881//881
f 879//879 881//881 877//877
f 884//884 885//885 883//883
f 885//885 886//886 887//887
f 884//884 882//882 886//886
f 885//885 887//887 883//883
f 882//882 883//883 887//887
f 889//889 891//891 890//890
f 889//889 888//888 892//892
f 894//894 890//890 891//891
f 891//891 892//892 894//894
f 892//892 888//888 893//893
f 893//893 895//895 894//894
f 894//894 895//895 890//890
f 888//888 890//890 895//895
f 901//901 896//896 898//898
f 900//900 897//897 899//899
f 898//898 899//899 897//897
f 901//901 897//897 900//900
f 903//903 905//905 904//904
f 903//903 902//902 906//906
f 907//907 904//904 905//905
f 905//905 906//906 907//907
f 902//902 908//908 907//907
f 902//902 904//904 908//908
f 907//907 908//908 904//904
f 909//909 912//912 911//911
f 911//911 912//912 914//914
f 913//913 914//914 912//912
f 913//913 909//909 910//910
f 914//914 910//910 911//911
f 916//916 918//918 917//917
f 916//916 915//915 919//919
f 918//918 919//919 920//920
f 919//919 915//915 920//920
f 918//918 920//920 917//917
f 915//915 917//917 920//920
f 921//921 924//924 923//923
f 923//923 924//924 926//926
f 925//925 926//926 924//924
f 925//925 921//921 922//922
f 926//926 922//922 923//923
usemtl field_material_05
f 929//929 930//930 927//927
f 930//930 932//932 931//931
f 933//933 934//934 931//931
f 928//928 927//927 934//934
usemtl field_material_27
f 957//957 939//939 940//940
f 936//936 938//938 937//937
f 938//938 942//942 939//939
f 935//935 941//941 938//938
f 941//941 945//945 942//942
f 942//942 946//946 940//940
f 943//943 944//944 941//941
f 944//944 948//948 945//945
f 943//943 935//935 947//947
f 940//940 946//946 951//951
f 947//947 950//950 948//948
f 947//947 935//935 952//952
f 946//946 950//950 951//951
f 949//949 954//954 950//950
f 949//949 952//952 953//953
f 940//940 951//951 957//957
f 953//953 956//956 954//954
f 952//952 935//935 936//936
f 954//954 957//957 951//951
f 953//953 936//936 955//955
f 955//955 937//937 956//956
f 955//955 936//936 937//937
usemtl field_material_25
f 960//960 963//963 961//961
f 960//960 958//958 962//962
f 962//962 958//958 964//964
f 962//962 964//964 963//963
f 963//963 964//964 968//968
f 958//958 965//965 964//964
f 964//964 965//965 968//968
f 966//966 967//967 965//965
f 967//967 972//972 968//968
f 966//966 958//958 970//970
f 963//963 968//968 972//972
f 967//967 970//970 969//969
f 969//969 970//970 971//971
f 972//972 971//971 961//961
f 970//970 958//958 959//959
f 963//963 972//972 961//961
f 959//959 960//960 971//971
f 974//974 978//978 975//975
f 974//974 976//976 977//977
f 976//976 973//973 979//979
f 977//977 981//981 978//978
f 981//981 982//982 985//985
f 978//978 981//981 985//985
f 973//973 982//982 980//980
f 982//982 983//983 984//984
f 984//984 986//986 985//985
f 983//983 973//973 987//987
f 978//978 985//985 986//986
f 984//984 987//987 986//986
f 986//986 988//988 975//975
f 978//978 986//986 975//975
f 987//987 988//988 986//986
f 987//987 974//974 988//988
f 987//987 973//973 976//976
f 991//991 995//995 992//992
f 990//990 989//989 993//993
f 997//997 992//992 995//995
f 991//991 993//993 994//994
f 994//994 993//993 996//996
f 995//995 996//996 997//997
f 997//997 998//998 1001//1001
f 989//989 998//998 996//996
f 998//998 999//999 1000//1000
f 1000//1000 1003//1003 1001//1001
f 999//999 989//989 1002//1002
f 997//997 1001//1001 1003//1003
f 1000//1000 1002//1002 1003//1003
f 1003//1003 1004//1004 992//992
f 1002//1002 989//989 990//990
f 997//997 1003//1003 992//992
f 1002//1002 1004//1004 1003//1003
f 990//990 991//991 1004//1004
f 1006//1006 1008//1008 1009//1009
f 1013//1013 1007//1007 1011//1011
f 1009//1009 1010//1010 1011//1011
f 1009//1009 1011//1011 1007//1007
f 1008//1008 1005//1005 1010//1010
f 1010//1010 1012//1012 1011//1011
f 1011//1011 1012//1012 1013//1013
f 1010//1010 1005//1005 1014//1014
f 1014//1014 1015//1015 1012//1012
f 1013//1013 1015//1015 1017//1017
f 1015//1015 1005//1005 1016//1016
f 1016//1016 1020//1020 1017//1017
f 1013//1013 1017//1017 1020//1020
f 1016//1016 1019//1019 1018//1018
f 1020//1020 1006//1006 1007//1007
f 1019//1019 1005//1005 1008//1008
f 1013//1013 1020//1020 1007//1007
f 1019//1019 1006//1006 1018//1018
f 1033//1033 1024//1024 1025//1025
f 1023//1023 1021//1021 1027//1027
f 1023//1023 1025//1025 1024//1024
f 1033//1033 1025//1025 1029//1029
f 1026//1026 1028//1028 1027//1027
f 1025//1025 1028//1028 1029//1029
f 1026//1026 1030//1030 1028//1028
f 1026//1026 1021//1021 1031//1031
f 1030//1030 1031//1031 1032//1032
f 1030//1030 1033//1033 1029//1029
f 1032//1032 1035//1035 1033//1033
f 1031//1031 1021//1021 1034//1034
f 1032//1032 1034//1034 1035//1035
f 1035//1035 1036//1036 1024//1024
f 1034//1034 1021//1021 1022//1022
f 1033//1033 1035//1035 1024//1024
f 1034//1034 1036//1036 1035//1035
f 1022//1022 1023//1023 1036//1036
usemtl field_material_05
f 5//5 4//4 9//9
f 2//2 7//7 8//8
f 3//3 8//8 9//9
f 8//8 12//12 13//13
f 9//9 13//13 14//14
f 7//7 11//11 12//12
f 12//12 16//16 17//17
f 14//14 13//13 17//17
f 11//11 15//15 16//16
f 16//16 20//20 21//21
f 17//17 21//21 22//22
f 15//15 19//19 20//20
f 20//20 24//24 25//25
f 22//22 21//21 25//25
f 19//19 23//23 24//24
f 24//24 28//28 29//29
f 25//25 29//29 30//30
f 23//23 27//27 28//28
f 28//28 32//32 33//33
f 30//30 29//29 33//33
f 27//27 31//31 32//32
f 32//32 3//3 4//4
f 33//33 4//4 5//5
f 31//31 2//2 3//3
f 35//35 36//36 38//38
f 38//38 40//40 37//37
f 39//39 40//40 42//42
f 40//40 38//38 42//42
f 38//38 36//36 42//42
f 42//42 36//36 41//41
f 41//41 35//35 37//37
f 39//39 41//41 37//37
usemtl field_material_23
f 43//43 44//44 46//46
f 45//45 46//46 48//48
f 48//48 50//50 49//49
f 50//50 52//52 51//51
f 52//52 54//54 53//53
f 53//53 54//54 56//56
f 56//56 58//58 57//57
f 57//57 58//58 60//60
f 60//60 61//61 59//59
usemtl field_material_05
f 63//63 65//65 62//62
f 65//65 63//63 64//64
usemtl field_material_23
f 67//67 69//69 68//68
f 69//69 71//71 70//70
f 71//71 73//73 72//72
f 73//73 75//75 74//74
f 74//74 75//75 77//77
f 77//77 79//79 78//78
f 79//79 81//81 80//80
f 81//81 83//83 82//82
f 83//83 84//84 82//82
usemtl field_material_05
f 85//85 87//87 86//86
f 87//87 85//85 88//88
usemtl field_material_23
f 90//90 92//92 91//91
f 91//91 92//92 94//94
f 94//94 96//96 95//95
f 96//96 98//98 97//97
f 97//97 98//98 100//100
f 100//100 102//102 101//101
f 101//101 102//102 104//104
f 104//104 106//106 105//105
f 106//106 107//107 105//105
usemtl field_material_05
f 108//108 110//110 111//111
f 110//110 108//108 109//109
f 112//112 114//114 113//113
f 114//114 116//116 115//115
f 116//116 119//119 117//117
f 116//116 114//114 119//119
f 114//114 112//112 119//119
f 112//112 121//121 119//119
f 118//118 119//119 121//121
f 120//120 121//121 112//112
f 113//113 115//115 117//117
f 117//117 118//118 120//120
usemtl field_material_07
f 123//123 125//125 124//124
f 125//125 127//127 126//126
f 127//127 129//129 128//128
f 129//129 131//131 130//130
f 131//131 133//133 132//132
f 133//133 135//135 134//134
f 135//135 137//137 136//136
f 137//137 139//139 138//138
f 139//139 140//140 138//138
usemtl field_material_05
f 142//142 144//144 141//141
f 144//144 142//142 143//143
usemtl field_material_07
f 146//146 148//148 147//147
f 147//147 148//148 150//150
f 150//150 152//152 151//151
f 151//151 152//152 154//154
f 153//153 154//154 156//156
f 155//155 156//156 158//158
f 157//157 158//158 160//160
f 160//160 162//162 161//161
f 162//162 163//163 161//161
usemtl field_material_05
f 164//164 166//166 167//167
f 166//166 164//164 165//165
usemtl field_material_07
f 169//169 171//171 170//170
f 171//171 173//173 172//172
f 173//173 175//175 174//174
f 174//174 175//175 177//177
f 177//177 179//179 178//178
f 179//179 181//181 180//180
f 181//181 183//183 182//182
f 183//183 185//185 184//184
f 185//185 186//186 184//184
usemtl field_material_05
f 188//188 190//190 187//187
f 190//190 188//188 189//189
f 191//191 193//193 192//192
f 193//193 195//195 194//194
f 195//195 198//198 196//196
f 195//195 193//193 191//191
f 191//191 200//200 198//198
f 197//197 198//198 200//200
f 200//200 191//191 199//199
f 192//192 194//194 196//196
f 196//196 197//197 192//192
usemtl field_material_23
f 202//202 204//204 203//203
f 204//204 206//206 205//205
f 206//206 208//208 207//207
f 207//207 208//208 210//210
f 210//210 212//212 211//211
f 212//212 214//214 213//213
f 214//214 216//216 215//215
f 216//216 218//218 217//217
f 218//218 219//219 217//217
usemtl field_material_05
f 220//220 222//222 223//223
f 222//222 220//220 221//221
usemtl field_material_23
f 225//225 227//227 226//226
f 226//226 227//227 229//229
f 229//229 231//231 230//230
f 230//230 231//231 233//233
f 232//232 233//233 235//235
f 235//235 237//237 236//236
f 236//236 237//237 239//239
f 239//239 241//241 240//240
usemtl field_material_05
f 243//243 245//245 246//246
f 245//245 243//243 244//244
usemtl field_material_23
f 248//248 250//250 249//249
f 249//249 250//250 252//252
f 252//252 254//254 253//253
f 253//253 254//254 256//256
f 256//256 258//258 257//257
f 258//258 260//260 259//259
f 259//259 260//260 262//262
f 262//262 264//264 263//263
f 264//264 265//265 263//263
usemtl field_material_05
f 267//267 269//269 266//266
f 269//269 267//267 268//268
f 271//271 272//272 273//273
f 273//273 276//276 274//274
f 272//272 277//277 273//273
f 277//277 276//276 273//273
f 275//275 276//276 277//277
f 277//277 272//272 270//270
f 275//275 270//270 271//271
f 271//271 274//274 275//275
usemtl field_material_17
f 279//279 281//281 280//280
f 281//281 283//283 282//282
f 282//282 283//283 285//285
f 285//285 287//287 286//286
f 286//286 287//287 289//289
f 288//288 289//289 291//291
f 290//290 291//291 293//293
f 293//293 295//295 294//294
usemtl field_material_05
f 298//298 300//300 297//297
f 300//300 298//298 299//299
usemtl field_material_17
f 302//302 304//304 303//303
f 303//303 304//304 306//306
f 306//306 308//308 307//307
f 307//307 308//308 310//310
f 310//310 312//312 311//311
f 311//311 312//312 314//314
f 314//314 316//316 315//315
f 315//315 316//316 318//318
f 318//318 319//319 317//317
usemtl field_material_05
f 320//320 321//321 323//323
f 322//322 323//323 321//321
usemtl field_material_17
f 325//325 327//327 326//326
f 326//326 327//327 329//329
f 329//329 331//331 330//330
f 330//330 331//331 333//333
f 333//333 335//335 334//334
f 335//335 337//337 336//336
f 337//337 339//339 338//338
f 338//338 339//339 341//341
f 341//341 342//342 340//340
usemtl field_material_05
f 343//343 345//345 344//344
f 345//345 343//343 346//346
f 348//348 349//349 351//351
f 350//350 351//351 353//353
f 353//353 354//354 352//352
f 349//349 356//356 354//354
f 354//354 353//353 351//351
f 354//354 356//356 355//355
f 356//356 349//349 347//347
f 355//355 347//347 352//352
f 347//347 348//348 352//352
f 348//348 350//350 352//352
usemtl field_material_17
f 358//358 360//360 359//359
f 359//359 360//360 362//362
f 361//361 362//362 364//364
f 363//363 364//364 366//366
f 366//366 368//368 367//367
f 368//368 370//370 369//369
f 369//369 370//370 372//372
f 372//372 374//374 373//373
f 374//374 375//375 373//373
usemtl field_material_05
f 376//376 379//379 377//377
f 379//379 376//376 378//378
usemtl field_material_17
f 380//380 381//381 383//383
f 383//383 385//385 384//384
f 385//385 387//387 386//386
f 386//386 387//387 389//389
f 389//389 391//391 390//390
f 390//390 391//391 393//393
f 393//393 395//395 394//394
f 394//394 395//395 397//397
f 397//397 398//398 396//396
usemtl field_material_05
f 400//400 402//402 399//399
f 402//402 400//400 401//401
usemtl field_material_17
f 403//403 404//404 406//406
f 406//406 408//408 407//407
f 408//408 410//410 409//409
f 409//409 410//410 412//412
f 411//411 412//412 414//414
f 414//414 416//416 415//415
f 416//416 418//418 417//417
f 417//417 418//418 420//420
f 420//420 421//421 419//419
usemtl field_material_05
f 423//423 425//425 422//422
f 425//425 423//423 424//424
f 426//426 427//427 429//429
f 429//429 431//431 430//430
f 430//430 431//431 433//433
f 433//433 434//434 432//432
f 431//431 429//429 427//427
f 434//434 433//433 427//427
f 434//434 427//427 435//435
f 435//435 426//426 432//432
f 426//426 428//428 432//432
f 428//428 430//430 432//432
usemtl field_material_17
f 436//436 437//437 439//439
f 439//439 441//441 440//440
f 440//440 441//441 443//443
f 442//442 443//443 445//445
f 445//445 447//447 446//446
f 446//446 447//447 449//449
f 448//448 449//449 451//451
f 451//451 453//453 452//452
f 453//453 454//454 452//452
usemtl field_material_05
f 455//455 456//456 457//457
f 457//457 456//456 458//458
usemtl field_material_17
f 460//460 462//462 461//461
f 461//461 462//462 464//464
f 464//464 466//466 465//465
f 466//466 468//468 467//467
f 468//468 470//470 469//469
f 469//469 470//470 472//472
f 472//472 474//474 473//473
f 474//474 476//476 475//475
usemtl field_material_05
f 478//478 481//481 479//479
f 480//480 481//481 478//478
usemtl field_material_17
f 483//483 485//485 484//484
f 485//485 487//487 486//486
f 486//486 487//487 489//489
f 489//489 491//491 490//490
f 490//490 491//491 493//493
f 492//492 493//493 495//495
f 494//494 495//495 497//497
f 497//497 499//499 498//498
usemtl field_material_05
f 501//501 503//503 502//502
f 503//503 501//501 504//504
f 506//506 508//508 507//507
f 508//508 511//511 509//509
f 510//510 511//511 513//513
f 511//511 508//508 506//506
f 506//506 514//514 511//511
f 514//514 513//513 511//511
f 513//513 514//514 512//512
f 514//514 506//506 505//505
f 512//512 505//505 507//507
f 507//507 509//509 512//512
f 509//509 510//510 512//512
usemtl field_material_17
f 515//515 516//516 518//518
f 518//518 520//520 519//519
f 520//520 522//522 521//521
f 521//521 522//522 524//524
f 524//524 526//526 525//525
f 526//526 528//528 527//527
f 528//528 530//530 529//529
f 529//529 530//530 532//532
f 532//532 533//533 531//531
usemtl field_material_05
f 535//535 537//537 534//534
f 537//537 535//535 536//536
usemtl field_material_17
f 538//538 539//539 541//541
f 540//540 541//541 543//543
f 543//543 545//545 544//544
f 545//545 547//547 546//546
f 547//547 549//549 548//548
f 549//549 551//551 550//550
f 551//551 553//553 552//552
f 553//553 555//555 554//554
f 555//555 556//556 554//554
usemtl field_material_05
f 558//558 560//560 557//557
f 559//559 560//560 558//558
usemtl field_material_17
f 562//562 564//564 563//563
f 564//564 566//566 565//565
f 566//566 568//568 567//567
f 568//568 570//570 569//569
f 570//570 572//572 571//571
f 572//572 574//574 573//573
f 574//574 576//576 575//575
f 576//576 578//578 577//577
usemtl field_material_05
f 580//580 582//582 581//581
f 582//582 580//580 583//583
f 585//585 587//587 586//586
f 587//587 590//590 588//588
f 589//589 590//590 592//592
f 590//590 587//587 585//585
f 585//585 593//593 590//590
f 593//593 592//592 590//590
f 592//592 593//593 591//591
f 593//593 585//585 584//584
f 591//591 584//584 586//586
f 586//586 588//588 591//591
f 588//588 589//589 591//591
usemtl field_material_23
f 595//595 597//597 596//596
f 596//596 597//597 599//599
f 598//598 599//599 601//601
f 601//601 603//603 602//602
f 602//602 603//603 605//605
f 605//605 607//607 606//606
f 606//606 607//607 609//609
f 609//609 611//611 610//610
usemtl field_material_05
f 613//613 615//615 616//616
f 615//615 613//613 614//614
usemtl field_material_23
f 617//617 618//618 620//620
f 620//620 622//622 621//621
f 622//622 624//624 623//623
f 624//624 626//626 625//625
f 626//626 628//628 627//627
f 628//628 630//630 629//629
f 630//630 632//632 631//631
f 632//632 634//634 633//633
f 634//634 635//635 633//633
usemtl field_material_05
f 638//638 639//639 637//637
f 639//639 638//638 636//636
usemtl field_material_23
f 641//641 643//643 642//642
f 642//642 643//643 645//645
f 645//645 647//647 646//646
f 647//647 649//649 648//648
f 648//648 649//649 651//651
f 651//651 653//653 652//652
f 653//653 655//655 654//654
f 655//655 657//657 656//656
usemtl field_material_05
f 660//660 662//662 659//659
f 662//662 660//660 661//661
f 664//664 666//666 663//663
f 665//665 666//666 668//668
f 666//666 664//664 668//668
f 667//667 668//668 664//664
f 667//667 663//663 665//665
usemtl field_material_15
f 676//676 677//677 671//671
f 671//671 677//677 685//685
f 671//671 685//685 678//678
f 672//672 678//678 679//679
f 679//679 680//680 673//673
f 680//680 681//681 673//673
f 681//681 687//687 674//674
f 674//674 687//687 682//682
f 675//675 682//682 683//683
f 670//670 683//683 676//676
f 684//684 685//685 677//677
f 680//680 679//679 686//686
f 680//680 686//686 681//681
f 687//687 688//688 682//682
f 688//688 689//689 682//682
f 683//683 689//689 690//690
f 684//684 692//692 685//685
f 692//692 693//693 685//685
f 693//693 694//694 678//678
f 694//694 695//695 679//679
f 679//679 695//695 686//686
f 696//696 697//697 681//681
f 687//687 697//697 698//698
f 687//687 698//698 688//688
f 699//699 700//700 689//689
f 690//690 691//691 676//676
f 701//701 702//702 684//684
f 684//684 702//702 692//692
f 692//692 703//703 693//693
f 693//693 703//703 704//704
f 704//704 705//705 694//694
f 705//705 706//706 695//695
f 695//695 706//706 686//686
f 699//699 707//707 700//700
f 700//700 707//707 708//708
f 691//691 709//709 710//710
f 703//703 712//712 704//704
f 712//712 713//713 705//705
f 714//714 715//715 697//697
f 697//697 715//715 716//716
f 716//716 717//717 698//698
f 717//717 718//718 699//699
f 709//709 719//719 710//710
f 702//702 720//720 711//711
f 711//711 721//721 703//703
f 716//716 722//722 717//717
f 718//718 723//723 707//707
f 719//719 724//724 710//710
f 710//710 724//724 725//725
f 720//720 726//726 711//711
f 727//727 728//728 712//712
f 728//728 729//729 713//713
f 729//729 730//730 713//713
f 730//730 731//731 714//714
f 731//731 732//732 714//714
f 732//732 733//733 715//715
f 733//733 734//734 715//715
f 734//734 735//735 716//716
f 736//736 737//737 718//718
f 723//723 738//738 707//707
f 738//738 739//739 708//708
f 739//739 740//740 709//709
f 724//724 741//741 725//725
f 741//741 742//742 725//725
f 726//726 743//743 721//721
f 729//729 744//744 730//730
f 730//730 744//744 745//745
f 730//730 745//745 731//731
f 735//735 746//746 722//722
f 723//723 747//747 738//738
f 738//738 747//747 739//739
f 740//740 748//748 719//719
f 719//719 749//749 724//724
f 724//724 749//749 741//741
f 742//742 757//757 720//720
f 743//743 750//750 727//727
f 728//728 751//751 729//729
f 731//731 752//752 732//732
f 732//732 752//752 733//733
f 733//733 759//759 734//734
f 737//737 754//754 723//723
f 723//723 754//754 747//747
f 726//726 757//757 743//743
f 750//750 751//751 728//728
f 745//745 752//752 731//731
f 752//752 758//758 733//733
f 735//735 759//759 746//746
f 753//753 754//754 737//737
f 749//749 760//760 761//761
f 761//761 762//762 757//757
f 762//762 763//763 743//743
f 751//751 763//763 764//764
f 744//744 764//764 765//765
f 765//765 766//766 752//752
f 766//766 767//767 759//759
f 767//767 768//768 754//754
f 747//747 768//768 769//769
f 769//769 760//760 756//756
usemtl field_material_05
f 772//772 774//774 776//776
f 776//776 774//774 771//771
f 776//776 777//777 778//778
f 777//777 771//771 780//780
f 777//777 781//781 779//779
f 779//779 781//781 782//782
f 780//780 772//772 782//782
f 785//785 787//787 788//788
f 789//789 788//788 790//790
f 790//790 787//787 784//784
f 790//790 784//784 792//792
f 790//790 793//793 791//791
f 792//792 785//785 795//795
f 794//794 793//793 795//795
f 798//798 801//801 803//803
f 799//799 800//800 803//803
f 803//803 801//801 804//804
f 804//804 797//797 808//808
f 807//807 806//806 808//808
f 808//808 800//800 799//799
f 808//808 797//797 798//798
f 811//811 810//810 813//813
f 813//813 810//810 815//815
f 813//813 817//817 816//816
f 815//815 818//818 820//820
f 816//816 817//817 820//820
f 820//820 818//818 811//811
f 820//820 822//822 821//821
f 827//827 825//825 826//826
f 824//824 823//823 826//826
f 826//826 828//828 829//829
f 828//828 823//823 830//830
f 828//828 832//832 831//831
f 830//830 833//833 834//834
f 831//831 832//832 834//834
f 834//834 825//825 835//835
f 825//825 833//833 824//824
usemtl field_material_29
f 836//836 840//840 839//839
f 839//839 840//840 841//841
f 840//840 836//836 837//837
f 843//843 842//842 844//844
f 845//845 844//844 846//846
f 846//846 842//842 847//847
f 849//849 848//848 850//850
f 849//849 850//850 851//851
f 850//850 848//848 852//852
f 854//854 848//848 853//853
f 853//853 848//848 849//849
f 856//856 855//855 857//857
f 857//857 855//855 858//858
f 858//858 855//855 860//860
f 858//858 860//860 859//859
f 860//860 855//855 859//859
f 863//863 861//861 862//862
f 862//862 865//865 864//864
f 865//865 866//866 867//867
f 866//866 861//861 868//868
f 870//870 872//872 871//871
f 872//872 869//869 873//873
f 873//873 869//869 874//874
f 873//873 874//874 871//871
f 874//874 870//870 875//875
f 877//877 876//876 878//878
f 879//879 878//878 880//880
f 880//880 876//876 881//881
f 883//883 882//882 884//884
f 885//885 884//884 886//886
f 886//886 882//882 887//887
f 890//890 888//888 889//889
f 889//889 892//892 891//891
f 892//892 893//893 894//894
f 893//893 888//888 895//895
f 897//897 901//901 898//898
f 898//898 896//896 899//899
f 899//899 896//896 901//901
f 899//899 901//901 900//900
f 904//904 902//902 903//903
f 903//903 906//906 905//905
f 906//906 902//902 907//907
f 910//910 909//909 911//911
f 912//912 909//909 913//913
f 913//913 910//910 914//914
f 917//917 915//915 916//916
f 916//916 919//919 918//918
f 922//922 921//921 923//923
f 924//924 921//921 925//925
f 925//925 922//922 926//926
usemtl field_material_05
f 927//927 928//928 929//929
f 929//929 932//932 930//930
f 931//931 932//932 933//933
f 932//932 929//929 933//933
f 929//929 928//928 933//933
f 933//933 928//928 934//934
f 934//934 927//927 931//931
f 927//927 930//930 931//931
usemtl field_material_27
f 937//937 938//938 939//939
f 957//957 937//937 939//939
f 936//936 935//935 938//938
f 938//938 941//941 942//942
f 940//940 939//939 942//942
f 935//935 943//943 941//941
f 941//941 944//944 945//945
f 942//942 945//945 946//946
f 944//944 947//947 948//948
f 945//945 948//948 946//946
f 944//944 943//943 947//947
f 947//947 949//949 950//950
f 946//946 948//948 950//950
f 947//947 952//952 949//949
f 949//949 953//953 954//954
f 950//950 954//954 951//951
f 953//953 955//955 956//956
f 954//954 956//956 957//957
f 953//953 952//952 936//936
f 956//956 937//937 957//957
usemtl field_material_25
f 960//960 962//962 963//963
f 960//960 959//959 958//958
f 958//958 966//966 965//965
f 968//968 965//965 967//967
f 967//967 969//969 972//972
f 967//967 966//966 970//970
f 969//969 971//971 972//972
f 970//970 959//959 971//971
f 961//961 971//971 960//960
f 974//974 977//977 978//978
f 977//977 976//976 979//979
f 977//977 979//979 981//981
f 981//981 979//979 980//980
f 979//979 973//973 980//980
f 981//981 980//980 982//982
f 973//973 983//983 982//982
f 982//982 984//984 985//985
f 984//984 983//983 987//987
f 987//987 976//976 974//974
f 975//975 988//988 974//974
f 991//991 994//994 995//995
f 991//991 990//990 993//993
f 994//994 996//996 995//995
f 993//993 989//989 996//996
f 997//997 996//996 998//998
f 989//989 999//999 998//998
f 998//998 1000//1000 1001//1001
f 1000//1000 999//999 1002//1002
f 1002//1002 990//990 1004//1004
f 992//992 1004//1004 991//991
f 1006//1006 1009//1009 1007//1007
f 1009//1009 1008//1008 1010//1010
f 1010//1010 1014//1014 1012//1012
f 1013//1013 1012//1012 1015//1015
f 1015//1015 1016//1016 1017//1017
f 1015//1015 1014//1014 1005//1005
f 1016//1016 1018//1018 1020//1020
f 1016//1016 1005//1005 1019//1019
f 1020//1020 1018//1018 1006//1006
f 1019//1019 1008//1008 1006//1006
f 1023//1023 1022//1022 1021//1021
f 1023//1023 1027//1027 1025//1025
f 1027//1027 1021//1021 1026//1026
f 1025//1025 1027//1027 1028//1028
f 1026//1026 1031//1031 1030//1030
f 1029//1029 1028//1028 1030//1030
f 1030//1030 1032//1032 1033//1033
f 1032//1032 1031//1031 1034//1034
f 1034//1034 1022//1022 1036//1036
f 1024//1024 1036//1036 1023//1023
