# Strawberry URP Gazebo mesh generated by export_gazebo_assets.py
mtllib plant_variant_21.mtl

o field_export_plant_variant_21
v 0.000000000 0.000000000 0.025000000
v 0.000000000 0.026450338 0.020225426
v 0.000000000 0.042797547 0.007725425
v 0.000000000 0.042797547 -0.007725425
v 0.000000000 0.026450338 -0.020225426
v 0.000000000 0.000000000 -0.025000000
v 0.018703211 0.018703211 0.020225426
v 0.030262435 0.030262435 0.007725425
v 0.030262435 0.030262435 -0.007725425
v 0.018703211 0.018703211 -0.020225426
v 0.026450334 0.000000000 0.020225426
v 0.042797547 0.000000000 0.007725425
v 0.042797547 0.000000000 -0.007725425
v 0.026450334 0.000000000 -0.020225426
v 0.018703211 -0.018703211 0.020225426
v 0.030262435 -0.030262435 0.007725425
v 0.030262435 -0.030262435 -0.007725425
v 0.018703211 -0.018703211 -0.020225426
v 0.000000000 -0.026450334 0.020225426
v 0.000000000 -0.042797547 0.007725425
v 0.000000000 -0.042797547 -0.007725425
v 0.000000000 -0.026450334 -0.020225426
v -0.018703211 -0.018703211 0.020225426
v -0.030262435 -0.030262435 0.007725425
v -0.030262435 -0.030262435 -0.007725425
v -0.018703211 -0.018703211 -0.020225426
v -0.026450334 0.000000000 0.020225426
v -0.042797547 0.000000000 0.007725425
v -0.042797547 0.000000000 -0.007725425
v -0.026450334 0.000000000 -0.020225426
v -0.018703211 0.018703211 0.020225426
v -0.030262435 0.030262435 0.007725425
v -0.030262435 0.030262435 -0.007725425
v -0.018703211 0.018703211 -0.020225426
v 0.003851943 0.003197245 0.004892863
v -0.165601015 -0.137454450 0.230204880
v 0.005797796 -0.003066033 0.002446435
v -0.163655162 -0.143717721 0.227758437
v 0.001945846 -0.006263278 -0.002446435
v -0.167507112 -0.146914959 0.222865582
v -0.003851943 -0.003197245 -0.004892863
v -0.173304915 -0.143848926 0.220419139
v -0.005797796 0.003066033 -0.002446435
v -0.175250769 -0.137585655 0.222865582
v -0.001945846 0.006263278 0.002446435
v -0.171398818 -0.134388417 0.227758437
v -0.163730100 -0.176291600 0.235801145
v -0.203762203 -0.127975628 0.233742058
v -0.170345247 -0.182703450 0.239800036
v -0.211489841 -0.133133680 0.237779170
v -0.168375194 -0.199616268 0.243698806
v -0.227888703 -0.127916157 0.240775734
v -0.179640010 -0.200709984 0.246146664
v -0.231144249 -0.138659194 0.243616983
v -0.179699600 -0.215443820 0.248251632
v -0.245707124 -0.135919899 0.245009616
v -0.194315314 -0.212786198 0.248716906
v -0.245819554 -0.150735408 0.246187225
v -0.197725803 -0.223768696 0.248839289
v -0.257239312 -0.152068570 0.245916218
v -0.214371160 -0.218932092 0.247510746
v -0.255515754 -0.169362307 0.245489895
v -0.222377822 -0.224550515 0.246049732
v -0.262478232 -0.176294133 0.243983045
v -0.257462800 -0.213124126 0.240752831
v -0.168614730 -0.141515419 0.226089880
v -0.247094408 -0.203537226 0.238089859
v -0.245501503 -0.205758765 0.236480072
v -0.170504928 -0.139540628 0.224480093
v -0.213749886 -0.129189610 0.234031409
v -0.214338511 -0.080224611 0.234075546
v -0.221037969 -0.129945233 0.237559527
v -0.221680820 -0.079676725 0.237740383
v -0.228241250 -0.141271099 0.240510404
v -0.229171112 -0.068560302 0.240771994
v -0.235689566 -0.136480540 0.242657289
v -0.236494288 -0.073555082 0.242883682
v -0.243005469 -0.145439461 0.243793324
v -0.244036794 -0.064794585 0.244083464
v -0.250592977 -0.136675954 0.243997812
v -0.251397699 -0.073750503 0.244224191
v -0.258048058 -0.141661927 0.243191436
v -0.258977950 -0.068951130 0.243453026
v -0.265748203 -0.130531490 0.241581082
v -0.266391069 -0.080262974 0.241761923
v -0.273324609 -0.129968628 0.239342660
v -0.273971140 -0.081006154 0.239405066
v -0.288865447 -0.105699591 0.233367965
v -0.199593589 -0.105604239 0.224423334
v -0.277435601 -0.106915131 0.237382680
v -0.199305966 -0.103215754 0.226491287
v -0.277520269 -0.103756949 0.237094998
v -0.117964253 -0.195766091 0.233913168
v -0.165948361 -0.186104313 0.235362023
v -0.118623957 -0.202980518 0.237687975
v -0.167888686 -0.193096161 0.239317551
v -0.108953297 -0.212332472 0.240566432
v -0.180212170 -0.198035270 0.242923528
v -0.115115099 -0.218571052 0.243079722
v -0.176784024 -0.206197947 0.245119601
v -0.107844196 -0.227575198 0.244157270
v -0.186878726 -0.211717904 0.246771559
v -0.117985554 -0.233158767 0.244784385
v -0.179654479 -0.220785663 0.246824250
v -0.114694215 -0.241507918 0.243975759
v -0.185953081 -0.227210715 0.246332854
v -0.127235323 -0.246743679 0.242801964
v -0.176500052 -0.236859322 0.244431540
v -0.129453897 -0.254102111 0.240560949
v -0.177430198 -0.244450688 0.242259607
v -0.156692907 -0.264307946 0.235553101
v -0.155931801 -0.252939761 0.238086328
v -0.139167234 -0.177135751 0.223620906
v -0.153306812 -0.253717899 0.236483857
v -0.139760375 -0.176536858 0.226679251
v 0.000397093 0.004756272 0.005120561
v -0.018295661 -0.219140753 0.214539081
v 0.006239706 0.001873769 0.002560280
v -0.012453048 -0.222023249 0.211978793
v 0.005842612 -0.002882510 -0.002560280
v -0.012850141 -0.226779535 0.206858248
v -0.000397095 -0.004756287 -0.005120561
v -0.019089848 -0.228653312 0.204297960
v -0.006239708 -0.001873784 -0.002560280
v -0.024932463 -0.225770801 0.206858248
v -0.005842614 0.002882496 0.002560280
v -0.024535369 -0.221014529 0.211978793
v 0.011228675 -0.246263564 0.213114604
v -0.051213846 -0.240980133 0.216888979
v 0.011372888 -0.256070673 0.215137124
v -0.052735336 -0.250718415 0.219088376
v 0.024966491 -0.267002225 0.215812787
v -0.067762733 -0.259260446 0.221528068
v 0.017968321 -0.276144534 0.216980964
v -0.062281504 -0.269444615 0.221927091
v 0.028462423 -0.286669046 0.216204792
v -0.074385270 -0.278082460 0.222543716
v 0.016310656 -0.295221955 0.215927616
v -0.063939169 -0.288522035 0.220873743
v 0.021651166 -0.305157095 0.213706076
v -0.071078062 -0.297415286 0.219421372
v 0.006399905 -0.313302964 0.211977080
v -0.057708316 -0.307950675 0.215928331
v 0.004601450 -0.322503269 0.208897740
v -0.057848193 -0.317300946 0.212633818
v -0.028598234 -0.338346928 0.203118041
v -0.017416630 -0.223860934 0.210603163
v -0.026256880 -0.323425114 0.222982571
v -0.019813705 -0.223910958 0.208525777
v -0.027534435 -0.323666900 0.220088884
v -0.059293501 -0.247512490 0.222501874
v -0.094524048 -0.213744134 0.218447611
v -0.064398788 -0.253303856 0.226794332
v -0.100612663 -0.218656495 0.222859278
v -0.061813939 -0.266394854 0.231112927
v -0.114195429 -0.216279224 0.225421071
v -0.070714884 -0.268399209 0.232866615
v -0.116046920 -0.225028098 0.227940753
v -0.069571592 -0.279904395 0.234242946
v -0.127668872 -0.224320248 0.227929994
v -0.081051812 -0.279219359 0.232727021
v -0.126383856 -0.235848248 0.227801159
v -0.082487792 -0.288035125 0.230833739
v -0.134869277 -0.237919509 0.225141883
v -0.095409565 -0.285764277 0.226375550
v -0.131623432 -0.251116931 0.222440481
v -0.100618899 -0.290792525 0.221680194
v -0.135910600 -0.257044017 0.218029991
v -0.127561226 -0.284825891 0.208591908
v -0.064487666 -0.220732674 0.210597783
v -0.119294219 -0.276181996 0.222899050
v -0.066430621 -0.219314083 0.208529815
v -0.119643405 -0.276546985 0.219615698
v 0.057560828 -0.226957962 0.217365712
v 0.017047688 -0.254412144 0.219068199
v 0.062580727 -0.232966021 0.220656231
v 0.021026032 -0.261194557 0.222586334
v 0.076291308 -0.233012825 0.222857341
v 0.016184596 -0.273843944 0.225649148
v 0.076590285 -0.242049843 0.224573687
v 0.024572670 -0.277385950 0.226989761
v 0.088156186 -0.243298799 0.224531218
v 0.021490719 -0.288585365 0.227627665
v 0.084969103 -0.254430532 0.223894939
v 0.032951485 -0.289766669 0.226311028
v 0.093048938 -0.257774234 0.221499845
v 0.032942224 -0.298605353 0.224291652
v 0.087717168 -0.270108134 0.218619987
v 0.046162471 -0.298336685 0.220550105
v 0.091057621 -0.276461482 0.214586675
v 0.050573502 -0.303953856 0.216313273
v 0.078439355 -0.302029371 0.205358505
v 0.070914499 -0.292904079 0.222192824
v 0.028559392 -0.227839932 0.207727388
v 0.073308602 -0.291575789 0.220590338
v 0.027716486 -0.227843702 0.210785747
v 0.001196379 0.005159132 0.004466798
v 0.095156968 -0.180517644 0.192413658
v 0.101609379 -0.179757982 0.189808026
v 0.006452411 0.000759676 -0.002605617
v 0.103788756 -0.183892369 0.184596777
v 0.002179381 -0.004134394 -0.005211242
v 0.099515721 -0.188786447 0.181991160
v -0.004273031 -0.004894070 -0.002605617
v -0.006452411 -0.000759676 0.002605632
v 0.091207519 -0.187882751 0.187202409
v 0.133892477 -0.187011421 0.195044085
v 0.078345679 -0.216232181 0.193662614
v 0.139012977 -0.195063397 0.197937399
v 0.082008988 -0.225112125 0.196616873
v 0.156151175 -0.196834236 0.200638175
v 0.073697865 -0.240298152 0.198728099
v 0.155033365 -0.208237231 0.202183723
v 0.083676532 -0.245851815 0.200530708
v 0.169529468 -0.211419418 0.203274190
v 0.078078985 -0.259626061 0.201155692
v 0.163951427 -0.225193530 0.203054026
v 0.092594616 -0.262808114 0.201401010
v 0.173987329 -0.230746835 0.202378780
v 0.091534011 -0.274210751 0.200468704
v 0.165767193 -0.245932296 0.200548291
v 0.108763218 -0.275981009 0.199227765
v 0.169533134 -0.254779994 0.198501170
v 0.114023872 -0.284067482 0.197111651
v 0.150867447 -0.286356509 0.192444876
v 0.097905830 -0.184139669 0.188766509
v 0.145023674 -0.272396654 0.200387061
v 0.096959323 -0.185031146 0.185872823
v 0.143030450 -0.273729146 0.198309675
v 0.076339357 -0.226698413 0.195942879
v 0.028374275 -0.217160270 0.193431228
v 0.075340539 -0.234393492 0.198804587
v 0.026078146 -0.224669740 0.196348026
v 0.084736504 -0.244114429 0.201563641
v 0.013481013 -0.230049521 0.198010355
v 0.078404754 -0.250638485 0.202576563
v 0.016738750 -0.238466427 0.199501470
v 0.085621044 -0.259733647 0.203192264
v 0.006590262 -0.244134009 0.199251249
v 0.075545959 -0.265309006 0.201835036
v 0.013879959 -0.253136963 0.198759943
v 0.079018921 -0.273455471 0.200080588
v 0.007763430 -0.259390593 0.196527302
v 0.066764161 -0.278405070 0.196579993
v 0.017501771 -0.268681318 0.194123447
v 0.064916357 -0.285333395 0.192813009
v 0.016930804 -0.275848925 0.190530911
v 0.038566597 -0.294554442 0.182766989
v 0.056827527 -0.206919000 0.186313748
v 0.042060785 -0.283358783 0.199273080
v 0.054549683 -0.206145108 0.188381702
v 0.038953014 -0.282790452 0.198985383
v 0.162672088 -0.147538438 0.201209918
v 0.143389314 -0.192317665 0.196638256
v 0.169957086 -0.150394022 0.205733895
v 0.150194958 -0.196405753 0.201290026
v 0.181365803 -0.143476188 0.210326180
v 0.152780905 -0.210029766 0.203898355
v 0.186395958 -0.151152551 0.212082595
v 0.161657989 -0.208749413 0.206519827
v 0.196783870 -0.146068111 0.213480577
v 0.165079832 -0.219883919 0.206351370
v 0.200155258 -0.157023549 0.211682424
v 0.175417274 -0.214620411 0.206119657
v 0.208884388 -0.155218184 0.209525838
v 0.180299491 -0.221771762 0.203098014
v 0.211234987 -0.168007016 0.204533368
v 0.191472843 -0.214018747 0.200089514
v 0.217703909 -0.170997471 0.199322656
v 0.198469415 -0.215838969 0.195193455
v 0.221386999 -0.198001221 0.184814036
v 0.209953323 -0.194413960 0.200660899
v 0.139625967 -0.161161035 0.186985433
v 0.211099401 -0.192781106 0.198004603
v 0.138338625 -0.164046183 0.187273100
v -0.005459525 0.000721892 0.004321195
v 0.165335238 -0.021861747 0.223881632
v -0.001935102 0.006370813 0.002160601
v 0.168859661 -0.016212827 0.221721023
v 0.003524415 0.005648917 -0.002160572
v 0.174319178 -0.016934723 0.217399865
v 0.005459510 -0.000721898 -0.004321165
v 0.176254272 -0.023305537 0.215239257
v 0.001935087 -0.006370818 -0.002160572
v 0.172729850 -0.028954457 0.217399865
v -0.003524430 -0.005648923 0.002160601
v 0.167270333 -0.028232561 0.221721023
v 0.193041205 0.006543393 0.229234710
v 0.184775069 -0.055647705 0.231524631
v 0.202249780 0.006340604 0.233672634
v 0.193807334 -0.057507697 0.236171186
v 0.213327155 0.019528683 0.236976907
v 0.201115593 -0.072824582 0.240590930
v 0.221786559 0.012200344 0.240114793
v 0.211218417 -0.067724109 0.243242443
v 0.232654124 0.022284295 0.241490245
v 0.219110057 -0.080146417 0.245498627
v 0.240647733 0.009804800 0.242629468
v 0.230079591 -0.070119657 0.245757118
v 0.251049459 0.014737602 0.242006257
v 0.238837913 -0.077615663 0.245620281
v 0.258833259 -0.000846019 0.241216660
v 0.250390828 -0.064694323 0.243715197
v 0.268430471 -0.003036080 0.239235416
v 0.260241181 -0.065234460 0.241545528
v 0.283939898 -0.036906634 0.234663621
v 0.171019793 -0.022098672 0.218230873
v 0.269957215 -0.034415845 0.232745111
v 0.170511290 -0.023295341 0.221124545
v 0.269891798 -0.036812540 0.230667725
v 0.192796066 -0.063828975 0.227136359
v 0.157300949 -0.097447909 0.224350303
v 0.198440582 -0.069019228 0.229512498
v 0.162032321 -0.103577256 0.226764858
v 0.211754769 -0.066916667 0.231973827
v 0.159092113 -0.116903067 0.227999508
v 0.213387400 -0.075818755 0.232776985
v 0.167812020 -0.119078040 0.229337513
v 0.224968612 -0.075184979 0.233464748
v 0.166559473 -0.130625814 0.229056746
v 0.223703682 -0.086648360 0.232286304
v 0.178128302 -0.129907638 0.228846833
v 0.232387334 -0.088575885 0.230992466
v 0.179724678 -0.138562277 0.227018148
v 0.229389459 -0.101508051 0.228040457
v 0.192981184 -0.136066079 0.225292817
v 0.234035894 -0.107116371 0.225031257
v 0.198561132 -0.140770853 0.222451046
v 0.226490080 -0.134166807 0.216630146
v 0.217379481 -0.126490861 0.232334793
v 0.165048584 -0.069142990 0.217869356
v 0.219526902 -0.124792472 0.230732322
v 0.164217427 -0.069283195 0.220927700
v 0.176400155 0.052804962 0.227928609
v 0.201884300 0.011033540 0.229835749
v 0.182191670 0.057289377 0.231657982
v 0.208382875 0.014429724 0.233765006
v 0.182531178 0.070793264 0.234367996
v 0.220415413 0.008799002 0.237415701
v 0.191324472 0.070548296 0.236828521
v 0.224110276 0.016897151 0.239466056
v 0.193017155 0.082017653 0.237681001
v 0.235035241 0.013258670 0.241061255
v 0.204009145 0.078367636 0.238208205
v 0.236794963 0.024716495 0.240845740
v 0.207900554 0.086431950 0.237127364
v 0.245784789 0.024437688 0.240175068
v 0.220245719 0.080747411 0.235797033
v 0.246436924 0.037887756 0.237904057
v 0.227132857 0.084063880 0.233268604
v 0.252622455 0.042310592 0.235439017
v 0.253061652 0.070874795 0.227852434
v 0.243695199 0.063924342 0.233117446
v 0.176490560 0.025034269 0.218671784
v 0.243419975 0.065224603 0.230236903
v 0.177462518 0.022833623 0.220739737
v -0.003963053 -0.001900505 0.005448148
v 0.171523124 0.082254767 0.162455752
v -0.004602835 0.004515890 0.002724081
v 0.170883343 0.088671163 0.159731686
v -0.000639781 0.006416392 -0.002724066
v 0.174846396 0.090571657 0.154283538
v 0.003963068 0.001900505 -0.005448133
v 0.179449245 0.086055771 0.151559472
v 0.004602849 -0.004515890 -0.002724066
v 0.180089027 0.079639375 0.154283538
v 0.000639796 -0.006416392 0.002724081
v 0.176125973 0.077738881 0.159731686
v 0.180063620 0.120569959 0.165628016
v 0.207076937 0.064086750 0.161024302
v 0.188610390 0.125405103 0.168021724
v 0.216408581 0.067438476 0.163411543
v 0.191285208 0.142461479 0.170831859
v 0.231493860 0.058615744 0.164163485
v 0.202772692 0.140957862 0.171301812
v 0.237570107 0.068396010 0.165530860
v 0.206545696 0.155336678 0.172071159
v 0.251141846 0.062341832 0.164675131
v 0.220004082 0.149307340 0.170219630
v 0.254801512 0.076745480 0.164448678
v 0.225747988 0.159160405 0.168667510
v 0.265956640 0.075314686 0.161999121
v 0.240304559 0.150453508 0.164775178
v 0.268102765 0.092486881 0.160165012
v 0.248933390 0.153940484 0.161275029
v 0.276011944 0.097491935 0.156657681
v 0.278838664 0.134279206 0.150539637
v 0.175175741 0.084421471 0.158381119
v 0.265667379 0.126986995 0.170381099
v 0.175810575 0.083950296 0.155308798
v 0.265697390 0.127777025 0.167308807
v 0.216292754 0.062522054 0.165197209
v 0.204946235 0.014938219 0.167427883
v 0.223788679 0.061593231 0.168825850
v 0.212202087 0.012734175 0.171257451
v 0.233732909 0.070904002 0.171279192
v 0.216973498 0.000231914 0.174796358
v 0.239934117 0.064508028 0.173475444
v 0.225430176 0.003346916 0.176519275
v 0.249272972 0.071428947 0.173850358
v 0.230684802 -0.006954774 0.177751318
v 0.254494250 0.061075602 0.173885509
v 0.239990294 -0.000085510 0.176929340
v 0.262853146 0.064039148 0.172099307
v 0.246093750 -0.006632939 0.175616488
v 0.267469049 0.051295951 0.170056030
v 0.255882472 0.002436895 0.172487631
v 0.274502635 0.048796352 0.166815639
v 0.263212085 0.001199942 0.169023558
v 0.283147335 0.021238359 0.159477964
v 0.196240351 0.043449711 0.156790614
v 0.271820575 0.025054656 0.170186892
v 0.195468381 0.040386170 0.157078296
v 0.271579891 0.022660999 0.168118939
v 0.138499260 0.150374696 0.167494237
v 0.182621598 0.129379407 0.170712426
v 0.140717775 0.157341212 0.172267109
v 0.186012506 0.135815680 0.175789669
v 0.133477673 0.168849930 0.175531894
v 0.198994130 0.137714356 0.180627108
v 0.140862122 0.173475653 0.178678781
v 0.197561443 0.146530271 0.183088288
v 0.135972142 0.184009388 0.179471016
v 0.208637685 0.149476349 0.185122207
v 0.147169769 0.186975241 0.180064932
v 0.203869089 0.160029858 0.184474438
v 0.146092966 0.195849121 0.178304195
v 0.211609423 0.164713562 0.183399409
v 0.159640729 0.197840005 0.176425561
v 0.204935446 0.176314473 0.179948121
v 0.163735718 0.204368576 0.172962964
v 0.207868338 0.183404669 0.176219046
v 0.192932785 0.207511365 0.165327743
v 0.153778180 0.127278313 0.156503335
v 0.188890755 0.196632862 0.170374855
v 0.156188816 0.125983179 0.157381058
v 0.188461065 0.197358012 0.167316511
v -0.000915071 -0.004385561 0.005378611
v 0.030362383 0.145515114 0.132924587
v -0.006391909 -0.000954539 0.002689306
v 0.024885543 0.148946136 0.130235285
v -0.005476840 0.003431022 -0.002689309
v 0.025800612 0.153331697 0.124856666
v 0.000915066 0.004385576 -0.005378611
v 0.032192521 0.154286250 0.122167356
v 0.006391905 0.000954553 -0.002689309
v 0.037669357 0.150855228 0.124856666
v 0.005476837 -0.003431007 0.002689306
v 0.036754288 0.146469668 0.130235285
v 0.004493950 0.175520912 0.135049537
v 0.065936312 0.162636980 0.135408342
v 0.005637143 0.185191780 0.137992412
v 0.068728924 0.172027394 0.138491720
v -0.006480888 0.197640121 0.140240178
v 0.084778115 0.178598538 0.140962422
v 0.001623195 0.205822542 0.141720951
v 0.080600649 0.189343542 0.142345980
v -0.007535815 0.217555106 0.142031103
v 0.093681224 0.196435720 0.142832145
v 0.005542139 0.224594116 0.141446769
v 0.084519595 0.208115131 0.142071798
v 0.001356998 0.235183299 0.139691830
v 0.092616007 0.216141701 0.140414059
v 0.017393973 0.241506517 0.137169868
v 0.080485761 0.228342146 0.137669176
v 0.020159034 0.250543058 0.133906558
v 0.081615679 0.237737834 0.134272307
v 0.054742701 0.262516081 0.125921637
v 0.030206954 0.150233507 0.126653239
v 0.050300147 0.248076484 0.139616966
v 0.032490369 0.149502411 0.128730625
v 0.053399637 0.247465178 0.139327973
v 0.073578909 0.168667793 0.139291808
v 0.104529269 0.130732194 0.138340786
v 0.079031140 0.173876002 0.143700942
v 0.110837489 0.134951070 0.142942294
v 0.077784657 0.187277257 0.147498235
v 0.123790890 0.130974367 0.146400884
v 0.086711474 0.188207075 0.149799019
v 0.126526237 0.139481381 0.148849353
v 0.086911783 0.199792773 0.150909439
v 0.137938157 0.137346193 0.149692342
v 0.098297857 0.197664678 0.150305212
v 0.138112634 0.148938984 0.149355546
v 0.100957431 0.206192464 0.148510635
v 0.146963671 0.149889588 0.147413284
v 0.113790303 0.202248827 0.145219535
v 0.145596653 0.163323894 0.144460872
v 0.119919136 0.206492290 0.141064554
v 0.150890455 0.168568298 0.140479133
v 0.146805078 0.196968913 0.130595475
v 0.076686367 0.141251281 0.126657292
v 0.137031227 0.190078363 0.141102955
v 0.077948846 0.139203444 0.128725246
v 0.138167232 0.189388484 0.138222396
v -0.043939367 0.161100909 0.136916488
v -0.000468375 0.183380783 0.140355274
v -0.048180468 0.167229503 0.141247854
v -0.003580488 0.190126389 0.144982025
v -0.061763000 0.168587461 0.144064590
v 0.002748553 0.201706603 0.149465874
v -0.060979992 0.177344054 0.146895140
v -0.005150333 0.206006065 0.151569530
v -0.072321832 0.179902285 0.147384420
v -0.000770874 0.216635346 0.153375089
v -0.067862920 0.190599620 0.147823736
v -0.012033265 0.219261616 0.152498126
v -0.075528860 0.195098579 0.145921782
v -0.011017308 0.228217721 0.151323065
v -0.068829261 0.206996202 0.144033641
v -0.024229281 0.229893059 0.147767797
v -0.071448475 0.214128956 0.140394479
v -0.028014420 0.236418754 0.144194409
v -0.055959448 0.239019841 0.133133441
v -0.016283927 0.158741355 0.127328977
v -0.050592199 0.228532538 0.140913203
v -0.013453421 0.160144731 0.127616644
v -0.050184924 0.229270533 0.137854859
v 0.002123274 -0.004458249 0.004961416
v -0.083904631 0.176174626 0.204091877
v -0.004411522 -0.004835755 0.002480708
v -0.090439424 0.175797120 0.201611161
v -0.006534804 -0.000377499 -0.002480708
v -0.092562705 0.180255383 0.196649760
v -0.002123289 0.004458264 -0.004961416
v -0.088151194 0.185091138 0.194169044
v 0.004411507 0.004835770 -0.002480708
v -0.081616402 0.185468644 0.196649760
v 0.006534789 0.000377513 0.002480708
v -0.079493120 0.181010395 0.201611161
v -0.122664012 0.184647635 0.205785781
v -0.065962449 0.211590022 0.205291256
v -0.127533302 0.192969352 0.208304316
v -0.069344416 0.220682293 0.207891241
v -0.144654721 0.195490122 0.210442007
v -0.060487501 0.235575452 0.209844515
v -0.143119738 0.206875965 0.211721987
v -0.070279673 0.241566643 0.211204901
v -0.157499954 0.210659549 0.212305993
v -0.064148545 0.255118906 0.211643308
v -0.151364625 0.224190503 0.211906895
v -0.078524552 0.258881181 0.211389825
v -0.161144465 0.230119213 0.210811839
v -0.076977260 0.270204544 0.210214347
v -0.152267948 0.244912982 0.208859071
v -0.094079055 0.272625923 0.208445996
v -0.155611843 0.253843546 0.206491113
v -0.098946460 0.280857533 0.205998614
v -0.135521591 0.284488529 0.200260758
v -0.087081462 0.180249780 0.198237702
v -0.130314827 0.270293474 0.211201429
v -0.084821366 0.181050047 0.200315088
v -0.127477705 0.271683097 0.210912436
v -0.064416513 0.220830619 0.210740149
v -0.016835257 0.209358931 0.212272584
v -0.063513272 0.228121042 0.215641990
v -0.014658639 0.216396943 0.217413858
v -0.072844774 0.237916276 0.219343022
v -0.002179082 0.220957965 0.221905917
v -0.066460997 0.243983388 0.222303331
v -0.005305424 0.229307324 0.224521324
v -0.073381804 0.253291547 0.223319262
v 0.004994817 0.234482795 0.226161823
v -0.063018419 0.258501798 0.223448619
v -0.001862846 0.243825719 0.225666612
v -0.065959617 0.266953051 0.221633598
v 0.004706074 0.249994770 0.224196494
v -0.053185537 0.271676242 0.219077870
v -0.004330903 0.259952128 0.220849723
v -0.050636146 0.278888404 0.215081155
v -0.003060402 0.267452627 0.216968253
v -0.022891158 0.287886083 0.206015795
v -0.044689473 0.200874120 0.200588927
v -0.042695414 0.200815842 0.197932646
v -0.026787290 0.277012140 0.211201102
v -0.023705183 0.276317984 0.210913420
v -0.152153105 0.145544454 0.210722551
v -0.131050527 0.189549804 0.206703275
v -0.159023672 0.148444816 0.214549556
v -0.137390614 0.193652496 0.210594133
v -0.170482993 0.141800344 0.218566537
v -0.139191881 0.207190901 0.212845221
v -0.175044864 0.149574652 0.220280662
v -0.147964880 0.206165016 0.215329304
v -0.185566500 0.144899935 0.221922606
v -0.150860950 0.217425808 0.215576991
v -0.188505471 0.156076685 0.220975265
v -0.161425486 0.212667048 0.216023922
v -0.197404206 0.154804423 0.219955757
v -0.166113108 0.220194966 0.214234442
v -0.199405521 0.167950913 0.216633394
v -0.177772447 0.213158593 0.212677971
v -0.205984443 0.171535239 0.213297457
v -0.184897780 0.215573117 0.209582448
v -0.209171891 0.199466094 0.203306958
v -0.198195055 0.195123419 0.211904749
v -0.128836244 0.160242736 0.197439343
v -0.199594438 0.192770198 0.210302263
v -0.128109932 0.160670489 0.200497687
v 0.004505150 -0.000444187 0.005339161
v -0.216145188 0.021311386 0.193332165
v 0.001657747 -0.006255013 0.002669588
v -0.218992591 0.015500559 0.190662593
v -0.002847381 -0.005810819 -0.002669558
v -0.223497719 0.015944753 0.185323447
v -0.004505120 0.000444204 -0.005339131
v -0.225155443 0.022199776 0.182653874
v -0.001657717 0.006255031 -0.002669558
v -0.222308040 0.028010603 0.185323447
v 0.002847411 0.005810835 0.002669588
v -0.217802912 0.027566407 0.190662593
v -0.243350044 -0.006192587 0.203757092
v -0.237160102 0.055976540 0.197586417
v -0.253166169 -0.005595868 0.208687648
v -0.246870160 0.058259681 0.202608839
v -0.264280677 -0.018519478 0.213964850
v -0.255173832 0.073844276 0.205172166
v -0.273315340 -0.011123722 0.215783268
v -0.265434057 0.068809807 0.208173886
v -0.284003675 -0.021364616 0.217580289
v -0.273903102 0.081077732 0.207828149
v -0.292401522 -0.009269718 0.215490714
v -0.284520268 0.070663817 0.207881331
v -0.302453071 -0.014811469 0.213379756
v -0.293346226 0.077552281 0.204587072
v -0.310424745 -0.000033850 0.207810000
v -0.304128736 0.063821703 0.201731190
v -0.319669515 0.001198852 0.202284947
v -0.313522726 0.063411765 0.196547553
v -0.335104227 0.032948144 0.186250299
v -0.320040464 0.031179119 0.201366469
v -0.220885068 0.021452084 0.186294213
v -0.320338756 0.031911284 0.198294193
v -0.220449552 0.022111898 0.189366490
v -0.244014129 0.062135782 0.198123559
v -0.209607601 0.096942477 0.196502700
v -0.249821618 0.067102611 0.201758608
v -0.214543223 0.102886856 0.200244814
v -0.263060749 0.064526506 0.205015182
v -0.212032393 0.116286561 0.202825561
v -0.264978081 0.073362142 0.206696913
v -0.220817059 0.118156381 0.204801962
v -0.276532143 0.072342083 0.207577497
v -0.219935626 0.129750118 0.205148935
v -0.275635511 0.083867624 0.206666335
v -0.231474489 0.128661856 0.204771385
v -0.284375608 0.085537471 0.204954028
v -0.233347252 0.137297526 0.202764407
v -0.281793922 0.098619059 0.201666877
v -0.246515512 0.134403303 0.200153083
v -0.286617041 0.104130507 0.197808281
v -0.252250135 0.138986543 0.196481198
v -0.279919744 0.131572664 0.187822372
v -0.270533800 0.124254249 0.200450510
v -0.272863030 0.122113965 0.199435905
v -0.216787964 0.068031140 0.186795220
v -0.215126082 0.069134735 0.189451516
v -0.224189639 -0.051896147 0.204265937
v -0.250953615 -0.011181337 0.199376673
v -0.230021968 -0.055874549 0.209865525
v -0.257520467 -0.014059953 0.205096751
v -0.230080113 -0.068749733 0.215610787
v -0.269855261 -0.008267092 0.208713010
v -0.238973588 -0.068393685 0.218432128
v -0.273395836 -0.016050737 0.212462634
v -0.240366980 -0.079669781 0.221001863
v -0.284482330 -0.012587361 0.213351414
v -0.251477212 -0.076405756 0.220279500
v -0.285899460 -0.024062807 0.214310020
v -0.255087376 -0.084773868 0.219305545
v -0.294862509 -0.024291230 0.212407768
v -0.267532885 -0.079910755 0.215407670
v -0.295031369 -0.038096160 0.210638896
v -0.274214894 -0.083978109 0.211372942
v -0.301002532 -0.043229811 0.206926033
v -0.300270140 -0.073000036 0.199080274
v -0.224932224 -0.025854524 0.186795220
v -0.290242195 -0.067750469 0.201473564
v -0.290664285 -0.068028018 0.198190212
v -0.225663662 -0.023998549 0.189451501
v -0.000050271 0.000620157 0.040464692
v 0.018507399 -0.262001097 0.069647923
v 0.005425789 0.000439814 0.035000000
v 0.025985813 -0.261617839 0.067696236
v 0.026036084 -0.262237966 0.062231544
v 0.000050271 -0.000620157 0.029535303
v -0.005603905 -0.000539374 0.034254815
v 0.017851738 -0.263100028 0.060492780
v 0.021263381 -0.262312740 -0.033952460
v 0.032269310 -0.264961720 -0.027092149
v 0.029936245 -0.255238980 -0.027374206
v 0.020973526 -0.250996202 -0.027092123
v 0.009247054 -0.254412323 -0.024884867
v 0.010215571 -0.264102370 -0.027374197
v 0.017023847 -0.272547811 -0.027418993
v 0.026990809 -0.272232920 -0.027017213
v 0.040579334 -0.261262983 -0.018445766
v 0.034841150 -0.248977587 -0.019074751
v 0.023549212 -0.243293822 -0.018582858
v 0.013501519 -0.245065659 -0.019049279
v 0.002277973 -0.263695270 -0.018920423
v 0.003249689 -0.272515476 -0.016387012
v 0.028757261 -0.280227453 -0.018201569
v 0.037410256 -0.271873444 -0.019332549
v 0.042324182 -0.253459722 -0.013218299
v 0.006436739 -0.248148158 -0.016773861
v 0.010763378 -0.278114140 -0.018920064
v 0.018649194 -0.281219065 -0.018732535
v 0.050450321 -0.258649528 -0.005798827
v 0.046484042 -0.247344688 -0.005696867
v 0.032748513 -0.235323161 -0.005679667
v 0.021263404 -0.233243883 -0.005600882
v 0.009778238 -0.235323161 -0.005679673
v -0.004917247 -0.248475969 -0.005936811
v -0.007742568 -0.266359001 -0.005480716
v 0.000886830 -0.283984303 -0.005652582
v 0.017284987 -0.291389585 -0.005675372
v 0.031875413 -0.289746821 -0.005764387
v 0.044441231 -0.280195564 -0.005468041
v 0.049433473 -0.269266069 -0.005569108
v 0.056567900 -0.262891769 0.008275365
v 0.012095617 -0.228098154 0.008403791
v 0.000361396 -0.233621553 0.007860366
v -0.009298381 -0.244586885 0.008500637
v -0.011688843 -0.276117891 0.008618634
v 0.032441478 -0.295728177 0.007742618
v 0.054179262 -0.248384342 0.008167109
v 0.043035619 -0.234097794 0.008264799
v 0.026910761 -0.227203548 0.007961769
v -0.014093471 -0.257657915 0.007837832
v -0.000059131 -0.290827870 0.008138855
v 0.016546639 -0.297664315 0.008169716
v 0.043607865 -0.290306270 0.008248177
v 0.054351036 -0.275794953 0.008151580
v 0.060115922 -0.262349516 0.022987684
v 0.021525957 -0.222855285 0.027045460
v -0.006095888 -0.234729812 0.023134742
v -0.006715648 -0.289779186 0.025252320
v 0.040898476 -0.296321720 0.025672501
v 0.059191473 -0.252149940 0.025869923
v 0.055197105 -0.242477030 0.028709164
v 0.049167663 -0.234726265 0.026285145
v 0.036283579 -0.226050779 0.022464933
v 0.011274652 -0.224163979 0.027367694
v 0.001449768 -0.228444129 0.026285186
v -0.014165008 -0.245874017 0.022218179
v -0.017876066 -0.262312740 0.024797680
v -0.016687859 -0.272481740 0.028453825
v -0.013000217 -0.281834751 0.027367678
v 0.001819067 -0.295991302 0.022719679
v 0.010702657 -0.300074190 0.025378840
v 0.021522544 -0.301676273 0.027650358
v 0.031290848 -0.299880445 0.022682788
v 0.048809301 -0.290096343 0.025105758
v 0.055393398 -0.282017708 0.027142864
v 0.059391700 -0.272258103 0.028106708
v -0.015972694 -0.252370030 0.036425125
v 0.058030337 -0.261835098 0.049995746
v 0.039338063 -0.230559707 0.050736006
v 0.031240769 -0.226922229 0.049995769
v -0.004729639 -0.236635655 0.050735980
v -0.010709272 -0.243853316 0.049632423
v 0.003188727 -0.294065833 0.050735973
v 0.031455465 -0.297586411 0.050328329
v 0.046631772 -0.236944333 0.052304409
v 0.003122145 -0.231308505 0.052103963
v -0.014636346 -0.257572412 0.052162755
v -0.003963754 -0.287913442 0.052066654
v 0.043492161 -0.290963948 0.051921565
v 0.054905433 -0.249585286 0.052583687
v 0.016268225 -0.226805389 0.052909095
v -0.012031265 -0.276103824 0.052592244
v 0.016313311 -0.298041731 0.052421246
v 0.054268025 -0.276327640 0.052909110
v 0.049321409 -0.258618832 0.064967662
v 0.043578994 -0.245189369 0.064974584
v 0.032093354 -0.236166820 0.064967662
v 0.013902490 -0.234841570 0.064990699
v -0.002993945 -0.247204095 0.064988568
v -0.006794643 -0.266006678 0.064967662
v -0.001052224 -0.279436111 0.064974584
v 0.010433402 -0.288458675 0.064967662
v 0.024934856 -0.290200323 0.064974584
v 0.038491413 -0.284764737 0.064967662
v 0.047250468 -0.273076952 0.064974584
v 0.021263381 -0.262312740 0.066447638
v 0.032774929 -0.255757332 0.067383617
v 0.035432812 -0.249706596 0.066417083
v 0.033538055 -0.249706611 0.059510682
v 0.035700146 -0.244313732 0.062963881
v 0.036195941 -0.255757362 0.058544151
v 0.037700299 -0.268793374 0.066308044
v 0.037700307 -0.268793344 0.059619725
v 0.039509661 -0.271779537 0.062963881
v 0.034485433 -0.280335903 0.064006008
v 0.032836705 -0.273290694 0.059059951
v 0.031270567 -0.268793374 0.066308044
v 0.029461207 -0.271779537 0.062963881
v 0.030910661 -0.249113590 0.062963881
v 0.019643240 -0.246085331 0.067383617
v 0.013067323 -0.246743336 0.066417091
v 0.007855772 -0.245331094 0.062963873
v 0.013900742 -0.242259249 0.062963881
v 0.019643243 -0.246085316 0.058544151
v 0.032506127 -0.248682946 0.066308044
v 0.035905294 -0.247884929 0.062963881
v 0.036299378 -0.251562178 0.059059955
v 0.042490270 -0.255307317 0.064006008
v 0.030519167 -0.254797965 0.066308051
v 0.030519160 -0.254797965 0.059619717
v 0.032800067 -0.257441550 0.062963881
v 0.013067308 -0.246743336 0.059510682
v 0.005329534 -0.258839041 0.067383617
v 0.000969689 -0.269816518 0.062963881
v 0.000937379 -0.259246677 0.062963881
v 0.002390366 -0.264182746 0.059510682
v 0.011774857 -0.247408435 0.066308044
v 0.015432734 -0.241761476 0.062963881
v 0.011774859 -0.247408435 0.059619721
v 0.018353047 -0.246628761 0.066867813
v 0.021160271 -0.239959955 0.061921760
v 0.016976614 -0.251187742 0.059619725
v 0.020195659 -0.249835342 0.062963881
v 0.003923272 -0.265296459 0.066417091
v 0.008097185 -0.260849863 0.058544151
v 0.005711799 -0.267302841 0.067296833
v 0.020163354 -0.285359979 0.062963873
v 0.017209779 -0.280839920 0.066417083
v 0.017209781 -0.280839920 0.059510686
v 0.000937386 -0.265378833 0.062963881
v 0.004156434 -0.266731232 0.059619721
v 0.003923257 -0.259329021 0.066417083
v -0.000027238 -0.255503416 0.061921760
v 0.005700297 -0.257304937 0.062963881
v 0.009358218 -0.262951940 0.059619717
v 0.016976593 -0.273437709 0.066308044
v 0.020195646 -0.274790108 0.062963881
v 0.015803505 -0.274382472 0.058544151
v 0.018586082 -0.275286615 0.067383617
v 0.042490259 -0.269318193 0.064006001
v 0.035905223 -0.276740611 0.062963873
v 0.037631150 -0.271893144 0.059510686
v 0.032506067 -0.275942594 0.066308044
v 0.008606491 -0.281604916 0.062963881
v 0.020179277 -0.279947788 0.059619725
v 0.013652813 -0.279684186 0.066417083
v 0.011691412 -0.275566608 0.062963881
v 0.013067286 -0.277882189 0.059510686
v 0.030519165 -0.269827515 0.066308044
v 0.029494910 -0.271130115 0.058630940
v 0.032800063 -0.267183930 0.062963881
v 0.054658812 -0.257832259 0.020811502
v 0.057112195 -0.256713390 0.018327065
v 0.057638057 -0.259340465 0.014828708
v 0.055968162 -0.260204107 0.019315902
v 0.052854862 -0.259340465 0.018640878
v 0.055246461 -0.258425444 0.012273456
v 0.052854862 -0.257510453 0.014828707
v 0.049130201 -0.247298732 0.004193552
v 0.047820862 -0.244926870 0.002697934
v 0.048542559 -0.246705532 -0.004344502
v 0.050934158 -0.245790541 0.002022902
v 0.050934158 -0.247620538 -0.001789237
v 0.046676822 -0.248417601 0.001709083
v 0.046150964 -0.245790541 -0.001789238
v 0.042003486 -0.235804796 0.027178563
v 0.044456866 -0.234685943 0.024694096
v 0.044982724 -0.237313002 0.021195777
v 0.043312825 -0.238176674 0.025682943
v 0.040199526 -0.237313002 0.025007911
v 0.042591128 -0.236398011 0.018640513
v 0.040199529 -0.235483006 0.021195775
v 0.027445782 -0.230524182 0.005565656
v 0.029899159 -0.229405329 0.003081189
v 0.030425018 -0.232032388 -0.000417129
v 0.028755115 -0.232896060 0.004070037
v 0.028033419 -0.231117398 -0.002972392
v 0.025641816 -0.232032388 0.003395001
v 0.025641818 -0.230202392 -0.000417127
v 0.011057007 -0.231330007 0.008210809
v 0.012922749 -0.229617938 0.005341722
v 0.011644650 -0.230736807 -0.000327243
v 0.013448609 -0.232244998 0.001843405
v 0.008665408 -0.232244998 0.005655545
v 0.010335316 -0.233108655 0.001168370
v 0.008665408 -0.230415002 0.001843409
v 0.006935235 -0.238402501 -0.001623192
v 0.005625898 -0.236030638 -0.003118810
v 0.006347593 -0.237809300 -0.010161244
v 0.008739195 -0.236894310 -0.003793844
v 0.008739195 -0.238724306 -0.007605976
v 0.004481852 -0.239521369 -0.004107662
v 0.003955993 -0.236894310 -0.007605976
v -0.007274394 -0.248992354 0.004751118
v -0.005408653 -0.247280285 0.001882041
v -0.006686753 -0.248399138 -0.003786924
v -0.004882794 -0.249907345 -0.001616282
v -0.009665996 -0.249907359 0.002195856
v -0.007996089 -0.250770986 -0.002291339
v -0.009665995 -0.248077348 -0.001616276
v -0.011747091 -0.261953294 0.007142688
v -0.009293702 -0.260834426 0.004658242
v -0.008767843 -0.263461500 0.001159889
v -0.010437737 -0.264325142 0.005647088
v -0.011159439 -0.262546480 -0.001395354
v -0.013551041 -0.263461500 0.004972044
v -0.013551038 -0.261631489 0.001159889
v -0.008853660 -0.277336419 0.011135098
v -0.006400271 -0.276217550 0.008650651
v -0.005874413 -0.278844625 0.005152298
v -0.007544306 -0.279708266 0.009639497
v -0.010657611 -0.278844625 0.008964453
v -0.008266008 -0.277929604 0.002597055
v -0.010657607 -0.277014613 0.005152298
v 0.003096177 -0.287266910 0.003137621
v 0.005549566 -0.286148041 0.000653176
v 0.006075425 -0.288775116 -0.002845178
v 0.004405532 -0.289638758 0.001642021
v 0.003683830 -0.287860096 -0.005400421
v 0.001292227 -0.288775116 0.000966978
v 0.001292231 -0.286945105 -0.002845179
v 0.008991094 -0.293262392 0.026737856
v 0.011444478 -0.292143524 0.024253419
v 0.011970337 -0.294770598 0.020755060
v 0.010300444 -0.295634240 0.025242258
v 0.007187142 -0.294770569 0.024567230
v 0.009578744 -0.293855578 0.018199813
v 0.007187143 -0.292940587 0.020755067
v 0.023974800 -0.296377331 0.017877398
v 0.024562454 -0.295784116 0.009339357
v 0.025840538 -0.294665277 0.015008343
v 0.026366396 -0.297292352 0.011509984
v 0.023253111 -0.298156023 0.010834952
v 0.021583201 -0.297292322 0.015322154
v 0.021583201 -0.295462340 0.011509991
v 0.039784357 -0.287096620 0.036585271
v 0.042175956 -0.286181629 0.034030024
v 0.040506065 -0.285317957 0.029542845
v 0.042175956 -0.288011611 0.030217867
v 0.037918620 -0.288808674 0.033716224
v 0.039196704 -0.287689835 0.028047238
v 0.037392762 -0.286181629 0.030217865
v 0.046228234 -0.278388381 0.000633484
v 0.046949938 -0.276609719 -0.006408941
v 0.048619833 -0.277473390 -0.001921766
v 0.048619829 -0.279303372 -0.005733919
v 0.045640580 -0.278981596 -0.007904546
v 0.044362493 -0.280100435 -0.002235566
v 0.043836638 -0.277473390 -0.005733918
vn 0.000000017 -0.000000007 1.000000000
vn -0.000002043 0.450434566 0.892809451
vn -0.000009648 0.914307833 0.405020088
vn 0.000004780 0.914311528 -0.405011714
vn 0.000000000 0.450433195 -0.892810166
vn 0.000000003 -0.000000007 -1.000000000
vn 0.318503916 0.318506688 0.892809570
vn 0.646506369 0.646520078 0.405020088
vn 0.646513939 0.646507204 -0.405028611
vn 0.318506271 0.318506181 -0.892808795
vn 0.450434536 0.000002026 0.892809570
vn 0.914307833 0.000009595 0.405020177
vn 0.914311528 -0.000004768 -0.405011684
vn 0.450433105 0.000000000 -0.892810166
vn 0.318506718 -0.318503827 0.892809510
vn 0.646520078 -0.646506429 0.405020177
vn 0.646507204 -0.646513939 -0.405028671
vn 0.318506241 -0.318506211 -0.892808795
vn 0.000002031 -0.450434536 0.892809570
vn 0.000009638 -0.914307833 0.405020237
vn -0.000004787 -0.914311528 -0.405011743
vn 0.000000000 -0.450433195 -0.892810166
vn -0.318503857 -0.318506718 0.892809451
vn -0.646506429 -0.646520078 0.405020207
vn -0.646513939 -0.646507204 -0.405028641
vn -0.318506211 -0.318506211 -0.892808795
vn -0.450434536 -0.000002026 0.892809570
vn -0.914307833 -0.000009595 0.405020177
vn -0.914311528 0.000004768 -0.405011684
vn -0.450433105 0.000000000 -0.892810166
vn -0.318506747 0.318503797 0.892809510
vn -0.646520078 0.646506429 0.405020177
vn -0.646507263 0.646513939 -0.405028671
vn -0.318506271 0.318506181 -0.892808795
vn 0.764122367 0.634250998 0.117655657
vn 0.107963026 0.089612313 0.990107894
vn 0.984397352 -0.074757740 -0.159289554
vn 0.328231931 -0.619396806 0.713169932
vn 0.548354685 -0.436687738 -0.713169754
vn -0.107811272 -0.981327355 0.159290642
vn -0.107961379 -0.089615829 -0.990107775
vn -0.764125705 -0.634248972 -0.117643565
vn -0.328232527 0.619393826 -0.713172257
vn -0.984396517 0.074761517 0.159292966
vn 0.107807532 0.981327415 -0.159292400
vn -0.548350453 0.436698556 0.713166296
vn 0.287565976 0.276195258 0.917072535
vn 0.290974677 0.280075520 0.914817810
vn 0.263307065 0.256466329 0.929997087
vn 0.264571697 0.257904768 0.929239988
vn 0.212380663 0.215141848 0.953209519
vn 0.212379351 0.215144023 0.953209341
vn 0.153021947 0.166723147 0.974057317
vn 0.153022572 0.166724086 0.974057078
vn 0.083309755 0.109530546 0.990486085
vn 0.083311178 0.109530598 0.990485907
vn 0.012346702 0.050960105 0.998624384
vn 0.012346810 0.050959550 0.998624444
vn -0.049693458 -0.000530073 0.998764396
vn -0.049691770 -0.000528810 0.998764515
vn -0.104956582 -0.046619762 0.993383527
vn -0.107641868 -0.048234295 0.993019044
vn -0.145749271 -0.080173999 0.986067593
vn -0.151183754 -0.083449297 0.984977007
vn -0.183505982 -0.110658072 0.976770401
vn 0.964704931 0.194831342 0.177158400
vn -0.913528681 -0.152616337 0.377059281
vn -0.365437329 -0.914001644 -0.176228777
vn 0.314680070 0.871645689 -0.375779510
vn 0.435348481 0.004422014 0.900251210
vn 0.445628732 0.002683719 0.895213842
vn 0.399365157 0.002500917 0.916788459
vn 0.403208613 0.001864021 0.915106237
vn 0.315456003 0.000620120 0.948939979
vn 0.315452963 0.000620179 0.948940992
vn 0.212585613 -0.000796961 0.977142096
vn 0.212585226 -0.000796760 0.977142215
vn 0.089555971 -0.002438029 0.995978832
vn 0.089559384 -0.002437848 0.995978475
vn -0.036549758 -0.004062762 0.999323606
vn -0.036550943 -0.004062511 0.999323606
vn -0.145634621 -0.005421829 0.989323676
vn -0.145633385 -0.005421617 0.989323854
vn -0.239537820 -0.006556182 0.970864952
vn -0.243769705 -0.005913693 0.969815135
vn -0.306797743 -0.006671091 0.951751351
vn -0.315164536 -0.005371634 0.949021876
vn -0.367031902 -0.006032067 0.930188775
vn 0.778574884 -0.401882976 -0.481986970
vn -0.813644528 -0.554377258 0.175067469
vn 0.877192497 0.420761079 0.231286615
vn -0.842174172 0.533951461 0.075089231
vn 0.117693566 0.451912254 0.884264469
vn 0.121499263 0.461801589 0.878622413
vn 0.112590291 0.416070104 0.902335346
vn 0.114009514 0.419782043 0.900435925
vn 0.097727887 0.332436055 0.938048780
vn 0.097728483 0.332438916 0.938047707
vn 0.078097813 0.229292691 0.970219374
vn 0.078097068 0.229291350 0.970219731
vn 0.053982507 0.105350718 0.992968917
vn 0.053981442 0.105345115 0.992969513
vn 0.028623771 -0.022092342 0.999346077
vn 0.028623529 -0.022092188 0.999346077
vn 0.006220434 -0.132409826 0.991175532
vn 0.006220132 -0.132405341 0.991176128
vn -0.014342476 -0.231844544 0.972647071
vn -0.012842287 -0.227958798 0.973586082
vn -0.028488673 -0.302416265 0.952750206
vn -0.025473787 -0.294741958 0.955237329
vn -0.038464837 -0.355566561 0.933859229
vn -0.613749802 -0.677821875 0.404807001
vn 0.262530327 0.708205819 -0.655379534
vn 0.291514546 -0.945210516 -0.146956891
vn 0.058965616 0.915179789 0.398709238
vn 0.082075715 0.983083308 0.163740039
vn 0.007827683 0.093745984 0.995565355
vn 0.743466139 0.656780005 -0.126087770
vn 0.669214666 -0.232554942 0.705740750
vn 0.698516667 0.118356839 -0.705738068
vn 0.624265730 -0.770969629 0.126088426
vn -0.007826708 -0.093745947 -0.995565474
vn -0.082075432 -0.983082771 -0.163743660
vn -0.669216335 0.232554570 -0.705739319
vn -0.743465245 -0.656780839 0.126088694
vn -0.624263585 0.770971239 -0.126088858
vn -0.698519528 -0.118353866 0.705735743
vn 0.077025153 0.203014657 0.976141512
vn 0.076560169 0.208259553 0.975072563
vn 0.074817128 0.170860976 0.982450485
vn 0.074652374 0.172791004 0.982125401
vn 0.069860294 0.104377367 0.992081165
vn 0.069860488 0.104380161 0.992080867
vn 0.063834615 0.028159151 0.997563183
vn 0.063834988 0.028159613 0.997563183
vn 0.056419406 -0.059952300 0.996605575
vn 0.056419618 -0.059952255 0.996605515
vn 0.048502229 -0.148254156 0.987759292
vn 0.048502259 -0.148254395 0.987759233
vn 0.041271403 -0.224420458 0.973618150
vn 0.041271720 -0.224419445 0.973618329
vn 0.034050852 -0.291364491 0.956005871
vn 0.034250520 -0.294740140 0.954963505
vn 0.028058268 -0.338614196 0.940506876
vn 0.028455123 -0.345395893 0.938025653
vn 0.023122728 -0.385020018 0.922618508
vn 0.481075317 0.838393450 0.256248116
vn 0.149547905 -0.788269758 0.596880436
vn -0.343068391 0.821403742 -0.455631375
vn -0.287443191 -0.871523023 -0.397270769
vn 0.281640023 0.398626357 0.872797728
vn 0.294922620 0.406990856 0.864510953
vn 0.251469404 0.366279155 0.895881057
vn 0.256477684 0.369512141 0.893129349
vn 0.171919972 0.286732525 0.942458451
vn 0.171922684 0.286734223 0.942457557
vn 0.065724455 0.180163682 0.981438398
vn 0.065724872 0.180161834 0.981438756
vn -0.063115686 0.047253288 0.996886969
vn -0.063117974 0.047248233 0.996887028
vn -0.192258313 -0.089963131 0.977212131
vn -0.192255855 -0.089962862 0.977212548
vn -0.297041684 -0.204541430 0.932699859
vn -0.297039449 -0.204538420 0.932701290
vn -0.381209195 -0.299093246 0.874770164
vn -0.376760155 -0.295680642 0.877852321
vn -0.434900254 -0.362561852 0.824263811
vn -0.426650882 -0.356246173 0.831298769
vn -0.470471740 -0.407319963 0.782781422
vn 0.906577706 0.352926135 0.231430456
vn -0.516313851 -0.537920117 0.666379809
vn 0.237868771 0.843735695 -0.481174171
vn -0.629099071 -0.656811833 -0.415731460
vn -0.193235546 0.342170537 0.919553816
vn -0.199012101 0.354893297 0.913479567
vn -0.167078555 0.308281839 0.936508000
vn -0.169260025 0.313062549 0.934528232
vn -0.106904238 0.223610654 0.968798161
vn -0.106901251 0.223608434 0.968798935
vn -0.031938720 0.114902042 0.992863238
vn -0.031937182 0.114902064 0.992863297
vn 0.057288226 -0.016077287 0.998228192
vn 0.057283100 -0.016071483 0.998228610
vn 0.146550626 -0.148868665 0.977937222
vn 0.146550700 -0.148868129 0.977937281
vn 0.220370367 -0.260126024 0.940091193
vn 0.220370054 -0.260123909 0.940091848
vn 0.279439986 -0.350230187 0.894009054
vn 0.281381100 -0.354893118 0.891557932
vn 0.318808705 -0.412604362 0.853298664
vn 0.322384238 -0.421498656 0.847589016
vn 0.351350605 -0.466401994 0.811801672
vn 0.053836882 -0.912815034 0.404808939
vn -0.321548641 0.683458209 -0.655355930
vn 0.878755867 -0.454089761 -0.146938041
vn -0.611817181 0.683147430 0.398734689
vn -0.061271690 0.988738000 0.136539534
vn -0.135817528 0.030027116 0.990278780
vn 0.695951760 0.151328579 0.701962173
vn 0.547567308 0.556006134 -0.625321746
vn 0.942178905 -0.315729558 0.112311386
vn 0.034949213 -0.066291809 -0.997188091
vn 0.361197978 -0.911302090 -0.197647676
vn -0.694839180 -0.151764199 -0.702969491
vn -0.922846258 0.383873284 -0.031562187
vn -0.518046379 -0.762245059 0.388085634
vn -0.153382763 0.246327832 0.956972480
vn -0.155479372 0.252742261 0.954959452
vn -0.139660478 0.221673891 0.965067744
vn -0.140435964 0.224032268 0.964410365
vn -0.110793039 0.167125687 0.979690731
vn -0.110793553 0.167127267 0.979690373
vn -0.077787161 0.103992537 0.991531551
vn -0.077787206 0.103992648 0.991531491
vn -0.039261423 0.030590314 0.998760700
vn -0.039261885 0.030590199 0.998760581
vn -0.000187796 -0.043547139 0.999051392
vn -0.000188966 -0.043547172 0.999051392
vn 0.033968143 -0.108103134 0.993559182
vn 0.033967450 -0.108101480 0.993559420
vn 0.064025886 -0.165794402 0.984079719
vn 0.065986745 -0.168401569 0.983507335
vn 0.084951080 -0.207247674 0.974593043
vn 0.088938266 -0.212524056 0.973099887
vn 0.106583700 -0.247697026 0.962956965
vn -0.226041004 0.889525175 0.397052079
vn 0.730637848 -0.508071959 0.456104547
vn -0.549811065 0.584057152 -0.597147405
vn 0.045099277 -0.965589285 -0.256131679
vn 0.021566054 0.347052395 0.937597752
vn 0.021905575 0.356148899 0.934172392
vn 0.012601392 0.304460615 0.952441633
vn 0.012729184 0.307866514 0.951344430
vn -0.007055067 0.211184949 0.977420747
vn -0.007054658 0.211187020 0.977420211
vn -0.030533126 0.096643873 0.994850636
vn -0.030533744 0.096643627 0.994850576
vn -0.057501197 -0.039291389 0.997571945
vn -0.057501297 -0.039291982 0.997572005
vn -0.083743326 -0.176493630 0.980732977
vn -0.083743341 -0.176494047 0.980732918
vn -0.105126634 -0.292470396 0.950478554
vn -0.105127998 -0.292473167 0.950477540
vn -0.122489005 -0.393611997 0.911079526
vn -0.122494385 -0.390019208 0.912622690
vn -0.133544937 -0.465085506 0.875134945
vn -0.133630946 -0.458136737 0.878779531
vn -0.142011061 -0.515101075 0.845283210
vn 0.553770423 0.678944290 -0.482050747
vn 0.374503314 -0.910542846 0.175097406
vn -0.230824679 0.945102036 0.231305137
vn -0.696311533 -0.713811934 0.074984856
vn -0.488587499 0.122196853 0.863915682
vn -0.501647115 0.132431254 0.854875505
vn -0.446760267 0.104680210 0.888508499
vn -0.451793730 0.108522363 0.885497212
vn -0.339887142 0.055309113 0.938838422
vn -0.339887947 0.055307627 0.938838243
vn -0.193306014 -0.011726438 0.981068432
vn -0.193310887 -0.011726277 0.981067479
vn -0.010058085 -0.091847450 0.995722294
vn -0.010061625 -0.091847301 0.995722294
vn 0.177483648 -0.169849873 0.969355822
vn 0.177479461 -0.169850081 0.969356477
vn 0.330864817 -0.230487078 0.915097892
vn 0.330865413 -0.230488926 0.915097237
vn 0.453020036 -0.276431382 0.847560346
vn 0.448089182 -0.273356110 0.851171255
vn 0.532357097 -0.303619564 0.790196836
vn 0.523392200 -0.298016399 0.798277378
vn 0.586159587 -0.319970906 0.744335711
vn 0.569319844 -0.596290469 0.565961778
vn -0.536725163 0.824668705 -0.178459153
vn 0.949127555 -0.059958495 -0.309131056
vn -0.982326329 -0.169048697 -0.080358639
vn -0.991328955 0.131076679 0.009266196
vn -0.244716927 0.032362130 0.969054341
vn -0.592359900 0.770544589 -0.235309973
vn 0.154255778 0.671820462 0.724473894
vn 0.025667317 0.688827217 -0.724471033
vn 0.772273839 0.590103090 0.235311493
vn 0.244717196 -0.032355409 -0.969054580
vn 0.991328239 -0.131082207 -0.009269155
vn -0.154251605 -0.671821058 -0.724474251
vn 0.592361569 -0.770541906 0.235314474
vn -0.772274673 -0.590100765 -0.235314891
vn -0.025671661 -0.688829780 0.724468410
vn -0.430756569 0.090316780 0.897937417
vn -0.439320147 0.092884727 0.893515706
vn -0.397706568 0.087739035 0.913307905
vn -0.400896072 0.088691175 0.911820352
vn -0.322544694 0.079559356 0.943204820
vn -0.322543710 0.079558924 0.943205178
vn -0.232294664 0.068682663 0.970217526
vn -0.232293680 0.068682708 0.970217645
vn -0.125015840 0.055295516 0.990612745
vn -0.125014812 0.055295601 0.990612864
vn -0.015198805 0.041104835 0.999039233
vn -0.015200880 0.041104741 0.999039233
vn 0.080512784 0.028343862 0.996350527
vn 0.080509923 0.028344009 0.996350765
vn 0.164393827 0.016857428 0.986250699
vn 0.168024749 0.015750840 0.985656917
vn 0.225176916 0.007767551 0.974286973
vn 0.232443899 0.005518940 0.972594142
vn 0.280243486 -0.001245052 0.959928155
vn -0.738552034 0.313226610 -0.597017646
vn 0.836488724 0.303555816 0.456224144
vn -0.912854075 -0.097922027 0.396369427
vn 0.814967930 -0.519574940 -0.256650031
vn -0.240819931 0.175145179 0.954636037
vn -0.246173456 0.183428019 0.951710463
vn -0.215827838 0.149787709 0.964874089
vn -0.217823952 0.152843848 0.963945806
vn -0.160436362 0.090881273 0.982853353
vn -0.160434633 0.090878420 0.982854009
vn -0.094606429 0.020536788 0.995302916
vn -0.094602913 0.020535657 0.995303333
vn -0.016979599 -0.061457649 0.997965276
vn -0.016976178 -0.061457939 0.997965336
vn 0.061821405 -0.143662810 0.987693906
vn 0.061823353 -0.143662408 0.987693846
vn 0.129785404 -0.213718086 0.968235731
vn 0.129787236 -0.213719413 0.968235195
vn 0.191579357 -0.276704580 0.941664517
vn 0.189600155 -0.273885965 0.942888260
vn 0.236009479 -0.320776850 0.917279541
vn 0.232094437 -0.315197408 0.920207977
vn 0.270238250 -0.353515238 0.895543575
vn 0.200894758 -0.892059982 0.404808909
vn -0.428014189 0.622415662 -0.655288160
vn 0.940685987 -0.305820018 -0.146915540
vn -0.714357436 0.575041592 0.398773998
vn -0.409634173 -0.209372446 0.887898147
vn -0.419956446 -0.213540107 0.882064223
vn -0.379054099 -0.187985256 0.906079233
vn -0.382925004 -0.189555988 0.904122293
vn -0.305092484 -0.140131325 0.941956401
vn -0.305093497 -0.140132725 0.941955864
vn -0.212383598 -0.081916027 0.973746896
vn -0.212383673 -0.081916057 0.973746896
vn -0.100443453 -0.012470827 0.994864583
vn -0.100440495 -0.012470922 0.994864941
vn 0.014941898 0.058205571 0.998192787
vn 0.014947082 0.058205239 0.998192787
vn 0.114760466 0.118616246 0.986286163
vn 0.114762507 0.118617497 0.986285746
vn 0.204295725 0.172216058 0.963641465
vn 0.200259715 0.170644239 0.964767635
vn 0.267129600 0.210290089 0.940435946
vn 0.259163201 0.207250550 0.943335354
vn 0.313639969 0.239238247 0.918909788
vn 0.753482223 0.207745031 0.623784006
vn -0.874233305 -0.051664650 -0.482749432
vn 0.659339190 0.654635787 -0.369761765
vn -0.538477004 -0.810959458 0.228882864
vn -0.876704097 -0.420431256 0.233725592
vn -0.020542461 -0.009847465 0.999740481
vn -0.949129820 0.305912137 -0.074634381
vn -0.092960685 0.716493845 0.691371799
vn -0.500511408 0.521051109 -0.691371202
vn 0.355660260 0.931630611 0.074634887
vn 0.020539831 0.009853662 -0.999740481
vn 0.876707256 0.420424163 -0.233725816
vn 0.092974074 -0.716491044 -0.691372871
vn 0.949127972 -0.305916905 0.074639365
vn -0.355655402 -0.931632042 -0.074639186
vn 0.500500619 -0.521059453 0.691372693
vn -0.178626493 -0.164496288 0.970068872
vn -0.186792940 -0.166735157 0.968146622
vn -0.149274006 -0.149874434 0.977371395
vn -0.152278364 -0.150710419 0.976779282
vn -0.083500937 -0.118731901 0.989409089
vn -0.083496302 -0.118730843 0.989409685
vn -0.006810901 -0.082524419 0.996565759
vn -0.006808277 -0.082523786 0.996565878
vn 0.081916355 -0.039917160 0.995839536
vn 0.081915453 -0.039918456 0.995839536
vn 0.170578197 0.003436624 0.985338151
vn 0.170581505 0.003436568 0.985337615
vn 0.246527478 0.041216500 0.968259037
vn 0.246526122 0.041215587 0.968259335
vn 0.312715888 0.073968902 0.946962237
vn 0.315770805 0.076210581 0.945769966
vn 0.359376192 0.096471369 0.928192854
vn 0.365449488 0.101001799 0.925335288
vn 0.404242069 0.119743653 0.906779945
vn -0.860361218 -0.278109401 0.427122444
vn 0.746254683 0.223368123 0.627065122
vn -0.641776681 -0.441373110 -0.627146363
vn 0.755895317 0.496091574 -0.427218348
vn -0.417837650 0.143527851 0.897112846
vn -0.427411735 0.143760040 0.892553806
vn -0.374992162 0.134574547 0.917208016
vn -0.378603697 0.134687364 0.915706694
vn -0.279545665 0.113739900 0.953371644
vn -0.279551208 0.113740094 0.953369975
vn -0.159686685 0.086806767 0.983343720
vn -0.159684494 0.086806953 0.983344018
vn -0.015457650 0.053355601 0.998455942
vn -0.015453234 0.053355712 0.998456061
vn 0.131441101 0.018156853 0.991157711
vn 0.131440476 0.018156964 0.991157770
vn 0.255880862 -0.012573487 0.966626585
vn 0.255874187 -0.012572257 0.966628373
vn 0.358165622 -0.039541960 0.932820439
vn 0.363880426 -0.039978795 0.930587351
vn 0.426870018 -0.059400540 0.902360022
vn 0.437911123 -0.060227986 0.896998584
vn 0.492129296 -0.076513886 0.867153049
vn -0.671390295 0.719045818 -0.179466501
vn 0.845723510 0.220433414 0.485963851
vn -0.938277125 -0.336580247 -0.079685226
vn 0.763678610 -0.604275227 -0.227258444
vn -0.287669212 -0.477267623 0.830338418
vn -0.295745730 -0.488839537 0.820713341
vn -0.273616970 -0.438225061 0.856208265
vn -0.276697695 -0.442656934 0.852932155
vn -0.233049333 -0.341378540 0.910576046
vn -0.233051240 -0.341382235 0.910574138
vn -0.175914466 -0.212879688 0.961112022
vn -0.175912619 -0.212879628 0.961112380
vn -0.102817595 -0.053810053 0.993243694
vn -0.102817170 -0.053810153 0.993243754
vn -0.024981927 0.110031016 0.993614197
vn -0.024983840 0.110030897 0.993614137
vn 0.042288270 0.247390717 0.967992544
vn 0.042288799 0.247394159 0.967991710
vn 0.097134441 0.356460750 0.929247439
vn 0.100666188 0.361101389 0.927077174
vn 0.136171326 0.430104762 0.892450154
vn 0.142976284 0.438778251 0.887147963
vn 0.170441732 0.491458893 0.854059637
vn -0.814732611 -0.500646889 -0.292512447
vn 0.431425154 0.621895254 0.653543115
vn 0.100172922 -0.994164169 0.040039580
vn 0.283634871 0.871274173 -0.400540471
vn -0.199322373 -0.955272377 0.218461201
vn -0.007852974 -0.037634447 0.999260783
vn -0.819307625 -0.566873729 -0.085960850
vn -0.627829909 0.350768566 0.694831669
vn -0.715719998 -0.070416495 -0.694828331
vn -0.524251044 0.847213447 0.085966237
vn 0.007851317 0.037627675 -0.999260962
vn 0.199321166 0.955270410 -0.218470782
vn 0.627835214 -0.350764900 -0.694828689
vn 0.819304645 0.566877127 0.085966915
vn 0.524246693 -0.847216606 -0.085961632
vn 0.715723336 0.070418857 0.694824636
vn -0.065026917 -0.283463299 0.956775844
vn -0.068286821 -0.291861087 0.954019904
vn -0.059248835 -0.249981150 0.966436327
vn -0.060449872 -0.253087342 0.965552986
vn -0.044340566 -0.175205007 0.983532965
vn -0.044341557 -0.175206855 0.983532608
vn -0.026077233 -0.087205231 0.995849013
vn -0.026076267 -0.087205149 0.995849013
vn -0.004656295 0.015611013 0.999867320
vn -0.004655644 0.015607412 0.999867380
vn 0.017007647 0.119166255 0.992728651
vn 0.017008403 0.119166724 0.992728591
vn 0.035721995 0.208274826 0.977417827
vn 0.035721570 0.208272934 0.977418303
vn 0.052055251 0.285773754 0.956882238
vn 0.053323347 0.289038688 0.955831170
vn 0.064387813 0.341472566 0.937683702
vn 0.066937551 0.347964644 0.935114980
vn 0.076139703 0.391611129 0.916975200
vn -0.562660396 -0.690088153 -0.455183029
vn -0.361992836 0.920324922 0.148200244
vn 0.220942959 -0.940356255 0.258678108
vn 0.702130198 0.710418463 0.048154872
vn -0.380610973 -0.332163662 0.863019526
vn -0.393795341 -0.338889718 0.854446590
vn -0.348683923 -0.303630292 0.886695087
vn -0.353677392 -0.306222200 0.883821428
vn -0.265285552 -0.234994933 0.935094178
vn -0.265281320 -0.234992787 0.935095906
vn -0.153749987 -0.144682586 0.977459967
vn -0.153747618 -0.144682154 0.977460384
vn -0.016558506 -0.033006322 0.999317944
vn -0.016556723 -0.033006266 0.999318004
vn 0.123781733 0.081869952 0.988926470
vn 0.123779722 0.081869572 0.988926649
vn 0.240645796 0.178040624 0.954144180
vn 0.240647152 0.178043351 0.954143345
vn 0.336681545 0.258577019 0.905418873
vn 0.333688945 0.254974276 0.907546043
vn 0.401369214 0.314505786 0.860225976
vn 0.395823240 0.307692707 0.865245163
vn 0.445076019 0.350760758 0.823938370
vn -0.858036697 -0.172272086 -0.483834207
vn 0.443732411 0.644110501 0.623075664
vn -0.421770960 -0.877346754 0.228849232
vn 0.835669994 0.406326860 -0.369532257
vn 0.179233521 -0.482074201 0.857601166
vn 0.183544815 -0.495279521 0.849122822
vn 0.156863108 -0.446897626 0.880724967
vn 0.158506766 -0.451916665 0.877865016
vn 0.105462223 -0.356804401 0.928207040
vn 0.105463415 -0.356807530 0.928205788
vn 0.040493589 -0.237171695 0.970623493
vn 0.040492740 -0.237172082 0.970623434
vn -0.037582356 -0.089115076 0.995312035
vn -0.037583098 -0.089115307 0.995311975
vn -0.115968302 0.064243205 0.991173148
vn -0.115968175 0.064243414 0.991173208
vn -0.180508360 0.194360971 0.964178681
vn -0.180510193 0.194364354 0.964177668
vn -0.233989805 0.305241942 0.923079669
vn -0.232562795 0.299976617 0.925164163
vn -0.270304024 0.380110025 0.884563148
vn -0.267726809 0.370034099 0.889605105
vn -0.296633303 0.432905078 0.851235509
vn -0.110549465 -0.978181005 -0.175899833
vn -0.447280854 0.610125303 0.653977752
vn 0.865356922 -0.495243341 -0.076755576
vn -0.306599975 0.863594294 -0.400251657
vn 0.426262051 -0.895016730 0.131323114
vn 0.054454435 -0.114342652 0.991947830
vn -0.313484281 -0.937752604 -0.149491385
vn -0.685291708 -0.157082841 0.711126089
vn -0.553841829 -0.433076411 -0.711128771
vn -0.925647080 0.347606331 0.149490103
vn -0.054458614 0.114340112 -0.991947889
vn -0.426258594 0.895017922 -0.131326109
vn 0.685289443 0.157084227 -0.711127996
vn 0.313488394 0.937750697 0.149494529
vn 0.925648332 -0.347601652 -0.149493322
vn 0.553840756 0.433072329 0.711132050
vn 0.115460031 -0.225232854 0.967439473
vn 0.117332771 -0.231707618 0.965683460
vn 0.102617927 -0.200022399 0.974402666
vn 0.103306964 -0.202399984 0.973838747
vn 0.075794607 -0.144441575 0.986606181
vn 0.075794883 -0.144439474 0.986606538
vn 0.045315567 -0.080308542 0.995739460
vn 0.045316555 -0.080308937 0.995739400
vn 0.009922122 -0.005930208 0.999933183
vn 0.009923317 -0.005933513 0.999933183
vn -0.025786929 0.069009393 0.997282743
vn -0.025786694 0.069008991 0.997282684
vn -0.056858104 0.134132713 0.989330888
vn -0.056859802 0.134134874 0.989330471
vn -0.084585838 0.192179129 0.977707684
vn -0.085372254 0.194816247 0.977117360
vn -0.104531579 0.234843165 0.966396391
vn -0.106115237 0.240180001 0.964910924
vn -0.122419104 0.274182320 0.953854144
vn -0.030295463 -0.889834106 -0.455277443
vn -0.845003664 0.513802469 0.148242459
vn 0.744972885 -0.614959657 0.258534461
vn 0.129178330 0.990454972 0.048082426
vn -0.158970609 -0.538612187 0.827420831
vn -0.158974677 -0.549844086 0.819999039
vn -0.149499118 -0.493474782 0.856815398
vn -0.149545357 -0.497795850 0.854304135
vn -0.126105949 -0.387470722 0.913216114
vn -0.126104385 -0.387466520 0.913218200
vn -0.093681984 -0.244520679 0.965107918
vn -0.093682587 -0.244521037 0.965107858
vn -0.052008986 -0.066130936 0.996454597
vn -0.052011095 -0.066137508 0.996454000
vn -0.007664967 0.118127875 0.992968798
vn -0.007664978 0.118125536 0.992969155
vn 0.030404940 0.272054374 0.961801410
vn 0.030405549 0.272056758 0.961800754
vn 0.061587073 0.398799568 0.914967835
vn 0.061267156 0.393902838 0.917107880
vn 0.082094342 0.485188663 0.870547295
vn 0.081534356 0.476038843 0.875636458
vn 0.097103849 0.541757941 0.834906757
vn -0.522682488 -0.793539882 0.311604708
vn 0.133055016 -0.814890444 -0.564136624
vn -0.336115927 0.925490975 0.174621075
vn 0.725583613 0.683939755 0.075860359
vn 0.440085590 -0.129887253 0.888512194
vn 0.450081915 -0.137880981 0.882278383
vn 0.403892249 -0.112863906 0.907817662
vn 0.407674551 -0.115835935 0.905750334
vn 0.317725688 -0.069301404 0.945646703
vn 0.317727357 -0.069302559 0.945646107
vn 0.208534196 -0.014226997 0.977911651
vn 0.208535984 -0.014227341 0.977911234
vn 0.075847410 0.050833799 0.995822847
vn 0.075850338 0.050833363 0.995822608
vn -0.060690325 0.115784906 0.991418481
vn -0.060689673 0.115785249 0.991418421
vn -0.177480161 0.169744104 0.969374955
vn -0.177478224 0.169742644 0.969375610
vn -0.279752880 0.215722859 0.935522318
vn -0.275801599 0.213066995 0.937302530
vn -0.350969911 0.246092409 0.903470397
vn -0.343325049 0.240973130 0.907777429
vn -0.403428823 0.267004341 0.875187874
vn -0.506411076 0.761409521 0.404726565
vn 0.622238994 -0.428526461 -0.655121148
vn -0.987841368 -0.050437707 -0.147055998
vn 0.872522414 -0.281936854 0.399019063
vn 0.973004401 -0.095933393 0.209902808
vn 0.046966396 -0.004632941 0.998885810
vn 0.650675952 -0.753726482 -0.092289664
vn -0.275365561 -0.662421286 0.696686387
vn 0.140683696 -0.703449845 -0.696682453
vn -0.785347819 -0.612136960 0.092288151
vn -0.046969060 0.004627036 -0.998885632
vn -0.973000586 0.095940746 -0.209917277
vn 0.275360882 0.662421644 -0.696687818
vn -0.650675058 0.753726840 0.092292137
vn 0.785346448 0.612137914 -0.092293113
vn -0.140689343 0.703442335 0.696688890
vn 0.450541168 0.043646857 0.891688108
vn 0.464539289 0.038748439 0.884704351
vn 0.407239795 0.047724646 0.912073493
vn 0.412537932 0.045932245 0.909781694
vn 0.300406396 0.060994383 0.951859117
vn 0.300408095 0.060993791 0.951858580
vn 0.161972255 0.077677682 0.983733296
vn 0.161974072 0.077677593 0.983732998
vn -0.006081049 0.095360301 0.995424271
vn -0.006081495 0.095360287 0.995424271
vn -0.176322460 0.110497758 0.978110731
vn -0.176324934 0.110497765 0.978110373
vn -0.318048179 0.120875239 0.940337479
vn -0.318044543 0.120875284 0.940338671
vn -0.436233819 0.127003238 0.890825570
vn -0.431884170 0.127579555 0.892860353
vn -0.517337263 0.129132628 0.845982909
vn -0.509153843 0.130376041 0.850743532
vn -0.571621716 0.131173760 0.809964359
vn -0.777596951 -0.045150980 0.627139986
vn 0.753918171 -0.195371732 -0.627245843
vn -0.879977763 0.207752511 -0.427174568
vn 0.903591156 0.032761853 0.427141249
vn 0.325353026 -0.282270670 0.902479172
vn 0.333659470 -0.288027436 0.897614360
vn 0.293353081 -0.250174761 0.922689915
vn 0.296490937 -0.252358764 0.921090841
vn 0.221595094 -0.177903250 0.958773196
vn 0.221592739 -0.177900940 0.958774149
vn 0.130258426 -0.086634137 0.987687826
vn 0.130257502 -0.086633615 0.987688005
vn 0.019617843 0.022943860 0.999544322
vn 0.019617422 0.022943929 0.999544263
vn -0.093370691 0.133788750 0.986601472
vn -0.093374319 0.133787841 0.986601353
vn -0.188854292 0.226605728 0.955501914
vn -0.188859090 0.226607591 0.955500543
vn -0.270978302 0.305758744 0.912733555
vn -0.268104792 0.301783800 0.914902329
vn -0.327681243 0.358798355 0.874007225
vn -0.322222799 0.351172864 0.879118919
vn -0.369212896 0.396041095 0.840733826
vn -0.207666382 0.933463514 0.292438984
vn -0.973168314 0.226396784 -0.041083887
vn 0.318084031 -0.761805058 -0.564336538
vn 0.863185942 -0.397262245 0.311597109
vn 0.473944515 0.405413210 0.781675577
vn 0.488423616 0.409577459 0.770511925
vn 0.439389169 0.383131385 0.812494636
vn 0.444938391 0.384828776 0.808663547
vn 0.346082956 0.327847332 0.879057825
vn 0.346079320 0.327844620 0.879060268
vn 0.215878993 0.249623746 0.943972647
vn 0.215875879 0.249623045 0.943973541
vn 0.051759079 0.146696284 0.987826526
vn 0.051763508 0.146699250 0.987825811
vn -0.117901944 0.035642948 0.992385387
vn -0.117901400 0.035642266 0.992385447
vn -0.258240581 -0.059860952 0.964224279
vn -0.258240014 -0.059859116 0.964224577
vn -0.371426076 -0.139578357 0.917910993
vn -0.365761787 -0.136967480 0.920574963
vn -0.444594502 -0.194115937 0.874445498
vn -0.434078425 -0.189237908 0.880775213
vn -0.493505776 -0.232979357 0.837957561
vn 0.813117385 0.149533004 -0.562565625
vn -0.622065306 -0.410996079 0.666421115
vn -0.759704471 -0.500244617 -0.415457040
vn 0.569743574 0.760267615 0.312066346
vn -0.072906807 0.662218928 0.745755076
vn -0.431991041 -0.529992521 0.729720235
vn 0.764823377 0.640881956 -0.065693349
vn 0.678581417 -0.481305063 0.554862738
vn 0.677452326 -0.591995299 -0.436577499
vn -0.003228127 0.490193367 -0.871607780
vn -0.857029855 0.500899971 -0.120826773
vn -0.489442050 -0.676371694 -0.550425112
vn 0.003034539 -0.004523020 0.999985158
vn -0.610316455 0.132250145 0.781040132
vn -0.484058350 -0.398936033 0.778805256
vn 0.015348427 -0.622686207 0.782321155
vn 0.580763578 -0.381160408 0.719326377
vn 0.603438199 0.135948882 0.785735488
vn 0.247799933 0.566124499 0.786192179
vn -0.304517418 0.555909157 0.773455977
vn -0.749009550 -0.057944238 0.660020590
vn -0.531779468 -0.526322246 0.663472354
vn -0.107907169 -0.744888544 0.658405006
vn 0.293470085 -0.697556734 0.653674185
vn 0.763951898 0.023482198 0.644845843
vn 0.671985447 0.376897305 0.637482584
vn -0.303815991 0.697437286 0.649058640
vn -0.643127501 0.397807628 0.654321134
vn -0.712951303 -0.285599858 0.640416443
vn 0.598017633 -0.506989896 0.620754540
vn 0.433725953 0.611584604 0.661699414
vn 0.079669394 0.753022373 0.653154016
vn -0.863814890 -0.129234046 0.486952245
vn -0.729660809 -0.455641538 0.509888113
vn -0.359886825 -0.775963843 0.518036246
vn 0.008509701 -0.856081247 0.516771257
vn 0.354336262 -0.777142644 0.520091474
vn 0.747154653 -0.401559025 0.529632211
vn 0.845910430 0.129532948 0.517355680
vn 0.591315091 0.625042915 0.509576201
vn 0.133317217 0.851273000 0.507504642
vn -0.334042817 0.797843099 0.501858413
vn -0.662231445 0.545136452 0.514077663
vn -0.827669919 0.217176706 0.517490745
vn -0.947191238 -0.001678960 0.320665091
vn 0.238501593 -0.922819734 0.302523792
vn 0.562842488 -0.759499192 0.326143265
vn 0.811195254 -0.492607862 0.315118641
vn 0.873931229 0.368785024 0.316609830
vn -0.283264220 0.898125768 0.336350411
vn -0.870984554 -0.364093006 0.329882175
vn -0.589086473 -0.739349186 0.326097995
vn -0.144799069 -0.935134649 0.323351920
vn 0.940212190 -0.103956826 0.324336380
vn 0.559554100 0.761594594 0.326914161
vn 0.130036384 0.937090278 0.323963493
vn -0.585078001 0.731509209 0.350111395
vn -0.875676155 0.367230237 0.313581198
vn -0.993625641 0.000915785 0.112726286
vn -0.025746111 -0.999057353 0.034952953
vn 0.718911469 -0.689980686 0.084220178
vn 0.708631575 0.703053534 0.059641737
vn -0.490285754 0.870707929 0.038568754
vn -0.967760324 -0.246674895 0.050905760
vn -0.861230254 -0.508209765 0.002288479
vn -0.699395895 -0.713025630 0.049394578
vn -0.387307346 -0.917000115 0.095413662
vn 0.267781436 -0.962885618 0.033830203
vn 0.506898344 -0.860902846 0.043593928
vn 0.900467992 -0.422801584 0.101961993
vn 0.997118890 -0.003553006 0.075771436
vn 0.971865296 0.235483900 0.005005214
vn 0.863835454 0.502808630 0.031173822
vn 0.483942538 0.868638813 0.106142268
vn 0.281951964 0.957754195 0.056657635
vn -0.018260019 0.999622107 0.020550769
vn -0.233847544 0.964437664 0.123188481
vn -0.714004874 0.697437108 0.061469443
vn -0.855690956 0.516679943 0.028894369
vn -0.972131312 0.234113440 0.012311569
vn 0.964120388 -0.251341611 -0.085435659
vn -0.955457270 0.001399342 -0.295126319
vn -0.485115260 -0.819460988 -0.305200040
vn -0.225556388 -0.928037941 -0.296428740
vn 0.665139794 -0.679441571 -0.309754997
vn 0.837499440 -0.470627159 -0.277677596
vn 0.465197325 0.833609462 -0.297803491
vn -0.262018621 0.915964663 -0.303899556
vn -0.678327680 -0.648898423 -0.344677180
vn 0.462852418 -0.814276457 -0.350316226
vn 0.931971550 -0.100091584 -0.348440558
vn 0.672443330 0.658676744 -0.337586999
vn -0.596090972 0.730384171 -0.333488345
vn -0.872096479 -0.345963955 -0.346058756
vn 0.117467180 -0.926973939 -0.356259555
vn 0.873800576 0.346902698 -0.340780258
vn 0.123990670 0.931106091 -0.343027383
vn -0.853445709 0.376510262 -0.360375673
vn -0.553796351 -0.060404390 -0.830458283
vn -0.432227522 -0.336400658 -0.836668372
vn -0.203054115 -0.521686375 -0.828620672
vn 0.149517030 -0.536450028 -0.830581725
vn 0.477078646 -0.304267228 -0.824510455
vn 0.551334560 0.060377322 -0.832096636
vn 0.429804504 0.337633908 -0.837419510
vn 0.217628643 0.509099901 -0.832739472
vn -0.080283709 0.545950949 -0.833961725
vn -0.342250049 0.443377942 -0.828420758
vn -0.511833966 0.209723994 -0.833091795
vn 0.000064258 -0.000054867 -1.000000000
vn -0.390347600 0.086341299 0.916610003
vn 0.328453869 0.385786265 0.862140954
vn -0.250192374 0.355576813 -0.900538146
vn 0.264057457 0.964320660 0.018956091
vn 0.487326503 0.124148689 -0.864349484
vn 0.486762762 -0.084337525 0.869453430
vn 0.609270036 -0.126287088 -0.782841980
vn 0.946363151 -0.317779481 -0.058420490
vn 0.031958360 -0.988285959 0.149230361
vn -0.239846319 -0.372279674 -0.896594524
vn -0.422015786 -0.092772722 0.901829302
vn -0.973006666 -0.230019823 -0.018680664
vn -0.898581207 0.435545027 0.053407881
vn 0.038510486 0.397926718 0.916608632
vn -0.468404323 -0.193165034 0.862139583
vn -0.997635782 0.068724051 -0.000001908
vn -0.192566663 0.981283844 -0.000001113
vn 0.032237682 0.400770426 -0.915611267
vn 0.218640685 0.372692645 0.901829600
vn 0.532586217 0.846366644 -0.003914922
vn 0.435912132 0.100750595 -0.894332230
vn 0.930038452 -0.335794896 0.149232641
vn -0.070208371 -0.489004314 0.869451344
vn -0.095879778 -0.610686362 -0.786046565
vn 0.006048092 -0.998158813 -0.060352363
vn -0.468403101 -0.193167463 -0.862139702
vn -0.324306011 0.089855954 0.941674829
vn -0.401632309 -0.915411413 0.026713910
vn -0.945124269 0.326683402 0.004251782
vn -0.460644066 -0.195511803 -0.865784168
vn -0.471764594 0.499469519 0.726614356
vn -0.428432375 0.898022652 0.100004934
vn -0.363220066 0.431305170 -0.825861394
vn 0.430270523 0.122883976 0.894296825
vn 0.587193310 0.792287409 -0.165784881
vn 0.395951778 -0.173004851 -0.901826739
vn 0.919785082 -0.391987771 0.018464770
vn -0.013858245 -0.502099037 0.864699185
vn 0.328644067 -0.378983945 -0.865080476
vn -0.370807141 -0.222394034 0.901688933
vn 0.424867839 -0.905255377 -0.000003656
vn 0.010274397 -0.490579337 0.871335983
vn 0.016179914 -0.503987670 -0.863559306
vn -0.942114592 -0.331216127 0.052116510
vn -0.443375587 -0.217886135 -0.869450331
vn -0.115904063 0.413956881 0.902887642
vn -0.624591172 0.757885098 -0.188404053
vn 0.519442081 0.854454339 0.009358491
vn 0.326364011 0.401331514 -0.855815172
vn 0.520885408 0.295811743 0.800733268
vn 0.961078525 0.276001215 -0.012311177
vn 0.319716483 0.097804308 -0.942451954
vn -0.202739105 0.344560027 0.916610837
vn 0.927554548 0.328625679 0.177898318
vn 0.525170505 -0.850080311 -0.039489344
vn 0.482418239 0.003986005 -0.875931978
vn 0.230626941 -0.436880440 0.869452000
vn -0.841165960 -0.540292263 0.022893053
vn 0.108751863 -0.769497335 -0.629322648
vn -0.265407085 -0.431586295 0.862144053
vn -0.691903412 0.720012128 0.053406034
vn -0.397783726 0.114373460 -0.910322368
vn -0.042178288 0.430028886 0.901829362
vn -0.096921735 0.421379626 -0.901690304
vn -0.013388664 0.998459160 -0.053853489
vn -0.167615309 0.316887707 0.933534861
vn 0.638407707 0.713632524 0.288381994
vn 0.799545646 -0.420534551 -0.428809404
vn 0.354359001 -0.809712887 0.467755079
vn -0.865242243 -0.427434474 0.262022316
vn -0.013295062 -0.027017722 -0.999546528
vn -0.819172263 0.381677538 -0.428111166
vn 0.167617932 -0.316881627 0.933536410
vn -0.354351372 0.809719205 0.467749864
vn 0.013301476 0.027023926 -0.999546289
vn 0.865244150 0.427431554 0.262021035
vn 0.819175482 -0.381680906 -0.428101987
vn -0.638410032 -0.713633060 0.288375497
vn -0.799544394 0.420531988 -0.428814262
vn -0.167616174 0.316886991 0.933534920
vn 0.638410151 0.713633716 0.288373709
vn 0.799547553 -0.420530736 -0.428809494
vn 0.354351908 -0.809717119 0.467753112
vn -0.865242422 -0.427432656 0.262024879
vn -0.013295737 -0.027022643 -0.999546409
vn -0.819172323 0.381682247 -0.428106815
vn -0.167611331 0.316887379 0.933535695
vn 0.638411462 0.713631749 0.288375735
vn 0.799545765 -0.420532435 -0.428811222
vn 0.354353011 -0.809716702 0.467752904
vn -0.013299238 -0.027023949 -0.999546289
vn -0.865244031 -0.427431136 0.262021750
vn -0.819171548 0.381681263 -0.428109020
vn 0.016812613 -0.039876077 0.999063194
vn 0.615362823 0.700133383 0.362135202
vn 0.183245584 0.331568658 -0.925463855
vn 0.870670438 -0.431130588 -0.236768752
vn -0.787566781 -0.387705445 0.478981256
vn -0.274873942 -0.846099019 -0.456684679
vn -0.811155498 0.473932892 -0.342657775
vn 0.167614505 -0.316883385 0.933536530
vn -0.354351997 0.809716880 0.467753381
vn 0.013299303 0.027023675 -0.999546349
vn 0.865243375 0.427430421 0.262024790
vn 0.819172502 -0.381682128 -0.428106606
vn -0.638409674 -0.713633239 0.288376123
vn -0.799546003 0.420532197 -0.428811252
vn 0.016811902 -0.039875820 0.999063253
vn 0.615362525 0.700132191 0.362137854
vn 0.183251411 0.331572711 -0.925461233
vn 0.870669484 -0.431134492 -0.236765131
vn -0.787563980 -0.387711018 0.478981376
vn -0.274871916 -0.846096873 -0.456689775
vn -0.811155736 0.473934025 -0.342655748
vn -0.167625532 0.316883773 0.933534324
vn 0.638408661 0.713634908 0.288374156
vn 0.799540877 -0.420540631 -0.428812265
vn 0.354353040 -0.809715569 0.467754900
vn -0.013297732 -0.027018156 -0.999546468
vn -0.865240872 -0.427438200 0.262020737
vn -0.819169104 0.381683290 -0.428112149
vn -0.167625546 0.316883802 0.933534324
vn 0.638408244 0.713634849 0.288375050
vn 0.799541473 -0.420542002 -0.428809792
vn 0.354353100 -0.809715450 0.467755109
vn -0.865240932 -0.427438110 0.262020737
vn -0.013297682 -0.027016856 -0.999546468
vn -0.819169998 0.381685078 -0.428108752
vn -0.167627960 0.316882223 0.933534503
vn 0.638408184 0.713634849 0.288375318
vn 0.799540341 -0.420539916 -0.428813964
vn 0.354352087 -0.809717417 0.467752337
vn -0.013298353 -0.027017551 -0.999546528
vn -0.865240693 -0.427439362 0.262019455
vn -0.819173872 0.381683886 -0.428102404
vn -0.167618349 0.316883296 0.933535814
vn 0.638409495 0.713629961 0.288384587
vn 0.799544275 -0.420534343 -0.428812087
vn 0.354353815 -0.809717357 0.467751384
vn -0.865247846 -0.427427381 0.262015253
vn -0.013296800 -0.027018035 -0.999546587
vn -0.819170892 0.381675899 -0.428115368
vn 0.016815111 -0.039872587 0.999063313
vn 0.183250219 0.331576645 -0.925459981
vn 0.615369201 0.700130224 0.362130374
vn 0.870670736 -0.431133598 -0.236761972
vn -0.274872452 -0.846101642 -0.456680566
vn -0.787568510 -0.387695342 0.478986710
vn -0.811156034 0.473930120 -0.342660487
vn -0.016811730 0.039874572 0.999063253
vn 0.787568510 0.387697190 0.478985339
vn 0.274872750 0.846098721 -0.456685871
vn 0.811155558 -0.473934114 -0.342656106
vn -0.615364134 -0.700128436 0.362142503
vn -0.183252290 -0.331578821 -0.925458789
vn -0.870671690 0.431128174 -0.236768425
vn -0.016811894 0.039871275 0.999063432
vn 0.274871439 0.846099317 -0.456685513
vn 0.787564874 0.387699366 0.478989393
vn 0.811154664 -0.473935515 -0.342656106
vn -0.183254346 -0.331578851 -0.925458491
vn -0.615363300 -0.700132251 0.362136424
vn -0.870671928 0.431129456 -0.236765698
usemtl field_material_05
f 5//5 9//9 10//10
f 2//2 8//8 3//3
f 6//6 5//5 10//10
f 3//3 9//9 4//4
f 2//2 1//1 7//7
f 8//8 13//13 9//9
f 7//7 1//1 11//11
f 9//9 14//14 10//10
f 7//7 12//12 8//8
f 6//6 10//10 14//14
f 12//12 17//17 13//13
f 11//11 1//1 15//15
f 14//14 17//17 18//18
f 11//11 16//16 12//12
f 6//6 14//14 18//18
f 16//16 21//21 17//17
f 15//15 1//1 19//19
f 17//17 22//22 18//18
f 15//15 20//20 16//16
f 6//6 18//18 22//22
f 20//20 25//25 21//21
f 19//19 1//1 23//23
f 22//22 25//25 26//26
f 19//19 24//24 20//20
f 6//6 22//22 26//26
f 24//24 29//29 25//25
f 23//23 1//1 27//27
f 25//25 30//30 26//26
f 23//23 28//28 24//24
f 6//6 26//26 30//30
f 28//28 33//33 29//29
f 27//27 1//1 31//31
f 30//30 33//33 34//34
f 27//27 32//32 28//28
f 6//6 30//30 34//34
f 32//32 4//4 33//33
f 31//31 1//1 2//2
f 33//33 5//5 34//34
f 31//31 3//3 32//32
f 6//6 34//34 5//5
f 36//36 37//37 35//35
f 38//38 39//39 37//37
f 40//40 41//41 39//39
f 42//42 43//43 41//41
f 44//44 42//42 40//40
f 44//44 45//45 43//43
f 46//46 35//35 45//45
f 41//41 43//43 45//45
usemtl field_material_17
f 47//47 50//50 49//49
f 50//50 51//51 49//49
f 51//51 54//54 53//53
f 54//54 55//55 53//53
f 55//55 58//58 57//57
f 57//57 60//60 59//59
f 60//60 61//61 59//59
f 62//62 63//63 61//61
usemtl field_material_05
f 68//68 69//69 66//66
f 67//67 66//66 69//69
usemtl field_material_17
f 71//71 72//72 70//70
f 72//72 75//75 74//74
f 74//74 77//77 76//76
f 77//77 78//78 76//76
f 79//79 80//80 78//78
f 80//80 83//83 82//82
f 83//83 84//84 82//82
f 85//85 86//86 84//84
usemtl field_material_05
f 90//90 89//89 91//91
f 92//92 91//91 89//89
usemtl field_material_17
f 94//94 95//95 93//93
f 96//96 97//97 95//95
f 98//98 99//99 97//97
f 99//99 102//102 101//101
f 101//101 104//104 103//103
f 104//104 105//105 103//103
f 106//106 107//107 105//105
f 108//108 109//109 107//107
f 109//109 110//110 111//111
usemtl field_material_05
f 114//114 113//113 115//115
f 112//112 115//115 113//113
f 116//116 119//119 118//118
f 118//118 121//121 120//120
f 120//120 123//123 122//122
f 123//123 124//124 122//122
f 125//125 123//123 121//121
f 124//124 127//127 126//126
f 127//127 116//116 126//126
f 122//122 124//124 126//126
usemtl field_material_17
f 128//128 131//131 130//130
f 131//131 132//132 130//130
f 132//132 135//135 134//134
f 135//135 136//136 134//134
f 136//136 139//139 138//138
f 139//139 140//140 138//138
f 141//141 142//142 140//140
f 142//142 145//145 144//144
usemtl field_material_05
f 147//147 150//150 149//149
f 149//149 148//148 147//147
usemtl field_material_17
f 152//152 153//153 151//151
f 154//154 155//155 153//153
f 155//155 158//158 157//157
f 157//157 160//160 159//159
f 159//159 162//162 161//161
f 162//162 163//163 161//161
f 164//164 165//165 163//163
f 166//166 167//167 165//165
f 167//167 168//168 169//169
usemtl field_material_05
f 170//170 173//173 172//172
f 172//172 171//171 170//170
usemtl field_material_17
f 175//175 176//176 174//174
f 176//176 179//179 178//178
f 179//179 180//180 178//178
f 181//181 182//182 180//180
f 183//183 184//184 182//182
f 185//185 186//186 184//184
f 187//187 188//188 186//186
f 189//189 190//190 188//188
usemtl field_material_05
f 195//195 194//194 196//196
f 193//193 196//196 194//194
f 199//199 200//200 197//197
f 201//201 202//202 200//200
f 203//203 204//204 202//202
f 206//206 203//203 201//201
f 206//206 205//205 204//204
f 205//205 198//198 197//197
f 204//204 205//205 197//197
usemtl field_material_07
f 208//208 209//209 207//207
f 210//210 211//211 209//209
f 212//212 213//213 211//211
f 214//214 215//215 213//213
f 215//215 218//218 217//217
f 217//217 220//220 219//219
f 220//220 221//221 219//219
f 221//221 224//224 223//223
usemtl field_material_05
f 227//227 228//228 226//226
f 229//229 226//226 228//228
usemtl field_material_07
f 230//230 233//233 232//232
f 233//233 234//234 232//232
f 235//235 236//236 234//234
f 236//236 239//239 238//238
f 239//239 240//240 238//238
f 241//241 242//242 240//240
f 242//242 245//245 244//244
f 244//244 247//247 246//246
f 246//246 247//247 248//248
usemtl field_material_05
f 250//250 249//249 251//251
f 252//252 251//251 249//249
usemtl field_material_07
f 254//254 255//255 253//253
f 255//255 258//258 257//257
f 258//258 259//259 257//257
f 259//259 262//262 261//261
f 262//262 263//263 261//261
f 264//264 265//265 263//263
f 265//265 268//268 267//267
f 268//268 269//269 267//267
f 269//269 270//270 271//271
usemtl field_material_05
f 272//272 273//273 275//275
f 274//274 275//275 273//273
f 277//277 278//278 276//276
f 278//278 281//281 280//280
f 281//281 282//282 280//280
f 283//283 284//284 282//282
f 285//285 283//283 281//281
f 284//284 287//287 286//286
f 287//287 276//276 286//286
f 282//282 284//284 286//286
usemtl field_material_17
f 289//289 290//290 288//288
f 290//290 293//293 292//292
f 293//293 294//294 292//292
f 294//294 297//297 296//296
f 297//297 298//298 296//296
f 298//298 301//301 300//300
f 301//301 302//302 300//300
f 303//303 304//304 302//302
usemtl field_material_05
f 309//309 308//308 307//307
f 307//307 310//310 309//309
usemtl field_material_17
f 312//312 313//313 311//311
f 313//313 316//316 315//315
f 316//316 317//317 315//315
f 317//317 320//320 319//319
f 320//320 321//321 319//319
f 321//321 324//324 323//323
f 323//323 326//326 325//325
f 326//326 327//327 325//325
f 327//327 328//328 329//329
usemtl field_material_05
f 332//332 331//331 333//333
f 330//330 333//333 331//331
usemtl field_material_17
f 335//335 336//336 334//334
f 337//337 338//338 336//336
f 338//338 341//341 340//340
f 340//340 343//343 342//342
f 343//343 344//344 342//342
f 345//345 346//346 344//344
f 346//346 349//349 348//348
f 349//349 350//350 348//348
f 350//350 351//351 352//352
usemtl field_material_05
f 353//353 354//354 356//356
f 355//355 356//356 354//354
f 358//358 359//359 357//357
f 360//360 361//361 359//359
f 362//362 363//363 361//361
f 364//364 365//365 363//363
f 366//366 364//364 362//362
f 366//366 367//367 365//365
f 368//368 357//357 367//367
f 365//365 367//367 359//359
usemtl field_material_17
f 370//370 371//371 369//369
f 371//371 374//374 373//373
f 374//374 375//375 373//373
f 376//376 377//377 375//375
f 378//378 379//379 377//377
f 380//380 381//381 379//379
f 382//382 383//383 381//381
f 383//383 386//386 385//385
usemtl field_material_05
f 388//388 391//391 390//390
f 390//390 389//389 388//388
usemtl field_material_17
f 392//392 395//395 394//394
f 395//395 396//396 394//394
f 397//397 398//398 396//396
f 399//399 400//400 398//398
f 400//400 403//403 402//402
f 403//403 404//404 402//402
f 405//405 406//406 404//404
f 406//406 409//409 408//408
usemtl field_material_05
f 412//412 411//411 413//413
f 414//414 413//413 411//411
usemtl field_material_17
f 416//416 417//417 415//415
f 418//418 419//419 417//417
f 420//420 421//421 419//419
f 422//422 423//423 421//421
f 423//423 426//426 425//425
f 425//425 428//428 427//427
f 427//427 430//430 429//429
f 430//430 431//431 429//429
usemtl field_material_05
f 436//436 435//435 434//434
f 437//437 436//436 434//434
f 439//439 440//440 438//438
f 440//440 443//443 442//442
f 442//442 445//445 444//444
f 445//445 446//446 444//444
f 447//447 445//445 443//443
f 446//446 449//449 448//448
f 448//448 439//439 438//438
f 444//444 446//446 448//448
usemtl field_material_17
f 451//451 452//452 450//450
f 453//453 454//454 452//452
f 454//454 457//457 456//456
f 457//457 458//458 456//456
f 459//459 460//460 458//458
f 461//461 462//462 460//460
f 463//463 464//464 462//462
f 465//465 466//466 464//464
usemtl field_material_05
f 470//470 469//469 471//471
f 472//472 471//471 469//469
usemtl field_material_17
f 474//474 475//475 473//473
f 475//475 478//478 477//477
f 478//478 479//479 477//477
f 479//479 482//482 481//481
f 482//482 483//483 481//481
f 484//484 485//485 483//483
f 485//485 488//488 487//487
f 487//487 490//490 489//489
f 489//489 490//490 491//491
usemtl field_material_05
f 493//493 492//492 494//494
f 495//495 494//494 492//492
usemtl field_material_17
f 497//497 498//498 496//496
f 499//499 500//500 498//498
f 501//501 502//502 500//500
f 503//503 504//504 502//502
f 504//504 507//507 506//506
f 507//507 508//508 506//506
f 508//508 511//511 510//510
f 511//511 512//512 510//510
f 512//512 513//513 514//514
usemtl field_material_05
f 516//516 515//515 517//517
f 518//518 517//517 515//515
f 520//520 521//521 519//519
f 522//522 523//523 521//521
f 524//524 525//525 523//523
f 526//526 527//527 525//525
f 528//528 526//526 524//524
f 528//528 529//529 527//527
f 530//530 519//519 529//529
f 527//527 529//529 521//521
usemtl field_material_23
f 532//532 533//533 531//531
f 533//533 536//536 535//535
f 536//536 537//537 535//535
f 538//538 539//539 537//537
f 540//540 541//541 539//539
f 542//542 543//543 541//541
f 543//543 546//546 545//545
f 546//546 547//547 545//545
usemtl field_material_05
f 551//551 550//550 552//552
f 553//553 552//552 550//550
usemtl field_material_23
f 554//554 557//557 556//556
f 556//556 559//559 558//558
f 558//558 561//561 560//560
f 561//561 562//562 560//560
f 563//563 564//564 562//562
f 564//564 567//567 566//566
f 566//566 569//569 568//568
f 568//568 571//571 570//570
f 570//570 571//571 572//572
usemtl field_material_05
f 573//573 575//575 574//574
f 576//576 573//573 574//574
usemtl field_material_23
f 578//578 579//579 577//577
f 580//580 581//581 579//579
f 581//581 584//584 583//583
f 584//584 585//585 583//583
f 585//585 588//588 587//587
f 587//587 590//590 589//589
f 590//590 591//591 589//589
f 592//592 593//593 591//591
f 593//593 594//594 595//595
usemtl field_material_05
f 598//598 597//597 599//599
f 596//596 599//599 597//597
f 601//601 602//602 600//600
f 603//603 604//604 602//602
f 605//605 606//606 604//604
f 607//607 608//608 606//606
f 607//607 605//605 601//601
f 608//608 611//611 610//610
f 611//611 600//600 610//610
f 606//606 608//608 610//610
usemtl field_material_07
f 613//613 614//614 612//612
f 615//615 616//616 614//614
f 617//617 618//618 616//616
f 618//618 621//621 620//620
f 621//621 622//622 620//620
f 623//623 624//624 622//622
f 625//625 626//626 624//624
f 626//626 629//629 628//628
f 628//628 629//629 630//630
usemtl field_material_05
f 631//631 632//632 634//634
f 633//633 634//634 632//632
usemtl field_material_07
f 635//635 638//638 637//637
f 637//637 640//640 639//639
f 640//640 641//641 639//639
f 641//641 644//644 643//643
f 644//644 645//645 643//643
f 646//646 647//647 645//645
f 647//647 650//650 649//649
f 650//650 651//651 649//649
f 651//651 652//652 653//653
usemtl field_material_05
f 657//657 655//655 656//656
f 654//654 657//657 656//656
usemtl field_material_07
f 659//659 660//660 658//658
f 660//660 663//663 662//662
f 663//663 664//664 662//662
f 665//665 666//666 664//664
f 667//667 668//668 666//666
f 669//669 670//670 668//668
f 671//671 672//672 670//670
f 673//673 674//674 672//672
f 674//674 675//675 676//676
usemtl field_material_05
f 680//680 678//678 677//677
f 679//679 680//680 677//677
f 681//681 684//684 683//683
f 685//685 686//686 683//683
f 688//688 687//687 686//686
f 682//682 688//688 685//685
f 682//682 681//681 687//687
f 683//683 686//686 687//687
usemtl field_material_09
f 689//689 690//690 691//691
f 689//689 691//691 692//692
f 689//689 692//692 693//693
f 689//689 693//693 694//694
f 689//689 694//694 695//695
f 689//689 695//695 696//696
f 689//689 696//696 690//690
f 690//690 697//697 691//691
f 691//691 699//699 692//692
f 692//692 700//700 693//693
f 694//694 707//707 695//695
f 708//708 696//696 695//695
f 696//696 704//704 690//690
f 705//705 698//698 697//697
f 709//709 705//705 697//697
f 710//710 698//698 705//705
f 711//711 699//699 698//698
f 712//712 700//700 699//699
f 713//713 706//706 700//700
f 706//706 714//714 701//701
f 715//715 702//702 701//701
f 716//716 707//707 702//702
f 717//717 708//708 707//707
f 708//708 718//718 703//703
f 703//703 719//719 704//704
f 704//704 720//720 697//697
f 728//728 711//711 710//710
f 713//713 723//723 714//714
f 715//715 725//725 716//716
f 726//726 719//719 718//718
f 727//727 728//728 710//710
f 728//728 729//729 711//711
f 729//729 722//722 712//712
f 722//722 723//723 713//713
f 724//724 730//730 714//714
f 714//714 730//730 715//715
f 731//731 732//732 716//716
f 732//732 726//726 717//717
f 733//733 719//719 726//726
f 734//734 720//720 719//719
f 734//734 721//721 720//720
f 736//736 722//722 729//729
f 737//737 724//724 723//723
f 735//735 740//740 727//727
f 727//727 742//742 728//728
f 743//743 729//729 728//728
f 743//743 736//736 729//729
f 736//736 744//744 722//722
f 744//744 723//723 722//722
f 745//745 737//737 723//723
f 737//737 746//746 724//724
f 724//724 746//746 730//730
f 747//747 725//725 730//730
f 749//749 738//738 725//725
f 731//731 751//751 732//732
f 752//752 726//726 732//732
f 753//753 739//739 726//726
f 739//739 754//754 733//733
f 733//733 755//755 734//734
f 756//756 735//735 734//734
f 757//757 747//747 746//746
f 758//758 740//740 735//735
f 737//737 762//762 746//746
f 762//762 757//757 746//746
f 764//764 739//739 753//753
f 757//757 767//767 747//747
f 767//767 748//748 747//747
f 768//768 763//763 738//738
f 773//773 752//752 751//751
f 739//739 769//769 754//754
f 769//769 755//755 754//754
f 771//771 744//744 736//736
f 771//771 766//766 744//744
f 767//767 772//772 748//748
f 772//772 749//749 748//748
f 772//772 768//768 749//749
f 773//773 764//764 752//752
f 769//769 774//774 755//755
f 774//774 756//756 755//755
f 775//775 770//770 758//758
f 776//776 765//765 770//770
f 765//765 777//777 759//759
f 759//759 777//777 760//760
f 777//777 771//771 760//760
f 771//771 778//778 766//766
f 766//766 779//779 761//761
f 761//761 779//779 762//762
f 779//779 767//767 762//762
f 780//780 772//772 767//767
f 772//772 781//781 768//768
f 768//768 782//782 763//763
f 763//763 782//782 773//773
f 773//773 783//783 764//764
f 764//764 784//784 769//769
f 784//784 774//774 769//769
f 774//774 775//775 758//758
f 775//775 786//786 776//776
f 776//776 786//786 777//777
f 777//777 786//786 778//778
f 778//778 786//786 779//779
f 779//779 786//786 780//780
f 780//780 786//786 781//781
f 781//781 786//786 782//782
f 782//782 786//786 783//783
f 783//783 786//786 784//784
f 784//784 786//786 785//785
f 785//785 786//786 775//775
usemtl field_material_05
f 789//789 790//790 791//791
f 788//788 794//794 790//790
f 791//791 794//794 793//793
f 788//788 787//787 792//792
f 791//791 793//793 796//796
f 794//794 796//796 793//793
f 792//792 787//787 795//795
f 795//795 787//787 797//797
f 791//791 796//796 789//789
f 798//798 787//787 799//799
f 798//798 789//789 796//796
f 799//799 788//788 790//790
f 801//801 803//803 802//802
f 812//812 803//803 804//804
f 804//804 806//806 807//807
f 800//800 806//806 803//803
f 805//805 800//800 808//808
f 804//804 807//807 810//810
f 807//807 811//811 810//810
f 808//808 800//800 809//809
f 804//804 810//810 812//812
f 811//811 801//801 802//802
f 811//811 812//812 810//810
f 809//809 800//800 801//801
f 824//824 815//815 814//814
f 816//816 815//815 819//819
f 825//825 816//816 819//819
f 815//815 817//817 818//818
f 818//818 820//820 821//821
f 818//818 821//821 819//819
f 817//817 813//813 820//820
f 825//825 819//819 821//821
f 825//825 821//821 822//822
f 820//820 823//823 821//821
f 821//821 823//823 822//822
f 823//823 824//824 814//814
f 823//823 825//825 822//822
f 820//820 813//813 824//824
f 814//814 816//816 825//825
f 829//829 830//830 831//831
f 838//838 829//829 831//831
f 828//828 830//830 827//827
f 830//830 833//833 831//831
f 838//838 831//831 833//833
f 830//830 832//832 833//833
f 832//832 834//834 833//833
f 833//833 834//834 835//835
f 838//838 833//833 835//835
f 832//832 837//837 834//834
f 832//832 826//826 836//836
f 837//837 838//838 835//835
f 837//837 828//828 827//827
f 837//837 829//829 838//838
f 836//836 826//826 828//828
f 840//840 839//839 843//843
f 842//842 841//841 845//845
f 850//850 842//842 845//845
f 843//843 839//839 846//846
f 841//841 846//846 844//844
f 844//844 848//848 845//845
f 850//850 845//845 848//848
f 846//846 847//847 844//844
f 839//839 851//851 847//847
f 848//848 851//851 850//850
f 851//851 842//842 850//850
f 849//849 839//839 840//840
usemtl field_material_29
f 853//853 854//854 857//857
f 853//853 852//852 855//855
f 854//854 855//855 857//857
f 855//855 852//852 856//856
f 856//856 858//858 857//857
f 858//858 853//853 857//857
f 852//852 853//853 858//858
f 860//860 859//859 862//862
f 862//862 863//863 861//861
f 859//859 864//864 863//863
f 863//863 864//864 861//861
f 864//864 865//865 861//861
f 864//864 859//859 860//860
f 865//865 860//860 861//861
f 867//867 866//866 869//869
f 867//867 868//868 871//871
f 868//868 869//869 871//871
f 869//869 866//866 870//870
f 870//870 872//872 871//871
f 872//872 867//867 871//871
f 866//866 867//867 872//872
f 874//874 875//875 877//877
f 874//874 873//873 876//876
f 875//875 876//876 877//877
f 876//876 873//873 878//878
f 878//878 879//879 877//877
f 873//873 874//874 879//879
f 879//879 874//874 877//877
f 881//881 883//883 882//882
f 882//882 883//883 885//885
f 880//880 885//885 883//883
f 884//884 886//886 885//885
f 882//882 885//885 886//886
f 886//886 881//881 882//882
f 880//880 881//881 886//886
f 888//888 887//887 890//890
f 890//890 891//891 889//889
f 887//887 892//892 891//891
f 891//891 892//892 889//889
f 892//892 893//893 889//889
f 892//892 887//887 888//888
f 893//893 888//888 889//889
f 895//895 897//897 896//896
f 896//896 897//897 899//899
f 894//894 899//899 897//897
f 896//896 899//899 900//900
f 898//898 900//900 899//899
f 894//894 895//895 900//900
f 900//900 895//895 896//896
f 902//902 903//903 905//905
f 902//902 901//901 904//904
f 903//903 904//904 905//905
f 904//904 901//901 906//906
f 906//906 907//907 905//905
f 907//907 902//902 905//905
f 901//901 902//902 907//907
f 909//909 910//910 913//913
f 909//909 908//908 911//911
f 910//910 911//911 913//913
f 911//911 908//908 912//912
f 912//912 914//914 913//913
f 908//908 909//909 914//914
f 914//914 909//909 913//913
f 916//916 917//917 919//919
f 916//916 915//915 918//918
f 917//917 918//918 919//919
f 918//918 915//915 920//920
f 920//920 921//921 919//919
f 915//915 916//916 921//921
f 921//921 916//916 919//919
f 923//923 924//924 927//927
f 923//923 922//922 925//925
f 924//924 925//925 927//927
f 925//925 922//922 926//926
f 926//926 928//928 927//927
f 922//922 923//923 928//928
f 928//928 923//923 927//927
f 931//931 932//932 930//930
f 930//930 932//932 933//933
f 929//929 933//933 932//932
f 930//930 933//933 935//935
f 934//934 935//935 933//933
f 935//935 931//931 930//930
f 929//929 931//931 935//935
f 937//937 939//939 938//938
f 941//941 938//938 939//939
f 939//939 940//940 941//941
f 936//936 940//940 939//939
f 940//940 942//942 941//941
f 941//941 942//942 938//938
f 936//936 938//938 942//942
f 947//947 944//944 946//946
f 945//945 946//946 944//944
f 943//943 948//948 946//946
f 946//946 948//948 947//947
f 948//948 949//949 947//947
f 947//947 949//949 944//944
f 943//943 944//944 949//949
usemtl field_material_05
f 5//5 4//4 9//9
f 2//2 7//7 8//8
f 3//3 8//8 9//9
f 8//8 12//12 13//13
f 9//9 13//13 14//14
f 7//7 11//11 12//12
f 12//12 16//16 17//17
f 14//14 13//13 17//17
f 11//11 15//15 16//16
f 16//16 20//20 21//21
f 17//17 21//21 22//22
f 15//15 19//19 20//20
f 20//20 24//24 25//25
f 22//22 21//21 25//25
f 19//19 23//23 24//24
f 24//24 28//28 29//29
f 25//25 29//29 30//30
f 23//23 27//27 28//28
f 28//28 32//32 33//33
f 30//30 29//29 33//33
f 27//27 31//31 32//32
f 32//32 3//3 4//4
f 33//33 4//4 5//5
f 31//31 2//2 3//3
f 36//36 38//38 37//37
f 38//38 40//40 39//39
f 40//40 42//42 41//41
f 42//42 44//44 43//43
f 40//40 38//38 36//36
f 36//36 46//46 40//40
f 46//46 44//44 40//40
f 44//44 46//46 45//45
f 46//46 36//36 35//35
f 45//45 35//35 41//41
f 35//35 37//37 41//41
f 37//37 39//39 41//41
usemtl field_material_17
f 47//47 48//48 50//50
f 50//50 52//52 51//51
f 51//51 52//52 54//54
f 54//54 56//56 55//55
f 55//55 56//56 58//58
f 57//57 58//58 60//60
f 60//60 62//62 61//61
f 62//62 64//64 63//63
f 64//64 65//65 63//63
usemtl field_material_05
f 67//67 68//68 66//66
f 68//68 67//67 69//69
usemtl field_material_17
f 71//71 73//73 72//72
f 72//72 73//73 75//75
f 74//74 75//75 77//77
f 77//77 79//79 78//78
f 79//79 81//81 80//80
f 80//80 81//81 83//83
f 83//83 85//85 84//84
f 85//85 87//87 86//86
f 87//87 88//88 86//86
usemtl field_material_05
f 90//90 92//92 89//89
f 92//92 90//90 91//91
usemtl field_material_17
f 94//94 96//96 95//95
f 96//96 98//98 97//97
f 98//98 100//100 99//99
f 99//99 100//100 102//102
f 101//101 102//102 104//104
f 104//104 106//106 105//105
f 106//106 108//108 107//107
f 108//108 110//110 109//109
usemtl field_material_05
f 112//112 114//114 115//115
f 114//114 112//112 113//113
f 116//116 117//117 119//119
f 118//118 119//119 121//121
f 120//120 121//121 123//123
f 123//123 125//125 124//124
f 121//121 119//119 117//117
f 117//117 127//127 121//121
f 127//127 125//125 121//121
f 124//124 125//125 127//127
f 127//127 117//117 116//116
f 126//126 116//116 118//118
f 118//118 120//120 126//126
f 120//120 122//122 126//126
usemtl field_material_17
f 128//128 129//129 131//131
f 131//131 133//133 132//132
f 132//132 133//133 135//135
f 135//135 137//137 136//136
f 136//136 137//137 139//139
f 139//139 141//141 140//140
f 141//141 143//143 142//142
f 142//142 143//143 145//145
f 145//145 146//146 144//144
usemtl field_material_05
f 147//147 148//148 150//150
f 149//149 150//150 148//148
usemtl field_material_17
f 152//152 154//154 153//153
f 154//154 156//156 155//155
f 155//155 156//156 158//158
f 157//157 158//158 160//160
f 159//159 160//160 162//162
f 162//162 164//164 163//163
f 164//164 166//166 165//165
f 166//166 168//168 167//167
usemtl field_material_05
f 170//170 171//171 173//173
f 173//173 171//171 172//172
usemtl field_material_17
f 175//175 177//177 176//176
f 176//176 177//177 179//179
f 179//179 181//181 180//180
f 181//181 183//183 182//182
f 183//183 185//185 184//184
f 185//185 187//187 186//186
f 187//187 189//189 188//188
f 189//189 191//191 190//190
f 191//191 192//192 190//190
usemtl field_material_05
f 193//193 195//195 196//196
f 195//195 193//193 194//194
f 198//198 199//199 197//197
f 199//199 201//201 200//200
f 201//201 203//203 202//202
f 203//203 206//206 204//204
f 201//201 199//199 206//206
f 199//199 198//198 206//206
f 205//205 206//206 198//198
f 197//197 200//200 202//202
f 202//202 204//204 197//197
usemtl field_material_07
f 208//208 210//210 209//209
f 210//210 212//212 211//211
f 212//212 214//214 213//213
f 214//214 216//216 215//215
f 215//215 216//216 218//218
f 217//217 218//218 220//220
f 220//220 222//222 221//221
f 221//221 222//222 224//224
f 224//224 225//225 223//223
usemtl field_material_05
f 227//227 229//229 228//228
f 229//229 227//227 226//226
usemtl field_material_07
f 230//230 231//231 233//233
f 233//233 235//235 234//234
f 235//235 237//237 236//236
f 236//236 237//237 239//239
f 239//239 241//241 240//240
f 241//241 243//243 242//242
f 242//242 243//243 245//245
f 244//244 245//245 247//247
usemtl field_material_05
f 250//250 252//252 249//249
f 252//252 250//250 251//251
usemtl field_material_07
f 254//254 256//256 255//255
f 255//255 256//256 258//258
f 258//258 260//260 259//259
f 259//259 260//260 262//262
f 262//262 264//264 263//263
f 264//264 266//266 265//265
f 265//265 266//266 268//268
f 268//268 270//270 269//269
usemtl field_material_05
f 272//272 274//274 273//273
f 275//275 274//274 272//272
f 277//277 279//279 278//278
f 278//278 279//279 281//281
f 281//281 283//283 282//282
f 283//283 285//285 284//284
f 281//281 279//279 277//277
f 277//277 287//287 281//281
f 287//287 285//285 281//281
f 284//284 285//285 287//287
f 287//287 277//277 276//276
f 286//286 276//276 278//278
f 278//278 280//280 286//286
f 280//280 282//282 286//286
usemtl field_material_17
f 289//289 291//291 290//290
f 290//290 291//291 293//293
f 293//293 295//295 294//294
f 294//294 295//295 297//297
f 297//297 299//299 298//298
f 298//298 299//299 301//301
f 301//301 303//303 302//302
f 303//303 305//305 304//304
f 305//305 306//306 304//304
usemtl field_material_05
f 308//308 310//310 307//307
f 310//310 308//308 309//309
usemtl field_material_17
f 312//312 314//314 313//313
f 313//313 314//314 316//316
f 316//316 318//318 317//317
f 317//317 318//318 320//320
f 320//320 322//322 321//321
f 321//321 322//322 324//324
f 323//323 324//324 326//326
f 326//326 328//328 327//327
usemtl field_material_05
f 330//330 332//332 333//333
f 332//332 330//330 331//331
usemtl field_material_17
f 335//335 337//337 336//336
f 337//337 339//339 338//338
f 338//338 339//339 341//341
f 340//340 341//341 343//343
f 343//343 345//345 344//344
f 345//345 347//347 346//346
f 346//346 347//347 349//349
f 349//349 351//351 350//350
usemtl field_material_05
f 353//353 355//355 354//354
f 355//355 353//353 356//356
f 358//358 360//360 359//359
f 360//360 362//362 361//361
f 362//362 364//364 363//363
f 364//364 366//366 365//365
f 362//362 360//360 358//358
f 358//358 368//368 362//362
f 368//368 366//366 362//362
f 366//366 368//368 367//367
f 368//368 358//358 357//357
f 367//367 357//357 359//359
f 359//359 361//361 363//363
f 363//363 365//365 359//359
usemtl field_material_17
f 370//370 372//372 371//371
f 371//371 372//372 374//374
f 374//374 376//376 375//375
f 376//376 378//378 377//377
f 378//378 380//380 379//379
f 380//380 382//382 381//381
f 382//382 384//384 383//383
f 383//383 384//384 386//386
f 386//386 387//387 385//385
usemtl field_material_05
f 388//388 389//389 391//391
f 390//390 391//391 389//389
usemtl field_material_17
f 392//392 393//393 395//395
f 395//395 397//397 396//396
f 397//397 399//399 398//398
f 399//399 401//401 400//400
f 400//400 401//401 403//403
f 403//403 405//405 404//404
f 405//405 407//407 406//406
f 406//406 407//407 409//409
f 409//409 410//410 408//408
usemtl field_material_05
f 412//412 414//414 411//411
f 414//414 412//412 413//413
usemtl field_material_17
f 416//416 418//418 417//417
f 418//418 420//420 419//419
f 420//420 422//422 421//421
f 422//422 424//424 423//423
f 423//423 424//424 426//426
f 425//425 426//426 428//428
f 427//427 428//428 430//430
f 430//430 432//432 431//431
f 432//432 433//433 431//431
usemtl field_material_05
f 434//434 435//435 437//437
f 436//436 437//437 435//435
f 439//439 441//441 440//440
f 440//440 441//441 443//443
f 442//442 443//443 445//445
f 445//445 447//447 446//446
f 443//443 441//441 439//439
f 439//439 449//449 443//443
f 449//449 447//447 443//443
f 446//446 447//447 449//449
f 448//448 449//449 439//439
f 448//448 438//438 440//440
f 440//440 442//442 448//448
f 442//442 444//444 448//448
usemtl field_material_17
f 451//451 453//453 452//452
f 453//453 455//455 454//454
f 454//454 455//455 457//457
f 457//457 459//459 458//458
f 459//459 461//461 460//460
f 461//461 463//463 462//462
f 463//463 465//465 464//464
f 465//465 467//467 466//466
f 467//467 468//468 466//466
usemtl field_material_05
f 470//470 472//472 469//469
f 472//472 470//470 471//471
usemtl field_material_17
f 474//474 476//476 475//475
f 475//475 476//476 478//478
f 478//478 480//480 479//479
f 479//479 480//480 482//482
f 482//482 484//484 483//483
f 484//484 486//486 485//485
f 485//485 486//486 488//488
f 487//487 488//488 490//490
usemtl field_material_05
f 492//492 493//493 495//495
f 494//494 495//495 493//493
usemtl field_material_17
f 497//497 499//499 498//498
f 499//499 501//501 500//500
f 501//501 503//503 502//502
f 503//503 505//505 504//504
f 504//504 505//505 507//507
f 507//507 509//509 508//508
f 508//508 509//509 511//511
f 511//511 513//513 512//512
usemtl field_material_05
f 516//516 518//518 515//515
f 518//518 516//516 517//517
f 520//520 522//522 521//521
f 522//522 524//524 523//523
f 524//524 526//526 525//525
f 526//526 528//528 527//527
f 524//524 522//522 528//528
f 522//522 520//520 528//528
f 520//520 530//530 528//528
f 528//528 530//530 529//529
f 530//530 520//520 519//519
f 529//529 519//519 521//521
f 521//521 523//523 525//525
f 525//525 527//527 521//521
usemtl field_material_23
f 532//532 534//534 533//533
f 533//533 534//534 536//536
f 536//536 538//538 537//537
f 538//538 540//540 539//539
f 540//540 542//542 541//541
f 542//542 544//544 543//543
f 543//543 544//544 546//546
f 546//546 548//548 547//547
f 548//548 549//549 547//547
usemtl field_material_05
f 551//551 553//553 550//550
f 553//553 551//551 552//552
usemtl field_material_23
f 554//554 555//555 557//557
f 556//556 557//557 559//559
f 558//558 559//559 561//561
f 561//561 563//563 562//562
f 563//563 565//565 564//564
f 564//564 565//565 567//567
f 566//566 567//567 569//569
f 568//568 569//569 571//571
usemtl field_material_05
f 575//575 576//576 574//574
f 576//576 575//575 573//573
usemtl field_material_23
f 578//578 580//580 579//579
f 580//580 582//582 581//581
f 581//581 582//582 584//584
f 584//584 586//586 585//585
f 585//585 586//586 588//588
f 587//587 588//588 590//590
f 590//590 592//592 591//591
f 592//592 594//594 593//593
usemtl field_material_05
f 596//596 598//598 599//599
f 598//598 596//596 597//597
f 601//601 603//603 602//602
f 603//603 605//605 604//604
f 605//605 607//607 606//606
f 607//607 609//609 608//608
f 605//605 603//603 601//601
f 601//601 611//611 609//609
f 609//609 607//607 601//601
f 608//608 609//609 611//611
f 611//611 601//601 600//600
f 610//610 600//600 602//602
f 602//602 604//604 610//610
f 604//604 606//606 610//610
usemtl field_material_07
f 613//613 615//615 614//614
f 615//615 617//617 616//616
f 617//617 619//619 618//618
f 618//618 619//619 621//621
f 621//621 623//623 622//622
f 623//623 625//625 624//624
f 625//625 627//627 626//626
f 626//626 627//627 629//629
usemtl field_material_05
f 631//631 633//633 632//632
f 633//633 631//631 634//634
usemtl field_material_07
f 635//635 636//636 638//638
f 637//637 638//638 640//640
f 640//640 642//642 641//641
f 641//641 642//642 644//644
f 644//644 646//646 645//645
f 646//646 648//648 647//647
f 647//647 648//648 650//650
f 650//650 652//652 651//651
usemtl field_material_05
f 657//657 654//654 655//655
f 655//655 654//654 656//656
usemtl field_material_07
f 659//659 661//661 660//660
f 660//660 661//661 663//663
f 663//663 665//665 664//664
f 665//665 667//667 666//666
f 667//667 669//669 668//668
f 669//669 671//671 670//670
f 671//671 673//673 672//672
f 673//673 675//675 674//674
usemtl field_material_05
f 677//677 678//678 679//679
f 679//679 678//678 680//680
f 681//681 682//682 684//684
f 684//684 685//685 683//683
f 685//685 688//688 686//686
f 685//685 684//684 682//682
f 688//688 682//682 687//687
f 687//687 681//681 683//683
usemtl field_material_09
f 691//691 697//697 698//698
f 691//691 698//698 699//699
f 699//699 700//700 692//692
f 700//700 706//706 693//693
f 693//693 701//701 694//694
f 701//701 702//702 694//694
f 694//694 702//702 707//707
f 707//707 708//708 695//695
f 708//708 703//703 696//696
f 703//703 704//704 696//696
f 704//704 697//697 690//690
f 706//706 701//701 693//693
f 709//709 710//710 705//705
f 698//698 710//710 711//711
f 699//699 711//711 712//712
f 712//712 713//713 700//700
f 713//713 714//714 706//706
f 714//714 715//715 701//701
f 715//715 716//716 702//702
f 707//707 716//716 717//717
f 708//708 717//717 718//718
f 703//703 718//718 719//719
f 704//704 719//719 720//720
f 720//720 709//709 697//697
f 721//721 710//710 709//709
f 711//711 729//729 712//712
f 712//712 722//722 713//713
f 714//714 723//723 724//724
f 725//725 731//731 716//716
f 716//716 732//732 717//717
f 717//717 726//726 718//718
f 720//720 721//721 709//709
f 721//721 727//727 710//710
f 730//730 725//725 715//715
f 733//733 734//734 719//719
f 721//721 735//735 727//727
f 725//725 738//738 731//731
f 726//726 739//739 733//733
f 734//734 735//735 721//721
f 740//740 741//741 727//727
f 727//727 741//741 742//742
f 728//728 742//742 743//743
f 744//744 745//745 723//723
f 730//730 746//746 747//747
f 747//747 748//748 725//725
f 725//725 748//748 749//749
f 738//738 750//750 731//731
f 731//731 750//750 751//751
f 751//751 752//752 732//732
f 752//752 753//753 726//726
f 733//733 754//754 755//755
f 755//755 756//756 734//734
f 742//742 759//759 743//743
f 743//743 759//759 760//760
f 743//743 760//760 736//736
f 745//745 761//761 737//737
f 737//737 761//761 762//762
f 738//738 763//763 750//750
f 750//750 763//763 751//751
f 752//752 764//764 753//753
f 756//756 758//758 735//735
f 758//758 770//770 740//740
f 740//740 770//770 741//741
f 741//741 765//765 742//742
f 742//742 765//765 759//759
f 744//744 766//766 745//745
f 745//745 766//766 761//761
f 762//762 767//767 757//757
f 749//749 768//768 738//738
f 763//763 773//773 751//751
f 764//764 769//769 739//739
f 741//741 770//770 765//765
f 760//760 771//771 736//736
f 756//756 774//774 758//758
f 775//775 776//776 770//770
f 765//765 776//776 777//777
f 777//777 778//778 771//771
f 766//766 778//778 779//779
f 767//767 779//779 780//780
f 780//780 781//781 772//772
f 768//768 781//781 782//782
f 782//782 783//783 773//773
f 764//764 783//783 784//784
f 784//784 785//785 774//774
f 774//774 785//785 775//775
usemtl field_material_05
f 788//788 792//792 794//794
f 791//791 790//790 794//794
f 794//794 792//792 795//795
f 794//794 795//795 796//796
f 795//795 797//797 798//798
f 796//796 795//795 798//798
f 798//798 797//797 787//787
f 798//798 799//799 789//789
f 799//799 790//790 789//789
f 799//799 787//787 788//788
f 801//801 800//800 803//803
f 812//812 802//802 803//803
f 804//804 803//803 806//806
f 800//800 805//805 806//806
f 806//806 805//805 808//808
f 806//806 808//808 807//807
f 808//808 809//809 811//811
f 807//807 808//808 811//811
f 811//811 809//809 801//801
f 811//811 802//802 812//812
f 824//824 813//813 815//815
f 816//816 814//814 815//815
f 813//813 817//817 815//815
f 815//815 818//818 819//819
f 818//818 817//817 820//820
f 823//823 820//820 824//824
f 823//823 814//814 825//825
f 829//829 827//827 830//830
f 828//828 826//826 830//830
f 830//830 826//826 832//832
f 832//832 836//836 837//837
f 835//835 834//834 837//837
f 837//837 836//836 828//828
f 837//837 827//827 829//829
f 842//842 840//840 841//841
f 840//840 843//843 841//841
f 841//841 844//844 845//845
f 841//841 843//843 846//846
f 848//848 844//844 847//847
f 846//846 839//839 847//847
f 839//839 849//849 851//851
f 848//848 847//847 851//851
f 851//851 849//849 840//840
f 851//851 840//840 842//842
usemtl field_material_29
f 853//853 855//855 854//854
f 855//855 856//856 857//857
f 856//856 852//852 858//858
f 860//860 862//862 861//861
f 862//862 859//859 863//863
f 864//864 860//860 865//865
f 867//867 869//869 868//868
f 869//869 870//870 871//871
f 870//870 866//866 872//872
f 874//874 876//876 875//875
f 876//876 878//878 877//877
f 878//878 873//873 879//879
f 881//881 880//880 883//883
f 885//885 880//880 884//884
f 884//884 880//880 886//886
f 888//888 890//890 889//889
f 890//890 887//887 891//891
f 892//892 888//888 893//893
f 895//895 894//894 897//897
f 899//899 894//894 898//898
f 898//898 894//894 900//900
f 902//902 904//904 903//903
f 904//904 906//906 905//905
f 906//906 901//901 907//907
f 909//909 911//911 910//910
f 911//911 912//912 913//913
f 912//912 908//908 914//914
f 916//916 918//918 917//917
f 918//918 920//920 919//919
f 920//920 915//915 921//921
f 923//923 925//925 924//924
f 925//925 926//926 927//927
f 926//926 922//922 928//928
f 931//931 929//929 932//932
f 933//933 929//929 934//934
f 934//934 929//929 935//935
f 938//938 936//936 937//937
f 937//937 936//936 939//939
f 940//940 936//936 942//942
f 944//944 943//943 945//945
f 945//945 943//943 946//946
f 948//948 943//943 949//949
