# Strawberry URP Gazebo mesh generated by export_gazebo_assets.py
mtllib plant_variant_11.mtl

o field_export_plant_variant_11
v 0.000000000 0.000000000 0.025000000
v 0.000000000 0.026450338 0.020225426
v 0.000000000 0.042797547 0.007725425
v 0.000000000 0.042797547 -0.007725425
v 0.000000000 0.026450338 -0.020225426
v 0.000000000 0.000000000 -0.025000000
v 0.018703211 0.018703211 0.020225426
v 0.030262435 0.030262435 0.007725425
v 0.030262435 0.030262435 -0.007725425
v 0.018703211 0.018703211 -0.020225426
v 0.026450334 0.000000000 0.020225426
v 0.042797547 0.000000000 0.007725425
v 0.042797547 0.000000000 -0.007725425
v 0.026450334 0.000000000 -0.020225426
v 0.018703211 -0.018703211 0.020225426
v 0.030262435 -0.030262435 0.007725425
v 0.030262435 -0.030262435 -0.007725425
v 0.018703211 -0.018703211 -0.020225426
v 0.000000000 -0.026450334 0.020225426
v 0.000000000 -0.042797547 0.007725425
v 0.000000000 -0.042797547 -0.007725425
v 0.000000000 -0.026450334 -0.020225426
v -0.018703211 -0.018703211 0.020225426
v -0.030262435 -0.030262435 0.007725425
v -0.030262435 -0.030262435 -0.007725425
v -0.018703211 -0.018703211 -0.020225426
v -0.026450334 0.000000000 0.020225426
v -0.042797547 0.000000000 0.007725425
v -0.042797547 0.000000000 -0.007725425
v -0.026450334 0.000000000 -0.020225426
v -0.018703211 0.018703211 0.020225426
v -0.030262435 0.030262435 0.007725425
v -0.030262435 0.030262435 -0.007725425
v -0.018703211 0.018703211 -0.020225426
v 0.000141352 -0.004519358 0.005343743
v -0.006604832 0.211172312 0.187939793
v -0.005988538 -0.002449185 0.002671883
v -0.012734722 0.213242486 0.185267940
v -0.006129891 0.002070174 -0.002671838
v -0.012876075 0.217761844 0.179924220
v -0.000141352 0.004519373 -0.005343698
v -0.006887536 0.220211044 0.177252352
v 0.005988538 0.002449200 -0.002671838
v -0.000757646 0.218140870 0.179924220
v 0.006129891 -0.002070159 0.002671883
v -0.000616293 0.213621512 0.185267940
v -0.039528802 0.233794540 0.191250563
v 0.023030993 0.235697776 0.196151629
v -0.041012090 0.243276462 0.195562974
v 0.023197042 0.245284736 0.200785846
v -0.055938981 0.252372622 0.198028028
v 0.036936201 0.255277485 0.205582634
v -0.050186027 0.262123913 0.200966790
v 0.030190106 0.264637828 0.207504705
v -0.061890807 0.271338493 0.201137707
v 0.041118775 0.274560332 0.209516674
v -0.050849792 0.281274140 0.201763466
v 0.029526342 0.283788055 0.208301395
v -0.057266511 0.290673018 0.199621379
v 0.035608672 0.293577880 0.207176000
v -0.043003384 0.300727069 0.197953016
v 0.021205751 0.302735358 0.203175887
v -0.042174347 0.310350388 0.194368333
v 0.020379152 0.312324226 0.199293435
v -0.010786141 0.330553025 0.187388241
v -0.008473868 0.215663835 0.182378113
v -0.011135985 0.315461069 0.195780754
v -0.010935274 0.315783173 0.193150237
v -0.005694111 0.215898186 0.181150243
v -0.005473662 0.215589255 0.183780760
v -0.008146302 0.315723002 0.194378108
v 0.029924875 0.244131655 0.190602541
v 0.068916596 0.214507803 0.190587968
v 0.033971116 0.250556529 0.193708539
v 0.074030980 0.220182851 0.193836764
v 0.029596150 0.263371259 0.196215272
v 0.087540656 0.219437301 0.196400732
v 0.038045108 0.266422689 0.197848320
v 0.088191509 0.228401303 0.198008820
v 0.035515081 0.277753711 0.198425949
v 0.099782407 0.229025736 0.198631644
v 0.047085825 0.278347075 0.197992474
v 0.097232223 0.240325719 0.198152974
v 0.047677584 0.287220061 0.196503595
v 0.105622083 0.243286133 0.196689054
v 0.061093267 0.286329776 0.194141030
v 0.101153120 0.255956084 0.194269240
v 0.066074036 0.291802108 0.191004574
v 0.105085433 0.262207896 0.191247165
v 0.094493061 0.288659573 0.183475643
v 0.039334778 0.217585489 0.183916345
v 0.087191321 0.279097170 0.196375161
v 0.040128991 0.217564702 0.180904999
v 0.086217023 0.280339241 0.193767950
v 0.041543871 0.216059282 0.183145866
v 0.088654861 0.278428346 0.194091797
v -0.081337109 0.210361555 0.195092887
v -0.044384643 0.242150754 0.190412074
v -0.086456530 0.215872049 0.199120641
v -0.048533775 0.248551369 0.194505885
v -0.099602103 0.214470416 0.203421727
v -0.044748805 0.261739343 0.196746722
v -0.100660279 0.223464906 0.205115110
v -0.053189076 0.264372438 0.199338406
v -0.112170167 0.223430514 0.206812382
v -0.051331360 0.275857359 0.199409008
v -0.110392019 0.234823778 0.205579981
v -0.062920824 0.275731295 0.199803293
v -0.119065613 0.237188146 0.204351485
v -0.064212307 0.284457088 0.197676480
v -0.115651779 0.249948651 0.200515285
v -0.077729017 0.282627970 0.195900530
v -0.120265648 0.255775094 0.196727753
v -0.083313785 0.287610710 0.192386657
v -0.112045556 0.282380730 0.185393453
v -0.055053815 0.213119850 0.182379112
v -0.105483800 0.272344530 0.195775375
v -0.053066276 0.215080798 0.181156814
v -0.104805045 0.273500353 0.192964181
v -0.052855425 0.214702070 0.183916360
v -0.103289105 0.274363607 0.195145860
v 0.004035361 -0.002422415 0.005181499
v -0.192967921 0.115838245 0.213896304
v -0.001102418 -0.006408799 0.002590753
v -0.198105708 0.111851856 0.211305559
v -0.005137771 -0.003986385 -0.002590738
v -0.202141061 0.114274278 0.206124067
v -0.004035346 0.002422415 -0.005181484
v -0.201038629 0.120683074 0.203533322
v 0.001102433 0.006408799 -0.002590738
v -0.195900857 0.124669462 0.206124067
v 0.005137786 0.003986385 0.002590753
v -0.191865504 0.122247040 0.211305559
v -0.229166776 0.100681387 0.216454208
v -0.196828216 0.154463857 0.218148395
v -0.237591058 0.104646303 0.220023245
v -0.204431951 0.159884050 0.221864238
v -0.253052711 0.097049922 0.222739995
v -0.205089793 0.176948458 0.225402877
v -0.257928908 0.107210882 0.225317717
v -0.216420785 0.176356763 0.227622241
v -0.271925598 0.102316424 0.226578549
v -0.218729034 0.190933377 0.229532003
v -0.274284452 0.116951473 0.227646381
v -0.232776329 0.186097339 0.229950890
v -0.285763800 0.116531096 0.227397308
v -0.237800881 0.196429640 0.230060190
v -0.286657691 0.133868068 0.227009222
v -0.253498584 0.189105809 0.228850216
v -0.294557452 0.139635280 0.225638837
v -0.262230605 0.193416774 0.227510333
v -0.295100391 0.176723897 0.222703964
v -0.197534367 0.117099740 0.209899455
v -0.282557428 0.169618636 0.222501978
v -0.197171926 0.118361898 0.207075447
v -0.283612728 0.168471351 0.219882876
v -0.196065366 0.119694300 0.209267065
v -0.281985223 0.171106666 0.220208213
v -0.200723752 0.164665878 0.216565788
v -0.154773831 0.181394830 0.213988051
v -0.203811929 0.171603039 0.219135582
v -0.156649649 0.188827038 0.216601521
v -0.216843307 0.174915105 0.221750900
v -0.148625508 0.199828744 0.218085513
v -0.214780450 0.183700517 0.222784072
v -0.155743331 0.205261305 0.219611973
v -0.225646824 0.187720418 0.223651841
v -0.149985209 0.215352595 0.219586506
v -0.219916269 0.197756410 0.222737432
v -0.160879150 0.219317198 0.219565332
v -0.227114946 0.203026876 0.221657634
v -0.158897147 0.227940530 0.217992246
v -0.219219387 0.213770717 0.218995675
v -0.172057107 0.230994731 0.216461614
v -0.221251905 0.220849708 0.216352448
v -0.175322965 0.237630352 0.213769734
v -0.203654528 0.242861837 0.208452970
v -0.172719255 0.158300444 0.210493863
v -0.198589459 0.231966525 0.222035050
v -0.174314797 0.158091739 0.208210513
v -0.201149747 0.231157690 0.221264556
v -0.171422720 0.159200981 0.207886651
v -0.199354649 0.232180297 0.219023705
v -0.232721761 0.051911399 0.219076306
v -0.239479184 0.100385971 0.217495888
v -0.240058348 0.050336108 0.222851217
v -0.247038901 0.100100964 0.221402168
v -0.245936885 0.038274661 0.226280376
v -0.256033897 0.110256948 0.224184394
v -0.254041582 0.042136647 0.228195891
v -0.262779742 0.104431637 0.226381987
v -0.260223687 0.032351766 0.229337692
v -0.271422476 0.112188652 0.227012992
v -0.268853158 0.040075365 0.228757262
v -0.277591318 0.102370352 0.226943359
v -0.275560051 0.034152094 0.227403119
v -0.285657048 0.106134385 0.225307137
v -0.284493089 0.044152252 0.224535346
v -0.291473627 0.093917117 0.223086298
v -0.291949391 0.043668121 0.221115559
v -0.298738956 0.092145644 0.219844222
v -0.310034871 0.065650724 0.212094665
v -0.220871836 0.076280236 0.209264562
v -0.298211604 0.067160390 0.222195357
v -0.221442029 0.077928916 0.207082868
v -0.298711836 0.067090228 0.218912020
v -0.221189961 0.079245389 0.209894076
v 0.004263595 0.001603071 0.005315267
v -0.182249665 -0.068523899 0.176075459
v 0.004265286 -0.004872808 0.002657637
v -0.182247967 -0.074999772 0.173417822
v 0.000001699 -0.006475871 -0.002657622
v -0.186511561 -0.076602839 0.168102562
v -0.004263595 -0.001603056 -0.005315252
v -0.190776855 -0.071730018 0.165444940
v -0.004265286 0.004872821 -0.002657622
v -0.190778553 -0.065254144 0.168102562
v -0.000001699 0.006475888 0.002657637
v -0.186514959 -0.063651077 0.173417822
v -0.192914456 -0.104457177 0.188478559
v -0.214878276 -0.045956954 0.182419524
v -0.201363653 -0.107932776 0.194462821
v -0.223949268 -0.047862928 0.188494012
v -0.205114335 -0.124150097 0.200802505
v -0.237783253 -0.037262160 0.192168921
v -0.216164812 -0.121279255 0.203769386
v -0.244437188 -0.046084613 0.196297705
v -0.221103176 -0.135029107 0.206741393
v -0.257336855 -0.038660102 0.197165728
v -0.234072015 -0.127798051 0.205924183
v -0.262344390 -0.052603416 0.198452502
v -0.240928724 -0.137187690 0.205112085
v -0.273597658 -0.050299760 0.196478516
v -0.255085230 -0.127489179 0.200927213
v -0.277670860 -0.067419328 0.194958404
v -0.264527857 -0.130532831 0.197008222
v -0.286540508 -0.072048888 0.190991983
v -0.293879300 -0.109284751 0.183705166
v -0.185848743 -0.071706012 0.171312451
v -0.279678643 -0.105949603 0.184324235
v -0.186697409 -0.070196182 0.169120833
v -0.279905766 -0.106371842 0.181314304
v -0.186826706 -0.068889402 0.171944842
v -0.280725271 -0.103872009 0.182253584
v -0.225066617 -0.045584381 0.179865733
v -0.209669620 0.000716570 0.184000716
v -0.232409477 -0.044242799 0.184218481
v -0.216640174 0.003284922 0.188669771
v -0.243068278 -0.052827708 0.186899349
v -0.220258802 0.015918672 0.193337917
v -0.248658165 -0.046070181 0.189813048
v -0.228918374 0.013424382 0.195385113
v -0.258546621 -0.052195661 0.190177187
v -0.233248219 0.024052214 0.197318316
v -0.262860358 -0.041444048 0.190731615
v -0.243120551 0.018050514 0.196303695
v -0.271472633 -0.043575436 0.188736483
v -0.248663172 0.025170941 0.195175052
v -0.275016040 -0.030364390 0.186974198
v -0.259246737 0.017163329 0.191425487
v -0.281875908 -0.027072730 0.183488593
v -0.266504169 0.019233655 0.187636644
v -0.288240999 0.001553369 0.176275894
v -0.202794418 -0.026219999 0.172539249
v -0.276587248 -0.000713613 0.184080407
v -0.203655928 -0.027542815 0.169932023
v -0.277661473 -0.003200070 0.182543159
v -0.202633321 -0.024618967 0.170255885
v -0.276962638 -0.000496864 0.181320861
v -0.157765359 -0.139603302 0.184100941
v -0.199791476 -0.114858970 0.179691136
v -0.161470279 -0.146470353 0.188398823
v -0.204658374 -0.121098444 0.184106573
v -0.156001538 -0.158657163 0.192774773
v -0.218470871 -0.121957995 0.186566249
v -0.164229274 -0.162686586 0.194432497
v -0.218291551 -0.130926356 0.189059511
v -0.160476968 -0.173630148 0.195767358
v -0.229762867 -0.132926434 0.188881367
v -0.171777770 -0.175602168 0.194039240
v -0.225840047 -0.143841952 0.188666254
v -0.171098530 -0.184488326 0.191988245
v -0.233567864 -0.147789180 0.185779735
v -0.184115767 -0.185217127 0.187219054
v -0.227303863 -0.159845218 0.182926789
v -0.187934220 -0.191259325 0.182256088
v -0.230023295 -0.166553900 0.178264052
v -0.215292215 -0.191533059 0.168412462
v -0.169032648 -0.114436574 0.172080413
v -0.210000932 -0.180790588 0.184317142
v -0.169172242 -0.114846945 0.169320866
v -0.208167225 -0.182235628 0.182255879
v -0.171478912 -0.113273755 0.170543164
v -0.210506275 -0.181028321 0.181320861
v 0.001742907 0.005279563 0.004253104
v -0.048789132 -0.147790879 0.214973956
v 0.006628066 0.000739403 0.002126560
v -0.043903973 -0.152331024 0.212847412
v 0.004885169 -0.004540138 -0.002126530
v -0.045646869 -0.157610565 0.208594322
v -0.001742888 -0.005279519 -0.004253075
v -0.052274927 -0.158349961 0.206467777
v -0.006628048 -0.000739358 -0.002126530
v -0.057160087 -0.153809786 0.208594322
v -0.004885150 0.004540183 0.002126560
v -0.055417188 -0.148530245 0.212847412
v -0.027508698 -0.181803718 0.221257597
v -0.087006643 -0.162087590 0.217704207
v -0.029984627 -0.191393465 0.224572867
v -0.091099307 -0.171218112 0.221098080
v -0.019561142 -0.205207676 0.227901459
v -0.107960373 -0.176025078 0.222875357
v -0.028637679 -0.212476790 0.228974566
v -0.105140239 -0.187221557 0.224624872
v -0.020893501 -0.225178674 0.229724988
v -0.118938714 -0.192811713 0.224150449
v -0.034587383 -0.230678990 0.227932334
v -0.111089945 -0.205423757 0.223582640
v -0.031460553 -0.241612092 0.225816995
v -0.119859785 -0.212429494 0.220790893
v -0.047833744 -0.246000081 0.221446171
v -0.108948424 -0.225824744 0.217971385
v -0.051289368 -0.254560053 0.217028365
v -0.110809535 -0.234915555 0.213489354
v -0.086169124 -0.262268990 0.204491168
v -0.050464787 -0.152866721 0.212508038
v -0.082751982 -0.247574419 0.224047109
v -0.049059920 -0.153620377 0.210214272
v -0.080233894 -0.248503506 0.223273113
v -0.052013155 -0.152686566 0.209888920
v -0.082252882 -0.248121455 0.221022040
v -0.094200470 -0.166968748 0.223818243
v -0.120685376 -0.125781029 0.223978207
v -0.100032046 -0.171547025 0.228997186
v -0.127241969 -0.129276305 0.229415834
v -0.100154787 -0.185014367 0.233214200
v -0.139512524 -0.123871967 0.233819753
v -0.109029487 -0.184936658 0.236142352
v -0.143090501 -0.132022738 0.236666426
v -0.110493243 -0.196428910 0.237368777
v -0.154145628 -0.128614739 0.238040417
v -0.121582657 -0.193026692 0.237099558
v -0.155643672 -0.140112773 0.237623632
v -0.125261128 -0.201194435 0.235128596
v -0.164618880 -0.140052035 0.235734165
v -0.137691557 -0.195817113 0.231868789
v -0.164901495 -0.153546408 0.232287437
v -0.144426644 -0.199329272 0.227359056
v -0.170932785 -0.158160985 0.227968529
v -0.170466930 -0.186786652 0.216477901
v -0.094559535 -0.138831556 0.212277845
v -0.160950109 -0.179801032 0.224277839
v -0.094776466 -0.139346182 0.209281564
v -0.159964815 -0.181917578 0.222216561
v -0.096078120 -0.137058303 0.210216582
v -0.161508366 -0.179785401 0.221281543
v 0.022196656 -0.173590571 0.221009240
v -0.023611229 -0.190843388 0.219621912
v 0.025406148 -0.180509448 0.224736333
v -0.021609589 -0.198267624 0.223496616
v 0.038514942 -0.183676779 0.228040099
v -0.029490881 -0.209363043 0.226246923
v 0.036563341 -0.192487791 0.229841053
v -0.022290329 -0.214717224 0.228289202
v 0.047486212 -0.196386144 0.230748251
v -0.027940309 -0.224875271 0.228759408
v 0.041848619 -0.206487879 0.229942024
v -0.017005056 -0.228717327 0.228390172
v 0.049085479 -0.211676955 0.228242025
v -0.018920340 -0.237363234 0.226448849
v 0.041261964 -0.222509742 0.225039229
v -0.005753776 -0.240267903 0.223799512
v 0.043329995 -0.229569882 0.221194446
v -0.002468936 -0.246865228 0.220136911
v 0.025747318 -0.251787335 0.211339414
v -0.005064971 -0.167271122 0.212041110
v 0.020679938 -0.240925521 0.224041104
v 0.023231201 -0.240088582 0.223270610
v -0.005505069 -0.167932600 0.209029764
v 0.021447431 -0.241130844 0.221029744
v -0.007532466 -0.168329835 0.211270615
v -0.002857354 0.003144171 0.005563252
v 0.108197555 -0.119058102 0.131667137
v 0.003057666 0.005649183 0.002781626
v 0.114112578 -0.116553098 0.128885508
v 0.005915020 0.002505016 -0.002781622
v 0.116969928 -0.119697258 0.123322263
v 0.002857354 -0.003144164 -0.005563252
v 0.113912269 -0.125346437 0.120540641
v -0.003057666 -0.005649175 -0.002781622
v 0.107997246 -0.127851456 0.123322263
v -0.005915020 -0.002505012 0.002781626
v 0.105139896 -0.124707282 0.128885508
v 0.147816405 -0.116244748 0.138638571
v 0.101316892 -0.158408865 0.137466103
v 0.155110732 -0.123131558 0.143139154
v 0.107417531 -0.166474164 0.142189562
v 0.172398686 -0.120842725 0.146907747
v 0.103412949 -0.183535546 0.145534188
v 0.174325556 -0.132334381 0.148862675
v 0.114623837 -0.186590075 0.147673965
v 0.189219043 -0.131842211 0.149394065
v 0.112705678 -0.201375991 0.147870630
v 0.187216818 -0.146497414 0.147847980
v 0.127515107 -0.200753093 0.146659270
v 0.198181212 -0.149168760 0.144878343
v 0.129195482 -0.211861596 0.143504798
v 0.193784535 -0.165620625 0.140095070
v 0.146091327 -0.208963215 0.139145464
v 0.199376330 -0.172893524 0.134514496
v 0.152902544 -0.215083137 0.133354232
v 0.188417524 -0.207089335 0.120035633
v 0.111803629 -0.121716961 0.124900647
v 0.178732991 -0.195569351 0.139667973
v 0.179209247 -0.195624590 0.136658028
v 0.110143244 -0.122793205 0.127569035
v 0.177188352 -0.197308838 0.137597293
v 0.102077618 -0.168529302 0.137162492
v 0.053212814 -0.171298057 0.138728514
v 0.103350684 -0.176425323 0.141605943
v 0.053195935 -0.179319665 0.143474862
v 0.115131617 -0.183617085 0.144754529
v 0.042585377 -0.187803596 0.147457838
v 0.110772312 -0.191596493 0.147031784
v 0.047989272 -0.195219606 0.149371266
v 0.120064147 -0.198627770 0.147157669
v 0.039601773 -0.203271121 0.150155947
v 0.111604035 -0.206517458 0.146244437
v 0.048820999 -0.210140556 0.148583919
v 0.116795063 -0.213459015 0.143179834
v 0.044248823 -0.217645526 0.145883143
v 0.105845861 -0.221188217 0.139243886
v 0.055691112 -0.224082574 0.141112819
v 0.105387941 -0.228194594 0.133714497
v 0.056546114 -0.231045723 0.135742456
v 0.081189677 -0.243278459 0.121404082
v 0.076256566 -0.153538704 0.127882972
v 0.077844508 -0.153798938 0.125599608
v 0.081723310 -0.231423736 0.139424145
v 0.074755408 -0.154027104 0.125275746
v 0.081105649 -0.231923431 0.136412784
v 0.079052188 -0.231696591 0.138653651
v 0.164512649 -0.069086887 0.137031913
v 0.156987339 -0.117434822 0.135085091
v 0.172025681 -0.069734819 0.140961319
v 0.164361492 -0.119385980 0.139119744
v 0.181168795 -0.059917182 0.144565895
v 0.170082957 -0.131735012 0.141902149
v 0.187839970 -0.065971732 0.146464050
v 0.178246051 -0.128124401 0.144158795
v 0.196590975 -0.058394007 0.147621185
v 0.184295461 -0.138048500 0.144666776
v 0.202622876 -0.068267591 0.146840423
v 0.193028957 -0.130420253 0.144535154
v 0.210734606 -0.064508907 0.145318627
v 0.199648768 -0.136326730 0.142654866
v 0.216374397 -0.076622397 0.142090395
v 0.208710209 -0.126273558 0.140248820
v 0.223609388 -0.078265354 0.138492912
v 0.216148227 -0.126621440 0.136544377
v 0.234502926 -0.104309440 0.128375649
v 0.145784795 -0.089602463 0.127424136
v 0.222654015 -0.102450021 0.139882952
v 0.146144196 -0.090311006 0.124412797
v 0.223283350 -0.101002283 0.137275726
v 0.145492733 -0.092271544 0.126653656
v 0.222761631 -0.104055539 0.137599587
v -0.005500168 0.000893968 0.004236668
v 0.148251906 -0.024095830 0.209115624
v -0.001777552 0.006430650 0.002118349
v 0.151974529 -0.018559150 0.206997305
v 0.003722601 0.005536694 -0.002118297
v 0.157474667 -0.019453105 0.202760667
v 0.005500138 -0.000893942 -0.004236624
v 0.159252211 -0.025883742 0.200642332
v 0.001777522 -0.006430623 -0.002118304
v 0.155529588 -0.031420425 0.202760652
v -0.003722630 -0.005536668 0.002118342
v 0.150029451 -0.030526467 0.206997305
v 0.176784068 0.002128557 0.216810375
v 0.166709378 -0.059581567 0.211190224
v 0.185948685 0.001138946 0.220708191
v 0.175648659 -0.062232848 0.215047017
v 0.197376072 0.013503179 0.225310564
v 0.182477638 -0.078160845 0.217121944
v 0.205588341 0.005607462 0.227333993
v 0.192694917 -0.073720507 0.220247403
v 0.216715038 0.015109368 0.230053872
v 0.200190887 -0.086556889 0.220971718
v 0.224310994 0.002335560 0.229895771
v 0.211417556 -0.076992407 0.222809181
v 0.234821379 0.006959371 0.230434120
v 0.219922930 -0.084704652 0.222245499
v 0.242116630 -0.008676762 0.228393540
v 0.231816590 -0.072048552 0.222732350
v 0.251614571 -0.010948660 0.227026090
v 0.241615891 -0.072669089 0.221405238
v 0.266072333 -0.044582382 0.220271111
v 0.154055029 -0.023288636 0.204661012
v 0.252520025 -0.039757486 0.218063653
v 0.252797782 -0.040016077 0.215433136
v 0.153753549 -0.026061915 0.203433141
v 0.153408185 -0.026219230 0.206063658
v 0.252205461 -0.042742088 0.216661006
v 0.173693940 -0.065384462 0.218644589
v 0.137167022 -0.097998001 0.218421742
v 0.178853303 -0.070181176 0.224151880
v 0.141380206 -0.103694394 0.224136233
v 0.191954449 -0.067998275 0.228799954
v 0.137751564 -0.116473414 0.228777319
v 0.193121314 -0.076644644 0.232077092
v 0.146212980 -0.118596047 0.232057512
v 0.204626858 -0.076218918 0.233835027
v 0.144509435 -0.129983589 0.233809933
v 0.203013226 -0.087706283 0.234010205
v 0.156104907 -0.129657686 0.233990625
v 0.211738288 -0.090121560 0.232666165
v 0.157535404 -0.138596699 0.232643530
v 0.208529070 -0.103366107 0.229951188
v 0.171055973 -0.136879325 0.229935542
v 0.213255540 -0.109626919 0.226317331
v 0.176763207 -0.142277077 0.226108968
v 0.205571666 -0.137661904 0.216482431
v 0.146029487 -0.071176998 0.206658065
v 0.197349921 -0.130017221 0.218199253
v 0.147434160 -0.070392042 0.204374716
v 0.199428380 -0.128317416 0.217428759
v 0.145158827 -0.072493792 0.204050854
v 0.198139846 -0.129932299 0.215187892
v 0.162583724 0.050333697 0.214918241
v 0.186826646 0.007787453 0.214709803
v 0.168914229 0.054695312 0.218740106
v 0.193844795 0.011039441 0.218723133
v 0.169980317 0.068226025 0.221846700
v 0.206041098 0.005080072 0.221822143
v 0.178988367 0.067734741 0.223783553
v 0.210196137 0.013086902 0.223762304
v 0.181120574 0.079155646 0.224426493
v 0.221116260 0.009119301 0.224399254
v 0.191983372 0.075155824 0.223719031
v 0.223191142 0.020507991 0.223697782
v 0.195970327 0.083068199 0.221717641
v 0.232031107 0.019922251 0.221693084
v 0.207899243 0.076958582 0.218546540
v 0.232829839 0.033302709 0.218529552
v 0.214549065 0.080007441 0.214590773
v 0.238828450 0.037483841 0.214411825
v 0.239196688 0.065954588 0.204504430
v 0.161054492 0.021265730 0.206658065
v 0.229330465 0.059138522 0.218199253
v 0.160580829 0.022803560 0.204374716
v 0.228103191 0.061526641 0.217428759
v 0.162159950 0.020138806 0.204050854
v 0.229412705 0.059928741 0.215187907
v -0.003850434 -0.004087824 0.004178993
v 0.101677254 0.107946321 0.210999906
v -0.006338056 0.002112638 0.002089500
v 0.099189639 0.114146784 0.208910406
v -0.002487633 0.006200463 -0.002089486
v 0.103040054 0.118234605 0.204731420
v 0.003850404 0.004087824 -0.004178979
v 0.109378099 0.116121963 0.202641934
v 0.006338026 -0.002112638 -0.002089486
v 0.111865714 0.109921500 0.204731420
v 0.002487604 -0.006200463 0.002089500
v 0.108015299 0.105833679 0.208910406
v 0.095529109 0.147206500 0.217718124
v 0.141194880 0.104125716 0.217559695
v 0.101346828 0.154598415 0.222069845
v 0.148263633 0.110406362 0.222075909
v 0.097341716 0.171330303 0.225739688
v 0.165204436 0.107408777 0.225748464
v 0.108408295 0.173930317 0.228325576
v 0.167138129 0.118611291 0.228333175
v 0.106675446 0.188658386 0.229698628
v 0.181943238 0.117761858 0.229708374
v 0.121517852 0.187848359 0.229819924
v 0.180247679 0.132529348 0.229827523
v 0.123560816 0.199166402 0.228728384
v 0.191423535 0.135244876 0.228737161
v 0.140675485 0.196352571 0.226552889
v 0.187592268 0.152160525 0.226558954
v 0.147954494 0.202855870 0.223489463
v 0.193632215 0.159790680 0.223630518
v 0.184200257 0.195483252 0.215803534
v 0.104712091 0.112583719 0.208147198
v 0.173945934 0.184670866 0.220608100
v 0.105430812 0.112405427 0.205122113
v 0.173050031 0.185946509 0.217988983
v 0.106728368 0.110812128 0.207373187
v 0.175277740 0.183794528 0.218314335
v 0.151343629 0.106469437 0.217833281
v 0.157911077 0.057961829 0.219179332
v 0.158695444 0.108272985 0.222368881
v 0.165472940 0.058485016 0.223979294
v 0.164617836 0.120520443 0.225764260
v 0.174421117 0.048504744 0.228093624
v 0.172703028 0.116764650 0.228372097
v 0.181187004 0.054440740 0.230387986
v 0.178923175 0.126581252 0.229085207
v 0.189796180 0.046707302 0.231668755
v 0.187521100 0.118797585 0.228860542
v 0.196005076 0.056473680 0.230876431
v 0.194253996 0.124586329 0.226741150
v 0.204057276 0.052570626 0.229070529
v 0.203149706 0.114371806 0.223834231
v 0.209927171 0.064583838 0.225444645
v 0.210612774 0.114587285 0.219524294
v 0.217217356 0.066099130 0.221275479
v 0.228605151 0.091937736 0.209767267
v 0.139425576 0.081493296 0.207370684
v 0.216676608 0.091561966 0.220000193
v 0.139954224 0.080165640 0.205129817
v 0.217104182 0.091407545 0.217381626
v 0.139731646 0.078526869 0.208000198
v 0.217293605 0.088621914 0.218603924
v 0.047698136 0.161369577 0.218003944
v 0.096508041 0.157639757 0.219270483
v 0.047484264 0.169010848 0.222564027
v 0.097590551 0.165220574 0.224101216
v 0.036756601 0.177423969 0.225974083
v 0.109232739 0.171941549 0.228197545
v 0.042129029 0.184582457 0.228531241
v 0.104851410 0.179837853 0.230455473
v 0.033836149 0.192733660 0.229166985
v 0.114220776 0.186653003 0.231633067
v 0.043249726 0.199503034 0.228790760
v 0.105972111 0.194758430 0.230714977
v 0.038998000 0.207265124 0.226493120
v 0.111474141 0.201782703 0.228716567
v 0.050846361 0.213772580 0.223342568
v 0.100952648 0.209982306 0.224879757
v 0.052193545 0.221044391 0.218770191
v 0.100992486 0.217346027 0.220434889
v 0.078098707 0.233723387 0.208394900
v 0.078613788 0.221859992 0.219278440
v 0.070450962 0.144510016 0.205623135
v 0.075475186 0.222253948 0.218263835
v 0.072367176 0.143955246 0.208279416
v 0.000175953 -0.000164740 0.040494721
v -0.134489268 0.125912040 0.048586942
v -0.003167368 -0.003559478 0.037747364
v -0.137832582 0.122517310 0.045839585
v -0.003343321 -0.003394738 0.032252647
v -0.138008535 0.122682050 0.040344868
v -0.000175953 0.000164725 0.029505290
v -0.134841174 0.126241505 0.037597511
v 0.003167368 0.003559463 0.032252647
v -0.131497860 0.129636258 0.040344868
v 0.003343321 0.003394727 0.037747364
v -0.131321907 0.129471511 0.045839585
v -0.134665221 0.126076773 -0.016583353
v -0.125406653 0.129881740 -0.011016008
v -0.134665221 0.133647189 -0.012938226
v -0.141788051 0.129027158 -0.012645769
v -0.144787252 0.121976949 -0.010118735
v -0.137615576 0.118953958 -0.012645775
v -0.129312128 0.120723702 -0.012938229
v -0.121478818 0.124340750 -0.007372676
v -0.131824106 0.138881132 -0.007690387
v -0.140066728 0.138467968 -0.007127974
v -0.144595951 0.135209769 -0.007167801
v -0.148124799 0.126754299 -0.007363234
v -0.142682761 0.115386188 -0.007283251
v -0.135959357 0.112781920 -0.007343336
v -0.130187228 0.113178715 -0.007076892
v -0.124744169 0.136410922 -0.006160778
v -0.153220296 0.134054065 0.000439957
v -0.124528654 0.116511740 -0.006734320
v -0.114493832 0.123517387 0.000484184
v -0.115895756 0.134104952 0.000650312
v -0.124256924 0.144123554 0.000478550
v -0.137331128 0.146326423 0.000421548
v -0.145081267 0.143660486 0.000494635
v -0.154586300 0.121282980 0.000064282
v -0.147090256 0.109663077 0.000513959
v -0.140228018 0.106290221 0.000604405
v -0.126827955 0.107209511 0.000418471
v -0.118359730 0.113649465 0.000635092
v -0.122653589 0.147585630 0.009016966
v -0.130861387 0.150441676 0.008672155
v -0.154288724 0.141199544 0.008888402
v -0.158125237 0.133031383 0.008691093
v -0.159275264 0.123408191 0.008632174
v -0.154452160 0.111166269 0.008875975
v -0.135310963 0.101616159 0.008691109
v -0.117175527 0.108711906 0.008960295
v -0.109997086 0.129438356 0.008833521
v -0.115011819 0.141331255 0.008826858
v -0.144359156 0.148998559 0.008835593
v -0.144128159 0.103059180 0.008824264
v -0.124936841 0.103219740 0.008896245
v -0.111608833 0.116856061 0.008614473
v -0.134352639 0.153365538 0.019181155
v -0.160748258 0.133213446 0.017831381
v -0.161709234 0.122460194 0.017665971
v -0.153810993 0.106967397 0.017770797
v -0.134729519 0.098743737 0.019442059
v -0.127614483 0.099763125 0.018836375
v -0.111234114 0.112548798 0.017790699
v -0.107584849 0.129641980 0.017950095
v -0.110812686 0.139667228 0.020422937
v -0.115254983 0.145251259 0.019419255
v -0.121106781 0.149508268 0.017584419
v -0.127594098 0.152568445 0.020734023
v -0.141736358 0.152568445 0.020734023
v -0.151409641 0.147638112 0.017354185
v -0.158399850 0.139599726 0.019768091
v -0.158155590 0.112171337 0.019216970
v -0.148451343 0.102531902 0.019419232
v -0.141583622 0.099561043 0.020596089
v -0.120947525 0.102316998 0.020286608
v -0.115322828 0.106899351 0.019052822
v -0.108354516 0.118854262 0.019419260
v -0.109178156 0.126076788 0.034275595
v -0.109838933 0.132213429 0.034222383
v -0.122153610 0.148423091 0.034020677
v -0.147176862 0.148423076 0.034020673
v -0.152392894 0.144508645 0.034222394
v -0.159410402 0.132518098 0.034236208
v -0.160081804 0.126076773 0.034626327
v -0.159503475 0.119421400 0.033797398
v -0.152534187 0.107730165 0.034020685
v -0.112702020 0.113223307 0.034472797
v -0.115208335 0.141882211 0.035668861
v -0.156260237 0.138705954 0.035315428
v -0.156341612 0.113616340 0.035409827
v -0.134665236 0.101090997 0.035435662
v -0.116929099 0.108340681 0.035117663
v -0.110502452 0.119651176 0.035409845
v -0.128342628 0.150088191 0.035673622
v -0.137494758 0.150951281 0.035649065
v -0.144751802 0.103074796 0.035502877
v -0.125328526 0.102705933 0.035441190
v -0.115286894 0.121573545 0.043109737
v -0.117518447 0.135976464 0.043110479
v -0.131263137 0.146035552 0.043135811
v -0.148809567 0.140221134 0.043108679
v -0.154548779 0.125411078 0.043109737
v -0.149958715 0.113758318 0.043097697
v -0.139789686 0.106952041 0.043110479
v -0.124663651 0.108753555 0.043108679
v -0.134665221 0.126076773 0.043987356
v -0.126887068 0.122659974 0.045438834
v -0.126068562 0.134924605 0.044480544
v -0.126068562 0.134924605 0.037703913
v -0.123214118 0.130718857 0.044399638
v -0.124392830 0.130262941 0.036665022
v -0.121962115 0.132823154 0.041092224
v -0.124356419 0.118258335 0.037330005
v -0.124850683 0.117228955 0.044480544
v -0.124706209 0.113494590 0.041092228
v -0.127705142 0.121434689 0.037784819
v -0.128957137 0.119330414 0.041092224
v -0.126213044 0.138658971 0.041092228
v -0.135511205 0.134530097 0.045438834
v -0.140047118 0.138145089 0.044480551
v -0.140423492 0.136986822 0.037703913
v -0.126711756 0.135532945 0.044399634
v -0.137155905 0.140242890 0.041092224
v -0.135541543 0.138401926 0.037784822
v -0.123217568 0.132676825 0.037703916
v -0.123593941 0.131518558 0.044480551
v -0.119621336 0.131660268 0.041092224
v -0.129012033 0.132418379 0.036745623
v -0.126485154 0.129420757 0.041092224
v -0.144019723 0.138003394 0.041092224
v -0.138949528 0.133412912 0.045438834
v -0.146820679 0.123971723 0.044480544
v -0.148898810 0.120865628 0.041092221
v -0.148907676 0.128085539 0.041092228
v -0.146657914 0.129052028 0.044399634
v -0.145275891 0.129562438 0.036745623
v -0.137404740 0.139003649 0.044480544
v -0.137404740 0.139003649 0.037703913
v -0.135326624 0.142109737 0.041092232
v -0.137567490 0.133923337 0.037784819
v -0.135317743 0.134889826 0.041092221
v -0.146820679 0.123971708 0.037703913
v -0.145275906 0.122591093 0.045438834
v -0.137404725 0.113149896 0.044480544
v -0.137404725 0.113149889 0.037703913
v -0.135326609 0.110043801 0.041092221
v -0.145275891 0.122591093 0.036745623
v -0.148907676 0.124068014 0.041092232
v -0.146820694 0.128181830 0.044480544
v -0.146820694 0.128181830 0.037703916
v -0.148898810 0.131287917 0.041092224
v -0.137567505 0.118230209 0.037784819
v -0.137567490 0.118230194 0.044399638
v -0.135317743 0.117263705 0.041092221
v -0.134629026 0.114908293 0.045438834
v -0.123217575 0.119476721 0.044480544
v -0.123217568 0.119476721 0.037703913
v -0.119621336 0.120493293 0.041092224
v -0.130732849 0.113974214 0.041092224
v -0.138915405 0.113856487 0.037330005
v -0.140423492 0.115166739 0.044480544
v -0.143554077 0.112717070 0.041092224
v -0.141329512 0.116849020 0.041092224
v -0.136929303 0.118022859 0.037784815
v -0.128099531 0.120891824 0.044399638
v -0.126485139 0.122732811 0.041092224
v -0.128168911 0.119629920 0.036665022
v -0.000138537 0.001361206 0.040327091
v 0.020448182 -0.200916469 0.092549242
v 0.004669392 0.001162879 0.037663542
v 0.025256108 -0.201114804 0.089885697
v 0.004807927 -0.000198320 0.032336447
v 0.025394645 -0.202475995 0.084558599
v 0.000138533 -0.001361191 0.029672898
v 0.020725250 -0.203638867 0.081895053
v -0.004669395 -0.001162864 0.032336447
v 0.015917324 -0.203440547 0.084558599
v -0.004807930 0.000198334 0.037663542
v 0.015778787 -0.202079341 0.089885697
v 0.020586714 -0.202277660 -0.007610403
v 0.027825695 -0.194553539 -0.001787540
v 0.016101781 -0.192300484 -0.001305035
v 0.009703749 -0.201173156 -0.001305031
v 0.013994760 -0.210868448 -0.001347524
v 0.030812981 -0.206161261 -0.001305033
v 0.039337553 -0.200928077 0.007055969
v 0.036422469 -0.191511989 0.007472304
v 0.029778341 -0.185693160 0.007250938
v 0.018577155 -0.183862284 0.006748797
v 0.008065406 -0.189525023 0.005369229
v 0.002309725 -0.198774517 0.006803939
v 0.002466279 -0.207880810 0.007401990
v 0.009939219 -0.217724070 0.006906652
v 0.025020149 -0.215701208 0.001365352
v 0.033610262 -0.215975538 0.007344109
v 0.037309922 -0.210354716 0.006764811
v 0.023384355 -0.180122077 0.012267207
v 0.006554843 -0.184858292 0.012334995
v 0.003167331 -0.216309533 0.012335017
v 0.019858899 -0.220965549 0.006869916
v 0.049078036 -0.206154525 0.020019000
v 0.048036009 -0.194922656 0.019575957
v 0.043394011 -0.184523866 0.019561160
v 0.031253599 -0.175726295 0.019250637
v 0.020425994 -0.173795372 0.019736949
v 0.009613308 -0.175785512 0.019412858
v -0.001952697 -0.184516847 0.019246915
v -0.006966672 -0.195061147 0.019736962
v -0.007842865 -0.206020474 0.019412857
v -0.002631610 -0.219238207 0.019413933
v 0.006377943 -0.226888061 0.019575961
v 0.017155308 -0.230685100 0.019250633
v 0.031165838 -0.229079038 0.019559875
v 0.043250740 -0.219728515 0.019307496
v 0.050573621 -0.184964731 0.033001296
v 0.040023759 -0.177751034 0.026229315
v 0.029459063 -0.168899238 0.033096619
v 0.011581271 -0.168934911 0.033096608
v 0.001149667 -0.177751020 0.026229328
v -0.009189676 -0.184735879 0.033014860
v -0.013645559 -0.201935440 0.032463163
v -0.007870376 -0.214859962 0.025772350
v -0.004175116 -0.226436079 0.033065535
v 0.011642486 -0.235658079 0.033129591
v 0.025375048 -0.233021647 0.025772329
v 0.037444927 -0.232464820 0.033033490
v 0.050573606 -0.219590619 0.033001292
v 0.055497732 -0.197390348 0.033194989
v 0.041872196 -0.174654812 0.032467145
v 0.020359138 -0.167599469 0.032831453
v -0.000981538 -0.174774095 0.032534871
v -0.012968747 -0.193522111 0.032831445
v -0.011674655 -0.215888739 0.032780621
v 0.003158055 -0.232464984 0.033032119
v 0.024985513 -0.236950383 0.032770183
v 0.044946991 -0.226959765 0.032831453
v 0.054142173 -0.211033225 0.032831445
v 0.058556445 -0.202277660 0.046943922
v 0.057229813 -0.192328140 0.047095820
v 0.001566394 -0.169405445 0.046979409
v -0.017790677 -0.202186108 0.049633343
v -0.016106851 -0.212072447 0.046979424
v 0.001458797 -0.235064507 0.047045454
v 0.053719565 -0.183148399 0.048715070
v 0.047615148 -0.174891040 0.051451910
v 0.039573781 -0.168951780 0.050142288
v 0.030326167 -0.165295005 0.049010929
v 0.020333428 -0.163800403 0.051451970
v 0.010530059 -0.165379986 0.049010947
v -0.006809015 -0.175472915 0.049272500
v -0.012335110 -0.183272436 0.046716604
v -0.016136272 -0.192479208 0.046698019
v -0.012615023 -0.221257105 0.049010929
v -0.006513968 -0.229689717 0.051180441
v 0.010716148 -0.238981619 0.046689942
v 0.020380206 -0.240697950 0.052468117
v 0.030301437 -0.239382222 0.050142344
v 0.039423227 -0.235851958 0.051689941
v 0.047512699 -0.229435831 0.049010899
v 0.053568657 -0.221802324 0.049272563
v 0.057528898 -0.212419212 0.049590111
v 0.058212146 -0.202277660 0.060330678
v 0.056935847 -0.192571357 0.060388941
v 0.003021155 -0.170917585 0.072863854
v -0.010235467 -0.184231475 0.073574610
v -0.013894979 -0.192314461 0.073182940
v -0.013913926 -0.212004557 0.073451057
v 0.001773993 -0.234862253 0.060330682
v 0.011532363 -0.237003669 0.073205002
v 0.050998371 -0.184719458 0.075001456
v 0.038319562 -0.171969473 0.074889407
v 0.029861433 -0.168365836 0.074814007
v 0.011311996 -0.168365836 0.074814007
v -0.004074342 -0.177252889 0.074853763
v -0.014527370 -0.202074662 0.074889399
v -0.009769092 -0.220013425 0.074814022
v 0.029870987 -0.236142725 0.074889407
v 0.045317844 -0.227265731 0.074814014
v 0.050954275 -0.219959214 0.074845731
v 0.054502714 -0.211296633 0.075039320
v 0.055667870 -0.197659150 0.074823961
v 0.045370974 -0.177493423 0.074860938
v 0.020586712 -0.167357251 0.075340465
v -0.000953604 -0.230349585 0.074823983
v 0.020739371 -0.237119913 0.075474158
v 0.038191881 -0.232517064 0.074967720
v 0.047956336 -0.202277660 0.087222151
v 0.044297896 -0.187509134 0.087246343
v 0.030534953 -0.176563308 0.087229833
v 0.012458322 -0.175552025 0.087246343
v -0.001676622 -0.186013013 0.087229833
v -0.006826224 -0.199323714 0.087229833
v -0.004815553 -0.212799639 0.087232523
v 0.003746416 -0.224224389 0.087225944
v 0.016997805 -0.229537666 0.087232523
v 0.031172948 -0.227835178 0.087225944
v 0.044662260 -0.216177687 0.087248281
v 0.020586714 -0.202277660 0.088644639
v 0.031283576 -0.197291568 0.089555651
v 0.034688994 -0.184678331 0.085222155
v 0.034431886 -0.189947873 0.088670842
v 0.035173036 -0.195893928 0.080802023
v 0.038452994 -0.202277660 0.085222147
v 0.036654532 -0.208627775 0.088563412
v 0.037005596 -0.215179816 0.085222147
v 0.036654532 -0.208627775 0.081880882
v 0.032590635 -0.214607432 0.088670850
v 0.033511259 -0.219886199 0.084164962
v 0.030016923 -0.215179816 0.085222147
v 0.030367987 -0.208627760 0.081880882
v 0.028569521 -0.202277660 0.085222147
v 0.030016923 -0.189375505 0.085222147
v 0.032590635 -0.189947873 0.081773452
v 0.030138390 -0.193538830 0.089642271
v 0.007833900 -0.184544355 0.086279333
v 0.012309932 -0.185998708 0.082040168
v 0.013389741 -0.182675391 0.085222147
v 0.019512629 -0.185033977 0.088563412
v 0.026107699 -0.185285822 0.085222147
v 0.019512624 -0.185033962 0.081880882
v 0.041682526 -0.194304109 0.085222147
v 0.036591437 -0.192920253 0.088670842
v 0.036591422 -0.192920238 0.081773452
v 0.035771497 -0.197295994 0.085222147
v 0.030138377 -0.193538830 0.080802023
v 0.017570011 -0.191012844 0.088563412
v 0.023053538 -0.194685563 0.085222147
v 0.017570000 -0.191012844 0.081880882
v 0.011230124 -0.189322010 0.085222147
v 0.015227211 -0.190493032 0.089642271
v -0.000219504 -0.208926424 0.086279333
v -0.000280139 -0.203064963 0.085222147
v 0.002138477 -0.204114676 0.081773445
v 0.003855071 -0.197970599 0.088563412
v 0.006132589 -0.191776127 0.085222147
v 0.014887261 -0.182188824 0.085222147
v 0.011259059 -0.189337566 0.080888644
v 0.016633002 -0.184164673 0.088670850
v 0.021427970 -0.181134909 0.085222147
v 0.018122599 -0.185246944 0.081773445
v 0.008940982 -0.201665759 0.088563412
v 0.014128488 -0.197585493 0.085222147
v 0.005373816 -0.207172796 0.085222147
v 0.008941001 -0.201665729 0.081880882
v 0.005033868 -0.205686733 0.089642271
v 0.020480584 -0.224120125 0.086279333
v 0.018122602 -0.219308376 0.081773445
v 0.014887264 -0.222366497 0.085222147
v 0.011320072 -0.216859430 0.081880890
v 0.011320095 -0.216859460 0.088563412
v 0.006132590 -0.212779194 0.085222147
v -0.001166896 -0.196328610 0.085222147
v 0.002138478 -0.200440645 0.081773445
v 0.003628073 -0.199358374 0.088670850
v 0.005373813 -0.197382525 0.085222147
v 0.014128488 -0.206969827 0.085222147
v 0.009002019 -0.204531267 0.080888644
v 0.016406005 -0.213164300 0.088563412
v 0.020541217 -0.218258664 0.085222147
v 0.019022847 -0.218122765 0.089642271
v 0.041327339 -0.209128290 0.086279333
v 0.036851302 -0.210582644 0.082040168
v 0.031591225 -0.215596780 0.088563412
v 0.037931114 -0.213905945 0.085222147
v 0.031591233 -0.215596780 0.081880882
v 0.026107699 -0.219269499 0.085222147
v 0.013389744 -0.221879929 0.085222147
v 0.019022856 -0.218122765 0.080802023
v 0.007478712 -0.218888044 0.085222147
v 0.012569802 -0.217504188 0.088670842
v 0.012569814 -0.217504174 0.081773452
v 0.023053538 -0.209869757 0.085222147
v 0.029648611 -0.209617898 0.088563412
v 0.035771493 -0.207259327 0.085222147
v 0.029648611 -0.209617913 0.081880882
v 0.053953793 -0.198585168 0.049694933
v 0.052644454 -0.196213305 0.048199318
v 0.054411881 -0.196931690 0.042299468
v 0.055757750 -0.197076976 0.047524285
v 0.055757750 -0.198906973 0.043712143
v 0.052778505 -0.198585182 0.041541498
v 0.051500410 -0.199704036 0.047210466
v 0.050974548 -0.197076976 0.043712143
v 0.047991499 -0.190409034 0.027481556
v 0.050970748 -0.190087229 0.025310906
v 0.049300842 -0.189223573 0.020823754
v 0.050970748 -0.191917241 0.021498783
v 0.049300838 -0.192780897 0.025985943
v 0.046187546 -0.191917241 0.025310909
v 0.047991499 -0.191595435 0.019328134
v 0.046187546 -0.190087229 0.021498781
v 0.042937573 -0.179229572 0.033184849
v 0.045916822 -0.178907767 0.031014204
v 0.044246919 -0.178044111 0.026527051
v 0.045916822 -0.180737793 0.027202077
v 0.044246919 -0.181601450 0.031689230
v 0.041133620 -0.180737793 0.031014206
v 0.042937573 -0.180415988 0.025031429
v 0.041133620 -0.178907767 0.027202075
v 0.030430013 -0.170894980 0.034918725
v 0.032883391 -0.169776127 0.032434262
v 0.031605292 -0.170894980 0.026765291
v 0.033409249 -0.172403187 0.028935939
v 0.031739347 -0.173266858 0.033423107
v 0.028626049 -0.172403187 0.032748073
v 0.029971916 -0.172548473 0.027523264
v 0.028626049 -0.170573190 0.028935941
v 0.015620518 -0.171920508 0.060504436
v 0.018599767 -0.171598703 0.058333784
v 0.016929861 -0.170735046 0.053846635
v 0.018599767 -0.173428714 0.054521661
v 0.016929857 -0.174292371 0.059008826
v 0.013816562 -0.173428714 0.058333788
v 0.015620519 -0.173106909 0.052351017
v 0.013816563 -0.171598703 0.054521661
v -0.001164235 -0.176631168 0.036390681
v -0.002442332 -0.175512299 0.030721711
v 0.000011049 -0.176631168 0.028237240
v 0.001815008 -0.176309362 0.034220029
v 0.000469138 -0.178284645 0.035632715
v 0.001815007 -0.178139359 0.030407889
v -0.001298285 -0.179003015 0.029732853
v -0.002968193 -0.178139359 0.034220036
v -0.009887857 -0.189908057 0.054488454
v -0.006908615 -0.189586267 0.052317813
v -0.008712573 -0.189908057 0.046335027
v -0.006908614 -0.191416264 0.048505675
v -0.008578518 -0.192279920 0.052992836
v -0.011691817 -0.191416264 0.052317802
v -0.010345953 -0.191561550 0.047092997
v -0.011165956 -0.188789204 0.048819486
v -0.013342460 -0.202615425 0.040986270
v -0.014620553 -0.201496556 0.035317317
v -0.012167169 -0.202615425 0.032832850
v -0.010363212 -0.202293634 0.038815629
v -0.011709068 -0.204268917 0.040228289
v -0.010363211 -0.204123631 0.035003502
v -0.013476509 -0.204987302 0.034328464
v -0.015146415 -0.204123631 0.038815629
v -0.009134757 -0.211610600 0.028991796
v -0.006155512 -0.211288810 0.026821151
v -0.007959469 -0.211610600 0.020838374
v -0.006155511 -0.213118806 0.023009028
v -0.007501369 -0.213264093 0.028233817
v -0.010938714 -0.213118806 0.026821151
v -0.009268808 -0.213982478 0.022333989
v -0.010412852 -0.210491732 0.023322843
v 0.004436123 -0.229879975 0.031998999
v 0.003126781 -0.227508098 0.030503379
v 0.004436124 -0.228693560 0.023845579
v 0.006240080 -0.228371754 0.029828347
v 0.006240080 -0.230201781 0.026016232
v 0.003126779 -0.231065437 0.025341202
v 0.001456876 -0.230201781 0.029828347
v 0.001456877 -0.228371754 0.026016230
v 0.011898777 -0.229831710 0.025519235
v 0.014878023 -0.229509905 0.023348585
v 0.013208120 -0.228646249 0.018861439
v 0.014878023 -0.231339917 0.019536467
v 0.013208116 -0.232203588 0.024023619
v 0.010094820 -0.231339931 0.023348585
v 0.011898776 -0.231018126 0.017365817
v 0.010094821 -0.229509905 0.019536469
v 0.025204474 -0.233406425 0.029050602
v 0.023895131 -0.231034547 0.027554983
v 0.025204474 -0.232220009 0.020897184
v 0.027008431 -0.231898203 0.026879951
v 0.027008431 -0.233728230 0.023067836
v 0.023895130 -0.234591886 0.022392806
v 0.022225225 -0.233728230 0.026879951
v 0.022225225 -0.231898218 0.023067836
v 0.039771367 -0.229563370 0.035030507
v 0.038462024 -0.227191508 0.033534892
v 0.041575320 -0.228055179 0.032859858
v 0.040229455 -0.227909893 0.027635040
v 0.041575320 -0.229885176 0.029047720
v 0.037317984 -0.230682239 0.032546040
v 0.038596079 -0.229563370 0.026877068
v 0.036792126 -0.228055179 0.029047718
v 0.043309849 -0.217591077 0.023472045
v 0.042031750 -0.216472223 0.017803077
v 0.046289086 -0.217269287 0.021301404
v 0.044485129 -0.217591077 0.015318615
v 0.046289090 -0.219099283 0.017489264
v 0.044619188 -0.219962940 0.021976426
v 0.041505888 -0.219099283 0.021301396
v 0.042851754 -0.219244570 0.016076585
v -0.000032976 -0.000051960 0.040499657
v 0.127008915 0.199939847 0.043151084
v -0.004037008 0.002528004 0.037749831
v 0.123004884 0.202519804 0.040401258
v -0.004004009 0.002579950 0.032250173
v 0.123037882 0.202571750 0.034901600
v 0.000033021 0.000051945 0.029500347
v 0.127074912 0.200043753 0.032151774
v 0.004037052 -0.002528019 0.032250173
v 0.131078944 0.197463781 0.034901600
v 0.004004054 -0.002579965 0.037749831
v 0.131045938 0.197411835 0.040401258
v 0.127041936 0.199991792 -0.032513618
v 0.135170326 0.200256377 -0.028209118
v 0.130226389 0.207679734 -0.027881058
v 0.121481389 0.205926523 -0.028209116
v 0.119957767 0.195901737 -0.028216189
v 0.129401281 0.192208856 -0.028209109
v 0.141073197 0.197720796 -0.021935742
v 0.139542878 0.206891105 -0.021961676
v 0.133271441 0.213049859 -0.021651063
v 0.126585454 0.214448139 -0.021634320
v 0.119107731 0.212175533 -0.021506201
v 0.114337035 0.206421942 -0.021878110
v 0.120014109 0.188340425 -0.023081563
v 0.125780344 0.184891284 -0.020617880
v 0.131667495 0.186569989 -0.021980397
v 0.138053775 0.190329283 -0.021445729
v 0.105522506 0.200952038 -0.012722777
v 0.113081440 0.196296126 -0.021784831
v 0.112845451 0.183840290 -0.012804576
v 0.147055566 0.191887587 -0.012758237
v 0.148910508 0.200387642 -0.012755832
v 0.145412758 0.212497279 -0.011591353
v 0.140612826 0.217296779 -0.012639732
v 0.130091622 0.221994966 -0.012410159
v 0.118654303 0.220241353 -0.012459639
v 0.111472540 0.215387076 -0.012270334
v 0.106607810 0.208176598 -0.012279240
v 0.106607817 0.191807002 -0.012279243
v 0.118569821 0.179685101 -0.012290358
v 0.129935518 0.178012893 -0.012521314
v 0.140573427 0.182630748 -0.012300608
v 0.152706951 0.206151500 -0.002819976
v 0.140323594 0.222996265 -0.002360744
v 0.132614657 0.225792021 -0.003047146
v 0.130841255 0.173532516 -0.002615975
v 0.149957046 0.186761767 -0.002573452
v 0.153714374 0.196480334 -0.002377337
v 0.148665324 0.215717956 -0.003037206
v 0.123168230 0.226669729 -0.002364252
v 0.111321032 0.221620426 -0.003036520
v 0.102237403 0.210418865 -0.002627247
v 0.100393571 0.196628362 -0.002409685
v 0.105558246 0.183865070 -0.002809778
v 0.116910569 0.175133869 -0.002643661
v 0.143636465 0.178949893 -0.002887852
v 0.155266404 0.207394794 0.007947869
v 0.148102909 0.220575020 0.009534948
v 0.106235497 0.220897347 0.009841243
v 0.106398292 0.179348126 0.007900662
v 0.144708022 0.176409185 0.008012759
v 0.152591079 0.185240969 0.009782313
v 0.156496868 0.199670732 0.009574926
v 0.152711183 0.214441225 0.009574912
v 0.141670644 0.225276291 0.007662296
v 0.134662300 0.228431314 0.010699015
v 0.123363793 0.229227394 0.007901732
v 0.112477191 0.225579068 0.009810697
v 0.101402260 0.214794889 0.010828596
v 0.097850539 0.204005688 0.007901749
v 0.098549053 0.192693666 0.010268402
v 0.101372689 0.185542375 0.009574959
v 0.112157233 0.174548209 0.010219754
v 0.119455807 0.171782643 0.007662333
v 0.130550846 0.170767501 0.007796422
v 0.155523956 0.191982940 0.011366290
v 0.153633013 0.207490548 0.027015692
v 0.140669778 0.223974377 0.027268386
v 0.127041936 0.227410823 0.027723059
v 0.120240517 0.226769716 0.027015690
v 0.100567758 0.207256854 0.027543198
v 0.099491976 0.200351790 0.027450791
v 0.107599773 0.180549622 0.027311910
v 0.120421998 0.173209712 0.027252095
v 0.127579302 0.172408909 0.027252065
v 0.134540707 0.173400730 0.027015695
v 0.141128689 0.176312834 0.027450815
v 0.146570727 0.180696994 0.027543208
v 0.154045716 0.200187877 0.028494863
v 0.148630783 0.216549367 0.028563172
v 0.134176493 0.226021394 0.028521035
v 0.113622017 0.223430932 0.028488960
v 0.102020398 0.189310849 0.028559884
v 0.113564037 0.176647395 0.028662946
v 0.152098566 0.189447477 0.028604632
v 0.105855510 0.216934577 0.028688071
v 0.148498580 0.200709984 0.037670124
v 0.143544778 0.213284075 0.037657328
v 0.132571712 0.220629320 0.037671391
v 0.116935566 0.218932867 0.037670124
v 0.105501927 0.203663200 0.037697759
v 0.113092393 0.183173314 0.037697759
v 0.129817009 0.178913042 0.037654504
v 0.142721906 0.185327485 0.037670124
v 0.127041936 0.199991792 0.038703892
v 0.135393783 0.203730717 0.039994374
v 0.137641609 0.209525213 0.039052129
v 0.136144623 0.213558912 0.035651427
v 0.140749305 0.207242817 0.035651423
v 0.139396846 0.195004165 0.038964920
v 0.139396846 0.204979450 0.032337930
v 0.139660820 0.190075710 0.035651423
v 0.138155535 0.195368022 0.031226000
v 0.136308834 0.190458387 0.039052129
v 0.136308834 0.190458387 0.032250721
v 0.136144623 0.186424688 0.035651419
v 0.133177191 0.199991792 0.035651423
v 0.135776922 0.208397478 0.031862654
v 0.126066878 0.209090263 0.039994370
v 0.121250622 0.213018671 0.039052136
v 0.116951741 0.212841436 0.035651430
v 0.121510632 0.215057299 0.035651423
v 0.138173878 0.210787579 0.035651430
v 0.127044246 0.212098345 0.031308480
v 0.135603368 0.210200742 0.038964916
v 0.138972372 0.205859154 0.039052133
v 0.139384225 0.207126707 0.032250721
v 0.142757878 0.204456508 0.035651427
v 0.134106740 0.205594525 0.032337926
v 0.128937840 0.205826774 0.035651423
v 0.120838761 0.211751118 0.032250721
v 0.115333073 0.202783480 0.040076852
v 0.111703180 0.194366202 0.035651430
v 0.111004524 0.199386701 0.035651423
v 0.120214514 0.213914990 0.035651427
v 0.114114940 0.203218699 0.032337926
v 0.119978309 0.211288944 0.038964923
v 0.124915928 0.211926430 0.039440192
v 0.124070220 0.213934809 0.032250714
v 0.127652258 0.216318220 0.035651423
v 0.122482851 0.207925752 0.031308480
v 0.122078411 0.203598008 0.035651423
v 0.113941267 0.197726041 0.039052129
v 0.113941275 0.197726041 0.032250721
v 0.122482844 0.192057848 0.039994374
v 0.126308337 0.182688937 0.035651430
v 0.124070235 0.186048776 0.039052129
v 0.124070235 0.186048776 0.032250721
v 0.115933083 0.191920742 0.035651423
v 0.114114925 0.196764901 0.038964923
v 0.110359251 0.204640955 0.035651427
v 0.115528651 0.196248487 0.031308480
v 0.113941282 0.202257544 0.039052136
v 0.113941282 0.202257544 0.032250714
v 0.117796980 0.202237725 0.035651423
v 0.123896569 0.191541433 0.032337926
v 0.127006978 0.187709451 0.035651423
v 0.133178756 0.193204120 0.039994370
v 0.138476074 0.192002535 0.031862661
v 0.139384240 0.192856908 0.039052129
v 0.143271238 0.193947211 0.035651427
v 0.126116231 0.186700299 0.038964920
v 0.124381594 0.184714630 0.035651423
v 0.121250600 0.186964914 0.032250721
v 0.116951749 0.187142164 0.035651430
v 0.120838739 0.188232467 0.039052125
v 0.125349283 0.190238401 0.031226002
v 0.135841385 0.196374729 0.035651427
v 0.134106740 0.194389075 0.032337930
v 0.144172162 -0.034069814 0.064642362
v 0.000092238 0.004427599 0.002321204
v 0.146071583 -0.030069280 0.062321167
v 0.001899421 0.004000541 -0.002321180
v 0.147878766 -0.030496340 0.057678785
v 0.001807168 -0.000427051 -0.004642375
v -0.000092253 -0.004427581 -0.002321180
v 0.146959305 -0.037270963 0.056020796
v -0.002118066 -0.002041976 0.003979194
v 0.144079909 -0.038497403 0.062321167
v 0.145979330 -0.034496862 0.068999991
v 0.145979330 -0.017377846 0.062781148
v 0.145979330 -0.017377846 0.057218842
v 0.149838448 -0.025180124 0.052312288
v 0.149838448 -0.025180122 0.067687705
v 0.158084303 -0.022391889 0.062781148
v 0.158084303 -0.022391889 0.057218842
v 0.155802667 -0.037628170 0.067705341
v 0.163098350 -0.034496862 0.062781148
v 0.163098350 -0.034496862 0.057218842
v 0.156559467 -0.034496862 0.052718841
v 0.158084303 -0.046601836 0.062781148
v 0.158084303 -0.046601836 0.057218842
v 0.142848030 -0.044320185 0.067705333
v 0.145979330 -0.051615879 0.062781148
v 0.145979330 -0.051615879 0.057218842
v 0.149838448 -0.043813605 0.052312288
v 0.133874357 -0.046601836 0.062781148
v 0.133874357 -0.046601836 0.057218842
v 0.141581148 -0.039733075 0.051048964
v 0.136215508 -0.030452562 0.067732729
v 0.128860310 -0.034496862 0.062781148
v 0.128860310 -0.034496862 0.057218842
v 0.133874357 -0.022391889 0.062781148
v 0.133874357 -0.022391889 0.057218842
v 0.136215508 -0.030452564 0.052267261
v 0.179060996 -0.030167434 0.063921273
v 0.164558277 -0.027556047 0.063101694
v 0.170979336 -0.023496863 0.059999995
v 0.164558262 -0.027556047 0.056898307
v 0.186535686 -0.026718687 0.059999995
v 0.185519785 -0.031785451 0.056797709
v 0.192421690 -0.034496862 0.060681377
v 0.186535686 -0.042275038 0.059999995
v 0.179061010 -0.038826291 0.056078721
v 0.177400410 -0.041437682 0.063101694
v 0.170979336 -0.045496862 0.059999995
v 0.155422986 -0.042275038 0.059999995
v 0.164558262 -0.041437682 0.056898307
v 0.156438902 -0.037208274 0.063202284
v 0.149536982 -0.034496862 0.059318621
v 0.155422986 -0.026718689 0.059999995
v 0.147089869 -0.017068692 0.063921273
v 0.149087876 -0.002468820 0.063101687
v 0.143243134 -0.007321264 0.059999995
v 0.149087891 -0.002468799 0.056898307
v 0.151114449 0.006478105 0.059999995
v 0.160330817 0.009672434 0.060681377
v 0.162290096 -0.006758482 0.063101687
v 0.165909424 0.001670928 0.059999995
v 0.160776705 0.002270458 0.056797713
v 0.164166391 -0.014119636 0.059999995
v 0.158321649 -0.018972101 0.056898307
v 0.151790231 -0.025387093 0.063202284
v 0.156295076 -0.027919004 0.059999995
v 0.147078723 -0.031113330 0.059318621
v 0.141500100 -0.023111828 0.059999995
v 0.147089869 -0.017068695 0.056078725
v 0.129747346 -0.028055094 0.063921273
v 0.119288273 -0.028701419 0.059999995
v 0.116479434 -0.021643251 0.063101687
v 0.108596660 -0.016951116 0.059999995
v 0.116670936 -0.018554524 0.056078725
v 0.113168560 -0.010658441 0.062828422
v 0.108406693 -0.007198739 0.059318621
v 0.117740452 -0.004365766 0.059999995
v 0.124638855 -0.010412774 0.063101694
v 0.132219553 -0.010903045 0.059999995
v 0.124638855 -0.010412775 0.056898307
v 0.142911151 -0.022653347 0.059999995
v 0.139111117 -0.026155312 0.063202284
v 0.143552288 -0.032733504 0.059999995
v 0.139111117 -0.026155313 0.056797713
v 0.133767366 -0.035238698 0.059999995
v 0.126868993 -0.029191695 0.056898307
v 0.121760480 -0.057444356 0.063921273
v 0.135028377 -0.051032513 0.063101694
v 0.132219553 -0.058090679 0.059999995
v 0.124638855 -0.058580950 0.056898307
v 0.117740460 -0.064627960 0.059999995
v 0.112396725 -0.055544570 0.063202284
v 0.108406693 -0.061794993 0.059318621
v 0.108596668 -0.052042611 0.059999995
v 0.116670929 -0.050439194 0.056078725
v 0.119288273 -0.040292308 0.059999995
v 0.126868963 -0.039802037 0.056898307
v 0.126868963 -0.039802041 0.063101694
v 0.133767366 -0.033755027 0.059999995
v 0.143101126 -0.036588002 0.060681377
v 0.142911151 -0.046340376 0.059999995
v 0.139111102 -0.042838421 0.056797713
v 0.147089869 -0.051925030 0.063921273
v 0.164166391 -0.054874085 0.059999995
v 0.165909424 -0.070664652 0.059999995
v 0.160776705 -0.071264185 0.063202284
v 0.160503134 -0.079196513 0.059999995
v 0.160776705 -0.071264185 0.056797713
v 0.149087876 -0.066524900 0.063101694
v 0.151114464 -0.075471833 0.059999995
v 0.143243149 -0.061672464 0.059999995
v 0.149087891 -0.066524923 0.056898303
v 0.141500100 -0.045881897 0.059999995
v 0.147089869 -0.051925037 0.056078725
v 0.148897588 -0.043478310 0.062828422
v 0.147078723 -0.037880402 0.059318621
v 0.158321664 -0.050021634 0.063101687
v 0.156295061 -0.041074719 0.059999995
v 0.158321649 -0.050021630 0.056898307
vn 0.000000017 -0.000000007 1.000000000
vn -0.000002043 0.450434566 0.892809451
vn -0.000009648 0.914307714 0.405020088
vn 0.000004780 0.914311528 -0.405011714
vn 0.000000000 0.450433195 -0.892810166
vn 0.000000003 -0.000000007 -1.000000000
vn 0.318503916 0.318506688 0.892809451
vn 0.646506369 0.646520078 0.405020088
vn 0.646513939 0.646507204 -0.405028611
vn 0.318506271 0.318506181 -0.892808795
vn 0.450434536 0.000002026 0.892809570
vn 0.914307833 0.000009595 0.405020177
vn 0.914311528 -0.000004768 -0.405011714
vn 0.450433105 0.000000000 -0.892810166
vn 0.318506688 -0.318503827 0.892809510
vn 0.646520078 -0.646506429 0.405020177
vn 0.646507204 -0.646513939 -0.405028641
vn 0.318506241 -0.318506211 -0.892808795
vn 0.000002031 -0.450434536 0.892809451
vn 0.000009641 -0.914307833 0.405020207
vn -0.000004787 -0.914311528 -0.405011803
vn 0.000000000 -0.450433195 -0.892810166
vn -0.318503857 -0.318506718 0.892809451
vn -0.646506429 -0.646520078 0.405020207
vn -0.646513939 -0.646507204 -0.405028641
vn -0.318506211 -0.318506211 -0.892808795
vn -0.450434536 -0.000002026 0.892809570
vn -0.914307833 -0.000009595 0.405020177
vn -0.914311528 0.000004768 -0.405011714
vn -0.450433105 0.000000000 -0.892810166
vn -0.318506688 0.318503797 0.892809510
vn -0.646520078 0.646506429 0.405020177
vn -0.646507263 0.646513939 -0.405028671
vn -0.318506271 0.318506181 -0.892808795
vn 0.030558519 -0.977031052 0.210894659
vn 0.001443923 -0.046161864 0.998933017
vn -0.663352311 -0.742684364 -0.091562808
vn -0.692467988 0.188174486 0.696475804
vn -0.679349184 -0.231091067 -0.696478069
vn -0.708468258 0.699777901 0.091561861
vn -0.001441644 0.046162911 -0.998932958
vn -0.030560922 0.977031291 -0.210893050
vn 0.692468941 -0.188177928 -0.696473897
vn 0.663352191 0.742684782 0.091559902
vn 0.708468556 -0.699777603 -0.091562144
vn 0.679346740 0.231090575 0.696480572
vn -0.058120154 -0.420819640 0.905280590
vn -0.059431445 -0.432333916 0.899752915
vn -0.062258005 -0.382287443 0.921943843
vn -0.062751375 -0.386595368 0.920112073
vn -0.068504304 -0.291289687 0.954178929
vn -0.068503298 -0.291289836 0.954178989
vn -0.074214511 -0.178725243 0.981096148
vn -0.074213512 -0.178724736 0.981096208
vn -0.079623871 -0.044136833 0.995847404
vn -0.079623289 -0.044132810 0.995847583
vn -0.083607696 0.092815824 0.992166817
vn -0.083607346 0.092816427 0.992166817
vn -0.085787870 0.209897116 0.973952651
vn -0.085787959 0.209901690 0.973951638
vn -0.086701110 0.308579385 0.947238922
vn -0.085962713 0.313087195 0.945826054
vn -0.086048745 0.378333211 0.921661377
vn -0.084505580 0.387122035 0.918147802
vn -0.084275633 0.439853430 0.894106567
vn -0.812844157 -0.577457309 -0.076338373
vn -0.486647040 0.460384220 0.742442608
vn -0.442294300 0.632719159 -0.635643184
vn 0.437013626 -0.464061916 -0.770497024
vn 0.491716623 -0.622472584 0.608886361
vn 0.812765002 0.579856992 0.056381758
vn -0.229568660 -0.302620232 0.925050914
vn -0.238003716 -0.310388982 0.920333087
vn -0.207614735 -0.271093726 0.939895988
vn -0.210752681 -0.274001181 0.938353181
vn -0.153923795 -0.198923275 0.967851818
vn -0.153921649 -0.198921055 0.967852533
vn -0.087210074 -0.110840298 0.990004539
vn -0.087207958 -0.110840149 0.990004718
vn -0.007815952 -0.006084882 0.999950945
vn -0.007809149 -0.006080976 0.999951005
vn 0.072855525 0.100279346 0.992288351
vn 0.072858959 0.100279868 0.992288113
vn 0.141767532 0.191077799 0.971283317
vn 0.141767532 0.191075623 0.971283793
vn 0.202951267 0.271645695 0.940754771
vn 0.199913278 0.268805325 0.942219913
vn 0.245212302 0.328393370 0.912156105
vn 0.239234030 0.322866201 0.915709853
vn 0.275932401 0.371005237 0.886688471
vn -0.839479625 -0.177637145 0.513535738
vn 0.236087412 0.361429930 0.902015150
vn -0.429996789 -0.214267045 -0.877036214
vn -0.179713711 0.915412545 -0.360170722
vn 0.276584089 -0.950986505 0.138296351
vn 0.965831697 0.032335311 -0.257145017
vn 0.369334012 -0.299804032 0.879607856
vn 0.375628322 -0.312204093 0.872600734
vn 0.342115492 -0.268327951 0.900531650
vn 0.344540119 -0.272981584 0.898205519
vn 0.277429432 -0.188924044 0.941987634
vn 0.277435005 -0.188926458 0.941985488
vn 0.193581238 -0.086642437 0.977250993
vn 0.193582684 -0.086643249 0.977250576
vn 0.089802198 0.036337733 0.995296538
vn 0.089801870 0.036337227 0.995296597
vn -0.018197993 0.160477251 0.986871779
vn -0.018197872 0.160477102 0.986871839
vn -0.110714599 0.263791144 0.958204865
vn -0.110717230 0.263793468 0.958203971
vn -0.190827116 0.350904137 0.916761339
vn -0.188063696 0.346591145 0.918970406
vn -0.246610686 0.408843845 0.878652394
vn -0.241323918 0.400632679 0.883887112
vn -0.287646353 0.449214011 0.845852435
vn -0.271117777 -0.953815401 -0.129349738
vn -0.796158969 -0.061869945 0.601916254
vn 0.644296288 -0.041376039 -0.763655961
vn -0.519044816 0.452140957 -0.725369632
vn 0.740219355 -0.241656467 0.627437234
vn 0.253113300 0.895411253 0.366295516
vn 0.843935728 -0.506610572 0.176404133
vn 0.069679804 -0.041831110 0.996691942
vn 0.262334436 -0.957874298 -0.116865329
vn -0.511927664 -0.493088603 0.703415751
vn -0.194480762 -0.683657169 -0.703413248
vn -0.968730152 -0.218871847 0.116863251
vn -0.069679067 0.041825626 -0.996692240
vn -0.843932688 0.506615758 -0.176403746
vn 0.511923313 0.493087083 -0.703420043
vn -0.262327671 0.957876086 0.116865665
vn 0.968729436 0.218871549 -0.116869643
vn 0.194469094 0.683654606 0.703418970
vn 0.296975940 -0.207926676 0.931971967
vn 0.302009046 -0.212137744 0.929402053
vn 0.272823811 -0.194711000 0.942154348
vn 0.274684310 -0.196262881 0.941291332
vn 0.220527411 -0.164424822 0.961421967
vn 0.220529631 -0.164425641 0.961421311
vn 0.160141587 -0.128748938 0.978661597
vn 0.160136610 -0.128748983 0.978662312
vn 0.089539304 -0.086816914 0.992192268
vn 0.089534260 -0.086818010 0.992192686
vn 0.017809343 -0.043980476 0.998873651
vn 0.017804634 -0.043980353 0.998873711
vn -0.044994298 -0.006283242 0.998967469
vn -0.044998366 -0.006282559 0.998967350
vn -0.103951968 0.029270329 0.994151473
vn -0.102042794 0.027665934 0.994395196
vn -0.147286549 0.055077828 0.987559199
vn -0.143404111 0.051804069 0.988307476
vn -0.181435302 0.074935719 0.980543673
vn 0.197312638 -0.869777143 0.452278048
vn -0.409477264 0.211188614 0.887540340
vn 0.343461573 -0.320195407 -0.882898092
vn -0.879457355 -0.284257263 -0.381775826
vn 0.907292604 0.361888200 0.214142695
vn -0.127011374 0.952113211 -0.278116345
vn 0.155597866 -0.281487644 0.946865380
vn 0.157171294 -0.291005135 0.943723083
vn 0.142973334 -0.248814285 0.957940578
vn 0.143573046 -0.252336830 0.956928909
vn 0.116067745 -0.173946381 0.977891147
vn 0.116069339 -0.173943847 0.977891266
vn 0.084227107 -0.084557302 0.992852330
vn 0.084228836 -0.084557317 0.992852271
vn 0.046260558 0.020264920 0.998723865
vn 0.046259813 0.020268440 0.998723865
vn 0.007244463 0.126107484 0.991990149
vn 0.007243667 0.126108900 0.991989970
vn -0.026814096 0.216986850 0.975806177
vn -0.026816156 0.216990620 0.975805342
vn -0.055941571 0.295571923 0.953681111
vn -0.058154844 0.299353302 0.952368498
vn -0.075602822 0.350597948 0.933469534
vn -0.080054611 0.358081013 0.930252254
vn -0.096251078 0.403485775 0.909909427
vn 0.262316316 -0.630110562 0.730856240
vn 0.368223488 0.628870368 0.684787273
vn -0.531737447 -0.730575264 -0.428386629
vn -0.925725579 0.217438251 0.309439600
vn 0.820017159 -0.215686843 -0.530142546
vn -0.031044792 0.706459045 -0.707072794
vn 0.440215051 0.090491705 0.893320739
vn 0.453099072 0.089659326 0.886939943
vn 0.400437951 0.083641894 0.912498593
vn 0.405284792 0.083357930 0.910382092
vn 0.303820550 0.070282944 0.950133443
vn 0.303821474 0.070283778 0.950132966
vn 0.181178927 0.054007258 0.981966078
vn 0.181183010 0.054007363 0.981965423
vn 0.033076786 0.033725426 0.998883724
vn 0.033083517 0.033725329 0.998883426
vn -0.118194856 0.012332497 0.992913902
vn -0.118191667 0.012332540 0.992914259
vn -0.246544257 -0.006364608 0.969110608
vn -0.246548504 -0.006364984 0.969109535
vn -0.357952416 -0.023030464 0.933455765
vn -0.353149086 -0.023149377 0.935280621
vn -0.434465379 -0.035572410 0.899985790
vn -0.425191313 -0.035832483 0.904393852
vn -0.489884853 -0.045779802 0.870584369
vn 0.698751211 -0.688413978 0.194507122
vn -0.742261648 -0.101862729 0.662322938
vn 0.406752110 0.157645628 -0.899833739
vn -0.902753890 -0.124203607 -0.411835939
vn 0.531082094 0.728710830 0.432356745
vn 0.916193664 0.344475240 0.204758242
vn 0.049097870 0.018461863 0.998623312
vn 0.916382790 -0.388599962 -0.096086651
vn 0.049286731 -0.714615583 0.697778940
vn 0.433741063 -0.570062578 -0.697780311
vn -0.433351368 -0.896088600 0.096083321
vn -0.049096406 -0.018456440 -0.998623490
vn -0.916191399 -0.344481647 -0.204758123
vn -0.049293626 0.714621365 -0.697772503
vn -0.916384339 0.388598263 0.096078649
vn 0.433358341 0.896085322 -0.096081786
vn -0.433744729 0.570065200 0.697775841
vn 0.481356949 0.267188251 0.834808826
vn 0.494821548 0.268503934 0.826472819
vn 0.443646252 0.253301173 0.859660804
vn 0.448750108 0.253863335 0.856841207
vn 0.348824620 0.221636638 0.910603404
vn 0.348829716 0.221637115 0.910601377
vn 0.224977836 0.179745615 0.957641125
vn 0.224981606 0.179745734 0.957640231
vn 0.073159344 0.125814125 0.989352584
vn 0.073167726 0.125815928 0.989351749
vn -0.082747333 0.067683853 0.994269550
vn -0.082744174 0.067683637 0.994269788
vn -0.214717537 0.016302576 0.976540148
vn -0.214711994 0.016303655 0.976541400
vn -0.321900755 -0.026994076 0.946388602
vn -0.327212960 -0.028157750 0.944531024
vn -0.396273106 -0.056914553 0.916366994
vn -0.406422436 -0.059177693 0.911766946
vn -0.460218430 -0.082285121 0.883984268
vn 0.827548444 -0.518757880 0.214601636
vn -0.327910811 -0.441585451 0.835150778
vn 0.395596892 0.253904849 -0.882629931
vn -0.415596724 -0.700519741 -0.580130577
vn 0.349953055 0.820189714 0.452572405
vn -0.825238168 0.557075083 -0.093001775
vn 0.464598060 -0.230846122 0.854902744
vn 0.477055401 -0.237187535 0.846262515
vn 0.423744440 -0.221733689 0.878222525
vn 0.428488344 -0.224145874 0.875303626
vn 0.323149621 -0.193969160 0.926256061
vn 0.323153526 -0.193970039 0.926254511
vn 0.191665024 -0.154368982 0.969244421
vn 0.191659734 -0.154368654 0.969245553
vn 0.030555716 -0.103250124 0.994186044
vn 0.030546784 -0.103248045 0.994186461
vn -0.134419829 -0.048097927 0.989756465
vn -0.134423226 -0.048097555 0.989756107
vn -0.272711217 0.000376433 0.962095916
vn -0.272716254 0.000378014 0.962094426
vn -0.382717222 0.041782238 0.922920287
vn -0.389063418 0.042904399 0.920211315
vn -0.454859644 0.071476467 0.887690187
vn -0.466893971 0.073628180 0.881242871
vn -0.522079170 0.097405948 0.847316623
vn 0.636591852 -0.242933154 0.731938779
vn -0.295867950 0.523380518 0.799083889
vn 0.238812625 -0.813463807 -0.530325532
vn -0.790777385 -0.610769689 0.040392324
vn 0.713565230 0.554401755 -0.428326219
vn -0.480437011 0.645851910 -0.593342841
vn 0.174884617 0.452831805 0.874276161
vn 0.186245069 0.464294046 0.865877509
vn 0.152535394 0.413863868 0.897468448
vn 0.156802997 0.418270856 0.894685626
vn 0.091883279 0.316146404 0.944250524
vn 0.091884598 0.316148788 0.944249511
vn 0.010597684 0.184305698 0.982811868
vn 0.010598591 0.184304520 0.982812047
vn -0.087020509 0.020370798 0.995998204
vn -0.087022141 0.020364854 0.995998204
vn -0.183338046 -0.147659630 0.971897066
vn -0.183338478 -0.147659957 0.971896887
vn -0.259891301 -0.286377668 0.922195435
vn -0.259891212 -0.286375433 0.922196209
vn -0.319798797 -0.398976237 0.859387457
vn -0.316231400 -0.394585043 0.862728477
vn -0.356736958 -0.473267943 0.805454016
vn -0.350174993 -0.465201765 0.812997460
vn -0.380194455 -0.524629533 0.761719108
vn 0.685463130 0.369428575 0.627425551
vn -0.477292478 -0.224710703 0.849527538
vn 0.627612770 0.155969232 -0.762742400
vn 0.404814005 -0.911498785 -0.072770424
vn -0.435879320 0.890726209 -0.128903270
vn -0.771269619 -0.307596505 -0.557250082
vn 0.313478798 0.949590325 -0.003040465
vn 0.081117794 0.245711416 0.965942979
vn 0.866487384 0.435639381 -0.243758067
vn 0.634118080 -0.268245310 0.725216389
vn 0.669187844 -0.162010238 -0.725217462
vn 0.436822802 -0.865890205 0.243762225
vn -0.081115499 -0.245711058 -0.965943277
vn -0.313482344 -0.949589193 0.003038378
vn -0.634118915 0.268241107 -0.725217164
vn -0.866487205 -0.435637414 0.243762016
vn -0.436823159 0.865890145 -0.243762091
vn -0.669189692 0.162010610 0.725215673
vn 0.047878049 0.315297574 0.947784364
vn 0.053516854 0.325397193 0.944061816
vn 0.036407933 0.277936965 0.959909201
vn 0.038484477 0.281698167 0.958731055
vn 0.007589635 0.192009076 0.981363833
vn 0.007590094 0.192011714 0.981363356
vn -0.027591597 0.087917313 0.995745659
vn -0.027591113 0.087917976 0.995745599
vn -0.068195924 -0.034853559 0.997062981
vn -0.068194389 -0.034849264 0.997063279
vn -0.108081535 -0.158367813 0.981446922
vn -0.108083233 -0.158367664 0.981446743
vn -0.141152605 -0.263210356 0.954356551
vn -0.141153276 -0.263207793 0.954357147
vn -0.168396324 -0.351492763 0.920921028
vn -0.170290902 -0.355229825 0.919137001
vn -0.187905043 -0.413497776 0.890904784
vn -0.191595212 -0.420761496 0.886707902
vn -0.205539808 -0.467909425 0.859542966
vn 0.177028224 0.632566035 0.754003465
vn -0.686246336 -0.284512341 0.669416726
vn 0.874910235 0.254769981 -0.411854982
vn 0.589228451 -0.753322542 0.292087287
vn -0.505243063 0.692901134 -0.514409781
vn -0.406398982 -0.549227655 -0.730197847
vn 0.484688133 0.308490783 0.818480790
vn 0.499225825 0.313861728 0.807628870
vn 0.450108081 0.282866538 0.846988320
vn 0.455687076 0.284976363 0.843289912
vn 0.356296271 0.220357046 0.908017457
vn 0.356299341 0.220359057 0.908015788
vn 0.224657670 0.135056362 0.965033054
vn 0.224660546 0.135056689 0.965032279
vn 0.058147136 0.027546473 0.997927904
vn 0.058155891 0.027550498 0.997927368
vn -0.114309773 -0.083384775 0.989939570
vn -0.114305757 -0.083384387 0.989939988
vn -0.256928444 -0.174800068 0.950490773
vn -0.256925046 -0.174798012 0.950492084
vn -0.371629357 -0.248082072 0.894621134
vn -0.365888476 -0.245837405 0.897602141
vn -0.445651621 -0.296703696 0.844607353
vn -0.435006142 -0.292684436 0.851531267
vn -0.495002538 -0.330603987 0.803538084
vn 0.724992871 0.111608028 0.679653645
vn -0.527163327 0.015730636 0.849618375
vn 0.660597265 -0.181295648 -0.728521168
vn -0.049700197 -0.996104896 -0.072835468
vn 0.008703113 0.969714582 -0.244086161
vn -0.826939642 0.074220955 -0.557370722
vn -0.178334206 0.401249588 0.898440719
vn -0.180499464 0.414778829 0.891840041
vn -0.162213847 0.362704664 0.917677522
vn -0.163059384 0.367797613 0.915497959
vn -0.126180783 0.267381489 0.955293477
vn -0.126180828 0.267385364 0.955292344
vn -0.080821820 0.145138606 0.986104727
vn -0.080820635 0.145139232 0.986104846
vn -0.025418600 -0.002491663 0.999673784
vn -0.025420327 -0.002486411 0.999673843
vn 0.031578556 -0.152564943 0.987788856
vn 0.031578425 -0.152565882 0.987788737
vn 0.080011994 -0.278647751 0.957054615
vn 0.080012873 -0.278652638 0.957053065
vn 0.121796407 -0.386288494 0.914301276
vn 0.120847128 -0.381392747 0.916479945
vn 0.151252165 -0.459050238 0.875440300
vn 0.149485245 -0.449687839 0.880587935
vn 0.173439860 -0.510765612 0.842043519
vn 0.296849936 0.804508567 0.514437735
vn -0.362076849 -0.631832063 0.685338378
vn 0.928337455 -0.205709845 0.309634000
vn 0.047847286 0.477085859 -0.877553225
vn 0.038339492 -0.705264270 -0.707907081
vn -0.952717602 0.270261645 0.138880312
vn -0.649499118 0.714697659 0.259534627
vn 0.002586963 -0.002850205 0.999992669
vn 0.020084089 0.998265207 -0.055346422
vn 0.672177136 0.280721456 0.685108304
vn 0.343539417 0.642346144 -0.685107350
vn 0.995631397 -0.075203098 0.055341408
vn -0.002585702 0.002847087 -0.999992669
vn 0.649504066 -0.714693964 -0.259532273
vn -0.672175109 -0.280726194 -0.685108364
vn -0.020089593 -0.998265386 0.055342481
vn -0.995631754 0.075198516 -0.055341106
vn -0.343547165 -0.642341018 0.685108364
vn -0.287491262 0.291683644 0.912288010
vn -0.295185983 0.304489791 0.905622005
vn -0.256418824 0.260217100 0.930879474
vn -0.259341329 0.265025705 0.928710639
vn -0.182802781 0.179976508 0.966535866
vn -0.182804599 0.179978296 0.966535211
vn -0.088788912 0.075941630 0.993151248
vn -0.088787682 0.075942121 0.993151307
vn 0.024757780 -0.049119979 0.998485982
vn 0.024753995 -0.049115580 0.998486280
vn 0.139176726 -0.174503207 0.974770963
vn 0.139174387 -0.174502224 0.974771500
vn 0.233968511 -0.277865410 0.931691766
vn 0.233965442 -0.277862757 0.931693316
vn 0.308072567 -0.359998226 0.880620539
vn 0.312955499 -0.363593698 0.877415776
vn 0.355563194 -0.414704919 0.837612391
vn 0.364819169 -0.421355724 0.830280960
vn 0.400704235 -0.463133991 0.790533364
vn -0.290727705 0.793334424 -0.534881175
vn 0.531531334 -0.136617228 0.835948646
vn 0.803063095 -0.121774904 -0.583318591
vn -0.832037032 0.441525370 0.335812330
vn -0.215277612 -0.971864223 -0.095580585
vn 0.000140703 0.490441322 0.871474266
vn 0.002400879 0.507152021 0.861853302
vn 0.006398342 0.444480121 0.895765841
vn 0.007239679 0.450884223 0.892553091
vn 0.016561305 0.323845267 0.945965111
vn 0.016561355 0.323840737 0.945966661
vn 0.027731458 0.156922385 0.987221539
vn 0.027731163 0.156921938 0.987221658
vn 0.040105332 -0.050597720 0.997913599
vn 0.040105071 -0.050590776 0.997913897
vn 0.050953604 -0.260381281 0.964160442
vn 0.050953809 -0.260380685 0.964160621
vn 0.058336634 -0.428759634 0.901533246
vn 0.058336534 -0.428753734 0.901535988
vn 0.063078105 -0.559355140 0.826524675
vn 0.064134233 -0.553534150 0.830353379
vn 0.066802152 -0.641830087 0.763931692
vn 0.068927288 -0.631366193 0.772415519
vn 0.070298992 -0.695988894 0.714603007
vn -0.068059430 0.679344416 0.730656624
vn 0.720507503 0.545833468 -0.427708834
vn 0.587525666 -0.431195468 0.684751153
vn -0.721856058 0.444614917 -0.530322015
vn 0.252281845 -0.661436260 -0.706297338
vn -0.762886465 -0.567359149 0.310012728
vn -0.461712480 0.038172577 0.886207879
vn -0.471887469 0.037980244 0.880840361
vn -0.417153984 0.030702749 0.908317089
vn -0.421015531 0.030639071 0.906535864
vn -0.316349506 0.013650128 0.948544502
vn -0.316346079 0.013649606 0.948545635
vn -0.187235951 -0.007531876 0.982286096
vn -0.187231228 -0.007531757 0.982286990
vn -0.030363236 -0.032367002 0.999014735
vn -0.030361092 -0.032367118 0.999014795
vn 0.129995257 -0.056781404 0.989887416
vn 0.129993930 -0.056781560 0.989887655
vn 0.265299112 -0.076600179 0.961118519
vn 0.265295804 -0.076599516 0.961119473
vn 0.375455230 -0.092161916 0.922247052
vn 0.380406618 -0.093781583 0.920052111
vn 0.451304257 -0.103477061 0.886350334
vn 0.460731566 -0.106594242 0.881115258
vn 0.516188323 -0.113851458 0.848874211
vn -0.555478692 0.654008210 0.513533652
vn 0.430219054 -0.035807647 0.902014077
vn -0.392968297 0.276371866 -0.877037346
vn 0.719824016 0.593406737 -0.360169142
vn -0.705054641 -0.695538819 0.138288721
vn 0.487742633 -0.834258914 -0.257136643
vn -0.987029970 0.160424873 -0.005989792
vn -0.258214921 0.041967805 0.965175509
vn -0.565623462 0.787184119 -0.245786950
vn 0.163190648 0.668723404 0.725381136
vn 0.057005793 0.685988367 -0.725375950
vn 0.785809517 0.567531466 0.245787799
vn 0.258213282 -0.041967519 -0.965175986
vn 0.987030208 -0.160423040 0.005987469
vn -0.163187966 -0.668723285 -0.725381911
vn 0.565623641 -0.787184238 0.245786116
vn -0.785809517 -0.567531109 -0.245788157
vn -0.057006817 -0.685987294 0.725376964
vn -0.393094420 -0.019546615 0.919290304
vn -0.399609894 -0.017049743 0.916526794
vn -0.365066260 -0.024238342 0.930665910
vn -0.367479235 -0.023328908 0.929739058
vn -0.303292274 -0.035770148 0.952226043
vn -0.303292215 -0.035769779 0.952226043
vn -0.231147990 -0.049233310 0.971672118
vn -0.231147185 -0.049233053 0.971672356
vn -0.146297768 -0.064405873 0.987141788
vn -0.146305636 -0.064405195 0.987140656
vn -0.059684284 -0.079191677 0.995071113
vn -0.059689995 -0.079191245 0.995070815
vn 0.016355243 -0.091603875 0.995661259
vn 0.016360272 -0.091604002 0.995661139
vn 0.084259599 -0.102781996 0.991128743
vn 0.087749369 -0.102775380 0.990826607
vn 0.132784352 -0.111204796 0.984886706
vn 0.139878839 -0.111152939 0.983910084
vn 0.181076124 -0.118248768 0.976334393
vn -0.411379874 0.908261716 -0.076336369
vn 0.544949412 0.389633238 0.742439270
vn 0.705609798 0.313147306 -0.635652065
vn -0.539063454 -0.340217471 -0.770494998
vn -0.705006123 -0.363622129 0.608888566
vn 0.413749248 -0.908643723 0.056375369
vn -0.412947744 0.460915446 0.785513282
vn -0.421961725 0.467286527 0.776911616
vn -0.382848680 0.427701414 0.818839669
vn -0.386323869 0.430209607 0.815888226
vn -0.311280310 0.347645313 0.884447455
vn -0.311273634 0.347644001 0.884450376
vn -0.212227404 0.236858994 0.948080957
vn -0.212222368 0.236859575 0.948081791
vn -0.086247943 0.095975608 0.991640031
vn -0.086241879 0.095970444 0.991641045
vn 0.045665901 -0.051527333 0.997626960
vn 0.045667950 -0.051528551 0.997626841
vn 0.156526685 -0.175476357 0.971960664
vn 0.156527117 -0.175474361 0.971960902
vn 0.243180081 -0.272349328 0.930961430
vn 0.246395245 -0.277654439 0.928545952
vn 0.300719917 -0.338436276 0.891643703
vn 0.306637496 -0.348375380 0.885781050
vn 0.347455025 -0.393772274 0.851010263
vn -0.477085501 0.488094181 0.730858147
vn -0.109050147 -0.720541716 0.684782982
vn 0.223240510 0.875584602 -0.428387046
vn 0.940408468 0.140984148 0.309443951
vn -0.841575384 -0.103455208 -0.530139685
vn 0.290552020 -0.644695878 -0.707069099
vn -0.385805994 -0.224214733 0.894919872
vn -0.399371982 -0.228785247 0.887783349
vn -0.349717349 -0.201241180 0.914986312
vn -0.354835480 -0.202990651 0.912626207
vn -0.258604139 -0.148053557 0.954570055
vn -0.258606464 -0.148051843 0.954569697
vn -0.139993057 -0.080330379 0.986888587
vn -0.139996648 -0.080330461 0.986888051
vn 0.004008663 0.001899203 0.999990225
vn 0.003999127 0.001896285 0.999990225
vn 0.150456563 0.085537866 0.984909236
vn 0.150454029 0.085537523 0.984909654
vn 0.272835702 0.155439481 0.949420512
vn 0.272835284 0.155438036 0.949420869
vn 0.370931566 0.211475030 0.904261112
vn 0.375946641 0.213226885 0.901775122
vn 0.438334525 0.248859331 0.863673449
vn 0.447838336 0.252089620 0.857841313
vn 0.495883435 0.279672682 0.822121024
vn -0.577113867 -0.364390701 0.730861902
vn 0.681767642 -0.257404894 0.684788704
vn -0.809490502 0.401509404 -0.428386867
vn 0.058906049 0.949091733 0.309443265
vn -0.074926868 -0.844593942 -0.530138731
vn 0.691217840 0.149228647 -0.707070529
vn -0.685564578 -0.727829695 -0.016286684
vn -0.186178818 -0.197661862 0.962427855
vn -0.967162669 -0.025934076 -0.252831578
vn -0.467780322 0.504239082 0.725895762
vn -0.531293869 0.436810106 -0.725895107
vn -0.031910229 0.966985047 0.252827674
vn 0.186178610 0.197662175 -0.962427795
vn 0.685563624 0.727830470 0.016288279
vn 0.467779547 -0.504236460 -0.725898027
vn 0.967163324 0.025929488 0.252829403
vn 0.031911626 -0.966985345 -0.252826333
vn 0.531292200 -0.436808586 0.725897372
vn -0.287291855 -0.307865113 0.907018483
vn -0.295613706 -0.314006656 0.902226329
vn -0.263533503 -0.280641943 0.922924817
vn -0.266631424 -0.282944500 0.921330690
vn -0.206630111 -0.219239131 0.953539908
vn -0.206632137 -0.219240889 0.953539073
vn -0.136731133 -0.145027265 0.979934514
vn -0.136731490 -0.145027012 0.979934514
vn -0.053464424 -0.056624576 0.996963024
vn -0.053461459 -0.056621425 0.996963322
vn 0.031484518 0.033562500 0.998940647
vn 0.031485163 0.033563107 0.998940527
vn 0.104816563 0.111414470 0.988230944
vn 0.104815058 0.111412883 0.988231242
vn 0.170998231 0.181674987 0.968376875
vn 0.167898908 0.179311931 0.969359219
vn 0.217523590 0.231965840 0.948090374
vn 0.211369812 0.227305979 0.950607598
vn 0.252026767 0.270360053 0.929186702
vn -0.841322541 -0.072864808 0.535599709
vn 0.292837054 0.354935676 0.887844086
vn -0.469456404 -0.186666071 -0.862998545
vn -0.091087230 0.919831395 -0.381593168
vn 0.178303167 -0.971166790 0.158250228
vn 0.957330585 -0.078863315 -0.278026551
vn -0.516269267 -0.046166740 0.855181098
vn -0.531337023 -0.045346163 0.845946014
vn -0.473892957 -0.037224963 0.879795313
vn -0.479647636 -0.036935862 0.876683474
vn -0.365059972 -0.019588521 0.930777907
vn -0.365067482 -0.019589104 0.930774927
vn -0.218408406 0.001832703 0.975855768
vn -0.218412250 0.001832576 0.975854814
vn -0.036542617 0.027337000 0.998958111
vn -0.036544897 0.027336994 0.998958051
vn 0.150191218 0.052378338 0.987268567
vn 0.150188789 0.052378245 0.987268865
vn 0.305394948 0.072283417 0.949478328
vn 0.305395365 0.072283894 0.949478149
vn 0.433026195 0.087962598 0.897079051
vn 0.427266747 0.088366993 0.899796903
vn 0.517237723 0.099023685 0.850093782
vn 0.506488442 0.099919878 0.856437683
vn 0.575228751 0.107637361 0.810879827
vn -0.700743794 0.673988760 0.233874470
vn 0.378190756 0.533226132 0.756730914
vn -0.418040514 -0.070552438 -0.905684650
vn 0.598551154 0.512362897 -0.615809143
vn -0.530846298 -0.743483245 0.406736791
vn 0.659341097 -0.748242080 0.073505990
vn -0.061402459 -0.512754261 0.856336832
vn -0.065505810 -0.527707756 0.846896410
vn -0.061287381 -0.468792230 0.881179690
vn -0.062830523 -0.474512547 0.878003538
vn -0.055561978 -0.356236130 0.932742536
vn -0.055562671 -0.356233507 0.932743609
vn -0.045424759 -0.203894719 0.977938414
vn -0.045425683 -0.203895465 0.977938294
vn -0.031782981 -0.014852407 0.999384463
vn -0.031783286 -0.014852148 0.999384403
vn -0.016673200 0.178567573 0.983786345
vn -0.016673570 0.178568602 0.983786166
vn -0.003300438 0.338046968 0.941123486
vn -0.003300759 0.338051319 0.941121876
vn 0.007256666 0.466951251 0.884253383
vn 0.007750936 0.462114900 0.886786163
vn 0.013534635 0.553436160 0.832781613
vn 0.014505980 0.544519782 0.838622570
vn 0.019151056 0.609452784 0.792591035
vn 0.578273296 0.761605978 0.292500347
vn -0.375784546 -0.734919429 -0.564516962
vn -0.456046790 0.889009833 -0.041020695
vn 0.254671544 -0.915522337 0.311386257
vn 0.470218360 -0.440228403 0.764914215
vn -0.419519484 0.392762542 0.818377078
vn -0.011469193 -0.929323852 0.369087517
vn -0.901202738 -0.096329115 0.422556877
vn -0.036826238 -0.905585647 -0.422561795
vn -0.926554739 -0.072599247 -0.369087636
vn 0.419518203 -0.392764091 -0.818376958
vn -0.470216691 0.440226793 -0.764916003
vn 0.901202559 0.096327610 -0.422557861
vn 0.011468585 0.929323971 -0.369087279
vn 0.926554501 0.072598428 0.369088322
vn 0.036825553 0.905585349 0.422562510
vn -0.004678880 -0.001983895 0.999987066
vn -0.558834791 -0.239676923 0.793888390
vn -0.008147648 -0.548713565 0.835970819
vn 0.509626329 -0.232017696 0.828522086
vn 0.589446843 0.262789786 0.763867736
vn 0.197654456 0.520843983 0.830454350
vn -0.390105844 0.382846415 0.837404490
vn -0.703974187 0.115661435 0.700744510
vn -0.157930046 -0.678663433 0.717268467
vn 0.266854435 -0.641792834 0.718951166
vn 0.534730017 -0.460838348 0.708302140
vn 0.707774639 -0.093445979 0.700230598
vn 0.439372241 0.572891295 0.691915929
vn 0.062089160 0.711820602 0.699611664
vn -0.213303164 0.675413191 0.705917001
vn -0.494546950 -0.517120719 0.698576748
vn 0.753795385 -0.323760808 0.571814179
vn -0.547507942 0.472250074 0.690807402
vn -0.807096541 0.101084858 0.581701815
vn -0.753234684 -0.324956536 0.571874738
vn -0.412931889 -0.712156057 0.567733169
vn 0.134251952 -0.861237407 0.490149468
vn 0.437707007 -0.708484173 0.553590834
vn 0.798652470 0.196386501 0.568846703
vn 0.513962448 0.692343891 0.506460786
vn 0.202899307 0.798107564 0.567323744
vn -0.296711057 0.766334772 0.569818854
vn -0.652362764 0.493661404 0.575083733
vn -0.461583942 -0.821343184 0.335165083
vn -0.110041916 -0.923080206 0.368529141
vn 0.734418094 -0.566952884 0.373087764
vn 0.892846286 -0.253711045 0.372097224
vn 0.924420774 0.102732673 0.367277026
vn 0.740984499 0.558691740 0.372566074
vn 0.001271055 0.930964708 0.365107089
vn -0.654209495 0.666582763 0.357319653
vn -0.924195290 -0.128396541 0.359690666
vn -0.744687736 -0.562270105 0.359572738
vn 0.325919628 -0.863948405 0.383887440
vn 0.380298823 0.847166538 0.371054858
vn -0.357609987 0.862632036 0.357744396
vn -0.870089352 0.331505746 0.364758044
vn 0.000385567 -0.996776760 0.080224976
vn 0.965520144 -0.238314033 0.104772985
vn 0.985875785 0.131743222 0.103406034
vn 0.691920698 0.712955832 0.113752857
vn -0.011058792 0.997828603 0.064929970
vn -0.234347492 0.968813777 0.080506295
vn -0.856968045 0.506254733 0.096497968
vn -0.987032712 -0.124337964 0.101521738
vn -0.879580796 -0.474545091 0.033833236
vn -0.694492340 -0.717452645 0.054240771
vn -0.499593496 -0.856908262 0.126943365
vn -0.262660205 -0.964811981 0.012149948
vn 0.267870098 -0.963124037 0.025251586
vn 0.611403346 -0.783335567 0.112122484
vn 0.864159107 -0.501285791 0.044063881
vn 0.871547520 0.486255080 0.062935688
vn 0.516977012 0.854113698 0.056786519
vn 0.249702945 0.968066573 0.022260711
vn -0.507291675 0.861339688 0.027373256
vn -0.713585675 0.697514236 0.065340482
vn -0.968961060 0.242367297 0.048709869
vn -0.939083457 0.003634243 -0.343669951
vn -0.902981460 -0.241750434 -0.355219930
vn -0.479260743 -0.807127953 -0.344751507
vn 0.428600609 -0.833900690 -0.347723007
vn 0.663867176 -0.676305115 -0.319204897
vn 0.905373573 -0.249611601 -0.343500644
vn 0.941834986 -0.006508113 -0.336012751
vn 0.912765026 0.258113056 -0.316603541
vn 0.651830792 0.685417652 -0.324529439
vn -0.801603854 0.480982184 -0.355087668
vn -0.699918687 -0.588724971 -0.404372126
vn 0.801151156 -0.439495057 -0.406203091
vn 0.798999488 0.451594859 -0.397066891
vn -0.010669773 0.923662186 -0.383059144
vn -0.649667144 0.655684888 -0.384720564
vn -0.896486282 0.241104931 -0.371726692
vn -0.222580060 -0.901947320 -0.370066404
vn 0.123463340 -0.906853497 -0.402956009
vn 0.372460037 0.844651818 -0.384495616
vn -0.330425948 0.868036985 -0.370581388
vn -0.518228829 0.122279063 -0.846455395
vn -0.458106995 -0.269122064 -0.847178459
vn -0.093174748 -0.533933163 -0.840377271
vn 0.375275105 -0.385407209 -0.842988670
vn 0.534574747 0.007151107 -0.845090926
vn 0.406701326 0.330303818 -0.851759136
vn 0.127872020 0.509905875 -0.850673199
vn -0.272829413 0.460788816 -0.844534099
vn 0.000044409 0.000057692 -1.000000000
vn -0.421856910 -0.055666175 0.904952049
vn -0.263566136 0.503426790 0.822857559
vn -0.260204166 0.517404497 -0.815221667
vn 0.663207531 0.098849103 0.741879106
vn 0.330772698 0.108495645 -0.937452972
vn 0.948983610 0.314290583 -0.025525309
vn 0.369218379 -0.457241803 -0.809078336
vn 0.257193804 -0.508273065 0.821894169
vn 0.172319025 -0.984778881 -0.022734215
vn -0.678842545 -0.135926694 -0.721593261
vn -0.942979336 -0.332847625 -0.001544457
vn -0.188005358 0.982168078 0.000000706
vn -0.271738350 -0.442662448 0.854522228
vn -0.413790464 0.333176225 0.847213686
vn -0.560235500 -0.095098197 -0.822856426
vn 0.382613122 0.689390719 0.615099788
vn 0.026455482 0.999626040 0.006920394
vn 0.110929854 0.661295414 -0.741877973
vn 0.562871814 0.087537445 -0.821895659
vn 0.397479624 -0.350943118 0.847849548
vn 0.992286682 -0.116539232 -0.042258549
vn -0.077419564 -0.418414026 -0.904950857
vn -0.038289849 -0.999078035 -0.019420093
vn -0.994180441 0.103893571 -0.028486408
vn 0.374009818 -0.202924952 0.904952049
vn -0.082676381 -0.562202454 0.822856605
vn -0.425210983 -0.905094266 -0.000003335
vn -0.952514708 0.303462297 -0.025029205
vn -0.594647825 0.309850842 0.741880357
vn -0.374008626 0.202925190 -0.904952526
vn 0.090680234 0.562376559 0.821893990
vn 0.082675248 0.562202513 -0.822856665
vn 0.425204694 0.905097246 -0.000000445
vn 0.594649434 -0.309851617 -0.741878748
vn 0.952515364 -0.303460091 0.025028870
vn -0.090678565 -0.562374592 -0.821895421
vn -0.374010324 -0.202928454 0.904951096
vn 0.082677759 -0.562200427 0.822857976
vn 0.082677320 -0.562200487 -0.822857976
vn 0.425207376 -0.905096054 -0.000001491
vn -0.374009460 -0.202927008 -0.904951692
vn -0.950434446 -0.310925007 0.000000327
vn -0.090680167 0.562375307 0.821894825
vn -0.090679742 0.562373936 -0.821895838
vn -0.425203681 0.905097723 -0.000000405
vn 0.594647825 0.309853047 -0.741879404
vn 0.594648719 0.309852391 0.741878927
vn 0.955049992 0.296444744 -0.000001670
vn 0.029702237 -0.460359275 0.887235701
vn 0.548111975 -0.049483109 0.834939957
vn 0.552344143 -0.047569770 -0.832257867
vn 0.988445938 0.151574403 0.000000598
vn 0.331427574 -0.942202091 -0.049103502
vn -0.293624371 -0.468385816 -0.833306372
vn -0.482941836 0.059870392 0.873603404
vn -0.859445632 -0.509962380 -0.035940908
vn -0.703300238 0.707775414 -0.066503525
vn -0.377336323 0.632613242 -0.676326692
vn -0.110929511 0.661294878 0.741878569
vn 0.023678854 0.999532938 -0.019317558
vn 0.035325348 0.317397624 -0.947634399
vn -0.079781346 0.783897281 0.615743458
vn 0.039861623 -0.391663730 0.919244647
vn 0.612916529 0.755319774 0.232002988
vn 0.732564628 -0.420233399 0.535493314
vn 0.632883549 0.559197545 -0.535496593
vn 0.752517998 -0.616354465 -0.231999531
vn -0.039865147 0.391665787 -0.919243634
vn 0.079783760 -0.783895135 -0.615745842
vn -0.732557058 0.420245409 -0.535494089
vn -0.612918615 -0.755318105 -0.232003048
vn -0.752520561 0.616350651 0.232001558
vn -0.632874131 -0.559212267 0.535492241
vn -0.002376836 0.006816749 0.999973953
vn -0.402713835 -0.434599131 0.805571318
vn 0.222475871 -0.556331038 0.800624907
vn 0.602021158 -0.053795855 0.796665907
vn 0.368130416 0.481600642 0.795324326
vn -0.565482438 0.197835475 0.800681472
vn -0.748149931 -0.045004036 0.662001729
vn -0.630084097 -0.406472176 0.661645234
vn -0.335060775 -0.667011023 0.665455163
vn 0.072652370 -0.738285303 0.670564294
vn 0.561387956 -0.542844296 0.624630868
vn 0.752125978 -0.153397739 0.640917718
vn 0.711963534 0.236170009 0.661310554
vn 0.441040546 0.607696235 0.660445750
vn -0.216243088 0.655586898 0.723494828
vn -0.477428913 0.584426403 0.656130612
vn -0.715793312 0.297832042 0.631613791
vn -0.127775416 -0.766270876 0.629684448
vn 0.489000261 -0.596698999 0.636261821
vn 0.581627727 0.499789149 0.641809881
vn 0.012201433 0.748585403 0.662926078
vn -0.834449828 0.142456308 0.532352924
vn -0.822747529 -0.216927275 0.525384784
vn -0.673208296 -0.535603881 0.509822667
vn -0.324832946 -0.793412685 0.514761925
vn 0.002493809 -0.856708646 0.515794575
vn 0.337264210 -0.786548734 0.517295003
vn 0.662950337 -0.528688669 0.530080378
vn 0.824947178 -0.211278617 0.524236202
vn 0.847182572 0.108748049 0.520053446
vn 0.685330927 0.505443275 0.524260163
vn 0.430073619 0.735206008 0.523935914
vn 0.100059457 0.853044987 0.512154579
vn -0.322739094 0.792046130 0.518172204
vn -0.679293156 0.508217216 0.529411197
vn -0.814232349 -0.484403253 0.319967538
vn -0.549750328 -0.717698693 0.427414566
vn -0.267522365 -0.908205509 0.321861207
vn 0.264722705 -0.909391224 0.320826203
vn 0.551073730 -0.716312706 0.428034902
vn 0.805468321 -0.492362648 0.329848111
vn 0.944246888 0.026427891 0.328175753
vn 0.837154031 0.348132253 0.421873510
vn 0.693687141 0.647690415 0.315111607
vn 0.219093442 0.919183075 0.327262133
vn -0.124637797 0.899258673 0.419284463
vn -0.448326737 0.836163402 0.315965354
vn -0.825433433 0.463446915 0.322299033
vn -0.936049938 -0.134997979 0.324940145
vn -0.563730478 -0.742760122 0.361269057
vn 0.008806367 -0.947608650 0.319312304
vn 0.569487989 -0.733967185 0.370102197
vn 0.913909554 -0.235119417 0.330889910
vn 0.865240514 0.354734927 0.354290873
vn 0.472027272 0.820340991 0.322848380
vn -0.113296971 0.930517912 0.348282039
vn -0.653338373 0.684054196 0.324374467
vn -0.911882460 0.243718192 0.330260336
vn -0.995005429 0.004160246 0.099734403
vn -0.959898412 -0.262994140 0.097103618
vn 0.490827650 -0.866726220 0.088734888
vn 0.998917341 0.004058043 0.046344373
vn 0.966014147 0.237154409 0.102833077
vn 0.495639145 0.860900640 0.114856690
vn -0.860558808 -0.504151881 0.072591856
vn -0.709347010 -0.704694986 0.015224431
vn -0.483024776 -0.874644995 0.041028228
vn -0.258204281 -0.963716328 0.067686185
vn 0.007816648 -0.999845982 0.015711822
vn 0.265655309 -0.961863935 0.065154649
vn 0.714906991 -0.698158681 0.038503725
vn 0.864033222 -0.494805336 0.092813581
vn 0.961126804 -0.260518789 0.091461502
vn 0.864289820 0.499186784 0.061771147
vn 0.712483644 0.700963914 0.031884581
vn 0.251895040 0.961345911 0.111188784
vn 0.015324448 0.999881983 -0.001073085
vn -0.260194689 0.963605642 0.061343513
vn -0.491573811 0.870574594 0.021331703
vn -0.700730860 0.710774720 0.061445672
vn -0.860110164 0.507814169 0.048325192
vn -0.962205946 0.268470317 0.045646358
vn -0.994796038 0.021376543 -0.099618688
vn -0.954677999 -0.280648410 -0.099128321
vn 0.475903422 -0.830419183 -0.289689600
vn 0.819120109 -0.483328789 -0.308926344
vn 0.917181551 -0.260980219 -0.301110387
vn 0.919140100 0.249770910 -0.304624438
vn 0.475156307 0.874316990 -0.098977029
vn 0.251037002 0.916707337 -0.310850859
vn -0.822945118 -0.460759997 -0.332357705
vn -0.483729750 -0.804527104 -0.344589412
vn -0.242930010 -0.912309408 -0.329661310
vn 0.238692492 -0.913913488 -0.328311116
vn 0.646640837 -0.674731255 -0.355799615
vn 0.935561538 0.003053368 -0.353150606
vn 0.795289993 0.499762893 -0.343148440
vn -0.242861629 0.910441637 -0.334834754
vn -0.657205522 0.672637701 -0.340058059
vn -0.819271326 0.477167428 -0.317971349
vn -0.910526156 0.231094435 -0.342837483
vn -0.925757527 -0.123253174 -0.357465684
vn -0.654844463 -0.671776831 -0.346258074
vn -0.007102275 -0.933586299 -0.358282298
vn 0.574175358 0.738660932 -0.353132695
vn -0.018255496 0.930208325 -0.366577685
vn -0.478111655 0.808578908 -0.342942327
vn -0.538896561 -0.001474942 -0.842370689
vn -0.469762146 -0.300098538 -0.830219507
vn -0.199009195 -0.509506881 -0.837136865
vn 0.166128024 -0.532271445 -0.830113590
vn 0.441242695 -0.328986853 -0.834908664
vn 0.547206044 -0.060513262 -0.834807634
vn 0.505168021 0.207386211 -0.837732792
vn 0.334164321 0.441493422 -0.832717121
vn 0.077062540 0.540736318 -0.837654889
vn -0.217932448 0.504142821 -0.835670650
vn -0.472253233 0.283198386 -0.834730804
vn 0.000035026 0.000002888 -1.000000000
vn -0.430029482 0.073990747 0.899777770
vn 0.242650792 0.970012426 0.014022552
vn 0.265040815 0.388578236 0.882474005
vn 0.411428928 0.125789627 -0.902719915
vn 0.996946752 0.071522817 0.031331908
vn 0.619330943 -0.104279064 0.778174162
vn 0.883862376 -0.463677704 0.061565179
vn 0.463266432 -0.142269045 -0.874725044
vn -0.182769269 -0.395429403 0.900128365
vn 0.019991465 -0.978152335 -0.206926003
vn -0.916163564 -0.400755197 0.006291616
vn -0.512501121 -0.142101169 -0.846847117
vn -0.999946713 0.009386241 0.004299320
vn -0.890012741 0.451970398 0.060000595
vn -0.239489809 0.371638924 -0.896955550
vn -0.018171927 -0.376466781 0.926251829
vn -0.928561985 0.301121622 0.217021734
vn -0.439729601 0.143100187 -0.886656761
vn -0.145182863 0.989186347 -0.020789854
vn 0.023225769 0.531329513 0.846846819
vn 0.385765970 0.922596693 0.000003161
vn 0.095305942 0.614155054 -0.783409476
vn 0.995527625 -0.094471082 -0.000003188
vn 0.463497311 0.136363119 0.875542879
vn 0.463495910 0.136366382 -0.875543118
vn 0.203503564 -0.979074180 -0.000002052
vn -0.011495726 -0.378810823 -0.925402701
vn -0.278463304 -0.396626651 0.874725997
vn -0.269881010 -0.962893724 -0.000000644
vn -0.300783247 -0.559353471 -0.772433221
vn -0.698884964 -0.714931905 -0.020788081
vn 0.406790882 -0.140066594 0.902719498
vn -0.558769941 -0.803092360 0.206926823
vn -0.976750076 0.214289144 -0.006291561
vn -0.380291402 -0.212479904 -0.900128245
vn -0.498147279 0.186277807 0.846846998
vn -0.803457022 0.595347285 -0.004299821
vn -0.454373538 0.888788164 -0.060001977
vn -0.304413110 0.312626183 -0.899776459
vn 0.024693234 0.441432834 0.896954477
vn 0.766468048 0.642129362 -0.014020827
vn 0.442825526 0.158581153 -0.882472396
vn 0.291168451 -0.387399852 0.874724150
vn 0.848586917 -0.528127372 -0.031332009
vn 0.442516893 -0.894644260 -0.061567307
vn 0.439756721 -0.448397696 -0.778173208
vn -0.406790078 -0.140066147 0.902719975
vn 0.558768392 -0.803094268 0.206923962
vn 0.380290657 -0.212480366 -0.900128365
vn -0.442517012 -0.894644082 -0.061569445
vn -0.439756840 -0.448398292 -0.778172791
vn -0.291170210 -0.387399733 0.874723613
vn -0.848587215 -0.528126955 -0.031331573
vn -0.766468585 0.642128766 -0.014019853
vn -0.442824721 0.158580855 -0.882472873
vn -0.024694504 0.441432059 0.896954775
vn 0.454373538 0.888788283 -0.060001545
vn 0.803456903 0.595347404 -0.004299746
vn 0.304412395 0.312625498 -0.899776876
vn 0.498146892 0.186277449 0.846847355
vn 0.976749957 0.214289233 -0.006291932
vn 0.018171754 -0.376466513 0.926252007
vn 0.928561807 0.301123679 0.217019588
vn 0.439727604 0.143100873 -0.886657655
vn 0.278462499 -0.396627277 0.874725938
vn 0.698884070 -0.714932740 -0.020791005
vn 0.300782770 -0.559353054 -0.772433758
vn 0.269881308 -0.962893605 0.000001186
vn -0.203502879 -0.979074359 -0.000001321
vn 0.011496232 -0.378810495 -0.925402880
vn -0.995527804 -0.094469063 -0.000003111
vn -0.463497490 0.136365443 0.875542462
vn -0.463495702 0.136368126 -0.875543058
vn -0.385766059 0.922596574 -0.000002209
vn -0.023226954 0.531331241 0.846845686
vn 0.145182878 0.989186347 -0.020793572
vn -0.095305182 0.614152551 -0.783411503
vn 0.167616919 -0.316885203 0.933535397
vn -0.366198778 0.779244661 0.508602321
vn 0.400658846 0.624813497 -0.670134723
vn 0.862000763 0.383139729 0.331901550
vn 0.808673561 -0.496717840 -0.315148234
vn -0.247587264 -0.353568912 -0.902047455
vn -0.632935047 -0.706930161 0.315662682
vn -0.849227726 0.415019214 -0.326452881
vn -0.193320349 0.345806450 0.918174922
vn 0.797158659 0.449213207 0.403417408
vn 0.282714903 0.831040144 -0.479003817
vn 0.797158003 -0.449215055 -0.403416842
vn 0.282713860 -0.831041336 0.479002208
vn -0.863575816 -0.405044079 0.300293446
vn -0.193320289 -0.345809668 -0.918173790
vn -0.863576472 0.405042827 -0.300293088
vn -0.193324894 0.345808953 0.918173015
vn 0.797157586 0.449216366 0.403416187
vn 0.282713592 0.831042469 -0.479000479
vn 0.797158122 -0.449215174 -0.403416514
vn 0.282713532 -0.831041276 0.479002595
vn -0.863575816 -0.405046672 0.300289899
vn -0.193323851 -0.345806360 -0.918174267
vn -0.863574922 0.405046940 -0.300291985
vn -0.167614728 0.316886425 0.933535337
vn 0.632936120 0.706928849 0.315663606
vn 0.247585356 0.353570491 -0.902047336
vn 0.849228799 -0.415018678 -0.326450527
vn 0.366197765 -0.779245019 0.508602560
vn -0.861999810 -0.383140326 0.331903338
vn -0.400661021 -0.624813795 -0.670133173
vn -0.808673918 0.496717691 -0.315147609
vn -0.193323135 0.345806867 0.918174148
vn 0.797158897 0.449215382 0.403414726
vn 0.282715917 0.831040502 -0.479002684
vn 0.797158599 -0.449215144 -0.403415322
vn 0.282713175 -0.831040800 0.479003578
vn -0.863576651 -0.405045003 0.300289780
vn -0.193319947 -0.345809251 -0.918173969
vn -0.863577962 0.405042887 -0.300288796
vn -0.247581914 0.353567362 0.902049482
vn -0.632934928 0.706929326 -0.315664947
vn 0.167614460 0.316883564 -0.933536410
vn 0.808673322 0.496717989 0.315148652
vn 0.400663823 -0.624810696 0.670134366
vn 0.862001359 -0.383139610 -0.331900418
vn -0.366200089 -0.779242635 -0.508604467
vn -0.849227309 -0.415018052 0.326455146
vn -0.183247536 0.331573069 0.925461948
vn 0.804488361 0.465604722 0.368796259
vn 0.255685270 0.337132007 -0.906072378
vn 0.838021100 -0.408102900 -0.362177730
vn 0.290601432 -0.818705320 0.495249808
vn -0.868683517 -0.388200969 0.307715803
vn -0.468153030 -0.583131194 -0.663920760
vn -0.614426911 0.744534552 -0.261051416
vn -0.247584626 0.353566825 0.902049065
vn -0.632933855 0.706930637 -0.315664202
vn 0.167615280 0.316887289 -0.933534980
vn 0.808673739 0.496717066 0.315149069
vn 0.400663316 -0.624813318 0.670132339
vn 0.862002194 -0.383138657 -0.331899166
vn -0.366199017 -0.779242516 -0.508605361
vn -0.849227548 -0.415019572 0.326452792
vn -0.247584239 0.353565186 0.902049780
vn 0.808673680 0.496716440 0.315150321
vn 0.167615473 0.316887289 -0.933534920
vn 0.862001300 -0.383138567 -0.331901610
vn 0.400663972 -0.624813616 0.670131624
vn -0.849227250 -0.415019363 0.326453865
vn -0.366198242 -0.779241860 -0.508607090
vn -0.632933736 0.706930816 -0.315663904
vn 0.193323836 -0.345806211 0.918174207
vn -0.282713503 0.831042230 0.479000956
vn 0.193318412 0.345810950 -0.918173671
vn 0.863574803 0.405047953 0.300291300
vn 0.863575757 -0.405044645 -0.300292850
vn -0.282717228 -0.831039488 -0.479003578
vn -0.797158062 -0.449215561 0.403415918
vn -0.797158480 0.449215472 -0.403415143
vn -0.193321690 0.345810056 0.918173313
vn 0.797159433 0.449216127 0.403412670
vn 0.282712430 0.831042111 -0.479001790
vn 0.797160685 -0.449214518 -0.403411925
vn 0.282715052 -0.831040800 0.479002684
vn -0.863576472 -0.405045867 0.300289124
vn -0.193324894 -0.345808476 -0.918173194
vn -0.863574743 0.405047894 -0.300291270
vn 0.193324357 -0.345805943 0.918174267
vn -0.282713652 0.831042469 0.479000479
vn 0.193322986 0.345807850 -0.918173790
vn 0.863574326 0.405047983 0.300292730
vn 0.863576114 -0.405048102 -0.300287157
vn -0.282714039 -0.831041992 -0.479001105
vn -0.797158241 -0.449215472 0.403415710
vn -0.797159433 0.449212372 -0.403416723
vn 0.167619616 -0.316882730 0.933535814
vn -0.366197199 0.779244959 0.508602977
vn 0.862001419 0.383140355 0.331899077
vn 0.400663584 0.624813378 -0.670132041
vn 0.808673918 -0.496719599 -0.315144897
vn -0.632933497 -0.706930101 0.315666139
vn -0.247587115 -0.353566259 -0.902048528
vn -0.849227071 0.415019035 -0.326454580
vn -0.183249012 0.331573248 0.925461531
vn -0.614426613 0.744534969 -0.261051208
vn 0.804487586 0.465605766 0.368796766
vn 0.255681753 0.337134302 -0.906072438
vn 0.838020802 -0.408100277 -0.362181515
vn 0.290600806 -0.818705618 0.495249689
vn -0.868683934 -0.388200462 0.307714969
vn -0.468153745 -0.583128810 -0.663922429
vn -0.331813514 -0.522344828 0.785528898
vn 0.322304070 0.507371068 0.799183726
vn -0.908687413 -0.150636062 0.389353395
vn -0.254574448 0.879077613 0.403006643
vn -0.903933585 -0.143156290 -0.403001696
vn -0.249819800 0.886562705 -0.389354378
vn -0.322301596 -0.507368922 -0.799186110
vn 0.331815213 0.522346079 -0.785527349
vn 0.254570484 -0.879079223 -0.403005511
vn 0.908687413 0.150636330 -0.389353424
vn 0.249827787 -0.886559904 0.389355481
vn 0.903933525 0.143147707 0.403004944
vn 0.002429195 0.003731533 0.999990165
vn -0.578332067 -0.005702171 0.815781534
vn -0.225877598 -0.544656098 0.807668924
vn 0.407935530 -0.409637302 0.815957010
vn 0.506737828 0.267188609 0.819650531
vn -0.170652777 0.543389499 0.821952224
vn -0.721357167 0.115498342 0.682864547
vn -0.642535508 -0.350128382 0.681585133
vn -0.333626747 -0.654482603 0.678487778
vn 0.044871710 -0.727413416 0.684730828
vn 0.436683953 -0.629371047 0.642805696
vn 0.661577582 -0.308964878 0.683268547
vn 0.377226144 0.627550900 0.681087613
vn 0.094260015 0.748739123 0.656128585
vn -0.274602234 0.706482530 0.652285278
vn -0.550444543 0.490499556 0.675589442
vn 0.844900608 -0.040933710 0.533354938
vn 0.707789004 0.175320938 0.684322476
vn 0.554352403 0.628862202 0.545184255
vn -0.791796923 0.331613958 0.512923002
vn -0.843358994 -0.033017319 0.536335230
vn -0.730104029 -0.449933469 0.514303505
vn -0.531908572 -0.673541665 0.513239741
vn -0.090151332 -0.858438909 0.504931033
vn 0.306664020 -0.781054437 0.543977320
vn 0.609479666 -0.582583308 0.537709296
vn 0.790137410 -0.320228279 0.522624850
vn 0.778290391 0.321159124 0.539556146
vn 0.320953906 0.775504231 0.543674290
vn -0.115637586 0.843331039 0.524805427
vn -0.511230528 0.667398572 0.541500330
vn -0.910175681 -0.228464425 0.345520467
vn -0.481402606 -0.807831407 0.340088099
vn -0.190973967 -0.918586016 0.346018255
vn -0.134622633 0.930902064 0.339555770
vn -0.818212032 0.459370762 0.345698625
vn -0.928337991 0.143470868 0.342935503
vn -0.749819219 -0.556338489 0.358132154
vn 0.132423356 -0.922990263 0.361321270
vn 0.562991142 -0.753641307 0.339213371
vn 0.858975410 -0.373060226 0.350695461
vn 0.933598042 0.119856708 0.337681890
vn 0.747543216 0.567408979 0.345291555
vn 0.348395139 0.869412124 0.350347519
vn -0.568700671 0.746028304 0.346441060
vn -0.962665617 -0.248671860 0.106945083
vn -0.701982737 -0.710328341 0.051516417
vn 0.704337358 -0.707527637 0.057564050
vn 0.694347680 0.712845087 0.098657407
vn -0.578394830 0.811095834 0.087080315
vn -0.851167202 0.520559728 0.067319438
vn -0.998424470 -0.007652362 0.055588026
vn -0.877516866 -0.476860642 0.050677940
vn -0.496035129 -0.860933602 0.112882860
vn -0.245204151 -0.969003916 0.030106461
vn 0.127186939 -0.987402439 0.094126523
vn 0.468823582 -0.881896079 0.049637951
vn 0.872854471 -0.487021893 0.030574853
vn 0.987351060 -0.129728913 0.091149792
vn 0.971883893 0.231816262 0.041267578
vn 0.870823324 0.488477290 0.055287424
vn 0.508617342 0.860404551 0.031821523
vn 0.222245887 0.969832897 0.100154318
vn -0.132214382 0.986811936 0.093389809
vn -0.963561893 0.266976625 0.016494522
vn -0.909190357 -0.274804473 -0.312818527
vn -0.487415820 -0.814046741 -0.315838158
vn 0.000460587 -0.939543247 -0.342430115
vn 0.240222558 -0.920221746 -0.309006751
vn 0.907961667 -0.286385179 -0.305923581
vn 0.950897634 0.024401378 -0.308542252
vn 0.690280318 0.663257658 -0.289140731
vn 0.231958345 0.916946948 -0.324659199
vn -0.006350495 0.950037599 -0.312070996
vn -0.271070570 0.914282262 -0.301012784
vn -0.471069127 0.819531381 -0.326285481
vn -0.693114579 0.651227713 -0.309022039
vn -0.939254642 0.016808907 -0.342809409
vn -0.741977394 -0.562630713 -0.364576817
vn -0.244503185 -0.903679013 -0.351543009
vn 0.485032886 -0.805983841 -0.339312673
vn 0.852229655 0.354734510 -0.384536326
vn 0.449762046 0.819246769 -0.355737031
vn -0.861416996 0.352452010 -0.365702778
vn 0.723609030 -0.578890026 -0.375867426
vn -0.552742183 -0.021295024 -0.833080292
vn -0.429780364 -0.338820279 -0.836952567
vn -0.136176035 -0.530189633 -0.836872220
vn 0.259920627 -0.485365450 -0.834782362
vn 0.554687381 -0.087327659 -0.827463567
vn 0.363264948 0.428007066 -0.827555776
vn -0.063530423 0.545050263 -0.835992932
vn -0.401717573 0.376190126 -0.834927559
vn -0.000024980 0.000045653 -1.000000000
vn -0.454777718 0.111963801 0.883539200
vn 0.199585676 0.480376959 0.854051352
vn -0.173387483 0.983968794 -0.041740414
vn 0.949450850 0.313459933 -0.016910184
vn 0.683216810 -0.117809013 0.720649600
vn 0.670075893 0.154693425 -0.725994647
vn 0.875913560 -0.482270420 -0.013804753
vn 0.363991737 -0.110755928 -0.924793541
vn -0.254771024 -0.456408471 0.852515757
vn -0.254910558 -0.464414716 -0.848138928
vn -0.211700663 -0.977334559 -0.000000938
vn -0.998283148 -0.026357640 -0.052306533
vn -0.328148335 0.431638867 -0.840241969
vn -0.247017890 -0.397921950 0.883538604
vn -0.334931076 0.332326591 0.881691694
vn -0.996918797 0.077254295 -0.013588066
vn -0.125635728 0.990982056 -0.046585519
vn 0.571291387 0.820731640 -0.005089829
vn 0.054600537 0.448650211 -0.892037988
vn 0.288056344 0.589611590 0.754574001
vn 0.394343615 -0.358040810 0.846345007
vn 0.515063882 0.060028616 -0.855047345
vn 0.880949318 -0.472245753 0.030206202
vn -0.073737897 -0.720084608 -0.689957142
vn -0.324686319 -0.945732057 0.013021106
vn -0.515077770 -0.092240416 -0.852165937
vn -0.359575391 0.124346949 0.924793720
vn -0.403193206 -0.915114939 -0.000000065
vn -0.992100537 0.124683782 0.013803175
vn -0.583872736 0.811669171 0.016908135
vn -0.621977568 0.306273311 -0.720652878
vn -0.451176137 0.519012749 0.725992978
vn 0.519188464 0.156323478 0.840241909
vn 0.120889634 0.505948901 -0.854050040
vn 0.718635440 0.694133103 0.041741285
vn 0.433731347 -0.176731348 -0.883540094
vn 0.792135358 -0.608100116 0.052305456
vn -0.066749938 -0.525550365 0.848139882
vn -0.062153302 -0.518992662 -0.852516055
vn 0.409818083 0.190568224 0.892038584
vn 0.403199255 -0.915112197 0.000001510
vn 0.071443401 -0.518371642 0.852165878
vn 0.062154628 -0.518993914 -0.852515161
vn -0.782872975 -0.622045457 -0.013012595
vn -0.662055016 -0.292648315 0.689956665
vn -0.737400353 0.675371051 -0.010712528
vn -0.433732986 -0.176731482 -0.883539319
vn -0.102072559 0.508405268 0.855046928
vn -0.120891795 0.505946934 -0.854050875
vn 0.636438787 0.771323442 -0.002415209
vn 0.621979713 0.306273758 -0.720650792
vn 0.992555678 0.121018656 0.013703309
vn -0.082501978 0.421717346 0.902966201
vn 0.530740261 -0.226818606 -0.816619933
vn 0.544834495 -0.099240199 0.832650483
vn 0.989796460 0.140744701 -0.022223793
vn 0.113520727 -0.646318555 0.754576325
vn 0.041078240 -0.998812675 -0.026188694
vn -0.384149551 -0.357613355 -0.851200223
vn -0.994433701 -0.101604588 0.027895607
vn -0.541531444 0.105389811 0.834048450
vn -0.269093990 0.376715750 -0.886382341
vn 0.031680953 0.999497592 -0.000981792
vn -0.059941888 0.685082555 -0.725995123
vn 0.265894830 -0.061839789 0.962016523
vn -0.566899180 0.789815903 0.234128684
vn 0.565805793 0.571438611 0.594408691
vn -0.250161171 0.764263093 -0.594408393
vn 0.860473096 0.452512711 -0.234132886
vn -0.265446514 0.063721992 -0.962017536
vn -0.597426474 -0.622374713 -0.505698860
vn 0.686952174 -0.580113053 -0.437682033
vn -0.873958230 -0.211251736 0.437686741
vn 0.255635679 -0.823964775 0.505699992
vn -0.000796291 -0.000891456 0.999999285
vn -0.018208237 0.896437466 0.442796022
vn -0.018195903 0.896437645 -0.442796409
vn 0.127412155 0.348833025 -0.928483486
vn 0.144038603 0.358321309 0.922420084
vn 0.646337926 0.623178720 0.440335840
vn 0.644527018 0.632424653 -0.429678977
vn 0.373271018 -0.118915193 0.920069516
vn 0.901669025 0.018324338 0.432038635
vn 0.905646384 -0.000005994 -0.424033880
vn 0.396888018 0.001298173 -0.917866170
vn 0.621594846 -0.646548390 0.442261338
vn 0.644518852 -0.632432997 -0.429679006
vn -0.120016195 -0.370534897 0.921032012
vn 0.018324649 -0.901668906 0.432038695
vn -0.012593879 -0.901466668 -0.432665259
vn 0.162723973 -0.359699994 -0.918769181
vn -0.646879375 -0.619351625 0.444916517
vn -0.634885192 -0.627826393 -0.450283170
vn -0.181103840 -0.198706076 -0.963180780
vn -0.367284745 0.150504589 0.917850971
vn -0.900060296 -0.022709567 0.435173243
vn -0.900060594 -0.022697710 -0.435173392
vn -0.620388925 0.652488947 0.435173243
vn -0.620380104 0.652497351 -0.435173213
vn -0.367202640 0.163788229 -0.915606737
vn 0.129567146 0.254314691 0.958402991
vn -0.118636891 0.426783532 0.896538377
vn 0.071246848 0.997104943 -0.026563343
vn -0.116349816 0.371856928 -0.920969725
vn 0.534420490 0.845083833 0.015104833
vn 0.314105928 0.174215853 -0.933266461
vn 0.992029965 -0.052539144 0.114525914
vn 0.619286954 -0.785101235 -0.009991023
vn 0.112246029 -0.272054970 -0.955712795
vn 0.104754299 -0.422257066 0.900403023
vn -0.019109180 -0.999462843 0.026625311
vn -0.550158858 -0.834547639 -0.029247800
vn -0.120062590 -0.336726069 -0.933916748
vn -0.303819805 -0.161031052 0.939022183
vn -0.989186704 0.043962266 -0.139917716
vn -0.627529562 0.778374135 0.018448887
vn -0.293425351 -0.022682304 0.955712855
vn -0.283143938 0.218239248 0.933917105
vn -0.965314209 0.261090994 -0.000000237
vn -0.369233906 0.244713247 -0.896538794
vn -0.546360075 0.837347090 -0.018449292
vn 0.260960311 0.955158532 0.139899582
vn 0.389611870 -0.004254937 0.920969307
vn 0.963710666 0.265341848 0.029246042
vn 0.247034848 0.239188969 -0.939022064
vn 0.951056898 -0.309016109 -0.000001194
vn 0.369218826 -0.230111212 -0.900403440
vn 0.068625756 -0.352567255 0.933266759
vn 0.623693049 -0.781122088 -0.029247845
vn -0.336233139 -0.934776783 -0.114628993
vn -0.945582926 -0.324478120 0.024223486
vn -0.281904578 -0.044638157 -0.958403528
vn -0.062902264 -0.292219073 0.954280615
vn -0.587784827 -0.809017301 -0.000000597
vn -0.336398959 -0.276602447 0.900181532
vn -0.951201200 -0.308499336 0.006671544
vn -0.254303753 -0.129586354 -0.958403349
vn -0.278710902 0.202737466 0.938732088
vn -0.796224535 0.591305077 -0.128002778
vn -0.022140313 0.999727547 -0.007390612
vn 0.167653725 0.393223256 0.904028594
vn 0.661593676 0.749862552 -0.000000460
vn 0.163447961 0.403185427 -0.900403440
vn 0.900584817 0.434680432 -0.000000563
vn 0.326933712 -0.016591147 0.944901705
vn 0.756034195 -0.654532194 -0.000000086
vn 0.310782820 -0.020954547 -0.950249910
vn 0.040202964 -0.999156356 -0.008393194
vn -0.154877782 -0.415008307 -0.896538436
vn 0.069100514 -0.286073923 0.955712736
vn 0.295055181 -0.201845422 0.933916926
vn 0.602929294 -0.797350228 -0.026626635
vn 0.163447931 -0.403185427 -0.900403380
vn -0.039543167 -0.999167979 0.009990162
vn -0.356518358 -0.043682292 0.933266580
vn -0.771687150 -0.625606060 -0.114525385
vn -0.929083049 0.369562596 -0.015105083
vn -0.254304528 0.129586920 -0.958403051
vn -0.643723249 0.764797211 0.026562834
vn -0.154878065 0.415008813 -0.896538079
vn -0.124443091 0.369228154 0.920969367
vn 0.050164957 0.998570502 -0.018449660
vn 0.774428904 0.616994739 0.139919296
vn 0.935622513 -0.351788372 0.029247396
vn 0.340448231 0.048303720 -0.939021707
vn -0.293570548 0.021876747 0.955687046
vn 0.975998640 0.217776433 -0.000000882
vn 0.984086871 -0.177688479 -0.000000541
vn 0.239111170 -0.199626699 0.950249970
vn 0.226920322 -0.973913312 -0.000000603
vn 0.239110827 -0.199626312 -0.950250149
vn -0.369235694 -0.244713590 0.896537960
vn -0.545646846 -0.838015199 -0.000000510
vn -0.965314329 -0.261090547 -0.000000711
vn -0.369234324 -0.244713947 -0.896538436
vn -0.954710186 0.297517329 0.003473856
vn -0.281905264 0.044637956 -0.958403349
vn -0.104210839 0.351630360 0.930320501
vn -0.296598077 0.946385264 -0.128002703
vn 0.381905079 0.221439645 0.897280872
vn 0.569713056 0.821810484 -0.007389910
vn 0.369218528 0.230111793 -0.900403440
usemtl field_material_05
f 5//5 9//9 10//10
f 2//2 8//8 3//3
f 6//6 5//5 10//10
f 3//3 9//9 4//4
f 2//2 1//1 7//7
f 9//9 14//14 10//10
f 7//7 12//12 8//8
f 6//6 10//10 14//14
f 8//8 13//13 9//9
f 7//7 1//1 11//11
f 14//14 17//17 18//18
f 11//11 16//16 12//12
f 6//6 14//14 18//18
f 12//12 17//17 13//13
f 11//11 1//1 15//15
f 17//17 22//22 18//18
f 15//15 20//20 16//16
f 6//6 18//18 22//22
f 16//16 21//21 17//17
f 15//15 1//1 19//19
f 22//22 25//25 26//26
f 19//19 24//24 20//20
f 6//6 22//22 26//26
f 20//20 25//25 21//21
f 19//19 1//1 23//23
f 25//25 30//30 26//26
f 23//23 28//28 24//24
f 6//6 26//26 30//30
f 24//24 29//29 25//25
f 23//23 1//1 27//27
f 30//30 33//33 34//34
f 27//27 32//32 28//28
f 6//6 30//30 34//34
f 28//28 33//33 29//29
f 27//27 1//1 31//31
f 33//33 5//5 34//34
f 31//31 3//3 32//32
f 6//6 34//34 5//5
f 32//32 4//4 33//33
f 31//31 1//1 2//2
f 35//35 38//38 37//37
f 37//37 40//40 39//39
f 39//39 42//42 41//41
f 41//41 44//44 43//43
f 44//44 42//42 40//40
f 44//44 45//45 43//43
f 46//46 35//35 45//45
f 43//43 45//45 37//37
usemtl field_material_07
f 48//48 49//49 47//47
f 50//50 51//51 49//49
f 52//52 53//53 51//51
f 53//53 56//56 55//55
f 55//55 58//58 57//57
f 57//57 60//60 59//59
f 59//59 62//62 61//61
f 62//62 63//63 61//61
usemtl field_material_05
f 67//67 66//66 70//70
f 68//68 69//69 66//66
f 71//71 70//70 69//69
f 66//66 69//69 70//70
usemtl field_material_07
f 73//73 74//74 72//72
f 74//74 77//77 76//76
f 76//76 79//79 78//78
f 78//78 81//81 80//80
f 80//80 83//83 82//82
f 83//83 84//84 82//82
f 85//85 86//86 84//84
f 87//87 88//88 86//86
f 88//88 89//89 90//90
usemtl field_material_05
f 94//94 93//93 91//91
f 96//96 95//95 93//93
f 95//95 92//92 91//91
usemtl field_material_07
f 98//98 99//99 97//97
f 100//100 101//101 99//99
f 101//101 104//104 103//103
f 104//104 105//105 103//103
f 105//105 108//108 107//107
f 108//108 109//109 107//107
f 109//109 112//112 111//111
f 112//112 113//113 111//111
f 113//113 114//114 115//115
usemtl field_material_05
f 117//117 116//116 120//120
f 119//119 118//118 116//116
f 118//118 121//121 120//120
f 123//123 124//124 122//122
f 125//125 126//126 124//124
f 127//127 128//128 126//126
f 129//129 130//130 128//128
f 123//123 131//131 127//127
f 131//131 132//132 130//130
f 133//133 122//122 132//132
f 128//128 130//130 132//132
usemtl field_material_07
f 135//135 136//136 134//134
f 137//137 138//138 136//136
f 138//138 141//141 140//140
f 141//141 142//142 140//140
f 143//143 144//144 142//142
f 145//145 146//146 144//144
f 146//146 149//149 148//148
f 149//149 150//150 148//148
f 150//150 151//151 152//152
usemtl field_material_05
f 153//153 156//156 155//155
f 154//154 158//158 156//156
f 158//158 157//157 155//155
f 157//157 154//154 153//153
usemtl field_material_07
f 160//160 161//161 159//159
f 161//161 164//164 163//163
f 164//164 165//165 163//163
f 165//165 168//168 167//167
f 167//167 170//170 169//169
f 170//170 171//171 169//169
f 171//171 174//174 173//173
f 173//173 176//176 175//175
usemtl field_material_05
f 178//178 181//181 180//180
f 183//183 182//182 180//180
f 179//179 178//178 182//182
usemtl field_material_07
f 185//185 186//186 184//184
f 187//187 188//188 186//186
f 189//189 190//190 188//188
f 191//191 192//192 190//190
f 192//192 195//195 194//194
f 195//195 196//196 194//194
f 196//196 199//199 198//198
f 199//199 200//200 198//198
f 200//200 201//201 202//202
usemtl field_material_05
f 204//204 203//203 207//207
f 203//203 206//206 205//205
f 206//206 207//207 205//205
f 203//203 205//205 207//207
f 208//208 211//211 210//210
f 210//210 213//213 212//212
f 212//212 215//215 214//214
f 214//214 217//217 216//216
f 209//209 217//217 213//213
f 216//216 219//219 218//218
f 218//218 209//209 208//208
f 216//216 218//218 210//210
usemtl field_material_17
f 221//221 222//222 220//220
f 223//223 224//224 222//222
f 225//225 226//226 224//224
f 227//227 228//228 226//226
f 229//229 230//230 228//228
f 231//231 232//232 230//230
f 233//233 234//234 232//232
f 235//235 236//236 234//234
usemtl field_material_05
f 240//240 239//239 243//243
f 239//239 242//242 241//241
f 240//240 244//244 242//242
f 244//244 243//243 241//241
usemtl field_material_17
f 246//246 247//247 245//245
f 248//248 249//249 247//247
f 249//249 252//252 251//251
f 251//251 254//254 253//253
f 253//253 256//256 255//255
f 255//255 258//258 257//257
f 257//257 260//260 259//259
f 259//259 262//262 261//261
usemtl field_material_05
f 264//264 267//267 266//266
f 266//266 269//269 268//268
f 265//265 264//264 268//268
usemtl field_material_17
f 271//271 272//272 270//270
f 273//273 274//274 272//272
f 275//275 276//276 274//274
f 276//276 279//279 278//278
f 278//278 281//281 280//280
f 281//281 282//282 280//280
f 283//283 284//284 282//282
f 285//285 286//286 284//284
f 286//286 287//287 288//288
usemtl field_material_05
f 292//292 291//291 289//289
f 291//291 294//294 293//293
f 293//293 290//290 289//289
f 289//289 291//291 293//293
f 296//296 297//297 295//295
f 298//298 299//299 297//297
f 299//299 302//302 301//301
f 302//302 303//303 301//301
f 296//296 304//304 300//300
f 303//303 306//306 305//305
f 306//306 295//295 305//305
f 297//297 301//301 305//305
usemtl field_material_07
f 308//308 309//309 307//307
f 310//310 311//311 309//309
f 312//312 313//313 311//311
f 314//314 315//315 313//313
f 316//316 317//317 315//315
f 318//318 319//319 317//317
f 320//320 321//321 319//319
f 322//322 323//323 321//321
usemtl field_material_05
f 326//326 329//329 328//328
f 331//331 330//330 328//328
f 327//327 326//326 330//330
usemtl field_material_07
f 333//333 334//334 332//332
f 335//335 336//336 334//334
f 337//337 338//338 336//336
f 339//339 340//340 338//338
f 341//341 342//342 340//340
f 343//343 344//344 342//342
f 345//345 346//346 344//344
f 347//347 348//348 346//346
f 348//348 349//349 350//350
usemtl field_material_05
f 354//354 353//353 351//351
f 353//353 356//356 355//355
f 352//352 351//351 355//355
usemtl field_material_07
f 358//358 359//359 357//357
f 360//360 361//361 359//359
f 362//362 363//363 361//361
f 364//364 365//365 363//363
f 366//366 367//367 365//365
f 368//368 369//369 367//367
f 369//369 372//372 371//371
f 372//372 373//373 371//371
f 373//373 374//374 375//375
usemtl field_material_05
f 378//378 379//379 376//376
f 380//380 381//381 379//379
f 381//381 377//377 376//376
f 376//376 379//379 381//381
f 382//382 385//385 384//384
f 385//385 386//386 384//384
f 387//387 388//388 386//386
f 388//388 391//391 390//390
f 391//391 389//389 387//387
f 391//391 392//392 390//390
f 392//392 383//383 382//382
f 390//390 392//392 384//384
usemtl field_material_07
f 395//395 396//396 394//394
f 397//397 398//398 396//396
f 398//398 401//401 400//400
f 401//401 402//402 400//400
f 403//403 404//404 402//402
f 405//405 406//406 404//404
f 407//407 408//408 406//406
f 408//408 411//411 410//410
usemtl field_material_05
f 416//416 414//414 413//413
f 417//417 416//416 413//413
usemtl field_material_07
f 419//419 420//420 418//418
f 420//420 423//423 422//422
f 423//423 424//424 422//422
f 425//425 426//426 424//424
f 427//427 428//428 426//426
f 429//429 430//430 428//428
f 431//431 432//432 430//430
f 433//433 434//434 432//432
f 434//434 435//435 436//436
usemtl field_material_05
f 437//437 439//439 438//438
f 441//441 440//440 438//438
f 442//442 437//437 440//440
usemtl field_material_07
f 443//443 446//446 445//445
f 445//445 448//448 447//447
f 448//448 449//449 447//447
f 450//450 451//451 449//449
f 451//451 454//454 453//453
f 453//453 456//456 455//455
f 456//456 457//457 455//455
f 458//458 459//459 457//457
usemtl field_material_05
f 465//465 464//464 462//462
f 467//467 466//466 464//464
f 466//466 463//463 462//462
f 462//462 464//464 466//466
f 468//468 471//471 470//470
f 470//470 473//473 472//472
f 472//472 475//475 474//474
f 475//475 476//476 474//474
f 477//477 475//475 473//473
f 477//477 478//478 476//476
f 479//479 468//468 478//478
f 474//474 476//476 478//478
usemtl field_material_07
f 481//481 482//482 480//480
f 482//482 485//485 484//484
f 485//485 486//486 484//484
f 487//487 488//488 486//486
f 489//489 490//490 488//488
f 490//490 493//493 492//492
f 492//492 495//495 494//494
f 494//494 497//497 496//496
usemtl field_material_05
f 500//500 499//499 503//503
f 501//501 502//502 499//499
f 504//504 503//503 502//502
usemtl field_material_07
f 505//505 508//508 507//507
f 507//507 510//510 509//509
f 509//509 512//512 511//511
f 511//511 514//514 513//513
f 513//513 516//516 515//515
f 516//516 517//517 515//515
f 518//518 519//519 517//517
f 520//520 521//521 519//519
usemtl field_material_05
f 524//524 527//527 526//526
f 529//529 528//528 526//526
f 525//525 524//524 528//528
usemtl field_material_07
f 531//531 532//532 530//530
f 532//532 535//535 534//534
f 534//534 537//537 536//536
f 537//537 538//538 536//536
f 539//539 540//540 538//538
f 541//541 542//542 540//540
f 543//543 544//544 542//542
f 545//545 546//546 544//544
usemtl field_material_05
f 549//549 552//552 551//551
f 554//554 553//553 551//551
f 550//550 549//549 553//553
f 555//555 558//558 557//557
f 558//558 559//559 557//557
f 560//560 561//561 559//559
f 562//562 563//563 561//561
f 562//562 560//560 556//556
f 564//564 565//565 563//563
f 565//565 556//556 555//555
f 561//561 563//563 565//565
usemtl field_material_23
f 568//568 569//569 567//567
f 570//570 571//571 569//569
f 572//572 573//573 571//571
f 573//573 576//576 575//575
f 575//575 578//578 577//577
f 578//578 579//579 577//577
f 580//580 581//581 579//579
f 582//582 583//583 581//581
f 583//583 584//584 585//585
usemtl field_material_05
f 589//589 588//588 586//586
f 591//591 590//590 588//588
f 590//590 587//587 586//586
usemtl field_material_23
f 593//593 594//594 592//592
f 595//595 596//596 594//594
f 596//596 599//599 598//598
f 599//599 600//600 598//598
f 600//600 603//603 602//602
f 602//602 605//605 604//604
f 604//604 607//607 606//606
f 607//607 608//608 606//606
f 608//608 609//609 610//610
usemtl field_material_05
f 612//612 611//611 615//615
f 612//612 613//613 611//611
f 616//616 615//615 613//613
usemtl field_material_23
f 618//618 619//619 617//617
f 619//619 622//622 621//621
f 622//622 623//623 621//621
f 623//623 626//626 625//625
f 626//626 627//627 625//625
f 627//627 630//630 629//629
f 629//629 632//632 631//631
f 631//631 634//634 633//633
f 633//633 634//634 635//635
usemtl field_material_05
f 639//639 638//638 637//637
f 636//636 639//639 637//637
f 640//640 643//643 642//642
f 642//642 645//645 644//644
f 644//644 647//647 646//646
f 647//647 648//648 646//646
f 649//649 647//647 645//645
f 649//649 650//650 648//648
f 651//651 640//640 650//650
f 646//646 648//648 650//650
usemtl field_material_13
f 652//652 653//653 654//654
f 652//652 654//654 655//655
f 652//652 655//655 656//656
f 652//652 656//656 657//657
f 652//652 657//657 658//658
f 652//652 658//658 653//653
f 667//667 654//654 653//653
f 654//654 662//662 655//655
f 663//663 656//656 655//655
f 656//656 664//664 657//657
f 665//665 658//658 657//657
f 658//658 659//659 653//653
f 668//668 663//663 662//662
f 670//670 653//653 659//659
f 671//671 667//667 653//653
f 672//672 660//660 667//667
f 673//673 661//661 660//660
f 661//661 674//674 662//662
f 668//668 675//675 663//663
f 663//663 675//675 656//656
f 675//675 664//664 656//656
f 676//676 665//665 664//664
f 665//665 677//677 666//666
f 678//678 669//669 666//666
f 669//669 670//670 659//659
f 672//672 681//681 673//673
f 682//682 668//668 674//674
f 683//683 675//675 668//668
f 685//685 676//676 675//675
f 686//686 678//678 677//677
f 688//688 671//671 670//670
f 689//689 672//672 671//671
f 689//689 680//680 672//672
f 690//690 682//682 674//674
f 683//683 684//684 675//675
f 691//691 686//686 677//677
f 692//692 687//687 678//678
f 687//687 693//693 679//679
f 693//693 670//670 679//679
f 694//694 690//690 681//681
f 695//695 684//684 683//683
f 696//696 685//685 684//684
f 698//698 692//692 686//686
f 688//688 702//702 689//689
f 703//703 680//680 689//689
f 704//704 681//681 680//680
f 705//705 694//694 681//681
f 694//694 706//706 690//690
f 690//690 707//707 682//682
f 708//708 695//695 682//682
f 695//695 696//696 684//684
f 696//696 709//709 685//685
f 709//709 697//697 685//685
f 711//711 698//698 691//691
f 699//699 712//712 692//692
f 712//712 687//687 692//692
f 713//713 700//700 687//687
f 714//714 688//688 693//693
f 717//717 705//705 704//704
f 706//706 718//718 707//707
f 720//720 696//696 695//695
f 722//722 709//709 696//696
f 723//723 710//710 697//697
f 725//725 717//717 703//703
f 732//732 706//706 694//694
f 722//722 727//727 709//709
f 733//733 711//711 710//710
f 698//698 734//734 699//699
f 734//734 712//712 699//699
f 712//712 729//729 713//713
f 729//729 724//724 713//713
f 730//730 715//715 714//714
f 731//731 732//732 705//705
f 733//733 728//728 711//711
f 734//734 729//729 712//712
f 735//735 716//716 715//715
f 736//736 725//725 716//716
f 725//725 737//737 717//717
f 737//737 731//731 717//717
f 731//731 737//737 732//732
f 732//732 738//738 718//718
f 738//738 719//719 718//718
f 738//738 726//726 719//719
f 738//738 720//720 726//726
f 739//739 721//721 720//720
f 721//721 739//739 722//722
f 739//739 727//727 722//722
f 727//727 740//740 723//723
f 740//740 733//733 723//723
f 741//741 728//728 733//733
f 728//728 742//742 734//734
f 734//734 742//742 729//729
f 742//742 724//724 729//729
f 735//735 730//730 724//724
f 730//730 735//735 715//715
f 735//735 743//743 736//736
f 736//736 743//743 737//737
f 737//737 743//743 738//738
f 738//738 743//743 739//739
f 739//739 743//743 740//740
f 740//740 743//743 741//741
f 741//741 743//743 742//742
f 742//742 743//743 735//735
usemtl field_material_05
f 745//745 749//749 755//755
f 746//746 749//749 748//748
f 745//745 744//744 747//747
f 748//748 749//749 750//750
f 749//749 751//751 752//752
f 747//747 744//744 751//751
f 748//748 750//750 753//753
f 751//751 754//754 752//752
f 750//750 754//754 753//753
f 754//754 746//746 753//753
f 748//748 753//753 746//746
f 754//754 745//745 755//755
f 765//765 758//758 761//761
f 757//757 760//760 767//767
f 758//758 760//760 761//761
f 757//757 756//756 759//759
f 765//765 761//761 762//762
f 760//760 759//759 764//764
f 760//760 762//762 761//761
f 759//759 756//756 763//763
f 763//763 766//766 764//764
f 762//762 766//766 765//765
f 766//766 756//756 767//767
f 766//766 758//758 765//765
f 769//769 771//771 770//770
f 779//779 771//771 773//773
f 769//769 768//768 772//772
f 771//771 774//774 776//776
f 771//771 775//775 773//773
f 772//772 768//768 774//774
f 773//773 775//775 777//777
f 774//774 778//778 776//776
f 775//775 778//778 777//777
f 773//773 777//777 779//779
f 778//778 769//769 770//770
f 778//778 779//779 777//777
f 781//781 785//785 783//783
f 782//782 785//785 784//784
f 785//785 786//786 788//788
f 785//785 787//787 784//784
f 784//784 787//787 789//789
f 786//786 791//791 788//788
f 787//787 791//791 789//789
f 786//786 780//780 790//790
f 791//791 782//782 789//789
f 790//790 780//780 781//781
f 784//784 789//789 782//782
f 791//791 781//781 783//783
f 794//794 796//796 797//797
f 804//804 794//794 797//797
f 793//793 796//796 795//795
f 796//796 792//792 799//799
f 804//804 797//797 801//801
f 798//798 800//800 799//799
f 797//797 800//800 801//801
f 798//798 803//803 800//800
f 798//798 792//792 802//802
f 803//803 804//804 801//801
f 802//802 792//792 793//793
f 803//803 793//793 795//795
f 803//803 794//794 804//804
f 806//806 807//807 805//805
f 808//808 809//809 807//807
f 809//809 812//812 811//811
f 811//811 814//814 813//813
f 814//814 812//812 810//810
f 814//814 815//815 813//813
f 815//815 806//806 805//805
f 811//811 813//813 815//815
usemtl field_material_09
f 817//817 822//822 818//818
f 817//817 818//818 819//819
f 817//817 819//819 820//820
f 817//817 820//820 821//821
f 817//817 821//821 831//831
f 817//817 831//831 822//822
f 822//822 823//823 818//818
f 818//818 826//826 819//819
f 819//819 827//827 820//820
f 820//820 829//829 821//821
f 837//837 831//831 821//821
f 831//831 832//832 822//822
f 834//834 826//826 825//825
f 836//836 830//830 829//829
f 823//823 839//839 824//824
f 840//840 825//825 824//824
f 841//841 834//834 825//825
f 842//842 826//826 834//834
f 826//826 843//843 835//835
f 835//835 844//844 828//828
f 845//845 829//829 828//828
f 829//829 847//847 836//836
f 836//836 848//848 830//830
f 830//830 849//849 837//837
f 850//850 832//832 837//837
f 832//832 851//851 833//833
f 851//851 823//823 833//833
f 840//840 853//853 841//841
f 854//854 842//842 841//841
f 842//842 855//855 843//843
f 856//856 844//844 843//843
f 857//857 845//845 844//844
f 845//845 858//858 846//846
f 859//859 847//847 846//846
f 860//860 848//848 847//847
f 848//848 861//861 849//849
f 862//862 850//850 849//849
f 863//863 851//851 850//850
f 838//838 865//865 839//839
f 865//865 852//852 839//839
f 852//852 866//866 853//853
f 866//866 854//854 853//853
f 854//854 867//867 842//842
f 867//867 855//855 842//842
f 855//855 868//868 856//856
f 868//868 857//857 856//856
f 857//857 869//869 845//845
f 869//869 858//858 845//845
f 858//858 870//870 859//859
f 860//860 871//871 848//848
f 871//871 861//861 848//848
f 861//861 872//872 862//862
f 863//863 873//873 851//851
f 873//873 864//864 851//851
f 864//864 874//874 838//838
f 878//878 870//870 858//858
f 880//880 861//861 871//871
f 876//876 881//881 852//852
f 881//881 866//866 852//852
f 883//883 854//854 866//866
f 884//884 867//867 854//854
f 885//885 855//855 867//867
f 886//886 877//877 855//855
f 877//877 887//887 868//868
f 887//887 857//857 868//868
f 888//888 869//869 857//857
f 889//889 878//878 869//869
f 879//879 890//890 870//870
f 870//870 891//891 860//860
f 891//891 880//880 860//860
f 880//880 892//892 861//861
f 892//892 872//872 861//861
f 872//872 895//895 863//863
f 863//863 896//896 873//873
f 873//873 897//897 864//864
f 897//897 874//874 864//864
f 898//898 875//875 874//874
f 899//899 876//876 875//875
f 900//900 881//881 876//876
f 886//886 901//901 877//877
f 888//888 903//903 889//889
f 904//904 890//890 879//879
f 891//891 905//905 880//880
f 905//905 892//892 880//880
f 906//906 893//893 892//892
f 898//898 899//899 875//875
f 900//900 907//907 881//881
f 907//907 882//882 881//881
f 883//883 909//909 884//884
f 909//909 885//885 884//884
f 885//885 910//910 886//886
f 910//910 901//901 886//886
f 901//901 911//911 887//887
f 904//904 913//913 890//890
f 913//913 891//891 890//890
f 895//895 915//915 896//896
f 915//915 897//897 896//896
f 916//916 898//898 897//897
f 917//917 899//899 898//898
f 918//918 900//900 899//899
f 918//918 907//907 900//900
f 907//907 919//919 882//882
f 919//919 908//908 882//882
f 909//909 920//920 885//885
f 920//920 910//910 885//885
f 913//913 921//921 891//891
f 891//891 921//921 905//905
f 921//921 906//906 905//905
f 922//922 914//914 893//893
f 923//923 915//915 895//895
f 917//917 918//918 899//899
f 925//925 907//907 918//918
f 907//907 925//925 919//919
f 925//925 908//908 919//919
f 926//926 909//909 908//908
f 926//926 920//920 909//909
f 920//920 927//927 910//910
f 910//910 927//927 901//901
f 927//927 911//911 901//901
f 928//928 902//902 911//911
f 928//928 903//903 902//902
f 929//929 912//912 903//903
f 929//929 904//904 912//912
f 904//904 930//930 913//913
f 913//913 931//931 921//921
f 931//931 906//906 921//921
f 932//932 922//922 906//906
f 922//922 933//933 914//914
f 914//914 933//933 923//923
f 933//933 915//915 923//923
f 934//934 916//916 915//915
f 934//934 917//917 916//916
f 917//917 924//924 918//918
f 924//924 935//935 925//925
f 925//925 935//935 926//926
f 926//926 935//935 927//927
f 927//927 935//935 928//928
f 928//928 935//935 929//929
f 929//929 935//935 930//930
f 930//930 935//935 931//931
f 931//931 935//935 932//932
f 932//932 935//935 933//933
f 933//933 935//935 934//934
f 934//934 935//935 924//924
usemtl field_material_05
f 950//950 937//937 939//939
f 939//939 940//940 943//943
f 938//938 936//936 941//941
f 938//938 940//940 937//937
f 940//940 941//941 942//942
f 942//942 945//945 943//943
f 941//941 936//936 944//944
f 939//939 943//943 945//945
f 942//942 944//944 945//945
f 944//944 946//946 945//945
f 945//945 946//946 947//947
f 939//939 945//945 947//947
f 944//944 948//948 946//946
f 939//939 947//947 950//950
f 948//948 936//936 949//949
f 948//948 950//950 947//947
f 949//949 938//938 937//937
f 953//953 954//954 957//957
f 952//952 951//951 955//955
f 962//962 953//953 957//957
f 955//955 956//956 954//954
f 956//956 960//960 957//957
f 955//955 951//951 959//959
f 962//962 957//957 960//960
f 956//956 959//959 958//958
f 960//960 961//961 962//962
f 959//959 961//961 958//958
f 951//951 964//964 961//961
f 962//962 964//964 965//965
f 964//964 963//963 966//966
f 962//962 965//965 953//953
f 966//966 953//953 965//965
f 963//963 951//951 952//952
f 968//968 967//967 971//971
f 970//970 972//972 974//974
f 971//971 972//972 969//969
f 971//971 967//967 975//975
f 972//972 975//975 973//973
f 973//973 977//977 974//974
f 973//973 975//975 976//976
f 977//977 979//979 981//981
f 974//974 977//977 981//981
f 967//967 979//979 976//976
f 979//979 978//978 980//980
f 974//974 981//981 970//970
f 980//980 970//970 981//981
f 978//978 967//967 968//968
f 984//984 985//985 986//986
f 983//983 982//982 987//987
f 994//994 984//984 986//986
f 987//987 988//988 985//985
f 988//988 990//990 986//986
f 994//994 986//986 990//990
f 988//988 982//982 989//989
f 990//990 992//992 994//994
f 991//991 992//992 989//989
f 991//991 982//982 995//995
f 991//991 993//993 992//992
f 993//993 984//984 994//994
f 993//993 995//995 996//996
f 995//995 982//982 983//983
f 999//999 1001//1001 1002//1002
f 998//998 997//997 1000//1000
f 1005//1005 999//999 1002//1002
f 1000//1000 1003//1003 1001//1001
f 1003//1003 997//997 1004//1004
f 1003//1003 1005//1005 1002//1002
f 1004//1004 1008//1008 1005//1005
f 1004//1004 1007//1007 1006//1006
f 1008//1008 1009//1009 1012//1012
f 1007//1007 997//997 1010//1010
f 1005//1005 1008//1008 1012//1012
f 1007//1007 1009//1009 1006//1006
f 1009//1009 1010//1010 1011//1011
f 1011//1011 999//999 1012//1012
f 1010//1010 997//997 998//998
f 1005//1005 1012//1012 999//999
usemtl field_material_29
f 1014//1014 1013//1013 1016//1016
f 1018//1018 1015//1015 1017//1017
f 1016//1016 1017//1017 1015//1015
f 1013//1013 1019//1019 1017//1017
f 1017//1017 1019//1019 1018//1018
f 1019//1019 1020//1020 1018//1018
f 1019//1019 1013//1013 1014//1014
f 1020//1020 1014//1014 1015//1015
f 1018//1018 1020//1020 1015//1015
f 1022//1022 1024//1024 1023//1023
f 1022//1022 1021//1021 1025//1025
f 1027//1027 1023//1023 1024//1024
f 1024//1024 1025//1025 1027//1027
f 1025//1025 1021//1021 1026//1026
f 1026//1026 1028//1028 1027//1027
f 1027//1027 1028//1028 1023//1023
f 1021//1021 1023//1023 1028//1028
f 1035//1035 1031//1031 1032//1032
f 1030//1030 1032//1032 1031//1031
f 1030//1030 1029//1029 1033//1033
f 1032//1032 1033//1033 1035//1035
f 1033//1033 1029//1029 1034//1034
f 1034//1034 1036//1036 1035//1035
f 1035//1035 1036//1036 1031//1031
f 1029//1029 1031//1031 1036//1036
f 1038//1038 1040//1040 1039//1039
f 1038//1038 1037//1037 1041//1041
f 1040//1040 1041//1041 1043//1043
f 1039//1039 1040//1040 1043//1043
f 1041//1041 1037//1037 1042//1042
f 1042//1042 1044//1044 1043//1043
f 1039//1039 1043//1043 1044//1044
f 1037//1037 1038//1038 1044//1044
f 1044//1044 1038//1038 1039//1039
f 1046//1046 1048//1048 1047//1047
f 1046//1046 1045//1045 1049//1049
f 1051//1051 1047//1047 1048//1048
f 1048//1048 1049//1049 1051//1051
f 1049//1049 1045//1045 1050//1050
f 1050//1050 1052//1052 1051//1051
f 1045//1045 1047//1047 1052//1052
f 1051//1051 1052//1052 1047//1047
f 1056//1056 1058//1058 1055//1055
f 1056//1056 1053//1053 1057//1057
f 1055//1055 1058//1058 1059//1059
f 1057//1057 1059//1059 1058//1058
f 1057//1057 1053//1053 1060//1060
f 1055//1055 1059//1059 1054//1054
f 1060//1060 1054//1054 1059//1059
f 1062//1062 1064//1064 1063//1063
f 1062//1062 1061//1061 1065//1065
f 1064//1064 1065//1065 1067//1067
f 1063//1063 1064//1064 1067//1067
f 1065//1065 1061//1061 1066//1066
f 1066//1066 1068//1068 1067//1067
f 1063//1063 1067//1067 1068//1068
f 1072//1072 1074//1074 1071//1071
f 1072//1072 1069//1069 1073//1073
f 1071//1071 1074//1074 1075//1075
f 1073//1073 1075//1075 1074//1074
f 1073//1073 1069//1069 1076//1076
f 1071//1071 1075//1075 1070//1070
f 1076//1076 1070//1070 1075//1075
f 1078//1078 1077//1077 1081//1081
f 1078//1078 1080//1080 1079//1079
f 1079//1079 1080//1080 1083//1083
f 1081//1081 1083//1083 1080//1080
f 1081//1081 1077//1077 1082//1082
f 1082//1082 1084//1084 1083//1083
f 1079//1079 1083//1083 1084//1084
f 1086//1086 1085//1085 1088//1088
f 1088//1088 1089//1089 1087//1087
f 1087//1087 1089//1089 1090//1090
f 1085//1085 1090//1090 1089//1089
f 1087//1087 1090//1090 1092//1092
f 1091//1091 1092//1092 1090//1090
f 1091//1091 1085//1085 1086//1086
f 1092//1092 1086//1086 1087//1087
f 1094//1094 1096//1096 1095//1095
f 1094//1094 1093//1093 1097//1097
f 1099//1099 1095//1095 1096//1096
f 1096//1096 1097//1097 1099//1099
f 1097//1097 1093//1093 1098//1098
f 1098//1098 1100//1100 1099//1099
f 1099//1099 1100//1100 1095//1095
f 1093//1093 1095//1095 1100//1100
f 1102//1102 1101//1101 1104//1104
f 1104//1104 1105//1105 1103//1103
f 1101//1101 1106//1106 1105//1105
f 1103//1103 1105//1105 1106//1106
f 1103//1103 1106//1106 1108//1108
f 1107//1107 1108//1108 1106//1106
f 1107//1107 1101//1101 1102//1102
f 1108//1108 1102//1102 1103//1103
f 1110//1110 1109//1109 1111//1111
f 1115//1115 1112//1112 1113//1113
f 1111//1111 1113//1113 1112//1112
f 1113//1113 1114//1114 1115//1115
f 1109//1109 1114//1114 1113//1113
f 1114//1114 1116//1116 1115//1115
f 1114//1114 1109//1109 1110//1110
f 1116//1116 1110//1110 1112//1112
f 1115//1115 1116//1116 1112//1112
f 1119//1119 1121//1121 1120//1120
f 1119//1119 1117//1117 1122//1122
f 1121//1121 1122//1122 1124//1124
f 1120//1120 1121//1121 1124//1124
f 1122//1122 1117//1117 1123//1123
f 1120//1120 1124//1124 1118//1118
f 1123//1123 1118//1118 1124//1124
usemtl field_material_05
f 1125//1125 1128//1128 1127//1127
f 1128//1128 1129//1129 1127//1127
f 1130//1130 1131//1131 1129//1129
f 1132//1132 1133//1133 1131//1131
f 1134//1134 1132//1132 1130//1130
f 1134//1134 1135//1135 1133//1133
f 1135//1135 1126//1126 1125//1125
f 1127//1127 1131//1131 1135//1135
usemtl field_material_03
f 1137//1137 1138//1138 1139//1139
f 1137//1137 1139//1139 1140//1140
f 1137//1137 1140//1140 1141//1141
f 1137//1137 1141//1141 1142//1142
f 1137//1137 1142//1142 1138//1138
f 1138//1138 1144//1144 1139//1139
f 1146//1146 1140//1140 1139//1139
f 1148//1148 1141//1141 1140//1140
f 1141//1141 1149//1149 1142//1142
f 1142//1142 1152//1152 1138//1138
f 1153//1153 1154//1154 1148//1148
f 1152//1152 1156//1156 1143//1143
f 1143//1143 1157//1157 1144//1144
f 1144//1144 1159//1159 1145//1145
f 1145//1145 1160//1160 1146//1146
f 1146//1146 1161//1161 1147//1147
f 1161//1161 1148//1148 1147//1147
f 1148//1148 1163//1163 1153//1153
f 1153//1153 1164//1164 1154//1154
f 1155//1155 1165//1165 1150//1150
f 1150//1150 1166//1166 1151//1151
f 1166//1166 1152//1152 1151//1151
f 1167//1167 1156//1156 1152//1152
f 1156//1156 1157//1157 1143//1143
f 1168//1168 1158//1158 1157//1157
f 1169//1169 1160//1160 1159//1159
f 1167//1167 1172//1172 1156//1156
f 1168//1168 1174//1174 1158//1158
f 1174//1174 1169//1169 1158//1158
f 1175//1175 1161//1161 1170//1170
f 1161//1161 1176//1176 1162//1162
f 1176//1176 1163//1163 1162//1162
f 1177//1177 1178//1178 1163//1163
f 1164//1164 1179//1179 1155//1155
f 1179//1179 1165//1165 1155//1155
f 1180//1180 1171//1171 1165//1165
f 1171//1171 1181//1181 1167//1167
f 1181//1181 1172//1172 1167//1167
f 1182//1182 1174//1174 1168//1168
f 1183//1183 1169//1169 1174//1174
f 1184//1184 1177//1177 1176//1176
f 1188//1188 1182//1182 1173//1173
f 1182//1182 1189//1189 1174//1174
f 1189//1189 1183//1183 1174//1174
f 1183//1183 1190//1190 1169//1169
f 1190//1190 1170//1170 1169//1169
f 1192//1192 1176//1176 1175//1175
f 1193//1193 1184//1184 1176//1176
f 1184//1184 1194//1194 1177//1177
f 1194//1194 1195//1195 1177//1177
f 1178//1178 1197//1197 1179//1179
f 1197//1197 1185//1185 1179//1179
f 1185//1185 1198//1198 1180//1180
f 1199//1199 1200//1200 1180//1180
f 1200//1200 1186//1186 1171//1171
f 1187//1187 1201//1201 1173//1173
f 1202//1202 1189//1189 1182//1182
f 1203//1203 1191//1191 1190//1190
f 1209//1209 1200//1200 1199//1199
f 1211//1211 1186//1186 1200//1200
f 1214//1214 1202//1202 1188//1188
f 1215//1215 1183//1183 1189//1189
f 1215//1215 1203//1203 1183//1183
f 1217//1217 1184//1184 1193//1193
f 1218//1218 1197//1197 1196//1196
f 1218//1218 1208//1208 1197//1197
f 1221//1221 1206//1206 1194//1194
f 1220//1220 1214//1214 1201//1201
f 1214//1214 1222//1222 1202//1202
f 1222//1222 1215//1215 1202//1202
f 1223//1223 1203//1203 1215//1215
f 1224//1224 1216//1216 1203//1203
f 1224//1224 1204//1204 1216//1216
f 1204//1204 1225//1225 1205//1205
f 1225//1225 1217//1217 1205//1205
f 1225//1225 1221//1221 1217//1217
f 1226//1226 1206//1206 1221//1221
f 1226//1226 1207//1207 1206//1206
f 1207//1207 1226//1226 1218//1218
f 1218//1218 1227//1227 1208//1208
f 1227//1227 1219//1219 1208//1208
f 1219//1219 1227//1227 1209//1209
f 1209//1209 1228//1228 1210//1210
f 1210//1210 1228//1228 1211//1211
f 1228//1228 1212//1212 1211//1211
f 1212//1212 1229//1229 1213//1213
f 1213//1213 1229//1229 1220//1220
f 1220//1220 1222//1222 1214//1214
f 1222//1222 1230//1230 1223//1223
f 1223//1223 1230//1230 1224//1224
f 1224//1224 1230//1230 1225//1225
f 1225//1225 1230//1230 1226//1226
f 1226//1226 1230//1230 1227//1227
f 1227//1227 1230//1230 1228//1228
f 1228//1228 1230//1230 1229//1229
f 1229//1229 1230//1230 1222//1222
usemtl field_material_05
f 1238//1238 1243//1243 1236//1236
f 1232//1232 1234//1234 1233//1233
f 1243//1243 1234//1234 1236//1236
f 1232//1232 1231//1231 1235//1235
f 1234//1234 1235//1235 1237//1237
f 1234//1234 1238//1238 1236//1236
f 1237//1237 1239//1239 1241//1241
f 1237//1237 1240//1240 1238//1238
f 1235//1235 1231//1231 1239//1239
f 1238//1238 1240//1240 1243//1243
f 1239//1239 1242//1242 1241//1241
f 1240//1240 1242//1242 1243//1243
f 1242//1242 1231//1231 1233//1233
f 1245//1245 1247//1247 1246//1246
f 1256//1256 1247//1247 1249//1249
f 1245//1245 1244//1244 1250//1250
f 1245//1245 1248//1248 1247//1247
f 1248//1248 1252//1252 1249//1249
f 1248//1248 1251//1251 1253//1253
f 1250//1250 1244//1244 1251//1251
f 1249//1249 1252//1252 1254//1254
f 1252//1252 1253//1253 1254//1254
f 1251//1251 1255//1255 1253//1253
f 1249//1249 1254//1254 1256//1256
f 1255//1255 1244//1244 1246//1246
f 1255//1255 1256//1256 1254//1254
f 1268//1268 1259//1259 1258//1258
f 1269//1269 1259//1259 1261//1261
f 1266//1266 1269//1269 1261//1261
f 1257//1257 1260//1260 1259//1259
f 1260//1260 1264//1264 1261//1261
f 1266//1266 1261//1261 1264//1264
f 1260//1260 1263//1263 1265//1265
f 1262//1262 1257//1257 1263//1263
f 1264//1264 1265//1265 1266//1266
f 1263//1263 1267//1267 1265//1265
f 1267//1267 1268//1268 1258//1258
f 1267//1267 1269//1269 1266//1266
f 1263//1263 1257//1257 1268//1268
f 1273//1273 1274//1274 1277//1277
f 1272//1272 1270//1270 1275//1275
f 1272//1272 1274//1274 1271//1271
f 1274//1274 1275//1275 1276//1276
f 1276//1276 1279//1279 1277//1277
f 1275//1275 1270//1270 1278//1278
f 1278//1278 1280//1280 1276//1276
f 1279//1279 1280//1280 1281//1281
f 1277//1277 1279//1279 1281//1281
f 1280//1280 1270//1270 1282//1282
f 1277//1277 1281//1281 1273//1273
f 1282//1282 1272//1272 1271//1271
f 1282//1282 1273//1273 1281//1281
f 1285//1285 1288//1288 1286//1286
f 1285//1285 1283//1283 1287//1287
f 1292//1292 1284//1284 1289//1289
f 1288//1288 1289//1289 1284//1284
f 1287//1287 1283//1283 1291//1291
f 1288//1288 1291//1291 1290//1290
f 1289//1289 1290//1290 1292//1292
f 1292//1292 1293//1293 1294//1294
f 1291//1291 1293//1293 1290//1290
f 1293//1293 1284//1284 1294//1294
f 1292//1292 1294//1294 1284//1284
f 1293//1293 1285//1285 1286//1286
f 1295//1295 1296//1296 1303//1303
f 1297//1297 1298//1298 1296//1296
f 1299//1299 1300//1300 1298//1298
f 1302//1302 1301//1301 1300//1300
f 1301//1301 1304//1304 1303//1303
f 1301//1301 1303//1303 1296//1296
usemtl field_material_27
f 1306//1306 1311//1311 1307//1307
f 1309//1309 1310//1310 1306//1306
f 1311//1311 1315//1315 1308//1308
f 1310//1310 1312//1312 1313//1313
f 1324//1324 1308//1308 1315//1315
f 1310//1310 1314//1314 1311//1311
f 1309//1309 1305//1305 1312//1312
f 1315//1315 1317//1317 1321//1321
f 1312//1312 1316//1316 1313//1313
f 1324//1324 1315//1315 1321//1321
f 1313//1313 1317//1317 1314//1314
f 1316//1316 1318//1318 1319//1319
f 1316//1316 1320//1320 1317//1317
f 1312//1312 1305//1305 1318//1318
f 1320//1320 1324//1324 1321//1321
f 1318//1318 1322//1322 1319//1319
f 1319//1319 1323//1323 1320//1320
f 1323//1323 1330//1330 1324//1324
f 1322//1322 1325//1325 1326//1326
f 1322//1322 1327//1327 1323//1323
f 1318//1318 1305//1305 1325//1325
f 1325//1325 1328//1328 1326//1326
f 1326//1326 1329//1329 1327//1327
f 1330//1330 1307//1307 1308//1308
f 1325//1325 1306//1306 1328//1328
f 1324//1324 1330//1330 1308//1308
f 1328//1328 1307//1307 1329//1329
f 1325//1325 1305//1305 1309//1309
usemtl field_material_25
f 1339//1339 1334//1334 1336//1336
f 1333//1333 1331//1331 1335//1335
f 1333//1333 1336//1336 1334//1334
f 1336//1336 1338//1338 1339//1339
f 1337//1337 1331//1331 1340//1340
f 1340//1340 1341//1341 1338//1338
f 1339//1339 1341//1341 1343//1343
f 1340//1340 1331//1331 1344//1344
f 1341//1341 1344//1344 1342//1342
f 1342//1342 1345//1345 1343//1343
f 1339//1339 1343//1343 1345//1345
f 1342//1342 1344//1344 1345//1345
f 1345//1345 1346//1346 1334//1334
f 1344//1344 1331//1331 1332//1332
f 1339//1339 1345//1345 1334//1334
f 1344//1344 1346//1346 1345//1345
f 1332//1332 1333//1333 1346//1346
f 1349//1349 1348//1348 1351//1351
f 1351//1351 1355//1355 1350//1350
f 1348//1348 1347//1347 1352//1352
f 1362//1362 1350//1350 1355//1355
f 1352//1352 1347//1347 1353//1353
f 1362//1362 1355//1355 1357//1357
f 1353//1353 1356//1356 1354//1354
f 1355//1355 1356//1356 1357//1357
f 1356//1356 1358//1358 1359//1359
f 1353//1353 1347//1347 1358//1358
f 1362//1362 1357//1357 1360//1360
f 1359//1359 1358//1358 1360//1360
f 1359//1359 1360//1360 1357//1357
f 1358//1358 1361//1361 1360//1360
f 1360//1360 1361//1361 1362//1362
f 1347//1347 1349//1349 1361//1361
f 1362//1362 1349//1349 1350//1350
f 1364//1364 1367//1367 1379//1379
f 1364//1364 1365//1365 1366//1366
f 1366//1366 1369//1369 1367//1367
f 1365//1365 1363//1363 1368//1368
f 1366//1366 1368//1368 1369//1369
f 1369//1369 1370//1370 1373//1373
f 1368//1368 1363//1363 1371//1371
f 1367//1367 1369//1369 1373//1373
f 1368//1368 1370//1370 1369//1369
f 1371//1371 1372//1372 1370//1370
f 1372//1372 1377//1377 1373//1373
f 1371//1371 1363//1363 1375//1375
f 1367//1367 1373//1373 1377//1377
f 1372//1372 1375//1375 1374//1374
f 1374//1374 1375//1375 1376//1376
f 1375//1375 1378//1378 1376//1376
f 1377//1377 1378//1378 1379//1379
f 1367//1367 1377//1377 1379//1379
f 1363//1363 1364//1364 1378//1378
f 1382//1382 1380//1380 1384//1384
f 1388//1388 1383//1383 1386//1386
f 1384//1384 1385//1385 1386//1386
f 1384//1384 1386//1386 1383//1383
f 1385//1385 1387//1387 1386//1386
f 1386//1386 1387//1387 1388//1388
f 1385//1385 1389//1389 1387//1387
f 1388//1388 1389//1389 1390//1390
f 1385//1385 1380//1380 1391//1391
f 1389//1389 1391//1391 1392//1392
f 1392//1392 1395//1395 1390//1390
f 1391//1391 1380//1380 1393//1393
f 1388//1388 1390//1390 1395//1395
f 1393//1393 1380//1380 1381//1381
f 1395//1395 1382//1382 1383//1383
f 1388//1388 1395//1395 1383//1383
f 1381//1381 1382//1382 1394//1394
f 1397//1397 1399//1399 1398//1398
f 1397//1397 1401//1401 1412//1412
f 1410//1410 1396//1396 1399//1399
f 1407//1407 1412//1412 1401//1401
f 1398//1398 1399//1399 1400//1400
f 1401//1401 1403//1403 1405//1405
f 1399//1399 1396//1396 1402//1402
f 1407//1407 1401//1401 1405//1405
f 1399//1399 1403//1403 1400//1400
f 1402//1402 1404//1404 1403//1403
f 1404//1404 1396//1396 1406//1406
f 1404//1404 1407//1407 1405//1405
f 1406//1406 1408//1408 1409//1409
f 1406//1406 1409//1409 1407//1407
f 1407//1407 1409//1409 1412//1412
f 1408//1408 1411//1411 1409//1409
f 1409//1409 1411//1411 1412//1412
f 1408//1408 1396//1396 1410//1410
f 1410//1410 1397//1397 1411//1411
usemtl field_material_05
f 5//5 4//4 9//9
f 2//2 7//7 8//8
f 3//3 8//8 9//9
f 9//9 13//13 14//14
f 7//7 11//11 12//12
f 8//8 12//12 13//13
f 14//14 13//13 17//17
f 11//11 15//15 16//16
f 12//12 16//16 17//17
f 17//17 21//21 22//22
f 15//15 19//19 20//20
f 16//16 20//20 21//21
f 22//22 21//21 25//25
f 19//19 23//23 24//24
f 20//20 24//24 25//25
f 25//25 29//29 30//30
f 23//23 27//27 28//28
f 24//24 28//28 29//29
f 30//30 29//29 33//33
f 27//27 31//31 32//32
f 28//28 32//32 33//33
f 33//33 4//4 5//5
f 31//31 2//2 3//3
f 32//32 3//3 4//4
f 35//35 36//36 38//38
f 37//37 38//38 40//40
f 39//39 40//40 42//42
f 41//41 42//42 44//44
f 40//40 38//38 44//44
f 38//38 36//36 44//44
f 36//36 46//46 44//44
f 44//44 46//46 45//45
f 46//46 36//36 35//35
f 45//45 35//35 37//37
f 37//37 39//39 41//41
f 41//41 43//43 37//37
usemtl field_material_07
f 48//48 50//50 49//49
f 50//50 52//52 51//51
f 52//52 54//54 53//53
f 53//53 54//54 56//56
f 55//55 56//56 58//58
f 57//57 58//58 60//60
f 59//59 60//60 62//62
f 62//62 64//64 63//63
f 64//64 65//65 63//63
usemtl field_material_05
f 67//67 68//68 66//66
f 68//68 71//71 69//69
f 68//68 67//67 71//71
f 71//71 67//67 70//70
usemtl field_material_07
f 73//73 75//75 74//74
f 74//74 75//75 77//77
f 76//76 77//77 79//79
f 78//78 79//79 81//81
f 80//80 81//81 83//83
f 83//83 85//85 84//84
f 85//85 87//87 86//86
f 87//87 89//89 88//88
usemtl field_material_05
f 92//92 94//94 91//91
f 94//94 96//96 93//93
f 92//92 96//96 94//94
f 95//95 96//96 92//92
f 95//95 91//91 93//93
usemtl field_material_07
f 98//98 100//100 99//99
f 100//100 102//102 101//101
f 101//101 102//102 104//104
f 104//104 106//106 105//105
f 105//105 106//106 108//108
f 108//108 110//110 109//109
f 109//109 110//110 112//112
f 112//112 114//114 113//113
usemtl field_material_05
f 117//117 119//119 116//116
f 117//117 121//121 119//119
f 118//118 119//119 121//121
f 121//121 117//117 120//120
f 120//120 116//116 118//118
f 123//123 125//125 124//124
f 125//125 127//127 126//126
f 127//127 129//129 128//128
f 129//129 131//131 130//130
f 127//127 125//125 123//123
f 123//123 133//133 131//131
f 131//131 129//129 127//127
f 131//131 133//133 132//132
f 133//133 123//123 122//122
f 132//132 122//122 124//124
f 124//124 126//126 132//132
f 126//126 128//128 132//132
usemtl field_material_07
f 135//135 137//137 136//136
f 137//137 139//139 138//138
f 138//138 139//139 141//141
f 141//141 143//143 142//142
f 143//143 145//145 144//144
f 145//145 147//147 146//146
f 146//146 147//147 149//149
f 149//149 151//151 150//150
usemtl field_material_05
f 154//154 156//156 153//153
f 156//156 158//158 155//155
f 157//157 158//158 154//154
f 153//153 155//155 157//157
usemtl field_material_07
f 160//160 162//162 161//161
f 161//161 162//162 164//164
f 164//164 166//166 165//165
f 165//165 166//166 168//168
f 167//167 168//168 170//170
f 170//170 172//172 171//171
f 171//171 172//172 174//174
f 173//173 174//174 176//176
f 176//176 177//177 175//175
usemtl field_material_05
f 178//178 179//179 181//181
f 181//181 183//183 180//180
f 181//181 179//179 183//183
f 183//183 179//179 182//182
f 182//182 178//178 180//180
usemtl field_material_07
f 185//185 187//187 186//186
f 187//187 189//189 188//188
f 189//189 191//191 190//190
f 191//191 193//193 192//192
f 192//192 193//193 195//195
f 195//195 197//197 196//196
f 196//196 197//197 199//199
f 199//199 201//201 200//200
usemtl field_material_05
f 203//203 204//204 206//206
f 206//206 204//204 207//207
f 208//208 209//209 211//211
f 210//210 211//211 213//213
f 212//212 213//213 215//215
f 214//214 215//215 217//217
f 213//213 211//211 209//209
f 209//209 219//219 217//217
f 217//217 215//215 213//213
f 216//216 217//217 219//219
f 218//218 219//219 209//209
f 218//218 208//208 210//210
f 210//210 212//212 214//214
f 214//214 216//216 210//210
usemtl field_material_17
f 221//221 223//223 222//222
f 223//223 225//225 224//224
f 225//225 227//227 226//226
f 227//227 229//229 228//228
f 229//229 231//231 230//230
f 231//231 233//233 232//232
f 233//233 235//235 234//234
f 235//235 237//237 236//236
f 237//237 238//238 236//236
usemtl field_material_05
f 239//239 240//240 242//242
f 242//242 244//244 241//241
f 243//243 244//244 240//240
f 243//243 239//239 241//241
usemtl field_material_17
f 246//246 248//248 247//247
f 248//248 250//250 249//249
f 249//249 250//250 252//252
f 251//251 252//252 254//254
f 253//253 254//254 256//256
f 255//255 256//256 258//258
f 257//257 258//258 260//260
f 259//259 260//260 262//262
f 262//262 263//263 261//261
usemtl field_material_05
f 264//264 265//265 267//267
f 266//266 267//267 269//269
f 267//267 265//265 269//269
f 269//269 265//265 268//268
f 268//268 264//264 266//266
usemtl field_material_17
f 271//271 273//273 272//272
f 273//273 275//275 274//274
f 275//275 277//277 276//276
f 276//276 277//277 279//279
f 278//278 279//279 281//281
f 281//281 283//283 282//282
f 283//283 285//285 284//284
f 285//285 287//287 286//286
usemtl field_material_05
f 290//290 292//292 289//289
f 291//291 292//292 294//294
f 292//292 290//290 294//294
f 294//294 290//290 293//293
f 296//296 298//298 297//297
f 298//298 300//300 299//299
f 299//299 300//300 302//302
f 302//302 304//304 303//303
f 300//300 298//298 296//296
f 296//296 306//306 304//304
f 304//304 302//302 300//300
f 303//303 304//304 306//306
f 306//306 296//296 295//295
f 305//305 295//295 297//297
f 297//297 299//299 301//301
f 301//301 303//303 305//305
usemtl field_material_07
f 308//308 310//310 309//309
f 310//310 312//312 311//311
f 312//312 314//314 313//313
f 314//314 316//316 315//315
f 316//316 318//318 317//317
f 318//318 320//320 319//319
f 320//320 322//322 321//321
f 322//322 324//324 323//323
f 324//324 325//325 323//323
usemtl field_material_05
f 326//326 327//327 329//329
f 329//329 331//331 328//328
f 331//331 329//329 327//327
f 331//331 327//327 330//330
f 330//330 326//326 328//328
usemtl field_material_07
f 333//333 335//335 334//334
f 335//335 337//337 336//336
f 337//337 339//339 338//338
f 339//339 341//341 340//340
f 341//341 343//343 342//342
f 343//343 345//345 344//344
f 345//345 347//347 346//346
f 347//347 349//349 348//348
usemtl field_material_05
f 352//352 354//354 351//351
f 353//353 354//354 356//356
f 354//354 352//352 356//356
f 356//356 352//352 355//355
f 351//351 353//353 355//355
usemtl field_material_07
f 358//358 360//360 359//359
f 360//360 362//362 361//361
f 362//362 364//364 363//363
f 364//364 366//366 365//365
f 366//366 368//368 367//367
f 368//368 370//370 369//369
f 369//369 370//370 372//372
f 372//372 374//374 373//373
usemtl field_material_05
f 376//376 377//377 378//378
f 378//378 380//380 379//379
f 380//380 378//378 377//377
f 380//380 377//377 381//381
f 382//382 383//383 385//385
f 385//385 387//387 386//386
f 387//387 389//389 388//388
f 388//388 389//389 391//391
f 387//387 385//385 383//383
f 383//383 393//393 387//387
f 393//393 391//391 387//387
f 391//391 393//393 392//392
f 392//392 393//393 383//383
f 392//392 382//382 384//384
f 384//384 386//386 388//388
f 388//388 390//390 384//384
usemtl field_material_07
f 395//395 397//397 396//396
f 397//397 399//399 398//398
f 398//398 399//399 401//401
f 401//401 403//403 402//402
f 403//403 405//405 404//404
f 405//405 407//407 406//406
f 407//407 409//409 408//408
f 408//408 409//409 411//411
f 411//411 412//412 410//410
usemtl field_material_05
f 413//413 414//414 415//415
f 415//415 417//417 413//413
f 414//414 417//417 415//415
f 416//416 417//417 414//414
usemtl field_material_07
f 419//419 421//421 420//420
f 420//420 421//421 423//423
f 423//423 425//425 424//424
f 425//425 427//427 426//426
f 427//427 429//429 428//428
f 429//429 431//431 430//430
f 431//431 433//433 432//432
f 433//433 435//435 434//434
usemtl field_material_05
f 438//438 439//439 441//441
f 439//439 442//442 441//441
f 440//440 441//441 442//442
f 442//442 439//439 437//437
f 440//440 437//437 438//438
usemtl field_material_07
f 443//443 444//444 446//446
f 445//445 446//446 448//448
f 448//448 450//450 449//449
f 450//450 452//452 451//451
f 451//451 452//452 454//454
f 453//453 454//454 456//456
f 456//456 458//458 457//457
f 458//458 460//460 459//459
f 460//460 461//461 459//459
usemtl field_material_05
f 463//463 465//465 462//462
f 465//465 467//467 464//464
f 463//463 467//467 465//465
f 466//466 467//467 463//463
f 468//468 469//469 471//471
f 470//470 471//471 473//473
f 472//472 473//473 475//475
f 475//475 477//477 476//476
f 473//473 471//471 469//469
f 469//469 479//479 473//473
f 479//479 477//477 473//473
f 477//477 479//479 478//478
f 479//479 469//469 468//468
f 478//478 468//468 470//470
f 470//470 472//472 478//478
f 472//472 474//474 478//478
usemtl field_material_07
f 481//481 483//483 482//482
f 482//482 483//483 485//485
f 485//485 487//487 486//486
f 487//487 489//489 488//488
f 489//489 491//491 490//490
f 490//490 491//491 493//493
f 492//492 493//493 495//495
f 494//494 495//495 497//497
f 497//497 498//498 496//496
usemtl field_material_05
f 500//500 501//501 499//499
f 501//501 504//504 502//502
f 500//500 504//504 501//501
f 504//504 500//500 503//503
f 503//503 499//499 502//502
usemtl field_material_07
f 505//505 506//506 508//508
f 507//507 508//508 510//510
f 509//509 510//510 512//512
f 511//511 512//512 514//514
f 513//513 514//514 516//516
f 516//516 518//518 517//517
f 518//518 520//520 519//519
f 520//520 522//522 521//521
f 522//522 523//523 521//521
usemtl field_material_05
f 524//524 525//525 527//527
f 527//527 529//529 526//526
f 529//529 527//527 525//525
f 529//529 525//525 528//528
f 524//524 526//526 528//528
usemtl field_material_07
f 531//531 533//533 532//532
f 532//532 533//533 535//535
f 534//534 535//535 537//537
f 537//537 539//539 538//538
f 539//539 541//541 540//540
f 541//541 543//543 542//542
f 543//543 545//545 544//544
f 545//545 547//547 546//546
f 547//547 548//548 546//546
usemtl field_material_05
f 549//549 550//550 552//552
f 552//552 554//554 551//551
f 552//552 550//550 554//554
f 554//554 550//550 553//553
f 549//549 551//551 553//553
f 555//555 556//556 558//558
f 558//558 560//560 559//559
f 560//560 562//562 561//561
f 562//562 564//564 563//563
f 560//560 558//558 556//556
f 556//556 566//566 564//564
f 564//564 562//562 556//556
f 564//564 566//566 565//565
f 565//565 566//566 556//556
f 565//565 555//555 561//561
f 555//555 557//557 561//561
f 557//557 559//559 561//561
usemtl field_material_23
f 568//568 570//570 569//569
f 570//570 572//572 571//571
f 572//572 574//574 573//573
f 573//573 574//574 576//576
f 575//575 576//576 578//578
f 578//578 580//580 579//579
f 580//580 582//582 581//581
f 582//582 584//584 583//583
usemtl field_material_05
f 587//587 589//589 586//586
f 589//589 591//591 588//588
f 587//587 591//591 589//589
f 590//590 591//591 587//587
f 590//590 586//586 588//588
usemtl field_material_23
f 593//593 595//595 594//594
f 595//595 597//597 596//596
f 596//596 597//597 599//599
f 599//599 601//601 600//600
f 600//600 601//601 603//603
f 602//602 603//603 605//605
f 604//604 605//605 607//607
f 607//607 609//609 608//608
usemtl field_material_05
f 612//612 614//614 613//613
f 614//614 616//616 613//613
f 612//612 616//616 614//614
f 616//616 612//612 615//615
f 615//615 611//611 613//613
usemtl field_material_23
f 618//618 620//620 619//619
f 619//619 620//620 622//622
f 622//622 624//624 623//623
f 623//623 624//624 626//626
f 626//626 628//628 627//627
f 627//627 628//628 630//630
f 629//629 630//630 632//632
f 631//631 632//632 634//634
usemtl field_material_05
f 639//639 636//636 638//638
f 638//638 636//636 637//637
f 640//640 641//641 643//643
f 642//642 643//643 645//645
f 644//644 645//645 647//647
f 647//647 649//649 648//648
f 645//645 643//643 641//641
f 641//641 651//651 645//645
f 651//651 649//649 645//645
f 649//649 651//651 650//650
f 651//651 641//641 640//640
f 650//650 640//640 642//642
f 642//642 644//644 650//650
f 644//644 646//646 650//650
usemtl field_material_13
f 667//667 660//660 654//654
f 660//660 661//661 654//654
f 654//654 661//661 662//662
f 655//655 662//662 663//663
f 664//664 665//665 657//657
f 665//665 666//666 658//658
f 658//658 666//666 669//669
f 658//658 669//669 659//659
f 670//670 671//671 653//653
f 671//671 672//672 667//667
f 672//672 673//673 660//660
f 661//661 673//673 674//674
f 662//662 674//674 668//668
f 675//675 676//676 664//664
f 676//676 677//677 665//665
f 666//666 677//677 678//678
f 678//678 679//679 669//669
f 669//669 679//679 670//670
f 672//672 680//680 681//681
f 681//681 674//674 673//673
f 682//682 683//683 668//668
f 675//675 684//684 685//685
f 676//676 685//685 677//677
f 686//686 692//692 678//678
f 678//678 687//687 679//679
f 688//688 689//689 671//671
f 681//681 690//690 674//674
f 685//685 691//691 677//677
f 693//693 688//688 670//670
f 682//682 695//695 683//683
f 685//685 697//697 691//691
f 691//691 698//698 686//686
f 698//698 699//699 692//692
f 687//687 700//700 693//693
f 688//688 701//701 702//702
f 702//702 703//703 689//689
f 703//703 704//704 680//680
f 704//704 705//705 681//681
f 690//690 706//706 707//707
f 707//707 708//708 682//682
f 697//697 710//710 691//691
f 710//710 711//711 691//691
f 712//712 713//713 687//687
f 700//700 714//714 693//693
f 714//714 701//701 688//688
f 701//701 715//715 716//716
f 701//701 716//716 702//702
f 703//703 717//717 704//704
f 707//707 718//718 719//719
f 707//707 719//719 708//708
f 708//708 720//720 695//695
f 720//720 721//721 696//696
f 696//696 721//721 722//722
f 709//709 723//723 697//697
f 713//713 724//724 700//700
f 700//700 724//724 714//714
f 714//714 715//715 701//701
f 702//702 725//725 703//703
f 705//705 732//732 694//694
f 719//719 726//726 708//708
f 708//708 726//726 720//720
f 709//709 727//727 723//723
f 723//723 733//733 710//710
f 711//711 728//728 698//698
f 698//698 728//728 734//734
f 724//724 730//730 714//714
f 716//716 725//725 702//702
f 717//717 731//731 705//705
f 706//706 732//732 718//718
f 735//735 736//736 716//716
f 725//725 736//736 737//737
f 732//732 737//737 738//738
f 738//738 739//739 720//720
f 739//739 740//740 727//727
f 740//740 741//741 733//733
f 728//728 741//741 742//742
f 742//742 735//735 724//724
usemtl field_material_05
f 745//745 747//747 749//749
f 746//746 755//755 749//749
f 749//749 747//747 751//751
f 749//749 752//752 750//750
f 751//751 744//744 754//754
f 750//750 752//752 754//754
f 754//754 755//755 746//746
f 754//754 744//744 745//745
f 758//758 767//767 760//760
f 757//757 759//759 760//760
f 760//760 764//764 762//762
f 764//764 759//759 763//763
f 762//762 764//764 766//766
f 763//763 756//756 766//766
f 766//766 767//767 758//758
f 767//767 756//756 757//757
f 769//769 772//772 771//771
f 779//779 770//770 771//771
f 771//771 772//772 774//774
f 771//771 776//776 775//775
f 774//774 768//768 778//778
f 775//775 776//776 778//778
f 778//778 768//768 769//769
f 778//778 770//770 779//779
f 781//781 780//780 785//785
f 782//782 783//783 785//785
f 785//785 780//780 786//786
f 785//785 788//788 787//787
f 786//786 790//790 791//791
f 787//787 788//788 791//791
f 791//791 783//783 782//782
f 791//791 790//790 781//781
f 794//794 795//795 796//796
f 793//793 792//792 796//796
f 796//796 799//799 797//797
f 799//799 792//792 798//798
f 797//797 799//799 800//800
f 798//798 802//802 803//803
f 801//801 800//800 803//803
f 803//803 802//802 793//793
f 803//803 795//795 794//794
f 806//806 808//808 807//807
f 808//808 810//810 809//809
f 809//809 810//810 812//812
f 811//811 812//812 814//814
f 810//810 808//808 814//814
f 808//808 806//806 814//814
f 806//806 816//816 814//814
f 814//814 816//816 815//815
f 815//815 816//816 806//806
f 815//815 805//805 807//807
f 807//807 809//809 815//815
f 809//809 811//811 815//815
usemtl field_material_09
f 823//823 824//824 818//818
f 818//818 824//824 825//825
f 818//818 825//825 826//826
f 826//826 827//827 819//819
f 827//827 828//828 820//820
f 828//828 829//829 820//820
f 821//821 829//829 830//830
f 821//821 830//830 837//837
f 832//832 833//833 822//822
f 833//833 823//823 822//822
f 826//826 835//835 827//827
f 835//835 828//828 827//827
f 837//837 832//832 831//831
f 823//823 838//838 839//839
f 839//839 840//840 824//824
f 840//840 841//841 825//825
f 841//841 842//842 834//834
f 842//842 843//843 826//826
f 835//835 843//843 844//844
f 844//844 845//845 828//828
f 845//845 846//846 829//829
f 829//829 846//846 847//847
f 836//836 847//847 848//848
f 848//848 849//849 830//830
f 849//849 850//850 837//837
f 832//832 850//850 851//851
f 851//851 838//838 823//823
f 839//839 852//852 840//840
f 840//840 852//852 853//853
f 841//841 853//853 854//854
f 855//855 856//856 843//843
f 856//856 857//857 844//844
f 858//858 859//859 846//846
f 859//859 860//860 847//847
f 861//861 862//862 849//849
f 862//862 863//863 850//850
f 851//851 864//864 838//838
f 859//859 870//870 860//860
f 862//862 872//872 863//863
f 874//874 865//865 838//838
f 865//865 875//875 876//876
f 865//865 876//876 852//852
f 855//855 877//877 868//868
f 869//869 878//878 858//858
f 878//878 879//879 870//870
f 860//860 880//880 871//871
f 874//874 875//875 865//865
f 881//881 882//882 866//866
f 882//882 883//883 866//866
f 883//883 884//884 854//854
f 884//884 885//885 867//867
f 885//885 886//886 855//855
f 887//887 888//888 857//857
f 888//888 889//889 869//869
f 870//870 890//890 891//891
f 892//892 893//893 872//872
f 872//872 893//893 894//894
f 872//872 894//894 895//895
f 863//863 895//895 896//896
f 873//873 896//896 897//897
f 897//897 898//898 874//874
f 899//899 900//900 876//876
f 877//877 901//901 887//887
f 887//887 902//902 888//888
f 888//888 902//902 903//903
f 889//889 903//903 878//878
f 878//878 904//904 879//879
f 905//905 906//906 892//892
f 882//882 908//908 883//883
f 883//883 908//908 909//909
f 887//887 911//911 902//902
f 903//903 912//912 878//878
f 878//878 912//912 904//904
f 893//893 914//914 894//894
f 894//894 914//914 895//895
f 915//915 916//916 897//897
f 916//916 917//917 898//898
f 906//906 922//922 893//893
f 914//914 923//923 895//895
f 924//924 925//925 918//918
f 925//925 926//926 908//908
f 926//926 927//927 920//920
f 927//927 928//928 911//911
f 928//928 929//929 903//903
f 929//929 930//930 904//904
f 913//913 930//930 931//931
f 931//931 932//932 906//906
f 922//922 932//932 933//933
f 933//933 934//934 915//915
f 917//917 934//934 924//924
usemtl field_material_05
f 939//939 937//937 940//940
f 938//938 941//941 940//940
f 940//940 942//942 943//943
f 942//942 941//941 944//944
f 944//944 936//936 948//948
f 947//947 946//946 948//948
f 948//948 949//949 950//950
f 949//949 936//936 938//938
f 949//949 937//937 950//950
f 953//953 952//952 954//954
f 952//952 955//955 954//954
f 957//957 954//954 956//956
f 956//956 958//958 960//960
f 956//956 955//955 959//959
f 960//960 958//958 961//961
f 959//959 951//951 961//961
f 951//951 963//963 964//964
f 962//962 961//961 964//964
f 964//964 966//966 965//965
f 966//966 963//963 952//952
f 966//966 952//952 953//953
f 970//970 968//968 969//969
f 968//968 971//971 969//969
f 970//970 969//969 972//972
f 972//972 973//973 974//974
f 972//972 971//971 975//975
f 973//973 976//976 977//977
f 975//975 967//967 976//976
f 977//977 976//976 979//979
f 967//967 978//978 979//979
f 979//979 980//980 981//981
f 980//980 978//978 968//968
f 980//980 968//968 970//970
f 984//984 983//983 985//985
f 983//983 987//987 985//985
f 986//986 985//985 988//988
f 988//988 989//989 990//990
f 988//988 987//987 982//982
f 989//989 982//982 991//991
f 990//990 989//989 992//992
f 994//994 992//992 993//993
f 991//991 995//995 993//993
f 993//993 996//996 984//984
f 996//996 995//995 983//983
f 996//996 983//983 984//984
f 999//999 998//998 1001//1001
f 998//998 1000//1000 1001//1001
f 1002//1002 1001//1001 1003//1003
f 1003//1003 1000//1000 997//997
f 1003//1003 1004//1004 1005//1005
f 1004//1004 1006//1006 1008//1008
f 1004//1004 997//997 1007//1007
f 1008//1008 1006//1006 1009//1009
f 1007//1007 1010//1010 1009//1009
f 1009//1009 1011//1011 1012//1012
f 1011//1011 998//998 999//999
f 1011//1011 1010//1010 998//998
usemtl field_material_29
f 1014//1014 1016//1016 1015//1015
f 1016//1016 1013//1013 1017//1017
f 1019//1019 1014//1014 1020//1020
f 1023//1023 1021//1021 1022//1022
f 1022//1022 1025//1025 1024//1024
f 1025//1025 1026//1026 1027//1027
f 1026//1026 1021//1021 1028//1028
f 1031//1031 1029//1029 1030//1030
f 1030//1030 1033//1033 1032//1032
f 1033//1033 1034//1034 1035//1035
f 1034//1034 1029//1029 1036//1036
f 1038//1038 1041//1041 1040//1040
f 1041//1041 1042//1042 1043//1043
f 1042//1042 1037//1037 1044//1044
f 1047//1047 1045//1045 1046//1046
f 1046//1046 1049//1049 1048//1048
f 1049//1049 1050//1050 1051//1051
f 1050//1050 1045//1045 1052//1052
f 1054//1054 1053//1053 1056//1056
f 1054//1054 1056//1056 1055//1055
f 1056//1056 1057//1057 1058//1058
f 1059//1059 1057//1057 1060//1060
f 1060//1060 1053//1053 1054//1054
f 1068//1068 1062//1062 1063//1063
f 1068//1068 1061//1061 1062//1062
f 1062//1062 1065//1065 1064//1064
f 1065//1065 1066//1066 1067//1067
f 1066//1066 1061//1061 1068//1068
f 1070//1070 1069//1069 1072//1072
f 1070//1070 1072//1072 1071//1071
f 1072//1072 1073//1073 1074//1074
f 1075//1075 1073//1073 1076//1076
f 1076//1076 1069//1069 1070//1070
f 1084//1084 1078//1078 1079//1079
f 1084//1084 1077//1077 1078//1078
f 1078//1078 1081//1081 1080//1080
f 1083//1083 1081//1081 1082//1082
f 1082//1082 1077//1077 1084//1084
f 1086//1086 1088//1088 1087//1087
f 1088//1088 1085//1085 1089//1089
f 1090//1090 1085//1085 1091//1091
f 1091//1091 1086//1086 1092//1092
f 1095//1095 1093//1093 1094//1094
f 1094//1094 1097//1097 1096//1096
f 1097//1097 1098//1098 1099//1099
f 1098//1098 1093//1093 1100//1100
f 1102//1102 1104//1104 1103//1103
f 1104//1104 1101//1101 1105//1105
f 1106//1106 1101//1101 1107//1107
f 1107//1107 1102//1102 1108//1108
f 1110//1110 1111//1111 1112//1112
f 1111//1111 1109//1109 1113//1113
f 1114//1114 1110//1110 1116//1116
f 1118//1118 1117//1117 1119//1119
f 1118//1118 1119//1119 1120//1120
f 1119//1119 1122//1122 1121//1121
f 1122//1122 1123//1123 1124//1124
f 1123//1123 1117//1117 1118//1118
usemtl field_material_05
f 1125//1125 1126//1126 1128//1128
f 1128//1128 1130//1130 1129//1129
f 1130//1130 1132//1132 1131//1131
f 1132//1132 1134//1134 1133//1133
f 1130//1130 1128//1128 1126//1126
f 1126//1126 1136//1136 1130//1130
f 1136//1136 1134//1134 1130//1130
f 1134//1134 1136//1136 1135//1135
f 1135//1135 1136//1136 1126//1126
f 1135//1135 1125//1125 1127//1127
f 1127//1127 1129//1129 1131//1131
f 1131//1131 1133//1133 1135//1135
usemtl field_material_03
f 1138//1138 1143//1143 1144//1144
f 1139//1139 1144//1144 1145//1145
f 1145//1145 1146//1146 1139//1139
f 1146//1146 1147//1147 1140//1140
f 1140//1140 1147//1147 1148//1148
f 1148//1148 1154//1154 1141//1141
f 1141//1141 1154//1154 1149//1149
f 1149//1149 1150//1150 1142//1142
f 1142//1142 1150//1150 1151//1151
f 1151//1151 1152//1152 1142//1142
f 1138//1138 1152//1152 1143//1143
f 1154//1154 1155//1155 1149//1149
f 1149//1149 1155//1155 1150//1150
f 1157//1157 1158//1158 1144//1144
f 1144//1144 1158//1158 1159//1159
f 1145//1145 1159//1159 1160//1160
f 1146//1146 1160//1160 1161//1161
f 1161//1161 1162//1162 1148//1148
f 1162//1162 1163//1163 1148//1148
f 1154//1154 1164//1164 1155//1155
f 1150//1150 1165//1165 1166//1166
f 1166//1166 1167//1167 1152//1152
f 1159//1159 1158//1158 1169//1169
f 1169//1169 1170//1170 1160//1160
f 1160//1160 1170//1170 1161//1161
f 1163//1163 1178//1178 1153//1153
f 1153//1153 1178//1178 1164//1164
f 1165//1165 1171//1171 1166//1166
f 1166//1166 1171//1171 1167//1167
f 1172//1172 1157//1157 1156//1156
f 1157//1157 1173//1173 1168//1168
f 1161//1161 1175//1175 1176//1176
f 1176//1176 1177//1177 1163//1163
f 1164//1164 1178//1178 1179//1179
f 1179//1179 1180//1180 1165//1165
f 1172//1172 1173//1173 1157//1157
f 1173//1173 1182//1182 1168//1168
f 1170//1170 1192//1192 1175//1175
f 1177//1177 1195//1195 1178//1178
f 1179//1179 1185//1185 1180//1180
f 1180//1180 1200//1200 1171//1171
f 1171//1171 1186//1186 1181//1181
f 1181//1181 1187//1187 1172//1172
f 1172//1172 1187//1187 1173//1173
f 1190//1190 1191//1191 1170//1170
f 1170//1170 1191//1191 1192//1192
f 1192//1192 1193//1193 1176//1176
f 1195//1195 1196//1196 1178//1178
f 1178//1178 1196//1196 1197//1197
f 1180//1180 1198//1198 1199//1199
f 1181//1181 1186//1186 1187//1187
f 1173//1173 1201//1201 1188//1188
f 1188//1188 1202//1202 1182//1182
f 1183//1183 1203//1203 1190//1190
f 1191//1191 1204//1204 1192//1192
f 1192//1192 1204//1204 1205//1205
f 1192//1192 1205//1205 1193//1193
f 1194//1194 1206//1206 1195//1195
f 1195//1195 1206//1206 1207//1207
f 1195//1195 1207//1207 1196//1196
f 1197//1197 1208//1208 1185//1185
f 1185//1185 1208//1208 1198//1198
f 1198//1198 1209//1209 1199//1199
f 1209//1209 1210//1210 1200//1200
f 1210//1210 1211//1211 1200//1200
f 1211//1211 1212//1212 1186//1186
f 1212//1212 1213//1213 1186//1186
f 1186//1186 1213//1213 1187//1187
f 1202//1202 1215//1215 1189//1189
f 1203//1203 1216//1216 1191//1191
f 1191//1191 1216//1216 1204//1204
f 1205//1205 1217//1217 1193//1193
f 1217//1217 1221//1221 1184//1184
f 1184//1184 1221//1221 1194//1194
f 1207//1207 1218//1218 1196//1196
f 1208//1208 1219//1219 1198//1198
f 1198//1198 1219//1219 1209//1209
f 1213//1213 1220//1220 1187//1187
f 1187//1187 1220//1220 1201//1201
f 1201//1201 1214//1214 1188//1188
f 1222//1222 1223//1223 1215//1215
f 1223//1223 1224//1224 1203//1203
f 1204//1204 1224//1224 1225//1225
f 1221//1221 1225//1225 1226//1226
f 1218//1218 1226//1226 1227//1227
f 1209//1209 1227//1227 1228//1228
f 1228//1228 1229//1229 1212//1212
f 1229//1229 1222//1222 1220//1220
usemtl field_material_05
f 1243//1243 1233//1233 1234//1234
f 1232//1232 1235//1235 1234//1234
f 1234//1234 1237//1237 1238//1238
f 1237//1237 1235//1235 1239//1239
f 1237//1237 1241//1241 1240//1240
f 1239//1239 1231//1231 1242//1242
f 1240//1240 1241//1241 1242//1242
f 1242//1242 1233//1233 1243//1243
f 1233//1233 1231//1231 1232//1232
f 1256//1256 1246//1246 1247//1247
f 1249//1249 1247//1247 1248//1248
f 1245//1245 1250//1250 1248//1248
f 1248//1248 1250//1250 1251//1251
f 1248//1248 1253//1253 1252//1252
f 1251//1251 1244//1244 1255//1255
f 1254//1254 1253//1253 1255//1255
f 1255//1255 1246//1246 1256//1256
f 1246//1246 1244//1244 1245//1245
f 1268//1268 1257//1257 1259//1259
f 1269//1269 1258//1258 1259//1259
f 1261//1261 1259//1259 1260//1260
f 1257//1257 1262//1262 1260//1260
f 1260//1260 1262//1262 1263//1263
f 1260//1260 1265//1265 1264//1264
f 1266//1266 1265//1265 1267//1267
f 1267//1267 1263//1263 1268//1268
f 1267//1267 1258//1258 1269//1269
f 1273//1273 1271//1271 1274//1274
f 1272//1272 1275//1275 1274//1274
f 1274//1274 1276//1276 1277//1277
f 1276//1276 1275//1275 1278//1278
f 1279//1279 1276//1276 1280//1280
f 1278//1278 1270//1270 1280//1280
f 1280//1280 1282//1282 1281//1281
f 1282//1282 1270//1270 1272//1272
f 1282//1282 1271//1271 1273//1273
f 1285//1285 1287//1287 1288//1288
f 1284//1284 1286//1286 1288//1288
f 1288//1288 1287//1287 1291//1291
f 1288//1288 1290//1290 1289//1289
f 1292//1292 1290//1290 1293//1293
f 1291//1291 1283//1283 1293//1293
f 1293//1293 1286//1286 1284//1284
f 1293//1293 1283//1283 1285//1285
f 1295//1295 1297//1297 1296//1296
f 1297//1297 1299//1299 1298//1298
f 1299//1299 1302//1302 1300//1300
f 1299//1299 1297//1297 1302//1302
f 1297//1297 1295//1295 1302//1302
f 1295//1295 1304//1304 1302//1302
f 1301//1301 1302//1302 1304//1304
f 1304//1304 1295//1295 1303//1303
f 1296//1296 1298//1298 1300//1300
f 1300//1300 1301//1301 1296//1296
usemtl field_material_27
f 1306//1306 1310//1310 1311//1311
f 1307//1307 1311//1311 1308//1308
f 1311//1311 1314//1314 1315//1315
f 1310//1310 1309//1309 1312//1312
f 1310//1310 1313//1313 1314//1314
f 1315//1315 1314//1314 1317//1317
f 1313//1313 1316//1316 1317//1317
f 1317//1317 1320//1320 1321//1321
f 1316//1316 1312//1312 1318//1318
f 1316//1316 1319//1319 1320//1320
f 1320//1320 1323//1323 1324//1324
f 1319//1319 1322//1322 1323//1323
f 1323//1323 1327//1327 1330//1330
f 1322//1322 1318//1318 1325//1325
f 1322//1322 1326//1326 1327//1327
f 1330//1330 1327//1327 1329//1329
f 1326//1326 1328//1328 1329//1329
f 1330//1330 1329//1329 1307//1307
f 1325//1325 1309//1309 1306//1306
f 1328//1328 1306//1306 1307//1307
usemtl field_material_25
f 1333//1333 1332//1332 1331//1331
f 1333//1333 1335//1335 1336//1336
f 1335//1335 1331//1331 1337//1337
f 1335//1335 1337//1337 1336//1336
f 1337//1337 1340//1340 1338//1338
f 1336//1336 1337//1337 1338//1338
f 1339//1339 1338//1338 1341//1341
f 1341//1341 1342//1342 1343//1343
f 1341//1341 1340//1340 1344//1344
f 1344//1344 1332//1332 1346//1346
f 1334//1334 1346//1346 1333//1333
f 1349//1349 1351//1351 1350//1350
f 1351//1351 1352//1352 1355//1355
f 1351//1351 1348//1348 1352//1352
f 1352//1352 1353//1353 1354//1354
f 1355//1355 1352//1352 1354//1354
f 1355//1355 1354//1354 1356//1356
f 1356//1356 1353//1353 1358//1358
f 1356//1356 1359//1359 1357//1357
f 1358//1358 1347//1347 1361//1361
f 1347//1347 1348//1348 1349//1349
f 1362//1362 1361//1361 1349//1349
f 1364//1364 1366//1366 1367//1367
f 1366//1366 1365//1365 1368//1368
f 1368//1368 1371//1371 1370//1370
f 1373//1373 1370//1370 1372//1372
f 1372//1372 1374//1374 1377//1377
f 1372//1372 1371//1371 1375//1375
f 1374//1374 1376//1376 1377//1377
f 1375//1375 1363//1363 1378//1378
f 1377//1377 1376//1376 1378//1378
f 1363//1363 1365//1365 1364//1364
f 1379//1379 1378//1378 1364//1364
f 1382//1382 1381//1381 1380//1380
f 1382//1382 1384//1384 1383//1383
f 1384//1384 1380//1380 1385//1385
f 1385//1385 1391//1391 1389//1389
f 1388//1388 1387//1387 1389//1389
f 1389//1389 1392//1392 1390//1390
f 1392//1392 1393//1393 1395//1395
f 1392//1392 1391//1391 1393//1393
f 1395//1395 1393//1393 1394//1394
f 1393//1393 1381//1381 1394//1394
f 1395//1395 1394//1394 1382//1382
f 1397//1397 1410//1410 1399//1399
f 1397//1397 1398//1398 1401//1401
f 1398//1398 1400//1400 1401//1401
f 1401//1401 1400//1400 1403//1403
f 1399//1399 1402//1402 1403//1403
f 1405//1405 1403//1403 1404//1404
f 1404//1404 1402//1402 1396//1396
f 1404//1404 1406//1406 1407//1407
f 1406//1406 1396//1396 1408//1408
f 1408//1408 1410//1410 1411//1411
f 1412//1412 1411//1411 1397//1397
