# Strawberry URP Gazebo mesh generated by export_gazebo_assets.py
mtllib plant_variant_09.mtl

o field_export_plant_variant_09
v 0.000000000 0.000000000 0.025000000
v 0.000000000 0.026450338 0.020225426
v 0.000000000 0.042797547 0.007725425
v 0.000000000 0.042797547 -0.007725425
v 0.000000000 0.026450338 -0.020225426
v 0.000000000 0.000000000 -0.025000000
v 0.018703211 0.018703211 0.020225426
v 0.030262435 0.030262435 0.007725425
v 0.030262435 0.030262435 -0.007725425
v 0.018703211 0.018703211 -0.020225426
v 0.026450334 0.000000000 0.020225426
v 0.042797547 0.000000000 0.007725425
v 0.042797547 0.000000000 -0.007725425
v 0.026450334 0.000000000 -0.020225426
v 0.018703211 -0.018703211 0.020225426
v 0.030262435 -0.030262435 0.007725425
v 0.030262435 -0.030262435 -0.007725425
v 0.018703211 -0.018703211 -0.020225426
v 0.000000000 -0.026450334 0.020225426
v 0.000000000 -0.042797547 0.007725425
v 0.000000000 -0.042797547 -0.007725425
v 0.000000000 -0.026450334 -0.020225426
v -0.018703211 -0.018703211 0.020225426
v -0.030262435 -0.030262435 0.007725425
v -0.030262435 -0.030262435 -0.007725425
v -0.018703211 -0.018703211 -0.020225426
v -0.026450334 0.000000000 0.020225426
v -0.042797547 0.000000000 0.007725425
v -0.042797547 0.000000000 -0.007725425
v -0.026450334 0.000000000 -0.020225426
v -0.018703211 0.018703211 0.020225426
v -0.030262435 0.030262435 0.007725425
v -0.030262435 0.030262435 -0.007725425
v -0.018703211 0.018703211 -0.020225426
v -0.000640947 -0.004118480 0.005623803
v 0.029704880 0.190872043 0.151880413
v -0.006310545 -0.001127012 0.002811901
v 0.024035282 0.193863511 0.149068505
v -0.005669594 0.002991483 -0.002811901
v 0.024676234 0.197981998 0.143444717
v 0.000640955 0.004118510 -0.005623803
v 0.030986782 0.199109018 0.140632808
v 0.006310551 0.001127042 -0.002811901
v 0.036656380 0.196117550 0.143444717
v 0.005669600 -0.002991453 0.002811901
v 0.036015429 0.191999063 0.149068505
v 0.003459316 0.218468115 0.162399098
v 0.065257959 0.208776772 0.157070562
v 0.004530214 0.227910370 0.167791888
v 0.068003684 0.218032181 0.162532344
v -0.007816657 0.239485726 0.173354745
v 0.083994433 0.225197420 0.165747091
v 0.000066552 0.247927919 0.175761223
v 0.079521805 0.235562518 0.169177383
v -0.009545337 0.259109765 0.177966550
v 0.092284039 0.243262351 0.169528753
v 0.003082212 0.266848117 0.176620021
v 0.082537457 0.254482716 0.170036197
v -0.001785338 0.277326107 0.175072357
v 0.090025753 0.263037801 0.167464688
v 0.013577193 0.284670949 0.170368299
v 0.077050671 0.274792761 0.165108755
v 0.015513507 0.294109881 0.165774062
v 0.077322580 0.284498513 0.160446659
v 0.048362635 0.308467120 0.151428655
v 0.044637050 0.293792307 0.159721747
v 0.029498030 0.195268616 0.145053357
v 0.031378161 0.194651961 0.147721753
v 0.046615664 0.293808430 0.157053351
v 0.071441807 0.216370970 0.153779328
v 0.104276337 0.180080384 0.155459836
v 0.076527163 0.222020954 0.157005847
v 0.110268474 0.184800386 0.158882618
v 0.074533574 0.235484004 0.159243181
v 0.123338640 0.181646392 0.161957830
v 0.083356917 0.236968666 0.161129326
v 0.125593841 0.190376475 0.163478643
v 0.082950458 0.248583511 0.161439329
v 0.137081057 0.188871220 0.164450213
v 0.094438806 0.247023821 0.161310703
v 0.136675730 0.200431600 0.163660020
v 0.096697353 0.255594283 0.159605935
v 0.145502418 0.201756656 0.162320584
v 0.109772831 0.252186358 0.157549962
v 0.143514141 0.214965805 0.159426749
v 0.115756616 0.256563783 0.154321551
v 0.148610011 0.220306158 0.156273648
v 0.143286243 0.248041093 0.147360772
v 0.075574368 0.188974574 0.146806374
v 0.133773625 0.240732878 0.159576848
v 0.076972805 0.187931687 0.144624680
v 0.134029388 0.241082832 0.156817302
v 0.077504471 0.186701253 0.147435889
v 0.135761037 0.238892645 0.158039600
v -0.030963583 0.202874601 0.151957795
v -0.003573982 0.227952942 0.160013318
v -0.045878097 0.203461424 0.157198966
v -0.050663386 0.209839493 0.162218064
v -0.007245622 0.235023394 0.165053234
v -0.064462997 0.210870296 0.165399209
v -0.001661457 0.247297496 0.169500142
v -0.064207464 0.219908312 0.167968079
v -0.009857684 0.251433194 0.171517119
v -0.075676866 0.221983388 0.168064728
v -0.006022514 0.262385488 0.172613144
v -0.071683064 0.232859939 0.167404354
v -0.017333288 0.264384806 0.170953378
v -0.079414204 0.236773536 0.164271742
v -0.016612666 0.273200750 0.168372676
v -0.073090196 0.248694360 0.160526857
v -0.029672436 0.273878247 0.163362026
v -0.075820744 0.255305707 0.155179337
v -0.033493537 0.279795885 0.157705367
v -0.060976256 0.279828906 0.142887726
v -0.017606379 0.201380044 0.146039620
v -0.056237403 0.268895894 0.159435883
v -0.015291031 0.202940404 0.144817322
v -0.055356968 0.269906580 0.156624675
v -0.015153714 0.202529281 0.147576869
v -0.053707734 0.270475149 0.158806369
v 0.003086522 -0.003740259 0.005048186
v -0.140485510 0.170241386 0.221735358
v -0.003132440 -0.005728588 0.002524100
v -0.146704465 0.168253064 0.219211280
v -0.006218955 -0.001988329 -0.002524063
v -0.149790987 0.171993315 0.214163110
v -0.003086492 0.003740259 -0.005048141
v -0.146658525 0.177721918 0.211639032
v 0.003132470 0.005728588 -0.002524056
v -0.140439570 0.179710239 0.214163125
v 0.006218985 0.001988329 0.002524108
v -0.137353048 0.175969988 0.219211280
v -0.180561051 0.169382930 0.224518999
v -0.132095724 0.209286869 0.224867180
v -0.187491685 0.176435471 0.227496713
v -0.137781546 0.217456967 0.228008583
v -0.204857200 0.174846381 0.229701176
v -0.132954031 0.234181851 0.230441570
v -0.206221879 0.186340094 0.231016904
v -0.143995374 0.237690240 0.231657639
v -0.221112579 0.186536640 0.231018290
v -0.141363442 0.252346694 0.231839478
v -0.218404442 0.201115906 0.229984418
v -0.156177938 0.252466053 0.230625167
v -0.229222327 0.204398006 0.227636218
v -0.157319173 0.263733476 0.228376597
v -0.224039391 0.220762908 0.224399269
v -0.174329236 0.261784405 0.224911124
v -0.229250371 0.228441015 0.220335796
v -0.180836245 0.268403560 0.220693618
v -0.216688260 0.262582511 0.210513309
v -0.144025385 0.173364192 0.218251303
v -0.206527799 0.251438856 0.230251282
v -0.144498482 0.173442081 0.215241358
v -0.208469957 0.250158340 0.228180632
v -0.142399549 0.175028011 0.216180637
v -0.206514493 0.251918137 0.227241352
v -0.131815493 0.218140498 0.225224644
v -0.082857586 0.218589738 0.224321559
v -0.132483661 0.225381836 0.228547946
v -0.082219765 0.225880831 0.227734685
v -0.143730387 0.232578322 0.231568411
v -0.071026281 0.233300075 0.230392098
v -0.138877437 0.239983052 0.233575627
v -0.075957760 0.240607679 0.232557610
v -0.147789717 0.247305155 0.234965950
v -0.067152247 0.248105675 0.233661264
v -0.138998821 0.254858941 0.235200614
v -0.076079145 0.255483568 0.234182596
v -0.143973157 0.262330055 0.234818384
v -0.071269050 0.263051838 0.233642071
v -0.132847816 0.270009458 0.233422905
v -0.082583927 0.270508438 0.232609645
v -0.132299200 0.277603567 0.231694072
v -0.083343573 0.278109372 0.230791822
v -0.108084716 0.293130070 0.226451695
v -0.107318543 0.203622565 0.218466297
v -0.106670268 0.281836182 0.229144737
v -0.108892269 0.203958243 0.216182932
v -0.109831050 0.281960905 0.228130117
v -0.105795801 0.204038814 0.215859070
v -0.199629977 0.123651043 0.225224599
v -0.189825729 0.171503589 0.221772864
v -0.207146361 0.124705873 0.227918759
v -0.197139472 0.173851967 0.224470094
v -0.216785103 0.115392357 0.230816334
v -0.202310652 0.186479613 0.225828007
v -0.223189101 0.121771187 0.231808007
v -0.210662603 0.183291599 0.227491006
v -0.232300684 0.114635937 0.232850432
v -0.216246799 0.193480134 0.227317780
v -0.237853721 0.124753267 0.231752992
v -0.225327224 0.186273679 0.227435991
v -0.246114343 0.121356517 0.230706319
v -0.231639892 0.192443773 0.225717977
v -0.251140237 0.133652106 0.227753729
v -0.241133347 0.182798207 0.224305063
v -0.258235246 0.135568678 0.224978387
v -0.248501286 0.183432877 0.221513703
v -0.267796755 0.161919326 0.216375619
v -0.179736227 0.143291473 0.218244210
v -0.255823523 0.160836697 0.229866490
v -0.256513119 0.157935351 0.229236975
v -0.180250823 0.143074483 0.215247914
v -0.179585472 0.145621255 0.216182932
v -0.256500453 0.159679815 0.227055311
v 0.003864042 0.001832541 0.005541757
v -0.153455228 -0.072777092 0.139906183
v 0.004529715 -0.004561137 0.002770878
v -0.152789548 -0.079170763 0.137135297
v 0.000665672 -0.006393684 -0.002770863
v -0.156653583 -0.081003308 0.131593555
v -0.003864042 -0.001832549 -0.005541742
v -0.161183298 -0.076442182 0.128822684
v -0.004529715 0.004561130 -0.002770863
v -0.161848977 -0.070048496 0.131593555
v -0.000665672 0.006393675 0.002770878
v -0.157984942 -0.068215951 0.137135297
v -0.161536157 -0.110347472 0.145208284
v -0.188257322 -0.053878598 0.139004707
v -0.169901356 -0.114898108 0.148392364
v -0.197389275 -0.056938052 0.142133757
v -0.172507510 -0.131702363 0.152380794
v -0.212267339 -0.047866151 0.143328041
v -0.183899492 -0.130001590 0.153562427
v -0.218308493 -0.057447959 0.145727992
v -0.187742889 -0.144240350 0.155563399
v -0.231841266 -0.051256038 0.145522833
v -0.201246142 -0.138134241 0.154433832
v -0.235655144 -0.065580621 0.146599397
v -0.207200795 -0.147967696 0.154123589
v -0.246960640 -0.064131469 0.145070851
v -0.221941292 -0.139296085 0.151006579
v -0.249429211 -0.081336021 0.144747972
v -0.230861694 -0.142851278 0.148652032
v -0.257654935 -0.086417943 0.142455876
v -0.261364579 -0.123429894 0.139616609
v -0.157125473 -0.074517749 0.136151627
v -0.247945100 -0.116515398 0.147690699
v -0.156701282 -0.076054528 0.133857876
v -0.246879593 -0.118978851 0.146916702
v -0.158063710 -0.073272899 0.133532524
v -0.247996524 -0.117254116 0.144665629
v -0.198155910 -0.053004023 0.145677552
v -0.186606377 -0.005480484 0.148130640
v -0.205716044 -0.052119166 0.150542840
v -0.193922311 -0.003325781 0.153278336
v -0.215743303 -0.061448175 0.153936505
v -0.198684305 0.009128917 0.157893270
v -0.221944913 -0.055067666 0.156789362
v -0.207181692 0.006011236 0.160213619
v -0.231322691 -0.061959498 0.157312617
v -0.212402239 0.016318861 0.161701143
v -0.236491129 -0.051572695 0.157163143
v -0.221727908 0.009506211 0.160587400
v -0.244835734 -0.054458231 0.154684067
v -0.227776736 0.016118862 0.158640832
v -0.249354690 -0.041634247 0.151664168
v -0.237560958 0.007159136 0.154399678
v -0.256315827 -0.039010733 0.146911755
v -0.244843349 0.008507152 0.149776712
v -0.264661789 -0.011122905 0.136626363
v -0.177779138 -0.033827219 0.134914204
v -0.253397584 -0.015093722 0.147543713
v -0.177788407 -0.032398220 0.132673353
v -0.253452420 -0.013440809 0.144673333
v -0.176984742 -0.030952802 0.135543719
v -0.252791464 -0.012173796 0.146914199
v -0.120814130 -0.141590893 0.145727336
v -0.164840207 -0.120403118 0.148995191
v -0.123152070 -0.148797333 0.150753096
v -0.168347642 -0.127079263 0.154366314
v -0.116038173 -0.160532355 0.154132053
v -0.181411207 -0.129118294 0.159358382
v -0.123502642 -0.165253952 0.157224536
v -0.180077851 -0.138067558 0.161747515
v -0.118703738 -0.175859600 0.157717168
v -0.191210181 -0.141017675 0.163513795
v -0.129940823 -0.178750157 0.157815248
v -0.186516017 -0.151563764 0.162338227
v -0.128914535 -0.187524796 0.155313477
v -0.194287583 -0.156110719 0.160539806
v -0.142466620 -0.189285994 0.152525231
v -0.187662184 -0.167567909 0.156138450
v -0.146581531 -0.195587665 0.148001522
v -0.190611050 -0.174417809 0.151317015
v -0.175717011 -0.198023438 0.137914613
v -0.136216655 -0.117313191 0.135684684
v -0.170844451 -0.187133327 0.148143500
v -0.136999056 -0.117451221 0.132673353
v -0.169642016 -0.188156173 0.145536274
v -0.138685733 -0.116258219 0.134914204
v -0.172411978 -0.186769828 0.145860136
v 0.000972997 0.003826901 0.005779989
v -0.053451877 -0.210231662 0.156669319
v 0.006361747 0.000419654 0.002889998
v -0.048063125 -0.213638902 0.153779328
v 0.005388750 -0.003407247 -0.002889968
v -0.049036123 -0.217465818 0.147999346
v -0.000973001 -0.003826901 -0.005779959
v -0.055397876 -0.217885464 0.145109355
v -0.006361753 -0.000419654 -0.002889968
v -0.060786627 -0.214478225 0.147999346
v -0.005388753 0.003407247 0.002889998
v -0.059813626 -0.210651308 0.153779328
v -0.029190058 -0.239348605 0.165235519
v -0.089932188 -0.223863706 0.161773250
v -0.030908419 -0.248401701 0.170386985
v -0.093288884 -0.232541323 0.167032778
v -0.019490615 -0.260883152 0.175482690
v -0.109720714 -0.237941951 0.170631006
v -0.028030038 -0.268385559 0.178278595
v -0.106117062 -0.248531759 0.174079850
v -0.019459859 -0.280344248 0.180626288
v -0.119535729 -0.254899740 0.175245196
v -0.032833345 -0.286833555 0.180377603
v -0.110920370 -0.266979754 0.176178858
v -0.029097227 -0.297779113 0.179680705
v -0.119327322 -0.274837911 0.174829021
v -0.045318335 -0.303745627 0.176684007
v -0.107698798 -0.287885249 0.173329800
v -0.048392542 -0.313103765 0.173557580
v -0.109150812 -0.297684550 0.170125648
v -0.083178632 -0.324721336 0.163500100
v -0.053030554 -0.214356169 0.151348948
v -0.077983730 -0.311068892 0.164354473
v -0.056122649 -0.213696197 0.150329724
v -0.079955034 -0.310898066 0.161686093
v -0.095433399 -0.231225461 0.163638383
v -0.124613121 -0.192126408 0.167842716
v -0.100256920 -0.236319080 0.169568881
v -0.130229294 -0.196215600 0.174122646
v -0.098911978 -0.249840006 0.173604518
v -0.142265469 -0.191832393 0.180191308
v -0.107371941 -0.250484139 0.177613869
v -0.144890964 -0.200283140 0.183314219
v -0.107851952 -0.262075841 0.178719983
v -0.155936107 -0.197738528 0.186025500
v -0.119124711 -0.259506494 0.179715380
v -0.156643718 -0.209305495 0.185415715
v -0.122417510 -0.267884731 0.177807525
v -0.165771008 -0.209877133 0.184394315
v -0.135515228 -0.263386190 0.175873399
v -0.165487617 -0.223282695 0.180427164
v -0.142454132 -0.267312646 0.171979308
v -0.171665400 -0.228240952 0.176203892
v -0.170392409 -0.256625801 0.163496241
v -0.099756405 -0.202313334 0.152668417
v -0.099163666 -0.203776434 0.150061205
v -0.161710560 -0.249827981 0.164209589
v -0.100977853 -0.201265797 0.150385067
v -0.162468061 -0.249588326 0.161198243
v -0.163411349 -0.247750312 0.163439110
v 0.019724132 -0.229227021 0.161282048
v -0.024791533 -0.249629617 0.161105812
v 0.023462597 -0.235805094 0.165318191
v -0.022212319 -0.256809145 0.165303141
v 0.036811367 -0.237975329 0.168617979
v -0.029255027 -0.268356621 0.168596238
v 0.035508532 -0.246855319 0.170751825
v -0.021666721 -0.273147941 0.170732990
v 0.046689890 -0.249963135 0.171594679
v -0.026585571 -0.283659607 0.171570554
v 0.041759152 -0.260448009 0.171091467
v -0.015416096 -0.286740631 0.171072647
v 0.049312614 -0.265160710 0.169297293
v -0.016753780 -0.295542002 0.169275537
v 0.042214472 -0.276583165 0.166337147
v -0.003460445 -0.297587216 0.166322097
v 0.044711493 -0.283569694 0.162593871
v 0.000223530 -0.304028571 0.162417442
v 0.028661666 -0.307133257 0.152938694
v -0.008077243 -0.225049913 0.152209595
v 0.024594657 -0.295854181 0.164347842
v -0.007820364 -0.225399062 0.149450064
v -0.010429863 -0.226392105 0.150672346
v 0.022991372 -0.297041237 0.161691561
v -0.003217243 0.003972828 0.004781879
v 0.131878167 -0.162851468 0.234273165
v 0.003102511 0.005801536 0.002390951
v 0.138197929 -0.161022753 0.231882244
v 0.006319731 0.001828715 -0.002390906
v 0.141415149 -0.164995581 0.227100387
v 0.003217198 -0.003972813 -0.004781835
v 0.138312608 -0.170797110 0.224709451
v -0.003102556 -0.005801521 -0.002390906
v 0.131992862 -0.172625810 0.227100387
v -0.006319776 -0.001828700 0.002390951
v 0.128775641 -0.168652996 0.231882244
v 0.170800298 -0.162574455 0.242800206
v 0.122133099 -0.201892465 0.237608358
v 0.177171692 -0.169667780 0.247116953
v 0.127245307 -0.210098505 0.241936535
v 0.194119424 -0.168256968 0.251773179
v 0.121903487 -0.226737902 0.244279981
v 0.195138767 -0.179751068 0.253606707
v 0.132641584 -0.230361700 0.247121915
v 0.209901422 -0.180122465 0.255561262
v 0.129805401 -0.244984746 0.247250408
v 0.207152724 -0.194681615 0.254347831
v 0.144655541 -0.245292246 0.247863054
v 0.218147323 -0.198118061 0.253255457
v 0.145931393 -0.256599009 0.245762259
v 0.213213548 -0.214459419 0.249340355
v 0.163287163 -0.254890144 0.244159937
v 0.218823016 -0.222257048 0.245742455
v 0.170210183 -0.261634707 0.240519807
v 0.207198471 -0.256345749 0.233959913
v 0.135991842 -0.165915370 0.230675951
v 0.197174102 -0.245025098 0.242817581
v 0.135219172 -0.166977152 0.227851957
v 0.199387610 -0.243471041 0.241273314
v 0.197315425 -0.245338693 0.240045443
v 0.133723274 -0.167850122 0.230043575
v 0.122687638 -0.211265564 0.238549039
v 0.073773317 -0.211257204 0.236247033
v 0.123201326 -0.218674049 0.241732776
v 0.072978213 -0.218708798 0.239495084
v 0.134299919 -0.226109087 0.244870767
v 0.061654802 -0.226159364 0.241634056
v 0.129335880 -0.233565494 0.246469736
v 0.066467270 -0.233608991 0.243668616
v 0.138152644 -0.241023764 0.247764394
v 0.057580601 -0.241079509 0.244174510
v 0.129308268 -0.248506069 0.247321442
v 0.066439658 -0.248549566 0.244520336
v 0.134244710 -0.255990237 0.246574178
v 0.061599586 -0.256040514 0.243337467
v 0.123118497 -0.263495773 0.244287893
v 0.072895385 -0.263530523 0.242050216
v 0.122579180 -0.271002322 0.241801068
v 0.073657051 -0.271010190 0.239709079
v 0.098364927 -0.286022753 0.234613553
v 0.097199187 -0.274333417 0.241948843
v 0.099450536 -0.196586505 0.228293523
v 0.100358672 -0.274487317 0.240934223
v 0.097497642 -0.196179211 0.230949804
v 0.192091599 -0.115653411 0.239365354
v 0.181869358 -0.163392052 0.243165836
v 0.199832872 -0.116258800 0.243842110
v 0.189383537 -0.165258855 0.247986361
v 0.209715545 -0.106619097 0.246603489
v 0.194601119 -0.177495137 0.252597928
v 0.216162294 -0.112784408 0.249319136
v 0.203081936 -0.174122021 0.254506856
v 0.225371450 -0.105653450 0.249368310
v 0.208607748 -0.184263363 0.256016880
v 0.230797559 -0.115907736 0.249291554
v 0.217717201 -0.177245349 0.254479289
v 0.238986075 -0.112865753 0.246548325
v 0.223871648 -0.183741793 0.252542794
v 0.243738681 -0.125628784 0.243759364
v 0.233289331 -0.174628839 0.247903630
v 0.250653774 -0.128158405 0.239192337
v 0.240440041 -0.175895661 0.243013591
v 0.259387225 -0.155907899 0.229333207
v 0.171849132 -0.135837734 0.229948819
v 0.247909725 -0.152418226 0.242949799
v 0.171342865 -0.138960183 0.228934228
v 0.247902155 -0.154413134 0.240293518
v -0.003960788 -0.001840193 0.005470462
v 0.190593839 0.088550597 0.176741004
v -0.004534684 0.004577689 0.002735242
v 0.190019935 0.094968475 0.174005777
v -0.000573896 0.006417885 -0.002735212
v 0.193980724 0.096808672 0.168535322
v 0.003960788 0.001840200 -0.005470432
v 0.198515415 0.092230991 0.165800095
v 0.004534684 -0.004577681 -0.002735212
v 0.199089319 0.085813105 0.168535322
v 0.000573896 -0.006417878 0.002735242
v 0.195128530 0.083972909 0.174005777
v 0.198525682 0.125905350 0.183866993
v 0.224856421 0.069120474 0.179021969
v 0.206731811 0.130289853 0.188085169
v 0.233812422 0.072002299 0.183255494
v 0.209295109 0.147006303 0.192713767
v 0.248465806 0.062696390 0.185727879
v 0.220566794 0.145130798 0.194833800
v 0.254465938 0.072167218 0.188788071
v 0.224460542 0.159304559 0.197203994
v 0.267905474 0.065794855 0.189455822
v 0.237931907 0.153038859 0.196762815
v 0.271831065 0.080075279 0.190717086
v 0.244025335 0.162822425 0.196571782
v 0.283196032 0.078512505 0.189585909
v 0.258827150 0.154014021 0.193872213
v 0.285907745 0.095726468 0.189042538
v 0.267938942 0.157516167 0.191544831
v 0.294334352 0.100763708 0.186699837
v 0.298701704 0.137867972 0.182865918
v 0.194071487 0.090985276 0.172834650
v 0.285509109 0.131578445 0.184596837
v 0.284463108 0.134050250 0.183822826
v 0.194266185 0.091423407 0.169824705
v 0.195271403 0.088992298 0.170763984
v 0.285566390 0.132316738 0.181571752
v 0.234289929 0.068045698 0.181926116
v 0.222360089 0.020552337 0.181879640
v 0.241455078 0.066932276 0.186216787
v 0.229257762 0.018161546 0.186320707
v 0.251250267 0.076057985 0.189805910
v 0.233607486 0.005513657 0.189956218
v 0.257191658 0.069533706 0.192362189
v 0.241923213 0.008483157 0.192492276
v 0.266532511 0.076333873 0.193700910
v 0.246964574 -0.001908146 0.193867624
v 0.271638662 0.065923735 0.193845168
v 0.256370217 0.004873194 0.193975255
v 0.280144274 0.068838060 0.192771852
v 0.262501508 -0.001706269 0.192922175
v 0.284796089 0.056102380 0.190665722
v 0.272598773 0.007331654 0.190769643
v 0.292042762 0.053612441 0.187813610
v 0.280177951 0.006104570 0.187768430
v 0.301015586 0.026165217 0.180177689
v 0.214635387 0.049165718 0.171728089
v 0.289806515 0.028897254 0.184751123
v 0.214020282 0.046062864 0.170713484
v 0.290296555 0.028774697 0.181467772
v 0.158823192 0.157014906 0.183798760
v 0.202768207 0.135444149 0.185001537
v 0.161324844 0.163940907 0.188966155
v 0.206444263 0.141818449 0.190450370
v 0.154370844 0.175528347 0.192963481
v 0.219633758 0.143529356 0.195110321
v 0.161936477 0.180045560 0.196039811
v 0.218416378 0.152352959 0.197897732
v 0.157221243 0.190638661 0.197152153
v 0.229605541 0.155148000 0.199533254
v 0.168475494 0.193458229 0.197174788
v 0.224955395 0.165765628 0.199032709
v 0.167448893 0.202353716 0.195233464
v 0.232711807 0.170354724 0.197380304
v 0.180941895 0.204178959 0.192371130
v 0.226061329 0.182056487 0.193855330
v 0.184989378 0.210676581 0.188253522
v 0.228941053 0.189125419 0.189501867
v 0.213897735 0.213464260 0.178086683
v 0.174630761 0.132769272 0.173049644
v 0.210149139 0.202328295 0.184449837
v 0.173375458 0.133776009 0.170766279
v 0.207515553 0.203727439 0.183820307
v 0.176178232 0.132457271 0.170442417
v 0.209200427 0.203275159 0.181638643
v -0.000719987 -0.000857495 0.040384822
v 0.127882749 0.152306050 0.081970014
v -0.004007794 0.002634101 0.037692409
v 0.124594934 0.155797660 0.079277605
v -0.003287807 0.003491595 0.032307588
v 0.125314921 0.156655148 0.073892780
v 0.000719987 0.000857495 0.029615173
v 0.129322708 0.154021055 0.071200363
v 0.004007794 -0.002634101 0.032307584
v 0.132610530 0.150529444 0.073892772
v 0.003287807 -0.003491595 0.037692405
v 0.131890535 0.149671957 0.079277597
v 0.128602728 0.153163552 -0.022717442
v 0.139285326 0.156025946 -0.016613798
v 0.131899968 0.164315522 -0.015831016
v 0.120995030 0.161281347 -0.016620627
v 0.117855161 0.149082124 -0.016115114
v 0.125305504 0.142011613 -0.015831031
v 0.135681719 0.143938035 -0.016060170
v 0.148193508 0.154287636 -0.007689811
v 0.144354254 0.164971098 -0.007280441
v 0.135617390 0.171213657 -0.007905783
v 0.123122200 0.171179101 -0.009051120
v 0.112461232 0.164925218 -0.006887444
v 0.108404540 0.155822694 -0.006298111
v 0.110989839 0.146350563 -0.008678967
v 0.118646212 0.137180358 -0.009051153
v 0.133075401 0.135102615 -0.009368406
v 0.141643405 0.138181254 -0.007206938
v 0.146035910 0.144592986 -0.007787407
v 0.151831344 0.156781390 -0.001831832
v 0.131542772 0.176448837 -0.001903001
v 0.119949400 0.174731165 -0.002132752
v 0.109029159 0.140970409 -0.002801651
v 0.119898237 0.131129757 -0.001571829
v 0.131609410 0.130325899 -0.002427011
v 0.158637643 0.153163552 0.005654735
v 0.156445801 0.164696515 0.005579611
v 0.149889603 0.174211606 0.005920254
v 0.143477067 0.178926617 0.005819883
v 0.132389680 0.183077052 0.005673831
v 0.120825946 0.182186797 0.006197412
v 0.110278256 0.177390620 0.005734855
v 0.100880168 0.164646596 0.005242798
v 0.098555632 0.153163552 0.006197426
v 0.099867746 0.145464078 0.005819874
v 0.104272030 0.135133684 0.005733491
v 0.113669105 0.127297774 0.005751468
v 0.121649727 0.124049231 0.006055136
v 0.132051662 0.123077616 0.005733487
v 0.146717817 0.129079774 0.005670054
v 0.156262174 0.141359180 0.005409725
v 0.164994523 0.153163567 0.019809389
v 0.163646072 0.162628412 0.019909682
v 0.160313383 0.170784310 0.019682683
v 0.128861308 0.189401343 0.019478897
v 0.110718571 0.184777468 0.019823866
v 0.103161588 0.178970397 0.019478889
v 0.096893221 0.170953274 0.019876931
v 0.093521863 0.162488401 0.019909687
v 0.103136234 0.132649451 0.012238866
v 0.133214816 0.120992295 0.011692965
v 0.154043898 0.127356753 0.019478874
v 0.158901855 0.140613258 0.012214589
v 0.154543549 0.178766012 0.019631052
v 0.147079855 0.184630200 0.019828854
v 0.138048291 0.188414827 0.019684795
v 0.119157158 0.188414812 0.019684784
v 0.092148021 0.148173392 0.019579226
v 0.098735556 0.131972134 0.019360140
v 0.110172264 0.121719494 0.019631036
v 0.123612560 0.116708845 0.019579245
v 0.138306096 0.117986888 0.019828832
v 0.147033215 0.121719502 0.019631034
v 0.160069466 0.134755462 0.019672049
v 0.163779393 0.143460169 0.019828849
v 0.163541287 0.173335344 0.037141304
v 0.128783315 0.193057314 0.034514867
v 0.100150116 0.181752190 0.037224699
v 0.088325195 0.153535962 0.036719318
v 0.100238867 0.125098303 0.034545366
v 0.128564939 0.113248631 0.034445640
v 0.156667978 0.124799691 0.034545321
v 0.168542132 0.153163552 0.034115732
v 0.167556241 0.163345844 0.037179623
v 0.156854585 0.181412548 0.034170311
v 0.148542419 0.187777176 0.034139007
v 0.138906419 0.191757917 0.034142438
v 0.118299015 0.191757903 0.034142412
v 0.108685516 0.188154399 0.037179649
v 0.094026580 0.173168048 0.034142416
v 0.090027705 0.163539574 0.034138989
v 0.090008385 0.142859817 0.034142409
v 0.093611896 0.133246332 0.037179612
v 0.108247668 0.118369251 0.037757952
v 0.118265651 0.114585035 0.034115728
v 0.138904333 0.114568591 0.034138996
v 0.148957789 0.118369251 0.037757929
v 0.163201287 0.133185744 0.034170337
v 0.167479739 0.142507508 0.037757926
v 0.168141156 0.153163552 0.048543505
v 0.155187324 0.179748133 0.061965875
v 0.148376703 0.187406793 0.048435435
v 0.138875619 0.191342846 0.048510686
v 0.128636509 0.192704648 0.048487753
v 0.118401460 0.191366181 0.048487175
v 0.094376028 0.172963515 0.048487190
v 0.090417661 0.163430363 0.048487164
v 0.090408437 0.142926127 0.048435405
v 0.100644216 0.125200555 0.048435379
v 0.118401326 0.114961065 0.048487756
v 0.128644064 0.113626391 0.048510727
v 0.138840139 0.114969254 0.048435356
v 0.156565741 0.125205040 0.048435401
v 0.160996988 0.134197190 0.062292956
v 0.164199576 0.162981376 0.063633069
v 0.160456717 0.171800554 0.063670367
v 0.110253863 0.185215160 0.063624643
v 0.102657773 0.179409951 0.063670374
v 0.091670804 0.153298780 0.063624643
v 0.096759848 0.134467170 0.063633069
v 0.110173218 0.121242717 0.063871406
v 0.147032231 0.121242709 0.063871428
v 0.164205790 0.143623725 0.063871443
v 0.165178522 0.153483808 0.064242102
v 0.147224426 0.184861481 0.063919470
v 0.137925580 0.188576713 0.064282291
v 0.128469512 0.189938903 0.063752055
v 0.119254567 0.188657463 0.064024135
v 0.096894577 0.171651378 0.064024098
v 0.093190022 0.162814781 0.064024106
v 0.093151808 0.143664524 0.064142399
v 0.102554440 0.127115250 0.063640356
v 0.118955933 0.117675766 0.063752048
v 0.128442302 0.116544120 0.064282231
v 0.138137087 0.117580935 0.063640393
v 0.154651046 0.127115265 0.063640364
v 0.156824723 0.145601511 0.076612636
v 0.155628264 0.163619101 0.076593265
v 0.144124314 0.178083733 0.076610632
v 0.124807827 0.181988627 0.076589204
v 0.110425718 0.175731093 0.076593265
v 0.101577215 0.163619116 0.076593265
v 0.099952720 0.149391726 0.076596081
v 0.105536953 0.135464534 0.076589204
v 0.118147172 0.126138031 0.076593265
v 0.133060694 0.124530986 0.076593265
v 0.146779761 0.130596042 0.076593265
v 0.128602728 0.153163552 0.078074723
v 0.139814913 0.158409283 0.078917518
v 0.143446520 0.171647996 0.074585177
v 0.143166527 0.166105151 0.078043781
v 0.143166527 0.166105166 0.071126580
v 0.147380039 0.153163552 0.074585177
v 0.145488158 0.146525577 0.077932872
v 0.145858824 0.139603481 0.074585177
v 0.145488158 0.146525592 0.071237490
v 0.140926123 0.134679124 0.074585177
v 0.141206115 0.140221953 0.078043781
v 0.141206115 0.140221953 0.071126580
v 0.136992589 0.153163552 0.074585177
v 0.139814913 0.158409297 0.070252843
v 0.138513803 0.166723624 0.074585177
v 0.128544137 0.169958666 0.078917518
v 0.114562035 0.172008276 0.074585177
v 0.121038765 0.173765376 0.074585177
v 0.126914978 0.169855490 0.070165902
v 0.134405226 0.171021834 0.074585177
v 0.146831542 0.165384784 0.074585177
v 0.140133709 0.167171299 0.071237482
v 0.145411372 0.163015381 0.078043781
v 0.150420502 0.160357147 0.073560417
v 0.138093024 0.160890833 0.077932872
v 0.144561797 0.158399239 0.074585177
v 0.131195337 0.161142781 0.074585177
v 0.138093054 0.160890833 0.071237490
v 0.120189197 0.169149250 0.078043781
v 0.118769020 0.166779831 0.074585177
v 0.120189182 0.169149250 0.071126580
v 0.123020560 0.165579081 0.079004459
v 0.109642968 0.150177464 0.077767156
v 0.106723487 0.146159127 0.073560424
v 0.106671840 0.152336121 0.074585177
v 0.111040443 0.157718360 0.077932872
v 0.113411561 0.164200589 0.074585177
v 0.111040436 0.157718360 0.071237490
v 0.122612655 0.174276769 0.074585177
v 0.120156869 0.167659655 0.070165902
v 0.124427259 0.172193930 0.078043781
v 0.128885224 0.176662177 0.074585177
v 0.128554910 0.169959456 0.074585177
v 0.126013279 0.171041608 0.071126580
v 0.116382934 0.153836802 0.077932872
v 0.121815190 0.158094987 0.074585177
v 0.116382927 0.153836787 0.071237490
v 0.112614095 0.148018807 0.074585177
v 0.122615248 0.142329335 0.078917518
v 0.128885239 0.129664943 0.074585177
v 0.124427259 0.134133175 0.078043781
v 0.122612655 0.132050335 0.074585177
v 0.124427259 0.134133175 0.071126580
v 0.113411561 0.142126516 0.074585177
v 0.111040443 0.148608759 0.077932872
v 0.106671840 0.153990984 0.074585177
v 0.111040436 0.148608759 0.071237490
v 0.106341518 0.160693690 0.074585177
v 0.110799506 0.156225458 0.078043781
v 0.112614095 0.158308297 0.074585177
v 0.110799506 0.156225443 0.071126580
v 0.121815190 0.148232117 0.074585177
v 0.122615255 0.142329320 0.070252843
v 0.128554910 0.136367649 0.074585177
v 0.126915008 0.136471629 0.079004459
v 0.150420502 0.145969972 0.075609937
v 0.146831542 0.140942320 0.074585177
v 0.140133649 0.139155790 0.077932879
v 0.134405226 0.135305271 0.074585177
v 0.138522059 0.139610484 0.070252843
v 0.121038765 0.132561728 0.074585177
v 0.114831112 0.135731325 0.074585177
v 0.120794982 0.135313392 0.071126580
v 0.120189175 0.137177855 0.078043774
v 0.138092995 0.145436272 0.077932879
v 0.131195337 0.145184323 0.074585177
v 0.125466868 0.141333774 0.071237482
v 0.144561797 0.147927865 0.074585177
v 0.144805565 0.145176202 0.071126580
v 0.163349137 0.148700923 0.022640098
v 0.162039787 0.151072785 0.021144483
v 0.163807228 0.150354415 0.015244642
v 0.165153086 0.150209129 0.020469457
v 0.165153086 0.148379117 0.016657306
v 0.162761480 0.147294119 0.018563382
v 0.162173837 0.148700923 0.014486670
v 0.160369888 0.148379132 0.020469468
v 0.160369888 0.150209129 0.016657304
v 0.162086517 0.163863182 0.025175510
v 0.160777181 0.166235059 0.023679893
v 0.163890481 0.165371388 0.023004867
v 0.162544623 0.165516675 0.017780054
v 0.163890481 0.163541391 0.019192716
v 0.161498874 0.162456378 0.021098793
v 0.159107283 0.163541391 0.023004878
v 0.160911232 0.163863182 0.017022077
v 0.159107283 0.165371388 0.019192711
v 0.151550680 0.178489223 0.040121384
v 0.150241330 0.180861101 0.038625773
v 0.151550680 0.179675639 0.031967964
v 0.153354615 0.179997444 0.037950758
v 0.153354615 0.178167418 0.034138590
v 0.150241330 0.177303761 0.033463582
v 0.148571432 0.178167418 0.037950747
v 0.148571432 0.179997429 0.034138601
v 0.140504241 0.186456323 0.027274190
v 0.143483490 0.186778128 0.025103550
v 0.141813591 0.187641785 0.020616394
v 0.143483490 0.184948117 0.021291411
v 0.141813591 0.184084445 0.025778573
v 0.138700292 0.184948102 0.025103556
v 0.140504241 0.185269907 0.019120773
v 0.138700292 0.186778128 0.021291405
v 0.125199169 0.187903583 0.022054389
v 0.126508519 0.189089045 0.015396593
v 0.128178418 0.188225389 0.019883748
v 0.128178418 0.186395362 0.016071610
v 0.126508519 0.185531706 0.020558765
v 0.125199169 0.186717167 0.013900968
v 0.123395212 0.186395362 0.019883730
v 0.123395212 0.188225374 0.016071625
v 0.111406431 0.182244062 0.038130272
v 0.111540496 0.184615940 0.031472463
v 0.113210410 0.183752269 0.035959609
v 0.113210410 0.181922272 0.032147504
v 0.110818796 0.180837259 0.034053557
v 0.110231154 0.182244077 0.029976841
v 0.108427197 0.181922257 0.035959613
v 0.109773062 0.183897555 0.037372302
v 0.108427197 0.183752269 0.032147504
v 0.095156558 0.165624529 0.035488024
v 0.096465893 0.166809991 0.028830215
v 0.098135807 0.165946320 0.033317368
v 0.098135807 0.164116323 0.029505264
v 0.096465893 0.163252652 0.033992406
v 0.095156565 0.164438114 0.027334601
v 0.093352593 0.164116323 0.033317368
v 0.093352593 0.165946320 0.029505264
v 0.097157627 0.152464420 0.047475848
v 0.095848292 0.154836282 0.045980234
v 0.098961592 0.153972626 0.045305189
v 0.097615719 0.154117912 0.040080391
v 0.098961592 0.152142614 0.041493077
v 0.096569985 0.151057616 0.043399133
v 0.094178386 0.152142629 0.045305196
v 0.095982343 0.152464420 0.039322421
v 0.094178386 0.153972626 0.041493077
v 0.099996276 0.133355260 0.026677988
v 0.098686948 0.135727137 0.025182366
v 0.101800248 0.134863466 0.024507325
v 0.100454375 0.135008752 0.019282525
v 0.101800248 0.133033469 0.020695211
v 0.099408641 0.131948456 0.022601269
v 0.097017035 0.133033469 0.024507327
v 0.098821007 0.133355260 0.018524552
v 0.097017035 0.134863466 0.020695215
v 0.108465202 0.127591908 0.045794409
v 0.111444451 0.127913713 0.043623749
v 0.109774545 0.128777370 0.039136618
v 0.111444451 0.126083702 0.039811648
v 0.109774545 0.125220045 0.044298798
v 0.106661238 0.126083702 0.043623753
v 0.108465202 0.126405492 0.037641000
v 0.106661238 0.127913699 0.039811656
v 0.120562494 0.119999081 0.038280506
v 0.121150136 0.121405862 0.034203790
v 0.121737778 0.119999073 0.030127075
v 0.123541743 0.120320871 0.036109850
v 0.123541743 0.118490867 0.032297734
v 0.121871829 0.117627203 0.036784906
v 0.120104410 0.118345581 0.030885041
v 0.118758537 0.118490867 0.036109854
v 0.118758537 0.120320871 0.032297730
v 0.135768652 0.119633242 0.027153937
v 0.138747901 0.119955026 0.024983305
v 0.137077987 0.120818689 0.020496113
v 0.138747901 0.118125036 0.021171149
v 0.137077987 0.117261373 0.025658345
v 0.133964702 0.118125036 0.024983315
v 0.135768652 0.118446819 0.019000517
v 0.133964702 0.119955026 0.021171143
v 0.149281234 0.126762554 0.016353393
v 0.147971883 0.129134417 0.014857775
v 0.149281234 0.127948970 0.008199967
v 0.151085168 0.128270760 0.014182769
v 0.151085168 0.126440763 0.010370596
v 0.147971883 0.125577092 0.009695583
v 0.146301985 0.126440763 0.014182758
v 0.146301985 0.128270760 0.010370607
v 0.156998962 0.135889143 0.046444718
v 0.155689612 0.138261005 0.044949103
v 0.158802897 0.137397349 0.044274088
v 0.156998962 0.137075543 0.038291294
v 0.158802897 0.135567337 0.040461913
v 0.154019713 0.135567352 0.044274084
v 0.155689612 0.134703681 0.039786901
v 0.154019713 0.137397349 0.040461928
v -0.000408120 0.000367671 0.040472511
v 0.141237497 -0.127242506 0.059609402
v 0.002984092 0.003722645 0.037736263
v 0.144629702 -0.123887531 0.056873150
v 0.003392205 0.003354974 0.032263763
v 0.145037815 -0.124255203 0.051400650
v 0.000408106 -0.000367671 0.029527511
v 0.142053723 -0.127977848 0.048664402
v -0.002984107 -0.003722645 0.032263763
v 0.138661504 -0.131332815 0.051400650
v -0.003392220 -0.003354974 0.037736263
v 0.138253391 -0.130965143 0.056873150
v 0.141645595 -0.127610177 0.003931232
v 0.145909354 -0.123057455 0.007006318
v 0.137489915 -0.120378435 0.008459184
v 0.135179713 -0.128461421 0.007291873
v 0.140880793 -0.133419484 0.006657965
v 0.149428934 -0.131440580 0.008784875
v 0.151608735 -0.124940582 0.010576361
v 0.131060660 -0.130637556 0.011561813
v 0.137068495 -0.137253478 0.011028584
v 0.146390408 -0.137543559 0.011546287
v 0.158254504 -0.125647858 0.018248381
v 0.148533568 -0.118445262 0.012080667
v 0.142025143 -0.116621487 0.011548066
v 0.131538212 -0.114438005 0.018086201
v 0.125386462 -0.122470826 0.018403593
v 0.130972221 -0.124443628 0.011632495
v 0.145091653 -0.143842578 0.018244553
v 0.155007601 -0.117357150 0.018276555
v 0.148142844 -0.111924388 0.018603228
v 0.139596924 -0.110812858 0.018293912
v 0.125825524 -0.133729652 0.018238220
v 0.130214155 -0.140182614 0.018340170
v 0.139531597 -0.144528851 0.018315490
v 0.153914005 -0.139435530 0.018068671
v 0.157443389 -0.132642925 0.018173914
v 0.162022233 -0.125209779 0.025335604
v 0.134341791 -0.108534522 0.025157062
v 0.127224684 -0.113189250 0.025521059
v 0.122951277 -0.119271822 0.025161462
v 0.121362537 -0.128851667 0.025105661
v 0.136196584 -0.147262365 0.025456769
v 0.154170185 -0.143862173 0.025358010
v 0.157993525 -0.115119122 0.025154188
v 0.149839610 -0.108606495 0.025506355
v 0.141510397 -0.107151203 0.025347086
v 0.122496806 -0.135720715 0.025533793
v 0.129193187 -0.144027025 0.025308196
v 0.144047126 -0.148081318 0.025375906
v 0.160753667 -0.135227084 0.025132421
v 0.162787154 -0.119364277 0.033296108
v 0.147294611 -0.105719708 0.033983525
v 0.130549669 -0.108155027 0.032884371
v 0.119881071 -0.121510282 0.034019962
v 0.119240344 -0.130708054 0.032837827
v 0.121879920 -0.138886198 0.034866989
v 0.144876242 -0.149992973 0.033030689
v 0.161328092 -0.138732389 0.033983521
v 0.164286509 -0.127610177 0.034300148
v 0.157688498 -0.111536473 0.035325062
v 0.152981654 -0.107931957 0.035325073
v 0.137952089 -0.105166577 0.033873603
v 0.123689562 -0.113832027 0.032566633
v 0.125476271 -0.143596068 0.035063729
v 0.130227283 -0.147111043 0.034219656
v 0.135914892 -0.149497300 0.034513034
v 0.154941231 -0.146068469 0.033545192
v 0.163527384 -0.133473411 0.035620570
v 0.160976723 -0.119223252 0.047333058
v 0.139225885 -0.106654823 0.047233384
v 0.130700514 -0.109477557 0.046678696
v 0.126380369 -0.112928234 0.046678692
v 0.123331353 -0.117180347 0.046888877
v 0.120550752 -0.130968183 0.046550732
v 0.141645595 -0.148660123 0.047017958
v 0.149245933 -0.147388458 0.047061279
v 0.162316978 -0.130189419 0.047714934
v 0.147042811 -0.107618578 0.047675442
v 0.133557618 -0.146828115 0.047680054
v 0.158152431 -0.140838876 0.047026768
v 0.154136658 -0.111001670 0.047715351
v 0.121038713 -0.124742962 0.047757115
v 0.125281572 -0.140419856 0.047715340
v 0.157485545 -0.123365857 0.054152071
v 0.150357306 -0.113623738 0.054151393
v 0.137915790 -0.111560166 0.054151393
v 0.127297655 -0.119326413 0.054150429
v 0.125880986 -0.132405087 0.054151393
v 0.135269657 -0.143003151 0.054170281
v 0.147197396 -0.142212018 0.054801665
v 0.155993551 -0.135893941 0.054150432
v 0.150098085 -0.130837232 0.056568921
v 0.148673967 -0.117173783 0.052136905
v 0.152166620 -0.121978186 0.052136905
v 0.151131868 -0.123737179 0.055432703
v 0.151131883 -0.123737186 0.048841115
v 0.151331365 -0.135221377 0.052136905
v 0.150098085 -0.130837232 0.047704898
v 0.148673967 -0.138046578 0.052136902
v 0.148779675 -0.134960562 0.055497311
v 0.148779675 -0.134960577 0.048776507
v 0.148366988 -0.121091314 0.055840369
v 0.146354780 -0.127610177 0.052136905
v 0.148366988 -0.121091306 0.048433449
v 0.140676647 -0.120149277 0.056568921
v 0.134260252 -0.116567045 0.052136905
v 0.137162551 -0.117621213 0.055497311
v 0.137162551 -0.117621213 0.048776504
v 0.150253132 -0.119344473 0.052136909
v 0.148260474 -0.119785011 0.055432703
v 0.148260474 -0.119785011 0.048841115
v 0.153743088 -0.124150813 0.052136905
v 0.150840774 -0.123096645 0.048776504
v 0.149922445 -0.123232201 0.055840362
v 0.137750193 -0.121373385 0.052136905
v 0.141100824 -0.120574772 0.047779839
v 0.138044059 -0.121004693 0.056568924
v 0.128860757 -0.131221563 0.052136909
v 0.130915061 -0.127871782 0.055840366
v 0.130915061 -0.127871782 0.048433453
v 0.133118868 -0.121415138 0.052136905
v 0.141129479 -0.114335097 0.052136905
v 0.136704206 -0.120031178 0.047704898
v 0.139401093 -0.116893873 0.055497315
v 0.141618758 -0.118182704 0.052136905
v 0.140194461 -0.117470272 0.048776504
v 0.134510294 -0.129387677 0.052136909
v 0.134707108 -0.127356380 0.055432703
v 0.134707093 -0.127356410 0.048841111
v 0.136168450 -0.134917244 0.056493979
v 0.140194446 -0.137750059 0.055497315
v 0.140194461 -0.137750074 0.048776507
v 0.136168450 -0.134917244 0.047779839
v 0.136444360 -0.138350695 0.052136905
v 0.129335880 -0.127145737 0.052136905
v 0.130760193 -0.126433328 0.048776504
v 0.130760193 -0.126433328 0.055497315
v 0.129825160 -0.123298131 0.052136902
v 0.136101782 -0.128254712 0.054487973
v 0.134707093 -0.127863973 0.048841119
v 0.142093882 -0.140184566 0.052136898
v 0.141781718 -0.136741102 0.056493986
v 0.151143819 -0.133056358 0.055497315
v 0.149922445 -0.131988168 0.048433449
v 0.154111460 -0.132203266 0.052136909
v 0.147457868 -0.136641026 0.049785860
v 0.137162551 -0.137599155 0.048776504
v 0.134260237 -0.138653323 0.052136909
v 0.136859536 -0.136666507 0.055497319
v 0.136125982 -0.135252938 0.052136905
v 0.140676662 -0.135071084 0.047704894
v 0.148462921 -0.130366191 0.052136909
v 0.147109792 -0.131893858 0.055432711
v -0.001115784 0.000104178 0.040384628
v 0.234895542 -0.021927444 0.089716733
v -0.000115179 0.004794620 0.037692320
v 0.235896140 -0.017237004 0.087024420
v 0.001000620 0.004690461 0.032307699
v 0.237011939 -0.017341161 0.081639804
v 0.001115799 -0.000104139 0.029615385
v 0.237127125 -0.022135761 0.078947492
v 0.000115193 -0.004794580 0.032307696
v 0.236126512 -0.026826203 0.081639796
v -0.001000606 -0.004690422 0.037692316
v 0.235010713 -0.026722044 0.087024420
v 0.236011341 -0.022031583 -0.011907302
v 0.247082144 -0.024998013 -0.005160800
v 0.243628129 -0.014414808 -0.005992403
v 0.233361706 -0.011018936 -0.005233457
v 0.225798413 -0.017440319 -0.005508965
v 0.226085514 -0.027762249 -0.005160788
v 0.233361706 -0.033044238 -0.005233449
v 0.241617844 -0.031742357 -0.005291379
v 0.255274922 -0.019427510 0.003425922
v 0.251193017 -0.010029341 0.003283283
v 0.243008763 -0.003879115 0.003435877
v 0.232981011 -0.003346917 0.002596895
v 0.223206207 -0.007478910 0.003095348
v 0.218141049 -0.017964622 0.001585184
v 0.218100518 -0.028134761 0.002563114
v 0.223684758 -0.036343064 0.002171899
v 0.233588859 -0.041142650 0.003191632
v 0.244247079 -0.039279494 0.002698667
v 0.251815856 -0.030852571 0.001110405
v 0.227069676 -0.001173228 0.008031736
v 0.222032920 -0.039834663 0.008042368
v 0.241781533 -0.050106328 0.015284621
v 0.257458121 -0.030730326 0.008583766
v 0.265103370 -0.022031605 0.015684798
v 0.263021439 -0.010538383 0.015605416
v 0.253594398 0.001395849 0.015352190
v 0.243399292 0.006175890 0.015848676
v 0.231878757 0.006967196 0.015352180
v 0.218450293 0.001667302 0.015665935
v 0.210606307 -0.007825550 0.015890360
v 0.206927568 -0.017501859 0.015517931
v 0.208731607 -0.033331219 0.015514473
v 0.215509459 -0.042766001 0.015848676
v 0.222129300 -0.047671244 0.015979901
v 0.232497692 -0.051111847 0.015352177
v 0.254075527 -0.045271434 0.015483487
v 0.263021469 -0.033524774 0.015605439
v 0.270185173 -0.012745650 0.029258268
v 0.261039525 0.002500828 0.028764525
v 0.254095584 0.008417823 0.029374601
v 0.236011341 0.013345970 0.029440152
v 0.223289892 0.007370209 0.022434330
v 0.211280003 0.003317309 0.029374611
v 0.204433694 -0.017991632 0.021884533
v 0.201795697 -0.031199597 0.029226052
v 0.205614060 -0.040165350 0.029342091
v 0.231558084 -0.053854171 0.022433816
v 0.244903505 -0.056190938 0.028988693
v 0.254095584 -0.052480984 0.029374596
v 0.261509895 -0.046227705 0.028810922
v 0.270226955 -0.031199686 0.029226009
v 0.271558136 -0.022031585 0.029187314
v 0.266638577 -0.004079793 0.029135311
v 0.245246783 0.012435548 0.029338162
v 0.222223967 0.011254084 0.029223137
v 0.205261812 -0.004345109 0.029173102
v 0.200396925 -0.018022308 0.029149810
v 0.213607311 -0.049716219 0.028523402
v 0.231547743 -0.057505045 0.029059915
v 0.266638577 -0.039983362 0.029135291
v 0.263638347 0.005304563 0.043589264
v 0.246196523 0.015479523 0.043610796
v 0.225984544 0.015531172 0.043492604
v 0.216612339 0.012057637 0.045800108
v 0.198466629 -0.011971503 0.043456584
v 0.198467642 -0.032129489 0.043492623
v 0.216430411 -0.055595122 0.043559726
v 0.246398881 -0.059853476 0.045800123
v 0.263612241 -0.049408857 0.043635879
v 0.273555040 -0.032129519 0.043492611
v 0.275302500 -0.022031544 0.046298340
v 0.273782909 -0.011736746 0.045554589
v 0.269901633 -0.002205427 0.046703123
v 0.255468488 0.011669169 0.043222453
v 0.236011341 0.017259572 0.046298318
v 0.208524048 0.005505754 0.043198597
v 0.202310771 -0.002574554 0.043231245
v 0.196778148 -0.021603856 0.045820091
v 0.201929629 -0.041431334 0.046142623
v 0.208496243 -0.049549457 0.043225683
v 0.225906953 -0.059604947 0.043198578
v 0.236236170 -0.061294522 0.046703164
v 0.255593657 -0.055949163 0.045254186
v 0.269700527 -0.041483738 0.043174844
v 0.263268173 0.005178514 0.057100840
v 0.254321367 0.009682254 0.070161827
v 0.246017367 0.015155814 0.057123624
v 0.226025477 0.013384217 0.069757067
v 0.208752185 0.005170633 0.057123646
v 0.204236105 -0.003942523 0.070478842
v 0.198818356 -0.012031727 0.057101369
v 0.198807731 -0.031997096 0.057050586
v 0.210314602 -0.048042305 0.070478842
v 0.216725975 -0.055369113 0.057101402
v 0.226951465 -0.057695501 0.069757074
v 0.261708081 -0.048042316 0.070478871
v 0.269348890 -0.041316926 0.057101380
v 0.273204386 -0.032031611 0.057100825
v 0.271957785 -0.022238901 0.071814731
v 0.270735145 -0.012727392 0.071928546
v 0.267038226 -0.003878826 0.071814701
v 0.236011341 0.013870207 0.072009511
v 0.218138844 0.009187483 0.071770422
v 0.199986875 -0.022092560 0.071527287
v 0.204995319 -0.040242165 0.071778566
v 0.235804006 -0.057978015 0.071814686
v 0.245066181 -0.056840051 0.071778581
v 0.253845692 -0.053292666 0.071738280
v 0.260955095 0.003542825 0.072199002
v 0.245411888 0.012461802 0.072156951
v 0.210900173 0.003300508 0.072407112
v 0.201391384 -0.013216879 0.072199002
v 0.201480851 -0.031283975 0.072271757
v 0.218536690 -0.053190470 0.072199017
v 0.266896367 -0.040039342 0.072156966
v 0.270504713 -0.031432096 0.072157040
v 0.263916999 -0.018357744 0.084342703
v 0.258802056 -0.005381761 0.084339984
v 0.244332299 0.005326917 0.084356919
v 0.222549736 0.003197582 0.084356919
v 0.210196793 -0.010619254 0.084339984
v 0.208157718 -0.028504694 0.084356919
v 0.221635118 -0.046931963 0.084354199
v 0.240353525 -0.049920265 0.084339976
v 0.253716081 -0.044012837 0.084339976
v 0.262334704 -0.032215584 0.084339976
v 0.236011341 -0.022031583 0.085775703
v 0.246947616 -0.016924271 0.086665049
v 0.248026237 -0.004020960 0.082332112
v 0.250190198 -0.009417417 0.085785449
v 0.252819151 -0.008823801 0.082332112
v 0.250953972 -0.015471254 0.077912390
v 0.254300833 -0.022031583 0.082332112
v 0.252459019 -0.028515851 0.085676357
v 0.252819151 -0.035239361 0.082332112
v 0.252459019 -0.028515883 0.078987882
v 0.249242038 -0.040066790 0.081290424
v 0.248293877 -0.034645729 0.085785449
v 0.245664924 -0.035239361 0.082332112
v 0.244183242 -0.022031583 0.082332112
v 0.246025100 -0.028515948 0.078987867
v 0.248293877 -0.009417430 0.078878783
v 0.235951498 -0.005688068 0.086665049
v 0.223346457 -0.002726565 0.082332112
v 0.241663098 -0.004637247 0.082332112
v 0.234926939 -0.004385165 0.078987867
v 0.257604659 -0.013857748 0.082332119
v 0.252389640 -0.012444687 0.085785449
v 0.252389640 -0.012444687 0.078878783
v 0.251555800 -0.016931906 0.082332112
v 0.245272771 -0.014511725 0.085676365
v 0.238536596 -0.014259646 0.082332112
v 0.244248211 -0.013208827 0.077999182
v 0.227810070 -0.006452207 0.085785449
v 0.226433113 -0.008769049 0.082332112
v 0.227810085 -0.006452208 0.078878783
v 0.226453260 -0.008774227 0.086665049
v 0.215704709 -0.029540300 0.082332112
v 0.217125997 -0.023902530 0.085785449
v 0.214650199 -0.022837527 0.082332112
v 0.217125997 -0.023902522 0.078878775
v 0.221214831 -0.011281293 0.082332112
v 0.234910250 0.001030747 0.082332112
v 0.226516321 -0.007117945 0.078987867
v 0.233488977 -0.004607019 0.085785449
v 0.235964760 -0.005672028 0.082332112
v 0.233488977 -0.004607018 0.078878783
v 0.229400128 -0.017228261 0.082332112
v 0.224098623 -0.021391621 0.085676365
v 0.224161699 -0.019735327 0.077999182
v 0.224161699 -0.024327843 0.086665049
v 0.234910265 -0.045093916 0.082332112
v 0.226516321 -0.036945220 0.085676357
v 0.221214831 -0.032781873 0.082332112
v 0.226516336 -0.036945228 0.078987867
v 0.213737503 -0.015952112 0.082332112
v 0.217125997 -0.020160643 0.085785449
v 0.217125997 -0.020160638 0.078878783
v 0.220438078 -0.017020499 0.082332112
v 0.229400128 -0.026834903 0.082332112
v 0.224161699 -0.024327837 0.077999182
v 0.233488977 -0.039456148 0.085785449
v 0.235964760 -0.038391136 0.082332112
v 0.233488992 -0.039456151 0.078878783
v 0.234389588 -0.038270123 0.086751841
v 0.257252365 -0.029041531 0.083373807
v 0.253766596 -0.033935320 0.082332112
v 0.252389610 -0.031618480 0.078878775
v 0.247260943 -0.035670444 0.085676365
v 0.241663098 -0.039425917 0.082332112
v 0.223346442 -0.041336603 0.082332112
v 0.235951498 -0.038375106 0.077999182
v 0.227810070 -0.037610963 0.085785449
v 0.226433113 -0.035294119 0.082332112
v 0.227810070 -0.037610963 0.078878783
v 0.238536596 -0.029803522 0.082332112
v 0.245272756 -0.029551439 0.085676365
v 0.251555800 -0.027131258 0.082332112
v 0.245272771 -0.029551437 0.078987867
vn 0.000000017 -0.000000007 1.000000000
vn -0.000002043 0.450434566 0.892809451
vn -0.000009648 0.914307714 0.405020088
vn 0.000004780 0.914311528 -0.405011714
vn 0.000000000 0.450433195 -0.892810166
vn 0.000000003 -0.000000007 -1.000000000
vn 0.318503916 0.318506688 0.892809451
vn 0.646506429 0.646520078 0.405020148
vn 0.646513999 0.646507204 -0.405028671
vn 0.318506271 0.318506181 -0.892808795
vn 0.450434536 0.000002026 0.892809570
vn 0.914307833 0.000009595 0.405020177
vn 0.914311528 -0.000004768 -0.405011684
vn 0.450433165 0.000000000 -0.892810166
vn 0.318506688 -0.318503827 0.892809510
vn 0.646520078 -0.646506429 0.405020177
vn 0.646507204 -0.646513939 -0.405028671
vn 0.318506241 -0.318506211 -0.892808914
vn 0.000002031 -0.450434536 0.892809451
vn 0.000009641 -0.914307833 0.405020207
vn -0.000004787 -0.914311528 -0.405011743
vn 0.000000005 -0.450433195 -0.892810166
vn -0.318503857 -0.318506718 0.892809451
vn -0.646506429 -0.646520078 0.405020207
vn -0.646513939 -0.646507204 -0.405028641
vn -0.318506211 -0.318506211 -0.892808795
vn -0.450434536 -0.000002026 0.892809570
vn -0.914307833 -0.000009595 0.405020177
vn -0.914311528 0.000004768 -0.405011684
vn -0.450433165 0.000000000 -0.892810166
vn -0.318506688 0.318503797 0.892809510
vn -0.646520078 0.646506429 0.405020177
vn -0.646507263 0.646513939 -0.405028671
vn -0.318506271 0.318506181 -0.892808795
vn -0.147917137 -0.950455606 0.273412883
vn 0.002803879 0.018018562 0.999833703
vn -0.789723098 -0.611818314 -0.044899657
vn -0.638997376 0.356665343 0.681522012
vn -0.717162430 -0.145607725 -0.681525052
vn -0.566443741 0.822876513 0.044898946
vn -0.002808109 -0.018020276 -0.999833703
vn 0.147921488 0.950454116 -0.273416132
vn 0.638999760 -0.356658548 -0.681523323
vn 0.789720595 0.611820996 0.044905823
vn 0.566441476 -0.822877944 -0.044899862
vn 0.717165470 0.145604268 0.681522667
vn -0.005146584 -0.496711493 0.867900431
vn -0.005204086 -0.507073045 0.861887395
vn 0.003574921 -0.451978743 0.892021596
vn 0.003552454 -0.455925941 0.890010655
vn 0.023136299 -0.349955350 0.936480641
vn 0.023135295 -0.349958390 0.936479509
vn 0.046837449 -0.218064249 0.974809885
vn 0.046838257 -0.218064234 0.974809825
vn 0.073654942 -0.056850702 0.995662093
vn 0.073655188 -0.056851853 0.995661974
vn 0.098799683 0.108149700 0.989212930
vn 0.098799542 0.108149804 0.989212930
vn 0.118178673 0.247322693 0.961699188
vn 0.118177846 0.247319058 0.961700261
vn 0.132540956 0.359938860 0.923513412
vn 0.134112343 0.365014136 0.921291888
vn 0.142612636 0.437349886 0.887911439
vn 0.145581141 0.446992606 0.882611990
vn 0.151581034 0.503235936 0.850750685
vn -0.198135346 0.819810688 0.537264168
vn -0.435212553 -0.722016275 -0.537849903
vn 0.181969061 -0.923558116 0.337531656
vn 0.451355487 0.825885713 -0.337921888
vn -0.314064831 -0.241638467 0.918136239
vn -0.324074835 -0.248068735 0.912927926
vn -0.286542207 -0.213730410 0.933923364
vn -0.290281326 -0.216141477 0.932212234
vn -0.219308704 -0.150199458 0.964024782
vn -0.219306543 -0.150198057 0.964025497
vn -0.135044485 -0.072594896 0.988176584
vn -0.135045603 -0.072595358 0.988176405
vn -0.034006476 0.019557020 0.999230325
vn -0.034002431 0.019560283 0.999230385
vn 0.069191843 0.112704054 0.991216540
vn 0.069192305 0.112704746 0.991216481
vn 0.157496154 0.191620171 0.968750000
vn 0.157490984 0.191617638 0.968751371
vn 0.235662833 0.260837644 0.936176598
vn 0.231949672 0.258555204 0.937735856
vn 0.289756447 0.309318364 0.905739129
vn 0.282484680 0.304931372 0.909515977
vn 0.329177827 0.345582783 0.878757358
vn -0.965481818 0.172525361 0.195140436
vn 0.060422231 0.598702669 0.798689127
vn -0.254074425 -0.362639278 -0.896626353
vn 0.179748073 0.785253465 -0.592509627
vn -0.035981420 -0.901178122 0.431952924
vn 0.970441163 -0.237894788 0.040620729
vn 0.259857863 -0.540785074 0.800015867
vn 0.229806900 -0.493344933 0.838927686
vn 0.237994134 -0.504748106 0.829812169
vn 0.196679488 -0.437844366 0.877273917
vn 0.195199326 -0.436306089 0.878370225
vn 0.128469095 -0.326891690 0.936289310
vn 0.128472596 -0.326895058 0.936287582
vn 0.040436111 -0.180354834 0.982770085
vn 0.040437866 -0.180354744 0.982770085
vn -0.067770034 0.004519445 0.997690737
vn -0.067771114 0.004520684 0.997690678
vn -0.175178021 0.193332568 0.965367913
vn -0.175178885 0.193333179 0.965367615
vn -0.259285778 0.345480204 0.901894927
vn -0.259283334 0.345477313 0.901896656
vn -0.318044305 0.457810014 0.830215514
vn -0.322494030 0.463046819 0.825581789
vn -0.352053285 0.528807700 0.772282898
vn -0.360085070 0.538115561 0.762082934
vn -0.383085132 0.588677764 0.711831629
vn -0.442523479 -0.887379408 -0.129348084
vn -0.793892145 0.086155042 0.601924121
vn 0.625584722 -0.159596875 -0.763657510
vn -0.426659793 0.540187895 -0.725367785
vn 0.682894170 -0.374136388 0.627437234
vn 0.414055914 0.833293498 0.366305441
vn 0.629387140 -0.762697339 0.148877367
vn 0.069401234 -0.084105261 0.994037151
vn -0.074607790 -0.987777650 -0.136853799
vn -0.634584308 -0.309195489 0.708308518
vn -0.423996627 -0.564378202 -0.708310723
vn -0.983985782 0.114211336 0.136849523
vn -0.069406219 0.084107876 -0.994036555
vn -0.629390419 0.762695789 -0.148872539
vn 0.634588540 0.309192002 -0.708306193
vn 0.074604154 0.987778485 0.136849880
vn 0.983985186 -0.114212573 -0.136852473
vn 0.423997432 0.564377069 0.708311260
vn 0.180106461 -0.227099687 0.957072318
vn 0.185371116 -0.236237377 0.953849792
vn 0.155305624 -0.199250609 0.967563689
vn 0.157260969 -0.202632859 0.966544926
vn 0.100475878 -0.134057879 0.985866666
vn 0.100475080 -0.134059012 0.985866606
vn 0.035553012 -0.055532500 0.997823715
vn 0.035552796 -0.055533074 0.997823715
vn -0.040409908 0.036509447 0.998515964
vn -0.040409207 0.036508895 0.998516083
vn -0.116554908 0.128953114 0.984777212
vn -0.116554543 0.128953859 0.984777153
vn -0.181311876 0.207720071 0.961237967
vn -0.181311756 0.207722172 0.961237550
vn -0.236409009 0.274852008 0.931969583
vn -0.238343611 0.278248459 0.930467725
vn -0.274988681 0.322940201 0.905588746
vn -0.278752655 0.329628676 0.902020991
vn -0.308718890 0.366149008 0.877854049
vn 0.180587560 -0.688084185 0.702800393
vn -0.063083358 0.545691013 0.835608661
vn -0.088119224 -0.695144594 -0.713448644
vn -0.993139327 -0.071848772 -0.092260815
vn 0.968821645 0.101314865 -0.226097167
vn -0.010636168 0.814829826 -0.579602540
vn 0.020586632 -0.415448993 0.909383595
vn 0.019029403 -0.424302846 0.905320466
vn 0.019321250 -0.382339299 0.923820019
vn 0.018753510 -0.385634869 0.922460914
vn 0.018442262 -0.306825072 0.951587200
vn 0.018442351 -0.306825578 0.951587141
vn 0.017939785 -0.216105476 0.976205289
vn 0.017940037 -0.216103896 0.976205587
vn 0.017158024 -0.108393528 0.993960023
vn 0.017157787 -0.108389862 0.993960381
vn 0.016158333 0.001918702 0.999867558
vn 0.016158167 0.001918266 0.999867678
vn 0.015126271 0.098027579 0.995068789
vn 0.015126273 0.098030545 0.995068491
vn 0.014794379 0.182136476 0.983161926
vn 0.014043446 0.186465651 0.982361197
vn 0.015388107 0.241414905 0.970299959
vn 0.013854133 0.250085413 0.968124747
vn 0.014487740 0.299509227 0.953983486
vn 0.035155538 -0.678930640 0.733360231
vn 0.506883621 0.811428249 0.290952563
vn -0.748672128 -0.504418969 -0.430176258
vn -0.526712835 0.849029303 -0.041507944
vn 0.702029467 -0.471600890 -0.533617079
vn 0.337888747 -0.002617134 0.941182435
vn 0.345155239 -0.003017361 0.938540816
vn 0.300277859 0.005791006 0.953834176
vn 0.302981675 0.005644768 0.952979624
vn 0.219772473 0.023687229 0.975263596
vn 0.219771817 0.023686839 0.975263715
vn 0.123528711 0.044412289 0.991346657
vn 0.123526096 0.044412330 0.991347015
vn 0.010024357 0.067964993 0.997637391
vn 0.010027084 0.067963898 0.997637391
vn -0.105048224 0.090881124 0.990305841
vn -0.105046250 0.090880945 0.990305960
vn -0.204012781 0.109802634 0.972790956
vn -0.204014733 0.109803505 0.972790420
vn -0.289371371 0.125510409 0.948952794
vn -0.293033332 0.126816884 0.947654486
vn -0.350358784 0.136989251 0.926543415
vn -0.357587487 0.139560819 0.923392713
vn -0.404918820 0.147664428 0.902350307
vn 0.598582685 -0.425579220 0.678661346
vn -0.335789800 0.725153387 0.601163685
vn -0.658404708 -0.657876194 0.365653038
vn 0.346835554 -0.589801729 -0.729272902
vn 0.682635009 0.688507080 -0.244882539
vn -0.647999525 0.232082486 -0.725420177
vn 0.873747528 0.414380640 0.254664540
vn 0.001076107 0.000509722 0.999999344
vn 0.949100852 -0.309397072 -0.059001476
vn 0.076432906 -0.723258376 0.686334789
vn 0.511691928 -0.516831934 -0.686335266
vn -0.360976249 -0.930706918 0.058999009
vn -0.001082223 -0.000516196 -0.999999285
vn -0.873750269 -0.414377213 -0.254660517
vn -0.076434694 0.723259747 -0.686333120
vn -0.949103296 0.309388995 0.059003059
vn 0.360978276 0.930705905 -0.059001710
vn -0.511683464 0.516847789 0.686329663
vn 0.241310596 0.218072131 0.945628762
vn 0.248629823 0.219917640 0.943302393
vn 0.213996872 0.205120221 0.955055594
vn 0.216692924 0.205814853 0.954297960
vn 0.153090745 0.177575827 0.972126603
vn 0.153093889 0.177577123 0.972125888
vn 0.082163326 0.145429984 0.985950947
vn 0.082161799 0.145430371 0.985951006
vn -0.000336850 0.107198864 0.994237602
vn -0.000342196 0.107197508 0.994237661
vn -0.083480202 0.067764565 0.994202793
vn -0.083480775 0.067764074 0.994202733
vn -0.155491263 0.032866646 0.987290442
vn -0.155488700 0.032867156 0.987290740
vn -0.219119057 0.001439404 0.975697100
vn -0.222046196 0.000514318 0.975036025
vn -0.265622705 -0.021382725 0.963839889
vn -0.271513075 -0.023268383 0.962153435
vn -0.308261484 -0.042008657 0.950373650
vn 0.579940856 0.308451355 0.754006982
vn -0.679505825 0.300255686 0.669416428
vn 0.788191974 -0.457306504 -0.411854565
vn -0.138494372 -0.946308672 0.292094558
vn 0.152727202 0.843844533 -0.514393508
vn -0.677932024 -0.084959835 -0.730198622
vn 0.520257711 -0.172312960 0.836444974
vn 0.532438993 -0.172176972 0.828772485
vn 0.472783029 -0.162826091 0.866004586
vn 0.477484077 -0.162829995 0.863420844
vn 0.359924912 -0.138720542 0.922610819
vn 0.359920889 -0.138719976 0.922612429
vn 0.205034390 -0.104118660 0.973201036
vn 0.205037624 -0.104119003 0.973200321
vn 0.011381466 -0.058713395 0.998210013
vn 0.011380577 -0.058713466 0.998210013
vn -0.186837807 -0.009912718 0.982340753
vn -0.186841771 -0.009912499 0.982340038
vn -0.348987967 0.031844780 0.936585963
vn -0.348988384 0.031845655 0.936585784
vn -0.478159875 0.066477016 0.875753343
vn -0.472727239 0.063756563 0.878899336
vn -0.561842561 0.088420659 0.822505176
vn -0.551945448 0.083233312 0.829715848
vn -0.618373573 0.102317624 0.779195249
vn 0.407439411 -0.882776916 0.233876064
vn -0.616239607 -0.537749410 0.575390577
vn 0.412988812 -0.084094100 -0.906845331
vn -0.659010351 0.143561810 -0.738305807
vn 0.763104439 0.502256095 0.406707019
vn -0.311979681 0.859707654 0.404439896
vn 0.292903751 0.481189609 0.826234818
vn 0.302069604 0.493975878 0.815316975
vn 0.278152764 0.439774185 0.853949487
vn 0.281669348 0.444708109 0.850233555
vn 0.233385473 0.333727896 0.913321912
vn 0.233386531 0.333732158 0.913320065
vn 0.167496666 0.187539950 0.967870712
vn 0.167498037 0.187541410 0.967870176
vn 0.081798933 0.004414217 0.996639132
vn 0.081801057 0.004420936 0.996638954
vn -0.009259981 -0.182831332 0.983100712
vn -0.009262699 -0.182831183 0.983100712
vn -0.086145207 -0.335350215 0.938146770
vn -0.086145312 -0.335346758 0.938147902
vn -0.145764053 -0.449922681 0.881091714
vn -0.149648204 -0.454704791 0.877980053
vn -0.186954498 -0.524361134 0.830718637
vn -0.194239721 -0.532964110 0.823541164
vn -0.221707910 -0.583472073 0.781284809
vn 0.787186623 0.341492862 0.513536572
vn -0.159262404 -0.401247054 0.902017891
vn 0.378627568 0.295719087 -0.877035558
vn 0.358657539 -0.861186862 -0.360169470
vn -0.460688382 0.876721799 0.138293445
vn -0.939983726 -0.224303871 -0.257134825
vn 0.234256759 0.921355665 0.310205877
vn -0.013968322 -0.054940157 0.998391926
vn 0.844267905 0.535653412 -0.016946672
vn 0.596053779 -0.440630734 0.671240985
vn 0.734125137 0.102441765 -0.671242118
vn 0.485898942 -0.873850644 0.016947353
vn 0.013968546 0.054939769 -0.998391986
vn -0.234257072 -0.921354830 -0.310207963
vn -0.596053720 0.440633178 -0.671239436
vn -0.844267666 -0.535653710 0.016945733
vn -0.485898316 0.873851061 -0.016945533
vn -0.734126747 -0.102441385 0.671240449
vn 0.073305309 0.482687533 0.872719467
vn 0.078513339 0.493018419 0.866469026
vn 0.064559855 0.445957780 0.892722726
vn 0.066487566 0.449853629 0.890623927
vn 0.041168407 0.359103590 0.932389379
vn 0.041168179 0.359101653 0.932390034
vn 0.011623465 0.250443846 0.968061328
vn 0.011623234 0.250443727 0.968061328
vn -0.023140533 0.118910708 0.992635310
vn -0.023142189 0.118906468 0.992635727
vn -0.057859484 -0.016469698 0.998188913
vn -0.057861149 -0.016469890 0.998188794
vn -0.086965442 -0.133257702 0.987258613
vn -0.086966686 -0.133255184 0.987258792
vn -0.111001313 -0.232224062 0.966307700
vn -0.112842076 -0.236557499 0.965042591
vn -0.128450975 -0.302334964 0.944507182
vn -0.132046014 -0.310817033 0.941252708
vn -0.144390821 -0.364174068 0.920069873
vn 0.711719930 0.699403942 0.065489605
vn 0.119370028 -0.834243596 0.538320065
vn -0.303361416 0.914509833 -0.267663240
vn -0.526897252 -0.780052960 -0.337485790
vn 0.567516208 0.339403421 0.750153780
vn 0.574190557 0.348873675 0.740670204
vn 0.533857465 0.309646368 0.786838889
vn 0.536541283 0.313296020 0.783561826
vn 0.449801594 0.238438129 0.860712290
vn 0.449807823 0.238440573 0.860708356
vn 0.327488840 0.138631165 0.934629679
vn 0.327493101 0.138631210 0.934628129
vn 0.166493490 0.012476272 0.985963643
vn 0.166497976 0.012480590 0.985962808
vn -0.005711910 -0.117037997 0.993111014
vn -0.005715149 -0.117037013 0.993111134
vn -0.151112020 -0.222308949 0.963194668
vn -0.151107952 -0.222306341 0.963195860
vn -0.262964576 -0.300631911 0.916771591
vn -0.268955678 -0.303264230 0.914162874
vn -0.338589340 -0.350573123 0.873187184
vn -0.349721283 -0.355198264 0.866907954
vn -0.400735915 -0.389278740 0.829380989
vn 0.564281523 0.383970618 0.730857730
vn 0.804432750 -0.268027574 -0.530140877
vn -0.035771247 -0.727863550 0.684788406
vn -0.045464378 0.902451336 -0.428386033
vn -0.412453324 -0.574397624 -0.707071126
vn -0.893878043 0.324383318 0.309447378
vn -0.198167294 0.429727554 0.880945027
vn -0.204349324 0.438303828 0.875289261
vn -0.178781569 0.388127387 0.904098630
vn -0.181115448 0.391399086 0.902221680
vn -0.135073364 0.293049365 0.946507990
vn -0.135071188 0.293045133 0.946509540
vn -0.078574099 0.170162275 0.982278407
vn -0.078574345 0.170162559 0.982278347
vn -0.009708795 0.020396667 0.999744833
vn -0.009712276 0.020402668 0.999744654
vn 0.060651321 -0.132599473 0.989312351
vn 0.060651273 -0.132600114 0.989312291
vn 0.119734392 -0.261057168 0.957868934
vn 0.119735643 -0.261060596 0.957867801
vn 0.167331979 -0.364532501 0.916032791
vn 0.168660045 -0.369728476 0.913703799
vn 0.199051842 -0.435808092 0.877752602
vn 0.201496363 -0.445678711 0.872221172
vn 0.225134313 -0.496784598 0.838164449
vn 0.091299161 0.768961489 0.632742345
vn 0.607503116 -0.558257937 0.565055728
vn 0.233790055 0.601618886 -0.763804317
vn -0.981482804 0.144428834 -0.125825047
vn 0.084579416 -0.949142456 -0.303273737
vn -0.626433015 0.773560941 0.095839143
vn -0.101952091 0.125893161 0.986791134
vn 0.088970445 0.980571568 -0.174825147
vn 0.613451183 0.332914114 0.716132581
vn 0.453155100 0.530845761 -0.716137767
vn 0.977645636 -0.116820134 0.174820170
vn 0.101952851 -0.125896007 -0.986790717
vn 0.626436651 -0.773559391 -0.095827699
vn -0.613452733 -0.332902044 -0.716136873
vn -0.088964924 -0.980572522 0.174822450
vn -0.977644861 0.116822667 -0.174822882
vn -0.453156531 -0.530846596 0.716136217
vn -0.314863086 0.272040486 0.909315884
vn -0.320921600 0.277662396 0.905490458
vn -0.289979547 0.239356115 0.926617861
vn -0.292253762 0.241463691 0.925355673
vn -0.235482305 0.168138772 0.957223833
vn -0.235483274 0.168140560 0.957223356
vn -0.168105438 0.081714533 0.982376397
vn -0.168107018 0.081714541 0.982376099
vn -0.086783297 -0.020455129 0.996017218
vn -0.086783737 -0.020454729 0.996017218
vn -0.003042228 -0.123396739 0.992352784
vn -0.003037355 -0.123396598 0.992352843
vn 0.069531500 -0.210799277 0.975053370
vn 0.069534458 -0.210796893 0.975053668
vn 0.130845025 -0.284629554 0.949666083
vn 0.134800509 -0.287942141 0.948112965
vn 0.172521845 -0.335797012 0.926000357
vn 0.180358768 -0.342220813 0.922147393
vn 0.214164436 -0.383540362 0.898348689
vn 0.113383844 0.884103239 0.453327239
vn -0.016700065 -0.620254457 0.784222901
vn -0.212860063 0.419154823 -0.882609785
vn 0.995909810 0.087616056 0.022067241
vn 0.043722570 -0.787432909 -0.614847779
vn -0.976115763 -0.029315902 0.215264082
vn -0.043182276 0.391930819 0.918980718
vn -0.041228164 0.401848406 0.914777637
vn -0.042483535 0.356343359 0.933388829
vn -0.041775070 0.360038280 0.932001829
vn -0.042993098 0.274300963 0.960682392
vn -0.042993322 0.274298608 0.960683107
vn -0.043945659 0.174901396 0.983604729
vn -0.043945611 0.174901843 0.983604670
vn -0.044478081 0.056886483 0.997389436
vn -0.044478048 0.056887351 0.997389436
vn -0.044377230 -0.063473910 0.996996403
vn -0.044377144 -0.063473351 0.996996403
vn -0.043766953 -0.167416185 0.984914362
vn -0.043766756 -0.167411700 0.984915078
vn -0.042276487 -0.261289656 0.964334190
vn -0.042822983 -0.258188248 0.965145111
vn -0.040286299 -0.329331011 0.943354785
vn -0.041410182 -0.323195040 0.945425987
vn -0.039477814 -0.378809482 0.924632311
vn -0.518642247 -0.803388178 0.292536914
vn 0.318707138 0.761453450 -0.564459383
vn 0.522362292 -0.851736128 -0.041029245
vn -0.323687136 0.893420875 0.311489612
vn -0.483071685 0.171789631 0.858562708
vn -0.497787118 0.177536309 0.848934054
vn -0.438584387 0.166945845 0.883047462
vn -0.444216520 0.169140369 0.879808724
vn -0.325046092 0.148310214 0.933996379
vn -0.325040817 0.148309916 0.933998227
vn -0.171217635 0.119227424 0.977992535
vn -0.171216965 0.119228706 0.977992415
vn 0.019149095 0.080205247 0.996594489
vn 0.019148344 0.080205716 0.996594369
vn 0.212687045 0.037225224 0.976411045
vn 0.212690860 0.037224997 0.976410210
vn 0.370691180 -0.000499922 0.928756058
vn 0.370698243 -0.000500639 0.928753316
vn 0.490316391 -0.032282654 0.870946467
vn 0.497065216 -0.032663506 0.867098212
vn 0.566150546 -0.055297155 0.822445035
vn 0.578544796 -0.055982959 0.813727140
vn 0.633923471 -0.074008010 0.769846618
vn -0.726786256 0.685834169 0.037593607
vn 0.809290648 0.157815903 0.565811694
vn -0.891510308 -0.343571007 -0.295242786
vn 0.809447348 -0.499015480 -0.309481293
vn -0.880685329 -0.409173340 0.238685414
vn -0.016043408 -0.007448717 0.999843538
vn -0.945654988 0.317337006 -0.070949793
vn -0.081005163 0.719059825 0.690210938
vn -0.497292191 0.525648713 -0.690212965
vn 0.367358655 0.927369237 0.070950314
vn 0.016044907 0.007455233 -0.999843478
vn 0.880686402 0.409171700 -0.238683835
vn 0.081001431 -0.719055712 -0.690215647
vn 0.945653975 -0.317340136 0.070949756
vn -0.367355227 -0.927370310 -0.070953973
vn 0.497287840 -0.525648475 0.690216303
vn -0.341547668 -0.235995367 0.909753501
vn -0.350393057 -0.238038644 0.905849040
vn -0.311293036 -0.221832454 0.924060166
vn -0.314572364 -0.222611547 0.922761261
vn -0.241729647 -0.191136047 0.951332629
vn -0.241730884 -0.191135004 0.951332510
vn -0.158399761 -0.154400915 0.975228131
vn -0.158403024 -0.154400975 0.975227594
vn -0.060033686 -0.110097446 0.992106080
vn -0.060032003 -0.110095911 0.992106438
vn 0.039975382 -0.064050511 0.997145712
vn 0.039973371 -0.064050667 0.997145772
vn 0.126618654 -0.023342801 0.991676867
vn 0.126619294 -0.023342144 0.991676688
vn 0.202284396 0.012073777 0.979252458
vn 0.205868989 0.014572168 0.978471041
vn 0.255785495 0.036493439 0.966044605
vn 0.262938410 0.041550387 0.963917553
vn 0.307443529 0.061927833 0.949549079
vn -0.711792052 -0.002371013 0.702386260
vn 0.676995754 -0.305789113 0.669454813
vn 0.146900550 0.944854975 0.292693049
vn -0.650771916 0.259517908 -0.713544965
vn -0.146143451 -0.963089287 -0.226055652
vn 0.679558039 0.079431623 -0.729308963
vn -0.496319979 0.125739858 0.858985543
vn -0.505727530 0.126199320 0.853412807
vn -0.454844028 0.115635231 0.883031964
vn -0.458415627 0.115829736 0.881157577
vn -0.361262560 0.092326425 0.927882195
vn -0.361257076 0.092325911 0.927884221
vn -0.241651103 0.062498849 0.968348444
vn -0.241649583 0.062498841 0.968348801
vn -0.095550932 0.026017914 0.995084524
vn -0.095550053 0.026016556 0.995084584
vn 0.055246789 -0.011689137 0.998404384
vn 0.055242982 -0.011689102 0.998404562
vn 0.184245601 -0.043986555 0.981895447
vn 0.184240863 -0.043985832 0.981896400
vn 0.291301727 -0.070819482 0.954006314
vn 0.296036124 -0.072916523 0.952389598
vn 0.365990251 -0.090463154 0.926211476
vn 0.375129670 -0.094563328 0.922136307
vn 0.430757880 -0.108430736 0.895929933
vn -0.702139854 0.710860193 0.040956147
vn 0.722760141 -0.179229826 0.667453766
vn -0.903970599 -0.311571777 -0.292848229
vn 0.883406222 -0.219096288 -0.414234519
vn -0.272716552 -0.510103405 0.815732837
vn -0.282018632 -0.522127509 0.804890275
vn -0.257030576 -0.470432192 0.844173491
vn -0.260583907 -0.475080550 0.840472758
vn -0.210825026 -0.369260669 0.905096412
vn -0.210823193 -0.369256705 0.905098379
vn -0.144509435 -0.230166584 0.962361872
vn -0.144510582 -0.230166033 0.962361813
vn -0.059768416 -0.055030644 0.996694207
vn -0.059769496 -0.055030283 0.996694148
vn 0.029147089 0.125974208 0.991605282
vn 0.029147768 0.125974178 0.991605282
vn 0.103787504 0.275790066 0.955598176
vn 0.103789732 0.275793791 0.955596924
vn 0.161832422 0.390855104 0.906113982
vn 0.165600032 0.395708859 0.903322279
vn 0.201926589 0.466859907 0.860968947
vn 0.209003553 0.475733459 0.854397595
vn 0.235895604 0.528331757 0.815609574
vn -0.273894936 -0.625841737 0.730276465
vn 0.786337078 0.143015489 0.601016343
vn -0.895270944 -0.122080289 -0.428469867
vn -0.471165121 0.803009510 0.364937186
vn 0.411102533 -0.741268396 -0.530580699
vn 0.387080491 0.568544090 -0.725896895
vn -0.487765104 -0.580915749 0.651630342
vn 0.280301273 0.333826989 0.899994850
vn -0.961449802 -0.077870555 0.263724238
vn -0.193388715 0.836878598 0.512088954
vn -0.857719719 0.045672514 -0.512084961
vn -0.089657590 0.960422158 -0.263725013
vn -0.280296981 -0.333829135 -0.899995327
vn 0.487763494 0.580923378 -0.651624799
vn 0.193394467 -0.836877763 -0.512088120
vn 0.961449564 0.077864185 -0.263727009
vn 0.089660861 -0.960421324 0.263726920
vn 0.857717872 -0.045680091 0.512087286
vn 0.000019932 0.001432536 0.999999046
vn -0.574398100 -0.146987811 0.805270970
vn -0.186206728 -0.583141983 0.790741742
vn 0.423467308 -0.413399398 0.806087077
vn 0.571155548 0.185180053 0.799681067
vn 0.168534338 0.581519246 0.795884192
vn -0.382419974 0.452232331 0.805754960
vn -0.750459611 -0.061240550 0.658073068
vn -0.597346187 -0.449935466 0.663879216
vn -0.278737903 -0.698843181 0.658728659
vn 0.226786822 -0.729787409 0.644963622
vn 0.600278020 -0.447706550 0.662740588
vn 0.745013595 -0.079136223 0.662338495
vn 0.747920215 0.250858694 0.614561021
vn 0.399415314 0.657621861 0.638749480
vn -0.170722842 0.756602645 0.631194234
vn -0.495690972 0.595551372 0.632146358
vn -0.670529068 0.315397054 0.671502411
vn -0.754326224 -0.226549834 0.616171479
vn -0.063941091 -0.785811126 0.615152299
vn 0.280424953 -0.734137177 0.618388593
vn 0.661064148 0.414184690 0.625655830
vn 0.283103168 0.724446595 0.628513992
vn -0.097302601 0.778258801 0.620359182
vn -0.857126772 0.007069768 0.515057027
vn -0.783657372 -0.327274680 0.527989209
vn -0.605046391 -0.600638330 0.522639990
vn -0.411306351 -0.740249634 0.531843603
vn -0.104454212 -0.828750432 0.549783647
vn 0.206986487 -0.819224477 0.534815729
vn 0.515985489 -0.673802257 0.528913558
vn 0.783789754 -0.331540883 0.525123119
vn 0.851647139 -0.009167365 0.524035454
vn 0.809445024 0.237811968 0.536883950
vn 0.703500271 0.511701703 0.493202567
vn 0.436755121 0.720162690 0.539083183
vn 0.186518937 0.824769974 0.533821285
vn -0.105059616 0.857327521 0.503936470
vn -0.506830215 0.682130456 0.527087510
vn -0.789480031 0.363279939 0.494721144
vn -0.942387760 0.001862117 0.334517181
vn -0.917403519 -0.245283321 0.313379705
vn -0.828579724 -0.460810781 0.317976832
vn 0.003003257 -0.945137799 0.326658130
vn 0.471992821 -0.823941588 0.313596964
vn 0.674509585 -0.665288448 0.320043921
vn 0.818996310 -0.474219173 0.323049843
vn 0.920101583 -0.223726958 0.321495712
vn 0.690022588 0.581647336 0.430761129
vn -0.154250875 0.894282699 0.420077592
vn -0.675607681 0.653608799 0.341100961
vn -0.830151975 0.358217359 0.427233011
vn -0.677877128 -0.656048715 0.331787050
vn -0.477739394 -0.813636661 0.331301093
vn -0.247857004 -0.912265599 0.326095730
vn 0.243876114 -0.911519945 0.331143349
vn 0.934400499 0.128985837 0.332051903
vn 0.765621781 0.541413963 0.347410679
vn 0.486643612 0.807642817 0.333003134
vn 0.124803372 0.932376862 0.339260459
vn -0.246035695 0.903262615 0.351543725
vn -0.466087222 0.819967151 0.332289845
vn -0.796768427 0.488357157 0.355903864
vn -0.908983827 0.232621104 0.345884264
vn -0.863915861 -0.501663148 0.044535592
vn -0.002545254 -0.994883358 0.100998327
vn 0.699910641 -0.712290525 0.052605528
vn 0.998384058 -0.011522112 0.055646852
vn 0.701852977 0.703001261 0.114854604
vn -0.006169736 0.995414317 0.095458515
vn -0.702380061 0.703203022 0.110307656
vn -0.992347956 0.000375033 0.123472303
vn -0.964599192 -0.258795619 0.050727446
vn -0.705562413 -0.701993704 0.096884541
vn -0.496350884 -0.861868918 0.104008451
vn -0.254355669 -0.961464942 0.104347833
vn 0.251500845 -0.961150169 0.113744363
vn 0.500235677 -0.864439487 0.050087214
vn 0.858161211 -0.498691797 0.121926054
vn 0.958057940 -0.259921372 0.120689146
vn 0.956685424 0.266692609 0.116739899
vn 0.867922366 0.494410694 0.047633801
vn 0.504906952 0.862158895 0.041846830
vn 0.262674630 0.958939910 0.106940947
vn -0.253724933 0.960595965 0.113486566
vn -0.503619730 0.862948000 0.041085076
vn -0.863473594 0.493961930 0.102054015
vn -0.960701168 0.275357127 0.035096575
vn -0.993319213 -0.001761012 -0.115386106
vn -0.681473315 -0.664475083 -0.306703597
vn -0.513552904 -0.852488697 -0.097602725
vn -0.258285552 -0.960403681 -0.104467787
vn -0.001305024 -0.994729578 -0.102525182
vn 0.269452542 -0.956951797 -0.107882239
vn 0.854235709 -0.508242488 -0.109411806
vn 0.963457108 -0.244892091 -0.108527243
vn 0.960267305 0.255375773 -0.112560630
vn 0.704806268 0.700455725 -0.112293668
vn 0.267638385 0.957374275 -0.108647056
vn -0.000153465 0.994651496 -0.103287861
vn -0.269553035 0.956982911 -0.107354023
vn -0.708958149 0.697701931 -0.102909274
vn -0.818536341 0.477738470 -0.319005162
vn -0.908910275 -0.247364104 -0.335698009
vn -0.805574834 -0.477633238 -0.350593269
vn 0.464607179 -0.817328095 -0.340756387
vn 0.663803041 -0.667227983 -0.337894112
vn 0.938769102 -0.009631088 -0.344412416
vn 0.814116418 0.469051927 -0.342351764
vn 0.473589629 0.806980312 -0.352839559
vn -0.462538719 0.813583732 -0.352334291
vn -0.909048557 0.239554659 -0.340946108
vn -0.926849544 -0.013624693 -0.375185728
vn -0.465638936 -0.812334895 -0.351130307
vn -0.229545519 -0.898359299 -0.374512255
vn -0.004066200 -0.936735332 -0.350014657
vn 0.242435500 -0.899927258 -0.362430662
vn 0.803265095 -0.472647756 -0.362449259
vn 0.900643468 -0.242291078 -0.360744447
vn 0.896529377 0.248019770 -0.367044002
vn 0.656223357 0.667285025 -0.352280676
vn 0.236188084 0.906143963 -0.350882113
vn 0.010953044 0.929740012 -0.368053854
vn -0.243855447 0.904573500 -0.349687368
vn -0.660964668 0.656881690 -0.362811446
vn -0.531965256 0.146742105 -0.833954275
vn -0.508339942 -0.200060293 -0.837595582
vn -0.296498954 -0.470826536 -0.830909610
vn 0.065099522 -0.544248462 -0.836394429
vn 0.340696216 -0.425399035 -0.838428140
vn 0.507735372 -0.196791336 -0.838735938
vn 0.536844790 0.070919052 -0.840695024
vn 0.434003085 0.334842592 -0.836374164
vn 0.197548077 0.507181883 -0.838892877
vn -0.085043184 0.537458539 -0.838991046
vn -0.350828439 0.418949097 -0.837496936
vn 0.000001008 -0.000047908 -1.000000000
vn -0.429585040 0.072216488 0.900134146
vn 0.219330594 0.975650668 -0.000000639
vn 0.267417997 0.374964207 0.887631357
vn 0.267416596 0.374964833 -0.887631536
vn 0.996642411 0.081877358 -0.000000192
vn 0.611276805 -0.101253346 0.784913063
vn 0.853025019 -0.521870196 -0.000000838
vn 0.611277878 -0.101253308 -0.784912169
vn -0.219332919 -0.975650072 -0.000000027
vn -0.268967122 -0.369942844 0.889268816
vn -0.268966496 -0.369942456 -0.889269114
vn -0.997911632 -0.064594038 0.000000049
vn -0.429584563 0.072216608 -0.900134444
vn -0.864321232 0.502940118 0.000000016
vn 0.064068168 0.430876464 0.900133848
vn -0.936683297 0.350177765 0.000000795
vn -0.134113431 0.990961790 0.002901686
vn 0.020680206 0.376028270 -0.926377416
vn 0.314276606 0.948612273 0.036945764
vn 0.664018393 0.747715354 0.001183060
vn 0.272159457 0.392988801 -0.878344476
vn 0.418688416 0.055739187 0.906417847
vn 0.926271021 -0.321739048 -0.196229786
vn -0.092596799 -0.612644911 0.784915328
vn 0.167891443 -0.984038472 0.058998428
vn -0.376686573 -0.926340878 -0.000001854
vn -0.025771800 -0.524936378 -0.850751221
vn -0.370722473 -0.074446380 0.925755143
vn -0.605077028 -0.796166956 0.000000719
vn -0.382660747 -0.079256229 -0.920483172
vn 0.355341226 -0.130523190 0.925578952
vn -0.262774944 -0.361345261 0.894639015
vn -0.575609326 -0.791284978 -0.206257194
vn -0.985667825 0.167731300 0.018030424
vn -0.546338797 0.277715415 0.790182352
vn -0.774488688 0.631686866 0.033751398
vn -0.451180726 0.157964885 -0.878341138
vn -0.525898993 0.847948968 -0.066427983
vn -0.237751633 0.292056859 -0.926378429
vn 0.042871002 0.388423651 0.920483112
vn 0.587784410 0.809017599 0.000004182
vn 0.968959928 -0.238125727 0.066428676
vn 0.356168151 0.160800546 -0.920482218
vn 0.433848560 -0.451109380 0.779920399
vn 0.840099573 -0.541381001 -0.033753615
vn 0.329402268 -0.409536362 -0.850749135
vn 0.464109570 -0.885594308 0.018032819
vn 0.389989227 0.194080442 0.900133967
vn 0.622486293 -0.782630682 0.000001435
vn 0.043754380 -0.375585169 0.925754488
vn -0.570222199 -0.821490467 -0.000000068
vn 0.043755725 -0.375585377 -0.925754428
vn -0.764599502 -0.644505739 -0.000000082
vn -0.554045856 -0.277383655 0.784914970
vn -0.987948477 -0.154783025 -0.000000016
vn -0.554047108 -0.277383506 -0.784914136
vn -0.622483730 0.782632709 -0.000001512
vn -0.039951336 0.372800499 0.927051127
vn 0.570221126 0.821491361 -0.000002714
vn -0.039952189 0.372798204 -0.927051961
vn 0.775673807 0.631134152 0.000000581
vn 0.389989614 0.194080263 -0.900133967
vn 0.984191358 0.177108675 0.000001011
vn 0.020679135 -0.376026094 0.926378369
vn 0.938825071 0.283024877 0.196225718
vn 0.706345022 -0.704745114 -0.066415414
vn 0.272161245 -0.392992854 0.878342092
vn 0.263434708 -0.963971019 -0.036906168
vn 0.201429933 -0.386242509 -0.900134861
vn -0.155560300 -0.986093879 0.058479857
vn -0.997052729 -0.075006314 0.016124254
vn -0.260346442 -0.318415523 -0.911499500
vn -0.451343209 0.143063605 0.880807757
vn -0.025773391 0.524941444 0.850748003
vn -0.322142571 0.946690679 -0.000970964
vn -0.342059821 0.599421620 -0.723663449
vn 0.097702086 0.995214999 -0.001185297
vn 0.310787737 0.291139364 -0.904792249
vn 0.200987533 -0.302231759 0.931804657
vn -0.290602297 0.818706751 0.495246977
vn 0.400664836 0.624810755 -0.670133710
vn 0.861999571 0.383144408 0.331899315
vn 0.838976383 -0.432684720 -0.330003828
vn -0.000005862 -1.000000000 -0.000001892
vn -0.261128277 -0.325614244 -0.908728421
vn -0.834971428 -0.399620831 0.378319860
vn -0.838020325 0.408100843 -0.362181753
vn 0.200985715 -0.302233666 0.931804478
vn -0.290599287 0.818707407 0.495247602
vn 0.861999869 0.383138508 0.331905514
vn 0.400663555 0.624811769 -0.670133591
vn 0.838978350 -0.432680249 -0.330004811
vn -0.000003229 -1.000000000 0.000000571
vn -0.834972084 -0.399621099 0.378318340
vn -0.261128664 -0.325612962 -0.908728778
vn -0.838019609 0.408100754 -0.362183481
vn 0.193323269 -0.345811754 0.918172359
vn -0.282715708 0.831040204 0.479003221
vn 0.193324715 0.345811218 -0.918172240
vn 0.863575757 0.405044436 0.300292999
vn 0.863575935 -0.405044109 -0.300292909
vn -0.282714874 -0.831040621 -0.479002953
vn -0.797160029 -0.449214548 0.403413177
vn -0.797158897 0.449215263 -0.403414726
vn -0.193327963 0.345805556 0.918173730
vn 0.797158241 0.449214458 0.403416723
vn 0.282716274 0.831039310 -0.479004323
vn 0.797159612 -0.449212581 -0.403416246
vn 0.282713264 -0.831041217 0.479002982
vn -0.863574088 -0.405046165 0.300295502
vn -0.193321094 -0.345814884 -0.918171585
vn -0.863577247 0.405040681 -0.300293624
vn -0.193325490 0.345805466 0.918174267
vn 0.282715589 0.831040919 -0.479002029
vn 0.797160208 0.449215025 0.403412253
vn 0.797159076 -0.449216038 -0.403413445
vn 0.282714784 -0.831042528 0.478999615
vn -0.193322465 -0.345807821 -0.918173909
vn -0.863574803 -0.405047387 0.300291836
vn -0.863577664 0.405042171 -0.300290555
vn 0.261124223 -0.325611144 0.908730805
vn 0.290599257 0.818708479 -0.495245844
vn 0.838020325 0.408098727 0.362184107
vn 0.834970891 -0.399626106 -0.378315449
vn -0.000000432 -1.000000000 -0.000000408
vn -0.200988978 -0.302228421 -0.931805551
vn -0.838978827 -0.432681054 0.330002517
vn -0.400661409 0.624812663 0.670134008
vn -0.861999273 0.383144081 -0.331900448
vn -0.193323627 0.345807791 0.918173671
vn 0.282710791 0.831041396 -0.479004174
vn 0.797161043 0.449211746 0.403414100
vn 0.797160327 -0.449212670 -0.403414696
vn 0.282709211 -0.831043363 0.479001462
vn -0.193321273 -0.345809758 -0.918173492
vn -0.863576472 -0.405042946 0.300292909
vn -0.863579392 0.405040234 -0.300288200
vn 0.200984329 -0.302235663 0.931804121
vn -0.290600657 0.818704844 0.495251089
vn 0.861999691 0.383142322 0.331901580
vn 0.400660962 0.624810457 -0.670136392
vn 0.838977396 -0.432683706 -0.330002636
vn -0.000003484 -1.000000000 -0.000000036
vn -0.834971786 -0.399624109 0.378315747
vn -0.261127323 -0.325613737 -0.908728898
vn -0.838020384 0.408102244 -0.362180024
vn 0.200985000 -0.302234471 0.931804359
vn -0.290598273 0.818707108 0.495248705
vn 0.862000167 0.383140624 0.331901997
vn 0.400659323 0.624813020 -0.670134902
vn 0.838979304 -0.432680875 -0.330001533
vn -0.000000045 -1.000000000 -0.000000198
vn -0.834973156 -0.399624646 0.378312021
vn -0.261127621 -0.325611174 -0.908729792
vn -0.838019550 0.408102781 -0.362181365
vn -0.193320096 0.345808089 0.918174326
vn 0.797160268 0.449214369 0.403413087
vn 0.282714248 0.831040800 -0.479003072
vn 0.797158539 -0.449215055 -0.403415561
vn 0.282716304 -0.831039906 0.479003310
vn -0.863576472 -0.405043781 0.300291926
vn -0.193320170 -0.345809281 -0.918173850
vn -0.863578141 0.405042410 -0.300289035
vn -0.200986341 0.302237630 0.931803048
vn -0.000000841 1.000000000 -0.000000228
vn 0.261129290 0.325611740 -0.908729076
vn 0.834971666 0.399625301 0.378314674
vn 0.838021278 -0.408103347 -0.362177014
vn 0.290599495 -0.818705261 0.495251089
vn -0.400659025 -0.624815226 -0.670133054
vn -0.862000823 -0.383141518 0.331899583
vn -0.838978350 0.432682335 -0.330001920
vn -0.193322107 0.345815599 0.918171167
vn 0.797160089 0.449212253 0.403415591
vn 0.282712281 0.831040382 -0.479004830
vn 0.797161698 -0.449210018 -0.403415143
vn 0.282713026 -0.831039250 0.479006439
vn -0.863579452 -0.405036420 0.300293148
vn -0.193322703 -0.345812768 -0.918172121
vn -0.863576829 0.405040652 -0.300295025
vn 0.193328097 -0.345806599 0.918173194
vn -0.282712847 0.831041992 0.479001909
vn 0.193327919 0.345811725 -0.918171287
vn 0.863576949 0.405041844 0.300293088
vn 0.863577664 -0.405040205 -0.300293446
vn -0.282713413 -0.831040561 -0.479003847
vn -0.797161520 -0.449210614 0.403414696
vn -0.797160208 0.449215889 -0.403411567
vn 0.193325594 -0.345809281 0.918172657
vn -0.282714039 0.831040084 0.479004294
vn 0.863576055 0.405043989 0.300293148
vn 0.193323493 0.345812947 -0.918171883
vn 0.863577664 -0.405040562 -0.300292850
vn -0.797158539 -0.449214429 0.403416187
vn -0.282716751 -0.831039190 -0.479004264
vn -0.797159076 0.449214429 -0.403415293
vn -0.509723067 0.459216475 0.727531910
vn 0.392134756 -0.353281170 0.849366069
vn -0.020999499 0.942587495 0.333298564
vn 0.880859375 0.130094662 0.455150723
vn 0.037792724 0.889614344 -0.455146283
vn 0.939662993 0.077116832 -0.333296597
vn -0.392136067 0.353280067 -0.849365950
vn 0.509729981 -0.459224552 -0.727521956
vn -0.880862892 -0.130087227 -0.455146044
vn 0.021002827 -0.942587316 -0.333298653
vn -0.939662397 -0.077111706 0.333299488
vn -0.037798867 -0.889615059 0.455144316
vn -0.007353601 -0.009991508 0.999923110
vn -0.362130672 -0.396637738 0.843528152
vn 0.310918301 -0.534600556 0.785832107
vn 0.553536773 0.085890621 0.828383863
vn 0.069260217 0.536609411 0.840983629
vn -0.563934863 0.293875128 0.771760941
vn -0.680874765 -0.202687338 0.703794956
vn 0.679855525 0.223225594 0.698546171
vn 0.299110085 0.623212814 0.722591817
vn -0.296822399 0.644678831 0.704475462
vn -0.815941036 -0.117096871 0.566152453
vn -0.440908730 -0.585003197 0.680713415
vn -0.048005264 -0.729725599 0.682052791
vn 0.508861840 -0.638855517 0.576995075
vn 0.784651995 -0.250613660 0.567022264
vn 0.684953451 -0.227752417 0.692074835
vn -0.213537306 0.789518893 0.575379670
vn -0.658869922 -0.479251564 0.579834759
vn -0.309924901 -0.760585666 0.570487559
vn 0.095453627 -0.806231976 0.583848059
vn 0.813552678 0.347508341 0.466229588
vn 0.561806560 0.610540748 0.558223546
vn 0.118073456 0.809405208 0.575258076
vn -0.581589997 0.559157968 0.590843022
vn -0.777146876 0.235962391 0.583407700
vn -0.922221959 -0.108936876 0.370997876
vn 0.350913376 -0.861134827 0.367840618
vn 0.645154119 -0.663668931 0.378576040
vn 0.851184905 -0.369440913 0.372823894
vn 0.919295132 0.036377702 0.391884118
vn 0.258193254 0.901133001 0.348275095
vn -0.559027016 0.750374317 0.352742612
vn -0.737358510 -0.566923499 0.367287725
vn -0.386096716 -0.850521147 0.357131839
vn -0.010804093 -0.934165061 0.356677443
vn 0.831348658 0.354741395 0.427806169
vn 0.565472543 0.742791712 0.358470887
vn -0.135556608 0.927286863 0.348946184
vn -0.869093955 0.342140168 0.357233554
vn -0.927418411 -0.364853352 0.082322590
vn -0.220047742 -0.973857760 0.056391653
vn 0.507613063 -0.857311547 0.085707925
vn 0.965562284 -0.254181951 0.055508509
vn 0.989387512 0.113365613 0.090887368
vn 0.873851895 0.484657258 0.038604550
vn -0.154583395 0.983286917 0.096181951
vn -0.853316605 0.516581833 0.070669465
vn -0.998463631 -0.011778630 0.054145627
vn -0.722049952 -0.691241205 0.028799970
vn -0.497858167 -0.866877079 0.025716240
vn 0.158550918 -0.985780180 0.055668838
vn 0.781646967 -0.616256356 0.096208878
vn 0.705780327 0.707770467 0.030579915
vn 0.495062649 0.867194831 0.053723089
vn 0.231560260 0.971516013 0.050363459
vn -0.574532926 0.814240575 0.083211645
vn -0.964872956 0.262711376 0.001690773
vn -0.853616178 -0.376760364 -0.359709740
vn 0.100550435 -0.932195246 -0.347709149
vn 0.477277428 -0.809962630 -0.340832680
vn 0.664594114 -0.668073416 -0.334653020
vn 0.835210383 -0.444970310 -0.323148400
vn 0.934450448 0.168572903 -0.313664943
vn 0.004228524 0.933999538 -0.357249111
vn -0.359016359 0.861173093 -0.359844655
vn -0.917900980 0.113067679 -0.380359888
vn -0.231872663 -0.894915819 -0.381261975
vn 0.381776690 0.852996588 -0.355870157
vn -0.723579288 0.592521489 -0.354049951
vn -0.579117537 -0.723435402 -0.375851274
vn 0.910792947 -0.139737353 -0.388496757
vn 0.717790365 0.574347198 -0.393576235
vn -0.513622940 -0.143857881 -0.845870256
vn -0.283171207 -0.446674526 -0.848702550
vn 0.127067864 -0.514662862 -0.847924531
vn 0.456922442 -0.273860842 -0.846299052
vn 0.510442734 0.160137951 -0.844869256
vn 0.224084035 0.507648587 -0.831913114
vn -0.183219239 0.461894065 -0.867804468
vn -0.491032243 0.282217503 -0.824160576
vn 0.320198953 -0.125943616 0.938941419
vn -0.130280986 0.991477191 -0.000000905
vn 0.932034671 0.362369359 0.000000758
vn 0.720381498 0.181574285 0.669388771
vn 0.720383346 0.181574494 -0.669386685
vn 0.894236684 -0.447594494 -0.000000294
vn 0.320199162 -0.125943586 -0.938941300
vn -0.209117755 -0.977890491 -0.000001810
vn -0.228548735 -0.530488014 0.816301405
vn -0.228547215 -0.530486941 -0.816302538
vn -0.312540889 0.496144742 0.810036242
vn -0.999741971 -0.022716692 -0.000000157
vn -0.312541306 0.496145785 -0.810035408
vn -0.207682937 -0.264336169 0.941803694
vn -0.875431120 0.483343065 -0.000000676
vn -0.462959975 0.406783044 0.787525117
vn -0.455736279 0.402413785 -0.793956935
vn 0.605824411 0.795170486 0.026093429
vn 0.369146526 0.626866400 0.686126351
vn 0.326036572 0.624719739 -0.709524810
vn 0.882582247 -0.469552577 0.023851922
vn 0.448529750 -0.412143946 -0.793069005
vn 0.373200476 -0.490282416 0.787619531
vn -0.580267668 -0.814425468 0.000728497
vn -0.186986506 -0.363892645 -0.912479162
vn 0.333073258 -0.086320616 0.938941479
vn -0.688174546 -0.725545228 -0.000000507
vn -0.544479489 -0.217683688 0.810034513
vn -0.544159830 -0.226759955 -0.807756126
vn -0.797356784 0.602117300 0.040949866
vn 0.383507401 0.923458219 0.012128003
vn -0.198723421 0.333106190 -0.921709955
vn 0.126914516 0.563510418 0.816301823
vn 0.978706479 -0.201218367 0.040558197
vn 0.449738711 0.287668675 -0.845566034
vn 0.544242501 -0.838926315 -0.001699448
vn 0.476074934 -0.570326984 0.669387579
vn 0.482112259 -0.544792414 -0.686126113
vn -0.272766262 -0.259495318 0.926423669
vn 0.495590270 -0.329311907 0.803706348
vn 0.526445448 -0.305530399 -0.793414354
vn -0.288301110 -0.290283144 -0.912479103
vn -0.590112090 -0.807321310 0.000000322
vn -0.971522212 -0.236948758 -0.000000145
vn -0.462432921 0.252473205 -0.849948883
vn -0.415573388 0.262247384 0.870933533
vn -0.395159096 0.918597460 0.005295968
vn 0.677974224 0.583207786 0.447459102
vn 0.527022719 0.536098301 -0.659428298
vn 0.725332141 -0.688302517 -0.011531786
vn 0.045202546 -0.489436597 0.870866656
vn 0.586535215 -0.045731403 0.808631659
vn 0.340733856 0.364182144 -0.866759419
vn 0.990144730 0.139786750 0.008548910
vn 0.379635870 -0.834413648 -0.399537802
vn -0.443372011 -0.388888001 -0.807581186
vn -0.845641434 -0.533611119 -0.012237324
vn -0.523982465 0.027079899 0.851298451
vn -0.673518181 0.738057137 -0.040557977
vn -0.206331342 0.274099469 -0.939306676
vn -0.024301384 0.999547005 0.017755026
vn -0.103429496 0.697048485 0.709525049
vn -0.755364060 0.070512883 0.651500702
vn 0.433852702 -0.040500470 0.900073171
vn -0.611206591 0.746282935 0.263606280
vn 0.578017890 0.635271430 0.512177289
vn -0.450451434 0.731278181 -0.512177527
vn 0.738774598 0.620260894 -0.263606817
vn -0.433854461 0.040503003 -0.900072098
vn 0.755361676 -0.070516348 -0.651503026
vn -0.578017116 -0.635267794 -0.512182653
vn 0.611205697 -0.746284902 -0.263602734
vn -0.738770962 -0.620266020 0.263604820
vn 0.450452983 -0.731275797 0.512179554
vn 0.000716065 -0.000667580 0.999999464
vn -0.597107887 0.122785360 0.792707980
vn -0.425162673 -0.421254039 0.801112950
vn 0.131413415 -0.601072907 0.788315892
vn 0.550484717 -0.245265961 0.798004508
vn 0.536267102 0.287893772 0.793432236
vn 0.136933178 0.604565680 0.784697294
vn -0.297419786 0.537910879 0.788792372
vn -0.741080344 -0.090215251 0.665327907
vn -0.589504361 -0.457722634 0.665563345
vn -0.261792719 -0.696436167 0.668162584
vn 0.111520462 -0.735691905 0.668072283
vn 0.505553961 -0.553930759 0.661495149
vn 0.724280059 -0.176447958 0.666546702
vn 0.710311651 0.224732935 0.667047560
vn 0.476806760 0.601124704 0.641330183
vn 0.098028451 0.745026231 0.659792662
vn -0.330922604 0.673061252 0.661421835
vn -0.671183109 0.396298438 0.626466870
vn 0.314612001 -0.714638531 0.624748826
vn 0.469110042 0.644899368 0.603357792
vn -0.187438220 0.835223436 0.516980588
vn -0.708180726 0.311747938 0.633477151
vn -0.846287727 0.007078287 0.532678962
vn -0.778635383 -0.342610240 0.525685370
vn -0.520191669 -0.673820317 0.524754167
vn -0.211237863 -0.826315403 0.522093415
vn 0.124010831 -0.845850527 0.518804610
vn 0.510142446 -0.688593984 0.515357196
vn 0.743981302 -0.408622980 0.528695703
vn 0.859295249 -0.135320827 0.493254423
vn 0.790229857 0.314976960 0.525667667
vn 0.598829746 0.584636450 0.547360241
vn 0.386974305 0.763281643 0.517350972
vn 0.100973144 0.858804584 0.502253890
vn -0.522846758 0.662342012 0.536595225
vn -0.765124202 0.335983455 0.549272358
vn -0.916576266 -0.242877841 0.317645013
vn -0.671704531 -0.658924460 0.338572860
vn -0.488330841 -0.810712457 0.322921783
vn 0.021823166 -0.944675684 0.327279359
vn 0.347690314 -0.833063960 0.430250913
vn 0.649719536 -0.683382750 0.332945317
vn 0.897577643 -0.106331415 0.427841336
vn 0.916877866 0.225090817 0.329650193
vn 0.809681416 0.498124391 0.310303003
vn 0.139926270 0.895438552 0.422623277
vn -0.226738334 0.913573980 0.337597996
vn -0.474485070 0.818835795 0.323066324
vn -0.678813696 0.653894722 0.334116399
vn -0.913867176 0.242222279 0.325845242
vn -0.945630014 -0.005082058 0.325204849
vn -0.809180617 -0.488013446 0.327215016
vn -0.244005531 -0.913465023 0.325642586
vn 0.351358771 -0.860911608 0.367937863
vn 0.821113169 -0.456028163 0.343236804
vn 0.928178251 -0.101442479 0.358042687
vn 0.575411022 0.744833112 0.337825060
vn 0.127440900 0.925303221 0.357173443
vn -0.810146093 0.483581692 0.331378877
vn -0.702137172 -0.702853680 0.114017814
vn -0.262351960 -0.958654940 0.110237248
vn 0.244327813 -0.965600669 0.088990673
vn 0.492581725 -0.869104505 0.044949509
vn 0.956700027 -0.271074444 0.106036268
vn 0.959223151 0.254859298 0.122220166
vn 0.488506228 0.865804911 0.108367540
vn -0.262003511 0.963341534 0.057682812
vn -0.703113675 0.705455065 0.089243323
vn -0.958633006 0.262598038 0.109841362
vn -0.998965323 -0.008989299 0.044580549
vn -0.963175833 -0.262342364 0.058896821
vn -0.867136300 -0.496693164 0.037023280
vn -0.497687638 -0.861481130 0.100783080
vn 0.008735466 -0.998855293 0.047029726
vn 0.700025678 -0.704501987 0.116795078
vn 0.863423109 -0.495601833 0.094230480
vn 0.998567462 -0.001116961 0.053495578
vn 0.860177517 0.507518768 0.050192621
vn 0.718238294 0.688110590 0.103138708
vn 0.272744864 0.956077516 0.107359670
vn -0.006640393 0.999337375 0.035787098
vn -0.505325496 0.861003458 0.057612695
vn -0.861398876 0.496578246 0.106780320
vn -0.697946727 -0.708498478 -0.104404159
vn -0.479234397 -0.820560694 -0.311471611
vn -0.264119446 -0.958825171 -0.104380414
vn 0.250596106 -0.922691166 -0.292989045
vn 0.706602335 -0.699926376 -0.104001075
vn 0.823178709 -0.473007560 -0.314071298
vn 0.959095895 -0.263503343 -0.103445619
vn 0.960077703 0.256209254 -0.112283193
vn 0.675613999 0.665367544 -0.317540258
vn 0.500830650 0.860596120 -0.092429101
vn 0.228533238 0.925406873 -0.302315474
vn -0.667566538 0.677951813 -0.307792544
vn -0.851906300 0.514227688 -0.099124826
vn -0.962705016 0.247598812 -0.109058999
vn -0.939499915 0.007123804 -0.342475146
vn -0.907442391 -0.249122813 -0.338358253
vn -0.815972090 -0.467779934 -0.339663714
vn 0.010663268 -0.929061472 -0.369771719
vn 0.473580658 -0.814393401 -0.335387498
vn 0.939006627 -0.008536018 -0.343793303
vn 0.798594356 0.479048461 -0.364361882
vn 0.008910867 0.933756351 -0.357798219
vn -0.244299963 0.910507321 -0.333607495
vn -0.454034358 0.823240995 -0.340774268
vn -0.641348541 -0.665792763 -0.381303072
vn -0.241636649 -0.902508497 -0.356497109
vn 0.653737247 -0.652197540 -0.383752584
vn 0.899455070 -0.214234054 -0.380899429
vn 0.903098464 0.245153472 -0.352580637
vn 0.452548236 0.814379156 -0.363299549
vn -0.803052843 0.466777891 -0.370438367
vn -0.900204062 0.242311954 -0.361825377
vn -0.535896063 -0.069850557 -0.841389537
vn -0.434225380 -0.328810364 -0.838648975
vn -0.157369778 -0.532725453 -0.831527710
vn 0.252129853 -0.494506449 -0.831801593
vn 0.499925494 -0.220620096 -0.837496996
vn 0.537682474 0.133578658 -0.832498848
vn 0.285604358 0.483581066 -0.827393115
vn -0.073181868 0.540793955 -0.837965548
vn -0.342563927 0.424519897 -0.838112712
vn -0.506603599 0.196475089 -0.839494109
vn 0.000131969 0.000013662 -1.000000000
vn -0.470908552 0.104048759 0.876024544
vn -0.242826909 0.969993711 -0.012133144
vn 0.219309106 0.359417826 0.907040417
vn 0.890421152 0.451433241 -0.057949740
vn 0.363905013 0.097863995 -0.926280618
vn 0.997885227 0.055820804 0.033304065
vn 0.615570307 -0.102846652 0.781342268
vn 0.883928120 -0.463711172 0.060357399
vn 0.460728496 -0.139968097 -0.876434922
vn 0.020439543 -0.979206324 -0.201834843
vn -0.182605207 -0.388607591 0.903127611
vn -0.916241944 -0.400606751 0.003877098
vn -0.999617755 0.026925338 0.006274532
vn -0.510025620 -0.140027002 -0.848685145
vn -0.274206430 0.392246604 -0.878039539
vn 0.046562705 0.480014056 0.876024306
vn -0.839351773 0.543569565 0.004572824
vn 0.357665002 0.933835089 0.005278028
vn 0.075490825 0.689188004 -0.720639288
vn 0.995597005 -0.093736678 0.000000889
vn 0.441493988 0.138465196 0.886515915
vn 0.445718914 0.135086641 -0.884921670
vn 0.220585123 -0.975335658 -0.007907752
vn -0.092407204 -0.617220879 0.781344593
vn -0.368199140 -0.929739416 -0.003749322
vn -0.063269205 -0.431463122 -0.899909198
vn -0.409596980 -0.097507402 0.907040596
vn -0.672572374 -0.740031421 -0.000001792
vn -0.403452307 -0.102861486 -0.909200609
vn -0.319816440 0.360971391 0.876023412
vn -0.359548658 -0.933115125 -0.004573701
vn -0.386860281 -0.153926030 0.909200668
vn -0.979101717 0.203371212 -0.000000028
vn -0.388683319 -0.161867648 -0.907041430
vn -0.832670271 0.553744197 0.005269826
vn 0.359548390 0.933115244 0.004573834
vn -0.466168165 0.513191760 -0.720639646
vn 0.388683885 0.161869854 0.907040775
vn 0.979101717 -0.203371018 0.000000668
vn 0.386862040 0.153925851 -0.909200072
vn 0.832670212 -0.553744256 -0.005270806
vn 0.466168612 -0.513192296 0.720638931
vn 0.319815516 -0.360971957 -0.876023650
vn 0.304796040 0.311871529 0.899908721
vn 0.366364419 -0.930471480 0.000000000
vn -0.466168314 -0.513191998 0.720639408
vn -0.845027208 -0.534723461 -0.000001164
vn -0.466168016 -0.513191521 -0.720639944
vn -0.750354946 0.661035180 -0.000000523
vn -0.439992219 0.152696386 0.884924114
vn -0.439992160 0.152697116 -0.884924114
vn 0.405375808 0.914150119 -0.000000223
vn 0.839536369 0.543303490 -0.000000082
vn 0.304794878 0.311871976 -0.899908900
vn 0.386861414 -0.153926805 0.909200191
vn 0.979101658 0.203371629 0.000000754
vn 0.386863500 -0.153925419 -0.909199536
vn 0.008980623 -0.430886269 0.902361572
vn 0.925344110 0.320931941 0.201844186
vn 0.664131880 -0.747605383 -0.003879332
vn 0.426015168 -0.053580079 -0.903128028
vn 0.275487036 -0.394921720 0.876438141
vn 0.292078346 -0.955632389 -0.038172416
vn -0.834898472 -0.550401211 -0.001747566
vn 0.046561129 -0.480014414 -0.876024187
vn -0.422508597 0.115744010 0.898938239
vn -0.672570884 0.740032673 -0.000000853
vn -0.409595996 0.097508326 -0.907040954
vn -0.376467139 0.926430047 -0.000000919
vn -0.024435161 0.528336048 0.848683715
vn 0.167861730 0.983961165 -0.060357526
vn -0.092406623 0.617220879 -0.781344593
usemtl field_material_05
f 6//6 5//5 10//10
f 3//3 9//9 4//4
f 2//2 1//1 7//7
f 5//5 9//9 10//10
f 2//2 8//8 3//3
f 7//7 12//12 8//8
f 6//6 10//10 14//14
f 8//8 13//13 9//9
f 7//7 1//1 11//11
f 9//9 14//14 10//10
f 11//11 16//16 12//12
f 6//6 14//14 18//18
f 12//12 17//17 13//13
f 11//11 1//1 15//15
f 14//14 17//17 18//18
f 15//15 20//20 16//16
f 6//6 18//18 22//22
f 16//16 21//21 17//17
f 15//15 1//1 19//19
f 17//17 22//22 18//18
f 19//19 24//24 20//20
f 6//6 22//22 26//26
f 20//20 25//25 21//21
f 19//19 1//1 23//23
f 22//22 25//25 26//26
f 23//23 28//28 24//24
f 6//6 26//26 30//30
f 24//24 29//29 25//25
f 23//23 1//1 27//27
f 25//25 30//30 26//26
f 27//27 32//32 28//28
f 6//6 30//30 34//34
f 28//28 33//33 29//29
f 27//27 1//1 31//31
f 30//30 33//33 34//34
f 31//31 3//3 32//32
f 6//6 34//34 5//5
f 32//32 4//4 33//33
f 31//31 1//1 2//2
f 33//33 5//5 34//34
f 36//36 37//37 35//35
f 37//37 40//40 39//39
f 40//40 41//41 39//39
f 42//42 43//43 41//41
f 42//42 40//40 36//36
f 43//43 46//46 45//45
f 45//45 36//36 35//35
f 41//41 43//43 45//45
usemtl field_material_07
f 47//47 50//50 49//49
f 50//50 51//51 49//49
f 52//52 53//53 51//51
f 53//53 56//56 55//55
f 56//56 57//57 55//55
f 57//57 60//60 59//59
f 60//60 61//61 59//59
f 62//62 63//63 61//61
usemtl field_material_05
f 68//68 66//66 67//67
f 69//69 68//68 67//67
usemtl field_material_07
f 71//71 72//72 70//70
f 72//72 75//75 74//74
f 74//74 77//77 76//76
f 76//76 79//79 78//78
f 78//78 81//81 80//80
f 80//80 83//83 82//82
f 83//83 84//84 82//82
f 85//85 86//86 84//84
f 86//86 87//87 88//88
usemtl field_material_05
f 90//90 89//89 93//93
f 89//89 92//92 91//91
f 94//94 93//93 91//91
f 89//89 91//91 93//93
usemtl field_material_07
f 96//96 97//97 95//95
f 97//97 99//99 98//98
f 99//99 100//100 98//98
f 101//101 102//102 100//100
f 103//103 104//104 102//102
f 104//104 107//107 106//106
f 107//107 108//108 106//106
f 109//109 110//110 108//108
f 110//110 113//113 112//112
usemtl field_material_05
f 116//116 115//115 119//119
f 118//118 117//117 115//115
f 116//116 120//120 118//118
f 117//117 120//120 119//119
f 121//121 124//124 123//123
f 123//123 126//126 125//125
f 126//126 127//127 125//125
f 127//127 130//130 129//129
f 130//130 128//128 126//126
f 130//130 131//131 129//129
f 132//132 121//121 131//131
f 129//129 131//131 123//123
usemtl field_material_17
f 134//134 135//135 133//133
f 136//136 137//137 135//135
f 138//138 139//139 137//137
f 140//140 141//141 139//139
f 141//141 144//144 143//143
f 144//144 145//145 143//143
f 145//145 148//148 147//147
f 148//148 149//149 147//147
usemtl field_material_05
f 155//155 154//154 152//152
f 154//154 157//157 156//156
f 153//153 152//152 156//156
usemtl field_material_17
f 159//159 160//160 158//158
f 161//161 162//162 160//160
f 163//163 164//164 162//162
f 164//164 167//167 166//166
f 166//166 169//169 168//168
f 168//168 171//171 170//170
f 170//170 173//173 172//172
f 172//172 175//175 174//174
usemtl field_material_05
f 177//177 180//180 179//179
f 180//180 181//181 179//179
f 178//178 177//177 181//181
usemtl field_material_17
f 182//182 185//185 184//184
f 185//185 186//186 184//184
f 186//186 189//189 188//188
f 189//189 190//190 188//188
f 191//191 192//192 190//190
f 193//193 194//194 192//192
f 194//194 197//197 196//196
f 197//197 198//198 196//196
usemtl field_material_05
f 203//203 204//204 201//201
f 204//204 206//206 205//205
f 202//202 201//201 205//205
f 201//201 204//204 205//205
f 207//207 210//210 209//209
f 209//209 212//212 211//211
f 212//212 213//213 211//211
f 214//214 215//215 213//213
f 216//216 214//214 212//212
f 215//215 218//218 217//217
f 218//218 207//207 217//217
f 209//209 213//213 217//217
usemtl field_material_07
f 220//220 221//221 219//219
f 222//222 223//223 221//221
f 224//224 225//225 223//223
f 225//225 228//228 227//227
f 227//227 230//230 229//229
f 230//230 231//231 229//229
f 232//232 233//233 231//231
f 234//234 235//235 233//233
usemtl field_material_05
f 238//238 241//241 240//240
f 243//243 242//242 240//240
f 239//239 238//238 242//242
usemtl field_material_07
f 244//244 247//247 246//246
f 246//246 249//249 248//248
f 248//248 251//251 250//250
f 251//251 252//252 250//250
f 252//252 255//255 254//254
f 255//255 256//256 254//254
f 256//256 259//259 258//258
f 259//259 260//260 258//258
f 260//260 261//261 262//262
usemtl field_material_05
f 264//264 263//263 267//267
f 264//264 265//265 263//263
f 266//266 267//267 265//265
usemtl field_material_07
f 270//270 271//271 269//269
f 272//272 273//273 271//271
f 274//274 275//275 273//273
f 276//276 277//277 275//275
f 278//278 279//279 277//277
f 279//279 282//282 281//281
f 282//282 283//283 281//281
f 284//284 285//285 283//283
usemtl field_material_05
f 291//291 290//290 288//288
f 293//293 292//292 290//290
f 292//292 289//289 288//288
f 294//294 297//297 296//296
f 297//297 298//298 296//296
f 298//298 301//301 300//300
f 301//301 302//302 300//300
f 303//303 301//301 299//299
f 302//302 305//305 304//304
f 305//305 294//294 304//304
f 302//302 304//304 296//296
usemtl field_material_23
f 307//307 308//308 306//306
f 308//308 311//311 310//310
f 310//310 313//313 312//312
f 312//312 315//315 314//314
f 314//314 317//317 316//316
f 317//317 318//318 316//316
f 319//319 320//320 318//318
f 321//321 322//322 320//320
usemtl field_material_05
f 328//328 327//327 325//325
f 327//327 326//326 325//325
usemtl field_material_23
f 329//329 332//332 331//331
f 332//332 333//333 331//331
f 333//333 336//336 335//335
f 336//336 337//337 335//335
f 338//338 339//339 337//337
f 340//340 341//341 339//339
f 342//342 343//343 341//341
f 344//344 345//345 343//343
usemtl field_material_05
f 348//348 350//350 349//349
f 349//349 352//352 351//351
f 353//353 348//348 351//351
usemtl field_material_23
f 354//354 357//357 356//356
f 356//356 359//359 358//358
f 359//359 360//360 358//358
f 361//361 362//362 360//360
f 363//363 364//364 362//362
f 365//365 366//366 364//364
f 366//366 369//369 368//368
f 369//369 370//370 368//368
usemtl field_material_05
f 374//374 375//375 373//373
f 375//375 377//377 376//376
f 376//376 374//374 373//373
f 378//378 381//381 380//380
f 380//380 383//383 382//382
f 383//383 384//384 382//382
f 384//384 387//387 386//386
f 387//387 385//385 383//383
f 386//386 389//389 388//388
f 388//388 379//379 378//378
f 384//384 386//386 388//388
usemtl field_material_07
f 390//390 393//393 392//392
f 393//393 394//394 392//392
f 394//394 397//397 396//396
f 397//397 398//398 396//396
f 398//398 401//401 400//400
f 401//401 402//402 400//400
f 403//403 404//404 402//402
f 404//404 407//407 406//406
usemtl field_material_05
f 409//409 412//412 411//411
f 410//410 413//413 412//412
f 413//413 414//414 411//411
f 414//414 410//410 409//409
usemtl field_material_07
f 416//416 417//417 415//415
f 417//417 420//420 419//419
f 419//419 422//422 421//421
f 421//421 424//424 423//423
f 424//424 425//425 423//423
f 425//425 428//428 427//427
f 428//428 429//429 427//427
f 429//429 432//432 431//431
f 431//431 432//432 433//433
usemtl field_material_05
f 437//437 436//436 435//435
f 434//434 437//437 435//435
usemtl field_material_07
f 439//439 440//440 438//438
f 440//440 443//443 442//442
f 443//443 444//444 442//442
f 445//445 446//446 444//444
f 446//446 449//449 448//448
f 448//448 451//451 450//450
f 450//450 453//453 452//452
f 452//452 455//455 454//454
usemtl field_material_05
f 460//460 459//459 457//457
f 459//459 458//458 457//457
f 462//462 463//463 461//461
f 464//464 465//465 463//463
f 466//466 467//467 465//465
f 467//467 470//470 469//469
f 468//468 466//466 462//462
f 470//470 471//471 469//469
f 472//472 461//461 471//471
f 467//467 469//469 471//471
usemtl field_material_17
f 474//474 475//475 473//473
f 475//475 478//478 477//477
f 477//477 480//480 479//479
f 479//479 482//482 481//481
f 481//481 484//484 483//483
f 484//484 485//485 483//483
f 485//485 488//488 487//487
f 487//487 490//490 489//489
usemtl field_material_05
f 494//494 495//495 492//492
f 495//495 497//497 496//496
f 493//493 492//492 496//496
f 492//492 495//495 496//496
usemtl field_material_17
f 498//498 501//501 500//500
f 500//500 503//503 502//502
f 502//502 505//505 504//504
f 504//504 507//507 506//506
f 506//506 509//509 508//508
f 508//508 511//511 510//510
f 511//511 512//512 510//510
f 513//513 514//514 512//512
usemtl field_material_05
f 520//520 519//519 517//517
f 519//519 518//518 517//517
usemtl field_material_17
f 522//522 523//523 521//521
f 523//523 526//526 525//525
f 526//526 527//527 525//525
f 528//528 529//529 527//527
f 529//529 532//532 531//531
f 531//531 534//534 533//533
f 533//533 536//536 535//535
f 536//536 537//537 535//535
usemtl field_material_05
f 540//540 543//543 542//542
f 545//545 544//544 542//542
f 541//541 540//540 544//544
f 546//546 549//549 548//548
f 549//549 550//550 548//548
f 551//551 552//552 550//550
f 552//552 555//555 554//554
f 555//555 553//553 551//551
f 555//555 556//556 554//554
f 556//556 547//547 546//546
f 554//554 556//556 548//548
usemtl field_material_09
f 558//558 559//559 560//560
f 558//558 560//560 561//561
f 558//558 561//561 562//562
f 558//558 562//562 563//563
f 558//558 563//563 564//564
f 558//558 564//564 559//559
f 566//566 560//560 559//559
f 568//568 561//561 560//560
f 570//570 562//562 561//561
f 572//572 563//563 562//562
f 573//573 564//564 563//563
f 564//564 575//575 559//559
f 576//576 566//566 565//565
f 567//567 577//577 568//568
f 579//579 572//572 571//571
f 580//580 573//573 572//572
f 576//576 583//583 566//566
f 566//566 585//585 567//567
f 585//585 577//577 567//567
f 586//586 578//578 577//577
f 588//588 569//569 578//578
f 589//589 570//570 569//569
f 570//570 591//591 579//579
f 579//579 593//593 580//580
f 594//594 581//581 580//580
f 581//581 596//596 574//574
f 596//596 575//575 574//574
f 597//597 565//565 575//575
f 565//565 582//582 576//576
f 582//582 599//599 583//583
f 600//600 584//584 583//583
f 588//588 604//604 589//589
f 605//605 590//590 589//589
f 606//606 593//593 592//592
f 607//607 596//596 595//595
f 596//596 609//609 597//597
f 609//609 582//582 597//597
f 600//600 610//610 584//584
f 610//610 585//585 584//584
f 585//585 612//612 586//586
f 612//612 601//601 586//586
f 601//601 613//613 587//587
f 613//613 602//602 587//587
f 605//605 614//614 590//590
f 614//614 591//591 590//590
f 591//591 615//615 606//606
f 606//606 616//616 593//593
f 616//616 594//594 593//593
f 617//617 607//607 594//594
f 607//607 619//619 596//596
f 619//619 608//608 596//596
f 623//623 613//613 601//601
f 624//624 604//604 603//603
f 626//626 616//616 615//615
f 628//628 620//620 608//608
f 629//629 599//599 598//598
f 630//630 622//622 599//599
f 622//622 631//631 610//610
f 610//610 632//632 611//611
f 611//611 633//633 612//612
f 633//633 623//623 612//612
f 623//623 634//634 613//613
f 634//634 602//602 613//613
f 635//635 624//624 602//602
f 624//624 636//636 604//604
f 636//636 605//605 604//604
f 637//637 625//625 605//605
f 625//625 638//638 614//614
f 638//638 615//615 614//614
f 639//639 626//626 615//615
f 626//626 640//640 616//616
f 616//616 641//641 617//617
f 641//641 627//627 617//617
f 642//642 619//619 618//618
f 643//643 628//628 619//619
f 628//628 644//644 620//620
f 620//620 645//645 621//621
f 621//621 629//629 598//598
f 646//646 630//630 629//629
f 631//631 648//648 632//632
f 632//632 649//649 633//633
f 633//633 650//650 623//623
f 650//650 634//634 623//623
f 651//651 635//635 634//634
f 652//652 637//637 636//636
f 653//653 625//625 637//637
f 654//654 639//639 638//638
f 655//655 640//640 626//626
f 640//640 656//656 641//641
f 656//656 627//627 641//641
f 657//657 642//642 627//627
f 658//658 643//643 642//642
f 659//659 644//644 628//628
f 645//645 646//646 629//629
f 661//661 622//622 630//630
f 663//663 624//624 635//635
f 665//665 654//654 625//625
f 666//666 655//655 639//639
f 647//647 671//671 648//648
f 671//671 649//649 648//648
f 672//672 650//650 649//649
f 673//673 651//651 650//650
f 674//674 663//663 651//651
f 675//675 653//653 652//652
f 676//676 665//665 653//653
f 665//665 677//677 654//654
f 677//677 666//666 654//654
f 666//666 678//678 655//655
f 678//678 667//667 655//655
f 667//667 679//679 656//656
f 656//656 680//680 657//657
f 657//657 681//681 658//658
f 681//681 668//668 658//658
f 668//668 682//682 659//659
f 682//682 660//660 659//659
f 670//670 684//684 661//661
f 661//661 684//684 662//662
f 662//662 685//685 647//647
f 685//685 671//671 647//647
f 685//685 672//672 671//671
f 672//672 686//686 673//673
f 686//686 674//674 673//673
f 686//686 663//663 674//674
f 687//687 664//664 663//663
f 687//687 675//675 664//664
f 688//688 676//676 675//675
f 688//688 665//665 676//676
f 689//689 677//677 665//665
f 677//677 690//690 666//666
f 666//666 690//690 678//678
f 690//690 667//667 678//678
f 667//667 691//691 679//679
f 691//691 680//680 679//679
f 680//680 692//692 681//681
f 692//692 668//668 681//681
f 668//668 693//693 682//682
f 693//693 660//660 682//682
f 683//683 669//669 660//660
f 669//669 683//683 670//670
f 683//683 694//694 684//684
f 684//684 694//694 685//685
f 685//685 694//694 686//686
f 686//686 694//694 687//687
f 687//687 694//694 688//688
f 688//688 694//694 689//689
f 689//689 694//694 690//690
f 690//690 694//694 691//691
f 691//691 694//694 692//692
f 692//692 694//694 693//693
f 693//693 694//694 683//683
usemtl field_material_05
f 698//698 699//699 702//702
f 697//697 695//695 700//700
f 707//707 698//698 702//702
f 697//697 699//699 696//696
f 699//699 700//700 701//701
f 701//701 705//705 702//702
f 700//700 695//695 704//704
f 707//707 702//702 705//705
f 701//701 704//704 703//703
f 704//704 706//706 703//703
f 705//705 706//706 707//707
f 706//706 695//695 708//708
f 708//708 697//697 696//696
f 708//708 698//698 707//707
f 724//724 711//711 712//712
f 722//722 711//711 710//710
f 712//712 713//713 715//715
f 709//709 713//713 711//711
f 713//713 716//716 714//714
f 714//714 717//717 715//715
f 712//712 715//715 717//717
f 714//714 716//716 717//717
f 717//717 719//719 721//721
f 716//716 709//709 718//718
f 712//712 717//717 721//721
f 716//716 719//719 717//717
f 718//718 720//720 719//719
f 712//712 721//721 724//724
f 720//720 722//722 723//723
f 720//720 724//724 721//721
f 718//718 709//709 722//722
f 723//723 722//722 710//710
f 727//727 728//728 731//731
f 726//726 725//725 729//729
f 733//733 727//727 731//731
f 726//726 728//728 727//727
f 729//729 730//730 728//728
f 730//730 733//733 731//731
f 729//729 725//725 734//734
f 730//730 734//734 732//732
f 732//732 737//737 733//733
f 732//732 734//734 735//735
f 734//734 736//736 735//735
f 725//725 739//739 736//736
f 737//737 739//739 740//740
f 733//733 737//737 740//740
f 739//739 738//738 741//741
f 733//733 740//740 727//727
f 741//741 726//726 727//727
f 741//741 727//727 740//740
f 738//738 725//725 726//726
f 744//744 745//745 743//743
f 746//746 747//747 750//750
f 744//744 742//742 748//748
f 756//756 746//746 750//750
f 744//744 747//747 745//745
f 747//747 748//748 749//749
f 749//749 754//754 750//750
f 748//748 742//742 752//752
f 756//756 750//750 754//754
f 749//749 752//752 751//751
f 752//752 753//753 751//751
f 752//752 755//755 753//753
f 754//754 755//755 756//756
f 755//755 742//742 757//757
f 757//757 744//744 743//743
f 757//757 746//746 756//756
f 772//772 760//760 763//763
f 759//759 758//758 761//761
f 761//761 762//762 760//760
f 762//762 766//766 763//763
f 762//762 758//758 764//764
f 764//764 767//767 765//765
f 766//766 765//765 770//770
f 763//763 766//766 770//770
f 767//767 769//769 765//765
f 767//767 758//758 768//768
f 763//763 770//770 772//772
f 769//769 768//768 771//771
f 769//769 772//772 770//770
f 768//768 758//758 759//759
usemtl field_material_29
f 774//774 773//773 776//776
f 779//779 775//775 777//777
f 776//776 777//777 775//775
f 773//773 778//778 777//777
f 777//777 778//778 779//779
f 780//780 773//773 774//774
f 780//780 781//781 779//779
f 781//781 774//774 775//775
f 779//779 781//781 775//775
f 783//783 782//782 784//784
f 784//784 786//786 785//785
f 789//789 785//785 786//786
f 786//786 787//787 789//789
f 782//782 787//787 786//786
f 788//788 790//790 789//789
f 788//788 782//782 783//783
f 790//790 783//783 785//785
f 789//789 790//790 785//785
f 792//792 791//791 794//794
f 794//794 795//795 793//793
f 793//793 795//795 796//796
f 791//791 796//796 795//795
f 793//793 796//796 798//798
f 797//797 798//798 796//796
f 797//797 791//791 792//792
f 798//798 792//792 793//793
f 800//800 802//802 801//801
f 800//800 799//799 803//803
f 805//805 801//801 802//802
f 802//802 803//803 805//805
f 803//803 799//799 804//804
f 804//804 806//806 805//805
f 799//799 801//801 806//806
f 805//805 806//806 801//801
f 809//809 810//810 808//808
f 809//809 807//807 811//811
f 812//812 808//808 810//810
f 810//810 811//811 812//812
f 811//811 807//807 813//813
f 813//813 814//814 812//812
f 812//812 814//814 808//808
f 807//807 808//808 814//814
f 822//822 815//815 817//817
f 817//817 818//818 816//816
f 820//820 816//816 818//818
f 815//815 819//819 818//818
f 818//818 819//819 820//820
f 821//821 823//823 820//820
f 821//821 815//815 822//822
f 820//820 823//823 816//816
f 822//822 816//816 823//823
f 829//829 825//825 827//827
f 826//826 827//827 825//825
f 826//826 824//824 828//828
f 827//827 828//828 829//829
f 828//828 824//824 830//830
f 830//830 831//831 829//829
f 829//829 831//831 825//825
f 824//824 825//825 831//831
f 833//833 832//832 834//834
f 834//834 836//836 835//835
f 839//839 835//835 836//836
f 836//836 837//837 839//839
f 832//832 837//837 836//836
f 838//838 840//840 839//839
f 838//838 832//832 833//833
f 839//839 840//840 835//835
f 840//840 833//833 835//835
f 842//842 841//841 843//843
f 848//848 844//844 845//845
f 843//843 845//845 844//844
f 841//841 846//846 845//845
f 845//845 846//846 848//848
f 847//847 849//849 848//848
f 847//847 841//841 842//842
f 849//849 842//842 844//844
f 848//848 849//849 844//844
f 851//851 853//853 852//852
f 851//851 850//850 854//854
f 856//856 852//852 853//853
f 853//853 854//854 856//856
f 854//854 850//850 855//855
f 855//855 857//857 856//856
f 856//856 857//857 852//852
f 850//850 852//852 857//857
f 861//861 862//862 860//860
f 861//861 858//858 863//863
f 860//860 862//862 864//864
f 862//862 863//863 864//864
f 863//863 858//858 865//865
f 865//865 866//866 864//864
f 860//860 864//864 866//866
f 866//866 859//859 860//860
f 858//858 859//859 866//866
f 868//868 870//870 869//869
f 868//868 867//867 871//871
f 873//873 869//869 870//870
f 870//870 871//871 873//873
f 871//871 867//867 872//872
f 872//872 874//874 873//873
f 873//873 874//874 869//869
f 867//867 869//869 874//874
f 876//876 875//875 878//878
f 878//878 879//879 877//877
f 877//877 879//879 880//880
f 875//875 880//880 879//879
f 881//881 875//875 876//876
f 877//877 880//880 882//882
f 881//881 882//882 880//880
f 882//882 876//876 877//877
f 884//884 883//883 885//885
f 885//885 887//887 886//886
f 886//886 887//887 889//889
f 883//883 889//889 887//887
f 888//888 890//890 889//889
f 888//888 883//883 884//884
f 886//886 889//889 890//890
f 890//890 884//884 886//886
usemtl field_material_05
f 891//891 894//894 893//893
f 893//893 896//896 895//895
f 895//895 898//898 897//897
f 898//898 899//899 897//897
f 900//900 898//898 896//896
f 899//899 902//902 901//901
f 902//902 891//891 901//901
f 897//897 899//899 901//901
usemtl field_material_13
f 903//903 908//908 904//904
f 903//903 904//904 905//905
f 903//903 905//905 906//906
f 903//903 906//906 907//907
f 903//903 907//907 908//908
f 908//908 909//909 904//904
f 904//904 915//915 905//905
f 918//918 906//906 905//905
f 906//906 911//911 907//907
f 912//912 908//908 907//907
f 905//905 917//917 918//918
f 919//919 912//912 911//911
f 908//908 913//913 909//909
f 913//913 920//920 914//914
f 914//914 922//922 915//915
f 918//918 923//923 910//910
f 910//910 924//924 911//911
f 911//911 925//925 919//919
f 919//919 926//926 912//912
f 912//912 926//926 927//927
f 928//928 920//920 913//913
f 922//922 929//929 916//916
f 930//930 917//917 916//916
f 932//932 923//923 917//917
f 919//919 934//934 926//926
f 928//928 935//935 920//920
f 935//935 921//921 920//920
f 921//921 937//937 922//922
f 937//937 929//929 922//922
f 930//930 931//931 917//917
f 938//938 924//924 932//932
f 939//939 933//933 924//924
f 940//940 934//934 919//919
f 934//934 941//941 926//926
f 926//926 941//941 927//927
f 941//941 928//928 927//927
f 944//944 930//930 929//929
f 945//945 932//932 931//931
f 950//950 942//942 928//928
f 951//951 936//936 935//935
f 952//952 943//943 936//936
f 953//953 929//929 937//937
f 953//953 944//944 929//929
f 944//944 954//954 930//930
f 954//954 931//931 930//930
f 954//954 945//945 931//931
f 945//945 946//946 932//932
f 947//947 955//955 939//939
f 956//956 933//933 939//939
f 957//957 940//940 933//933
f 948//948 958//958 934//934
f 958//958 949//949 934//934
f 941//941 950//950 928//928
f 962//962 954//954 944//944
f 971//971 949//949 958//958
f 950//950 960//960 942//942
f 952//952 969//969 943//943
f 973//973 965//965 945//945
f 970//970 957//957 956//956
f 972//972 952//952 951//951
f 972//972 969//969 952//952
f 974//974 955//955 947//947
f 974//974 970//970 955//955
f 971//971 968//968 959//959
f 975//975 960//960 968//968
f 960//960 976//976 972//972
f 976//976 969//969 972//972
f 969//969 977//977 961//961
f 961//961 977//977 962//962
f 962//962 978//978 963//963
f 963//963 978//978 964//964
f 964//964 978//978 973//973
f 973//973 979//979 965//965
f 965//965 979//979 974//974
f 980//980 970//970 974//974
f 980//980 966//966 970//970
f 966//966 981//981 967//967
f 967//967 982//982 971//971
f 982//982 968//968 971//971
f 975//975 981//981 976//976
f 976//976 981//981 977//977
f 977//977 981//981 978//978
f 978//978 981//981 979//979
f 979//979 981//981 980//980
f 982//982 981//981 975//975
usemtl field_material_05
f 995//995 985//985 987//987
f 993//993 983//983 986//986
f 989//989 995//995 987//987
f 993//993 985//985 984//984
f 985//985 989//989 987//987
f 985//985 983//983 988//988
f 988//988 992//992 989//989
f 988//988 991//991 990//990
f 992//992 994//994 995//995
f 991//991 983//983 993//993
f 989//989 992//992 995//995
f 991//991 994//994 990//990
f 994//994 993//993 984//984
f 998//998 996//996 1001//1001
f 1007//1007 999//999 1002//1002
f 998//998 1000//1000 997//997
f 999//999 1000//1000 1002//1002
f 1000//1000 1004//1004 1002//1002
f 1001//1001 996//996 1005//1005
f 1007//1007 1002//1002 1004//1004
f 1000//1000 1005//1005 1003//1003
f 1004//1004 1006//1006 1007//1007
f 1005//1005 1006//1006 1003//1003
f 1006//1006 998//998 997//997
f 1006//1006 999//999 1007//1007
f 1010//1010 1012//1012 1009//1009
f 1010//1010 1008//1008 1015//1015
f 1012//1012 1015//1015 1013//1013
f 1012//1012 1014//1014 1011//1011
f 1013//1013 1017//1017 1014//1014
f 1015//1015 1016//1016 1013//1013
f 1017//1017 1018//1018 1020//1020
f 1014//1014 1017//1017 1020//1020
f 1008//1008 1018//1018 1016//1016
f 1018//1018 1011//1011 1020//1020
f 1019//1019 1008//1008 1010//1010
f 1014//1014 1020//1020 1011//1011
f 1018//1018 1010//1010 1009//1009
f 1022//1022 1025//1025 1032//1032
f 1023//1023 1025//1025 1024//1024
f 1025//1025 1028//1028 1026//1026
f 1025//1025 1027//1027 1024//1024
f 1026//1026 1028//1028 1029//1029
f 1027//1027 1029//1029 1031//1031
f 1028//1028 1021//1021 1030//1030
f 1024//1024 1027//1027 1031//1031
f 1030//1030 1023//1023 1031//1031
f 1030//1030 1021//1021 1022//1022
f 1024//1024 1031//1031 1023//1023
f 1030//1030 1022//1022 1032//1032
f 1042//1042 1035//1035 1037//1037
f 1035//1035 1036//1036 1037//1037
f 1034//1034 1037//1037 1036//1036
f 1042//1042 1037//1037 1038//1038
f 1037//1037 1033//1033 1039//1039
f 1040//1040 1041//1041 1039//1039
f 1038//1038 1041//1041 1042//1042
f 1042//1042 1043//1043 1035//1035
f 1040//1040 1033//1033 1044//1044
f 1040//1040 1043//1043 1041//1041
f 1044//1044 1033//1033 1034//1034
f 1043//1043 1034//1034 1036//1036
f 1046//1046 1047//1047 1045//1045
f 1048//1048 1049//1049 1047//1047
f 1050//1050 1051//1051 1049//1049
f 1052//1052 1053//1053 1051//1051
f 1052//1052 1050//1050 1046//1046
f 1054//1054 1055//1055 1053//1053
f 1055//1055 1046//1046 1045//1045
f 1051//1051 1053//1053 1055//1055
usemtl field_material_03
f 1057//1057 1058//1058 1059//1059
f 1057//1057 1059//1059 1060//1060
f 1057//1057 1060//1060 1061//1061
f 1057//1057 1061//1061 1062//1062
f 1057//1057 1062//1062 1063//1063
f 1057//1057 1063//1063 1064//1064
f 1057//1057 1064//1064 1058//1058
f 1058//1058 1065//1065 1059//1059
f 1067//1067 1060//1060 1059//1059
f 1069//1069 1061//1061 1060//1060
f 1070//1070 1062//1062 1061//1061
f 1062//1062 1072//1072 1063//1063
f 1063//1063 1074//1074 1064//1064
f 1075//1075 1058//1058 1064//1064
f 1076//1076 1069//1069 1068//1068
f 1078//1078 1074//1074 1073//1073
f 1079//1079 1065//1065 1075//1075
f 1065//1065 1081//1081 1066//1066
f 1082//1082 1067//1067 1066//1066
f 1083//1083 1068//1068 1067//1067
f 1084//1084 1076//1076 1068//1068
f 1076//1076 1085//1085 1069//1069
f 1069//1069 1087//1087 1070//1070
f 1087//1087 1071//1071 1070//1070
f 1088//1088 1072//1072 1071//1071
f 1088//1088 1077//1077 1072//1072
f 1090//1090 1073//1073 1077//1077
f 1073//1073 1091//1091 1078//1078
f 1078//1078 1092//1092 1074//1074
f 1074//1074 1093//1093 1079//1079
f 1079//1079 1080//1080 1065//1065
f 1081//1081 1095//1095 1082//1082
f 1096//1096 1083//1083 1082//1082
f 1083//1083 1097//1097 1084//1084
f 1098//1098 1085//1085 1084//1084
f 1099//1099 1086//1086 1085//1085
f 1100//1100 1088//1088 1087//1087
f 1090//1090 1103//1103 1091//1091
f 1103//1103 1078//1078 1091//1091
f 1078//1078 1105//1105 1092//1092
f 1108//1108 1094//1094 1080//1080
f 1094//1094 1109//1109 1081//1081
f 1109//1109 1095//1095 1081//1081
f 1096//1096 1110//1110 1083//1083
f 1110//1110 1097//1097 1083//1083
f 1097//1097 1111//1111 1098//1098
f 1111//1111 1099//1099 1098//1098
f 1112//1112 1100//1100 1086//1086
f 1113//1113 1101//1101 1100//1100
f 1102//1102 1114//1114 1089//1089
f 1114//1114 1090//1090 1089//1089
f 1114//1114 1103//1103 1090//1090
f 1115//1115 1104//1104 1103//1103
f 1106//1106 1116//1116 1093//1093
f 1116//1116 1107//1107 1093//1093
f 1107//1107 1108//1108 1080//1080
f 1117//1117 1096//1096 1095//1095
f 1118//1118 1097//1097 1110//1110
f 1123//1123 1115//1115 1114//1114
f 1124//1124 1105//1105 1104//1104
f 1105//1105 1125//1125 1106//1106
f 1127//1127 1094//1094 1108//1108
f 1128//1128 1109//1109 1094//1094
f 1129//1129 1117//1117 1109//1109
f 1117//1117 1130//1130 1096//1096
f 1130//1130 1118//1118 1096//1096
f 1118//1118 1131//1131 1097//1097
f 1131//1131 1119//1119 1097//1097
f 1120//1120 1132//1132 1099//1099
f 1132//1132 1112//1112 1099//1099
f 1121//1121 1134//1134 1113//1113
f 1134//1134 1122//1122 1113//1113
f 1135//1135 1114//1114 1102//1102
f 1136//1136 1123//1123 1114//1114
f 1123//1123 1137//1137 1115//1115
f 1138//1138 1124//1124 1115//1115
f 1124//1124 1139//1139 1105//1105
f 1139//1139 1125//1125 1105//1105
f 1125//1125 1140//1140 1116//1116
f 1126//1126 1127//1127 1108//1108
f 1141//1141 1130//1130 1117//1117
f 1130//1130 1143//1143 1118//1118
f 1144//1144 1120//1120 1119//1119
f 1145//1145 1133//1133 1132//1132
f 1133//1133 1147//1147 1121//1121
f 1147//1147 1134//1134 1121//1121
f 1134//1134 1148//1148 1122//1122
f 1136//1136 1150//1150 1123//1123
f 1150//1150 1137//1137 1123//1123
f 1151//1151 1138//1138 1137//1137
f 1125//1125 1153//1153 1140//1140
f 1153//1153 1126//1126 1140//1140
f 1154//1154 1127//1127 1126//1126
f 1127//1127 1156//1156 1128//1128
f 1156//1156 1129//1129 1128//1128
f 1159//1159 1145//1145 1120//1120
f 1160//1160 1148//1148 1134//1134
f 1161//1161 1149//1149 1135//1135
f 1138//1138 1163//1163 1124//1124
f 1124//1124 1164//1164 1139//1139
f 1164//1164 1152//1152 1139//1139
f 1165//1165 1142//1142 1141//1141
f 1166//1166 1158//1158 1143//1143
f 1159//1159 1167//1167 1145//1145
f 1168//1168 1160//1160 1147//1147
f 1160//1160 1169//1169 1148//1148
f 1169//1169 1161//1161 1148//1148
f 1170//1170 1151//1151 1150//1150
f 1171//1171 1154//1154 1153//1153
f 1172//1172 1155//1155 1154//1154
f 1173//1173 1156//1156 1155//1155
f 1156//1156 1174//1174 1157//1157
f 1157//1157 1174//1174 1165//1165
f 1165//1165 1175//1175 1142//1142
f 1175//1175 1166//1166 1142//1142
f 1175//1175 1158//1158 1166//1166
f 1158//1158 1176//1176 1144//1144
f 1176//1176 1159//1159 1144//1144
f 1176//1176 1167//1167 1159//1159
f 1167//1167 1177//1177 1146//1146
f 1146//1146 1177//1177 1168//1168
f 1168//1168 1178//1178 1160//1160
f 1178//1178 1169//1169 1160//1160
f 1169//1169 1178//1178 1161//1161
f 1161//1161 1179//1179 1149//1149
f 1149//1149 1179//1179 1170//1170
f 1170//1170 1179//1179 1151//1151
f 1179//1179 1162//1162 1151//1151
f 1180//1180 1163//1163 1162//1162
f 1180//1180 1164//1164 1163//1163
f 1181//1181 1152//1152 1164//1164
f 1181//1181 1171//1171 1152//1152
f 1182//1182 1172//1172 1171//1171
f 1182//1182 1155//1155 1172//1172
f 1173//1173 1183//1183 1174//1174
f 1174//1174 1183//1183 1175//1175
f 1175//1175 1183//1183 1176//1176
f 1176//1176 1183//1183 1177//1177
f 1177//1177 1183//1183 1178//1178
f 1178//1178 1183//1183 1179//1179
f 1179//1179 1183//1183 1180//1180
f 1180//1180 1183//1183 1181//1181
f 1181//1181 1183//1183 1182//1182
f 1182//1182 1183//1183 1173//1173
usemtl field_material_05
f 1198//1198 1187//1187 1188//1188
f 1186//1186 1187//1187 1185//1185
f 1188//1188 1189//1189 1192//1192
f 1186//1186 1184//1184 1190//1190
f 1186//1186 1189//1189 1187//1187
f 1189//1189 1190//1190 1191//1191
f 1191//1191 1193//1193 1192//1192
f 1190//1190 1184//1184 1194//1194
f 1188//1188 1192//1192 1193//1193
f 1191//1191 1194//1194 1193//1193
f 1193//1193 1195//1195 1197//1197
f 1188//1188 1193//1193 1197//1197
f 1194//1194 1195//1195 1193//1193
f 1194//1194 1196//1196 1195//1195
f 1188//1188 1197//1197 1198//1198
f 1196//1196 1184//1184 1185//1185
f 1196//1196 1198//1198 1197//1197
f 1212//1212 1200//1200 1202//1202
f 1209//1209 1212//1212 1202//1202
f 1199//1199 1201//1201 1200//1200
f 1201//1201 1205//1205 1202//1202
f 1209//1209 1202//1202 1205//1205
f 1201//1201 1204//1204 1203//1203
f 1205//1205 1206//1206 1209//1209
f 1204//1204 1199//1199 1207//1207
f 1204//1204 1206//1206 1203//1203
f 1207//1207 1208//1208 1206//1206
f 1208//1208 1210//1210 1211//1211
f 1208//1208 1212//1212 1209//1209
f 1207//1207 1199//1199 1210//1210
f 1211//1211 1210//1210 1200//1200
f 1215//1215 1216//1216 1214//1214
f 1226//1226 1217//1217 1220//1220
f 1215//1215 1218//1218 1216//1216
f 1217//1217 1218//1218 1220//1220
f 1218//1218 1213//1213 1219//1219
f 1219//1219 1223//1223 1220//1220
f 1226//1226 1220//1220 1223//1223
f 1221//1221 1222//1222 1219//1219
f 1223//1223 1224//1224 1226//1226
f 1221//1221 1213//1213 1225//1225
f 1221//1221 1224//1224 1222//1222
f 1224//1224 1225//1225 1214//1214
f 1214//1214 1217//1217 1226//1226
f 1225//1225 1213//1213 1215//1215
f 1240//1240 1228//1228 1231//1231
f 1238//1238 1227//1227 1229//1229
f 1237//1237 1240//1240 1231//1231
f 1229//1229 1230//1230 1228//1228
f 1230//1230 1234//1234 1231//1231
f 1229//1229 1227//1227 1233//1233
f 1237//1237 1231//1231 1234//1234
f 1230//1230 1233//1233 1232//1232
f 1234//1234 1235//1235 1237//1237
f 1233//1233 1235//1235 1232//1232
f 1227//1227 1236//1236 1235//1235
f 1236//1236 1238//1238 1239//1239
f 1236//1236 1240//1240 1237//1237
f 1239//1239 1238//1238 1228//1228
f 1242//1242 1241//1241 1245//1245
f 1245//1245 1246//1246 1243//1243
f 1244//1244 1246//1246 1248//1248
f 1246//1246 1241//1241 1247//1247
f 1247//1247 1251//1251 1248//1248
f 1249//1249 1250//1250 1247//1247
f 1251//1251 1252//1252 1255//1255
f 1249//1249 1241//1241 1253//1253
f 1248//1248 1251//1251 1255//1255
f 1249//1249 1252//1252 1250//1250
f 1252//1252 1253//1253 1254//1254
f 1254//1254 1244//1244 1255//1255
f 1253//1253 1241//1241 1242//1242
f 1248//1248 1255//1255 1244//1244
f 3//3 8//8 9//9
f 5//5 4//4 9//9
f 2//2 7//7 8//8
f 7//7 11//11 12//12
f 8//8 12//12 13//13
f 9//9 13//13 14//14
f 11//11 15//15 16//16
f 12//12 16//16 17//17
f 14//14 13//13 17//17
f 15//15 19//19 20//20
f 16//16 20//20 21//21
f 17//17 21//21 22//22
f 19//19 23//23 24//24
f 20//20 24//24 25//25
f 22//22 21//21 25//25
f 23//23 27//27 28//28
f 24//24 28//28 29//29
f 25//25 29//29 30//30
f 27//27 31//31 32//32
f 28//28 32//32 33//33
f 30//30 29//29 33//33
f 31//31 2//2 3//3
f 32//32 3//3 4//4
f 33//33 4//4 5//5
f 36//36 38//38 37//37
f 37//37 38//38 40//40
f 40//40 42//42 41//41
f 42//42 44//44 43//43
f 40//40 38//38 36//36
f 36//36 46//46 44//44
f 44//44 42//42 36//36
f 43//43 44//44 46//46
f 45//45 46//46 36//36
f 45//45 35//35 41//41
f 35//35 37//37 41//41
f 37//37 39//39 41//41
usemtl field_material_07
f 47//47 48//48 50//50
f 50//50 52//52 51//51
f 52//52 54//54 53//53
f 53//53 54//54 56//56
f 56//56 58//58 57//57
f 57//57 58//58 60//60
f 60//60 62//62 61//61
f 62//62 64//64 63//63
f 64//64 65//65 63//63
usemtl field_material_05
f 66//66 69//69 67//67
f 68//68 69//69 66//66
usemtl field_material_07
f 71//71 73//73 72//72
f 72//72 73//73 75//75
f 74//74 75//75 77//77
f 76//76 77//77 79//79
f 78//78 79//79 81//81
f 80//80 81//81 83//83
f 83//83 85//85 84//84
f 85//85 87//87 86//86
usemtl field_material_05
f 89//89 90//90 92//92
f 92//92 94//94 91//91
f 90//90 94//94 92//92
f 94//94 90//90 93//93
usemtl field_material_07
f 97//97 96//96 99//99
f 99//99 101//101 100//100
f 101//101 103//103 102//102
f 103//103 105//105 104//104
f 104//104 105//105 107//107
f 107//107 109//109 108//108
f 109//109 111//111 110//110
f 110//110 111//111 113//113
f 113//113 114//114 112//112
usemtl field_material_05
f 116//116 118//118 115//115
f 117//117 118//118 120//120
f 120//120 116//116 119//119
f 119//119 115//115 117//117
f 121//121 122//122 124//124
f 123//123 124//124 126//126
f 126//126 128//128 127//127
f 127//127 128//128 130//130
f 126//126 124//124 130//130
f 124//124 122//122 130//130
f 122//122 132//132 130//130
f 130//130 132//132 131//131
f 132//132 122//122 121//121
f 131//131 121//121 123//123
f 123//123 125//125 127//127
f 127//127 129//129 123//123
usemtl field_material_17
f 134//134 136//136 135//135
f 136//136 138//138 137//137
f 138//138 140//140 139//139
f 140//140 142//142 141//141
f 141//141 142//142 144//144
f 144//144 146//146 145//145
f 145//145 146//146 148//148
f 148//148 150//150 149//149
f 150//150 151//151 149//149
usemtl field_material_05
f 153//153 155//155 152//152
f 154//154 155//155 157//157
f 155//155 153//153 157//157
f 157//157 153//153 156//156
f 152//152 154//154 156//156
usemtl field_material_17
f 159//159 161//161 160//160
f 161//161 163//163 162//162
f 163//163 165//165 164//164
f 164//164 165//165 167//167
f 166//166 167//167 169//169
f 168//168 169//169 171//171
f 170//170 171//171 173//173
f 172//172 173//173 175//175
f 175//175 176//176 174//174
usemtl field_material_05
f 177//177 178//178 180//180
f 180//180 178//178 181//181
f 177//177 179//179 181//181
usemtl field_material_17
f 182//182 183//183 185//185
f 185//185 187//187 186//186
f 186//186 187//187 189//189
f 189//189 191//191 190//190
f 191//191 193//193 192//192
f 193//193 195//195 194//194
f 194//194 195//195 197//197
f 197//197 199//199 198//198
f 199//199 200//200 198//198
usemtl field_material_05
f 201//201 202//202 203//203
f 203//203 206//206 204//204
f 203//203 202//202 206//206
f 205//205 206//206 202//202
f 207//207 208//208 210//210
f 209//209 210//210 212//212
f 212//212 214//214 213//213
f 214//214 216//216 215//215
f 212//212 210//210 208//208
f 208//208 218//218 212//212
f 218//218 216//216 212//212
f 215//215 216//216 218//218
f 218//218 208//208 207//207
f 217//217 207//207 209//209
f 209//209 211//211 213//213
f 213//213 215//215 217//217
usemtl field_material_07
f 220//220 222//222 221//221
f 222//222 224//224 223//223
f 224//224 226//226 225//225
f 225//225 226//226 228//228
f 227//227 228//228 230//230
f 230//230 232//232 231//231
f 232//232 234//234 233//233
f 234//234 236//236 235//235
f 236//236 237//237 235//235
usemtl field_material_05
f 238//238 239//239 241//241
f 241//241 243//243 240//240
f 243//243 241//241 239//239
f 243//243 239//239 242//242
f 242//242 238//238 240//240
usemtl field_material_07
f 244//244 245//245 247//247
f 246//246 247//247 249//249
f 248//248 249//249 251//251
f 251//251 253//253 252//252
f 252//252 253//253 255//255
f 255//255 257//257 256//256
f 256//256 257//257 259//259
f 259//259 261//261 260//260
usemtl field_material_05
f 264//264 266//266 265//265
f 264//264 268//268 266//266
f 266//266 268//268 267//267
f 268//268 264//264 267//267
f 263//263 265//265 267//267
usemtl field_material_07
f 270//270 272//272 271//271
f 272//272 274//274 273//273
f 274//274 276//276 275//275
f 276//276 278//278 277//277
f 278//278 280//280 279//279
f 279//279 280//280 282//282
f 282//282 284//284 283//283
f 284//284 286//286 285//285
f 286//286 287//287 285//285
usemtl field_material_05
f 289//289 291//291 288//288
f 291//291 293//293 290//290
f 289//289 293//293 291//291
f 292//292 293//293 289//289
f 288//288 290//290 292//292
f 294//294 295//295 297//297
f 297//297 299//299 298//298
f 298//298 299//299 301//301
f 301//301 303//303 302//302
f 299//299 297//297 303//303
f 297//297 295//295 303//303
f 295//295 305//305 303//303
f 302//302 303//303 305//305
f 305//305 295//295 294//294
f 304//304 294//294 296//296
f 296//296 298//298 300//300
f 300//300 302//302 296//296
usemtl field_material_23
f 307//307 309//309 308//308
f 308//308 309//309 311//311
f 310//310 311//311 313//313
f 312//312 313//313 315//315
f 314//314 315//315 317//317
f 317//317 319//319 318//318
f 319//319 321//321 320//320
f 321//321 323//323 322//322
f 323//323 324//324 322//322
usemtl field_material_05
f 326//326 328//328 325//325
f 327//327 328//328 326//326
usemtl field_material_23
f 329//329 330//330 332//332
f 332//332 334//334 333//333
f 333//333 334//334 336//336
f 336//336 338//338 337//337
f 338//338 340//340 339//339
f 340//340 342//342 341//341
f 342//342 344//344 343//343
f 344//344 346//346 345//345
f 346//346 347//347 345//345
usemtl field_material_05
f 349//349 350//350 352//352
f 350//350 353//353 352//352
f 351//351 352//352 353//353
f 353//353 350//350 348//348
f 351//351 348//348 349//349
usemtl field_material_23
f 354//354 355//355 357//357
f 356//356 357//357 359//359
f 359//359 361//361 360//360
f 361//361 363//363 362//362
f 363//363 365//365 364//364
f 365//365 367//367 366//366
f 366//366 367//367 369//369
f 369//369 371//371 370//370
f 371//371 372//372 370//370
usemtl field_material_05
f 374//374 377//377 375//375
f 376//376 377//377 374//374
f 373//373 375//375 376//376
f 378//378 379//379 381//381
f 380//380 381//381 383//383
f 383//383 385//385 384//384
f 384//384 385//385 387//387
f 383//383 381//381 387//387
f 381//381 379//379 387//387
f 379//379 389//389 387//387
f 386//386 387//387 389//389
f 388//388 389//389 379//379
f 388//388 378//378 384//384
f 378//378 380//380 384//384
f 380//380 382//382 384//384
usemtl field_material_07
f 390//390 391//391 393//393
f 393//393 395//395 394//394
f 394//394 395//395 397//397
f 397//397 399//399 398//398
f 398//398 399//399 401//401
f 401//401 403//403 402//402
f 403//403 405//405 404//404
f 404//404 405//405 407//407
f 407//407 408//408 406//406
usemtl field_material_05
f 409//409 410//410 412//412
f 411//411 412//412 413//413
f 413//413 410//410 414//414
f 414//414 409//409 411//411
usemtl field_material_07
f 416//416 418//418 417//417
f 417//417 418//418 420//420
f 419//419 420//420 422//422
f 421//421 422//422 424//424
f 424//424 426//426 425//425
f 425//425 426//426 428//428
f 428//428 430//430 429//429
f 429//429 430//430 432//432
usemtl field_material_05
f 437//437 434//434 436//436
f 436//436 434//434 435//435
usemtl field_material_07
f 439//439 441//441 440//440
f 440//440 441//441 443//443
f 443//443 445//445 444//444
f 445//445 447//447 446//446
f 446//446 447//447 449//449
f 448//448 449//449 451//451
f 450//450 451//451 453//453
f 452//452 453//453 455//455
f 455//455 456//456 454//454
usemtl field_material_05
f 458//458 460//460 457//457
f 459//459 460//460 458//458
f 462//462 464//464 463//463
f 464//464 466//466 465//465
f 466//466 468//468 467//467
f 467//467 468//468 470//470
f 466//466 464//464 462//462
f 462//462 472//472 470//470
f 470//470 468//468 462//462
f 470//470 472//472 471//471
f 472//472 462//462 461//461
f 471//471 461//461 467//467
f 461//461 463//463 467//467
f 463//463 465//465 467//467
usemtl field_material_17
f 474//474 476//476 475//475
f 475//475 476//476 478//478
f 477//477 478//478 480//480
f 479//479 480//480 482//482
f 481//481 482//482 484//484
f 484//484 486//486 485//485
f 485//485 486//486 488//488
f 487//487 488//488 490//490
f 490//490 491//491 489//489
usemtl field_material_05
f 492//492 493//493 494//494
f 494//494 497//497 495//495
f 494//494 493//493 497//497
f 497//497 493//493 496//496
usemtl field_material_17
f 498//498 499//499 501//501
f 500//500 501//501 503//503
f 502//502 503//503 505//505
f 504//504 505//505 507//507
f 506//506 507//507 509//509
f 508//508 509//509 511//511
f 511//511 513//513 512//512
f 513//513 515//515 514//514
f 515//515 516//516 514//514
usemtl field_material_05
f 517//517 518//518 520//520
f 520//520 518//518 519//519
usemtl field_material_17
f 522//522 524//524 523//523
f 523//523 524//524 526//526
f 526//526 528//528 527//527
f 528//528 530//530 529//529
f 529//529 530//530 532//532
f 531//531 532//532 534//534
f 533//533 534//534 536//536
f 536//536 538//538 537//537
f 538//538 539//539 537//537
usemtl field_material_05
f 540//540 541//541 543//543
f 543//543 545//545 542//542
f 545//545 543//543 541//541
f 544//544 545//545 541//541
f 544//544 540//540 542//542
f 546//546 547//547 549//549
f 549//549 551//551 550//550
f 551//551 553//553 552//552
f 552//552 553//553 555//555
f 551//551 549//549 547//547
f 547//547 557//557 551//551
f 557//557 555//555 551//551
f 555//555 557//557 556//556
f 556//556 557//557 547//547
f 556//556 546//546 548//548
f 548//548 550//550 552//552
f 552//552 554//554 548//548
usemtl field_material_09
f 559//559 565//565 566//566
f 566//566 567//567 560//560
f 567//567 568//568 560//560
f 568//568 569//569 561//561
f 569//569 570//570 561//561
f 562//562 570//570 571//571
f 562//562 571//571 572//572
f 563//563 572//572 573//573
f 573//573 574//574 564//564
f 574//574 575//575 564//564
f 575//575 565//565 559//559
f 577//577 578//578 568//568
f 568//568 578//578 569//569
f 570//570 579//579 571//571
f 579//579 580//580 572//572
f 580//580 581//581 573//573
f 573//573 581//581 574//574
f 582//582 583//583 576//576
f 566//566 583//583 584//584
f 566//566 584//584 585//585
f 585//585 586//586 577//577
f 586//586 587//587 578//578
f 578//578 587//587 588//588
f 569//569 588//588 589//589
f 589//589 590//590 570//570
f 570//570 590//590 591//591
f 591//591 592//592 579//579
f 579//579 592//592 593//593
f 593//593 594//594 580//580
f 594//594 595//595 581//581
f 581//581 595//595 596//596
f 575//575 596//596 597//597
f 565//565 597//597 582//582
f 582//582 598//598 599//599
f 599//599 600//600 583//583
f 586//586 601//601 587//587
f 587//587 602//602 588//588
f 602//602 603//603 588//588
f 588//588 603//603 604//604
f 589//589 604//604 605//605
f 591//591 606//606 592//592
f 594//594 607//607 595//595
f 596//596 608//608 609//609
f 609//609 598//598 582//582
f 610//610 611//611 585//585
f 585//585 611//611 612//612
f 591//591 614//614 615//615
f 606//606 615//615 616//616
f 616//616 617//617 594//594
f 617//617 618//618 607//607
f 607//607 618//618 619//619
f 608//608 620//620 609//609
f 620//620 621//621 609//609
f 609//609 621//621 598//598
f 599//599 622//622 600//600
f 600//600 622//622 610//610
f 612//612 623//623 601//601
f 602//602 624//624 603//603
f 605//605 625//625 614//614
f 617//617 627//627 618//618
f 619//619 628//628 608//608
f 629//629 630//630 599//599
f 610//610 631//631 632//632
f 611//611 632//632 633//633
f 634//634 635//635 602//602
f 636//636 637//637 605//605
f 638//638 639//639 615//615
f 616//616 640//640 641//641
f 627//627 642//642 618//618
f 642//642 643//643 619//619
f 620//620 644//644 645//645
f 621//621 645//645 629//629
f 622//622 647//647 631//631
f 631//631 647//647 648//648
f 632//632 648//648 649//649
f 633//633 649//649 650//650
f 650//650 651//651 634//634
f 624//624 652//652 636//636
f 652//652 653//653 637//637
f 625//625 654//654 638//638
f 639//639 655//655 626//626
f 656//656 657//657 627//627
f 657//657 658//658 642//642
f 643//643 659//659 628//628
f 659//659 660//660 644//644
f 644//644 660//660 645//645
f 646//646 661//661 630//630
f 661//661 662//662 622//622
f 622//622 662//662 647//647
f 651//651 663//663 635//635
f 663//663 664//664 624//624
f 624//624 664//664 652//652
f 653//653 665//665 625//625
f 654//654 666//666 639//639
f 655//655 667//667 640//640
f 640//640 667//667 656//656
f 658//658 668//668 643//643
f 643//643 668//668 659//659
f 660//660 669//669 645//645
f 645//645 669//669 646//646
f 646//646 670//670 661//661
f 671//671 672//672 649//649
f 672//672 673//673 650//650
f 673//673 674//674 651//651
f 664//664 675//675 652//652
f 675//675 676//676 653//653
f 656//656 679//679 680//680
f 657//657 680//680 681//681
f 669//669 670//670 646//646
f 670//670 683//683 684//684
f 662//662 684//684 685//685
f 672//672 685//685 686//686
f 686//686 687//687 663//663
f 687//687 688//688 675//675
f 688//688 689//689 665//665
f 677//677 689//689 690//690
f 690//690 691//691 667//667
f 691//691 692//692 680//680
f 692//692 693//693 668//668
f 693//693 683//683 660//660
usemtl field_material_05
f 698//698 696//696 699//699
f 697//697 700//700 699//699
f 699//699 701//701 702//702
f 701//701 703//703 705//705
f 701//701 700//700 704//704
f 704//704 695//695 706//706
f 705//705 703//703 706//706
f 706//706 708//708 707//707
f 708//708 695//695 697//697
f 708//708 696//696 698//698
f 724//724 710//710 711//711
f 722//722 709//709 711//711
f 712//712 711//711 713//713
f 713//713 714//714 715//715
f 713//713 709//709 716//716
f 716//716 718//718 719//719
f 721//721 719//719 720//720
f 720//720 718//718 722//722
f 720//720 723//723 724//724
f 723//723 710//710 724//724
f 726//726 729//729 728//728
f 731//731 728//728 730//730
f 730//730 732//732 733//733
f 730//730 729//729 734//734
f 732//732 735//735 737//737
f 737//737 735//735 736//736
f 734//734 725//725 736//736
f 725//725 738//738 739//739
f 737//737 736//736 739//739
f 739//739 741//741 740//740
f 741//741 738//738 726//726
f 746//746 743//743 745//745
f 746//746 745//745 747//747
f 744//744 748//748 747//747
f 747//747 749//749 750//750
f 749//749 751//751 754//754
f 749//749 748//748 752//752
f 754//754 751//751 753//753
f 752//752 742//742 755//755
f 754//754 753//753 755//755
f 755//755 757//757 756//756
f 757//757 742//742 744//744
f 757//757 743//743 746//746
f 772//772 759//759 760//760
f 759//759 761//761 760//760
f 763//763 760//760 762//762
f 762//762 764//764 766//766
f 762//762 761//761 758//758
f 764//764 765//765 766//766
f 764//764 758//758 767//767
f 767//767 768//768 769//769
f 770//770 765//765 769//769
f 769//769 771//771 772//772
f 771//771 768//768 759//759
f 771//771 759//759 772//772
usemtl field_material_29
f 774//774 776//776 775//775
f 776//776 773//773 777//777
f 778//778 773//773 780//780
f 778//778 780//780 779//779
f 780//780 774//774 781//781
f 783//783 784//784 785//785
f 784//784 782//782 786//786
f 787//787 788//788 789//789
f 787//787 782//782 788//788
f 788//788 783//783 790//790
f 792//792 794//794 793//793
f 794//794 791//791 795//795
f 796//796 791//791 797//797
f 797//797 792//792 798//798
f 801//801 799//799 800//800
f 800//800 803//803 802//802
f 803//803 804//804 805//805
f 804//804 799//799 806//806
f 808//808 807//807 809//809
f 809//809 811//811 810//810
f 811//811 813//813 812//812
f 813//813 807//807 814//814
f 816//816 822//822 817//817
f 817//817 815//815 818//818
f 819//819 815//815 821//821
f 819//819 821//821 820//820
f 821//821 822//822 823//823
f 825//825 824//824 826//826
f 826//826 828//828 827//827
f 828//828 830//830 829//829
f 830//830 824//824 831//831
f 833//833 834//834 835//835
f 834//834 832//832 836//836
f 837//837 832//832 838//838
f 837//837 838//838 839//839
f 838//838 833//833 840//840
f 842//842 843//843 844//844
f 843//843 841//841 845//845
f 846//846 847//847 848//848
f 846//846 841//841 847//847
f 847//847 842//842 849//849
f 852//852 850//850 851//851
f 851//851 854//854 853//853
f 854//854 855//855 856//856
f 855//855 850//850 857//857
f 859//859 858//858 861//861
f 859//859 861//861 860//860
f 861//861 863//863 862//862
f 863//863 865//865 864//864
f 865//865 858//858 866//866
f 869//869 867//867 868//868
f 868//868 871//871 870//870
f 871//871 872//872 873//873
f 872//872 867//867 874//874
f 876//876 878//878 877//877
f 878//878 875//875 879//879
f 880//880 875//875 881//881
f 881//881 876//876 882//882
f 884//884 885//885 886//886
f 885//885 883//883 887//887
f 889//889 883//883 888//888
f 888//888 884//884 890//890
usemtl field_material_05
f 891//891 892//892 894//894
f 893//893 894//894 896//896
f 895//895 896//896 898//898
f 898//898 900//900 899//899
f 896//896 894//894 900//900
f 894//894 892//892 900//900
f 892//892 902//902 900//900
f 899//899 900//900 902//902
f 902//902 892//892 891//891
f 901//901 891//891 897//897
f 891//891 893//893 897//897
f 893//893 895//895 897//897
usemtl field_material_13
f 909//909 914//914 904//904
f 904//904 914//914 915//915
f 918//918 910//910 906//906
f 906//906 910//910 911//911
f 907//907 911//911 912//912
f 913//913 914//914 909//909
f 915//915 916//916 905//905
f 905//905 916//916 917//917
f 908//908 912//912 927//927
f 908//908 927//927 913//913
f 920//920 921//921 914//914
f 914//914 921//921 922//922
f 915//915 922//922 916//916
f 918//918 917//917 923//923
f 910//910 923//923 924//924
f 924//924 925//925 911//911
f 916//916 929//929 930//930
f 931//931 932//932 917//917
f 932//932 924//924 923//923
f 924//924 933//933 925//925
f 933//933 940//940 925//925
f 925//925 940//940 919//919
f 927//927 928//928 913//913
f 935//935 936//936 921//921
f 921//921 936//936 937//937
f 938//938 939//939 924//924
f 928//928 942//942 935//935
f 936//936 943//943 937//937
f 932//932 946//946 938//938
f 946//946 947//947 938//938
f 938//938 947//947 939//939
f 940//940 948//948 934//934
f 934//934 949//949 941//941
f 942//942 951//951 935//935
f 951//951 952//952 936//936
f 943//943 953//953 937//937
f 955//955 956//956 939//939
f 956//956 957//957 933//933
f 957//957 948//948 940//940
f 949//949 959//959 941//941
f 941//941 959//959 950//950
f 942//942 960//960 951//951
f 943//943 961//961 953//953
f 953//953 962//962 944//944
f 962//962 963//963 954//954
f 963//963 964//964 954//954
f 954//954 964//964 945//945
f 945//945 965//965 946//946
f 946//946 965//965 947//947
f 957//957 966//966 948//948
f 948//948 966//966 967//967
f 948//948 967//967 958//958
f 950//950 968//968 960//960
f 943//943 969//969 961//961
f 953//953 961//961 962//962
f 964//964 973//973 945//945
f 955//955 970//970 956//956
f 957//957 970//970 966//966
f 958//958 967//967 971//971
f 949//949 971//971 959//959
f 959//959 968//968 950//950
f 960//960 972//972 951//951
f 965//965 974//974 947//947
f 960//960 975//975 976//976
f 969//969 976//976 977//977
f 962//962 977//977 978//978
f 978//978 979//979 973//973
f 979//979 980//980 974//974
f 966//966 980//980 981//981
f 967//967 981//981 982//982
f 982//982 975//975 968//968
usemtl field_material_05
f 995//995 984//984 985//985
f 993//993 986//986 985//985
f 985//985 988//988 989//989
f 985//985 986//986 983//983
f 988//988 990//990 992//992
f 988//988 983//983 991//991
f 992//992 990//990 994//994
f 991//991 993//993 994//994
f 994//994 984//984 995//995
f 998//998 1001//1001 1000//1000
f 999//999 997//997 1000//1000
f 1000//1000 1003//1003 1004//1004
f 1000//1000 1001//1001 1005//1005
f 1004//1004 1003//1003 1006//1006
f 1006//1006 1005//1005 996//996
f 1006//1006 996//996 998//998
f 1006//1006 997//997 999//999
f 1011//1011 1009//1009 1012//1012
f 1012//1012 1010//1010 1015//1015
f 1012//1012 1013//1013 1014//1014
f 1017//1017 1013//1013 1016//1016
f 1015//1015 1008//1008 1016//1016
f 1017//1017 1016//1016 1018//1018
f 1008//1008 1019//1019 1018//1018
f 1018//1018 1009//1009 1011//1011
f 1018//1018 1019//1019 1010//1010
f 1022//1022 1021//1021 1025//1025
f 1023//1023 1032//1032 1025//1025
f 1025//1025 1021//1021 1028//1028
f 1025//1025 1026//1026 1027//1027
f 1026//1026 1029//1029 1027//1027
f 1028//1028 1030//1030 1029//1029
f 1031//1031 1029//1029 1030//1030
f 1030//1030 1032//1032 1023//1023
f 1034//1034 1033//1033 1037//1037
f 1037//1037 1039//1039 1038//1038
f 1039//1039 1033//1033 1040//1040
f 1038//1038 1039//1039 1041//1041
f 1042//1042 1041//1041 1043//1043
f 1040//1040 1044//1044 1043//1043
f 1043//1043 1036//1036 1035//1035
f 1043//1043 1044//1044 1034//1034
f 1046//1046 1048//1048 1047//1047
f 1048//1048 1050//1050 1049//1049
f 1050//1050 1052//1052 1051//1051
f 1052//1052 1054//1054 1053//1053
f 1050//1050 1048//1048 1046//1046
f 1046//1046 1056//1056 1054//1054
f 1054//1054 1052//1052 1046//1046
f 1054//1054 1056//1056 1055//1055
f 1055//1055 1056//1056 1046//1046
f 1055//1055 1045//1045 1051//1051
f 1045//1045 1047//1047 1051//1051
f 1047//1047 1049//1049 1051//1051
usemtl field_material_03
f 1065//1065 1066//1066 1059//1059
f 1066//1066 1067//1067 1059//1059
f 1067//1067 1068//1068 1060//1060
f 1068//1068 1069//1069 1060//1060
f 1069//1069 1070//1070 1061//1061
f 1070//1070 1071//1071 1062//1062
f 1071//1071 1072//1072 1062//1062
f 1072//1072 1073//1073 1063//1063
f 1063//1063 1073//1073 1074//1074
f 1074//1074 1075//1075 1064//1064
f 1075//1075 1065//1065 1058//1058
f 1072//1072 1077//1077 1073//1073
f 1075//1075 1074//1074 1079//1079
f 1080//1080 1081//1081 1065//1065
f 1081//1081 1082//1082 1066//1066
f 1082//1082 1083//1083 1067//1067
f 1083//1083 1084//1084 1068//1068
f 1084//1084 1085//1085 1076//1076
f 1069//1069 1085//1085 1086//1086
f 1069//1069 1086//1086 1087//1087
f 1071//1071 1087//1087 1088//1088
f 1088//1088 1089//1089 1077//1077
f 1089//1089 1090//1090 1077//1077
f 1090//1090 1091//1091 1073//1073
f 1074//1074 1092//1092 1093//1093
f 1079//1079 1093//1093 1080//1080
f 1080//1080 1094//1094 1081//1081
f 1095//1095 1096//1096 1082//1082
f 1097//1097 1098//1098 1084//1084
f 1098//1098 1099//1099 1085//1085
f 1086//1086 1100//1100 1087//1087
f 1100//1100 1101//1101 1088//1088
f 1088//1088 1101//1101 1102//1102
f 1088//1088 1102//1102 1089//1089
f 1103//1103 1104//1104 1078//1078
f 1078//1078 1104//1104 1105//1105
f 1092//1092 1105//1105 1106//1106
f 1092//1092 1106//1106 1093//1093
f 1093//1093 1107//1107 1080//1080
f 1099//1099 1112//1112 1086//1086
f 1112//1112 1113//1113 1100//1100
f 1114//1114 1115//1115 1103//1103
f 1109//1109 1117//1117 1095//1095
f 1096//1096 1118//1118 1110//1110
f 1097//1097 1119//1119 1111//1111
f 1111//1111 1119//1119 1120//1120
f 1111//1111 1120//1120 1099//1099
f 1112//1112 1121//1121 1113//1113
f 1113//1113 1122//1122 1101//1101
f 1101//1101 1122//1122 1102//1102
f 1115//1115 1124//1124 1104//1104
f 1106//1106 1125//1125 1116//1116
f 1116//1116 1126//1126 1107//1107
f 1107//1107 1126//1126 1108//1108
f 1127//1127 1128//1128 1094//1094
f 1128//1128 1129//1129 1109//1109
f 1132//1132 1133//1133 1112//1112
f 1112//1112 1133//1133 1121//1121
f 1122//1122 1135//1135 1102//1102
f 1135//1135 1136//1136 1114//1114
f 1137//1137 1138//1138 1115//1115
f 1116//1116 1140//1140 1126//1126
f 1129//1129 1141//1141 1117//1117
f 1141//1141 1142//1142 1130//1130
f 1130//1130 1142//1142 1143//1143
f 1118//1118 1143//1143 1131//1131
f 1131//1131 1144//1144 1119//1119
f 1120//1120 1145//1145 1132//1132
f 1145//1145 1146//1146 1133//1133
f 1133//1133 1146//1146 1147//1147
f 1122//1122 1148//1148 1135//1135
f 1135//1135 1149//1149 1136//1136
f 1136//1136 1149//1149 1150//1150
f 1150//1150 1151//1151 1137//1137
f 1139//1139 1152//1152 1125//1125
f 1125//1125 1152//1152 1153//1153
f 1153//1153 1154//1154 1126//1126
f 1127//1127 1155//1155 1156//1156
f 1156//1156 1157//1157 1129//1129
f 1129//1129 1157//1157 1141//1141
f 1143//1143 1158//1158 1131//1131
f 1131//1131 1158//1158 1144//1144
f 1144//1144 1159//1159 1120//1120
f 1147//1147 1160//1160 1134//1134
f 1148//1148 1161//1161 1135//1135
f 1151//1151 1162//1162 1138//1138
f 1138//1138 1162//1162 1163//1163
f 1124//1124 1163//1163 1164//1164
f 1154//1154 1155//1155 1127//1127
f 1157//1157 1165//1165 1141//1141
f 1142//1142 1166//1166 1143//1143
f 1145//1145 1167//1167 1146//1146
f 1146//1146 1168//1168 1147//1147
f 1149//1149 1170//1170 1150//1150
f 1152//1152 1171//1171 1153//1153
f 1171//1171 1172//1172 1154//1154
f 1156//1156 1173//1173 1174//1174
f 1165//1165 1174//1174 1175//1175
f 1158//1158 1175//1175 1176//1176
f 1167//1167 1176//1176 1177//1177
f 1168//1168 1177//1177 1178//1178
f 1161//1161 1178//1178 1179//1179
f 1179//1179 1180//1180 1162//1162
f 1180//1180 1181//1181 1164//1164
f 1181//1181 1182//1182 1171//1171
f 1182//1182 1173//1173 1155//1155
usemtl field_material_05
f 1198//1198 1185//1185 1187//1187
f 1188//1188 1187//1187 1189//1189
f 1186//1186 1190//1190 1189//1189
f 1189//1189 1191//1191 1192//1192
f 1191//1191 1190//1190 1194//1194
f 1194//1194 1184//1184 1196//1196
f 1197//1197 1195//1195 1196//1196
f 1196//1196 1185//1185 1198//1198
f 1185//1185 1184//1184 1186//1186
f 1210//1210 1199//1199 1200//1200
f 1202//1202 1200//1200 1201//1201
f 1201//1201 1203//1203 1205//1205
f 1201//1201 1199//1199 1204//1204
f 1205//1205 1203//1203 1206//1206
f 1204//1204 1207//1207 1206//1206
f 1209//1209 1206//1206 1208//1208
f 1208//1208 1207//1207 1210//1210
f 1208//1208 1211//1211 1212//1212
f 1211//1211 1200//1200 1212//1212
f 1217//1217 1214//1214 1216//1216
f 1215//1215 1213//1213 1218//1218
f 1217//1217 1216//1216 1218//1218
f 1218//1218 1219//1219 1220//1220
f 1219//1219 1213//1213 1221//1221
f 1223//1223 1219//1219 1222//1222
f 1223//1223 1222//1222 1224//1224
f 1221//1221 1225//1225 1224//1224
f 1224//1224 1214//1214 1226//1226
f 1214//1214 1225//1225 1215//1215
f 1238//1238 1229//1229 1228//1228
f 1231//1231 1228//1228 1230//1230
f 1230//1230 1232//1232 1234//1234
f 1230//1230 1229//1229 1233//1233
f 1234//1234 1232//1232 1235//1235
f 1233//1233 1227//1227 1235//1235
f 1237//1237 1235//1235 1236//1236
f 1236//1236 1227//1227 1238//1238
f 1236//1236 1239//1239 1240//1240
f 1239//1239 1228//1228 1240//1240
f 1244//1244 1242//1242 1243//1243
f 1242//1242 1245//1245 1243//1243
f 1244//1244 1243//1243 1246//1246
f 1246//1246 1247//1247 1248//1248
f 1246//1246 1245//1245 1241//1241
f 1247//1247 1241//1241 1249//1249
f 1251//1251 1247//1247 1250//1250
f 1251//1251 1250//1250 1252//1252
f 1249//1249 1253//1253 1252//1252
f 1252//1252 1254//1254 1255//1255
f 1254//1254 1253//1253 1242//1242
f 1254//1254 1242//1242 1244//1244
