# Strawberry URP Gazebo mesh generated by export_gazebo_assets.py
mtllib plant_variant_03.mtl

o field_export_plant_variant_03
v 0.000000000 0.000000000 0.025000000
v 0.000000000 0.026450338 0.020225426
v 0.000000000 0.042797547 0.007725425
v 0.000000000 0.042797547 -0.007725425
v 0.000000000 0.026450338 -0.020225426
v 0.000000000 0.000000000 -0.025000000
v 0.018703211 0.018703211 0.020225426
v 0.030262435 0.030262435 0.007725425
v 0.030262435 0.030262435 -0.007725425
v 0.018703211 0.018703211 -0.020225426
v 0.026450334 0.000000000 0.020225426
v 0.042797547 0.000000000 0.007725425
v 0.042797547 0.000000000 -0.007725425
v 0.026450334 0.000000000 -0.020225426
v 0.018703211 -0.018703211 0.020225426
v 0.030262435 -0.030262435 0.007725425
v 0.030262435 -0.030262435 -0.007725425
v 0.018703211 -0.018703211 -0.020225426
v 0.000000000 -0.026450334 0.020225426
v 0.000000000 -0.042797547 0.007725425
v 0.000000000 -0.042797547 -0.007725425
v 0.000000000 -0.026450334 -0.020225426
v -0.018703211 -0.018703211 0.020225426
v -0.030262435 -0.030262435 0.007725425
v -0.030262435 -0.030262435 -0.007725425
v -0.018703211 -0.018703211 -0.020225426
v -0.026450334 0.000000000 0.020225426
v -0.042797547 0.000000000 0.007725425
v -0.042797547 0.000000000 -0.007725425
v -0.026450334 0.000000000 -0.020225426
v -0.018703211 0.018703211 0.020225426
v -0.030262435 0.030262435 0.007725425
v -0.030262435 0.030262435 -0.007725425
v -0.018703211 0.018703211 -0.020225426
v 0.002492305 0.003881902 0.005264945
v -0.114321738 -0.178062782 0.194712162
v 0.006347451 -0.001334228 0.002632484
v -0.110466599 -0.183278918 0.192079708
v 0.003855154 -0.005216122 -0.002632439
v -0.112958893 -0.187160805 0.186814785
v -0.002492283 -0.003881887 -0.005264901
v -0.119306326 -0.185826570 0.184182316
v -0.006347425 0.001334243 -0.002632439
v -0.123161480 -0.180610448 0.186814785
v -0.003855132 0.005216137 0.002632484
v -0.120669179 -0.176728547 0.192079708
v -0.099276535 -0.214465901 0.201490596
v -0.151970163 -0.180599302 0.205712989
v -0.103123084 -0.222749352 0.207175583
v -0.157223314 -0.188015372 0.211740643
v -0.095697761 -0.238391995 0.211062148
v -0.173950925 -0.188151076 0.217665255
v -0.105766781 -0.242959365 0.215055659
v -0.173488721 -0.199479818 0.220770121
v -0.101204962 -0.257094890 0.216287404
v -0.187996984 -0.201371744 0.223611027
v -0.115889050 -0.259054810 0.217562065
v -0.183610991 -0.215575248 0.223276541
v -0.115942292 -0.270582855 0.216074973
v -0.194195464 -0.220341951 0.222678095
v -0.133489892 -0.271035671 0.214694828
v -0.187590122 -0.236301690 0.219259888
v -0.139759913 -0.278823167 0.211433217
v -0.192481041 -0.245008349 0.215693772
v -0.177465469 -0.278511375 0.204491436
v -0.115374304 -0.182900116 0.189229250
v -0.169937879 -0.266484559 0.202773497
v -0.170043975 -0.266811758 0.200001374
v -0.118013851 -0.181164235 0.189518243
v -0.172308549 -0.265182763 0.201229230
v -0.163465023 -0.183758005 0.203267843
v -0.178793982 -0.137390897 0.199657977
v -0.170589074 -0.186463609 0.207966805
v -0.186367780 -0.138856858 0.204503030
v -0.174351215 -0.199227527 0.212552130
v -0.197174296 -0.130366817 0.207541972
v -0.183104396 -0.196808457 0.214656085
v -0.202855960 -0.137214944 0.210320204
v -0.187466234 -0.207500100 0.216178462
v -0.212779731 -0.131125405 0.210621610
v -0.197312742 -0.201500133 0.214896724
v -0.217064306 -0.141906619 0.210560828
v -0.202767909 -0.208610892 0.213033393
v -0.225590974 -0.139750183 0.208023235
v -0.213214114 -0.200538665 0.208688691
v -0.228992820 -0.152931899 0.205224931
v -0.220288962 -0.202536792 0.203952640
v -0.235672787 -0.156157881 0.200772151
v -0.241580933 -0.184621111 0.190901890
v -0.155792937 -0.157699406 0.190626532
v -0.230187356 -0.181020007 0.202927798
v -0.156602591 -0.156631202 0.187815323
v -0.230666816 -0.181178927 0.199644446
v -0.156822577 -0.154900625 0.189997002
v -0.050691560 -0.220171630 0.196890950
v -0.099285237 -0.225449026 0.199848980
v -0.048988748 -0.227755934 0.200243965
v -0.098859623 -0.233226001 0.203460097
v -0.036844406 -0.234161139 0.202247202
v -0.108980030 -0.242073298 0.206899166
v -0.040764213 -0.242249295 0.204194725
v -0.103191905 -0.249096647 0.208220631
v -0.031127211 -0.248762354 0.204050347
v -0.111134171 -0.257537872 0.209209934
v -0.039159317 -0.257122189 0.203784883
v -0.101587012 -0.263969541 0.207810789
v -0.033634610 -0.263906956 0.201427534
v -0.105770238 -0.271819115 0.206079513
v -0.044174057 -0.272374660 0.199014470
v -0.094044924 -0.277844727 0.202230603
v -0.044294082 -0.279635012 0.195038110
v -0.092862420 -0.284951508 0.198300198
v -0.067688994 -0.296543241 0.187006891
v -0.077293612 -0.207065076 0.191226304
v -0.069746263 -0.284776092 0.202767491
v -0.075694367 -0.207243055 0.188942954
v -0.067066923 -0.284601420 0.201996997
v -0.078767583 -0.207630277 0.188619092
v -0.069054171 -0.285166204 0.199756145
v -0.000193232 0.005139239 0.004748829
v 0.007375223 -0.196153343 0.222897798
v 0.005961281 0.002797410 0.002374426
v 0.013529736 -0.198495179 0.220523402
v 0.006154512 -0.002341807 -0.002374381
v 0.013722966 -0.203634396 0.215774596
v 0.000193230 -0.005139180 -0.004748784
v 0.007761684 -0.206431776 0.213400185
v -0.005961283 -0.002797350 -0.002374381
v 0.001607171 -0.204089940 0.215774596
v -0.006154514 0.002341866 0.002374426
v 0.001413940 -0.198950723 0.220523402
v 0.038907729 -0.218500838 0.231913418
v -0.023720993 -0.220813155 0.228218019
v 0.039814174 -0.227697521 0.236796200
v -0.024491705 -0.230115369 0.233186215
v 0.054287590 -0.236468196 0.241721720
v -0.038727537 -0.239965484 0.236500069
v 0.048214979 -0.246095195 0.244341403
v -0.032282263 -0.249121830 0.239822477
v 0.059810419 -0.255151391 0.246667564
v -0.043354373 -0.259030282 0.240876138
v 0.048816290 -0.265153706 0.246394902
v -0.031680953 -0.268180341 0.241875976
v 0.055490207 -0.274585217 0.245828718
v -0.037524920 -0.278082520 0.240607083
v 0.041618094 -0.284873068 0.242956713
v -0.022687785 -0.287290931 0.239346743
v 0.041318350 -0.294719040 0.239905685
v -0.021326201 -0.297042280 0.236534670
v 0.011119300 -0.315609455 0.230481967
v 0.008532288 -0.201097026 0.219475284
v 0.010576486 -0.301062226 0.231713101
v 0.008632237 -0.201426148 0.216703162
v 0.012897209 -0.301223665 0.229642436
v 0.005842943 -0.201383576 0.217931032
v 0.010274977 -0.301435024 0.228703156
v -0.028523451 -0.229091555 0.227937236
v -0.067692265 -0.199721038 0.226889446
v -0.032360833 -0.235182449 0.231749877
v -0.072604477 -0.205067739 0.230789363
v -0.027772550 -0.247674793 0.235203460
v -0.085982889 -0.204115421 0.233814120
v -0.036110409 -0.250576049 0.237477228
v -0.086486861 -0.212878868 0.236274868
v -0.033467300 -0.261785626 0.239041299
v -0.098029464 -0.213473126 0.237500355
v -0.045039758 -0.262451887 0.239259988
v -0.095416211 -0.224754691 0.238057628
v -0.045631256 -0.271426439 0.238768965
v -0.103841588 -0.227867082 0.237379625
v -0.059148893 -0.270809948 0.237098128
v -0.099392533 -0.240695238 0.236137614
v -0.064213552 -0.276556164 0.235032290
v -0.103423864 -0.247244135 0.233981788
v -0.092925683 -0.274316728 0.228858352
v -0.038273886 -0.203673318 0.219328299
v -0.086786129 -0.264764994 0.231469274
v -0.039548788 -0.203259483 0.216517121
v -0.084767498 -0.266570926 0.229932010
v -0.087110549 -0.265052468 0.228709713
v -0.040718317 -0.201965064 0.218698785
v 0.083746299 -0.194337308 0.229512542
v 0.046906844 -0.226408958 0.232995898
v 0.089520089 -0.199376136 0.234573349
v 0.051753338 -0.232338905 0.238381013
v 0.103174493 -0.197522044 0.237890124
v 0.048546847 -0.245200962 0.243397713
v 0.104612522 -0.206280693 0.240934283
v 0.057336606 -0.247543037 0.245700657
v 0.116259970 -0.206073180 0.241271317
v 0.055671439 -0.258954734 0.247379884
v 0.114467710 -0.217538446 0.241226360
v 0.067191795 -0.258800775 0.245992735
v 0.122884870 -0.220037550 0.238474265
v 0.068257220 -0.267716467 0.243981853
v 0.119085655 -0.233149394 0.235449567
v 0.081318900 -0.266112149 0.239257231
v 0.123135209 -0.239370272 0.230405301
v 0.086360022 -0.271466374 0.234302521
v 0.113570370 -0.267069012 0.219924286
v 0.055371806 -0.198555678 0.219328299
v 0.105108254 -0.258599609 0.231706008
v 0.054700360 -0.199715763 0.216517106
v 0.107059404 -0.257317543 0.229644731
v 0.105173804 -0.259154201 0.228709713
v 0.053189907 -0.200588569 0.218698785
v -0.003195025 0.002661429 0.005631052
v 0.152786672 -0.127270311 0.155544162
v 0.002282463 0.005988583 0.002815530
v 0.158264160 -0.123943150 0.152728632
v 0.005477481 0.003327161 -0.002815515
v 0.161459178 -0.126604572 0.147097588
v 0.003195010 -0.002661429 -0.005631037
v 0.159176707 -0.132593155 0.144282073
v -0.002282478 -0.005988587 -0.002815515
v 0.153699219 -0.135920316 0.147097588
v -0.005477495 -0.003327157 0.002815530
v 0.150504202 -0.133258894 0.152728632
v 0.192100242 -0.118200935 0.158686072
v 0.151964262 -0.166273519 0.163105041
v 0.200485021 -0.123707145 0.162743822
v 0.159346431 -0.173093602 0.167510062
v 0.217436075 -0.118839577 0.164932922
v 0.157931238 -0.190274537 0.171827048
v 0.221038476 -0.129803449 0.167252302
v 0.169541731 -0.191624761 0.173218623
v 0.235715389 -0.127256632 0.166708976
v 0.169717461 -0.206486464 0.174355373
v 0.235704675 -0.142118767 0.166231960
v 0.184207931 -0.203940079 0.172198281
v 0.246768475 -0.143470213 0.162892237
v 0.187263638 -0.214905173 0.169786364
v 0.244483620 -0.160653099 0.159682810
v 0.203345031 -0.210039556 0.164449036
v 0.250732809 -0.167446405 0.154524162
v 0.210647166 -0.215555370 0.158972502
v 0.243984774 -0.203739300 0.143805116
v 0.233512923 -0.192953020 0.162690967
v 0.157026410 -0.128573969 0.150465384
v 0.155930236 -0.130311966 0.148214310
v 0.155238241 -0.130575567 0.151239380
v 0.231916144 -0.195171773 0.161081180
v 0.152179047 -0.174994230 0.162615821
v 0.104181603 -0.184492886 0.160624832
v 0.154008791 -0.181785539 0.167416170
v 0.104735389 -0.191581964 0.165537015
v 0.166246057 -0.186606750 0.171901494
v 0.094974637 -0.200776786 0.169183388
v 0.162750736 -0.194666743 0.174665838
v 0.101070955 -0.206929788 0.172313541
v 0.172804981 -0.200156510 0.176696643
v 0.093756549 -0.215872750 0.173681945
v 0.165562451 -0.209213197 0.176773399
v 0.103882670 -0.221476242 0.174421102
v 0.171869487 -0.215699658 0.176116630
v 0.100598074 -0.229869694 0.173398539
v 0.162443936 -0.225424901 0.173738882
v 0.113170542 -0.235221326 0.171859741
v 0.163426578 -0.233171344 0.170842811
v 0.115422063 -0.242682993 0.169143647
v 0.142709687 -0.253292978 0.162565157
v 0.127562791 -0.165627390 0.150462881
v 0.142022610 -0.242158338 0.163233370
v 0.125949219 -0.166290432 0.148281202
v 0.142191231 -0.242557675 0.160473809
v 0.124620542 -0.166113630 0.151092410
v 0.139422327 -0.242916450 0.161696106
v 0.201961279 -0.070726573 0.164378569
v 0.201212585 -0.119483136 0.159891129
v 0.209682986 -0.070599504 0.169133589
v 0.208954901 -0.120678350 0.164780602
v 0.217509404 -0.059864283 0.173926532
v 0.216456264 -0.132300735 0.167630166
v 0.225034744 -0.065056808 0.175894395
v 0.224123329 -0.127744839 0.170445383
v 0.232683763 -0.056409132 0.177458495
v 0.231515706 -0.136749730 0.170475081
v 0.239997968 -0.065269396 0.175837308
v 0.239086568 -0.127957419 0.170388296
v 0.247435883 -0.060289454 0.173812360
v 0.246382743 -0.132725894 0.167515993
v 0.254572690 -0.071237266 0.168962330
v 0.253844619 -0.121316105 0.164609343
v 0.261826187 -0.071571074 0.164061517
v 0.261098176 -0.120330706 0.159620330
v 0.275778562 -0.095026903 0.149590045
v 0.186163500 -0.092250295 0.149408817
v 0.263826162 -0.094207093 0.163470104
v 0.264291644 -0.093898520 0.160473809
v 0.186269119 -0.094880432 0.148473814
v 0.185812771 -0.094558463 0.151470095
v 0.264109612 -0.096524477 0.161408827
v -0.004559942 -0.001475628 0.005101949
v 0.203015774 0.065697908 0.210054308
v -0.004146464 0.005029880 0.002550989
v 0.203429252 0.072203413 0.207503349
v 0.000413455 0.006505515 -0.002550937
v 0.207989156 0.073679045 0.202401429
v 0.004559897 0.001475643 -0.005101904
v 0.212135613 0.068649173 0.199850455
v 0.004146419 -0.005029865 -0.002550945
v 0.211722136 0.062143669 0.202401415
v -0.000413500 -0.006505501 0.002550982
v 0.207162201 0.060668033 0.207503349
v 0.215755299 0.103291810 0.211397439
v 0.235001981 0.043651659 0.215120152
v 0.224397361 0.107180446 0.214725956
v 0.244204596 0.045973286 0.218660563
v 0.228942171 0.123929150 0.216713443
v 0.257592320 0.035396166 0.222404644
v 0.239880741 0.121020213 0.219156772
v 0.264675170 0.044401910 0.224082053
v 0.245450050 0.134814560 0.219625369
v 0.277226448 0.036620982 0.225937590
v 0.258052647 0.126990438 0.220550895
v 0.282847106 0.050372139 0.225476176
v 0.265285999 0.135869607 0.219501689
v 0.293936133 0.047336623 0.225192890
v 0.278913081 0.125091121 0.218908325
v 0.298720330 0.063883968 0.222842932
v 0.288412958 0.127147987 0.216830298
v 0.307673275 0.067527086 0.220753491
v 0.316597849 0.102952048 0.213336959
v 0.206985533 0.068781883 0.205504656
v 0.302267671 0.098836884 0.218278646
v 0.207869723 0.066927031 0.203253582
v 0.302557200 0.099022552 0.215506509
v 0.207723066 0.066201195 0.206278652
v 0.303274721 0.096326806 0.216734380
v 0.243940488 0.039861549 0.215690315
v 0.226354048 -0.005797442 0.213714898
v 0.250782698 0.037766762 0.219699115
v 0.232755333 -0.009125106 0.217818767
v 0.261491239 0.045527313 0.223536626
v 0.235415593 -0.022299338 0.220816806
v 0.266505748 0.038260389 0.225861013
v 0.243939340 -0.020438224 0.223507226
v 0.276546657 0.043826468 0.227684438
v 0.247625664 -0.031401332 0.224667817
v 0.280330807 0.032867901 0.227793828
v 0.257764399 -0.025830708 0.225440040
v 0.289141357 0.034742340 0.227402255
v 0.263065726 -0.033084311 0.224682435
v 0.292257875 0.021589300 0.225497559
v 0.274230510 -0.025302567 0.223617211
v 0.299215555 0.018300660 0.223382920
v 0.281675100 -0.027374368 0.221413419
v 0.304985255 -0.009847964 0.216561958
v 0.222697616 0.024057368 0.204735383
v 0.295137495 -0.004283586 0.218131647
v 0.221522719 0.021124648 0.205023065
v 0.295085937 -0.005622979 0.215320453
v 0.294158310 -0.007100425 0.217502132
v 0.180589214 0.138642579 0.211352959
v 0.221452385 0.111935109 0.215207040
v 0.184027553 0.145578742 0.214475498
v 0.225997299 0.118211940 0.218594819
v 0.178669930 0.158222437 0.216103539
v 0.239376962 0.118637793 0.222061932
v 0.186798036 0.161990941 0.218042582
v 0.239335194 0.127733558 0.223199099
v 0.183479995 0.173131913 0.217728749
v 0.250811309 0.129227862 0.224337310
v 0.194993213 0.174507707 0.217701316
v 0.247530371 0.140250325 0.222857833
v 0.195060283 0.183255970 0.215420991
v 0.255767345 0.143671334 0.221379384
v 0.208613098 0.183129042 0.213451669
v 0.250582844 0.155762255 0.217571005
v 0.213370040 0.188670844 0.209792227
v 0.254238218 0.162017971 0.213938832
v 0.242297381 0.186938316 0.202923805
v 0.236199856 0.176621109 0.218509346
v 0.191675887 0.112862043 0.204735368
v 0.234228358 0.178091615 0.217502132
v 0.194297850 0.111099519 0.205023050
v 0.236122951 0.177267805 0.215261266
v -0.000600006 -0.005499236 0.004289359
v 0.016662305 0.152714759 0.209544599
v -0.006326419 -0.002092093 0.002144679
v 0.010935893 0.156121910 0.207399920
v -0.005726413 0.003407136 -0.002144665
v 0.011535900 0.161621138 0.203110576
v 0.000600006 0.005499221 -0.004289344
v 0.017862318 0.163713217 0.200965896
v 0.006326419 0.002092078 -0.002144665
v 0.023588732 0.160306081 0.203110576
v 0.005726412 -0.003407151 0.002144679
v 0.022988725 0.154806852 0.207399920
v -0.011660189 0.181889638 0.217097014
v 0.050738942 0.175009161 0.216462091
v -0.011373069 0.191948801 0.221408725
v 0.052697912 0.184958175 0.221004039
v -0.024574133 0.203405052 0.224891052
v 0.068101227 0.193293452 0.224305689
v -0.017261712 0.212478891 0.226764008
v 0.062941492 0.203728124 0.226257429
v -0.027505381 0.223307431 0.227097332
v 0.075282566 0.212092489 0.226448104
v -0.015192932 0.231508434 0.225579470
v 0.065010272 0.222757638 0.225072891
v -0.020436564 0.241464078 0.222521961
v 0.072238795 0.231352508 0.221936613
v -0.005166722 0.249037370 0.217855096
v 0.058904260 0.242046744 0.217450410
v -0.003384961 0.257964551 0.212065160
v 0.059024237 0.251167536 0.211874366
v 0.029740244 0.272330582 0.198169366
v 0.015547627 0.158427373 0.205037236
v 0.027126640 0.257571101 0.218581498
v 0.027075725 0.257911265 0.215809360
v 0.018332902 0.158271700 0.203809366
v 0.018209821 0.157950506 0.206581503
v 0.029829036 0.257462651 0.217037231
v 0.057265487 0.181458786 0.218243152
v 0.091748729 0.146707013 0.219286591
v 0.062094633 0.187371075 0.223470688
v 0.097513497 0.151719153 0.224817008
v 0.059471086 0.200740308 0.227475896
v 0.110702634 0.149171636 0.229423299
v 0.068208747 0.202630833 0.230382755
v 0.112545609 0.158002228 0.232068077
v 0.067264944 0.214218855 0.231214896
v 0.124086805 0.157023087 0.233374789
v 0.078814827 0.213181645 0.230755001
v 0.123151690 0.168553025 0.232440323
v 0.080683246 0.221841902 0.228220373
v 0.131914794 0.170273244 0.230167761
v 0.093912877 0.219023496 0.224587381
v 0.129331738 0.183371559 0.225933716
v 0.099703535 0.223658085 0.219422236
v 0.134211719 0.188950688 0.220950812
v 0.127623633 0.216321439 0.207508549
v 0.063790858 0.152923286 0.207034290
v 0.119859844 0.207257718 0.218575463
v 0.062933348 0.154284880 0.204750940
v 0.118053414 0.209244207 0.217804983
v 0.065151483 0.152122840 0.204427078
v 0.119733617 0.208042100 0.215564117
v -0.058863375 0.161887795 0.216536760
v -0.017782651 0.188268051 0.220325887
v -0.063763708 0.167519853 0.221664786
v -0.021618778 0.194612131 0.225809902
v -0.077471122 0.167501897 0.225045890
v -0.016510673 0.206689477 0.231041580
v -0.077583760 0.176254302 0.228330463
v -0.024827298 0.210168064 0.233519256
v -0.089131504 0.177690536 0.228891328
v -0.021519138 0.221154198 0.235541269
v -0.085725166 0.188775733 0.229267567
v -0.032968700 0.222689494 0.234456375
v -0.093753934 0.192544773 0.226920098
v -0.032793473 0.231732354 0.232915804
v -0.088187911 0.205084160 0.224476099
v -0.046042982 0.232176453 0.228621215
v -0.091411412 0.211998761 0.219997063
v -0.050378643 0.238382697 0.224236548
v -0.078219071 0.238424391 0.210896894
v -0.030854698 0.162314922 0.205804989
v -0.072345063 0.228228688 0.218575478
v -0.029327638 0.163706422 0.203564137
v -0.072052650 0.228967413 0.215564117
v -0.028534198 0.163665712 0.206575483
v -0.070152752 0.229778886 0.217804983
v 0.003021687 -0.003806770 0.005037680
v -0.108658925 0.136890873 0.178345233
v -0.003237326 -0.005672313 0.002518848
v -0.114917934 0.135025322 0.175826401
v -0.006258994 -0.001865543 -0.002518818
v -0.117939606 0.138832092 0.170788735
v -0.003021650 0.003806770 -0.005037650
v -0.114702262 0.144504413 0.168269902
v 0.003237363 0.005672313 -0.002518818
v -0.108443245 0.146369964 0.170788735
v 0.006259032 0.001865543 0.002518848
v -0.105421580 0.142563194 0.175826401
v -0.148471713 0.137449652 0.185901687
v -0.099317402 0.176374644 0.182724506
v -0.155188590 0.144885123 0.190053627
v -0.104762189 0.184911728 0.187024832
v -0.172502145 0.143826053 0.193965822
v -0.099562973 0.201722458 0.189584807
v -0.173619688 0.155450821 0.195491955
v -0.110496596 0.205555588 0.191700548
v -0.188497573 0.155961335 0.196268305
v -0.107599400 0.220175326 0.191409260
v -0.185563907 0.170411468 0.194342941
v -0.122440815 0.220516235 0.190551534
v -0.196390569 0.173747346 0.191667810
v -0.123451419 0.231643751 0.187286809
v -0.191021249 0.189767063 0.186606616
v -0.140594840 0.229793668 0.183577821
v -0.196228549 0.197264820 0.181223601
v -0.147112757 0.236237317 0.178076699
v -0.183367133 0.230380237 0.166436091
v -0.112980209 0.139581427 0.173859820
v -0.174316794 0.218413502 0.186871648
v -0.111552693 0.141059428 0.171608746
v -0.174788311 0.218500376 0.183861688
v -0.110821486 0.141176358 0.174633816
v -0.172659621 0.220046163 0.184800968
v -0.098529465 0.185816586 0.183095843
v -0.049718127 0.185305461 0.179206401
v -0.098876446 0.193533525 0.186134517
v -0.048754457 0.193078727 0.182268143
v -0.109813206 0.201327175 0.189355314
v -0.037314355 0.200669333 0.183762789
v -0.104759365 0.208895177 0.190357849
v -0.042017329 0.208325878 0.185517952
v -0.113502845 0.216498554 0.191326350
v -0.033093028 0.215768933 0.185123578
v -0.104666576 0.223849416 0.189801648
v -0.041924544 0.223280102 0.184961766
v -0.109627634 0.231235623 0.188242927
v -0.037128780 0.230577797 0.182650402
v -0.098598078 0.238396227 0.184465945
v -0.048476096 0.237941414 0.180599555
v -0.098166510 0.245587200 0.180702433
v -0.049336676 0.245140761 0.177065879
v -0.074263833 0.259612590 0.169982418
v -0.074870490 0.169644400 0.175086617
v -0.076437548 0.170009926 0.172803268
v -0.074536443 0.247707948 0.186674789
v -0.073340118 0.170031637 0.172479406
v -0.073832840 0.248172089 0.183616459
v -0.167097688 0.091559395 0.188723996
v -0.156406865 0.139216378 0.185198769
v -0.173988491 0.092818566 0.194279030
v -0.163049012 0.141768456 0.190872461
v -0.183284387 0.083747208 0.199690789
v -0.167461008 0.154550686 0.194763362
v -0.189210951 0.090302929 0.202649012
v -0.175517052 0.151577741 0.198384717
v -0.198283538 0.083395556 0.205020577
v -0.180733532 0.161925003 0.199555486
v -0.203658640 0.093668848 0.204619169
v -0.189964756 0.154943675 0.200354874
v -0.212179780 0.090479061 0.203631118
v -0.196356386 0.161282539 0.198703706
v -0.217331588 0.102916345 0.200189531
v -0.206392109 0.151866242 0.196782976
v -0.224895060 0.105011970 0.196352318
v -0.214225903 0.152700365 0.193226799
v -0.235108063 0.131724268 0.185132757
v -0.148783982 0.109788053 0.173857316
v -0.224393085 0.128439546 0.186788097
v -0.148738161 0.111531943 0.171675637
v -0.224886045 0.128549710 0.183504760
v -0.148039386 0.112675779 0.174486831
v 0.004934333 -0.001088738 0.004844300
v -0.157273948 0.034701601 0.178110987
v 0.001161002 -0.006464167 0.002422161
v -0.161047280 0.029326174 0.175688863
v -0.003773324 -0.005375436 -0.002422132
v -0.165981621 0.030414902 0.170844555
v -0.004934318 0.001088720 -0.004844271
v -0.167142600 0.036879059 0.168422431
v -0.001160987 0.006464147 -0.002422132
v -0.163369268 0.042254485 0.170844555
v 0.003773339 0.005375418 0.002422161
v -0.158434957 0.041165754 0.175688863
v -0.187864840 0.008497111 0.180410177
v -0.174337357 0.069548517 0.185984388
v -0.197434798 0.009390762 0.184256658
v -0.183605790 0.072066352 0.190143302
v -0.209935337 -0.002827976 0.186190873
v -0.189932391 0.087829024 0.194705591
v -0.217984647 0.005141016 0.188938916
v -0.200673699 0.083597481 0.196307749
v -0.229796916 -0.003928773 0.188879579
v -0.207611293 0.096620575 0.198323429
v -0.236713424 0.009206049 0.189656109
v -0.219402462 0.087662518 0.197024941
v -0.247392863 0.005302090 0.187625229
v -0.227389932 0.095959082 0.196139961
v -0.253621101 0.021585861 0.186408207
v -0.239792094 0.084261447 0.192294866
v -0.262724966 0.024753200 0.183219299
v -0.249272466 0.085817352 0.188810930
v -0.274561733 0.060122278 0.177583531
v -0.161998838 0.035744105 0.175053909
v -0.259447336 0.058544774 0.186451375
v -0.162605971 0.034269985 0.172760144
v -0.260163635 0.055650532 0.185818985
v -0.161976784 0.037302766 0.172434807
v -0.260051608 0.057378892 0.183627367
v -0.180502668 0.076857030 0.183802962
v -0.142289430 0.107332900 0.186788499
v -0.185666189 0.081779502 0.188620254
v -0.146457970 0.113074802 0.191889554
v -0.199084163 0.080206893 0.192027807
v -0.142371491 0.125473917 0.196756661
v -0.199938014 0.088793993 0.195310861
v -0.150857687 0.127969027 0.199403331
v -0.211523190 0.088961966 0.196391791
v -0.148622125 0.139168456 0.201636672
v -0.209292576 0.100309022 0.197271287
v -0.160212249 0.139484063 0.201363757
v -0.217793271 0.103236958 0.195948660
v -0.161080599 0.148503989 0.200677529
v -0.213729858 0.116324596 0.194501549
v -0.174521640 0.147619903 0.197770849
v -0.217911422 0.122915879 0.191572979
v -0.179724514 0.153418526 0.194594055
v -0.208224401 0.150705352 0.185031965
v -0.153366759 0.080552354 0.173816487
v -0.201171249 0.141997650 0.186823711
v -0.152238205 0.081882611 0.171634808
v -0.201705232 0.142161220 0.183827415
v -0.150976837 0.082336046 0.174446002
v -0.199561298 0.143688425 0.184762433
v -0.173944399 -0.039023422 0.185455620
v -0.195767596 0.004752343 0.187766731
v -0.180016249 -0.043087661 0.190714642
v -0.202431902 0.001834801 0.193337500
v -0.181424975 -0.056574043 0.194563314
v -0.213848054 0.008403968 0.198357150
v -0.190108359 -0.055623200 0.197854668
v -0.218167976 0.000610143 0.201137930
v -0.192758784 -0.066920787 0.198869064
v -0.228719831 0.005147535 0.203076869
v -0.203413665 -0.062340535 0.199193627
v -0.231473282 -0.006107195 0.202476889
v -0.208035618 -0.070008717 0.197241232
v -0.240458697 -0.005030706 0.201035067
v -0.219932213 -0.063239679 0.194731504
v -0.242347866 -0.018317211 0.197354376
v -0.227189839 -0.065883115 0.190528914
v -0.249017179 -0.022136485 0.193281665
v -0.252142578 -0.050323721 0.181315348
v -0.171494946 -0.011599792 0.173816487
v -0.241582662 -0.045489341 0.186823711
v -0.172559619 -0.010217862 0.171634808
v -0.241854355 -0.045977291 0.183827415
v -0.172739103 -0.008889543 0.174446002
v -0.242899150 -0.043561269 0.184762433
v -0.000893714 0.002825215 0.039566405
v 0.201768160 -0.020259019 0.092701197
v 0.001155816 0.004671040 0.032336257
v 0.203671902 -0.014979209 0.087373719
v 0.001359902 -0.000136541 0.029672518
v 0.204487950 -0.020532107 0.082046241
v 0.000204094 -0.004807578 0.032336257
v -0.001155816 -0.004671034 0.037663735
v 0.202584237 -0.025811916 0.087373719
v 0.203128055 -0.020395560 -0.022200417
v 0.215270296 -0.017142057 -0.015468605
v 0.206877366 -0.007718496 -0.014602662
v 0.195082098 -0.009909868 -0.014857752
v 0.191027746 -0.024063502 -0.015477537
v 0.200036526 -0.033248879 -0.014602661
v 0.211389244 -0.030520806 -0.014917474
v 0.225310743 -0.018796498 -0.005539595
v 0.218768373 -0.005477428 -0.006842760
v 0.206036910 0.001699402 -0.005318033
v 0.194097295 0.000815392 -0.004250586
v 0.185169667 -0.006517175 -0.004733955
v 0.180550933 -0.017106518 -0.004555059
v 0.182130381 -0.028741116 -0.004896958
v 0.188991144 -0.038303427 -0.004555052
v 0.199609101 -0.042835452 -0.004722837
v 0.211300507 -0.041588575 -0.004722814
v 0.221241876 -0.031320963 -0.007470702
v 0.227322534 -0.010373889 0.000189267
v 0.219414636 0.001155164 0.001129245
v 0.224709511 -0.036160368 0.000845356
v 0.237060875 -0.025312578 0.008831625
v 0.235152483 -0.007758721 0.009192979
v 0.224679947 0.006359266 0.009024782
v 0.214644715 0.011989803 0.009616893
v 0.198725224 0.013500489 0.008908266
v 0.181576192 0.006359271 0.009024774
v 0.171405122 -0.007646307 0.008835911
v 0.168924183 -0.024313213 0.009192972
v 0.173717573 -0.037375689 0.009222910
v 0.181712508 -0.047351591 0.009192973
v 0.194338471 -0.053198673 0.009222900
v 0.207869768 -0.054602467 0.009194471
v 0.224543631 -0.047351580 0.009192979
v 0.232510418 -0.037580609 0.009410975
v 0.239985019 -0.025108416 0.016272530
v 0.243139252 -0.010375912 0.024596412
v 0.232522398 0.002333723 0.016272558
v 0.213836715 0.019569658 0.024732938
v 0.192570731 0.019569198 0.024675567
v 0.182480246 0.015367533 0.024886280
v 0.174202845 0.008946204 0.024369542
v 0.168256149 -0.005951138 0.017508361
v 0.161780730 -0.020395577 0.024639035
v 0.163284719 -0.031157391 0.024848208
v 0.180974722 -0.049966112 0.015769398
v 0.202618703 -0.061730836 0.024809763
v 0.213829532 -0.060334008 0.024639029
v 0.223835438 -0.056095883 0.024848187
v 0.232329369 -0.049596880 0.024619758
v 0.244590849 -0.020042602 0.024649624
v 0.238951877 0.000365321 0.024575900
v 0.232602149 0.008742983 0.024577441
v 0.224056244 0.015378557 0.024577420
v 0.203128055 0.020986078 0.024473554
v 0.167196482 0.000349553 0.024590012
v 0.162986740 -0.010005115 0.024649613
v 0.170280829 -0.046194624 0.024191206
v 0.186918259 -0.058957841 0.024471901
v 0.241540119 -0.036784437 0.024186801
v 0.247466892 -0.008953367 0.043385483
v 0.171221584 0.011850182 0.040986665
v 0.157338575 -0.019972123 0.043385476
v 0.163838625 -0.043079313 0.040835351
v 0.191381037 -0.064236008 0.040912934
v 0.214875087 -0.064236008 0.040912930
v 0.246948510 -0.032181762 0.040876336
v 0.248541281 -0.020439386 0.040537026
v 0.242978439 0.002028494 0.044609923
v 0.235273644 0.011682336 0.040550254
v 0.226656914 0.018859759 0.043978594
v 0.214921787 0.023459492 0.040540855
v 0.203128055 0.025377458 0.045282409
v 0.191420585 0.023482265 0.040550217
v 0.180198312 0.019319862 0.044072326
v 0.163819775 0.002346824 0.040540870
v 0.159273595 -0.008599436 0.040537085
v 0.159275010 -0.032195501 0.040550239
v 0.170982480 -0.052473441 0.040550232
v 0.180272087 -0.059983287 0.042882577
v 0.202628925 -0.066187449 0.043527406
v 0.225875944 -0.059700295 0.040550206
v 0.235494480 -0.052761972 0.045282379
v 0.243034571 -0.042859253 0.043527354
v 0.248080924 -0.020434126 0.056369279
v 0.234913051 0.011394542 0.056312032
v 0.214759633 0.023027962 0.056312047
v 0.191489547 0.023026098 0.056312069
v 0.171311602 0.011354514 0.056395151
v 0.164178193 0.002037933 0.056395154
v 0.159704551 -0.008763986 0.056312114
v 0.159716889 -0.032067504 0.056369200
v 0.164216995 -0.042905152 0.056369904
v 0.171343029 -0.052185610 0.056312080
v 0.192064866 -0.061683990 0.071228921
v 0.213925213 -0.061686125 0.071590081
v 0.225561544 -0.059345435 0.056395106
v 0.246539235 -0.032067481 0.056369182
v 0.243725762 -0.009443857 0.072789460
v 0.239567295 0.000467179 0.073066048
v 0.223854244 0.016113421 0.073075242
v 0.203368500 0.021562561 0.073116176
v 0.182174966 0.015896235 0.073337786
v 0.161139384 -0.020243561 0.073066056
v 0.182147726 -0.056734554 0.073245928
v 0.202976078 -0.062384244 0.073066041
v 0.232760191 -0.050027702 0.073337778
v 0.239567310 -0.041258298 0.073066041
v 0.244825840 -0.019876711 0.073550709
v 0.232634664 0.009111067 0.073634341
v 0.213968173 0.020060293 0.073081344
v 0.192613766 0.020058766 0.073388785
v 0.173493460 0.008987851 0.073502757
v 0.166992486 0.000641270 0.073203221
v 0.162836447 -0.009274056 0.073388830
v 0.162863448 -0.030996084 0.073787272
v 0.167075887 -0.041415453 0.073502749
v 0.173512310 -0.050011296 0.073081337
v 0.223840237 -0.056625403 0.073502727
v 0.243539304 -0.030686539 0.073550723
v 0.235679135 -0.025463749 0.087382898
v 0.233664751 -0.007746877 0.087378472
v 0.218839884 0.009051079 0.087402768
v 0.198059902 0.012155517 0.087382898
v 0.183129013 0.005667673 0.087385960
v 0.172591358 -0.007746866 0.087378472
v 0.171044067 -0.028992422 0.087404780
v 0.186348721 -0.049458262 0.087399922
v 0.208196238 -0.052946638 0.087382898
v 0.226615161 -0.043882668 0.087404780
v 0.203128055 -0.020395560 0.089017324
v 0.215793386 -0.026348801 0.089703947
v 0.218570724 0.001405848 0.085373707
v 0.222745866 -0.004979637 0.085373707
v 0.222319186 -0.012967763 0.088739611
v 0.224475265 -0.020395560 0.085373707
v 0.221348062 -0.014442339 0.081043474
v 0.222745866 -0.035811484 0.085373707
v 0.219724938 -0.035056084 0.088858776
v 0.218570724 -0.042196967 0.085373707
v 0.219724938 -0.035056084 0.081888646
v 0.214395583 -0.035811484 0.085373707
v 0.214822277 -0.027823376 0.082007810
v 0.212666184 -0.020395560 0.085373707
v 0.217416525 -0.005735037 0.088858776
v 0.214395583 -0.004979638 0.085373707
v 0.217416525 -0.005735027 0.081888646
v 0.212703690 -0.010189755 0.089703947
v 0.187165737 0.001028292 0.085373707
v 0.194528878 0.003025869 0.085373707
v 0.194313794 -0.000080642 0.081888646
v 0.201994210 0.000151593 0.088739611
v 0.209724709 -0.000093154 0.085373707
v 0.223851711 -0.006501695 0.085373707
v 0.216122672 -0.004439021 0.082007810
v 0.222199753 -0.009141341 0.088858776
v 0.228634477 -0.012445718 0.085373707
v 0.221271336 -0.014443294 0.085373707
v 0.221486419 -0.011336784 0.081888646
v 0.206075504 -0.011324272 0.085373707
v 0.201380044 -0.006510484 0.081043474
v 0.193600461 -0.002276086 0.088858776
v 0.191948503 -0.004915731 0.085373707
v 0.196911424 -0.006212272 0.089791022
v 0.178222507 -0.028402502 0.086323231
v 0.178195670 -0.021336246 0.085373707
v 0.184357956 -0.016424894 0.080956399
v 0.183236182 -0.015124482 0.088739611
v 0.185857803 -0.007847983 0.085373707
v 0.196318164 0.003607243 0.085373707
v 0.191968039 -0.003106102 0.082007810
v 0.198318139 0.001220441 0.088858776
v 0.203046858 0.005765314 0.084424183
v 0.203073695 -0.001300935 0.085373707
v 0.189301342 -0.019531079 0.088739611
v 0.195411563 -0.014789195 0.085373707
v 0.198033199 -0.007512678 0.082007810
v 0.184951201 -0.026244422 0.085373707
v 0.182951227 -0.023857627 0.081888646
v 0.184357956 -0.024366219 0.089791022
v 0.199695945 -0.041944273 0.088555686
v 0.203046873 -0.046556436 0.084424183
v 0.196318179 -0.044398364 0.085373707
v 0.191968054 -0.037685025 0.088739611
v 0.185857803 -0.032943137 0.085373707
v 0.191968054 -0.037685022 0.082007810
v 0.178195670 -0.019454878 0.085373707
v 0.184357956 -0.024366224 0.080956399
v 0.182951242 -0.016933506 0.088858776
v 0.177820131 -0.011834823 0.085373707
v 0.182951227 -0.016933495 0.081888646
v 0.184951186 -0.014546698 0.085373707
v 0.198033184 -0.033278413 0.088739611
v 0.195411563 -0.026001923 0.085373707
v 0.198033184 -0.033278413 0.082007810
v 0.203073695 -0.039490182 0.085373707
v 0.203096524 -0.039563447 0.089703947
v 0.228634477 -0.028345399 0.085373707
v 0.222199738 -0.031649780 0.088858783
v 0.223851711 -0.034289423 0.085373707
v 0.209724709 -0.040697966 0.085373707
v 0.214420184 -0.035884175 0.081043474
v 0.194528893 -0.043816991 0.085373707
v 0.193600491 -0.038515035 0.088858783
v 0.187165737 -0.041819416 0.085373707
v 0.194313794 -0.040710475 0.081888646
v 0.191948503 -0.035875391 0.085373707
v 0.199677542 -0.033812717 0.082007810
v 0.213806018 -0.029222101 0.088739611
v 0.206075504 -0.029466849 0.085373707
v 0.221271321 -0.026347823 0.085373707
v 0.221486434 -0.029454339 0.081888646
v 0.238455147 -0.022910109 0.014307842
v 0.237145796 -0.020538241 0.012812238
v 0.240259081 -0.021401901 0.012137219
v 0.238455147 -0.021723690 0.006154419
v 0.240259081 -0.023231899 0.008325040
v 0.235475898 -0.023231901 0.012137208
v 0.237145796 -0.024095561 0.007650022
v 0.235475898 -0.021401899 0.008325052
v 0.238581330 -0.004027149 0.044677466
v 0.239890680 -0.002841695 0.038019650
v 0.241560563 -0.003705352 0.042506840
v 0.241560563 -0.005535365 0.038694672
v 0.239890680 -0.006399020 0.043181863
v 0.238581330 -0.005213568 0.036524046
v 0.236777380 -0.005535356 0.042506840
v 0.236777380 -0.003705361 0.038694672
v 0.224085972 0.012590307 0.045093849
v 0.224477127 0.014945379 0.043583039
v 0.225335166 0.014401195 0.038356204
v 0.225889906 0.012268512 0.039111055
v 0.222776636 0.011404856 0.038436029
v 0.220969513 0.013183518 0.043319914
v 0.222560957 0.013514141 0.036902055
v 0.215934888 0.012639963 0.056906626
v 0.214097828 0.014267974 0.056120362
v 0.216068923 0.015011832 0.050248805
v 0.217738837 0.014148169 0.054735996
v 0.217212975 0.011521109 0.051237650
v 0.214759573 0.012639963 0.048753206
v 0.212955639 0.012318177 0.054736003
v 0.213109359 0.014172309 0.050738957
v 0.193699509 0.017235843 0.029836135
v 0.192390159 0.019607712 0.028340532
v 0.195503443 0.018744051 0.027665513
v 0.193699509 0.018422261 0.021682709
v 0.195503443 0.016914053 0.023853332
v 0.190720260 0.016914049 0.027665501
v 0.192390159 0.016050391 0.023178313
v 0.190720260 0.018744053 0.023853343
v 0.177859053 0.004136422 0.017056609
v 0.176549703 0.006508292 0.015561003
v 0.177859053 0.005322840 0.008903184
v 0.179663002 0.005644628 0.014885978
v 0.179663002 0.003814633 0.011073814
v 0.176549703 0.002950968 0.010398788
v 0.174879804 0.003814627 0.014885977
v 0.174879804 0.005644634 0.011073816
v 0.169060409 0.001445373 0.030962855
v 0.172039643 0.001767165 0.028792227
v 0.170369744 0.002630826 0.024305034
v 0.172039643 -0.000062842 0.024980063
v 0.170369744 -0.000926500 0.029467253
v 0.167256474 -0.000062846 0.028792230
v 0.169060409 0.000258951 0.022809433
v 0.167256474 0.001767171 0.024980057
v 0.163330629 -0.015091107 0.045481045
v 0.164971620 -0.013312444 0.038651977
v 0.166641533 -0.014176105 0.043139167
v 0.165187284 -0.015421732 0.037118003
v 0.165906295 -0.016814383 0.043085057
v 0.162193954 -0.016317612 0.038763490
v 0.162012056 -0.014151962 0.039142132
v 0.171836302 -0.040484503 0.053786188
v 0.174815550 -0.040162712 0.051615562
v 0.173145652 -0.039299048 0.047128368
v 0.174661830 -0.042016856 0.047618531
v 0.173402756 -0.042839572 0.052275378
v 0.170032352 -0.041992709 0.051615562
v 0.171836302 -0.041670922 0.045632768
v 0.170032352 -0.040162712 0.047803394
v 0.179723069 -0.051380802 0.044523705
v 0.177147403 -0.049657527 0.042127717
v 0.180859745 -0.050154299 0.037806142
v 0.181041643 -0.052319944 0.038184788
v 0.178082079 -0.053159464 0.037694637
v 0.176412165 -0.052295804 0.042181827
v 0.177866414 -0.051050179 0.036160663
v 0.195765749 -0.054677807 0.056928948
v 0.196965143 -0.053418413 0.052852236
v 0.196598247 -0.054896373 0.049070630
v 0.197415978 -0.056210157 0.054943189
v 0.194199279 -0.057032872 0.055418141
v 0.193341240 -0.056488685 0.050191298
v 0.192940220 -0.054331880 0.054943196
v 0.194240734 -0.054940391 0.048737153
v 0.209995806 -0.055681728 0.057068381
v 0.207420141 -0.053958453 0.054672394
v 0.211132482 -0.054455224 0.050350826
v 0.211314365 -0.056620877 0.050729465
v 0.208354801 -0.057460390 0.050239313
v 0.206684902 -0.056596722 0.054726508
v 0.208139136 -0.055351105 0.048705339
v 0.229010865 -0.051288914 0.031757064
v 0.226435199 -0.049565639 0.029361071
v 0.230147541 -0.050062411 0.025039500
v 0.230329439 -0.052228060 0.025418144
v 0.225699961 -0.052203916 0.029415181
v 0.227369875 -0.053067576 0.024927992
v 0.227154210 -0.050958291 0.023394015
v 0.238521263 -0.036187965 0.043331351
v 0.239830598 -0.035002511 0.036673523
v 0.241637722 -0.036781177 0.041557416
v 0.240046263 -0.037111800 0.035139550
v 0.238130108 -0.038543034 0.041820545
v 0.237272054 -0.037998848 0.036593698
v 0.236717314 -0.035866171 0.037348550
v -0.108347848 0.184476167 0.077546500
v -0.003870014 -0.002815969 0.037709862
v -0.004344255 -0.002008513 0.032290168
v -0.113515966 0.182526797 0.072126806
v -0.000474233 0.000807449 0.029580317
v -0.109296322 0.186091080 0.066707104
v 0.003870029 0.002815954 0.032290168
v -0.104952067 0.188099593 0.069416955
v 0.002753432 0.000686302 0.039645474
v -0.104477823 0.187292129 0.074836649
v -0.108822078 0.185283616 -0.022376817
v -0.098402627 0.188363671 -0.015822688
v -0.105007984 0.195325449 -0.016092330
v -0.116407305 0.192393109 -0.016572202
v -0.119241528 0.182203561 -0.015822692
v -0.111186467 0.175159886 -0.016572198
v -0.100109592 0.179000482 -0.016092340
v -0.091989294 0.189531356 -0.009593806
v -0.096471928 0.198966116 -0.007753508
v -0.105167754 0.203510314 -0.007649226
v -0.113957345 0.203176916 -0.007570214
v -0.122708298 0.197533965 -0.007721814
v -0.126231015 0.178354353 -0.007173451
v -0.119964160 0.170763001 -0.007830155
v -0.109862715 0.166223824 -0.006839049
v -0.093226731 0.176279649 -0.008901255
v -0.081454866 0.187452614 0.004229191
v -0.127315745 0.189167529 -0.007116029
v -0.101039469 0.168724969 -0.008046755
v -0.088734739 0.176402017 -0.002500528
v -0.082750633 0.195756063 0.004391128
v -0.091580682 0.207753062 0.004550403
v -0.105146974 0.213198692 0.004552719
v -0.119414553 0.211202487 0.004593662
v -0.131143615 0.202566355 0.005150061
v -0.136564732 0.189069733 0.004593696
v -0.135792851 0.177893266 0.004870900
v -0.130919710 0.167907178 0.004854249
v -0.119596884 0.159270898 0.004552703
v -0.111648053 0.157205403 0.005248510
v -0.098397858 0.159290567 0.004437382
v -0.088936470 0.165621459 0.004870877
v -0.082724847 0.174834713 0.004854234
v -0.076049276 0.193995267 0.018183976
v -0.084579371 0.203427255 0.010386539
v -0.096795164 0.213661462 0.011345355
v -0.107940018 0.218985915 0.017599352
v -0.092202730 0.155659869 0.018153969
v -0.074797630 0.185339063 0.017959563
v -0.081765398 0.206373543 0.017864160
v -0.095881440 0.217041582 0.017849373
v -0.117646642 0.218217358 0.017975081
v -0.129760176 0.212570682 0.018216778
v -0.138184890 0.202570632 0.018024402
v -0.142813772 0.190410972 0.017938802
v -0.140665278 0.172484279 0.017628690
v -0.132710189 0.160986006 0.018024407
v -0.121571496 0.153407142 0.018009292
v -0.104630001 0.151245981 0.017768383
v -0.084776409 0.161237985 0.017872538
v -0.077064134 0.172342971 0.017849347
v -0.108732045 0.222966820 0.034667794
v -0.146120757 0.185283616 0.032054927
v -0.141099483 0.166607499 0.032023292
v -0.127632231 0.153098181 0.032118030
v -0.099168509 0.149255857 0.032054871
v -0.071496300 0.185283616 0.031767149
v -0.072191134 0.194616631 0.036715601
v -0.076519750 0.203974903 0.031731896
v -0.081765309 0.211681768 0.036715537
v -0.089485340 0.217543855 0.034695879
v -0.099130131 0.221323431 0.031735145
v -0.118544973 0.221570030 0.033752643
v -0.127928257 0.217878923 0.036478531
v -0.135354623 0.212103084 0.037490308
v -0.141329512 0.204300866 0.035174090
v -0.145278290 0.194627210 0.034307994
v -0.145278290 0.175940052 0.034308009
v -0.135583088 0.158848524 0.034623973
v -0.118827000 0.148780018 0.036208373
v -0.109237961 0.147707418 0.035238113
v -0.090132587 0.152980298 0.031735182
v -0.082545772 0.158419147 0.035238110
v -0.076063804 0.166370615 0.035993546
v -0.072388612 0.175744653 0.035174090
v -0.073698722 0.185283616 0.058220848
v -0.078030922 0.202531278 0.057824519
v -0.099930406 0.219379574 0.058164306
v -0.143945441 0.185283616 0.058220867
v -0.139528185 0.168082848 0.058409356
v -0.126235455 0.154650792 0.058164299
v -0.099538848 0.151465639 0.058531974
v -0.091574423 0.154492468 0.057824500
v -0.091460325 0.215100601 0.059796050
v -0.108822055 0.219718441 0.060031198
v -0.117769755 0.218676731 0.059523135
v -0.138643518 0.202501044 0.060031187
v -0.142182484 0.194090798 0.059796065
v -0.142182484 0.176476434 0.059796039
v -0.133213222 0.160809651 0.059557080
v -0.108568765 0.150787041 0.059804089
v -0.084514625 0.160796255 0.059796032
v -0.075467341 0.176553369 0.059839699
v -0.075816810 0.194282755 0.060424130
v -0.084472291 0.209425718 0.060178258
v -0.129703820 0.212953627 0.060047537
v -0.117531247 0.152200654 0.060424145
v -0.079128727 0.168140158 0.060290251
v -0.081905104 0.188184187 0.072134361
v -0.089320406 0.204785287 0.072147660
v -0.105298147 0.212050423 0.072137058
v -0.122611865 0.209168181 0.072147653
v -0.135539263 0.191492736 0.072150521
v -0.132104471 0.170782179 0.072150521
v -0.119153671 0.160340920 0.072137058
v -0.105921514 0.158366635 0.072134361
v -0.092286438 0.163733929 0.072130464
v -0.083879396 0.174952015 0.072137058
v -0.108822078 0.185283616 0.073544368
v -0.097754940 0.179035202 0.074547268
v -0.096131399 0.197952315 0.073308788
v -0.096131399 0.197952315 0.066944830
v -0.094982445 0.202568591 0.070126809
v -0.093044445 0.191530585 0.073465817
v -0.091279082 0.185283616 0.070126809
v -0.093044437 0.191530555 0.066787809
v -0.095231630 0.173171312 0.073571943
v -0.095231630 0.173171297 0.066681683
v -0.094982445 0.167998657 0.070126809
v -0.099562503 0.172614917 0.070126809
v -0.097754948 0.179035217 0.065706357
v -0.099218361 0.191530585 0.073465817
v -0.099218361 0.191530555 0.066787809
v -0.100953609 0.194399551 0.070126809
v -0.110226385 0.196794927 0.074460804
v -0.116141886 0.201951817 0.073571950
v -0.120984383 0.203787252 0.070126809
v -0.116141893 0.201951817 0.066681683
v -0.103400990 0.201967999 0.070126809
v -0.098005332 0.198358640 0.073465817
v -0.098005340 0.198358640 0.066787809
v -0.093659006 0.192754537 0.073571950
v -0.088106409 0.193104535 0.070126809
v -0.092851788 0.193438321 0.066944830
v -0.093912058 0.190175146 0.070126809
v -0.099913187 0.192486882 0.066787809
v -0.115060322 0.195583940 0.070126817
v -0.111344703 0.197739944 0.065706357
v -0.114102878 0.196843758 0.074547261
v -0.126535535 0.182493806 0.073308788
v -0.130178437 0.179434508 0.070126817
v -0.126535535 0.182493806 0.066944830
v -0.125258312 0.189503625 0.073465817
v -0.123014659 0.195595130 0.070126809
v -0.125258312 0.189503640 0.066787817
v -0.109858721 0.207402200 0.070126809
v -0.112697542 0.203070939 0.073571943
v -0.112697534 0.203070953 0.066681683
v -0.108866751 0.200975448 0.070126809
v -0.114102863 0.196843773 0.065706365
v -0.120263495 0.185874671 0.073465817
v -0.120263487 0.185874671 0.066787809
v -0.120546006 0.182533652 0.070126809
v -0.123725958 0.180503100 0.074460804
v -0.109858721 0.163165063 0.070126809
v -0.111642569 0.167575032 0.066944830
v -0.112697542 0.167496294 0.073571950
v -0.123014659 0.174972102 0.070126809
v -0.117914610 0.170955881 0.066787809
v -0.130178437 0.191132724 0.070126809
v -0.126936421 0.187094420 0.066681683
v -0.125480562 0.188152149 0.073571950
v -0.123759709 0.190090179 0.070126809
v -0.121448286 0.183833569 0.065706365
v -0.112919785 0.174584821 0.073465817
v -0.112919785 0.174584836 0.066787809
v -0.109829605 0.173283726 0.070126809
v -0.110226385 0.173772305 0.074460797
v -0.088106409 0.177462697 0.070126809
v -0.092851788 0.177128911 0.066944830
v -0.098005347 0.172208592 0.073465817
v -0.103400990 0.168599233 0.070126809
v -0.098005362 0.172208592 0.066787809
v -0.120984383 0.166779995 0.070126817
v -0.110341325 0.169739112 0.065706365
v -0.116141893 0.168615416 0.073571943
v -0.118009366 0.172562391 0.070126809
v -0.116697989 0.170326874 0.066681683
v -0.093658999 0.177812710 0.073571943
v -0.097720839 0.180617243 0.070126809
v -0.099913165 0.178080365 0.066787817
v -0.075528175 0.182011500 0.030564569
v -0.076837510 0.184383377 0.029068951
v -0.073724218 0.183519721 0.028393909
v -0.075528175 0.183197916 0.022411147
v -0.073724218 0.181689695 0.024581807
v -0.078507423 0.181689695 0.028393907
v -0.076837517 0.180826038 0.023906771
v -0.078507423 0.183519706 0.024581809
v -0.077108741 0.194883555 0.031777028
v -0.078418076 0.197255418 0.030281411
v -0.077108741 0.196069956 0.023623599
v -0.075304784 0.196391761 0.029606370
v -0.075304784 0.194561750 0.025794256
v -0.078418083 0.193698093 0.025119223
v -0.080087990 0.194561750 0.029606363
v -0.080087990 0.196391761 0.025794260
v -0.086030357 0.208857775 0.026630742
v -0.083051108 0.209179580 0.024460079
v -0.084721014 0.210043237 0.019972948
v -0.083051108 0.207349554 0.020647988
v -0.084721021 0.206485897 0.025135122
v -0.087834328 0.207349554 0.024460079
v -0.086030357 0.207671359 0.018477324
v -0.087834328 0.209179580 0.020647988
v -0.099733718 0.216417268 0.028739344
v -0.101043060 0.218789145 0.027243722
v -0.099733718 0.217603683 0.020585930
v -0.097929753 0.217925489 0.026568683
v -0.097929753 0.216095477 0.022756591
v -0.101043060 0.215231806 0.022081552
v -0.102712967 0.216095462 0.026568683
v -0.102712967 0.217925489 0.022756591
v -0.112325996 0.217064276 0.017717920
v -0.109872624 0.218183145 0.015233440
v -0.111150727 0.217064276 0.009564484
v -0.109346762 0.215556085 0.011735145
v -0.110692635 0.215410799 0.016959952
v -0.114129968 0.215556085 0.015547259
v -0.112460054 0.214692414 0.011060103
v -0.114129968 0.217386082 0.011735146
v -0.128944397 0.209989443 0.032535605
v -0.130253747 0.212361321 0.031039992
v -0.128944397 0.211175859 0.024382187
v -0.127140447 0.211497664 0.030364975
v -0.127140447 0.209667638 0.026552819
v -0.130253747 0.208803982 0.025877807
v -0.131923646 0.209667638 0.030364968
v -0.131923646 0.211497650 0.026552824
v -0.138792798 0.195170060 0.035698883
v -0.140102148 0.197541937 0.034203272
v -0.136988848 0.196678281 0.033528250
v -0.138792798 0.196356475 0.027545465
v -0.136988848 0.194848254 0.029716099
v -0.141772047 0.194848254 0.033528246
v -0.140102148 0.193984598 0.029041085
v -0.141772047 0.196678266 0.029716102
v -0.140398651 0.186515227 0.036230054
v -0.141708001 0.188887104 0.034734443
v -0.140398651 0.187701643 0.028076639
v -0.138594702 0.188023448 0.034059424
v -0.138594702 0.186193421 0.030247271
v -0.141708001 0.185329765 0.029572260
v -0.143377900 0.186193421 0.034059417
v -0.143377900 0.188023433 0.030247277
v -0.135890931 0.169573233 0.040968675
v -0.134581581 0.170758694 0.034310866
v -0.132911682 0.169895023 0.038798038
v -0.132911682 0.168065026 0.034985881
v -0.134581596 0.167201370 0.039473072
v -0.135890931 0.168386817 0.032815248
v -0.137694865 0.168065026 0.038798053
v -0.137694865 0.169895023 0.034985870
v -0.126396209 0.159470305 0.041030705
v -0.127705559 0.161842167 0.039535090
v -0.124592252 0.160978511 0.038860068
v -0.126396209 0.160656720 0.032877285
v -0.124592252 0.159148514 0.035047922
v -0.129375458 0.159148514 0.038860075
v -0.127705559 0.158284843 0.034372900
v -0.129375458 0.160978511 0.035047919
v -0.111690454 0.152048349 0.030316085
v -0.112999789 0.154420227 0.028820463
v -0.109886482 0.153556556 0.028145418
v -0.111232363 0.153701842 0.022920623
v -0.109886482 0.151726559 0.024333309
v -0.114143834 0.150929496 0.027831610
v -0.112865731 0.152048349 0.022162648
v -0.114669695 0.153556570 0.024333309
v -0.101180382 0.155049473 0.015008895
v -0.102489710 0.157421336 0.013513274
v -0.099376418 0.156557679 0.012838233
v -0.101180375 0.156235874 0.006855462
v -0.099376418 0.154727668 0.009026118
v -0.104159623 0.154727682 0.012838234
v -0.102489710 0.153864011 0.008351076
v -0.104159623 0.156557679 0.009026124
v -0.088312179 0.162420824 0.013451329
v -0.089621514 0.164792702 0.011955709
v -0.086508214 0.163929045 0.011280669
v -0.088312179 0.163607240 0.005297909
v -0.086508214 0.162099019 0.007468568
v -0.091291420 0.162099019 0.011280667
v -0.089621514 0.161235362 0.006793533
v -0.091291420 0.163929045 0.007468569
v -0.082671002 0.175231934 0.010962060
v -0.079691753 0.175553739 0.008791397
v -0.081361666 0.176417395 0.004304265
v -0.079691753 0.173723713 0.004979302
v -0.081361666 0.172860056 0.009466439
v -0.084474966 0.173723713 0.008791400
v -0.082671002 0.174045518 0.002808640
v -0.084474966 0.175553739 0.004979300
v 0.072801240 0.210069284 0.101177439
v -0.004736897 0.000877663 0.037653580
v 0.068537071 0.212311015 0.098523870
v -0.004264168 0.002241731 0.032346431
v 0.069009796 0.213675082 0.093216717
v 0.000472732 0.001364067 0.029692858
v 0.004736904 -0.000877663 0.032346431
v 0.076250903 0.211711302 0.091321312
v 0.002166549 -0.002060457 0.039548993
v 0.077538140 0.209191620 0.098523870
v 0.073273972 0.211433351 -0.025488928
v 0.086927354 0.212819934 -0.017418103
v 0.080297038 0.223597676 -0.016980119
v 0.068075418 0.223983780 -0.017473070
v 0.059998475 0.211862892 -0.018033920
v 0.067648105 0.198915899 -0.017418122
v 0.081301473 0.200302467 -0.017418107
v 0.093868434 0.220268473 -0.008534432
v 0.086684123 0.229310930 -0.008528438
v 0.076025903 0.234980255 -0.006343567
v 0.062239777 0.230949953 -0.008877655
v 0.053243890 0.224552587 -0.006198330
v 0.050863285 0.213847131 -0.008332187
v 0.052658875 0.202318385 -0.008332197
v 0.062391713 0.191519544 -0.008477128
v 0.075948738 0.189245850 -0.008528439
v 0.086569704 0.193232030 -0.008332206
v 0.095189899 0.205319703 -0.008548443
v 0.100799151 0.207466215 -0.000345461
v 0.099572904 0.221823916 0.000353997
v 0.090399884 0.233752340 0.000012947
v 0.062946491 0.237176210 -0.000332040
v 0.047873497 0.221954599 -0.000692070
v 0.045480907 0.207922131 -0.000050402
v 0.053744517 0.191494465 -0.000780820
v 0.070269175 0.183535382 0.000035771
v 0.083980702 0.185585037 0.000028625
v 0.095125534 0.193831250 0.000035744
v 0.108937092 0.206738234 0.009093315
v 0.108018421 0.219728917 0.009661570
v 0.102290154 0.232357457 0.009005643
v 0.087859809 0.244421795 0.009094667
v 0.073273979 0.247077942 0.009295085
v 0.063991919 0.246074319 0.010248378
v 0.055451687 0.242302462 0.009295058
v 0.047870740 0.236431822 0.009709187
v 0.042234041 0.229121089 0.009499772
v 0.037638262 0.215735227 0.008885846
v 0.039701339 0.197527111 0.009502742
v 0.051117644 0.183193192 0.008885829
v 0.068289548 0.175520763 0.009283400
v 0.082499497 0.177003354 0.009295065
v 0.095430307 0.183193192 0.008885837
v 0.103165202 0.191451952 0.009921210
v 0.112082928 0.206324071 0.017201867
v 0.104515582 0.241081938 0.025845412
v 0.095102131 0.248936459 0.026413240
v 0.084569670 0.253257304 0.026595993
v 0.031405520 0.222562909 0.026595993
v 0.034983512 0.205923453 0.016584884
v 0.041834667 0.187309176 0.018491877
v 0.058840822 0.175427064 0.016564474
v 0.073426172 0.168040633 0.026413254
v 0.094862707 0.174040556 0.026266908
v 0.116782553 0.211433351 0.026498476
v 0.115415864 0.222342283 0.026392654
v 0.110997088 0.233212769 0.026329556
v 0.067320786 0.254945159 0.026201980
v 0.045954868 0.245539635 0.025735214
v 0.035458274 0.232936978 0.026263218
v 0.029547498 0.211433351 0.026522163
v 0.031268772 0.200251430 0.026309216
v 0.037986618 0.185757175 0.025492815
v 0.051531352 0.173673272 0.026396165
v 0.062311213 0.169282496 0.026503162
v 0.084591217 0.169196814 0.026522163
v 0.103832342 0.180471778 0.026263252
v 0.111034065 0.189690709 0.026396172
v 0.115415856 0.200524434 0.026392641
v 0.107128523 0.244931355 0.044491801
v 0.073273934 0.259414613 0.046536755
v 0.049279083 0.252562463 0.044454504
v 0.025643194 0.211433351 0.044324726
v 0.039419420 0.177935362 0.044491805
v 0.085416414 0.165367931 0.044550624
v 0.097133815 0.170197085 0.044370178
v 0.121216543 0.211433351 0.047596570
v 0.119819991 0.223619953 0.048415843
v 0.114648201 0.235926181 0.047303855
v 0.097156629 0.252699047 0.044010721
v 0.085662596 0.257474214 0.044010729
v 0.060812209 0.257941395 0.047906347
v 0.039554793 0.245152548 0.044030424
v 0.031803571 0.235716298 0.047709517
v 0.027207138 0.223724991 0.044010676
v 0.027206944 0.199142322 0.044008963
v 0.031576026 0.187359005 0.047906373
v 0.049397059 0.170163974 0.044000324
v 0.060934205 0.165371582 0.044034425
v 0.073275790 0.163762555 0.043970313
v 0.106690176 0.176904127 0.047801845
v 0.114648201 0.186940521 0.047303867
v 0.119320884 0.199096978 0.043970317
v 0.106607951 0.244837135 0.061560120
v 0.096826568 0.252326399 0.061560187
v 0.085485794 0.257023215 0.061468158
v 0.049711224 0.252325922 0.061532222
v 0.041544978 0.243162379 0.078015059
v 0.027686067 0.223652512 0.061468039
v 0.026078569 0.211473644 0.061532088
v 0.027676115 0.199257389 0.061531343
v 0.039873060 0.178089708 0.061531268
v 0.049641103 0.170581102 0.061531298
v 0.061660364 0.168090716 0.078015044
v 0.073273957 0.164234459 0.061456721
v 0.084887609 0.168090716 0.078015037
v 0.096826598 0.170540318 0.061560120
v 0.118864618 0.199217379 0.061456721
v 0.117374673 0.211662516 0.079995930
v 0.115887910 0.222851738 0.079777837
v 0.111602567 0.233188301 0.080046982
v 0.073273957 0.255599678 0.079686016
v 0.062120989 0.254045695 0.080092721
v 0.035181504 0.233614072 0.080036633
v 0.035175718 0.189437330 0.080338679
v 0.104461595 0.180363715 0.080284566
v 0.111540303 0.189426675 0.079729676
v 0.104611300 0.241995201 0.080581143
v 0.095292181 0.249186322 0.080844007
v 0.084308058 0.253899843 0.080399141
v 0.051255781 0.249186337 0.080844000
v 0.030979857 0.223110795 0.080399103
v 0.029468657 0.211621121 0.080528192
v 0.030912697 0.200277060 0.080528207
v 0.042351313 0.180284977 0.080195181
v 0.051588051 0.173488557 0.080844022
v 0.073273972 0.167630538 0.080671847
v 0.095014006 0.173402935 0.080528177
v 0.115584239 0.200096339 0.080671854
v 0.108296901 0.212605357 0.095900536
v 0.100210264 0.233129129 0.095879920
v 0.081206508 0.245566219 0.095900536
v 0.054747492 0.241178080 0.095900536
v 0.041016754 0.223913014 0.095879920
v 0.039588362 0.202407345 0.095903166
v 0.051578216 0.184497058 0.095879920
v 0.073273979 0.176198766 0.095896810
v 0.098867647 0.187497139 0.095900536
v 0.073273972 0.211433351 0.097690672
v 0.087282926 0.203179717 0.098286934
v 0.089487061 0.233622998 0.094794378
v 0.093870498 0.227618366 0.093870290
v 0.090715639 0.226803541 0.090374909
v 0.093420342 0.219179466 0.097243682
v 0.095686182 0.211433351 0.093870290
v 0.090715639 0.196063161 0.097365677
v 0.093870498 0.195248336 0.093870290
v 0.093420342 0.203687266 0.090496905
v 0.089487061 0.188544288 0.093870290
v 0.088258490 0.196063176 0.090374909
v 0.085103624 0.195248336 0.093870290
v 0.085553788 0.219179466 0.097243682
v 0.083287939 0.211433351 0.093870290
v 0.086541586 0.217670143 0.089540519
v 0.085103624 0.227618366 0.093870290
v 0.085125826 0.227726951 0.098200068
v 0.056515299 0.233926013 0.093870290
v 0.064045839 0.232770994 0.097365677
v 0.064245790 0.236023247 0.093870290
v 0.064045832 0.232770994 0.090374909
v 0.080199726 0.232748628 0.093870290
v 0.095031507 0.226020366 0.093870290
v 0.085125826 0.227726951 0.089540519
v 0.100052886 0.219779804 0.093870290
v 0.092522345 0.220934838 0.097365677
v 0.092322394 0.217682570 0.093870290
v 0.092522360 0.220934823 0.090374909
v 0.076368459 0.220957190 0.093870290
v 0.069701679 0.225505814 0.097243682
v 0.061536677 0.227685452 0.093870290
v 0.069701679 0.225505814 0.090496905
v 0.063225500 0.228936061 0.098286934
v 0.050643999 0.207869217 0.097052269
v 0.047114573 0.203011379 0.092946209
v 0.052422170 0.217008352 0.097243682
v 0.047097720 0.210445732 0.093870290
v 0.052422170 0.217008352 0.090496905
v 0.055142116 0.224606916 0.093870290
v 0.066124342 0.236633629 0.093870290
v 0.068197742 0.234120056 0.090374909
v 0.070185609 0.232675761 0.097365677
v 0.073611163 0.239480808 0.093870290
v 0.073216900 0.231480598 0.093870290
v 0.066791862 0.226344943 0.089453653
v 0.065172501 0.217319414 0.093870290
v 0.058786333 0.212384492 0.097243682
v 0.054190278 0.205292702 0.093870290
v 0.058786359 0.212384507 0.090496905
v 0.063225500 0.193930656 0.098286934
v 0.073611170 0.183385894 0.093870290
v 0.066124342 0.186233073 0.093870290
v 0.063225485 0.193930656 0.089453653
v 0.055142116 0.198259786 0.093870290
v 0.052422158 0.205858380 0.097243682
v 0.047097720 0.212420970 0.093870290
v 0.052422166 0.205858365 0.090496905
v 0.050643999 0.214997485 0.097052269
v 0.047114570 0.219855338 0.092946209
v 0.058786333 0.210482225 0.097243682
v 0.054190274 0.217574000 0.093870290
v 0.058786348 0.210482210 0.090496905
v 0.065172501 0.205547288 0.093870290
v 0.070185617 0.190190941 0.097365677
v 0.073216900 0.191386104 0.093870290
v 0.070185624 0.190190941 0.090374909
v 0.073262729 0.191285193 0.098200068
v 0.100052886 0.203086913 0.093870290
v 0.093281657 0.199595004 0.097365677
v 0.095031515 0.196846336 0.093870290
v 0.093281657 0.199595004 0.090374909
v 0.080199726 0.190118074 0.093870290
v 0.073262751 0.191285193 0.089540519
v 0.064245790 0.186843455 0.093870290
v 0.056515303 0.188940674 0.093870290
v 0.063286535 0.192432582 0.097365677
v 0.061536677 0.195181251 0.093870290
v 0.063286543 0.192432597 0.090374909
v 0.076368459 0.201909512 0.093870290
v 0.084435686 0.202148259 0.097243682
v 0.092322394 0.205184132 0.093870290
v 0.084435634 0.202148244 0.090496905
v 0.112018675 0.213491872 0.058881588
v 0.112152725 0.215863720 0.052223764
v 0.113822639 0.215000063 0.056710932
v 0.113822639 0.213170066 0.052898813
v 0.110843398 0.213491872 0.050728153
v 0.109565295 0.212373003 0.056397114
v 0.110385306 0.215145350 0.058123626
v 0.109039433 0.215000063 0.052898806
v 0.110144399 0.225777358 0.056174293
v 0.108835064 0.228149220 0.054678679
v 0.110144392 0.226963758 0.048020873
v 0.111948356 0.227285564 0.054003641
v 0.111948356 0.225455552 0.050191525
v 0.108835056 0.224591896 0.049516492
v 0.107165143 0.225455552 0.054003634
v 0.107165143 0.227285564 0.050191529
v 0.093157202 0.241470024 0.015150548
v 0.091523819 0.243123516 0.014392570
v 0.094961166 0.242978230 0.012979892
v 0.093291253 0.243841901 0.008492740
v 0.094435304 0.240351155 0.009481600
v 0.090177961 0.241148233 0.012979896
v 0.091981918 0.241470024 0.006997122
v 0.090177961 0.242978230 0.009167784
v 0.079879604 0.251491249 0.053264145
v 0.080467254 0.252898037 0.049187429
v 0.079547949 0.250898033 0.044939470
v 0.082996063 0.250898033 0.051490199
v 0.082291730 0.250898033 0.045894243
v 0.079488441 0.249136180 0.051753331
v 0.077823654 0.250898033 0.049187437
v 0.065743357 0.253319085 0.042408418
v 0.068722613 0.253640860 0.040237784
v 0.067052700 0.254504532 0.035750587
v 0.068722613 0.251810879 0.036425635
v 0.067052707 0.250947237 0.040912822
v 0.063939407 0.251810879 0.040237788
v 0.065743357 0.252132654 0.034254991
v 0.063939415 0.253640890 0.036425624
v 0.051097855 0.243448690 0.024046419
v 0.049788512 0.245820567 0.022550799
v 0.051097855 0.244635105 0.015893001
v 0.052901808 0.244956911 0.021875773
v 0.052901808 0.243126899 0.018063648
v 0.049788509 0.242263228 0.017388623
v 0.048118610 0.243126884 0.021875771
v 0.048118610 0.244956911 0.018063650
v 0.034655880 0.229251519 0.044075493
v 0.035831165 0.229251534 0.035922050
v 0.037109260 0.230370387 0.041591026
v 0.037635121 0.227743328 0.038092699
v 0.035965219 0.226879656 0.042579874
v 0.034197789 0.227598041 0.036680020
v 0.032851923 0.227743328 0.041904844
v 0.032851923 0.229573324 0.038092699
v 0.032045640 0.213484913 0.041894931
v 0.030412262 0.215138391 0.041136961
v 0.033849601 0.214993119 0.039724283
v 0.032179695 0.215856776 0.035237122
v 0.033323739 0.212366059 0.036225960
v 0.029066399 0.213163123 0.039724290
v 0.030870358 0.213484913 0.033741504
v 0.029066397 0.214993119 0.035912156
v 0.034393169 0.199798703 0.025582334
v 0.033115074 0.200917572 0.019913385
v 0.037372414 0.200120509 0.023411686
v 0.035568457 0.199798703 0.017428916
v 0.037372414 0.198290497 0.019599564
v 0.035702508 0.197426826 0.024086716
v 0.032589212 0.198290482 0.023411686
v 0.033935074 0.198145196 0.018186891
v 0.046863340 0.179236919 0.045819540
v 0.045554001 0.181608781 0.044323921
v 0.047321435 0.180890411 0.038424082
v 0.048667300 0.180745125 0.043648891
v 0.048141439 0.178118065 0.040150572
v 0.045688059 0.179236919 0.037666112
v 0.043884102 0.178915128 0.043648902
v 0.043884099 0.180745125 0.039836761
v 0.067997195 0.170922518 0.047253188
v 0.070976444 0.171244323 0.045082528
v 0.069306538 0.172107980 0.040595394
v 0.070976444 0.169414312 0.041270435
v 0.069306538 0.168550640 0.045757569
v 0.066193238 0.169414297 0.045082532
v 0.067997195 0.169736102 0.039099775
v 0.066193238 0.171244323 0.041270431
v 0.079638816 0.176320195 0.015494954
v 0.082092196 0.177439064 0.013010476
v 0.080814093 0.176320195 0.007341525
v 0.082618058 0.174811989 0.009512186
v 0.080948152 0.173948333 0.013999331
v 0.077834852 0.174811989 0.013324291
v 0.079180717 0.174666718 0.008099496
v 0.077834852 0.176642001 0.009512182
v 0.094288439 0.180730134 0.015510915
v 0.092979103 0.183101997 0.014015294
v 0.094746530 0.182383612 0.008115452
v 0.096092403 0.182238340 0.013340251
v 0.095566541 0.179611281 0.009841952
v 0.093113162 0.180730134 0.007357481
v 0.091309197 0.180408344 0.013340262
v 0.091309197 0.182238340 0.009528141
v 0.112166896 0.196117476 0.029304594
v 0.110857561 0.198489353 0.027808970
v 0.112166896 0.197303891 0.021151172
v 0.113970861 0.197625697 0.027133934
v 0.113970861 0.195795670 0.023321832
v 0.110857561 0.194932014 0.022646798
v 0.109187648 0.195795670 0.027133930
v 0.109187648 0.197625697 0.023321835
vn 0.000000017 -0.000000007 1.000000000
vn -0.000002043 0.450434566 0.892809451
vn -0.000009648 0.914307833 0.405020088
vn 0.000004780 0.914311528 -0.405011714
vn 0.000000000 0.450433195 -0.892810166
vn 0.000000003 -0.000000007 -1.000000000
vn 0.318503916 0.318506688 0.892809570
vn 0.646506369 0.646520078 0.405020088
vn 0.646513939 0.646507204 -0.405028611
vn 0.318506271 0.318506181 -0.892808795
vn 0.450434536 0.000002026 0.892809570
vn 0.914307833 0.000009595 0.405020177
vn 0.914311528 -0.000004768 -0.405011684
vn 0.450433105 0.000000000 -0.892810166
vn 0.318506718 -0.318503827 0.892809510
vn 0.646520078 -0.646506429 0.405020177
vn 0.646507204 -0.646513939 -0.405028671
vn 0.318506241 -0.318506211 -0.892808795
vn 0.000002031 -0.450434536 0.892809570
vn 0.000009638 -0.914307833 0.405020237
vn -0.000004787 -0.914311528 -0.405011743
vn 0.000000000 -0.450433195 -0.892810166
vn -0.318503857 -0.318506718 0.892809451
vn -0.646506429 -0.646520078 0.405020207
vn -0.646513939 -0.646507204 -0.405028641
vn -0.318506211 -0.318506211 -0.892808795
vn -0.450434536 -0.000002026 0.892809570
vn -0.914307833 -0.000009595 0.405020177
vn -0.914311528 0.000004768 -0.405011684
vn -0.450433105 0.000000000 -0.892810166
vn -0.318506747 0.318503797 0.892809510
vn -0.646520078 0.646506429 0.405020177
vn -0.646507263 0.646513939 -0.405028671
vn -0.318506271 0.318506181 -0.892808795
vn 0.529998362 0.825509787 0.193998352
vn 0.034265436 0.053363390 0.997987092
vn 0.966408014 0.235033646 -0.103993647
vn 0.470658600 -0.537114561 0.699991763
vn 0.684275687 -0.204407021 -0.699988961
vn 0.188540757 -0.976543605 0.103994772
vn -0.034260109 -0.053359807 -0.997987449
vn -0.529997587 -0.825509846 -0.194000646
vn -0.470662296 0.537113667 -0.699989974
vn -0.966407537 -0.235035837 0.103992924
vn -0.188534081 0.976544559 -0.103998400
vn -0.684277177 0.204397783 0.699990213
vn 0.337933093 0.420836985 0.841841698
vn 0.346141905 0.430072099 0.833800852
vn 0.319901019 0.386254936 0.865141869
vn 0.323008984 0.389759958 0.862410903
vn 0.272210568 0.303994596 0.912956059
vn 0.272211730 0.303997278 0.912954807
vn 0.208851755 0.199470386 0.957388401
vn 0.208851770 0.199470460 0.957388341
vn 0.129834652 0.072255284 0.988899529
vn 0.129838258 0.072259732 0.988898635
vn 0.046708636 -0.058310267 0.997205257
vn 0.046709727 -0.058309503 0.997205198
vn -0.025770258 -0.169618055 0.985172868
vn -0.025767894 -0.169615433 0.985173464
vn -0.086864769 -0.261631966 0.961250901
vn -0.090447761 -0.265409619 0.959883809
vn -0.130970880 -0.325446784 0.936446011
vn -0.138001367 -0.332701743 0.932880044
vn -0.170494616 -0.380350292 0.908991337
vn 0.900794625 0.407446712 -0.150187105
vn 0.085715473 -0.611197710 0.786822855
vn 0.043767910 -0.784515262 -0.618563056
vn -0.000860345 0.998673320 -0.051485520
vn -0.999692023 -0.013669482 0.020714840
vn 0.476065040 0.223603129 0.850508034
vn 0.491923630 0.224669859 0.841150761
vn 0.434497863 0.209050402 0.876076221
vn 0.440549374 0.209527761 0.872934461
vn 0.325723141 0.175550774 0.929024398
vn 0.325722307 0.175550461 0.929024756
vn 0.177382797 0.129770711 0.975548506
vn 0.177386299 0.129771113 0.975547910
vn -0.006515296 0.070416771 0.997496367
vn -0.006515168 0.070416175 0.997496426
vn -0.193940148 0.007094812 0.980987728
vn -0.193944514 0.007094049 0.980986893
vn -0.347418368 -0.047008242 0.936531246
vn -0.347416252 -0.047006983 0.936532080
vn -0.470614195 -0.092132866 0.877515674
vn -0.464822799 -0.091202766 0.880693972
vn -0.550169587 -0.123508006 0.825868726
vn -0.539502144 -0.121820152 0.833124936
vn -0.603614032 -0.146475077 0.783705950
vn 0.799136877 -0.417663336 0.432362854
vn -0.710414112 -0.237816125 0.662386119
vn 0.434480786 0.039065026 -0.899833560
vn -0.864206314 -0.288964689 -0.411882162
vn 0.321038961 0.926878572 0.194499373
vn 0.011469014 0.406472445 0.913591146
vn 0.012143299 0.420116961 0.907388687
vn 0.019061293 0.364885837 0.930857182
vn 0.019314047 0.370016277 0.928824544
vn 0.033264786 0.263550431 0.964071929
vn 0.033264402 0.263553947 0.964070976
vn 0.049054686 0.134647071 0.989678621
vn 0.049055345 0.134648725 0.989678383
vn 0.066569984 -0.020402618 0.997573137
vn 0.066570818 -0.020397402 0.997573197
vn 0.082713000 -0.177540034 0.980631471
vn 0.082714103 -0.177541271 0.980631113
vn 0.094952099 -0.309367895 0.946190059
vn 0.094951414 -0.309363425 0.946191609
vn 0.105052240 -0.421459079 0.900742054
vn 0.104011469 -0.417548388 0.902682126
vn 0.112346739 -0.499143481 0.859205544
vn 0.110363856 -0.491718769 0.863731682
vn 0.115915306 -0.552460372 0.825440109
vn -0.104402661 0.674496651 0.730858684
vn -0.507631004 -0.522866189 0.684778631
vn 0.690684974 0.582613826 -0.428387016
vn 0.847117245 -0.432024091 0.309431106
vn -0.744880021 0.405099660 -0.530139625
vn -0.138405323 -0.693457067 -0.707079351
vn -0.037423011 0.995290339 0.089424044
vn -0.006324959 0.168235615 0.985726535
vn 0.659273565 0.730194211 -0.179373607
vn 0.690376759 -0.096853010 0.716937542
vn 0.681148648 0.148433506 -0.716940701
vn 0.712243855 -0.678627312 0.179370075
vn 0.006326434 -0.168239355 -0.985725880
vn 0.037420996 -0.995292068 -0.089405812
vn -0.690371394 0.096865177 -0.716941059
vn -0.659273863 -0.730194211 0.179372340
vn -0.712244451 0.678625703 -0.179373771
vn -0.681146443 -0.148427904 0.716943979
vn -0.069230705 0.462477267 0.883924246
vn -0.067320839 0.473198205 0.878379941
vn -0.067396961 0.425816298 0.902296126
vn -0.066710494 0.429835826 0.900439262
vn -0.065441161 0.339554846 0.938307047
vn -0.065441780 0.339552939 0.938307703
vn -0.063237213 0.232988209 0.970421374
vn -0.063237496 0.232989028 0.970421135
vn -0.059675165 0.105023235 0.992677689
vn -0.059675440 0.105027676 0.992677212
vn -0.055050008 -0.026142908 0.998141289
vn -0.055050585 -0.026142407 0.998141289
vn -0.050275166 -0.139421403 0.988956034
vn -0.050275747 -0.139419064 0.988956392
vn -0.045357160 -0.241090119 0.969442308
vn -0.044883162 -0.236940354 0.970486939
vn -0.040831771 -0.312944502 0.948893368
vn -0.039904851 -0.304756194 0.951594114
vn -0.036425490 -0.366700977 0.929625511
vn 0.379564077 0.657987595 0.650371730
vn -0.280447274 -0.472521424 0.835507452
vn 0.444185138 0.493221998 -0.747951686
vn 0.832873821 -0.545725822 -0.092220128
vn -0.848344088 0.517817914 -0.110349186
vn -0.485530734 -0.654528260 -0.579527915
vn 0.267304629 0.385632366 0.883083165
vn 0.270746678 0.392429441 0.879030943
vn 0.244074866 0.354954064 0.902460515
vn 0.245376930 0.357505262 0.901099443
vn 0.193137780 0.288013846 0.937947690
vn 0.193137854 0.288015544 0.937947214
vn 0.130817682 0.205747977 0.969821990
vn 0.130815282 0.205747575 0.969822347
vn 0.056162987 0.106716037 0.992702067
vn 0.056164909 0.106716365 0.992701948
vn -0.020425849 0.004595299 0.999780893
vn -0.020420009 0.004595644 0.999781013
vn -0.086665720 -0.084151685 0.992677033
vn -0.086662516 -0.084149450 0.992677510
vn -0.143597633 -0.160751760 0.976493001
vn -0.146729127 -0.163788319 0.975522399
vn -0.184884772 -0.215338498 0.958878040
vn -0.191086665 -0.221343160 0.956291318
vn -0.222400010 -0.263864398 0.938570082
vn 0.893827081 0.120389432 0.431948543
vn -0.590392768 -0.116340600 0.798687220
vn 0.337195903 0.286978483 -0.896628261
vn 0.327914119 -0.943834007 0.040616035
vn -0.764922857 -0.252641737 -0.592507482
vn -0.262360156 0.945032477 0.195142940
vn -0.321913749 0.463655025 0.825466871
vn -0.332399696 0.470586121 0.817348957
vn -0.287709475 0.428573221 0.856474280
vn -0.291730046 0.431317687 0.853732228
vn -0.206600860 0.342577010 0.916491747
vn -0.206601247 0.342578709 0.916491091
vn -0.094682820 0.220616832 0.970754027
vn -0.094682999 0.220616251 0.970754147
vn 0.044298559 0.064406261 0.996940076
vn 0.044294655 0.064411499 0.996939898
vn 0.184312537 -0.098207384 0.977948964
vn 0.184314504 -0.098207079 0.977948725
vn 0.296039820 -0.232157826 0.926532805
vn 0.296042651 -0.232160404 0.926531374
vn 0.382382780 -0.337139428 0.860302508
vn 0.378436625 -0.333863974 0.863319516
vn 0.439021498 -0.405681849 0.801674724
vn 0.431894481 -0.399791628 0.808476269
vn 0.472990453 -0.449966431 0.757502675
vn 0.068953671 0.899725258 0.430975527
vn 0.062763862 -0.524488449 0.849101067
vn -0.209953889 0.389782339 -0.896654427
vn 0.992661893 0.095798433 -0.073790558
vn 0.047796242 -0.828444242 -0.558028340
vn -0.979219079 -0.058200423 0.194275007
vn -0.738710046 0.615337431 0.275077075
vn 0.015351328 -0.012783890 0.999800444
vn -0.118652634 0.991976440 -0.043638609
vn 0.635407984 0.363849908 0.681079984
vn 0.243024483 0.690702856 -0.681079090
vn 0.997085989 0.062573284 0.043636542
vn -0.015346963 0.012787831 -0.999800444
vn 0.738704026 -0.615339279 -0.275089145
vn -0.635401666 -0.363859683 -0.681080639
vn 0.118648358 -0.991976798 0.043641727
vn -0.997085452 -0.062578037 -0.043642085
vn -0.243026584 -0.690699399 0.681081772
vn -0.252123058 0.295211315 0.921566188
vn -0.261357397 0.305685967 0.915559053
vn -0.217063770 0.270104170 0.938044369
vn -0.220526785 0.274038553 0.936093390
vn -0.134979710 0.205974787 0.969203293
vn -0.134976834 0.205972210 0.969204187
vn -0.032785919 0.123033904 0.991860747
vn -0.032784499 0.123033784 0.991860807
vn 0.088310994 0.022544241 0.995837808
vn 0.088307843 0.022547450 0.995838046
vn 0.208766535 -0.079833880 0.974701524
vn 0.208764598 -0.079833291 0.974702001
vn 0.308112323 -0.166254163 0.936710477
vn 0.308109432 -0.166252032 0.936711729
vn 0.387453824 -0.236758709 0.890968442
vn 0.390498132 -0.240707234 0.888578236
vn 0.440768898 -0.286234885 0.850759983
vn 0.446426839 -0.293824613 0.845204234
vn 0.485255688 -0.329438746 0.809936404
vn 0.914317667 -0.156099394 0.373706013
vn 0.067202598 0.985021114 0.158799350
vn -0.483475029 0.127352506 -0.866044581
vn -0.842310071 -0.030171568 0.538148105
vn 0.368504345 -0.912889719 -0.175604895
vn -0.140477687 0.547112048 0.825187504
vn -0.143987879 0.555992544 0.818620682
vn -0.132991657 0.505367398 0.852594316
vn -0.134321064 0.508772254 0.850357950
vn -0.115949929 0.409625024 0.904855251
vn -0.115950018 0.409628361 0.904853702
vn -0.093040265 0.284968734 0.954010725
vn -0.093040198 0.284968913 0.954010665
vn -0.063758083 0.130911529 0.989341736
vn -0.063759625 0.130917296 0.989340901
vn -0.032281462 -0.029269401 0.999050140
vn -0.032282285 -0.029267972 0.999050140
vn -0.004501394 -0.166497335 0.986031651
vn -0.004501722 -0.166499391 0.986031294
vn 0.020859530 -0.284856439 0.958343267
vn 0.019215565 -0.280717671 0.959598005
vn 0.040027685 -0.367968649 0.928976297
vn 0.036792744 -0.360013932 0.932221115
vn 0.052338526 -0.425538659 0.903425455
vn 0.644473493 0.739306808 0.195139557
vn 0.482394695 -0.359706283 0.798690677
vn -0.180349559 0.404386789 -0.896630049
vn 0.581029713 -0.557978034 -0.592507422
vn -0.754379034 0.494296581 0.431952685
vn -0.703089714 -0.709940553 0.040610652
vn -0.522223532 -0.070204318 0.849914074
vn -0.538051188 -0.065654002 0.840351403
vn -0.477380484 -0.070486501 0.875865042
vn -0.483454913 -0.068825260 0.872659445
vn -0.360382169 -0.075575933 0.929738104
vn -0.360387921 -0.075575449 0.929736018
vn -0.198935881 -0.081994399 0.976576388
vn -0.198940516 -0.081993990 0.976575494
vn 0.002728207 -0.086635321 0.996236384
vn 0.002734242 -0.086635262 0.996236384
vn 0.208590850 -0.087700650 0.974062920
vn 0.208592385 -0.087700933 0.974062502
vn 0.376220912 -0.085661031 0.922561646
vn 0.376215637 -0.085661605 0.922563732
vn 0.502326965 -0.082123689 0.860769033
vn 0.508145094 -0.083100222 0.857253134
vn 0.584889233 -0.079911895 0.807167113
vn 0.595435977 -0.081688218 0.799238980
vn 0.651084006 -0.078483403 0.754937053
vn -0.520343959 0.818329155 -0.244089261
vn 0.439045876 0.292210519 0.849618554
vn 0.662509561 0.500421762 -0.557368100
vn -0.464702189 -0.503298044 -0.728521049
vn -0.674295843 -0.288789332 0.679651260
vn 0.569099963 -0.819036365 -0.072834492
vn -0.939182520 -0.303925961 0.159891233
vn -0.093192622 -0.030159505 0.995191276
vn -0.892375410 0.432500631 -0.128877386
vn -0.046387494 0.706269503 0.706421733
vn -0.376185119 0.599552572 -0.706414521
vn 0.469800234 0.873314619 0.128877103
vn 0.093192361 0.030161498 -0.995191157
vn 0.939182281 0.303927243 -0.159890011
vn 0.046385538 -0.706270933 -0.706420422
vn 0.892374992 -0.432500869 0.128879249
vn -0.469802499 -0.873313606 -0.128876105
vn 0.376183599 -0.599551558 0.706416190
vn -0.338983119 -0.050755929 0.939422369
vn -0.346324503 -0.051999215 0.936672509
vn -0.310876787 -0.040036816 0.949606597
vn -0.313586473 -0.040495317 0.948695719
vn -0.248048961 -0.018008236 0.968580127
vn -0.248054072 -0.018008864 0.968578756
vn -0.174395278 0.006860571 0.984651804
vn -0.174396574 0.006860384 0.984651685
vn -0.088014610 0.035511371 0.995486021
vn -0.088013388 0.035511058 0.995486140
vn -0.000208979 0.064083986 0.997944474
vn -0.000208622 0.064083666 0.997944593
vn 0.076448649 0.088581897 0.993130803
vn 0.076448120 0.088580944 0.993130982
vn 0.147877634 0.111029893 0.982753515
vn 0.145124123 0.110624500 0.983209729
vn 0.199713647 0.127517506 0.971521437
vn 0.194144890 0.126726881 0.972752810
vn 0.239830524 0.140683353 0.960567296
vn -0.801466167 0.576448023 0.159246728
vn 0.324379891 0.528844476 0.784283936
vn -0.370905370 -0.344954550 -0.862227142
vn 0.466721922 0.636364520 -0.614174962
vn -0.425901145 -0.728706598 0.536278725
vn 0.787182093 -0.616301894 0.022723390
vn -0.467564166 0.142347291 0.872422457
vn -0.476672560 0.148268417 0.866487026
vn -0.433385223 0.130051449 0.891775668
vn -0.436815441 0.132252336 0.889776170
vn -0.353461236 0.098582894 0.930240154
vn -0.353458315 0.098584451 0.930240989
vn -0.254112244 0.058980878 0.965374708
vn -0.254111290 0.058980525 0.965374947
vn -0.133884743 0.011735940 0.990927398
vn -0.133891717 0.011737471 0.990926445
vn -0.009575721 -0.036389850 0.999291837
vn -0.009576923 -0.036389384 0.999291837
vn 0.098379999 -0.077605709 0.992118299
vn 0.098379977 -0.077605277 0.992118418
vn 0.190479368 -0.113262318 0.975135446
vn 0.195701316 -0.114292212 0.973980725
vn 0.254015714 -0.138822764 0.957185566
vn 0.264347166 -0.140797272 0.954094708
vn 0.316156596 -0.161722228 0.934821308
vn -0.573032975 0.800420761 -0.175954267
vn 0.666586637 0.433637440 0.606317401
vn -0.976225972 -0.202452496 -0.077433787
vn 0.668048024 -0.153848380 -0.728040218
vn 0.191478446 -0.909730315 0.368411243
vn -0.270279080 -0.280628294 0.920976102
vn -0.278752118 -0.290175885 0.915475428
vn -0.250511974 -0.244767427 0.936660409
vn -0.253690302 -0.248341963 0.934862375
vn -0.200030193 -0.161297947 0.966421723
vn -0.200029984 -0.161300510 0.966421306
vn -0.135054335 -0.058233865 0.989125431
vn -0.135054827 -0.058234315 0.989125371
vn -0.056076854 0.063978195 0.996374547
vn -0.056075852 0.063977681 0.996374607
vn 0.025361471 0.186722666 0.982085288
vn 0.025365984 0.186722457 0.982085228
vn 0.095301382 0.289517224 0.952416599
vn 0.095301770 0.289513826 0.952417672
vn 0.156949818 0.378035456 0.912390232
vn 0.153693378 0.374801189 0.914277077
vn 0.199230656 0.438874394 0.876182795
vn 0.192850456 0.432720542 0.880659819
vn 0.229532748 0.483383894 0.844780922
vn 0.663676560 0.101905800 0.741045654
vn -0.902514279 -0.392920464 -0.176299646
vn -0.388361901 0.881073773 0.269970447
vn -0.005042351 -0.996936262 -0.078055434
vn 0.572700083 0.426562220 -0.700042307
vn -0.108462967 -0.994094431 0.003496552
vn -0.027379075 -0.250945717 0.967613876
vn -0.756697476 -0.608404517 -0.239275679
vn -0.675621808 0.134746298 0.724830091
vn -0.688777328 0.014115787 -0.724835575
vn -0.607691944 0.757268965 0.239278436
vn 0.027379449 0.250939190 -0.967615664
vn 0.108462915 0.994094312 -0.003503651
vn 0.675622404 -0.134741709 -0.724830389
vn 0.756696880 0.608403981 0.239279181
vn 0.607692838 -0.757269323 -0.239275292
vn 0.688779473 -0.014109693 0.724833608
vn -0.033974577 -0.392921418 0.918944240
vn -0.038326371 -0.407025188 0.912612557
vn -0.031131232 -0.348912269 0.936638176
vn -0.032745857 -0.354225218 0.934586704
vn -0.020220160 -0.241485402 0.970193744
vn -0.020220174 -0.241489068 0.970192850
vn -0.005079379 -0.104125619 0.994551182
vn -0.005078834 -0.104126230 0.994551122
vn 0.012937928 0.060803410 0.998065889
vn 0.012938234 0.060803406 0.998065889
vn 0.030840481 0.226302803 0.973568738
vn 0.030840695 0.226302400 0.973568738
vn 0.045500752 0.363153666 0.930617630
vn 0.045500509 0.363150537 0.930618823
vn 0.057618000 0.477325469 0.876835525
vn 0.056162298 0.472549766 0.879512668
vn 0.064699523 0.553651631 0.830231190
vn 0.061878372 0.544684172 0.836355388
vn 0.068572439 0.607406139 0.791426301
vn -0.883182049 -0.455930650 -0.110076860
vn -0.349833906 0.512299478 0.784324825
vn -0.389693201 0.686454892 -0.613937318
vn 0.407409579 -0.523986638 -0.747967601
vn 0.331161082 -0.683472812 0.650536180
vn 0.884314418 0.466326684 0.022963291
vn -0.415728450 -0.387815416 0.822659731
vn -0.429427087 -0.396638989 0.811338365
vn -0.386793762 -0.354046971 0.851493597
vn -0.392059803 -0.357488006 0.847638726
vn -0.305040389 -0.268541604 0.913693428
vn -0.305035740 -0.268538505 0.913695931
vn -0.187048897 -0.149157837 0.970960736
vn -0.187047809 -0.149157986 0.970960855
vn -0.036389597 0.001587197 0.999336362
vn -0.036395673 0.001581705 0.999336183
vn 0.119393900 0.155643329 0.980571449
vn 0.119393140 0.155642703 0.980571628
vn 0.246400744 0.279831856 0.927890539
vn 0.246405840 0.279834092 0.927888572
vn 0.345592260 0.375803828 0.859847367
vn 0.340275168 0.372474223 0.863409400
vn 0.407881409 0.437380195 0.801455796
vn 0.398151278 0.431517810 0.809486210
vn 0.447990060 0.478672832 0.755100846
vn -0.462408811 -0.502015173 0.730861783
vn 0.725264549 -0.071126297 0.684786379
vn -0.886083245 0.177035660 -0.428386420
vn -0.190093637 0.931724846 0.309440255
vn 0.147434548 -0.834995985 -0.530136585
vn 0.628568530 0.323950559 -0.707076848
vn 0.257627368 -0.518320680 0.815458059
vn 0.263686776 -0.532462597 0.804333806
vn 0.230206579 -0.484827161 0.843769968
vn 0.232553095 -0.490274936 0.839969993
vn 0.163773686 -0.393195450 0.904751658
vn 0.163776338 -0.393197447 0.904750288
vn 0.074631549 -0.263260186 0.961833715
vn 0.074634850 -0.263260663 0.961833477
vn -0.035333175 -0.097216062 0.994635940
vn -0.035325237 -0.097222626 0.994635642
vn -0.146148995 0.076442756 0.986304760
vn -0.146145329 0.076441810 0.986305356
vn -0.235317737 0.221260846 0.946398020
vn -0.235314831 0.221256480 0.946399808
vn -0.305137724 0.338488281 0.890121698
vn -0.303082675 0.332606345 0.893036366
vn -0.350594610 0.414597809 0.839757144
vn -0.347016603 0.403657466 0.846546054
vn -0.381850630 0.465571493 0.798394203
vn -0.350631654 -0.926159561 0.138873458
vn -0.723163426 0.085698463 0.685339689
vn 0.411654741 -0.245846748 -0.877553284
vn -0.543547094 0.451038569 -0.707898915
vn 0.822975457 -0.240965977 0.514438391
vn 0.387951434 0.868107796 0.309649378
vn 0.614985049 -0.774765968 0.146735057
vn 0.069127463 -0.087092891 0.993798971
vn -0.093542159 -0.985949874 -0.138393283
vn -0.639398813 -0.298270941 0.708663225
vn -0.435608745 -0.555019200 -0.708659768
vn -0.981452465 0.132658482 0.138393894
vn -0.069131978 0.087090760 -0.993798733
vn -0.614981771 0.774768472 -0.146735311
vn 0.639394999 0.298270166 -0.708667040
vn 0.093547791 0.985948622 0.138398409
vn 0.981452465 -0.132654443 -0.138397992
vn 0.435609013 0.555014193 0.708663523
vn 0.272892445 -0.269219548 0.923607290
vn 0.279320359 -0.281958610 0.917866826
vn 0.245053247 -0.236018136 0.940342605
vn 0.247492567 -0.240780190 0.938494802
vn 0.180125207 -0.153404459 0.971607924
vn 0.180122048 -0.153402433 0.971608818
vn 0.098218858 -0.048523251 0.993981183
vn 0.098217450 -0.048524488 0.993981242
vn -0.000594171 0.076200292 0.997092366
vn -0.000595628 0.076200224 0.997092366
vn -0.100707591 0.200611874 0.974480867
vn -0.100707255 0.200612068 0.974480867
vn -0.184665084 0.303380311 0.934804440
vn -0.184662253 0.303376973 0.934805989
vn -0.252636552 0.385433316 0.887477398
vn -0.255052388 0.389754713 0.884895205
vn -0.298667729 0.441762030 0.845957398
vn -0.303197980 0.449940741 0.840014517
vn -0.337261438 0.489949554 0.803868234
vn -0.258653671 -0.952849090 0.158672199
vn -0.520445585 0.176740453 0.835403621
vn 0.453061134 -0.226090118 -0.862333477
vn -0.794514358 0.181356534 -0.579531491
vn 0.832150102 -0.143485412 0.535666049
vn 0.277443200 0.956300855 -0.092270769
vn 0.068539836 -0.363900840 0.928912520
vn 0.069814511 -0.373065680 0.925174534
vn 0.069976479 -0.320089340 0.944799542
vn 0.070459247 -0.323527664 0.943591774
vn 0.072943635 -0.223702490 0.971924067
vn 0.072943702 -0.223704755 0.971923590
vn 0.075542510 -0.104779474 0.991622269
vn 0.075542271 -0.104779981 0.991622210
vn 0.077190034 0.036654644 0.996342421
vn 0.077189565 0.036653768 0.996342480
vn 0.077280983 0.179501265 0.980717599
vn 0.077280387 0.179500610 0.980717778
vn 0.076072656 0.300107688 0.950867116
vn 0.076072305 0.300103635 0.950868547
vn 0.073970281 0.405154794 0.911250889
vn 0.073306285 0.400826991 0.913216174
vn 0.071127772 0.477526486 0.875733674
vn 0.069851980 0.469174027 0.880338788
vn 0.067783922 0.530376494 0.845048010
vn 0.025958519 -0.675494790 0.736907721
vn -0.757335186 -0.494228393 -0.426827699
vn -0.111394525 0.751444161 0.650325239
vn 0.697077870 -0.484965414 -0.528101265
vn 0.129063547 0.909005284 -0.396297842
vn 0.617529452 -0.083262607 0.782128334
vn 0.628416002 -0.083765224 0.773354173
vn 0.574309528 -0.071594931 0.815501511
vn 0.578542769 -0.071805894 0.812485278
vn 0.470692843 -0.043866117 0.881205976
vn 0.470689982 -0.043865260 0.881207585
vn 0.326849043 -0.007277143 0.945048571
vn 0.326852500 -0.007276946 0.945047379
vn 0.143285558 0.036804996 0.988996744
vn 0.143286765 0.036804982 0.988996625
vn -0.049591850 0.080365077 0.995531082
vn -0.049592346 0.080364630 0.995531023
vn -0.212231964 0.114965521 0.970433176
vn -0.212226644 0.114964366 0.970434487
vn -0.346423656 0.141951442 0.927275777
vn -0.340689600 0.139660820 0.929744840
vn -0.435827583 0.157854885 0.886079192
vn -0.425114006 0.153572083 0.892016649
vn -0.497766644 0.167142376 0.851053417
vn 0.412127078 -0.890122831 0.194506198
vn -0.730676353 0.165588275 0.662338734
vn 0.436210155 0.004579056 -0.899833143
vn -0.888772249 0.201066434 -0.411893398
vn 0.753362775 0.495490283 0.432358623
vn 0.970794022 -0.214199841 0.108061858
vn 0.146343440 -0.032288715 0.988706827
vn 0.543651223 -0.822703242 -0.166140646
vn -0.280798346 -0.640791655 0.714519680
vn -0.014915388 -0.699459493 -0.714516640
vn -0.839370608 -0.517547905 0.166136086
vn -0.146348655 0.032291707 -0.988705873
vn -0.970794499 0.214201048 -0.108055077
vn 0.280803800 0.640793264 -0.714516103
vn -0.543651462 0.822704256 0.166134924
vn 0.839369774 0.517547846 -0.166140810
vn 0.014918220 0.699456751 0.714519203
vn 0.354850322 -0.162685946 0.920659840
vn 0.364573717 -0.166290388 0.916206062
vn 0.318592161 -0.157400772 0.934732139
vn 0.322214156 -0.158748701 0.933261395
vn 0.235554427 -0.142269954 0.961391389
vn 0.235553324 -0.142269760 0.961391687
vn 0.135381490 -0.122217909 0.983226657
vn 0.135381684 -0.122218065 0.983226597
vn 0.016962253 -0.097206786 0.995119691
vn 0.016966626 -0.097207598 0.995119512
vn -0.102925919 -0.070478514 0.992189050
vn -0.102925017 -0.070478953 0.992189109
vn -0.205738217 -0.046414580 0.977505744
vn -0.205740064 -0.046414282 0.977505445
vn -0.293710411 -0.024944481 0.955568910
vn -0.297491044 -0.023313178 0.954439938
vn -0.356295109 -0.008466632 0.934335172
vn -0.363735139 -0.005165152 0.931488156
vn -0.411960751 0.007319159 0.911172211
vn 0.647680819 -0.112509333 0.753559113
vn -0.341960430 0.735122383 0.585370183
vn 0.342207879 -0.844519198 -0.411923885
vn -0.679332316 -0.646046877 0.348038882
vn 0.638441145 0.572238147 -0.514719844
vn -0.618670166 0.236616105 -0.749172986
vn 0.314382523 -0.474728912 0.822068214
vn 0.320804924 -0.486304969 0.812767923
vn 0.286640286 -0.446032614 0.847875118
vn 0.289104104 -0.450445175 0.844699919
vn 0.220842123 -0.370914608 0.902026117
vn 0.220844343 -0.370912850 0.902026355
vn 0.135772049 -0.269693792 0.953326464
vn 0.135775700 -0.269694686 0.953325629
vn 0.031440746 -0.142736316 0.989261329
vn 0.031443197 -0.142736375 0.989261210
vn -0.075683355 -0.009344240 0.997088194
vn -0.075681821 -0.009343704 0.997088253
vn -0.165893868 0.105412081 0.980493486
vn -0.165892869 0.105409525 0.980494022
vn -0.238565668 0.199604765 0.950391769
vn -0.241180584 0.204634815 0.948660433
vn -0.287615359 0.265805691 0.920122147
vn -0.292506486 0.275499493 0.915718257
vn -0.328523964 0.323393583 0.887405515
vn -0.232168972 -0.953075886 0.194277853
vn -0.504842341 0.155442700 0.849100590
vn 0.346007138 -0.276207179 -0.896654189
vn -0.806581318 0.195010617 -0.558030128
vn 0.897575319 -0.092868209 0.430968761
vn 0.271566272 0.959586859 -0.073789343
vn 0.545094371 0.229166135 0.806445956
vn 0.559557080 0.233240589 0.795295358
vn 0.509206653 0.206712872 0.835451126
vn 0.514772952 0.208309025 0.831634641
vn 0.412408352 0.153353602 0.897998869
vn 0.412408441 0.153355926 0.897998571
vn 0.276399165 0.082011364 0.957537293
vn 0.276396424 0.082010947 0.957538188
vn 0.103234358 -0.006561268 0.994635403
vn 0.103232324 -0.006561432 0.994635642
vn -0.077728786 -0.096720412 0.992271900
vn -0.077726044 -0.096720062 0.992272079
vn -0.229019552 -0.170234859 0.958420634
vn -0.229010731 -0.170233324 0.958423078
vn -0.352301449 -0.228778824 0.907493234
vn -0.346283108 -0.227250993 0.910189509
vn -0.432885587 -0.267620474 0.860807359
vn -0.421662062 -0.264952987 0.867179930
vn -0.487354964 -0.294885308 0.821905017
vn 0.883399963 -0.426452726 0.194274187
vn -0.257637948 -0.461141288 0.849100351
vn 0.342497885 0.280552447 -0.896652460
vn -0.359463722 -0.747926593 -0.558024764
vn 0.278622180 0.858273149 0.430971980
vn -0.881524622 0.466336697 -0.073786788
vn -0.693784535 0.478643268 0.538111269
vn 0.357844949 -0.035849091 0.933092654
vn -0.421681911 0.789772809 -0.445469737
vn 0.641483605 0.753399432 0.144527361
vn -0.391996682 0.039359238 -0.919124305
vn 0.760688722 -0.076380432 -0.644607365
vn -0.558924377 -0.632731438 -0.535961211
vn -0.757756829 -0.564457595 0.327402264
vn 0.479064316 -0.865808189 0.144477040
vn 0.001458203 -0.000813578 0.999998629
vn -0.561556399 -0.139150605 0.815654039
vn -0.158775881 -0.586064696 0.794555485
vn 0.379664719 -0.468433261 0.797762454
vn 0.565497220 0.157108203 0.809648037
vn 0.148449495 0.592724323 0.791606367
vn -0.370319694 0.460180998 0.806905687
vn -0.751765907 -0.045101095 0.657886028
vn -0.544232190 -0.522953987 0.655995786
vn -0.099047378 -0.727335036 0.679097533
vn 0.281047255 -0.682156384 0.675037086
vn 0.585385442 -0.439135224 0.681530714
vn 0.718632817 -0.112327367 0.686257601
vn 0.685967684 0.282253087 0.670657516
vn 0.458599359 0.578288078 0.674736738
vn 0.117600434 0.729825377 0.673442721
vn -0.276634216 0.684473932 0.674513876
vn -0.664258540 0.377552897 0.645146847
vn -0.710306108 -0.311019540 0.631452322
vn -0.468650818 -0.604842484 0.643841565
vn -0.629099607 0.433605552 0.645151138
vn -0.848609149 0.121501759 0.514878333
vn -0.785838068 -0.301925898 0.539721370
vn -0.542552352 -0.724394381 0.425311416
vn -0.285707593 -0.800196826 0.527310252
vn 0.115253136 -0.836415768 0.535840988
vn 0.532522023 -0.661124647 0.528521180
vn 0.802407205 -0.321326077 0.502883971
vn 0.845692635 0.084995791 0.526858509
vn 0.732051611 0.424707383 0.532657564
vn 0.544672966 0.675811589 0.496598542
vn 0.228789657 0.813261390 0.535033882
vn -0.126397461 0.837521613 0.531583667
vn -0.516568482 0.664148569 0.540429115
vn -0.730068147 0.411992610 0.545217931
vn -0.897716880 0.091435522 0.430980206
vn -0.906798244 -0.233845100 0.350761175
vn -0.700226188 -0.558639228 0.444528520
vn -0.236100212 -0.910773277 0.338745803
vn 0.262283236 -0.904008389 0.337603807
vn 0.461227715 -0.824119806 0.328778952
vn 0.667501152 -0.660084009 0.344574153
vn 0.826217234 -0.342460543 0.447309643
vn 0.941047430 -0.006357647 0.338214904
vn 0.907759607 0.261559963 0.327961743
vn 0.543163657 0.724598885 0.424181342
vn 0.024103833 0.945390522 0.325047255
vn -0.254823536 0.908553660 0.331051648
vn -0.464144826 0.820099175 0.334674358
vn -0.678642750 0.660158217 0.321924180
vn -0.929354966 -0.012988845 0.368959069
vn -0.820433259 -0.439561099 0.365616620
vn -0.655132294 -0.665962338 0.356785506
vn -0.483118057 -0.804682493 0.345084012
vn -0.009841396 -0.942109466 0.335160822
vn 0.789164543 -0.483448029 0.378810197
vn 0.901619375 -0.209820867 0.378229707
vn 0.734061241 0.583524287 0.347352117
vn 0.372852892 0.862811744 0.341374576
vn -0.862449229 0.369001627 0.346438020
vn -0.963897407 -0.259425133 0.060004752
vn 0.701225817 -0.703629792 0.114836514
vn 0.998071432 -0.003327142 0.061988030
vn 0.865984440 0.489590168 0.101845972
vn 0.252498150 0.963671863 0.087071151
vn -0.254092097 0.962467909 0.095355943
vn -0.963943660 0.243542686 0.107235506
vn -0.993034303 0.007821993 0.117566101
vn -0.872421861 -0.487402558 0.036315847
vn -0.704645216 -0.698262453 0.126113564
vn -0.509140015 -0.859204173 0.050443921
vn -0.255914569 -0.958879888 0.122707672
vn -0.000218222 -0.999473393 0.032449245
vn 0.254828423 -0.958150864 0.130420595
vn 0.499566466 -0.864525855 0.055031117
vn 0.858578682 -0.501234353 0.107735135
vn 0.958081067 -0.261891812 0.116160378
vn 0.958135247 0.257939905 0.124273226
vn 0.694171190 0.710042715 0.118176624
vn 0.497523963 0.865462482 0.058691576
vn 0.006496604 0.998959780 0.045134373
vn -0.497124583 0.859003305 0.122394584
vn -0.713039815 0.700473666 0.030180398
vn -0.861845374 0.504233539 0.054508545
vn -0.993711114 -0.012586969 -0.111265309
vn -0.703175604 -0.701474786 -0.116091415
vn -0.262000978 -0.958268881 -0.114351183
vn 0.258594751 -0.958799899 -0.117607854
vn 0.694915652 -0.710382044 -0.111577839
vn 0.861562848 -0.496581048 -0.105436251
vn 0.963669956 -0.243452832 -0.109867968
vn 0.963513017 0.243447006 -0.111248150
vn 0.861175239 0.497196525 -0.105702110
vn 0.689810455 0.715834200 -0.108364619
vn 0.240467682 0.919900060 -0.309773088
vn -0.239154324 0.918617904 -0.314557493
vn -0.488787651 0.865761995 -0.107437238
vn -0.956272781 0.270566702 -0.111067526
vn -0.909108162 -0.243229836 -0.338173896
vn -0.813289821 -0.468254894 -0.345394105
vn -0.467046291 -0.817659438 -0.336601824
vn -0.015843511 -0.932030559 -0.362033248
vn 0.461843550 -0.811215520 -0.358650118
vn 0.933347940 -0.009893180 -0.358836710
vn 0.470147312 0.814822376 -0.339154840
vn 0.017602583 0.930857182 -0.364958972
vn -0.667021811 0.662500739 -0.340844005
vn -0.813668787 0.462015361 -0.352824152
vn -0.927066386 -0.014710752 -0.374608666
vn -0.657898188 -0.648708999 -0.382552743
vn -0.227945700 -0.900307357 -0.370793074
vn 0.240351439 -0.898956001 -0.366209298
vn 0.665951729 -0.646515548 -0.372190833
vn 0.801859736 -0.475541085 -0.361775607
vn 0.897614717 -0.242385983 -0.368153512
vn 0.899898171 0.241995484 -0.362796783
vn 0.791862488 0.474076360 -0.384974629
vn 0.668136954 0.644937873 -0.371009558
vn -0.456408650 0.802516460 -0.384263515
vn -0.899032593 0.233628973 -0.370348334
vn -0.530912519 0.088574238 -0.842784941
vn -0.497816861 -0.213473767 -0.840599358
vn -0.256914049 -0.484452933 -0.836241901
vn 0.072916806 -0.534444988 -0.842052042
vn 0.326984793 -0.423066765 -0.845041692
vn 0.503487229 -0.200954750 -0.840308130
vn 0.523232043 0.148205310 -0.839204073
vn 0.279817730 0.478812933 -0.832129896
vn -0.078723513 0.536229610 -0.840393007
vn -0.384599119 0.383831531 -0.839497983
vn 0.000015169 0.000027016 -1.000000000
vn -0.425595939 -0.067665555 0.902379990
vn 0.045537043 0.998962641 0.000000229
vn 0.893171251 0.449687153 -0.005152890
vn 0.589375794 0.093704663 0.802406251
vn 0.997858763 -0.065403529 -0.000446346
vn 0.425594717 0.067664541 -0.902380645
vn 0.943825126 -0.330445617 -0.000000057
vn 0.185024023 -0.298216283 0.936393738
vn -0.045539029 -0.998962641 0.000000743
vn 0.185100794 -0.293857992 -0.937755406
vn -0.893171966 -0.449685723 0.005152398
vn -0.589372456 -0.093705684 -0.802408516
vn -0.997858763 0.065404147 0.000443756
vn -0.185099319 0.293858439 0.937755525
vn -0.943826020 0.330442846 0.000000386
vn -0.185023174 0.298215568 -0.936394155
vn -0.067162797 -0.425674438 0.902380466
vn -0.951056480 0.309017360 -0.000000401
vn -0.086162314 0.993948936 0.068128847
vn -0.226443872 0.268120944 -0.936394334
vn 0.093008794 0.589484215 0.802407444
vn 0.309017837 0.951056242 -0.000000511
vn 0.653934240 0.753477633 -0.068128593
vn 0.271245062 0.531571507 -0.802407563
vn 0.340793818 0.083814591 0.936394513
vn 0.951056361 -0.309017390 0.000000944
vn 0.076934926 -0.994341135 0.073258974
vn 0.222275972 -0.266847432 -0.937755764
vn -0.309016943 -0.951056540 -0.000000281
vn -0.195869371 -0.383855402 -0.902380288
vn -0.336674452 -0.085233703 0.937755585
vn -0.646700561 -0.759217680 -0.073259361
vn 0.345818937 -0.139880791 0.927816153
vn -0.596818388 -0.784020782 0.170644060
vn -0.986626923 0.153890565 -0.053711813
vn -0.345817298 0.139880762 -0.927816689
vn -0.473069131 0.187211245 0.860905051
vn -0.799569130 0.599526644 0.035454310
vn -0.506290615 0.862286866 -0.011451747
vn -0.285286307 0.362124503 -0.887399435
vn 0.057138465 0.401193112 0.914209664
vn 0.596817732 0.784021616 -0.170641869
vn 0.986626923 -0.153891057 0.053712178
vn 0.285289079 -0.362124443 0.887398481
vn 0.799569666 -0.599525809 -0.035456929
vn 0.473068714 -0.187211320 -0.860905290
vn 0.506288171 -0.862288296 0.011451721
vn -0.057137765 -0.401192993 -0.914209783
vn -0.349484265 -0.135202542 0.927136004
vn 0.239146844 -0.328894764 0.913584769
vn 0.577649117 -0.796108723 -0.180367753
vn -0.464311689 -0.885599017 0.011362388
vn -0.419562370 -0.430593401 0.799097419
vn -0.831586242 -0.555395603 -0.000000481
vn -0.285284996 -0.362124622 -0.887399673
vn -0.985092461 -0.172025844 -0.000000475
vn -0.345816612 -0.139881089 -0.927816927
vn -0.024240017 0.362948179 0.931494057
vn -0.624017596 0.781410277 -0.000001343
vn -0.024240546 0.362947434 -0.931494296
vn 0.569339514 0.822102606 -0.000000629
vn 0.524203181 0.269969493 0.807667971
vn 0.764022052 0.645190179 -0.000000991
vn 0.473067760 0.187212497 -0.860905528
vn 0.985735118 0.167920232 0.011362234
vn 0.067162946 -0.425674438 0.902380526
vn 0.951057196 0.309015095 0.000001517
vn 0.336673290 -0.085233666 0.937756002
vn 0.646699548 -0.759218693 -0.073258162
vn 0.309016854 -0.951056540 -0.000000317
vn 0.195869416 -0.383855194 -0.902380407
vn -0.076934129 -0.994341195 0.073258199
vn -0.340793103 0.083813913 0.936394930
vn -0.951056540 -0.309017211 0.000000000
vn -0.222276121 -0.266846925 -0.937755883
vn -0.653934538 0.753477395 -0.068128444
vn -0.271244854 0.531571686 -0.802407503
vn -0.093008414 0.589484394 0.802407384
vn -0.309017330 0.951056361 -0.000000316
vn 0.086161390 0.993949056 0.068128444
vn 0.226444677 0.268120050 -0.936394393
vn 0.193326443 -0.345810860 0.918171942
vn -0.282715112 0.831039429 0.479004830
vn 0.863576412 0.405043840 0.300292313
vn 0.193325326 0.345814914 -0.918170750
vn 0.863578558 -0.405038714 -0.300292671
vn -0.797159433 -0.449215174 0.403413832
vn -0.282714546 -0.831039310 -0.479005367
vn -0.797159791 0.449215293 -0.403412759
vn -0.193326250 0.345810026 0.918172300
vn 0.282714307 0.831040740 -0.479003251
vn 0.797158659 0.449214518 0.403415918
vn 0.797157109 -0.449218005 -0.403415143
vn 0.282713056 -0.831041574 0.479002357
vn -0.193324327 -0.345812827 -0.918171644
vn -0.863577187 -0.405042082 0.300292164
vn -0.863578916 0.405038089 -0.300292879
vn 0.236041859 -0.349013388 0.906903446
vn 0.363422096 0.817140043 0.447444409
vn 0.567136467 0.651676536 -0.503660500
vn 0.839820564 -0.484486848 -0.244896010
vn -0.315476686 -0.856976032 -0.407512635
vn -0.914572716 0.006702723 0.404365987
vn -0.408322185 0.238722339 -0.881070137
vn 0.254391223 -0.343287349 0.904123247
vn -0.443499088 0.602691352 0.663379014
vn 0.371838659 0.779822707 -0.503599584
vn 0.845002949 0.419556051 0.331576377
vn 0.632935762 -0.706927776 -0.315666586
vn -0.166670501 -0.323723942 -0.931355894
vn -0.809830368 -0.508507311 0.292566568
vn -0.843386769 0.400934964 -0.357701063
vn 0.193324342 -0.345814109 0.918171167
vn -0.282714754 0.831039846 0.479004294
vn 0.863578975 0.405037403 0.300293595
vn 0.193325952 0.345811993 -0.918171644
vn 0.863577425 -0.405040741 -0.300293565
vn -0.797160089 -0.449213892 0.403413892
vn -0.282714039 -0.831039965 -0.479004622
vn -0.797159731 0.449213624 -0.403414756
vn 0.193323508 -0.345808148 0.918173611
vn -0.282715589 0.831041098 0.479001611
vn 0.193324313 0.345809102 -0.918173075
vn 0.863575995 0.405044973 0.300291896
vn 0.863575995 -0.405044287 -0.300292522
vn -0.282715291 -0.831040978 -0.479002148
vn -0.797158241 -0.449213743 0.403417557
vn -0.797158301 0.449214846 -0.403416365
vn -0.193324700 0.345811158 0.918172181
vn 0.797157586 0.449215859 0.403416663
vn 0.282712638 0.831041694 -0.479002208
vn 0.797159076 -0.449212313 -0.403417617
vn 0.282713830 -0.831041157 0.479002565
vn -0.863575399 -0.405046910 0.300291091
vn -0.193322390 -0.345813453 -0.918171823
vn -0.863576710 0.405043215 -0.300291955
vn -0.395216823 0.058185764 0.916743279
vn 0.288552165 0.869509757 -0.400862128
vn 0.777729988 0.512794137 0.363563359
vn 0.386567920 -0.213092744 -0.897305250
vn 0.502447844 -0.807760239 0.308333427
vn -0.661798835 -0.624745965 -0.414384812
vn -0.795164466 0.543332517 -0.269264638
vn -0.204714268 0.341696322 0.917243540
vn 0.798880458 0.464406848 0.382251650
vn 0.287254721 0.832009435 -0.474599898
vn 0.771429598 -0.465396732 -0.433938026
vn 0.336984038 -0.812463939 0.475756556
vn -0.857336164 -0.414187461 0.305652618
vn -0.200491160 -0.344789833 -0.917018771
vn -0.863577485 0.405040979 -0.300292820
vn 0.395217359 -0.058186471 0.916742921
vn -0.502447784 0.807760417 0.308333457
vn 0.661797702 0.624745548 -0.414387256
vn 0.795163512 -0.543332934 -0.269266158
vn -0.288551748 -0.869510114 -0.400861621
vn -0.777729988 -0.512794256 0.363562912
vn -0.386568606 0.213091522 -0.897305310
vn 0.179865822 0.294438571 0.938591659
vn 0.558540225 0.828740478 -0.034956954
vn 0.628456473 0.032896556 -0.777148783
vn 0.822376788 -0.502066135 0.267630458
vn -0.346819729 -0.830737293 0.435421437
vn -0.604332030 -0.668841124 -0.432936877
vn -0.814419270 0.464738399 0.347475708
vn -0.374349445 0.235361412 -0.896921217
vn 0.395220995 -0.058177374 0.916741848
vn -0.502439916 0.807765067 0.308333784
vn 0.661796451 0.624749541 -0.414383411
vn 0.795164704 -0.543329239 -0.269270152
vn -0.288552374 -0.869510591 -0.400860131
vn -0.777733386 -0.512785971 0.363567680
vn -0.386568516 0.213093594 -0.897304773
vn 0.395216733 -0.058180183 0.916743696
vn -0.502446175 0.807762146 0.308331221
vn 0.661799073 0.624745607 -0.414384991
vn 0.795162916 -0.543334603 -0.269264609
vn -0.777733564 -0.512789607 0.363562047
vn -0.288554728 -0.869509161 -0.400861621
vn -0.386569679 0.213093728 -0.897304296
vn -0.236042202 0.349013299 0.906903505
vn 0.315484285 0.856972337 -0.407514483
vn 0.914574325 -0.006707037 0.404362202
vn 0.408323824 -0.238729700 -0.881067514
vn -0.363419652 -0.817141652 0.447443426
vn -0.567134142 -0.651679277 -0.503659606
vn -0.839821935 0.484484673 -0.244895503
vn -0.319338113 0.334140480 0.886776924
vn -0.210714012 -0.899738967 0.382190078
vn -0.320505559 -0.807733417 -0.494816124
vn -0.991720617 0.081824377 0.098970048
vn 0.236091182 -0.401974112 -0.884690821
vn -0.455912113 0.568117023 -0.685118377
vn 0.910932720 -0.082595088 -0.404202551
vn 0.253137589 0.924018204 -0.286551416
vn 0.701665699 -0.391327798 0.595422387
vn 0.321067989 0.808332741 0.493470848
vn -0.000612588 -0.000297687 0.999999762
vn -0.594138384 -0.171205163 0.785931528
vn -0.200105682 -0.576999247 0.791851997
vn 0.431687653 -0.416074455 0.800329804
vn 0.600964725 0.179727450 0.778806388
vn 0.132193029 0.587265074 0.798526645
vn -0.485158026 0.363277048 0.795393884
vn -0.738019943 -0.191366479 0.647074580
vn -0.525810122 -0.545683026 0.652498066
vn -0.151574671 -0.739483416 0.655888259
vn 0.216347799 -0.718286455 0.661255002
vn 0.572118163 -0.507051408 0.644654751
vn 0.709253848 0.270815045 0.650859594
vn 0.456924319 0.592782438 0.663196146
vn 0.051408153 0.760620296 0.647158384
vn -0.678432941 0.412317902 0.608048260
vn -0.841200113 -0.031942632 0.539779603
vn 0.746953428 -0.141559452 0.649631858
vn -0.333405137 0.673699856 0.659522176
vn -0.723038614 0.335931152 0.603626907
vn -0.778063357 -0.308091730 0.547445834
vn -0.544105470 -0.700155675 0.462310821
vn -0.102506928 -0.855436087 0.507662714
vn 0.324564606 -0.789863229 0.520359397
vn 0.682556272 -0.516979337 0.516574562
vn 0.846322477 -0.124078229 0.518018305
vn 0.831751406 0.205584079 0.515678942
vn 0.661501110 0.544819057 0.515352726
vn 0.359511673 0.777869046 0.515432894
vn 0.052097417 0.860280037 0.507153153
vn -0.313189805 0.793642759 0.521577835
vn -0.613250196 0.590618730 0.524493754
vn -0.794847548 0.297556341 0.528845608
vn -0.912200987 -0.262048602 0.314992100
vn -0.714797735 -0.562104642 0.416056007
vn -0.380218059 -0.824307442 0.419465691
vn -0.034315053 -0.943976402 0.328224123
vn -0.454728872 0.829867601 0.323328674
vn -0.943958223 0.010718737 0.329890907
vn -0.728006423 -0.587706983 0.352997363
vn -0.364697844 -0.863509834 0.348347813
vn 0.242581382 -0.914861917 0.322772235
vn 0.580360353 -0.753903031 0.307915688
vn 0.818328679 -0.477356136 0.320108384
vn 0.933204830 -0.130579799 0.334780067
vn 0.882542133 0.334953547 0.330038637
vn 0.653597236 0.680278480 0.331710547
vn 0.343865246 0.882456839 0.320977718
vn -0.100294665 0.942265511 0.319494426
vn -0.679587126 0.658393085 0.323542863
vn -0.875609756 0.354855627 0.327696592
vn -0.008902033 -0.998943627 0.045081642
vn 0.995544314 0.013028852 0.093390651
vn 0.859297097 0.504039884 0.086905085
vn 0.511711240 0.854185998 0.092292562
vn -0.263598621 0.961414993 0.078721426
vn -0.993277311 -0.003130186 0.115717113
vn -0.968843222 -0.247327268 0.013117791
vn -0.867788792 -0.485141039 0.107614838
vn -0.716518879 -0.697486877 0.010621283
vn -0.508614123 -0.859489262 0.050890591
vn -0.243185341 -0.963805497 0.109269969
vn 0.262747586 -0.962401509 0.068898931
vn 0.491940439 -0.870264828 0.025173973
vn 0.714730859 -0.699338019 0.009279314
vn 0.861750066 -0.505129635 0.047234021
vn 0.967105985 -0.250996470 0.041315027
vn 0.968560457 0.245510072 0.040193602
vn 0.710049510 0.703273237 0.035162814
vn 0.263237566 0.964410841 0.024855036
vn 0.000940316 0.999130487 0.041682169
vn -0.494120210 0.864429712 0.092771068
vn -0.693894088 0.719241202 0.034685850
vn -0.861718118 0.506784678 0.024721095
vn -0.970856845 0.237177089 0.034411773
vn -0.955778182 0.000892774 -0.294087201
vn -0.834577262 -0.465922087 -0.293934256
vn -0.254192680 -0.918659568 -0.302408248
vn 0.954865575 0.006251842 -0.296972781
vn 0.834515989 0.470575750 -0.286603421
vn 0.480236709 0.822723866 -0.304135144
vn -0.249586031 0.917766869 -0.308886647
vn -0.471751213 0.833636999 -0.287228584
vn -0.455182582 -0.814729333 -0.359200388
vn 0.021797996 -0.935041130 -0.353868663
vn 0.246101499 -0.911147654 -0.330520958
vn 0.797892392 -0.489523977 -0.351758748
vn 0.913911521 -0.248216346 -0.321176559
vn 0.906227887 0.220192909 -0.360924095
vn 0.646162510 0.675934255 -0.354382426
vn 0.006447589 0.942652881 -0.333712459
vn -0.670975149 0.660118997 -0.337691039
vn -0.909188807 0.239555314 -0.340571463
vn -0.890892208 -0.251537919 -0.378205925
vn -0.668457329 -0.663630366 -0.335797012
vn 0.576991498 -0.742828190 -0.339539468
vn 0.224239945 0.905308068 -0.360740781
vn -0.809156716 0.473796159 -0.347537875
vn -0.547971129 -0.068987899 -0.833647609
vn -0.399835885 -0.401794761 -0.823827803
vn -0.077897869 -0.548551559 -0.832480073
vn 0.288377285 -0.486062884 -0.824973702
vn 0.546049237 -0.126011088 -0.828221858
vn 0.479221672 0.294018537 -0.826982260
vn 0.225294665 0.502976120 -0.834420443
vn -0.065432779 0.547346294 -0.834344447
vn -0.334204972 0.444330454 -0.831190526
vn -0.503857672 0.209129736 -0.838088453
vn 0.000125239 -0.000073901 -1.000000000
vn -0.389547378 -0.095774725 0.916013181
vn -0.077475533 0.458381534 0.885372162
vn -0.077477723 0.458380133 -0.885372758
vn 0.176263839 0.984342992 -0.000000769
vn 0.677625656 0.142673075 0.721434653
vn 0.997980058 -0.063527539 -0.000000233
vn 0.677627027 0.142672300 -0.721433520
vn 0.271857888 -0.403693795 0.873570025
vn 0.271856993 -0.403693914 -0.873570263
vn 0.217255890 -0.976114690 0.000000558
vn -0.875457704 -0.483294815 0.000000135
vn -0.389548153 -0.095774285 -0.916012883
vn -0.596352994 0.078540593 0.798870862
vn -0.596354663 0.078540683 -0.798869491
vn -0.951126635 0.308801234 -0.000001333
vn -0.171317115 -0.397960871 0.901264369
vn -0.333701730 0.342635065 0.878205180
vn -0.887923360 0.459991425 0.000000481
vn -0.340806782 0.349463701 -0.872769177
vn 0.247975498 0.968766332 -0.000001404
vn 0.347051442 0.605785787 0.715946138
vn 0.345088571 0.600372553 -0.721433759
vn 0.263315678 -0.329386294 0.906735718
vn 0.997267842 -0.073814407 0.002907810
vn 0.395682514 -0.153955281 -0.905391157
vn 0.134475008 -0.990897238 -0.006251974
vn -0.102801032 -0.661491215 -0.742873669
vn -0.609359443 -0.792866647 0.006607356
vn -0.209327698 -0.265076458 -0.941231310
vn 0.371445537 -0.151488811 0.916012824
vn -0.206748620 -0.416376770 0.885372996
vn -0.721185088 -0.692742467 0.000001488
vn -0.206750154 -0.416376680 -0.885372818
vn -0.632072687 0.282874942 0.721433222
vn -0.770042241 0.637992918 0.000002727
vn -0.632073998 0.282875806 -0.721431792
vn 0.397978693 0.917394638 -0.000001828
vn 0.017350320 0.486387491 0.873570979
vn 0.017348016 0.486385882 -0.873571873
vn 0.992333472 -0.123589203 -0.000000357
vn 0.371447772 -0.151488975 -0.916011751
vn 0.436299235 -0.414066792 0.798869014
vn 0.436296701 -0.414068401 -0.798869550
vn 0.587969840 -0.808882952 0.000000442
vn -0.442033589 -0.191050544 0.876416624
vn 0.441367626 -0.896965027 0.025465505
vn 0.332110763 -0.325296879 -0.885372519
vn 0.065207735 -0.470906377 0.879769921
vn -0.816789508 -0.576900721 0.006357619
vn -0.464351028 -0.513722956 -0.721433938
vn -0.765606105 0.643189073 -0.012453152
vn -0.457221985 0.166801155 -0.873570502
vn -0.028388537 0.425261408 0.904625297
vn 0.472970366 0.879514098 -0.052478287
vn 0.258857340 0.306454331 -0.916012347
vn 0.529520631 0.297918290 0.794262350
vn 0.528625250 0.286988795 -0.798869789
vn 0.955306530 0.294479191 0.025914466
vn -0.213063225 0.412545383 0.885669470
vn 0.992165923 0.124924615 0.000828509
vn 0.411848515 0.215752482 -0.885342658
vn 0.347050726 -0.605785310 0.715946972
vn 0.257176816 -0.965864658 0.031074736
vn 0.361857384 -0.605550230 -0.708779395
vn -0.847882271 -0.529997587 0.014081415
vn -0.000775209 -0.431793690 -0.901971996
vn -0.292733610 -0.372780800 0.880534828
vn -0.692319334 0.719536185 0.054420643
vn -0.426214516 0.121965840 -0.896362364
vn 0.331773639 0.355172902 0.873944283
vn -0.039498307 0.998824537 0.028096721
vn -0.132893145 0.583827734 -0.800927341
vn 0.193320081 -0.345808864 0.918174028
vn -0.282715082 0.831040800 0.479002655
vn 0.863575041 0.405047476 0.300290972
vn 0.193322718 0.345806420 -0.918174446
vn 0.863575220 -0.405048311 -0.300289720
vn -0.797159433 -0.449216276 0.403412700
vn -0.282713056 -0.831042588 -0.479000568
vn -0.797161162 0.449212283 -0.403413534
vn 0.193319663 -0.345807314 0.918174744
vn -0.282714963 0.831040978 0.479002446
vn 0.193317890 0.345806628 -0.918175340
vn 0.863576710 0.405043989 0.300290763
vn 0.863576889 -0.405044436 -0.300289810
vn -0.282717109 -0.831041157 -0.479000866
vn -0.797159851 -0.449214399 0.403413743
vn -0.797158957 0.449213535 -0.403416395
vn -0.193321332 0.345804662 0.918175399
vn 0.797159255 0.449215055 0.403414130
vn 0.282717615 0.831038892 -0.479004234
vn 0.797158778 -0.449218869 -0.403410882
vn 0.282713145 -0.831041992 0.479001492
vn -0.863574445 -0.405048996 0.300290704
vn -0.193317875 -0.345812410 -0.918173254
vn -0.863576353 0.405044824 -0.300290734
vn 0.193321258 -0.345809609 0.918173492
vn -0.282715380 0.831040859 0.479002208
vn 0.193318829 0.345809281 -0.918174148
vn 0.863576353 0.405046463 0.300288677
vn 0.863578916 -0.405041009 -0.300288349
vn -0.282715112 -0.831041336 -0.479001582
vn -0.797159076 -0.449217558 0.403411776
vn -0.797158837 0.449215800 -0.403414249
vn -0.255681574 0.337130815 0.906073809
vn 0.614426553 0.744535208 0.261050612
vn 0.183245569 0.331567109 -0.925464392
vn 0.868682981 -0.388200462 -0.307717890
vn 0.468151450 -0.583129346 0.663923502
vn -0.838023067 -0.408097267 0.362179428
vn -0.290599763 -0.818706751 -0.495248467
vn -0.804488301 0.465606481 -0.368794262
vn 0.193322331 -0.345813870 0.918171763
vn -0.282716006 0.831039965 0.479003221
vn 0.193327576 0.345809698 -0.918172240
vn 0.863577604 0.405040294 0.300293416
vn 0.863574684 -0.405045658 -0.300294489
vn -0.282712579 -0.831042051 -0.479001820
vn -0.797159672 -0.449215502 0.403412908
vn -0.797160029 0.449213594 -0.403414190
vn 0.193324342 -0.345808655 0.918173254
vn -0.282716215 0.831041574 0.479000568
vn 0.863574862 0.405047387 0.300291687
vn 0.193323851 0.345806301 -0.918174148
vn 0.863573551 -0.405049503 -0.300292581
vn -0.797158897 -0.449214965 0.403414875
vn -0.282714546 -0.831042886 -0.478999168
vn -0.797158897 0.449212611 -0.403417587
vn 0.193321899 -0.345813274 0.918171942
vn -0.282717824 0.831038952 0.479004115
vn 0.193324968 0.345811367 -0.918172061
vn 0.863576531 0.405042976 0.300292909
vn 0.863574564 -0.405044109 -0.300296873
vn -0.282713205 -0.831041396 -0.479002625
vn -0.797157109 -0.449216247 0.403417051
vn -0.797160566 0.449212402 -0.403414428
vn -0.193324640 0.345809221 0.918172956
vn 0.282712549 0.831041992 -0.479001939
vn 0.797161222 0.449209839 0.403416038
vn 0.797159553 -0.449214935 -0.403413713
vn 0.282713205 -0.831040680 0.479003757
vn -0.193326846 -0.345811158 -0.918171763
vn -0.863577247 -0.405042768 0.300291091
vn -0.863577902 0.405039757 -0.300293237
vn 0.193324164 -0.345806897 0.918173969
vn -0.282716125 0.831040919 0.479001820
vn 0.863576055 0.405043721 0.300293118
vn 0.193323866 0.345811546 -0.918172240
vn 0.863577068 -0.405040383 -0.300294727
vn -0.797159851 -0.449211419 0.403417081
vn -0.282714576 -0.831040323 -0.479003549
vn -0.797160029 0.449214101 -0.403413624
vn 0.167614102 -0.316886216 0.933535635
vn -0.366197288 0.779244840 0.508603096
vn 0.862000167 0.383140802 0.331901759
vn 0.400661379 0.624811530 -0.670135081
vn 0.808673501 -0.496717632 -0.315148711
vn -0.632937729 -0.706929088 0.315659761
vn -0.247581765 -0.353572011 -0.902047753
vn -0.849227011 0.415022850 -0.326450050
vn 0.193318889 -0.345809639 0.918174028
vn -0.282712579 0.831040740 0.479004055
vn 0.863576770 0.405042559 0.300292850
vn 0.193320692 0.345804542 -0.918175519
vn 0.863575935 -0.405045480 -0.300291240
vn -0.797161579 -0.449211866 0.403413177
vn -0.282713771 -0.831041038 -0.479002684
vn -0.797158778 0.449214041 -0.403416127
vn 0.193320110 -0.345808715 0.918174088
vn -0.282714814 0.831040323 0.479003549
vn 0.863575280 0.405046672 0.300291330
vn 0.193322107 0.345806032 -0.918174684
vn 0.863574028 -0.405048132 -0.300292969
vn -0.797159195 -0.449217111 0.403412044
vn -0.282713503 -0.831041992 -0.479001403
vn -0.797158659 0.449216276 -0.403413951
vn -0.193322077 0.345805258 0.918175042
vn 0.797158659 0.449215293 0.403415263
vn 0.282714218 0.831039786 -0.479004711
vn 0.797158241 -0.449217290 -0.403413594
vn 0.282712251 -0.831041694 0.479002655
vn -0.863573790 -0.405048370 0.300293386
vn -0.193318874 -0.345811218 -0.918173432
vn -0.863575935 0.405045241 -0.300291359
vn 0.124162264 0.360539019 0.924443305
vn -0.832717955 -0.453728706 0.317349881
vn -0.489720225 0.682606399 0.542423010
vn -0.807094514 -0.233184025 -0.542424023
vn -0.373376518 0.871710122 -0.317350835
vn -0.125563711 -0.360052139 -0.924443722
vn 0.541228652 -0.709134161 -0.451885313
vn 0.628670454 0.571355164 -0.527566850
vn 0.140300572 -0.837847590 0.527567208
vn 0.863973498 0.222150147 0.451884121
vn 0.000480833 0.001644134 0.999998510
vn -0.598659158 -0.059608255 0.798782825
vn -0.304673821 -0.538634658 0.785523057
vn 0.251827598 -0.557230353 0.791250527
vn 0.588789344 -0.026793877 0.807842433
vn 0.256529033 0.542423368 0.799981177
vn -0.353204012 0.487006247 0.798793912
vn -0.717814028 -0.298410594 0.629042268
vn -0.457381070 -0.625896335 0.631709039
vn -0.078713313 -0.760162175 0.644947827
vn 0.394629836 -0.668127000 0.630772233
vn 0.633095920 -0.437009007 0.638915300
vn 0.774473369 -0.094923280 0.625444293
vn 0.703751683 0.331081480 0.628584623
vn 0.372603208 0.686865866 0.624004960
vn -0.083805002 0.763686836 0.640124440
vn -0.470219284 0.619555235 0.628526151
vn -0.747085512 0.206495211 0.631841004
vn -0.786899686 0.101514079 0.608673811
vn -0.735584557 -0.278202266 0.617672205
vn -0.497700810 -0.608350813 0.618225813
vn 0.292087734 -0.734763086 0.612215698
vn 0.753543496 -0.278561920 0.595462382
vn 0.781630695 0.113343351 0.613357067
vn 0.551098943 0.564104676 0.614878774
vn 0.101134554 0.783663690 0.612897217
vn -0.296100110 0.736001194 0.608791471
vn -0.625813365 0.481822044 0.613355696
vn -0.850922942 0.124547444 0.510311723
vn -0.831624627 -0.190410525 0.521674633
vn -0.678976715 -0.500715077 0.536912501
vn -0.356335163 -0.776476204 0.519721031
vn -0.000548679 -0.850990057 0.525181472
vn 0.237308756 -0.826107860 0.511106968
vn 0.412502438 -0.746028900 0.522764385
vn 0.614014566 -0.587121964 0.527516723
vn 0.733807325 -0.424497783 0.530404031
vn 0.847065568 -0.096567050 0.522642076
vn 0.812328160 0.333870173 0.478177488
vn 0.524112105 0.695245147 0.491874695
vn 0.128645957 0.838141084 0.530065835
vn -0.218275011 0.818111956 0.532023311
vn -0.535893440 0.671905160 0.511235416
vn -0.730749488 0.451150179 0.512317061
vn -0.899049282 0.126511857 0.419172198
vn -0.667287350 -0.668540835 0.328299910
vn -0.487382323 -0.812630773 0.319515020
vn -0.226479575 -0.921424270 0.315728158
vn 0.915656745 -0.239419386 0.322879583
vn 0.897684693 0.144254029 0.416356802
vn 0.705705225 0.564054668 0.428745210
vn 0.370093822 0.830163062 0.416965097
vn 0.006966192 0.945943832 0.324255913
vn -0.478142679 0.813867152 0.330151379
vn -0.941572070 -0.017726637 0.336344898
vn -0.918942094 -0.229120761 0.321012557
vn -0.824451447 -0.470821887 0.314016730
vn 0.140167087 -0.935851634 0.323318720
vn 0.573373616 -0.749112785 0.331772268
vn 0.825446010 -0.466267854 0.318171710
vn 0.934144258 -0.027697543 0.355819523
vn 0.898009360 0.270003736 0.347386271
vn 0.749235094 0.548731625 0.370864481
vn 0.495997190 0.790921211 0.358372182
vn 0.217295304 0.912603557 0.346320182
vn -0.253479779 0.914358437 0.315747857
vn -0.644688964 0.683529019 0.342292577
vn -0.826747119 0.460285336 0.323460370
vn -0.904688060 0.252314031 0.343332380
vn -0.699793577 -0.705924928 0.109356977
vn -0.006068679 -0.998237073 0.059040856
vn 0.492606044 -0.863177538 0.110742114
vn 0.995055437 -0.001409070 0.099311724
vn 0.698198438 0.708327651 0.103879094
vn -0.259067297 0.961930096 0.087032482
vn -0.487821996 0.865617454 0.112854794
vn -0.998783946 -0.004010993 0.049139082
vn -0.966869414 -0.252905309 0.034675509
vn -0.864085257 -0.500563562 0.052846327
vn -0.501809537 -0.858398080 0.106489196
vn -0.256646931 -0.959621847 0.115144894
vn 0.260938823 -0.964474499 0.041230466
vn 0.708172202 -0.700457275 0.088610634
vn 0.859344125 -0.509580612 0.043073814
vn 0.958290458 -0.259046972 0.120723620
vn 0.960132837 0.254645169 0.115329288
vn 0.866540611 0.496977746 0.046050563
vn 0.501558542 0.859017849 0.102602653
vn 0.257069141 0.962060094 0.091409601
vn -0.002777674 0.994276285 0.106803253
vn -0.700531304 0.712331176 0.042896785
vn -0.857489824 0.511911392 0.051555011
vn -0.958786786 0.258124411 0.118741877
vn -0.712217450 -0.693792701 -0.106761165
vn -0.496615946 -0.861943245 -0.102110110
vn -0.239930078 -0.965258181 -0.103490844
vn 0.502300084 -0.858669221 -0.101891555
vn 0.682181299 -0.666700244 -0.300232500
vn 0.956596792 -0.271870703 -0.104922719
vn 0.994877398 -0.000554739 -0.101087935
vn 0.957359016 0.268258333 -0.107243568
vn 0.712442100 0.693692982 -0.105906881
vn 0.481909722 0.870932579 -0.096122168
vn 0.252177119 0.918316782 -0.305124760
vn 0.000085869 0.995908022 -0.090372331
vn -0.252648145 0.917518258 -0.307130784
vn -0.491763413 0.864824355 -0.101230249
vn -0.960782766 0.255393982 -0.108029008
vn -0.948635817 -0.007318101 -0.316285670
vn -0.908658803 -0.255538911 -0.330210716
vn -0.824793875 -0.451930165 -0.339814961
vn 0.015536747 -0.943312109 -0.331543237
vn 0.225534603 -0.909120977 -0.350190043
vn 0.805114985 -0.480672926 -0.347481757
vn 0.807945251 0.474573314 -0.349291682
vn -0.671930969 0.666847229 -0.322216630
vn -0.820474327 0.466813356 -0.330011010
vn -0.662472725 -0.661005020 -0.352423429
vn -0.474550575 -0.800620735 -0.365798146
vn -0.243506283 -0.909494340 -0.336934358
vn 0.465477735 -0.810528219 -0.355491906
vn 0.905631900 -0.238646880 -0.350540400
vn 0.933218539 -0.009952572 -0.359171420
vn 0.910276949 0.235265329 -0.340655357
vn 0.662802041 0.664242566 -0.345651865
vn 0.454255551 0.807167411 -0.377004921
vn -0.000000015 0.934274197 -0.356555521
vn -0.450161517 0.807168126 -0.381882548
vn -0.892185986 0.251338184 -0.375277668
vn -0.560116291 -0.013968463 -0.828296185
vn -0.430412412 -0.344061255 -0.834486067
vn -0.117308795 -0.547246277 -0.828709900
vn 0.292953044 -0.479507178 -0.827194929
vn 0.513372481 -0.201851249 -0.834089279
vn 0.536190510 0.143206760 -0.831860304
vn 0.342790186 0.431645274 -0.834372342
vn -0.007054040 0.567067266 -0.823641300
vn -0.407542169 0.383313596 -0.828842640
vn -0.000102493 0.000064555 -1.000000000
vn -0.360131681 -0.087684058 0.928771615
vn -0.024100717 0.986543715 0.161712155
vn 0.916401982 0.399941236 0.015949713
vn 0.180307627 0.335270584 -0.924706936
vn 0.486879140 0.122500166 0.864836574
vn 1.000000000 0.000000033 -0.000000417
vn 0.193265170 -0.296295047 0.935338318
vn 0.918446183 -0.389279544 -0.070129089
vn 0.580595911 -0.090935260 -0.809097767
vn -0.000000239 -1.000000000 -0.000002299
vn -0.184150875 -0.282479376 -0.941431820
vn -0.921703875 -0.381465375 0.070329979
vn -0.438049614 0.120856754 0.890789568
vn -0.998188555 -0.048699670 -0.035327025
vn -0.423025340 0.065950088 -0.903714657
vn -0.887931168 0.456725240 -0.054592647
vn 0.193444252 0.381940782 0.903714895
vn -0.964337349 0.264676243 -0.000001014
vn -0.211747751 0.262428939 0.941431880
vn -0.023113871 0.999732852 -0.000001578
vn -0.211746931 0.262427837 -0.941432357
vn 0.252399683 0.967623055 0.000000247
vn 0.698389292 0.715718091 -0.000000496
vn 0.193443820 0.381941259 -0.903714836
vn 0.964337885 -0.264674366 0.000000089
vn 0.215715304 -0.264043003 0.940078914
vn 0.023113510 -0.999732852 -0.000000731
vn 0.215715617 -0.264042735 -0.940078914
vn -0.238646373 -0.971106529 0.000000540
vn -0.265898794 -0.524077058 0.809098959
vn -0.711086512 -0.703104556 -0.000001187
vn -0.265897214 -0.524077237 -0.809099436
vn -0.236669227 0.287333548 0.928130984
vn -0.230079666 -0.316918939 0.920122743
vn -0.578589857 -0.797430158 -0.171286225
vn -0.529805601 0.262907296 0.806340992
vn -0.985751212 0.167966977 0.009036168
vn -0.465897888 0.187075660 -0.864836335
vn -0.774594069 0.631445169 -0.035790849
vn -0.521455407 0.850375175 0.070329934
vn 0.017802563 0.353306204 -0.935338378
vn 0.330512166 0.126108989 0.935338557
vn 0.587785482 0.809016824 0.000000716
vn 0.969893754 -0.233152002 -0.070329726
vn 0.342891932 -0.140743136 -0.928771496
vn 0.839902997 -0.541555405 0.035788387
vn 0.412963033 -0.407846034 0.814323783
vn 0.464359969 -0.885600448 0.009033787
vn 0.283354342 -0.355254143 -0.890788853
vn -0.236668304 -0.287332863 0.928131461
vn 0.549715459 -0.835352063 0.000000805
vn -0.465342224 -0.885130823 -0.000000341
vn -0.239813745 -0.282618195 -0.928771436
vn -0.785409987 -0.618975878 0.000000693
vn -0.529802978 -0.262905359 0.806343317
vn -0.985751212 -0.167966992 0.009036873
vn -0.425426364 -0.159703806 -0.890790164
vn -0.230081275 0.316917717 0.920122743
vn -0.579604506 0.796693504 -0.171283931
vn 0.412963539 0.407846093 0.814323425
vn 0.464360088 0.885600507 0.009036073
vn 0.321892470 0.385287791 -0.864834428
vn 0.849831462 0.527054489 0.000000901
vn 0.330512822 -0.126108930 0.935338318
vn 0.957944691 0.286953211 -0.000000336
vn 0.330511898 -0.126108289 -0.935338795
vn 0.067999527 -0.422701240 0.903714418
vn 0.935737252 0.352697968 0.000001312
vn 0.325559497 -0.087847367 0.941431820
vn 0.606326282 -0.795216024 0.000000205
vn 0.325559229 -0.087846532 -0.941431999
vn 0.364559442 -0.931180060 -0.000000904
vn 0.067999654 -0.422701836 -0.903714180
vn -0.144320950 -0.989530981 -0.000001522
vn -0.935736656 -0.352699548 0.000000656
vn -0.329718679 0.086820848 0.940078616
vn -0.606327295 0.795215189 0.000001520
vn -0.329719603 0.086822487 -0.940078199
vn -0.377732605 0.925914764 0.000000631
vn -0.092928171 0.580281556 0.809096813
vn 0.162007332 0.986789644 -0.000001257
vn -0.092928723 0.580279410 -0.809098303
vn 0.255686164 -0.337127805 0.906073570
vn 0.290600568 0.818707108 -0.495247364
vn 0.838021219 0.408099800 0.362181157
vn 0.804488182 -0.465605408 -0.368795902
vn -0.183246613 -0.331566691 -0.925464332
vn -0.614426851 -0.744535387 0.261049181
vn -0.468149334 0.583131731 0.663922906
vn -0.868683636 0.388201386 -0.307714880
vn 0.193321526 -0.345807076 0.918174386
vn -0.282712191 0.831041276 0.479003310
vn 0.193318993 0.345806420 -0.918175220
vn 0.863576829 0.405044466 0.300289899
vn 0.863575995 -0.405043870 -0.300293058
vn -0.282713652 -0.831041992 -0.479001403
vn -0.797158539 -0.449213058 0.403417706
vn -0.797158420 0.449213594 -0.403417349
vn 0.247581363 -0.353565484 0.902050376
vn -0.400663793 0.624814212 0.670131207
vn 0.849229097 0.415017635 0.326451361
vn 0.366197377 0.779244483 -0.508603513
vn 0.632935047 -0.706929982 -0.315663308
vn -0.808674574 -0.496716022 0.315148622
vn -0.167615399 -0.316882908 -0.933536530
vn -0.862001717 0.383140326 -0.331898421
vn -0.201048180 0.313143194 0.928181589
vn 0.001217497 0.999481380 -0.032181002
vn -0.340578616 -0.063131250 -0.938094199
vn 0.914511144 -0.044588145 0.402096093
vn 0.717115521 -0.089095205 -0.691236198
vn -0.289056540 -0.859205127 0.422152728
vn -0.996878982 0.016046915 -0.077297524
vn -0.193319693 0.345809847 0.918173730
vn 0.797163129 0.449207842 0.403414458
vn 0.282713711 0.831041157 -0.479002714
vn 0.797161579 -0.449211925 -0.403413028
vn 0.282717943 -0.831041038 0.479000539
vn -0.863575637 -0.405043721 0.300294489
vn -0.193324476 -0.345815688 -0.918170571
vn -0.863575816 0.405047923 -0.300288081
vn 0.193321750 -0.345809370 0.918173552
vn -0.282715410 0.831041694 0.479000717
vn 0.193322912 0.345807135 -0.918174088
vn 0.863576114 0.405044854 0.300291508
vn 0.863576174 -0.405043572 -0.300293028
vn -0.282713950 -0.831042290 -0.479000598
vn -0.797158122 -0.449214220 0.403417259
vn -0.797158659 0.449216515 -0.403413922
vn -0.167616382 0.316882730 0.933536410
vn 0.247585118 0.353569239 -0.902047873
vn 0.632933974 0.706929982 0.315665215
vn 0.849227786 -0.415017813 -0.326454312
vn 0.366199046 -0.779244363 0.508602500
vn -0.400660932 -0.624812543 -0.670134425
vn -0.862001538 -0.383139580 0.331900001
vn -0.808673203 0.496717364 -0.315150052
vn 0.247588009 -0.353565395 0.902048588
vn -0.400659919 0.624813974 0.670133650
vn 0.849226952 0.415021122 0.326452196
vn 0.366197526 0.779243290 -0.508605242
vn 0.632935405 -0.706929088 -0.315664411
vn -0.808673978 -0.496717453 0.315148175
vn -0.167618036 -0.316885531 -0.933535099
vn -0.861999393 0.383141547 -0.331902981
vn -0.183251143 0.331567138 0.925463319
vn -0.614424884 0.744537234 -0.261048734
vn 0.804486513 0.465606302 0.368798435
vn 0.255680472 0.337134600 -0.906072736
vn 0.838021219 -0.408099353 -0.362181425
vn 0.290600002 -0.818706036 0.495249480
vn -0.868680298 -0.388205081 0.307719916
vn -0.468152523 -0.583128154 -0.663923740
vn 0.183247849 -0.331572205 0.925462186
vn -0.290601671 0.818705976 0.495248586
vn 0.468152493 0.583130121 -0.663922071
vn 0.868682623 0.388202280 0.307716340
vn 0.614427626 -0.744534671 -0.261049390
vn -0.255682915 -0.337134361 -0.906072080
vn -0.804488242 -0.465605259 0.368795961
vn -0.838020980 0.408100635 -0.362180710
vn -0.193323269 0.345808268 0.918173611
vn 0.797158897 0.449217439 0.403412431
vn 0.282716423 0.831040084 -0.479002953
vn 0.797160268 -0.449211925 -0.403415740
vn 0.282713920 -0.831040502 0.479003727
vn -0.863575101 -0.405046910 0.300291628
vn -0.193317786 -0.345810145 -0.918174088
vn -0.863575816 0.405046701 -0.300289869
vn -0.167613596 0.316885680 0.933535814
vn 0.632934690 0.706929743 0.315664530
vn 0.247586712 0.353566080 -0.902048767
vn 0.849227071 -0.415022343 -0.326450348
vn 0.366199255 -0.779242992 0.508604407
vn -0.862001061 -0.383140802 0.331899583
vn -0.400661558 -0.624811053 -0.670135438
vn -0.808672786 0.496721178 -0.315145373
vn 0.183246121 -0.331570059 0.925463200
vn -0.290600836 0.818707108 0.495247245
vn 0.468151748 0.583128631 -0.663923979
vn 0.868683934 0.388202161 0.307713032
vn 0.614427030 -0.744535089 -0.261049807
vn -0.255683988 -0.337131560 -0.906072915
vn -0.804488838 -0.465604424 0.368795872
vn -0.838019669 0.408102006 -0.362181902
vn 0.193318844 -0.345807642 0.918174803
vn -0.282714427 0.831042469 0.479000002
vn 0.193319067 0.345807552 -0.918174803
vn 0.863575518 0.405047119 0.300290346
vn 0.863575757 -0.405047119 -0.300289363
vn -0.282714814 -0.831041574 -0.479001284
vn -0.797160625 -0.449214190 0.403412461
vn -0.797157884 0.449216574 -0.403415173
usemtl field_material_05
f 5//5 9//9 10//10
f 2//2 8//8 3//3
f 6//6 5//5 10//10
f 3//3 9//9 4//4
f 2//2 1//1 7//7
f 8//8 13//13 9//9
f 7//7 1//1 11//11
f 9//9 14//14 10//10
f 7//7 12//12 8//8
f 6//6 10//10 14//14
f 12//12 17//17 13//13
f 11//11 1//1 15//15
f 14//14 17//17 18//18
f 11//11 16//16 12//12
f 6//6 14//14 18//18
f 16//16 21//21 17//17
f 15//15 1//1 19//19
f 17//17 22//22 18//18
f 15//15 20//20 16//16
f 6//6 18//18 22//22
f 20//20 25//25 21//21
f 19//19 1//1 23//23
f 22//22 25//25 26//26
f 19//19 24//24 20//20
f 6//6 22//22 26//26
f 24//24 29//29 25//25
f 23//23 1//1 27//27
f 25//25 30//30 26//26
f 23//23 28//28 24//24
f 6//6 26//26 30//30
f 28//28 33//33 29//29
f 27//27 1//1 31//31
f 30//30 33//33 34//34
f 27//27 32//32 28//28
f 6//6 30//30 34//34
f 32//32 4//4 33//33
f 31//31 1//1 2//2
f 33//33 5//5 34//34
f 31//31 3//3 32//32
f 6//6 34//34 5//5
f 36//36 37//37 35//35
f 37//37 40//40 39//39
f 39//39 42//42 41//41
f 41//41 44//44 43//43
f 36//36 44//44 40//40
f 43//43 46//46 45//45
f 46//46 35//35 45//45
f 41//41 43//43 45//45
usemtl field_material_17
f 48//48 49//49 47//47
f 50//50 51//51 49//49
f 51//51 54//54 53//53
f 54//54 55//55 53//53
f 56//56 57//57 55//55
f 57//57 60//60 59//59
f 60//60 61//61 59//59
f 62//62 63//63 61//61
usemtl field_material_05
f 67//67 66//66 69//69
f 68//68 69//69 66//66
usemtl field_material_17
f 72//72 73//73 71//71
f 73//73 76//76 75//75
f 75//75 78//78 77//77
f 78//78 79//79 77//77
f 79//79 82//82 81//81
f 82//82 83//83 81//81
f 84//84 85//85 83//83
f 86//86 87//87 85//85
f 87//87 88//88 89//89
usemtl field_material_05
f 90//90 93//93 92//92
f 93//93 94//94 92//92
f 94//94 91//91 90//90
usemtl field_material_17
f 96//96 97//97 95//95
f 98//98 99//99 97//97
f 99//99 102//102 101//101
f 102//102 103//103 101//101
f 104//104 105//105 103//103
f 106//106 107//107 105//105
f 108//108 109//109 107//107
f 109//109 112//112 111//111
f 111//111 112//112 113//113
usemtl field_material_05
f 114//114 117//117 116//116
f 119//119 118//118 116//116
f 115//115 114//114 118//118
f 120//120 123//123 122//122
f 123//123 124//124 122//122
f 125//125 126//126 124//124
f 126//126 129//129 128//128
f 129//129 127//127 125//125
f 128//128 131//131 130//130
f 131//131 120//120 130//130
f 126//126 128//128 130//130
usemtl field_material_07
f 133//133 134//134 132//132
f 134//134 137//137 136//136
f 137//137 138//138 136//136
f 139//139 140//140 138//138
f 141//141 142//142 140//140
f 143//143 144//144 142//142
f 145//145 146//146 144//144
f 147//147 148//148 146//146
f 148//148 149//149 150//150
usemtl field_material_05
f 154//154 153//153 151//151
f 153//153 156//156 155//155
f 155//155 152//152 151//151
usemtl field_material_07
f 157//157 160//160 159//159
f 160//160 161//161 159//159
f 162//162 163//163 161//161
f 163//163 166//166 165//165
f 166//166 167//167 165//165
f 167//167 170//170 169//169
f 170//170 171//171 169//169
f 172//172 173//173 171//171
usemtl field_material_05
f 176//176 179//179 178//178
f 180//180 181//181 178//178
f 181//181 177//177 176//176
usemtl field_material_07
f 182//182 185//185 184//184
f 185//185 186//186 184//184
f 187//187 188//188 186//186
f 189//189 190//190 188//188
f 191//191 192//192 190//190
f 193//193 194//194 192//192
f 194//194 197//197 196//196
f 196//196 199//199 198//198
f 198//198 199//199 200//200
usemtl field_material_05
f 201//201 204//204 203//203
f 202//202 205//205 204//204
f 205//205 206//206 203//203
f 206//206 202//202 201//201
f 208//208 209//209 207//207
f 210//210 211//211 209//209
f 212//212 213//213 211//211
f 214//214 215//215 213//213
f 214//214 212//212 208//208
f 216//216 217//217 215//215
f 218//218 207//207 217//217
f 215//215 217//217 209//209
usemtl field_material_23
f 220//220 221//221 219//219
f 221//221 224//224 223//223
f 224//224 225//225 223//223
f 226//226 227//227 225//225
f 228//228 229//229 227//227
f 230//230 231//231 229//229
f 232//232 233//233 231//231
f 234//234 235//235 233//233
usemtl field_material_05
f 238//238 239//239 241//241
f 239//239 238//238 240//240
f 240//240 242//242 241//241
f 239//239 240//240 241//241
usemtl field_material_23
f 243//243 246//246 245//245
f 246//246 247//247 245//245
f 247//247 250//250 249//249
f 250//250 251//251 249//249
f 252//252 253//253 251//251
f 254//254 255//255 253//253
f 255//255 258//258 257//257
f 257//257 260//260 259//259
f 259//259 260//260 261//261
usemtl field_material_05
f 263//263 262//262 266//266
f 262//262 265//265 264//264
f 263//263 267//267 265//265
f 267//267 266//266 264//264
f 262//262 264//264 266//266
usemtl field_material_23
f 269//269 270//270 268//268
f 271//271 272//272 270//270
f 272//272 275//275 274//274
f 274//274 277//277 276//276
f 276//276 279//279 278//278
f 279//279 280//280 278//278
f 281//281 282//282 280//280
f 283//283 284//284 282//282
usemtl field_material_05
f 291//291 288//288 287//287
f 289//289 290//290 287//287
f 288//288 292//292 289//289
f 290//290 292//292 291//291
f 293//293 296//296 295//295
f 296//296 297//297 295//295
f 298//298 299//299 297//297
f 300//300 301//301 299//299
f 302//302 300//300 298//298
f 301//301 304//304 303//303
f 303//303 294//294 293//293
f 299//299 301//301 303//303
usemtl field_material_07
f 306//306 307//307 305//305
f 308//308 309//309 307//307
f 309//309 312//312 311//311
f 311//311 314//314 313//313
f 314//314 315//315 313//313
f 316//316 317//317 315//315
f 318//318 319//319 317//317
f 320//320 321//321 319//319
f 321//321 322//322 323//323
usemtl field_material_05
f 325//325 324//324 328//328
f 324//324 327//327 326//326
f 326//326 329//329 328//328
usemtl field_material_07
f 331//331 332//332 330//330
f 333//333 334//334 332//332
f 334//334 337//337 336//336
f 337//337 338//338 336//336
f 339//339 340//340 338//338
f 341//341 342//342 340//340
f 343//343 344//344 342//342
f 344//344 347//347 346//346
usemtl field_material_05
f 350//350 349//349 351//351
f 352//352 351//351 349//349
usemtl field_material_07
f 355//355 356//356 354//354
f 357//357 358//358 356//356
f 358//358 361//361 360//360
f 361//361 362//362 360//360
f 362//362 365//365 364//364
f 365//365 366//366 364//364
f 367//367 368//368 366//366
f 369//369 370//370 368//368
f 370//370 371//371 372//372
usemtl field_material_05
f 373//373 374//374 376//376
f 377//377 376//376 374//374
f 379//379 380//380 378//378
f 381//381 382//382 380//380
f 382//382 385//385 384//384
f 385//385 386//386 384//384
f 387//387 385//385 383//383
f 386//386 389//389 388//388
f 388//388 379//379 378//378
f 386//386 388//388 380//380
usemtl field_material_23
f 391//391 392//392 390//390
f 393//393 394//394 392//392
f 395//395 396//396 394//394
f 397//397 398//398 396//396
f 398//398 401//401 400//400
f 400//400 403//403 402//402
f 403//403 404//404 402//402
f 405//405 406//406 404//404
f 406//406 407//407 408//408
usemtl field_material_05
f 410//410 409//409 413//413
f 411//411 412//412 409//409
f 412//412 414//414 413//413
usemtl field_material_23
f 416//416 417//417 415//415
f 417//417 420//420 419//419
f 420//420 421//421 419//419
f 422//422 423//423 421//421
f 424//424 425//425 423//423
f 425//425 428//428 427//427
f 427//427 430//430 429//429
f 430//430 431//431 429//429
f 431//431 432//432 433//433
usemtl field_material_05
f 434//434 437//437 436//436
f 439//439 438//438 436//436
f 435//435 434//434 438//438
usemtl field_material_23
f 441//441 442//442 440//440
f 443//443 444//444 442//442
f 445//445 446//446 444//444
f 447//447 448//448 446//446
f 449//449 450//450 448//448
f 450//450 453//453 452//452
f 453//453 454//454 452//452
f 455//455 456//456 454//454
f 456//456 457//457 458//458
usemtl field_material_05
f 460//460 459//459 463//463
f 459//459 462//462 461//461
f 460//460 464//464 462//462
f 461//461 464//464 463//463
f 466//466 467//467 465//465
f 468//468 469//469 467//467
f 470//470 471//471 469//469
f 472//472 473//473 471//471
f 474//474 472//472 470//470
f 474//474 475//475 473//473
f 476//476 465//465 475//475
f 471//471 473//473 475//475
usemtl field_material_23
f 478//478 479//479 477//477
f 479//479 482//482 481//481
f 482//482 483//483 481//481
f 484//484 485//485 483//483
f 485//485 488//488 487//487
f 488//488 489//489 487//487
f 490//490 491//491 489//489
f 492//492 493//493 491//491
usemtl field_material_05
f 497//497 496//496 500//500
f 496//496 499//499 498//498
f 498//498 501//501 500//500
usemtl field_material_23
f 502//502 505//505 504//504
f 505//505 506//506 504//504
f 506//506 509//509 508//508
f 509//509 510//510 508//508
f 510//510 513//513 512//512
f 512//512 515//515 514//514
f 515//515 516//516 514//514
f 517//517 518//518 516//516
f 518//518 519//519 520//520
usemtl field_material_05
f 521//521 523//523 522//522
f 525//525 524//524 522//522
f 523//523 521//521 524//524
usemtl field_material_23
f 526//526 529//529 528//528
f 528//528 531//531 530//530
f 530//530 533//533 532//532
f 532//532 535//535 534//534
f 535//535 536//536 534//534
f 537//537 538//538 536//536
f 539//539 540//540 538//538
f 541//541 542//542 540//540
f 542//542 543//543 544//544
usemtl field_material_05
f 546//546 545//545 549//549
f 545//545 548//548 547//547
f 548//548 549//549 547//547
f 550//550 553//553 552//552
f 553//553 554//554 552//552
f 555//555 556//556 554//554
f 556//556 559//559 558//558
f 557//557 555//555 551//551
f 558//558 561//561 560//560
f 561//561 550//550 560//560
f 556//556 558//558 560//560
usemtl field_material_07
f 563//563 564//564 562//562
f 564//564 567//567 566//566
f 566//566 569//569 568//568
f 569//569 570//570 568//568
f 571//571 572//572 570//570
f 573//573 574//574 572//572
f 574//574 577//577 576//576
f 577//577 578//578 576//576
usemtl field_material_05
f 581//581 584//584 583//583
f 586//586 585//585 583//583
f 582//582 581//581 585//585
usemtl field_material_07
f 588//588 589//589 587//587
f 589//589 592//592 591//591
f 591//591 594//594 593//593
f 594//594 595//595 593//593
f 595//595 598//598 597//597
f 598//598 599//599 597//597
f 600//600 601//601 599//599
f 602//602 603//603 601//601
usemtl field_material_05
f 607//607 606//606 610//610
f 606//606 609//609 608//608
f 607//607 611//611 609//609
f 611//611 610//610 608//608
usemtl field_material_07
f 613//613 614//614 612//612
f 615//615 616//616 614//614
f 616//616 619//619 618//618
f 618//618 621//621 620//620
f 621//621 622//622 620//620
f 623//623 624//624 622//622
f 625//625 626//626 624//624
f 627//627 628//628 626//626
f 628//628 629//629 630//630
usemtl field_material_05
f 632//632 631//631 635//635
f 631//631 634//634 633//633
f 632//632 636//636 634//634
f 636//636 635//635 633//633
f 640//640 639//639 637//637
f 639//639 642//642 641//641
f 642//642 643//643 641//641
f 642//642 640//640 638//638
f 643//643 645//645 644//644
f 644//644 638//638 637//637
f 637//637 641//641 644//644
usemtl field_material_15
f 646//646 647//647 648//648
f 646//646 648//648 649//649
f 646//646 649//649 650//650
f 646//646 650//650 651//651
f 646//646 651//651 652//652
f 646//646 652//652 647//647
f 654//654 648//648 647//647
f 655//655 649//649 648//648
f 649//649 658//658 650//650
f 650//650 660//660 651//651
f 651//651 662//662 652//652
f 652//652 663//663 647//647
f 664//664 654//654 653//653
f 665//665 655//655 654//654
f 667//667 664//664 653//653
f 664//664 669//669 665//665
f 665//665 670//670 655//655
f 671//671 656//656 655//655
f 672//672 657//657 656//656
f 673//673 658//658 657//657
f 658//658 674//674 659//659
f 675//675 660//660 659//659
f 660//660 677//677 661//661
f 661//661 678//678 662//662
f 662//662 679//679 666//666
f 666//666 667//667 653//653
f 681//681 668//668 667//667
f 683//683 669//669 668//668
f 671//671 686//686 672//672
f 672//672 688//688 673//673
f 688//688 674//674 673//673
f 690//690 675//675 674//674
f 691//691 677//677 676//676
f 678//678 694//694 679//679
f 696//696 682//682 681//681
f 698//698 670//670 683//683
f 699//699 684//684 670//670
f 684//684 700//700 671//671
f 700//700 685//685 671//671
f 687//687 701//701 688//688
f 702//702 689//689 688//688
f 690//690 703//703 675//675
f 703//703 691//691 675//675
f 691//691 704//704 677//677
f 704//704 692//692 677//677
f 695//695 705//705 680//680
f 705//705 681//681 680//680
f 707//707 701//701 687//687
f 713//713 706//706 696//696
f 697//697 715//715 698//698
f 698//698 716//716 699//699
f 699//699 717//717 684//684
f 717//717 700//700 684//684
f 700//700 719//719 685//685
f 685//685 720//720 686//686
f 720//720 707//707 686//686
f 707//707 721//721 701//701
f 721//721 702//702 701//701
f 722//722 708//708 702//702
f 723//723 709//709 690//690
f 709//709 724//724 703//703
f 703//703 725//725 704//704
f 725//725 710//710 704//704
f 710//710 726//726 692//692
f 726//726 711//711 692//692
f 727//727 695//695 694//694
f 695//695 729//729 705//705
f 729//729 712//712 705//705
f 730//730 706//706 713//713
f 731//731 716//716 715//715
f 732//732 718//718 717//717
f 733//733 720//720 719//719
f 734//734 721//721 707//707
f 735//735 722//722 721//721
f 736//736 708//708 722//722
f 708//708 737//737 723//723
f 723//723 738//738 709//709
f 738//738 724//724 709//709
f 739//739 725//725 724//724
f 711//711 742//742 727//727
f 743//743 713//713 712//712
f 744//744 714//714 706//706
f 745//745 731//731 714//714
f 746//746 732//732 716//716
f 749//749 737//737 708//708
f 739//739 750//750 725//725
f 750//750 740//740 725//725
f 751//751 741//741 726//726
f 728//728 753//753 729//729
f 754//754 744//744 730//730
f 745//745 755//755 731//731
f 755//755 746//746 731//731
f 746//746 756//756 732//732
f 756//756 747//747 732//732
f 747//747 757//757 733//733
f 757//757 748//748 733//733
f 748//748 758//758 734//734
f 734//734 759//759 735//735
f 735//735 760//760 736//736
f 760//760 749//749 736//736
f 749//749 761//761 737//737
f 737//737 762//762 738//738
f 738//738 763//763 739//739
f 763//763 750//750 739//739
f 764//764 752//752 742//742
f 765//765 730//730 743//743
f 754//754 767//767 744//744
f 767//767 745//745 744//744
f 767//767 755//755 745//745
f 755//755 768//768 746//746
f 746//746 768//768 756//756
f 768//768 747//747 756//756
f 769//769 757//757 747//747
f 769//769 748//748 757//757
f 748//748 770//770 758//758
f 758//758 771//771 759//759
f 771//771 760//760 759//759
f 771//771 749//749 760//760
f 772//772 761//761 749//749
f 761//761 772//772 762//762
f 762//762 773//773 763//763
f 773//773 750//750 763//763
f 750//750 773//773 740//740
f 773//773 751//751 740//740
f 774//774 741//741 751//751
f 774//774 764//764 741//741
f 775//775 752//752 764//764
f 752//752 775//775 753//753
f 753//753 766//766 765//765
f 765//765 766//766 754//754
f 766//766 776//776 767//767
f 767//767 776//776 768//768
f 768//768 776//776 769//769
f 769//769 776//776 770//770
f 770//770 776//776 771//771
f 771//771 776//776 772//772
f 772//772 776//776 773//773
f 773//773 776//776 774//774
f 774//774 776//776 775//775
f 775//775 776//776 766//766
usemtl field_material_05
f 792//792 779//779 782//782
f 790//790 777//777 780//780
f 790//790 779//779 778//778
f 780//780 781//781 779//779
f 781//781 786//786 782//782
f 780//780 777//777 784//784
f 781//781 784//784 783//783
f 783//783 784//784 785//785
f 784//784 787//787 785//785
f 786//786 787//787 788//788
f 782//782 786//786 788//788
f 777//777 789//789 787//787
f 782//782 788//788 792//792
f 789//789 790//790 791//791
f 789//789 792//792 788//788
f 791//791 790//790 778//778
f 807//807 793//793 797//797
f 807//807 795//795 794//794
f 796//796 798//798 800//800
f 806//806 796//796 800//800
f 797//797 798//798 795//795
f 797//797 793//793 801//801
f 798//798 801//801 799//799
f 799//799 804//804 800//800
f 806//806 800//800 804//804
f 799//799 801//801 802//802
f 801//801 803//803 802//802
f 793//793 805//805 803//803
f 804//804 805//805 806//806
f 805//805 807//807 808//808
f 808//808 807//807 794//794
f 808//808 796//796 806//806
f 824//824 811//811 812//812
f 810//810 809//809 813//813
f 812//812 814//814 816//816
f 813//813 814//814 811//811
f 813//813 809//809 817//817
f 814//814 817//817 815//815
f 815//815 818//818 816//816
f 812//812 816//816 818//818
f 815//815 817//817 818//818
f 818//818 819//819 822//822
f 812//812 818//818 822//822
f 817//817 819//819 818//818
f 809//809 821//821 819//819
f 821//821 820//820 823//823
f 821//821 824//824 822//822
f 812//812 822//822 824//824
f 820//820 809//809 810//810
f 826//826 828//828 827//827
f 827//827 828//828 831//831
f 826//826 825//825 829//829
f 833//833 827//827 831//831
f 829//829 830//830 828//828
f 830//830 833//833 831//831
f 830//830 825//825 832//832
f 832//832 834//834 835//835
f 832//832 836//836 833//833
f 834//834 837//837 835//835
f 833//833 836//836 840//840
f 834//834 839//839 837//837
f 836//836 839//839 840//840
f 834//834 825//825 838//838
f 839//839 838//838 841//841
f 833//833 840//840 827//827
f 841//841 826//826 827//827
f 841//841 827//827 840//840
f 838//838 825//825 826//826
f 857//857 845//845 847//847
f 844//844 845//845 843//843
f 844//844 846//846 845//845
f 846//846 851//851 847//847
f 846//846 842//842 848//848
f 848//848 849//849 850//850
f 849//849 852//852 850//850
f 851//851 852//852 853//853
f 847//847 851//851 853//853
f 849//849 855//855 852//852
f 849//849 842//842 854//854
f 847//847 853//853 857//857
f 855//855 854//854 856//856
f 855//855 857//857 853//853
f 856//856 844//844 843//843
f 854//854 842//842 844//844
usemtl field_material_29
f 859//859 858//858 860//860
f 860//860 862//862 861//861
f 861//861 862//862 864//864
f 858//858 864//864 862//862
f 863//863 865//865 864//864
f 863//863 858//858 859//859
f 861//861 864//864 865//865
f 865//865 859//859 861//861
f 871//871 867//867 869//869
f 868//868 869//869 867//867
f 868//868 866//866 870//870
f 869//869 870//870 871//871
f 870//870 866//866 872//872
f 872//872 873//873 871//871
f 871//871 873//873 867//867
f 866//866 867//867 873//873
f 880//880 876//876 877//877
f 875//875 877//877 876//876
f 880//880 877//877 878//878
f 874//874 878//878 877//877
f 879//879 880//880 878//878
f 880//880 875//875 876//876
f 879//879 874//874 875//875
f 882//882 881//881 884//884
f 886//886 883//883 885//885
f 884//884 885//885 883//883
f 887//887 882//882 888//888
f 887//887 888//888 886//886
f 887//887 881//881 882//882
f 886//886 888//888 883//883
f 882//882 883//883 888//888
f 890//890 889//889 891//891
f 891//891 893//893 892//892
f 892//892 893//893 895//895
f 889//889 895//895 893//893
f 894//894 896//896 895//895
f 894//894 889//889 890//890
f 892//892 895//895 896//896
f 896//896 890//890 892//892
f 898//898 897//897 900//900
f 900//900 901//901 899//899
f 899//899 901//901 902//902
f 897//897 902//902 901//901
f 899//899 902//902 904//904
f 903//903 904//904 902//902
f 903//903 897//897 898//898
f 904//904 898//898 899//899
f 906//906 908//908 907//907
f 906//906 905//905 909//909
f 911//911 907//907 908//908
f 908//908 909//909 911//911
f 909//909 905//905 910//910
f 910//910 912//912 911//911
f 911//911 912//912 907//907
f 905//905 907//907 912//912
f 915//915 916//916 914//914
f 915//915 913//913 917//917
f 916//916 917//917 918//918
f 917//917 913//913 918//918
f 916//916 918//918 919//919
f 918//918 913//913 919//919
f 916//916 919//919 914//914
f 913//913 914//914 919//919
f 921//921 920//920 924//924
f 926//926 922//922 923//923
f 921//921 924//924 923//923
f 921//921 923//923 922//922
f 923//923 924//924 926//926
f 924//924 920//920 925//925
f 925//925 927//927 926//926
f 926//926 927//927 922//922
f 920//920 922//922 927//927
f 929//929 928//928 930//930
f 930//930 928//928 931//931
f 934//934 930//930 931//931
f 934//934 931//931 932//932
f 928//928 932//932 931//931
f 933//933 934//934 932//932
f 933//933 928//928 929//929
f 934//934 929//929 930//930
f 938//938 935//935 939//939
f 942//942 937//937 940//940
f 937//937 939//939 940//940
f 939//939 935//935 941//941
f 939//939 941//941 940//940
f 942//942 936//936 937//937
f 944//944 943//943 945//945
f 949//949 945//945 946//946
f 945//945 943//943 946//946
f 943//943 947//947 946//946
f 949//949 946//946 947//947
f 948//948 949//949 947//947
f 948//948 943//943 944//944
f 949//949 944//944 945//945
f 951//951 950//950 952//952
f 956//956 952//952 953//953
f 952//952 950//950 953//953
f 956//956 953//953 955//955
f 950//950 955//955 953//953
f 954//954 956//956 955//955
f 954//954 950//950 951//951
f 956//956 951//951 952//952
f 959//959 960//960 958//958
f 960//960 961//961 962//962
f 959//959 957//957 961//961
f 960//960 962//962 963//963
f 961//961 963//963 962//962
f 960//960 963//963 958//958
f 957//957 958//958 963//963
usemtl field_material_05
f 964//964 965//965 972//972
f 967//967 966//966 965//965
f 966//966 969//969 968//968
f 969//969 970//970 968//968
f 971//971 969//969 967//967
f 970//970 973//973 972//972
f 968//968 970//970 972//972
usemtl field_material_15
f 974//974 975//975 976//976
f 974//974 976//976 977//977
f 974//974 977//977 978//978
f 974//974 978//978 979//979
f 974//974 979//979 980//980
f 974//974 980//980 975//975
f 975//975 982//982 976//976
f 976//976 984//984 977//977
f 977//977 991//991 978//978
f 978//978 987//987 979//979
f 979//979 992//992 980//980
f 980//980 981//981 975//975
f 989//989 990//990 981//981
f 990//990 994//994 982//982
f 995//995 983//983 982//982
f 996//996 984//984 983//983
f 997//997 985//985 984//984
f 998//998 991//991 985//985
f 999//999 986//986 991//991
f 986//986 1001//1001 987//987
f 1002//1002 988//988 987//987
f 988//988 1004//1004 992//992
f 1005//1005 993//993 992//992
f 1006//1006 990//990 993//993
f 990//990 1007//1007 994//994
f 1008//1008 995//995 994//994
f 995//995 1009//1009 996//996
f 1010//1010 997//997 996//996
f 1001//1001 1021//1021 1002//1002
f 1011//1011 1005//1005 1004//1004
f 1012//1012 1007//1007 990//990
f 1013//1013 1009//1009 1008//1008
f 1014//1014 1010//1010 1009//1009
f 1010//1010 1015//1015 997//997
f 997//997 1016//1016 998//998
f 998//998 1018//1018 999//999
f 999//999 1019//1019 1000//1000
f 1019//1019 1001//1001 1000//1000
f 1020//1020 1021//1021 1001//1001
f 1003//1003 1022//1022 1004//1004
f 1022//1022 1011//1011 1004//1004
f 1011//1011 1023//1023 1005//1005
f 1023//1023 1006//1006 1005//1005
f 1024//1024 990//990 1006//1006
f 1025//1025 1015//1015 1010//1010
f 1012//1012 1031//1031 1007//1007
f 1007//1007 1032//1032 1013//1013
f 1013//1013 1034//1034 1014//1014
f 1035//1035 1025//1025 1014//1014
f 1025//1025 1036//1036 1015//1015
f 1036//1036 1016//1016 1015//1015
f 1016//1016 1039//1039 1017//1017
f 1017//1017 1040//1040 1018//1018
f 1040//1040 1026//1026 1018//1018
f 1026//1026 1041//1041 1019//1019
f 1041//1041 1027//1027 1019//1019
f 1042//1042 1028//1028 1020//1020
f 1028//1028 1043//1043 1021//1021
f 1043//1043 1022//1022 1021//1021
f 1029//1029 1045//1045 1011//1011
f 1045//1045 1023//1023 1011//1011
f 1023//1023 1047//1047 1024//1024
f 1048//1048 1012//1012 1024//1024
f 1031//1031 1050//1050 1032//1032
f 1051//1051 1025//1025 1035//1035
f 1041//1041 1053//1053 1027//1027
f 1054//1054 1043//1043 1028//1028
f 1029//1029 1056//1056 1045//1045
f 1057//1057 1051//1051 1034//1034
f 1025//1025 1059//1059 1036//1036
f 1059//1059 1037//1037 1036//1036
f 1039//1039 1061//1061 1040//1040
f 1062//1062 1053//1053 1041//1041
f 1063//1063 1054//1054 1042//1042
f 1064//1064 1055//1055 1044//1044
f 1065//1065 1047//1047 1046//1046
f 1067//1067 1050//1050 1031//1031
f 1068//1068 1057//1057 1033//1033
f 1059//1059 1069//1069 1037//1037
f 1069//1069 1038//1038 1037//1037
f 1069//1069 1060//1060 1038//1038
f 1070//1070 1064//1064 1043//1043
f 1065//1065 1071//1071 1047//1047
f 1071//1071 1066//1066 1047//1047
f 1072//1072 1067//1067 1049//1049
f 1067//1067 1073//1073 1050//1050
f 1073//1073 1068//1068 1050//1050
f 1073//1073 1057//1057 1068//1068
f 1073//1073 1051//1051 1057//1057
f 1074//1074 1058//1058 1051//1051
f 1058//1058 1075//1075 1059//1059
f 1075//1075 1069//1069 1059//1059
f 1075//1075 1060//1060 1069//1069
f 1060//1060 1076//1076 1061//1061
f 1061//1061 1076//1076 1052//1052
f 1076//1076 1062//1062 1052//1052
f 1077//1077 1053//1053 1062//1062
f 1053//1053 1077//1077 1063//1063
f 1077//1077 1054//1054 1063//1063
f 1078//1078 1070//1070 1054//1054
f 1070//1070 1079//1079 1064//1064
f 1064//1064 1079//1079 1055//1055
f 1055//1055 1080//1080 1056//1056
f 1080//1080 1065//1065 1056//1056
f 1080//1080 1071//1071 1065//1065
f 1071//1071 1081//1081 1066//1066
f 1066//1066 1072//1072 1049//1049
f 1072//1072 1082//1082 1073//1073
f 1073//1073 1082//1082 1074//1074
f 1074//1074 1082//1082 1075//1075
f 1075//1075 1082//1082 1076//1076
f 1076//1076 1082//1082 1077//1077
f 1077//1077 1082//1082 1078//1078
f 1078//1078 1082//1082 1079//1079
f 1079//1079 1082//1082 1080//1080
f 1080//1080 1082//1082 1081//1081
f 1081//1081 1082//1082 1072//1072
usemtl field_material_05
f 1094//1094 1085//1085 1089//1089
f 1085//1085 1086//1086 1089//1089
f 1084//1084 1083//1083 1087//1087
f 1087//1087 1088//1088 1086//1086
f 1088//1088 1090//1090 1092//1092
f 1088//1088 1091//1091 1089//1089
f 1087//1087 1083//1083 1090//1090
f 1094//1094 1089//1089 1091//1091
f 1090//1090 1093//1093 1092//1092
f 1091//1091 1093//1093 1094//1094
f 1083//1083 1097//1097 1093//1093
f 1094//1094 1097//1097 1096//1096
f 1095//1095 1083//1083 1084//1084
f 1094//1094 1096//1096 1085//1085
f 1097//1097 1084//1084 1086//1086
f 1097//1097 1085//1085 1096//1096
f 1101//1101 1102//1102 1104//1104
f 1099//1099 1098//1098 1103//1103
f 1111//1111 1101//1101 1104//1104
f 1099//1099 1102//1102 1100//1100
f 1102//1102 1103//1103 1106//1106
f 1106//1106 1107//1107 1104//1104
f 1103//1103 1098//1098 1105//1105
f 1111//1111 1104//1104 1107//1107
f 1111//1111 1107//1107 1109//1109
f 1105//1105 1108//1108 1106//1106
f 1107//1107 1108//1108 1109//1109
f 1105//1105 1110//1110 1108//1108
f 1110//1110 1111//1111 1109//1109
f 1110//1110 1099//1099 1100//1100
f 1110//1110 1101//1101 1111//1111
f 1115//1115 1114//1114 1118//1118
f 1113//1113 1112//1112 1116//1116
f 1123//1123 1115//1115 1118//1118
f 1116//1116 1117//1117 1114//1114
f 1117//1117 1121//1121 1118//1118
f 1116//1116 1112//1112 1120//1120
f 1123//1123 1118//1118 1121//1121
f 1117//1117 1120//1120 1119//1119
f 1120//1120 1122//1122 1119//1119
f 1121//1121 1122//1122 1123//1123
f 1112//1112 1126//1126 1122//1122
f 1123//1123 1126//1126 1125//1125
f 1123//1123 1125//1125 1115//1115
f 1126//1126 1113//1113 1114//1114
f 1126//1126 1115//1115 1125//1125
f 1124//1124 1112//1112 1113//1113
f 1129//1129 1128//1128 1132//1132
f 1137//1137 1129//1129 1132//1132
f 1130//1130 1131//1131 1128//1128
f 1131//1131 1134//1134 1132//1132
f 1137//1137 1132//1132 1134//1134
f 1131//1131 1127//1127 1133//1133
f 1134//1134 1136//1136 1137//1137
f 1135//1135 1136//1136 1133//1133
f 1135//1135 1140//1140 1136//1136
f 1137//1137 1140//1140 1139//1139
f 1135//1135 1127//1127 1138//1138
f 1137//1137 1139//1139 1129//1129
f 1140//1140 1130//1130 1128//1128
f 1140//1140 1129//1129 1139//1139
f 1138//1138 1127//1127 1130//1130
f 1143//1143 1142//1142 1146//1146
f 1152//1152 1141//1141 1144//1144
f 1148//1148 1143//1143 1146//1146
f 1144//1144 1145//1145 1142//1142
f 1145//1145 1148//1148 1146//1146
f 1144//1144 1141//1141 1149//1149
f 1145//1145 1149//1149 1147//1147
f 1147//1147 1151//1151 1148//1148
f 1149//1149 1150//1150 1147//1147
f 1151//1151 1153//1153 1154//1154
f 1148//1148 1151//1151 1154//1154
f 1141//1141 1153//1153 1150//1150
f 1148//1148 1154//1154 1143//1143
f 1153//1153 1152//1152 1142//1142
f 1153//1153 1143//1143 1154//1154
usemtl field_material_29
f 1156//1156 1155//1155 1157//1157
f 1157//1157 1159//1159 1158//1158
f 1158//1158 1159//1159 1161//1161
f 1155//1155 1161//1161 1159//1159
f 1160//1160 1162//1162 1161//1161
f 1160//1160 1155//1155 1156//1156
f 1158//1158 1161//1161 1162//1162
f 1162//1162 1156//1156 1158//1158
f 1164//1164 1163//1163 1166//1166
f 1166//1166 1167//1167 1165//1165
f 1165//1165 1167//1167 1168//1168
f 1163//1163 1168//1168 1167//1167
f 1165//1165 1168//1168 1170//1170
f 1169//1169 1170//1170 1168//1168
f 1169//1169 1163//1163 1164//1164
f 1170//1170 1164//1164 1165//1165
f 1172//1172 1174//1174 1173//1173
f 1172//1172 1171//1171 1175//1175
f 1177//1177 1173//1173 1174//1174
f 1174//1174 1175//1175 1177//1177
f 1175//1175 1171//1171 1176//1176
f 1176//1176 1178//1178 1177//1177
f 1177//1177 1178//1178 1173//1173
f 1171//1171 1173//1173 1178//1178
f 1180//1180 1179//1179 1182//1182
f 1182//1182 1183//1183 1181//1181
f 1179//1179 1184//1184 1183//1183
f 1181//1181 1183//1183 1184//1184
f 1181//1181 1184//1184 1186//1186
f 1185//1185 1186//1186 1184//1184
f 1185//1185 1179//1179 1180//1180
f 1186//1186 1180//1180 1181//1181
f 1188//1188 1187//1187 1191//1191
f 1188//1188 1190//1190 1189//1189
f 1189//1189 1190//1190 1193//1193
f 1191//1191 1193//1193 1190//1190
f 1191//1191 1187//1187 1192//1192
f 1192//1192 1194//1194 1193//1193
f 1189//1189 1193//1193 1194//1194
f 1194//1194 1188//1188 1189//1189
f 1187//1187 1188//1188 1194//1194
f 1196//1196 1195//1195 1198//1198
f 1198//1198 1199//1199 1197//1197
f 1197//1197 1199//1199 1200//1200
f 1195//1195 1200//1200 1199//1199
f 1197//1197 1200//1200 1202//1202
f 1201//1201 1202//1202 1200//1200
f 1201//1201 1195//1195 1196//1196
f 1202//1202 1196//1196 1197//1197
f 1204//1204 1203//1203 1205//1205
f 1205//1205 1207//1207 1206//1206
f 1206//1206 1207//1207 1209//1209
f 1203//1203 1209//1209 1207//1207
f 1208//1208 1210//1210 1209//1209
f 1208//1208 1203//1203 1204//1204
f 1206//1206 1209//1209 1210//1210
f 1210//1210 1204//1204 1206//1206
f 1212//1212 1211//1211 1214//1214
f 1214//1214 1215//1215 1213//1213
f 1211//1211 1216//1216 1215//1215
f 1213//1213 1215//1215 1216//1216
f 1213//1213 1216//1216 1218//1218
f 1217//1217 1218//1218 1216//1216
f 1217//1217 1211//1211 1212//1212
f 1218//1218 1212//1212 1213//1213
f 1224//1224 1220//1220 1222//1222
f 1221//1221 1222//1222 1220//1220
f 1221//1221 1219//1219 1223//1223
f 1222//1222 1223//1223 1224//1224
f 1223//1223 1219//1219 1225//1225
f 1225//1225 1226//1226 1224//1224
f 1224//1224 1226//1226 1220//1220
f 1219//1219 1220//1220 1226//1226
f 1228//1228 1227//1227 1229//1229
f 1229//1229 1231//1231 1230//1230
f 1230//1230 1231//1231 1233//1233
f 1227//1227 1233//1233 1231//1231
f 1230//1230 1233//1233 1234//1234
f 1232//1232 1234//1234 1233//1233
f 1232//1232 1227//1227 1228//1228
f 1234//1234 1228//1228 1230//1230
f 1236//1236 1235//1235 1237//1237
f 1241//1241 1238//1238 1239//1239
f 1237//1237 1239//1239 1238//1238
f 1235//1235 1240//1240 1239//1239
f 1239//1239 1240//1240 1241//1241
f 1240//1240 1242//1242 1241//1241
f 1240//1240 1235//1235 1236//1236
f 1242//1242 1236//1236 1238//1238
f 1241//1241 1242//1242 1238//1238
f 1244//1244 1243//1243 1245//1245
f 1245//1245 1247//1247 1246//1246
f 1246//1246 1247//1247 1249//1249
f 1243//1243 1249//1249 1247//1247
f 1248//1248 1250//1250 1249//1249
f 1248//1248 1243//1243 1244//1244
f 1246//1246 1249//1249 1250//1250
f 1250//1250 1244//1244 1246//1246
f 1252//1252 1251//1251 1253//1253
f 1253//1253 1255//1255 1254//1254
f 1254//1254 1255//1255 1257//1257
f 1251//1251 1257//1257 1255//1255
f 1256//1256 1258//1258 1257//1257
f 1256//1256 1251//1251 1252//1252
f 1254//1254 1257//1257 1258//1258
f 1258//1258 1252//1252 1254//1254
f 1260//1260 1262//1262 1261//1261
f 1260//1260 1259//1259 1263//1263
f 1265//1265 1261//1261 1262//1262
f 1262//1262 1263//1263 1265//1265
f 1263//1263 1259//1259 1264//1264
f 1264//1264 1266//1266 1265//1265
f 1259//1259 1261//1261 1266//1266
f 1265//1265 1266//1266 1261//1261
usemtl field_material_05
f 1267//1267 1268//1268 1275//1275
f 1268//1268 1271//1271 1270//1270
f 1271//1271 1272//1272 1270//1270
f 1272//1272 1274//1274 1273//1273
f 1274//1274 1271//1271 1267//1267
f 1273//1273 1276//1276 1275//1275
f 1272//1272 1273//1273 1275//1275
usemtl field_material_09
f 1277//1277 1278//1278 1279//1279
f 1277//1277 1279//1279 1280//1280
f 1277//1277 1280//1280 1281//1281
f 1277//1277 1281//1281 1282//1282
f 1277//1277 1282//1282 1283//1283
f 1277//1277 1283//1283 1278//1278
f 1284//1284 1279//1279 1278//1278
f 1279//1279 1286//1286 1280//1280
f 1287//1287 1281//1281 1280//1280
f 1290//1290 1282//1282 1281//1281
f 1292//1292 1283//1283 1282//1282
f 1294//1294 1278//1278 1283//1283
f 1294//1294 1296//1296 1284//1284
f 1284//1284 1297//1297 1285//1285
f 1297//1297 1286//1286 1285//1285
f 1288//1288 1299//1299 1289//1289
f 1289//1289 1300//1300 1290//1290
f 1290//1290 1301//1301 1291//1291
f 1291//1291 1302//1302 1292//1292
f 1303//1303 1293//1293 1292//1292
f 1304//1304 1294//1294 1293//1293
f 1295//1295 1306//1306 1296//1296
f 1307//1307 1297//1297 1296//1296
f 1297//1297 1308//1308 1286//1286
f 1309//1309 1298//1298 1286//1286
f 1311//1311 1288//1288 1298//1298
f 1312//1312 1299//1299 1288//1288
f 1299//1299 1314//1314 1300//1300
f 1300//1300 1315//1315 1301//1301
f 1301//1301 1317//1317 1302//1302
f 1302//1302 1318//1318 1303//1303
f 1319//1319 1304//1304 1303//1303
f 1320//1320 1295//1295 1304//1304
f 1321//1321 1306//1306 1305//1305
f 1322//1322 1308//1308 1307//1307
f 1324//1324 1309//1309 1308//1308
f 1313//1313 1325//1325 1314//1314
f 1326//1326 1315//1315 1314//1314
f 1315//1315 1327//1327 1316//1316
f 1328//1328 1317//1317 1316//1316
f 1318//1318 1330//1330 1319//1319
f 1320//1320 1321//1321 1305//1305
f 1321//1321 1332//1332 1306//1306
f 1306//1306 1333//1333 1307//1307
f 1333//1333 1322//1322 1307//1307
f 1324//1324 1334//1334 1309//1309
f 1334//1334 1310//1310 1309//1309
f 1310//1310 1335//1335 1311//1311
f 1335//1335 1312//1312 1311//1311
f 1312//1312 1336//1336 1313//1313
f 1336//1336 1325//1325 1313//1313
f 1325//1325 1337//1337 1326//1326
f 1326//1326 1339//1339 1327//1327
f 1339//1339 1328//1328 1327//1327
f 1329//1329 1342//1342 1318//1318
f 1342//1342 1330//1330 1318//1318
f 1330//1330 1343//1343 1320//1320
f 1344//1344 1321//1321 1320//1320
f 1346//1346 1323//1323 1322//1322
f 1334//1334 1348//1348 1335//1335
f 1350//1350 1340//1340 1339//1339
f 1351//1351 1330//1330 1342//1342
f 1331//1331 1354//1354 1332//1332
f 1332//1332 1355//1355 1333//1333
f 1355//1355 1346//1346 1333//1333
f 1346//1346 1356//1356 1323//1323
f 1323//1323 1357//1357 1324//1324
f 1347//1347 1358//1358 1334//1334
f 1358//1358 1348//1348 1334//1334
f 1348//1348 1359//1359 1335//1335
f 1359//1359 1336//1336 1335//1335
f 1360//1360 1325//1325 1336//1336
f 1361//1361 1349//1349 1325//1325
f 1338//1338 1363//1363 1339//1339
f 1363//1363 1350//1350 1339//1339
f 1350//1350 1364//1364 1340//1340
f 1364//1364 1341//1341 1340//1340
f 1365//1365 1329//1329 1341//1341
f 1366//1366 1351//1351 1329//1329
f 1352//1352 1367//1367 1343//1343
f 1343//1343 1368//1368 1344//1344
f 1368//1368 1345//1345 1344//1344
f 1369//1369 1331//1331 1345//1345
f 1370//1370 1356//1356 1346//1346
f 1371//1371 1357//1357 1356//1356
f 1372//1372 1347//1347 1357//1357
f 1358//1358 1373//1373 1348//1348
f 1373//1373 1359//1359 1348//1348
f 1360//1360 1375//1375 1361//1361
f 1361//1361 1376//1376 1349//1349
f 1376//1376 1362//1362 1349//1349
f 1377//1377 1363//1363 1362//1362
f 1378//1378 1364//1364 1350//1350
f 1379//1379 1365//1365 1364//1364
f 1365//1365 1381//1381 1366//1366
f 1381//1381 1351//1351 1366//1366
f 1351//1351 1383//1383 1352//1352
f 1368//1368 1384//1384 1369//1369
f 1384//1384 1353//1353 1369//1369
f 1385//1385 1354//1354 1353//1353
f 1354//1354 1387//1387 1355//1355
f 1372//1372 1388//1388 1347//1347
f 1388//1388 1358//1358 1347//1347
f 1390//1390 1375//1375 1360//1360
f 1392//1392 1368//1368 1367//1367
f 1393//1393 1384//1384 1368//1368
f 1384//1384 1385//1385 1353//1353
f 1387//1387 1394//1394 1370//1370
f 1370//1370 1395//1395 1371//1371
f 1371//1371 1396//1396 1372//1372
f 1396//1396 1388//1388 1372//1372
f 1397//1397 1374//1374 1373//1373
f 1390//1390 1398//1398 1375//1375
f 1398//1398 1376//1376 1375//1375
f 1399//1399 1377//1377 1376//1376
f 1400//1400 1391//1391 1377//1377
f 1401//1401 1379//1379 1378//1378
f 1402//1402 1380//1380 1379//1379
f 1380//1380 1403//1403 1381//1381
f 1403//1403 1382//1382 1381//1381
f 1404//1404 1392//1392 1383//1383
f 1393//1393 1405//1405 1384//1384
f 1405//1405 1385//1385 1384//1384
f 1385//1385 1406//1406 1386//1386
f 1406//1406 1387//1387 1386//1386
f 1407//1407 1394//1394 1387//1387
f 1407//1407 1395//1395 1394//1394
f 1395//1395 1408//1408 1396//1396
f 1396//1396 1408//1408 1388//1388
f 1408//1408 1389//1389 1388//1388
f 1409//1409 1397//1397 1389//1389
f 1397//1397 1409//1409 1374//1374
f 1409//1409 1390//1390 1374//1374
f 1410//1410 1398//1398 1390//1390
f 1410//1410 1399//1399 1398//1398
f 1411//1411 1400//1400 1399//1399
f 1411//1411 1391//1391 1400//1400
f 1391//1391 1412//1412 1401//1401
f 1412//1412 1402//1402 1401//1401
f 1402//1402 1413//1413 1380//1380
f 1413//1413 1403//1403 1380//1380
f 1403//1403 1413//1413 1382//1382
f 1413//1413 1404//1404 1382//1382
f 1414//1414 1392//1392 1404//1404
f 1392//1392 1414//1414 1393//1393
f 1414//1414 1405//1405 1393//1393
f 1405//1405 1406//1406 1385//1385
f 1406//1406 1415//1415 1407//1407
f 1407//1407 1415//1415 1408//1408
f 1408//1408 1415//1415 1409//1409
f 1409//1409 1415//1415 1410//1410
f 1410//1410 1415//1415 1411//1411
f 1411//1411 1415//1415 1412//1412
f 1412//1412 1415//1415 1413//1413
f 1413//1413 1415//1415 1414//1414
f 1414//1414 1415//1415 1406//1406
usemtl field_material_05
f 1417//1417 1416//1416 1420//1420
f 1419//1419 1421//1421 1424//1424
f 1430//1430 1419//1419 1424//1424
f 1420//1420 1421//1421 1418//1418
f 1420//1420 1416//1416 1422//1422
f 1421//1421 1422//1422 1423//1423
f 1423//1423 1422//1422 1425//1425
f 1423//1423 1426//1426 1424//1424
f 1430//1430 1424//1424 1426//1426
f 1422//1422 1427//1427 1425//1425
f 1416//1416 1429//1429 1427//1427
f 1426//1426 1429//1429 1430//1430
f 1429//1429 1428//1428 1431//1431
f 1431//1431 1419//1419 1430//1430
f 1428//1428 1416//1416 1417//1417
f 1434//1434 1435//1435 1433//1433
f 1434//1434 1437//1437 1435//1435
f 1436//1436 1437//1437 1439//1439
f 1437//1437 1432//1432 1438//1438
f 1438//1438 1443//1443 1439//1439
f 1438//1438 1441//1441 1440//1440
f 1441//1441 1442//1442 1440//1440
f 1443//1443 1444//1444 1447//1447
f 1441//1441 1432//1432 1445//1445
f 1439//1439 1443//1443 1447//1447
f 1441//1441 1444//1444 1442//1442
f 1444//1444 1445//1445 1446//1446
f 1446//1446 1434//1434 1433//1433
f 1446//1446 1436//1436 1447//1447
f 1445//1445 1432//1432 1434//1434
f 1439//1439 1447//1447 1436//1436
f 1460//1460 1450//1450 1453//1453
f 1449//1449 1452//1452 1450//1450
f 1450//1450 1452//1452 1453//1453
f 1449//1449 1448//1448 1451//1451
f 1451//1451 1454//1454 1452//1452
f 1460//1460 1453//1453 1456//1456
f 1454//1454 1448//1448 1455//1455
f 1454//1454 1456//1456 1453//1453
f 1455//1455 1457//1457 1458//1458
f 1457//1457 1459//1459 1458//1458
f 1456//1456 1459//1459 1460//1460
f 1457//1457 1448//1448 1462//1462
f 1457//1457 1461//1461 1459//1459
f 1460//1460 1461//1461 1464//1464
f 1461//1461 1462//1462 1463//1463
f 1463//1463 1450//1450 1464//1464
f 1462//1462 1448//1448 1449//1449
f 1460//1460 1464//1464 1450//1450
f 1463//1463 1449//1449 1450//1450
f 1481//1481 1467//1467 1468//1468
f 1479//1479 1467//1467 1466//1466
f 1468//1468 1469//1469 1472//1472
f 1465//1465 1469//1469 1467//1467
f 1469//1469 1470//1470 1471//1471
f 1471//1471 1474//1474 1472//1472
f 1470//1470 1465//1465 1473//1473
f 1468//1468 1472//1472 1474//1474
f 1471//1471 1473//1473 1474//1474
f 1473//1473 1476//1476 1474//1474
f 1474//1474 1476//1476 1477//1477
f 1473//1473 1465//1465 1475//1475
f 1468//1468 1474//1474 1477//1477
f 1475//1475 1478//1478 1476//1476
f 1468//1468 1477//1477 1481//1481
f 1478//1478 1479//1479 1480//1480
f 1478//1478 1481//1481 1477//1477
f 1475//1475 1465//1465 1479//1479
f 1480//1480 1479//1479 1466//1466
f 1484//1484 1485//1485 1483//1483
f 1484//1484 1487//1487 1485//1485
f 1486//1486 1487//1487 1488//1488
f 1487//1487 1482//1482 1489//1489
f 1489//1489 1493//1493 1488//1488
f 1489//1489 1491//1491 1490//1490
f 1491//1491 1492//1492 1490//1490
f 1493//1493 1494//1494 1497//1497
f 1491//1491 1482//1482 1495//1495
f 1488//1488 1493//1493 1497//1497
f 1491//1491 1494//1494 1492//1492
f 1494//1494 1495//1495 1496//1496
f 1496//1496 1486//1486 1497//1497
f 1495//1495 1482//1482 1484//1484
f 1488//1488 1497//1497 1486//1486
f 1496//1496 1484//1484 1483//1483
usemtl field_material_29
f 1504//1504 1498//1498 1500//1500
f 1500//1500 1501//1501 1499//1499
f 1502//1502 1499//1499 1501//1501
f 1498//1498 1503//1503 1501//1501
f 1501//1501 1503//1503 1502//1502
f 1503//1503 1505//1505 1502//1502
f 1503//1503 1498//1498 1504//1504
f 1502//1502 1505//1505 1499//1499
f 1504//1504 1499//1499 1505//1505
f 1507//1507 1506//1506 1509//1509
f 1509//1509 1510//1510 1508//1508
f 1508//1508 1510//1510 1511//1511
f 1506//1506 1511//1511 1510//1510
f 1512//1512 1513//1513 1511//1511
f 1512//1512 1506//1506 1507//1507
f 1508//1508 1511//1511 1513//1513
f 1513//1513 1507//1507 1508//1508
f 1515//1515 1514//1514 1516//1516
f 1520//1520 1517//1517 1518//1518
f 1516//1516 1518//1518 1517//1517
f 1519//1519 1521//1521 1520//1520
f 1519//1519 1514//1514 1515//1515
f 1520//1520 1521//1521 1517//1517
f 1515//1515 1517//1517 1521//1521
f 1523//1523 1526//1526 1524//1524
f 1526//1526 1527//1527 1524//1524
f 1525//1525 1522//1522 1527//1527
f 1522//1522 1523//1523 1528//1528
f 1530//1530 1532//1532 1531//1531
f 1530//1530 1529//1529 1533//1533
f 1535//1535 1531//1531 1532//1532
f 1532//1532 1533//1533 1535//1535
f 1533//1533 1529//1529 1534//1534
f 1534//1534 1536//1536 1535//1535
f 1535//1535 1536//1536 1531//1531
f 1529//1529 1531//1531 1536//1536
f 1538//1538 1537//1537 1540//1540
f 1540//1540 1541//1541 1539//1539
f 1539//1539 1541//1541 1542//1542
f 1537//1537 1542//1542 1541//1541
f 1539//1539 1542//1542 1544//1544
f 1543//1543 1544//1544 1542//1542
f 1543//1543 1537//1537 1538//1538
f 1544//1544 1538//1538 1539//1539
f 1547//1547 1548//1548 1546//1546
f 1547//1547 1545//1545 1549//1549
f 1546//1546 1548//1548 1550//1550
f 1548//1548 1549//1549 1550//1550
f 1549//1549 1545//1545 1551//1551
f 1551//1551 1552//1552 1550//1550
f 1546//1546 1550//1550 1552//1552
f 1552//1552 1547//1547 1546//1546
f 1545//1545 1547//1547 1552//1552
f 1554//1554 1553//1553 1555//1555
f 1559//1559 1556//1556 1557//1557
f 1555//1555 1557//1557 1556//1556
f 1558//1558 1560//1560 1559//1559
f 1558//1558 1553//1553 1554//1554
f 1559//1559 1560//1560 1556//1556
f 1554//1554 1556//1556 1560//1560
f 1563//1563 1565//1565 1564//1564
f 1563//1563 1561//1561 1566//1566
f 1565//1565 1566//1566 1568//1568
f 1564//1564 1565//1565 1568//1568
f 1566//1566 1561//1561 1567//1567
f 1567//1567 1562//1562 1568//1568
f 1564//1564 1568//1568 1562//1562
f 1570//1570 1569//1569 1572//1572
f 1574//1574 1571//1571 1573//1573
f 1572//1572 1573//1573 1571//1571
f 1575//1575 1576//1576 1574//1574
f 1575//1575 1569//1569 1570//1570
f 1576//1576 1570//1570 1571//1571
f 1574//1574 1576//1576 1571//1571
f 1578//1578 1580//1580 1579//1579
f 1578//1578 1577//1577 1581//1581
f 1583//1583 1579//1579 1580//1580
f 1580//1580 1581//1581 1583//1583
f 1581//1581 1577//1577 1582//1582
f 1582//1582 1584//1584 1583//1583
f 1583//1583 1584//1584 1579//1579
f 1577//1577 1579//1579 1584//1584
f 1586//1586 1588//1588 1587//1587
f 1586//1586 1585//1585 1589//1589
f 1587//1587 1588//1588 1591//1591
f 1588//1588 1589//1589 1591//1591
f 1589//1589 1585//1585 1590//1590
f 1590//1590 1592//1592 1591//1591
f 1587//1587 1591//1591 1592//1592
f 1592//1592 1586//1586 1587//1587
f 1585//1585 1586//1586 1592//1592
f 1594//1594 1593//1593 1596//1596
f 1596//1596 1597//1597 1595//1595
f 1598//1598 1595//1595 1597//1597
f 1599//1599 1600//1600 1598//1598
f 1599//1599 1593//1593 1594//1594
f 1598//1598 1600//1600 1595//1595
f 1600//1600 1594//1594 1595//1595
f 1602//1602 1601//1601 1604//1604
f 1604//1604 1605//1605 1603//1603
f 1603//1603 1605//1605 1606//1606
f 1601//1601 1606//1606 1605//1605
f 1603//1603 1606//1606 1608//1608
f 1607//1607 1608//1608 1606//1606
f 1607//1607 1601//1601 1602//1602
f 1608//1608 1602//1602 1603//1603
usemtl field_material_05
f 5//5 4//4 9//9
f 2//2 7//7 8//8
f 3//3 8//8 9//9
f 8//8 12//12 13//13
f 9//9 13//13 14//14
f 7//7 11//11 12//12
f 12//12 16//16 17//17
f 14//14 13//13 17//17
f 11//11 15//15 16//16
f 16//16 20//20 21//21
f 17//17 21//21 22//22
f 15//15 19//19 20//20
f 20//20 24//24 25//25
f 22//22 21//21 25//25
f 19//19 23//23 24//24
f 24//24 28//28 29//29
f 25//25 29//29 30//30
f 23//23 27//27 28//28
f 28//28 32//32 33//33
f 30//30 29//29 33//33
f 27//27 31//31 32//32
f 32//32 3//3 4//4
f 33//33 4//4 5//5
f 31//31 2//2 3//3
f 36//36 38//38 37//37
f 37//37 38//38 40//40
f 39//39 40//40 42//42
f 41//41 42//42 44//44
f 40//40 38//38 36//36
f 36//36 46//46 44//44
f 44//44 42//42 40//40
f 43//43 44//44 46//46
f 46//46 36//36 35//35
f 45//45 35//35 37//37
f 37//37 39//39 45//45
f 39//39 41//41 45//45
usemtl field_material_17
f 48//48 50//50 49//49
f 50//50 52//52 51//51
f 51//51 52//52 54//54
f 54//54 56//56 55//55
f 56//56 58//58 57//57
f 57//57 58//58 60//60
f 60//60 62//62 61//61
f 62//62 64//64 63//63
f 64//64 65//65 63//63
usemtl field_material_05
f 66//66 67//67 68//68
f 68//68 70//70 69//69
f 67//67 70//70 68//68
f 70//70 67//67 69//69
usemtl field_material_17
f 72//72 74//74 73//73
f 73//73 74//74 76//76
f 75//75 76//76 78//78
f 78//78 80//80 79//79
f 79//79 80//80 82//82
f 82//82 84//84 83//83
f 84//84 86//86 85//85
f 86//86 88//88 87//87
usemtl field_material_05
f 90//90 91//91 93//93
f 93//93 91//91 94//94
f 90//90 92//92 94//94
usemtl field_material_17
f 96//96 98//98 97//97
f 98//98 100//100 99//99
f 99//99 100//100 102//102
f 102//102 104//104 103//103
f 104//104 106//106 105//105
f 106//106 108//108 107//107
f 108//108 110//110 109//109
f 109//109 110//110 112//112
usemtl field_material_05
f 114//114 115//115 117//117
f 117//117 119//119 116//116
f 119//119 117//117 115//115
f 119//119 115//115 118//118
f 114//114 116//116 118//118
f 120//120 121//121 123//123
f 123//123 125//125 124//124
f 125//125 127//127 126//126
f 126//126 127//127 129//129
f 125//125 123//123 129//129
f 123//123 121//121 129//129
f 121//121 131//131 129//129
f 128//128 129//129 131//131
f 131//131 121//121 120//120
f 130//130 120//120 126//126
f 120//120 122//122 126//126
f 122//122 124//124 126//126
usemtl field_material_07
f 133//133 135//135 134//134
f 134//134 135//135 137//137
f 137//137 139//139 138//138
f 139//139 141//141 140//140
f 141//141 143//143 142//142
f 143//143 145//145 144//144
f 145//145 147//147 146//146
f 147//147 149//149 148//148
usemtl field_material_05
f 152//152 154//154 151//151
f 153//153 154//154 156//156
f 154//154 152//152 156//156
f 156//156 152//152 155//155
f 151//151 153//153 155//155
usemtl field_material_07
f 157//157 158//158 160//160
f 160//160 162//162 161//161
f 162//162 164//164 163//163
f 163//163 164//164 166//166
f 166//166 168//168 167//167
f 167//167 168//168 170//170
f 170//170 172//172 171//171
f 172//172 174//174 173//173
f 174//174 175//175 173//173
usemtl field_material_05
f 176//176 177//177 179//179
f 178//178 179//179 180//180
f 179//179 177//177 180//180
f 180//180 177//177 181//181
f 181//181 176//176 178//178
usemtl field_material_07
f 182//182 183//183 185//185
f 185//185 187//187 186//186
f 187//187 189//189 188//188
f 189//189 191//191 190//190
f 191//191 193//193 192//192
f 193//193 195//195 194//194
f 194//194 195//195 197//197
f 196//196 197//197 199//199
usemtl field_material_05
f 202//202 204//204 201//201
f 203//203 204//204 205//205
f 205//205 202//202 206//206
f 201//201 203//203 206//206
f 208//208 210//210 209//209
f 210//210 212//212 211//211
f 212//212 214//214 213//213
f 214//214 216//216 215//215
f 212//212 210//210 208//208
f 208//208 218//218 216//216
f 216//216 214//214 208//208
f 216//216 218//218 217//217
f 218//218 208//208 207//207
f 217//217 207//207 209//209
f 209//209 211//211 213//213
f 213//213 215//215 209//209
usemtl field_material_23
f 220//220 222//222 221//221
f 221//221 222//222 224//224
f 224//224 226//226 225//225
f 226//226 228//228 227//227
f 228//228 230//230 229//229
f 230//230 232//232 231//231
f 232//232 234//234 233//233
f 234//234 236//236 235//235
f 236//236 237//237 235//235
usemtl field_material_05
f 240//240 238//238 242//242
f 241//241 242//242 238//238
usemtl field_material_23
f 243//243 244//244 246//246
f 246//246 248//248 247//247
f 247//247 248//248 250//250
f 250//250 252//252 251//251
f 252//252 254//254 253//253
f 254//254 256//256 255//255
f 255//255 256//256 258//258
f 257//257 258//258 260//260
usemtl field_material_05
f 262//262 263//263 265//265
f 265//265 267//267 264//264
f 267//267 263//263 266//266
usemtl field_material_23
f 269//269 271//271 270//270
f 271//271 273//273 272//272
f 272//272 273//273 275//275
f 274//274 275//275 277//277
f 276//276 277//277 279//279
f 279//279 281//281 280//280
f 281//281 283//283 282//282
f 283//283 285//285 284//284
f 285//285 286//286 284//284
usemtl field_material_05
f 287//287 288//288 289//289
f 289//289 292//292 290//290
f 291//291 292//292 288//288
f 291//291 287//287 290//290
f 293//293 294//294 296//296
f 296//296 298//298 297//297
f 298//298 300//300 299//299
f 300//300 302//302 301//301
f 298//298 296//296 294//294
f 294//294 304//304 298//298
f 304//304 302//302 298//298
f 301//301 302//302 304//304
f 303//303 304//304 294//294
f 303//303 293//293 295//295
f 295//295 297//297 303//303
f 297//297 299//299 303//303
usemtl field_material_07
f 306//306 308//308 307//307
f 308//308 310//310 309//309
f 309//309 310//310 312//312
f 311//311 312//312 314//314
f 314//314 316//316 315//315
f 316//316 318//318 317//317
f 318//318 320//320 319//319
f 320//320 322//322 321//321
usemtl field_material_05
f 324//324 325//325 327//327
f 327//327 329//329 326//326
f 325//325 329//329 327//327
f 329//329 325//325 328//328
f 328//328 324//324 326//326
usemtl field_material_07
f 331//331 333//333 332//332
f 333//333 335//335 334//334
f 334//334 335//335 337//337
f 337//337 339//339 338//338
f 339//339 341//341 340//340
f 341//341 343//343 342//342
f 343//343 345//345 344//344
f 344//344 345//345 347//347
f 347//347 348//348 346//346
usemtl field_material_05
f 350//350 352//352 349//349
f 350//350 353//353 352//352
f 351//351 352//352 353//353
f 353//353 350//350 351//351
usemtl field_material_07
f 355//355 357//357 356//356
f 357//357 359//359 358//358
f 358//358 359//359 361//361
f 361//361 363//363 362//362
f 362//362 363//363 365//365
f 365//365 367//367 366//366
f 367//367 369//369 368//368
f 369//369 371//371 370//370
usemtl field_material_05
f 373//373 375//375 374//374
f 375//375 377//377 374//374
f 377//377 375//375 373//373
f 377//377 373//373 376//376
f 379//379 381//381 380//380
f 381//381 383//383 382//382
f 382//382 383//383 385//385
f 385//385 387//387 386//386
f 383//383 381//381 387//387
f 381//381 379//379 387//387
f 379//379 389//389 387//387
f 386//386 387//387 389//389
f 388//388 389//389 379//379
f 388//388 378//378 380//380
f 380//380 382//382 384//384
f 384//384 386//386 380//380
usemtl field_material_23
f 391//391 393//393 392//392
f 393//393 395//395 394//394
f 395//395 397//397 396//396
f 397//397 399//399 398//398
f 398//398 399//399 401//401
f 400//400 401//401 403//403
f 403//403 405//405 404//404
f 405//405 407//407 406//406
usemtl field_material_05
f 409//409 410//410 411//411
f 411//411 414//414 412//412
f 411//411 410//410 414//414
f 414//414 410//410 413//413
f 413//413 409//409 412//412
usemtl field_material_23
f 416//416 418//418 417//417
f 417//417 418//418 420//420
f 420//420 422//422 421//421
f 422//422 424//424 423//423
f 424//424 426//426 425//425
f 425//425 426//426 428//428
f 427//427 428//428 430//430
f 430//430 432//432 431//431
usemtl field_material_05
f 434//434 435//435 437//437
f 437//437 439//439 436//436
f 437//437 435//435 439//439
f 439//439 435//435 438//438
f 434//434 436//436 438//438
usemtl field_material_23
f 441//441 443//443 442//442
f 443//443 445//445 444//444
f 445//445 447//447 446//446
f 447//447 449//449 448//448
f 449//449 451//451 450//450
f 450//450 451//451 453//453
f 453//453 455//455 454//454
f 455//455 457//457 456//456
usemtl field_material_05
f 459//459 460//460 462//462
f 461//461 462//462 464//464
f 464//464 460//460 463//463
f 463//463 459//459 461//461
f 466//466 468//468 467//467
f 468//468 470//470 469//469
f 470//470 472//472 471//471
f 472//472 474//474 473//473
f 470//470 468//468 466//466
f 466//466 476//476 470//470
f 476//476 474//474 470//470
f 474//474 476//476 475//475
f 476//476 466//466 465//465
f 475//475 465//465 467//467
f 467//467 469//469 475//475
f 469//469 471//471 475//475
usemtl field_material_23
f 478//478 480//480 479//479
f 479//479 480//480 482//482
f 482//482 484//484 483//483
f 484//484 486//486 485//485
f 485//485 486//486 488//488
f 488//488 490//490 489//489
f 490//490 492//492 491//491
f 492//492 494//494 493//493
f 494//494 495//495 493//493
usemtl field_material_05
f 496//496 497//497 499//499
f 499//499 501//501 498//498
f 499//499 497//497 501//501
f 500//500 501//501 497//497
f 496//496 498//498 500//500
usemtl field_material_23
f 502//502 503//503 505//505
f 505//505 507//507 506//506
f 506//506 507//507 509//509
f 509//509 511//511 510//510
f 510//510 511//511 513//513
f 512//512 513//513 515//515
f 515//515 517//517 516//516
f 517//517 519//519 518//518
usemtl field_material_05
f 523//523 525//525 522//522
f 525//525 523//523 524//524
f 521//521 522//522 524//524
usemtl field_material_23
f 526//526 527//527 529//529
f 528//528 529//529 531//531
f 530//530 531//531 533//533
f 532//532 533//533 535//535
f 535//535 537//537 536//536
f 537//537 539//539 538//538
f 539//539 541//541 540//540
f 541//541 543//543 542//542
usemtl field_material_05
f 545//545 546//546 548//548
f 548//548 546//546 549//549
f 545//545 547//547 549//549
f 550//550 551//551 553//553
f 553//553 555//555 554//554
f 555//555 557//557 556//556
f 556//556 557//557 559//559
f 555//555 553//553 551//551
f 551//551 561//561 559//559
f 559//559 557//557 551//551
f 558//558 559//559 561//561
f 561//561 551//551 550//550
f 560//560 550//550 556//556
f 550//550 552//552 556//556
f 552//552 554//554 556//556
usemtl field_material_07
f 563//563 565//565 564//564
f 564//564 565//565 567//567
f 566//566 567//567 569//569
f 569//569 571//571 570//570
f 571//571 573//573 572//572
f 573//573 575//575 574//574
f 574//574 575//575 577//577
f 577//577 579//579 578//578
f 579//579 580//580 578//578
usemtl field_material_05
f 581//581 582//582 584//584
f 584//584 586//586 583//583
f 584//584 582//582 586//586
f 585//585 586//586 582//582
f 585//585 581//581 583//583
usemtl field_material_07
f 588//588 590//590 589//589
f 589//589 590//590 592//592
f 591//591 592//592 594//594
f 594//594 596//596 595//595
f 595//595 596//596 598//598
f 598//598 600//600 599//599
f 600//600 602//602 601//601
f 602//602 604//604 603//603
f 604//604 605//605 603//603
usemtl field_material_05
f 606//606 607//607 609//609
f 609//609 611//611 608//608
f 610//610 611//611 607//607
f 610//610 606//606 608//608
usemtl field_material_07
f 613//613 615//615 614//614
f 615//615 617//617 616//616
f 616//616 617//617 619//619
f 618//618 619//619 621//621
f 621//621 623//623 622//622
f 623//623 625//625 624//624
f 625//625 627//627 626//626
f 627//627 629//629 628//628
usemtl field_material_05
f 631//631 632//632 634//634
f 634//634 636//636 633//633
f 635//635 636//636 632//632
f 635//635 631//631 633//633
f 638//638 640//640 637//637
f 639//639 640//640 642//642
f 642//642 645//645 643//643
f 645//645 642//642 638//638
f 644//644 645//645 638//638
f 637//637 639//639 641//641
f 641//641 643//643 644//644
usemtl field_material_15
f 653//653 654//654 647//647
f 648//648 654//654 655//655
f 655//655 656//656 649//649
f 649//649 656//656 657//657
f 649//649 657//657 658//658
f 650//650 658//658 659//659
f 650//650 659//659 660//660
f 651//651 660//660 661//661
f 651//651 661//661 662//662
f 652//652 662//662 663//663
f 663//663 653//653 647//647
f 654//654 664//664 665//665
f 662//662 666//666 663//663
f 666//666 653//653 663//663
f 667//667 668//668 664//664
f 664//664 668//668 669//669
f 665//665 669//669 670//670
f 655//655 670//670 671//671
f 671//671 672//672 656//656
f 672//672 673//673 657//657
f 673//673 674//674 658//658
f 659//659 674//674 675//675
f 675//675 676//676 660//660
f 660//660 676//676 677//677
f 677//677 678//678 661//661
f 678//678 679//679 662//662
f 666//666 679//679 680//680
f 666//666 680//680 667//667
f 681//681 682//682 668//668
f 682//682 683//683 668//668
f 683//683 670//670 669//669
f 670//670 684//684 671//671
f 671//671 685//685 686//686
f 686//686 687//687 672//672
f 672//672 687//687 688//688
f 688//688 689//689 674//674
f 674//674 689//689 690//690
f 675//675 691//691 676//676
f 677//677 692//692 678//678
f 692//692 693//693 678//678
f 678//678 693//693 694//694
f 694//694 695//695 679//679
f 679//679 695//695 680//680
f 680//680 681//681 667//667
f 682//682 697//697 683//683
f 697//697 698//698 683//683
f 698//698 699//699 670//670
f 701//701 702//702 688//688
f 703//703 704//704 691//691
f 705//705 696//696 681//681
f 696//696 706//706 682//682
f 682//682 706//706 697//697
f 686//686 707//707 687//687
f 702//702 708//708 689//689
f 689//689 708//708 690//690
f 690//690 709//709 703//703
f 704//704 710//710 692//692
f 692//692 711//711 693//693
f 693//693 711//711 694//694
f 705//705 712//712 696//696
f 706//706 714//714 697//697
f 697//697 714//714 715//715
f 698//698 715//715 716//716
f 699//699 716//716 717//717
f 717//717 718//718 700//700
f 700//700 718//718 719//719
f 685//685 719//719 720//720
f 721//721 722//722 702//702
f 708//708 723//723 690//690
f 703//703 724//724 725//725
f 711//711 727//727 694//694
f 727//727 728//728 695//695
f 695//695 728//728 729//729
f 712//712 713//713 696//696
f 714//714 731//731 715//715
f 716//716 732//732 717//717
f 718//718 733//733 719//719
f 720//720 734//734 707//707
f 734//734 735//735 721//721
f 735//735 736//736 722//722
f 723//723 737//737 738//738
f 738//738 739//739 724//724
f 725//725 740//740 710//710
f 710//710 740//740 726//726
f 726//726 741//741 711//711
f 711//711 741//741 742//742
f 727//727 742//742 728//728
f 729//729 743//743 712//712
f 743//743 730//730 713//713
f 730//730 744//744 706//706
f 744//744 745//745 714//714
f 731//731 746//746 716//716
f 732//732 747//747 718//718
f 718//718 747//747 733//733
f 733//733 748//748 720//720
f 720//720 748//748 734//734
f 736//736 749//749 708//708
f 740//740 751//751 726//726
f 742//742 752//752 728//728
f 728//728 752//752 753//753
f 729//729 753//753 743//743
f 734//734 758//758 759//759
f 735//735 759//759 760//760
f 737//737 761//761 762//762
f 738//738 762//762 763//763
f 741//741 764//764 742//742
f 753//753 765//765 743//743
f 765//765 754//754 730//730
f 754//754 766//766 767//767
f 767//767 768//768 755//755
f 768//768 769//769 747//747
f 769//769 770//770 748//748
f 758//758 770//770 771//771
f 771//771 772//772 749//749
f 762//762 772//772 773//773
f 773//773 774//774 751//751
f 774//774 775//775 764//764
f 753//753 775//775 766//766
usemtl field_material_05
f 792//792 778//778 779//779
f 790//790 780//780 779//779
f 782//782 779//779 781//781
f 781//781 783//783 786//786
f 781//781 780//780 784//784
f 783//783 785//785 786//786
f 784//784 777//777 787//787
f 786//786 785//785 787//787
f 788//788 787//787 789//789
f 789//789 777//777 790//790
f 789//789 791//791 792//792
f 791//791 778//778 792//792
f 796//796 794//794 795//795
f 807//807 797//797 795//795
f 796//796 795//795 798//798
f 798//798 799//799 800//800
f 798//798 797//797 801//801
f 799//799 802//802 804//804
f 804//804 802//802 803//803
f 801//801 793//793 803//803
f 804//804 803//803 805//805
f 805//805 793//793 807//807
f 805//805 808//808 806//806
f 808//808 794//794 796//796
f 824//824 810//810 811//811
f 810//810 813//813 811//811
f 812//812 811//811 814//814
f 814//814 815//815 816//816
f 814//814 813//813 817//817
f 817//817 809//809 819//819
f 822//822 819//819 821//821
f 809//809 820//820 821//821
f 821//821 823//823 824//824
f 823//823 820//820 810//810
f 823//823 810//810 824//824
f 826//826 829//829 828//828
f 831//831 828//828 830//830
f 830//830 832//832 833//833
f 830//830 829//829 825//825
f 832//832 825//825 834//834
f 832//832 835//835 836//836
f 836//836 835//835 837//837
f 834//834 838//838 839//839
f 836//836 837//837 839//839
f 839//839 841//841 840//840
f 841//841 838//838 826//826
f 857//857 843//843 845//845
f 847//847 845//845 846//846
f 844//844 842//842 846//846
f 846//846 848//848 851//851
f 848//848 850//850 851//851
f 848//848 842//842 849//849
f 851//851 850//850 852//852
f 849//849 854//854 855//855
f 853//853 852//852 855//855
f 855//855 856//856 857//857
f 856//856 854//854 844//844
f 856//856 843//843 857//857
usemtl field_material_29
f 859//859 860//860 861//861
f 860//860 858//858 862//862
f 864//864 858//858 863//863
f 863//863 859//859 865//865
f 867//867 866//866 868//868
f 868//868 870//870 869//869
f 870//870 872//872 871//871
f 872//872 866//866 873//873
f 875//875 874//874 877//877
f 878//878 874//874 879//879
f 880//880 879//879 875//875
f 883//883 882//882 884//884
f 884//884 881//881 885//885
f 885//885 881//881 887//887
f 885//885 887//887 886//886
f 890//890 891//891 892//892
f 891//891 889//889 893//893
f 895//895 889//889 894//894
f 894//894 890//890 896//896
f 898//898 900//900 899//899
f 900//900 897//897 901//901
f 902//902 897//897 903//903
f 903//903 898//898 904//904
f 907//907 905//905 906//906
f 906//906 909//909 908//908
f 909//909 910//910 911//911
f 910//910 905//905 912//912
f 914//914 913//913 915//915
f 915//915 917//917 916//916
f 922//922 920//920 921//921
f 924//924 925//925 926//926
f 925//925 920//920 927//927
f 932//932 928//928 933//933
f 933//933 929//929 934//934
f 936//936 935//935 938//938
f 936//936 938//938 937//937
f 937//937 938//938 939//939
f 940//940 941//941 942//942
f 942//942 941//941 936//936
f 941//941 935//935 936//936
f 947//947 943//943 948//948
f 948//948 944//944 949//949
f 955//955 950//950 954//954
f 954//954 951//951 956//956
f 958//958 957//957 959//959
f 960//960 959//959 961//961
f 961//961 957//957 963//963
usemtl field_material_05
f 964//964 967//967 965//965
f 966//966 967//967 969//969
f 969//969 971//971 970//970
f 967//967 964//964 971//971
f 964//964 973//973 971//971
f 970//970 971//971 973//973
f 973//973 964//964 972//972
f 965//965 966//966 972//972
f 966//966 968//968 972//972
usemtl field_material_15
f 975//975 981//981 982//982
f 976//976 982//982 983//983
f 976//976 983//983 984//984
f 977//977 984//984 985//985
f 977//977 985//985 991//991
f 978//978 991//991 986//986
f 978//978 986//986 987//987
f 987//987 988//988 979//979
f 979//979 988//988 992//992
f 992//992 989//989 980//980
f 980//980 989//989 981//981
f 990//990 982//982 981//981
f 989//989 992//992 993//993
f 989//989 993//993 990//990
f 982//982 994//994 995//995
f 995//995 996//996 983//983
f 984//984 996//996 997//997
f 997//997 998//998 985//985
f 991//991 998//998 999//999
f 999//999 1000//1000 986//986
f 1000//1000 1001//1001 986//986
f 1001//1001 1002//1002 987//987
f 988//988 1002//1002 1003//1003
f 1003//1003 1004//1004 988//988
f 1004//1004 1005//1005 992//992
f 1005//1005 1006//1006 993//993
f 1007//1007 1008//1008 994//994
f 995//995 1008//1008 1009//1009
f 1009//1009 1010//1010 996//996
f 1002//1002 1021//1021 1003//1003
f 1007//1007 1013//1013 1008//1008
f 1013//1013 1014//1014 1009//1009
f 1015//1015 1016//1016 997//997
f 998//998 1016//1016 1017//1017
f 998//998 1017//1017 1018//1018
f 999//999 1018//1018 1019//1019
f 1019//1019 1020//1020 1001//1001
f 1021//1021 1022//1022 1003//1003
f 1023//1023 1024//1024 1006//1006
f 1024//1024 1012//1012 990//990
f 1014//1014 1025//1025 1010//1010
f 1018//1018 1026//1026 1019//1019
f 1019//1019 1027//1027 1020//1020
f 1020//1020 1028//1028 1021//1021
f 1022//1022 1029//1029 1011//1011
f 1012//1012 1030//1030 1031//1031
f 1007//1007 1031//1031 1032//1032
f 1013//1013 1032//1032 1033//1033
f 1013//1013 1033//1033 1034//1034
f 1014//1014 1034//1034 1035//1035
f 1036//1036 1037//1037 1016//1016
f 1037//1037 1038//1038 1016//1016
f 1016//1016 1038//1038 1039//1039
f 1017//1017 1039//1039 1040//1040
f 1027//1027 1042//1042 1020//1020
f 1043//1043 1044//1044 1022//1022
f 1022//1022 1044//1044 1029//1029
f 1045//1045 1046//1046 1023//1023
f 1023//1023 1046//1046 1047//1047
f 1047//1047 1048//1048 1024//1024
f 1048//1048 1030//1030 1012//1012
f 1030//1030 1049//1049 1031//1031
f 1032//1032 1050//1050 1033//1033
f 1034//1034 1051//1051 1035//1035
f 1040//1040 1052//1052 1026//1026
f 1026//1026 1052//1052 1041//1041
f 1027//1027 1053//1053 1042//1042
f 1042//1042 1054//1054 1028//1028
f 1044//1044 1055//1055 1029//1029
f 1029//1029 1055//1055 1056//1056
f 1045//1045 1056//1056 1046//1046
f 1048//1048 1049//1049 1030//1030
f 1033//1033 1057//1057 1034//1034
f 1051//1051 1058//1058 1025//1025
f 1025//1025 1058//1058 1059//1059
f 1038//1038 1060//1060 1039//1039
f 1039//1039 1060//1060 1061//1061
f 1040//1040 1061//1061 1052//1052
f 1052//1052 1062//1062 1041//1041
f 1053//1053 1063//1063 1042//1042
f 1043//1043 1064//1064 1044//1044
f 1056//1056 1065//1065 1046//1046
f 1047//1047 1066//1066 1048//1048
f 1048//1048 1066//1066 1049//1049
f 1049//1049 1067//1067 1031//1031
f 1050//1050 1068//1068 1033//1033
f 1054//1054 1070//1070 1043//1043
f 1067//1067 1072//1072 1073//1073
f 1073//1073 1074//1074 1051//1051
f 1058//1058 1074//1074 1075//1075
f 1075//1075 1076//1076 1060//1060
f 1076//1076 1077//1077 1062//1062
f 1077//1077 1078//1078 1054//1054
f 1070//1070 1078//1078 1079//1079
f 1055//1055 1079//1079 1080//1080
f 1080//1080 1081//1081 1071//1071
f 1066//1066 1081//1081 1072//1072
usemtl field_material_05
f 1084//1084 1087//1087 1086//1086
f 1089//1089 1086//1086 1088//1088
f 1088//1088 1087//1087 1090//1090
f 1088//1088 1092//1092 1091//1091
f 1090//1090 1083//1083 1093//1093
f 1091//1091 1092//1092 1093//1093
f 1083//1083 1095//1095 1097//1097
f 1094//1094 1093//1093 1097//1097
f 1097//1097 1095//1095 1084//1084
f 1097//1097 1086//1086 1085//1085
f 1101//1101 1100//1100 1102//1102
f 1099//1099 1103//1103 1102//1102
f 1102//1102 1106//1106 1104//1104
f 1106//1106 1103//1103 1105//1105
f 1107//1107 1106//1106 1108//1108
f 1105//1105 1098//1098 1110//1110
f 1109//1109 1108//1108 1110//1110
f 1110//1110 1098//1098 1099//1099
f 1110//1110 1100//1100 1101//1101
f 1113//1113 1116//1116 1114//1114
f 1118//1118 1114//1114 1117//1117
f 1117//1117 1119//1119 1121//1121
f 1117//1117 1116//1116 1120//1120
f 1120//1120 1112//1112 1122//1122
f 1121//1121 1119//1119 1122//1122
f 1112//1112 1124//1124 1126//1126
f 1123//1123 1122//1122 1126//1126
f 1126//1126 1124//1124 1113//1113
f 1126//1126 1114//1114 1115//1115
f 1132//1132 1128//1128 1131//1131
f 1130//1130 1127//1127 1131//1131
f 1131//1131 1133//1133 1134//1134
f 1133//1133 1127//1127 1135//1135
f 1134//1134 1133//1133 1136//1136
f 1135//1135 1138//1138 1140//1140
f 1137//1137 1136//1136 1140//1140
f 1140//1140 1138//1138 1130//1130
f 1140//1140 1128//1128 1129//1129
f 1152//1152 1144//1144 1142//1142
f 1146//1146 1142//1142 1145//1145
f 1145//1145 1147//1147 1148//1148
f 1145//1145 1144//1144 1149//1149
f 1151//1151 1147//1147 1150//1150
f 1149//1149 1141//1141 1150//1150
f 1151//1151 1150//1150 1153//1153
f 1153//1153 1141//1141 1152//1152
f 1153//1153 1142//1142 1143//1143
usemtl field_material_29
f 1156//1156 1157//1157 1158//1158
f 1157//1157 1155//1155 1159//1159
f 1161//1161 1155//1155 1160//1160
f 1160//1160 1156//1156 1162//1162
f 1164//1164 1166//1166 1165//1165
f 1166//1166 1163//1163 1167//1167
f 1168//1168 1163//1163 1169//1169
f 1169//1169 1164//1164 1170//1170
f 1173//1173 1171//1171 1172//1172
f 1172//1172 1175//1175 1174//1174
f 1175//1175 1176//1176 1177//1177
f 1176//1176 1171//1171 1178//1178
f 1180//1180 1182//1182 1181//1181
f 1182//1182 1179//1179 1183//1183
f 1184//1184 1179//1179 1185//1185
f 1185//1185 1180//1180 1186//1186
f 1188//1188 1191//1191 1190//1190
f 1193//1193 1191//1191 1192//1192
f 1192//1192 1187//1187 1194//1194
f 1196//1196 1198//1198 1197//1197
f 1198//1198 1195//1195 1199//1199
f 1200//1200 1195//1195 1201//1201
f 1201//1201 1196//1196 1202//1202
f 1204//1204 1205//1205 1206//1206
f 1205//1205 1203//1203 1207//1207
f 1209//1209 1203//1203 1208//1208
f 1208//1208 1204//1204 1210//1210
f 1212//1212 1214//1214 1213//1213
f 1214//1214 1211//1211 1215//1215
f 1216//1216 1211//1211 1217//1217
f 1217//1217 1212//1212 1218//1218
f 1220//1220 1219//1219 1221//1221
f 1221//1221 1223//1223 1222//1222
f 1223//1223 1225//1225 1224//1224
f 1225//1225 1219//1219 1226//1226
f 1228//1228 1229//1229 1230//1230
f 1229//1229 1227//1227 1231//1231
f 1233//1233 1227//1227 1232//1232
f 1232//1232 1228//1228 1234//1234
f 1236//1236 1237//1237 1238//1238
f 1237//1237 1235//1235 1239//1239
f 1240//1240 1236//1236 1242//1242
f 1244//1244 1245//1245 1246//1246
f 1245//1245 1243//1243 1247//1247
f 1249//1249 1243//1243 1248//1248
f 1248//1248 1244//1244 1250//1250
f 1252//1252 1253//1253 1254//1254
f 1253//1253 1251//1251 1255//1255
f 1257//1257 1251//1251 1256//1256
f 1256//1256 1252//1252 1258//1258
f 1261//1261 1259//1259 1260//1260
f 1260//1260 1263//1263 1262//1262
f 1263//1263 1264//1264 1265//1265
f 1264//1264 1259//1259 1266//1266
usemtl field_material_05
f 1267//1267 1269//1269 1268//1268
f 1268//1268 1269//1269 1271//1271
f 1271//1271 1274//1274 1272//1272
f 1271//1271 1269//1269 1267//1267
f 1267//1267 1276//1276 1274//1274
f 1273//1273 1274//1274 1276//1276
f 1275//1275 1276//1276 1267//1267
f 1275//1275 1268//1268 1272//1272
f 1268//1268 1270//1270 1272//1272
usemtl field_material_09
f 1278//1278 1294//1294 1284//1284
f 1284//1284 1285//1285 1279//1279
f 1285//1285 1286//1286 1279//1279
f 1286//1286 1287//1287 1280//1280
f 1287//1287 1288//1288 1281//1281
f 1288//1288 1289//1289 1281//1281
f 1289//1289 1290//1290 1281//1281
f 1290//1290 1291//1291 1282//1282
f 1282//1282 1291//1291 1292//1292
f 1283//1283 1292//1292 1293//1293
f 1283//1283 1293//1293 1294//1294
f 1294//1294 1295//1295 1296//1296
f 1284//1284 1296//1296 1297//1297
f 1286//1286 1298//1298 1287//1287
f 1287//1287 1298//1298 1288//1288
f 1289//1289 1299//1299 1300//1300
f 1290//1290 1300//1300 1301//1301
f 1301//1301 1302//1302 1291//1291
f 1302//1302 1303//1303 1292//1292
f 1293//1293 1303//1303 1304//1304
f 1294//1294 1304//1304 1295//1295
f 1295//1295 1305//1305 1306//1306
f 1296//1296 1306//1306 1307//1307
f 1297//1297 1307//1307 1308//1308
f 1286//1286 1308//1308 1309//1309
f 1309//1309 1310//1310 1298//1298
f 1298//1298 1310//1310 1311//1311
f 1311//1311 1312//1312 1288//1288
f 1312//1312 1313//1313 1299//1299
f 1313//1313 1314//1314 1299//1299
f 1314//1314 1315//1315 1300//1300
f 1301//1301 1315//1315 1316//1316
f 1301//1301 1316//1316 1317//1317
f 1302//1302 1317//1317 1318//1318
f 1318//1318 1319//1319 1303//1303
f 1319//1319 1320//1320 1304//1304
f 1320//1320 1305//1305 1295//1295
f 1322//1322 1323//1323 1308//1308
f 1308//1308 1323//1323 1324//1324
f 1325//1325 1326//1326 1314//1314
f 1315//1315 1326//1326 1327//1327
f 1327//1327 1328//1328 1316//1316
f 1328//1328 1329//1329 1317//1317
f 1317//1317 1329//1329 1318//1318
f 1330//1330 1320//1320 1319//1319
f 1321//1321 1331//1331 1332//1332
f 1306//1306 1332//1332 1333//1333
f 1310//1310 1334//1334 1335//1335
f 1312//1312 1335//1335 1336//1336
f 1326//1326 1337//1337 1338//1338
f 1326//1326 1338//1338 1339//1339
f 1339//1339 1340//1340 1328//1328
f 1340//1340 1341//1341 1328//1328
f 1328//1328 1341//1341 1329//1329
f 1343//1343 1344//1344 1320//1320
f 1344//1344 1345//1345 1321//1321
f 1345//1345 1331//1331 1321//1321
f 1333//1333 1346//1346 1322//1322
f 1324//1324 1347//1347 1334//1334
f 1325//1325 1349//1349 1337//1337
f 1337//1337 1349//1349 1338//1338
f 1329//1329 1351//1351 1342//1342
f 1351//1351 1352//1352 1330//1330
f 1330//1330 1352//1352 1343//1343
f 1331//1331 1353//1353 1354//1354
f 1332//1332 1354//1354 1355//1355
f 1323//1323 1356//1356 1357//1357
f 1324//1324 1357//1357 1347//1347
f 1359//1359 1360//1360 1336//1336
f 1360//1360 1361//1361 1325//1325
f 1349//1349 1362//1362 1338//1338
f 1338//1338 1362//1362 1363//1363
f 1364//1364 1365//1365 1341//1341
f 1365//1365 1366//1366 1329//1329
f 1343//1343 1367//1367 1368//1368
f 1368//1368 1369//1369 1345//1345
f 1369//1369 1353//1353 1331//1331
f 1355//1355 1370//1370 1346//1346
f 1370//1370 1371//1371 1356//1356
f 1371//1371 1372//1372 1357//1357
f 1373//1373 1374//1374 1359//1359
f 1359//1359 1374//1374 1360//1360
f 1361//1361 1375//1375 1376//1376
f 1376//1376 1377//1377 1362//1362
f 1363//1363 1378//1378 1350//1350
f 1378//1378 1379//1379 1364//1364
f 1379//1379 1380//1380 1365//1365
f 1365//1365 1380//1380 1381//1381
f 1381//1381 1382//1382 1351//1351
f 1351//1351 1382//1382 1383//1383
f 1352//1352 1383//1383 1367//1367
f 1385//1385 1386//1386 1354//1354
f 1354//1354 1386//1386 1387//1387
f 1355//1355 1387//1387 1370//1370
f 1388//1388 1389//1389 1358//1358
f 1358//1358 1389//1389 1373//1373
f 1374//1374 1390//1390 1360//1360
f 1377//1377 1391//1391 1363//1363
f 1363//1363 1391//1391 1378//1378
f 1383//1383 1392//1392 1367//1367
f 1392//1392 1393//1393 1368//1368
f 1370//1370 1394//1394 1395//1395
f 1371//1371 1395//1395 1396//1396
f 1389//1389 1397//1397 1373//1373
f 1398//1398 1399//1399 1376//1376
f 1399//1399 1400//1400 1377//1377
f 1391//1391 1401//1401 1378//1378
f 1401//1401 1402//1402 1379//1379
f 1382//1382 1404//1404 1383//1383
f 1406//1406 1407//1407 1387//1387
f 1407//1407 1408//1408 1395//1395
f 1408//1408 1409//1409 1389//1389
f 1409//1409 1410//1410 1390//1390
f 1410//1410 1411//1411 1399//1399
f 1391//1391 1411//1411 1412//1412
f 1402//1402 1412//1412 1413//1413
f 1413//1413 1414//1414 1404//1404
f 1414//1414 1406//1406 1405//1405
usemtl field_material_05
f 1417//1417 1420//1420 1418//1418
f 1419//1419 1417//1417 1418//1418
f 1419//1419 1418//1418 1421//1421
f 1421//1421 1423//1423 1424//1424
f 1421//1421 1420//1420 1422//1422
f 1423//1423 1425//1425 1426//1426
f 1422//1422 1416//1416 1427//1427
f 1426//1426 1425//1425 1427//1427
f 1416//1416 1428//1428 1429//1429
f 1426//1426 1427//1427 1429//1429
f 1429//1429 1431//1431 1430//1430
f 1431//1431 1428//1428 1417//1417
f 1431//1431 1417//1417 1419//1419
f 1436//1436 1433//1433 1435//1435
f 1434//1434 1432//1432 1437//1437
f 1436//1436 1435//1435 1437//1437
f 1437//1437 1438//1438 1439//1439
f 1438//1438 1440//1440 1443//1443
f 1438//1438 1432//1432 1441//1441
f 1443//1443 1440//1440 1442//1442
f 1443//1443 1442//1442 1444//1444
f 1441//1441 1445//1445 1444//1444
f 1444//1444 1446//1446 1447//1447
f 1446//1446 1445//1445 1434//1434
f 1446//1446 1433//1433 1436//1436
f 1449//1449 1451//1451 1452//1452
f 1453//1453 1452//1452 1454//1454
f 1454//1454 1451//1451 1448//1448
f 1454//1454 1455//1455 1456//1456
f 1455//1455 1448//1448 1457//1457
f 1455//1455 1458//1458 1456//1456
f 1456//1456 1458//1458 1459//1459
f 1457//1457 1462//1462 1461//1461
f 1460//1460 1459//1459 1461//1461
f 1461//1461 1463//1463 1464//1464
f 1463//1463 1462//1462 1449//1449
f 1481//1481 1466//1466 1467//1467
f 1479//1479 1465//1465 1467//1467
f 1468//1468 1467//1467 1469//1469
f 1465//1465 1470//1470 1469//1469
f 1469//1469 1471//1471 1472//1472
f 1471//1471 1470//1470 1473//1473
f 1473//1473 1475//1475 1476//1476
f 1477//1477 1476//1476 1478//1478
f 1478//1478 1475//1475 1479//1479
f 1478//1478 1480//1480 1481//1481
f 1480//1480 1466//1466 1481//1481
f 1486//1486 1483//1483 1485//1485
f 1484//1484 1482//1482 1487//1487
f 1486//1486 1485//1485 1487//1487
f 1487//1487 1489//1489 1488//1488
f 1489//1489 1490//1490 1493//1493
f 1489//1489 1482//1482 1491//1491
f 1493//1493 1490//1490 1492//1492
f 1493//1493 1492//1492 1494//1494
f 1491//1491 1495//1495 1494//1494
f 1494//1494 1496//1496 1497//1497
f 1496//1496 1483//1483 1486//1486
f 1496//1496 1495//1495 1484//1484
usemtl field_material_29
f 1499//1499 1504//1504 1500//1500
f 1500//1500 1498//1498 1501//1501
f 1503//1503 1504//1504 1505//1505
f 1507//1507 1509//1509 1508//1508
f 1509//1509 1506//1506 1510//1510
f 1511//1511 1506//1506 1512//1512
f 1512//1512 1507//1507 1513//1513
f 1517//1517 1515//1515 1516//1516
f 1516//1516 1514//1514 1518//1518
f 1518//1518 1519//1519 1520//1520
f 1518//1518 1514//1514 1519//1519
f 1519//1519 1515//1515 1521//1521
f 1523//1523 1525//1525 1526//1526
f 1523//1523 1522//1522 1525//1525
f 1526//1526 1525//1525 1527//1527
f 1527//1527 1528//1528 1524//1524
f 1527//1527 1522//1522 1528//1528
f 1524//1524 1528//1528 1523//1523
f 1531//1531 1529//1529 1530//1530
f 1530//1530 1533//1533 1532//1532
f 1533//1533 1534//1534 1535//1535
f 1534//1534 1529//1529 1536//1536
f 1538//1538 1540//1540 1539//1539
f 1540//1540 1537//1537 1541//1541
f 1542//1542 1537//1537 1543//1543
f 1543//1543 1538//1538 1544//1544
f 1547//1547 1549//1549 1548//1548
f 1549//1549 1551//1551 1550//1550
f 1551//1551 1545//1545 1552//1552
f 1556//1556 1554//1554 1555//1555
f 1555//1555 1553//1553 1557//1557
f 1557//1557 1558//1558 1559//1559
f 1557//1557 1553//1553 1558//1558
f 1558//1558 1554//1554 1560//1560
f 1562//1562 1563//1563 1564//1564
f 1562//1562 1561//1561 1563//1563
f 1563//1563 1566//1566 1565//1565
f 1566//1566 1567//1567 1568//1568
f 1567//1567 1561//1561 1562//1562
f 1570//1570 1572//1572 1571//1571
f 1572//1572 1569//1569 1573//1573
f 1573//1573 1569//1569 1575//1575
f 1573//1573 1575//1575 1574//1574
f 1575//1575 1570//1570 1576//1576
f 1579//1579 1577//1577 1578//1578
f 1578//1578 1581//1581 1580//1580
f 1581//1581 1582//1582 1583//1583
f 1582//1582 1577//1577 1584//1584
f 1586//1586 1589//1589 1588//1588
f 1589//1589 1590//1590 1591//1591
f 1590//1590 1585//1585 1592//1592
f 1594//1594 1596//1596 1595//1595
f 1596//1596 1593//1593 1597//1597
f 1597//1597 1593//1593 1599//1599
f 1597//1597 1599//1599 1598//1598
f 1599//1599 1594//1594 1600//1600
f 1602//1602 1604//1604 1603//1603
f 1604//1604 1601//1601 1605//1605
f 1606//1606 1601//1601 1607//1607
f 1607//1607 1602//1602 1608//1608
