# Strawberry URP Gazebo mesh generated by export_gazebo_assets.py
mtllib plant_variant_16.mtl

o field_export_plant_variant_16
v 0.000000000 0.000000000 0.025000000
v 0.000000000 0.026450338 0.020225426
v 0.000000000 0.042797547 0.007725425
v 0.000000000 0.042797547 -0.007725425
v 0.000000000 0.026450338 -0.020225426
v 0.000000000 0.000000000 -0.025000000
v 0.018703211 0.018703211 0.020225426
v 0.030262435 0.030262435 0.007725425
v 0.030262435 0.030262435 -0.007725425
v 0.018703211 0.018703211 -0.020225426
v 0.026450334 0.000000000 0.020225426
v 0.042797547 0.000000000 0.007725425
v 0.042797547 0.000000000 -0.007725425
v 0.026450334 0.000000000 -0.020225426
v 0.018703211 -0.018703211 0.020225426
v 0.030262435 -0.030262435 0.007725425
v 0.030262435 -0.030262435 -0.007725425
v 0.018703211 -0.018703211 -0.020225426
v 0.000000000 -0.026450334 0.020225426
v 0.000000000 -0.042797547 0.007725425
v 0.000000000 -0.042797547 -0.007725425
v 0.000000000 -0.026450334 -0.020225426
v -0.018703211 -0.018703211 0.020225426
v -0.030262435 -0.030262435 0.007725425
v -0.030262435 -0.030262435 -0.007725425
v -0.018703211 -0.018703211 -0.020225426
v -0.026450334 0.000000000 0.020225426
v -0.042797547 0.000000000 0.007725425
v -0.042797547 0.000000000 -0.007725425
v -0.026450334 0.000000000 -0.020225426
v -0.018703211 0.018703211 0.020225426
v -0.030262435 0.030262435 0.007725425
v -0.030262435 0.030262435 -0.007725425
v -0.018703211 0.018703211 -0.020225426
v -0.000386722 -0.004486211 0.005359516
v 0.014982365 0.173803240 0.155706525
v -0.006233140 -0.001722455 0.002679758
v 0.009135948 0.176567003 0.153026760
v -0.005846416 0.002763748 -0.002679758
v 0.009522672 0.181053206 0.147667259
v 0.000386726 0.004486211 -0.005359516
v 0.015755814 0.182775676 0.144987494
v 0.006233144 0.001722455 -0.002679758
v 0.021602232 0.180011913 0.147667259
v 0.005846419 -0.002763748 0.002679758
v 0.021215506 0.175525710 0.153026760
v -0.014544792 0.199037224 0.164843619
v 0.047995713 0.193586975 0.165450603
v -0.014669219 0.208194882 0.170812666
v 0.049539674 0.202659875 0.171652675
v -0.028275780 0.218622610 0.175668955
v 0.064599060 0.210616514 0.176883966
v -0.021270897 0.227388442 0.179320186
v 0.059104938 0.220459804 0.180371702
v -0.031799875 0.237793893 0.181097254
v 0.071209319 0.228914186 0.182444856
v -0.019662034 0.246378019 0.181468025
v 0.060713802 0.239449382 0.182519525
v -0.025058065 0.256601751 0.179964617
v 0.067816779 0.248595655 0.181179643
v -0.009842640 0.265163600 0.177256167
v 0.054366257 0.259628594 0.178096175
v -0.008109010 0.274959952 0.173372075
v 0.054436229 0.269589841 0.173985511
v 0.024946596 0.292176247 0.163242713
v 0.015350671 0.178075776 0.152134195
v 0.013809806 0.178484872 0.149840429
v 0.022976961 0.277844787 0.163673267
v 0.022918342 0.278183699 0.160901129
v 0.016898824 0.178257778 0.149515107
v 0.025681123 0.277797669 0.162129000
v 0.055028774 0.201303154 0.159691751
v 0.090210810 0.167409033 0.156331331
v 0.059746720 0.206840694 0.162882909
v 0.095897943 0.172066167 0.159537777
v 0.056881595 0.219754115 0.166330785
v 0.109172456 0.169454560 0.161492229
v 0.065601632 0.221585006 0.167999268
v 0.110855252 0.178054705 0.163811877
v 0.064427815 0.233001515 0.169794232
v 0.122424573 0.177213341 0.164427713
v 0.075993359 0.232234761 0.169593573
v 0.121246971 0.188704461 0.165406182
v 0.077665038 0.241053626 0.169519395
v 0.129955903 0.190754071 0.164680839
v 0.090921886 0.238789976 0.167665809
v 0.127073109 0.204015434 0.164320678
v 0.096576996 0.243888721 0.165938035
v 0.131774291 0.209994987 0.162761807
v 0.124556817 0.238113329 0.159923688
v 0.061267208 0.174834430 0.151805505
v 0.116111115 0.230303019 0.163827553
v 0.062957741 0.173775300 0.149149224
v 0.116461299 0.230667055 0.160544217
v -0.060491625 0.180874005 0.158473372
v -0.019913634 0.208208367 0.160522208
v -0.065342993 0.186609864 0.162062600
v -0.023722956 0.214719132 0.164301112
v -0.078938946 0.186472952 0.164538920
v -0.018737730 0.227131546 0.167776823
v -0.079152510 0.195365757 0.166731864
v -0.027053107 0.230552554 0.169533998
v -0.090706795 0.196589828 0.167195961
v -0.023936521 0.241685033 0.170787171
v -0.087542988 0.207744420 0.167293310
v -0.035443589 0.242931232 0.170095459
v -0.095719904 0.211230293 0.165661842
v -0.035518698 0.251888901 0.168899730
v -0.090514444 0.223745883 0.163746953
v -0.048894413 0.251855135 0.165985465
v -0.094024181 0.230368495 0.160544261
v -0.053483322 0.257734001 0.162856519
v -0.081743121 0.256597340 0.153731048
v -0.032801997 0.181511447 0.149842724
v -0.076062776 0.246104479 0.163526282
v -0.030704403 0.183101684 0.148907706
v -0.075253457 0.247172952 0.160715088
v -0.030707704 0.182543218 0.151904002
v -0.073646933 0.247852921 0.162896767
v 0.003458921 -0.003974773 0.004608370
v -0.097589254 0.112143427 0.180605650
v -0.002843615 -0.005966958 0.002304189
v -0.103891790 0.110151246 0.178301454
v -0.006302536 -0.001992188 -0.002304181
v -0.107350707 0.114126012 0.173693091
v -0.003458921 0.003974773 -0.004608370
v -0.104507089 0.120092973 0.171388894
v 0.002843615 0.005966958 -0.002304189
v -0.098204553 0.122085154 0.173693091
v 0.006302536 0.001992188 0.002304181
v -0.094745636 0.118110389 0.178301454
v -0.136482611 0.109436102 0.188788295
v -0.089098677 0.150591224 0.187247798
v -0.143028557 0.115856998 0.193740860
v -0.094420083 0.158156976 0.192308798
v -0.159880638 0.113453627 0.198269337
v -0.089570977 0.174638361 0.196197927
v -0.161235109 0.124668203 0.201211140
v -0.100387663 0.177618772 0.199418500
v -0.175981641 0.124375634 0.203287020
v -0.097999923 0.192236751 0.200989589
v -0.173691034 0.139061153 0.203556061
v -0.112843588 0.192011714 0.201763421
v -0.184792459 0.142239526 0.202959180
v -0.114482820 0.203424260 0.200887769
v -0.180396333 0.159035832 0.200775623
v -0.131787851 0.201335818 0.199343562
v -0.186266124 0.166964039 0.198121533
v -0.138943940 0.208186671 0.196577623
v -0.175800860 0.202414021 0.190082863
v -0.102296062 0.114944406 0.176549539
v -0.167557836 0.190614283 0.189181924
v -0.101427220 0.116058588 0.174298465
v -0.166582689 0.191921562 0.186298460
v -0.099997796 0.116843797 0.177181929
v -0.165359199 0.192628175 0.188549533
v -0.089803405 0.161536232 0.190558359
v -0.040967241 0.163265929 0.187409207
v -0.090433352 0.169193268 0.195610583
v -0.040280633 0.171005338 0.192645803
v -0.101662420 0.176422447 0.200366765
v -0.029119112 0.179043517 0.196078360
v -0.096901268 0.184174478 0.202674270
v -0.034120761 0.186442792 0.198963001
v -0.105957270 0.191366047 0.204121783
v -0.025498148 0.194273114 0.199365437
v -0.097434513 0.199129343 0.202794150
v -0.034654010 0.201397672 0.199082881
v -0.102728918 0.206332192 0.200606510
v -0.030185610 0.208953261 0.196318120
v -0.092033096 0.214057893 0.195970222
v -0.041880377 0.215869963 0.193005443
v -0.091941036 0.221376002 0.190944821
v -0.043103553 0.223120168 0.187846228
v -0.068860479 0.236628190 0.176734537
v -0.065583304 0.146698251 0.177776337
v -0.067432359 0.224752963 0.189317524
v -0.067165270 0.146992624 0.175492987
v -0.070117295 0.224774569 0.188547030
v -0.064071983 0.147154227 0.175169125
v -0.068094097 0.225192651 0.186306179
v -0.154818326 0.064417563 0.186953723
v -0.146300614 0.112481140 0.183047280
v -0.161996350 0.065314241 0.190668300
v -0.153285205 0.114674866 0.186793566
v -0.171073839 0.055800140 0.194661453
v -0.158473611 0.127197728 0.189056873
v -0.177425861 0.062053286 0.196554527
v -0.166521356 0.123842254 0.191704199
v -0.186235696 0.054740470 0.198550612
v -0.172260553 0.133928850 0.192334458
v -0.192052186 0.064762928 0.198190093
v -0.181147695 0.126551896 0.193339765
v -0.200326502 0.061219424 0.197932601
v -0.187726289 0.132617012 0.192328006
v -0.205875367 0.073443159 0.195574999
v -0.197164208 0.122803792 0.191700280
v -0.213292122 0.075249791 0.193460315
v -0.204825684 0.123320922 0.189557478
v -0.224242523 0.101478972 0.185826242
v -0.136836305 0.083569005 0.175780267
v -0.213284805 0.097829536 0.189317524
v -0.213718086 0.097817145 0.186557963
v -0.136537328 0.086345017 0.174557984
v -0.136134461 0.086185060 0.177317530
v -0.213048771 0.100527801 0.187780261
v 0.004928507 -0.000168395 0.004968069
v -0.164613724 0.005624048 0.173356414
v 0.002257265 -0.006142847 0.002484046
v -0.167284966 -0.000350404 0.170872390
v -0.002671227 -0.005974463 -0.002484016
v -0.172213450 -0.000182020 0.165904343
v -0.004928477 0.000168373 -0.004968040
v -0.174470693 0.005960816 0.163420320
v -0.002257235 0.006142825 -0.002484016
v -0.171799451 0.011935268 0.165904343
v 0.002671257 0.005974441 0.002484046
v -0.166870967 0.011766884 0.170872390
v -0.190027654 -0.025408842 0.172868893
v -0.187833458 0.037118223 0.178045124
v -0.199678451 -0.026143879 0.175561413
v -0.197485507 0.038042579 0.180984870
v -0.209816471 -0.040331956 0.176596552
v -0.206644505 0.052510422 0.184441298
v -0.219227374 -0.033877444 0.178563803
v -0.216482282 0.046470303 0.185352817
v -0.229211271 -0.044907901 0.178147897
v -0.225693196 0.058065299 0.186848640
v -0.238394290 -0.033235177 0.178712577
v -0.235649228 0.047112569 0.185501590
v -0.248150319 -0.039047420 0.176894099
v -0.244978338 0.053794958 0.184738845
v -0.257179201 -0.024217075 0.176007718
v -0.254986286 0.039969381 0.181431174
v -0.266627163 -0.022836614 0.173424676
v -0.264513552 0.039690882 0.178605124
v -0.284524918 0.009604578 0.169298500
v -0.169379964 0.005043746 0.169952467
v -0.269270927 0.009942799 0.181952462
v -0.169751719 0.004740951 0.166942522
v -0.269598246 0.007639616 0.179881796
v -0.169549331 0.007363893 0.167881802
v -0.269621134 0.010270254 0.178942516
v -0.195616931 0.043136403 0.180018410
v -0.163601801 0.080039255 0.183351994
v -0.201848626 0.047171153 0.185210854
v -0.169009268 0.085058048 0.188888893
v -0.214955881 0.043297388 0.188753277
v -0.167455435 0.098098814 0.194073379
v -0.217494950 0.051671162 0.192047313
v -0.176387072 0.099097475 0.196651444
v -0.228972033 0.049794462 0.192743078
v -0.176288411 0.110575743 0.198643684
v -0.228825614 0.061391339 0.193087116
v -0.187717736 0.108817652 0.197691247
v -0.237617195 0.062737741 0.190832883
v -0.190116763 0.117539175 0.196152985
v -0.235840619 0.076331683 0.188330263
v -0.203001261 0.114218578 0.192008317
v -0.240947694 0.082034849 0.184090525
v -0.208949074 0.118945748 0.187471315
v -0.235916927 0.110991389 0.174630940
v -0.169094205 0.051481333 0.168171361
v -0.227571860 0.102775685 0.181567654
v -0.167411715 0.053709529 0.166949078
v -0.227067709 0.104017638 0.178756475
v -0.167148232 0.053365339 0.169708624
v -0.225692809 0.105091393 0.180938140
v -0.167932555 -0.070052080 0.177789375
v -0.197345167 -0.030966790 0.180066586
v -0.173327386 -0.075192839 0.181920394
v -0.203547165 -0.035096217 0.184449121
v -0.172406316 -0.088752091 0.184825018
v -0.216117665 -0.030754406 0.188482687
v -0.181219473 -0.089422777 0.187415704
v -0.219048187 -0.039230354 0.190581143
v -0.181817710 -0.101023540 0.188060343
v -0.230298758 -0.036697239 0.192117140
v -0.193122685 -0.098449543 0.188297838
v -0.230951399 -0.048257120 0.191463277
v -0.196212724 -0.106805630 0.186589301
v -0.239924073 -0.048807941 0.190246969
v -0.209036991 -0.102273144 0.184566811
v -0.239256769 -0.062176518 0.187095538
v -0.215547472 -0.106140129 0.181094602
v -0.244969636 -0.067085251 0.183710396
v -0.242565811 -0.095274098 0.173695847
v -0.170049116 -0.042496376 0.168938145
v -0.232690677 -0.088779300 0.181708634
v -0.171347514 -0.041331287 0.166756481
v -0.232977048 -0.089104697 0.178949073
v -0.171765745 -0.040057812 0.169567659
v -0.234503552 -0.086766869 0.180171371
v 0.002828568 0.002609015 0.005847417
v -0.162473366 -0.149863005 0.153839141
v 0.005524479 -0.003151543 0.002923705
v -0.159777462 -0.155623555 0.150915444
v 0.002695918 -0.005760565 -0.002923705
v -0.162606016 -0.158232585 0.145068020
v -0.002828553 -0.002609029 -0.005847417
v -0.168130487 -0.155081049 0.142144322
v -0.005524464 0.003151529 -0.002923705
v -0.170826405 -0.149320483 0.145068020
v -0.002695903 0.005760550 0.002923705
v -0.167997837 -0.146711469 0.150915444
v -0.159057736 -0.188955262 0.159925848
v -0.201548681 -0.142786786 0.157831788
v -0.165874049 -0.196208090 0.164049193
v -0.209553674 -0.148853004 0.162123173
v -0.163451433 -0.213405803 0.167726636
v -0.226631746 -0.144909129 0.164940745
v -0.174920678 -0.215378046 0.169415444
v -0.229598254 -0.156099588 0.167004466
v -0.174317613 -0.230254829 0.170101762
v -0.244392067 -0.154283911 0.167011887
v -0.188984573 -0.228386551 0.168525830
v -0.243662149 -0.169108093 0.166114852
v -0.191579208 -0.239422813 0.165947393
v -0.254759520 -0.170926139 0.163161501
v -0.208065704 -0.235233605 0.161380336
v -0.251745343 -0.187878519 0.159454316
v -0.215280980 -0.240961343 0.156098545
v -0.257831335 -0.194833860 0.154407948
v -0.249696285 -0.230442807 0.142672569
v -0.164295465 -0.153481856 0.148451343
v -0.238649979 -0.220127180 0.161778897
v -0.237845823 -0.221462578 0.159159809
v -0.166527450 -0.151242450 0.147432104
v -0.239916980 -0.219159529 0.159485132
v -0.211225271 -0.142292559 0.162116677
v -0.214354619 -0.093611568 0.157841653
v -0.218927979 -0.143062651 0.166770667
v -0.222184628 -0.093066335 0.162631631
v -0.225889534 -0.154414669 0.171429217
v -0.230600119 -0.082097590 0.165442333
v -0.233812392 -0.149851531 0.173350409
v -0.237889022 -0.087266803 0.168169230
v -0.240752116 -0.159090549 0.174830645
v -0.245976701 -0.078882329 0.168190479
v -0.248744369 -0.150834695 0.173223108
v -0.252820998 -0.088249974 0.168041915
v -0.255753517 -0.156381011 0.171174601
v -0.260464072 -0.084063940 0.165187716
v -0.263723940 -0.146012172 0.166388750
v -0.266980588 -0.096015863 0.162249714
v -0.270980537 -0.146230668 0.161542013
v -0.274114132 -0.097549416 0.157289952
v -0.286692560 -0.123885348 0.147247016
v -0.196902409 -0.118879631 0.149311990
v -0.274709642 -0.124049626 0.161450207
v -0.197406664 -0.118265666 0.146300629
v -0.197195053 -0.116210587 0.148541495
v -0.275244355 -0.122127719 0.158793956
v -0.110794954 -0.204939172 0.155377805
v -0.159150302 -0.197805181 0.158341020
v -0.110978194 -0.212224841 0.158946022
v -0.160618797 -0.204938024 0.162121281
v -0.100763857 -0.221097440 0.161317229
v -0.172566414 -0.210557446 0.165910095
v -0.106522799 -0.227679387 0.163860306
v -0.168662235 -0.218557864 0.167835072
v -0.098768875 -0.236305237 0.164591134
v -0.178406417 -0.224615127 0.169685155
v -0.108583204 -0.242414668 0.165464371
v -0.170722634 -0.233293146 0.169439137
v -0.104884677 -0.250568002 0.164525360
v -0.176687226 -0.240028024 0.169118226
v -0.117159419 -0.256430686 0.163758218
v -0.166800022 -0.249143884 0.166933477
v -0.119036004 -0.263841003 0.161743686
v -0.167396963 -0.256764919 0.164725438
v -0.145754114 -0.275412381 0.157626301
v -0.132154077 -0.187024459 0.149171010
v -0.144730926 -0.263967365 0.161472276
v -0.133472145 -0.187268108 0.146359831
v -0.144804284 -0.264467120 0.158188939
v -0.135117143 -0.186687395 0.148541495
v 0.000020988 0.005373120 0.004486553
v -0.000694180 -0.177714750 0.223757029
v 0.006072626 0.002662882 0.002243273
v 0.005357458 -0.180424988 0.221513748
v 0.006051638 -0.002710238 -0.002243273
v 0.005336470 -0.185798109 0.217027217
v -0.000020988 -0.005373120 -0.004486553
v -0.000736157 -0.188460991 0.214783937
v -0.006072626 -0.002662882 -0.002243273
v -0.006787794 -0.185750753 0.217027217
v -0.006051638 0.002710238 0.002243273
v -0.006766806 -0.180377632 0.221513748
v 0.031362791 -0.203128338 0.228546336
v -0.031265616 -0.202819362 0.232903302
v 0.032473929 -0.212975442 0.232848793
v -0.031806327 -0.212724343 0.237550870
v 0.047040682 -0.222843125 0.235301256
v -0.045937378 -0.222479939 0.242102563
v 0.040900771 -0.232546523 0.237871528
v -0.039564397 -0.232232213 0.243757516
v 0.052233569 -0.242225155 0.237605661
v -0.050890110 -0.241822332 0.245149121
v 0.040790867 -0.251718491 0.237392843
v -0.039674301 -0.251404166 0.243278846
v 0.046820875 -0.261187077 0.234343901
v -0.046157185 -0.260823876 0.241145208
v 0.032144215 -0.270491332 0.231412768
v -0.032136042 -0.270240247 0.236114845
v 0.030896680 -0.279779971 0.226358756
v -0.031701695 -0.279519826 0.231104225
v -0.001439617 -0.298071474 0.216422781
v 0.000709688 -0.183038279 0.219730094
v -0.000362347 -0.282902360 0.232834563
v -0.000048453 -0.283264726 0.229824603
v -0.002450141 -0.183148250 0.218710870
v -0.002676313 -0.283141762 0.230763867
v -0.038236175 -0.209422901 0.228235185
v -0.076124527 -0.178489625 0.225891441
v -0.042444769 -0.215383053 0.231450528
v -0.081371188 -0.183652461 0.229154050
v -0.038486294 -0.228072703 0.234686032
v -0.094791338 -0.182176068 0.231364310
v -0.047005698 -0.230643854 0.236451805
v -0.095733263 -0.190923944 0.233577132
v -0.044875480 -0.241954789 0.238027662
v -0.107324436 -0.191049993 0.234343484
v -0.056466464 -0.242141917 0.237946957
v -0.105194032 -0.202422008 0.235072270
v -0.057407826 -0.251068830 0.237676308
v -0.113712862 -0.205172196 0.234354585
v -0.070827067 -0.249877229 0.235935941
v -0.109753482 -0.218146652 0.233639479
v -0.076053195 -0.255382299 0.234186411
v -0.113976359 -0.224494472 0.231842682
v -0.104440264 -0.251898468 0.228257269
v -0.046334460 -0.183920354 0.219820246
v -0.096270174 -0.243646532 0.232827470
v -0.047873445 -0.183098897 0.217638582
v -0.096317030 -0.244203031 0.229831174
v -0.048583571 -0.181962073 0.220449761
v -0.098263383 -0.242430896 0.230766192
v 0.074986324 -0.180263117 0.226230964
v 0.036773406 -0.210837245 0.224528849
v 0.080240339 -0.185896099 0.228559166
v 0.041047566 -0.217337370 0.226903155
v 0.093742862 -0.184897527 0.230716184
v 0.037052557 -0.230375692 0.228320867
v 0.094656795 -0.193904430 0.231548488
v 0.045595810 -0.233262196 0.229475513
v 0.106264971 -0.194228053 0.231948346
v 0.043388698 -0.244668737 0.229291648
v 0.104028799 -0.205550089 0.230847776
v 0.054967813 -0.244907856 0.228774816
v 0.112486869 -0.208188847 0.229314789
v 0.055796567 -0.253667027 0.226919457
v 0.108356357 -0.220833093 0.226457059
v 0.069163583 -0.252274364 0.224801064
v 0.112442724 -0.226809025 0.223418489
v 0.074271657 -0.257430941 0.221686348
v 0.102532543 -0.253106296 0.215084359
v 0.047566861 -0.182134241 0.219820246
v 0.095969126 -0.243177816 0.232449755
v 0.046700835 -0.183270961 0.217579395
v 0.096056879 -0.243623897 0.229831174
v 0.045181330 -0.183923826 0.220449761
v 0.093766287 -0.245220393 0.231053472
v -0.003450390 0.002704788 0.005457006
v 0.120973304 -0.094831452 0.132472545
v 0.002014812 0.006123390 0.002728503
v 0.126438498 -0.091412857 0.129744053
v 0.005465206 0.003418613 -0.002728507
v 0.129888892 -0.094117627 0.124287039
v 0.003450405 -0.002704773 -0.005457006
v 0.127874091 -0.100241020 0.121558540
v -0.002014797 -0.006123375 -0.002728507
v 0.122408897 -0.103659615 0.124287039
v -0.005465191 -0.003418598 0.002728503
v 0.118958503 -0.100954846 0.129744053
v 0.157732978 -0.084893152 0.139691338
v 0.119089939 -0.134115890 0.134678602
v 0.165305033 -0.090188265 0.143947452
v 0.125661939 -0.140759647 0.138938963
v 0.181311071 -0.084867209 0.148675129
v 0.123969391 -0.158016086 0.141430616
v 0.184714496 -0.095748179 0.150875285
v 0.135089800 -0.159052759 0.144605726
v 0.199080721 -0.092784017 0.153417259
v 0.135482013 -0.173914790 0.145382240
v 0.199594378 -0.107635789 0.153129116
v 0.149969682 -0.170940369 0.146859556
v 0.211070821 -0.108642422 0.153182805
v 0.153729141 -0.181791291 0.145938292
v 0.209944651 -0.125851080 0.150708973
v 0.170301557 -0.176422447 0.145700485
v 0.217237398 -0.132422283 0.148535103
v 0.178588226 -0.181660250 0.143748805
v 0.213653892 -0.168881148 0.140551344
v 0.125427693 -0.096148059 0.127567828
v 0.203598216 -0.158368260 0.140341803
v 0.124578528 -0.097657599 0.125376210
v 0.203913987 -0.158504605 0.137569681
v 0.123529121 -0.098447010 0.128200203
v 0.202079415 -0.160606116 0.138797551
v 0.122736678 -0.142607450 0.136884570
v 0.075025037 -0.153547987 0.138241902
v 0.125082329 -0.149317473 0.141176715
v 0.076110706 -0.160574719 0.142733485
v 0.137726665 -0.153742909 0.144533753
v 0.066891760 -0.170025915 0.146785542
v 0.134664997 -0.161877990 0.147409588
v 0.073362976 -0.175969660 0.149358332
v 0.144992083 -0.167046100 0.148766205
v 0.066427767 -0.185105890 0.151263699
v 0.138047725 -0.176299050 0.149539694
v 0.076745696 -0.190390706 0.151488438
v 0.144492120 -0.182585016 0.148793966
v 0.073657200 -0.198868036 0.151045755
v 0.135230497 -0.192580640 0.147567034
v 0.086258873 -0.203837886 0.149123803
v 0.136256337 -0.200292498 0.145212501
v 0.088554814 -0.211230546 0.146855906
v 0.115671307 -0.221030459 0.139807537
v 0.095366195 -0.134258956 0.128794625
v 0.096944049 -0.134307817 0.126187399
v 0.114097632 -0.210082084 0.140194818
v 0.093914494 -0.134953097 0.126511261
v 0.112958089 -0.210787803 0.137383625
v 0.111214504 -0.210844204 0.139565289
v 0.168673128 -0.035650250 0.135792911
v 0.169346318 -0.084607802 0.136597142
v 0.176359549 -0.034815755 0.139307752
v 0.177121058 -0.085073411 0.140286148
v 0.183867365 -0.023425825 0.141908318
v 0.184968859 -0.096120909 0.143323511
v 0.191545755 -0.028168906 0.143714517
v 0.192499012 -0.091080770 0.144939274
v 0.198933810 -0.019187875 0.144017264
v 0.200155497 -0.099815339 0.145586893
v 0.206505388 -0.027948640 0.143385500
v 0.207458630 -0.090860501 0.144610241
v 0.213786602 -0.022985291 0.141250268
v 0.214888096 -0.095680371 0.142665476
v 0.221238405 -0.034154959 0.138320684
v 0.221999913 -0.084412612 0.139299080
v 0.228470087 -0.034778889 0.134280771
v 0.229201168 -0.083728649 0.135366306
v 0.243140027 -0.059278321 0.125057593
v 0.153219268 -0.059280958 0.128194824
v 0.231160194 -0.058626026 0.140572533
v 0.153670937 -0.060542952 0.125383645
v 0.231616318 -0.058303773 0.137576237
v 0.153361261 -0.062259741 0.127565309
v 0.231512323 -0.060933974 0.138511255
v -0.004419804 -0.000082039 0.005427592
v 0.193079203 0.003583210 0.166311175
v -0.002322391 0.006020107 0.002713799
v 0.195176616 0.009685356 0.163597390
v 0.002097420 0.006102131 -0.002713777
v 0.199596435 0.009767380 0.158169806
v 0.004419804 0.000082008 -0.005427562
v 0.201918811 0.003747257 0.155456036
v 0.002322391 -0.006020138 -0.002713770
v 0.199821398 -0.002354889 0.158169821
v -0.002097420 -0.006102161 0.002713807
v 0.195401579 -0.002436913 0.163597405
v 0.215231940 0.036231380 0.173908755
v 0.216362655 -0.026441015 0.177413821
v 0.224448293 0.037587777 0.179757565
v 0.225642070 -0.026737927 0.183617890
v 0.233481973 0.052417487 0.183862612
v 0.235208705 -0.040626317 0.189446375
v 0.242989093 0.046538189 0.187692493
v 0.244483441 -0.033983871 0.192524791
v 0.252270877 0.058157660 0.188779145
v 0.254186034 -0.045038939 0.194972202
v 0.262078315 0.046999723 0.189479947
v 0.263572663 -0.033522338 0.194312245
v 0.271660388 0.053340554 0.187437519
v 0.273387104 -0.039703250 0.193021283
v 0.281715870 0.038972378 0.185119927
v 0.282909662 -0.025353331 0.188980252
v 0.291594595 0.038052842 0.180755839
v 0.292739004 -0.024589721 0.184723675
v 0.311977655 0.006361484 0.171625972
v 0.197493121 0.005393118 0.160665631
v 0.297316104 0.006786552 0.174068272
v 0.297635615 0.006581763 0.171437755
v 0.197692111 0.002610608 0.159437761
v 0.197380424 0.002394104 0.162068278
v 0.297540009 0.003793784 0.172665626
v 0.225627005 -0.032754213 0.170971841
v 0.195558801 -0.071323290 0.173475504
v 0.232089117 -0.036650270 0.175371677
v 0.201256126 -0.076259896 0.178159714
v 0.245010197 -0.032250870 0.178414822
v 0.200411871 -0.089544147 0.182447568
v 0.247999877 -0.040599480 0.181099936
v 0.209403545 -0.090182282 0.184589952
v 0.259371579 -0.038168576 0.181626171
v 0.209906742 -0.101713598 0.186098963
v 0.259819657 -0.049758732 0.181689784
v 0.221223325 -0.099341542 0.185179800
v 0.268649757 -0.050569374 0.179594517
v 0.224051431 -0.107862644 0.183627263
v 0.267548442 -0.064128026 0.177141219
v 0.236715466 -0.103737652 0.179929256
v 0.272889316 -0.069402255 0.173079833
v 0.242863148 -0.107975155 0.175969630
v 0.269214869 -0.098298766 0.164438978
v 0.199458718 -0.041983854 0.160666630
v 0.260357261 -0.090348154 0.174203873
v 0.197895944 -0.044297591 0.159444332
v 0.260326385 -0.091142036 0.171192512
v 0.197614685 -0.043967761 0.162203863
v 0.258803099 -0.092537656 0.173433378
v 0.192359522 0.079771429 0.169794381
v 0.223772138 0.042296425 0.172405168
v 0.197661191 0.085365817 0.173690349
v 0.229939103 0.046931610 0.176574171
v 0.196182325 0.098994300 0.176244169
v 0.242870674 0.043401212 0.180415466
v 0.205051795 0.100214250 0.178529531
v 0.245456874 0.052102823 0.182139456
v 0.205092385 0.111850545 0.178695410
v 0.256875277 0.050191224 0.183321863
v 0.216512516 0.109837033 0.178500384
v 0.256917596 0.061725609 0.182110310
v 0.219103768 0.118239865 0.176185906
v 0.265792102 0.062646784 0.180357188
v 0.232043341 0.114234179 0.173602939
v 0.264321268 0.075799972 0.176486760
v 0.238199249 0.118235365 0.169439793
v 0.269635230 0.080809057 0.172413349
v 0.265393376 0.108322307 0.160726681
v 0.255387008 0.101865619 0.173341110
v 0.195576936 0.052040644 0.160326526
v 0.197489247 0.049520891 0.161341146
v 0.257538378 0.099546634 0.172326520
v -0.003098920 -0.002193835 0.005880803
v 0.166541740 0.117901266 0.140075624
v -0.005052201 0.003850896 0.002940401
v 0.164588451 0.123945996 0.137135223
v -0.001953281 0.006044738 -0.002940394
v 0.167687386 0.126139849 0.131254435
v 0.003098920 0.002193850 -0.005880788
v 0.172739580 0.122288957 0.128314033
v 0.005052201 -0.003850877 -0.002940387
v 0.174692869 0.116244227 0.131254435
v 0.001953281 -0.006044723 0.002940409
v 0.171593934 0.114050381 0.137135237
v 0.167876437 0.156715810 0.142210811
v 0.204007223 0.105571479 0.137733191
v 0.175430641 0.162898108 0.144426137
v 0.212580696 0.110421717 0.139928713
v 0.175155655 0.180145830 0.147091180
v 0.228891283 0.104241468 0.140585899
v 0.186709449 0.180581346 0.147546142
v 0.233213395 0.114892110 0.141916320
v 0.188010722 0.195383683 0.148374408
v 0.247609913 0.111196749 0.141159281
v 0.202315062 0.191699117 0.146730050
v 0.248818994 0.126009867 0.141100243
v 0.206366867 0.202381343 0.145459011
v 0.260102510 0.126476973 0.138953716
v 0.222247466 0.196251363 0.141977876
v 0.259397507 0.143774986 0.137480453
v 0.230253875 0.201159641 0.138814673
v 0.266424000 0.150029495 0.134522930
v 0.263281345 0.186758980 0.129315332
v 0.168663740 0.121520348 0.133976847
v 0.250409245 0.178828746 0.147379488
v 0.170393586 0.119331837 0.132748976
v 0.251418889 0.177989066 0.144555464
v 0.170071527 0.119211048 0.135521114
v 0.252193362 0.176439881 0.146747097
v 0.213066697 0.105216846 0.147044718
v 0.209910363 0.056350976 0.146759063
v 0.220487893 0.105387822 0.152043954
v 0.217274323 0.055217717 0.151994675
v 0.228596404 0.116109483 0.156210199
v 0.223948136 0.043541029 0.156138927
v 0.235697791 0.110748753 0.158987686
v 0.231675074 0.047946487 0.158926010
v 0.243703976 0.119113356 0.160247311
v 0.238548487 0.038626339 0.160168260
v 0.250603944 0.109793060 0.159904197
v 0.246581227 0.046990793 0.159842506
v 0.258408725 0.114198096 0.158043221
v 0.253760457 0.041629642 0.157971948
v 0.265206397 0.102520742 0.154793486
v 0.261992812 0.052350633 0.154744208
v 0.272698313 0.101389132 0.150433078
v 0.269570827 0.052522182 0.150578886
v 0.286172479 0.075938925 0.139706597
v 0.196822405 0.083448626 0.134744599
v 0.274537921 0.078026563 0.147374108
v 0.197077811 0.082042605 0.132503718
v 0.274876744 0.076407827 0.144503728
v 0.196535230 0.080480315 0.135374114
v 0.274444044 0.075045869 0.146744594
v 0.123413116 0.179758847 0.143799767
v 0.170491129 0.166438028 0.141761124
v 0.124971949 0.187209547 0.147146866
v 0.173323348 0.173579678 0.145213589
v 0.116338126 0.197528750 0.150282964
v 0.186275914 0.177813828 0.147486582
v 0.123156026 0.203450829 0.151807338
v 0.183681667 0.186389118 0.149387285
v 0.116692983 0.213070557 0.152754188
v 0.194262281 0.191204369 0.149652675
v 0.127218693 0.217853516 0.151874125
v 0.187744334 0.200791806 0.149454072
v 0.124463469 0.226334095 0.150416523
v 0.194401264 0.206619188 0.147620142
v 0.137159958 0.230417609 0.147347227
v 0.185511366 0.216787711 0.145413950
v 0.139654085 0.237343267 0.143874347
v 0.186751947 0.224058047 0.142122105
v 0.166897222 0.244828209 0.134608045
v 0.141494736 0.158523232 0.135515094
v 0.163572505 0.233266175 0.147973895
v 0.142241657 0.158794031 0.132503748
v 0.162211820 0.234066501 0.145366684
v 0.144108683 0.157909542 0.134744599
v 0.165179223 0.233178243 0.145690531
v -0.000568166 -0.000010326 0.040470585
v 0.252031088 0.004587001 0.066712722
v -0.000370771 0.004757196 0.037735302
v 0.252228469 0.009354522 0.063977435
v 0.000197366 0.004767537 0.032264732
v 0.252796590 0.009364863 0.058506873
v 0.000568107 0.000010355 0.029529450
v 0.253167331 0.004607682 0.055771589
v 0.000370711 -0.004757166 0.032264736
v 0.252969950 -0.000159840 0.058506873
v -0.000197425 -0.004767506 0.037735302
v 0.252401829 -0.000170181 0.063977443
v 0.252599180 0.004597356 -0.025621325
v 0.261120111 0.009516936 -0.020296259
v 0.251293242 0.014517008 -0.019885080
v 0.243154347 0.008509544 -0.019798407
v 0.244661495 -0.001493456 -0.019885082
v 0.252336562 -0.005623167 -0.019597663
v 0.260430872 -0.001791490 -0.019846348
v 0.259718865 0.020649254 -0.011772904
v 0.250707179 0.021347744 -0.012809391
v 0.242961049 0.019118700 -0.012147173
v 0.237201065 0.012535642 -0.012220198
v 0.233870313 0.004652484 -0.010336976
v 0.237479553 -0.001665417 -0.013618881
v 0.243902996 -0.009677519 -0.013445940
v 0.255656034 -0.012461308 -0.012335471
v 0.268983960 -0.001718691 -0.011772911
v 0.270037919 0.008321688 -0.011523629
v 0.266619265 0.014802395 -0.012195723
v 0.238402203 -0.010281092 -0.007794528
v 0.250175238 -0.015742905 -0.007624795
v 0.263321757 -0.008588821 -0.012536278
v 0.278774053 0.000867227 -0.001017533
v 0.277378023 0.014182310 -0.000867935
v 0.271314472 0.023102792 -0.000569401
v 0.262783617 0.029004784 -0.000596824
v 0.249477878 0.030928312 -0.001020937
v 0.236748233 0.025988439 -0.000734339
v 0.229858145 0.017726870 -0.000717285
v 0.226330206 0.008055758 -0.000868924
v 0.227138579 -0.002071182 -0.000569410
v 0.231356546 -0.011271244 -0.001020929
v 0.239568189 -0.018269775 -0.000569388
v 0.249131233 -0.021744369 -0.000282957
v 0.262429088 -0.020028541 -0.001020944
v 0.273679674 -0.011578290 -0.000334865
v 0.281006724 0.009021779 0.004956289
v 0.280393511 0.020320941 0.011592421
v 0.253055602 0.036542587 0.011609425
v 0.242010862 0.031051854 0.004493320
v 0.230455741 0.027188249 0.011088154
v 0.221660048 0.012345592 0.011468981
v 0.220685706 0.004661142 0.011667723
v 0.222648427 -0.007366293 0.011393981
v 0.229929030 -0.017666921 0.011248052
v 0.268565446 -0.023056963 0.011697982
v 0.283322960 -0.003635063 0.011433400
v 0.284416050 0.009468193 0.011042261
v 0.271897823 0.030387236 0.011047997
v 0.260835797 0.035538584 0.011456914
v 0.240078822 0.034341108 0.011354739
v 0.224954456 0.020801006 0.011422776
v 0.239926264 -0.025107967 0.011150684
v 0.256190598 -0.027339129 0.011132007
v 0.278426975 -0.014791738 0.011150737
v 0.287683189 0.004714249 0.024488149
v 0.277934015 0.029671958 0.027895521
v 0.227566972 0.029964600 0.027945662
v 0.218310297 0.013446067 0.026370371
v 0.222202495 -0.012952209 0.024410369
v 0.227409944 -0.020279689 0.026464090
v 0.243117943 -0.029522043 0.026370300
v 0.261543244 -0.029333644 0.024510721
v 0.277389467 -0.020239934 0.024381354
v 0.286486864 -0.004517194 0.024381429
v 0.286905140 0.013389867 0.026482213
v 0.283017188 0.022161236 0.024140460
v 0.270356804 0.035422418 0.028678823
v 0.262128800 0.038651086 0.027338594
v 0.252833217 0.040150110 0.028479049
v 0.243508205 0.038525287 0.024137551
v 0.234703705 0.035187390 0.027279090
v 0.222014919 0.022761108 0.028697090
v 0.217480063 0.004634340 0.024123406
v 0.218452960 -0.004552086 0.025971374
v 0.234801814 -0.026228594 0.028032560
v 0.252833188 -0.030955397 0.028479045
v 0.270583630 -0.026145801 0.028230228
v 0.283425122 -0.013200020 0.028032603
v 0.285758764 0.004821762 0.048399590
v 0.281224728 0.021124298 0.048452388
v 0.244044200 0.036524985 0.048452392
v 0.219388604 0.004164694 0.048087068
v 0.223918229 -0.011730182 0.048738509
v 0.260947227 -0.027332189 0.048738517
v 0.276388586 -0.018580144 0.048087016
v 0.284790128 -0.003580234 0.048087087
v 0.283906281 0.013049614 0.050081603
v 0.260932863 0.035936251 0.050081547
v 0.236396357 0.032661483 0.050120056
v 0.221205160 0.012886532 0.049904302
v 0.221177429 -0.003648700 0.049875289
v 0.229555726 -0.018278280 0.049904287
v 0.272352368 0.030369956 0.050399557
v 0.252355069 0.036917921 0.050161824
v 0.226500466 0.023892216 0.050416358
v 0.236465514 -0.023347020 0.050356749
v 0.247883916 -0.027689004 0.050008368
v 0.268574744 -0.023355134 0.050478902
v 0.280543596 -0.011536292 0.050356749
v 0.278395951 0.003734022 0.061264567
v 0.270950407 0.022948589 0.061262112
v 0.255915284 0.029785555 0.061251733
v 0.239622906 0.027072916 0.061262112
v 0.227457970 0.010440134 0.061264567
v 0.229298458 -0.005703628 0.061249278
v 0.237133279 -0.015558231 0.061251733
v 0.249262840 -0.020744745 0.061245732
v 0.262321472 -0.018874308 0.061251733
v 0.272439837 -0.011383351 0.061249278
v 0.252599180 0.004597356 0.062545136
v 0.262527466 0.000007714 0.063577950
v 0.263707370 0.016012514 0.062675662
v 0.267448097 0.010510428 0.062573992
v 0.265375555 0.016012546 0.055808689
v 0.269079149 0.013214519 0.059242170
v 0.267448127 -0.001315674 0.055910349
v 0.265600115 -0.011680671 0.059242167
v 0.265375555 -0.006817803 0.062675662
v 0.260003775 -0.004019808 0.059242170
v 0.263707370 -0.006817830 0.055808686
v 0.263482809 0.020875387 0.059242167
v 0.262527466 0.009186970 0.054906391
v 0.261353791 0.012730664 0.063663751
v 0.244951427 0.019639116 0.062424146
v 0.245690823 0.020275880 0.055808686
v 0.251564175 0.020546751 0.062573999
v 0.241135374 0.021992169 0.059242163
v 0.262811363 0.016892327 0.055910345
v 0.265887201 0.017607903 0.059242174
v 0.267403752 0.013220928 0.062675655
v 0.271443725 0.009918109 0.059242170
v 0.266888261 0.011634400 0.055808686
v 0.246691942 0.014302366 0.059242163
v 0.249767780 0.015017945 0.062573992
v 0.251302242 0.015457961 0.054906391
v 0.244005993 0.016513679 0.063577950
v 0.235553220 0.002872059 0.062675655
v 0.236902788 0.001891524 0.055808686
v 0.238610625 0.009087612 0.054906387
v 0.234201580 0.007312641 0.059242167
v 0.247332886 0.023159450 0.059242167
v 0.248972565 0.021342181 0.055808686
v 0.250322133 0.020361666 0.062675647
v 0.253362149 0.024163803 0.059242167
v 0.246631771 0.008932928 0.059242167
v 0.248764768 0.014692038 0.055910345
v 0.241813645 0.005124668 0.062573999
v 0.234226167 -0.002174613 0.059242167
v 0.238306075 0.001397821 0.063663751
v 0.249945015 -0.012066916 0.062424146
v 0.249945015 -0.012066916 0.056060188
v 0.244061694 -0.008914318 0.062573999
v 0.244061708 -0.008914328 0.055910338
v 0.244331628 -0.012060752 0.059242167
v 0.233318195 0.005324814 0.059242167
v 0.238306075 0.001397823 0.054820590
v 0.234226152 0.011369321 0.059242167
v 0.236902803 0.007303173 0.062675655
v 0.236902788 0.007303178 0.055808686
v 0.246631771 0.000261785 0.059242167
v 0.248764798 -0.005497368 0.062573999
v 0.253362149 -0.014969085 0.059242170
v 0.248764768 -0.005497328 0.055910341
v 0.251302242 -0.006263249 0.063577950
v 0.266888261 -0.002439689 0.062675655
v 0.266888261 -0.002439686 0.055808686
v 0.262811363 -0.007697613 0.062573992
v 0.262811363 -0.007697613 0.055910349
v 0.265887201 -0.008413189 0.059242170
v 0.245690838 -0.011081165 0.062675655
v 0.245690823 -0.011081166 0.055808686
v 0.241135374 -0.012797457 0.059242163
v 0.246691942 -0.005107655 0.059242163
v 0.251302242 -0.006263248 0.054906391
v 0.271443725 -0.000723394 0.059242170
v -0.000438057 -0.000703484 0.040437203
v 0.094462194 0.151703268 0.067801803
v -0.004262384 0.002165966 0.037718602
v -0.003824338 0.002869457 0.032281391
v 0.090279274 0.155284151 0.062364593
v 0.002685943 -0.000835689 0.030339533
v 0.095338285 0.153110251 0.056927387
v 0.099162608 0.150240809 0.059645988
v 0.003824316 -0.002869442 0.037718602
v 0.098724566 0.149537310 0.065083198
v 0.094900228 0.152406767 -0.009246532
v 0.103818245 0.151232690 -0.004520446
v 0.101566449 0.158735946 -0.004282421
v 0.093985610 0.161445364 -0.004489977
v 0.085842967 0.161613017 -0.001506332
v 0.085982211 0.151232690 -0.004520441
v 0.087418042 0.142655820 -0.001908706
v 0.097450957 0.143998101 -0.004859118
v 0.109902121 0.154625833 0.001309106
v 0.108081609 0.161201909 0.002057462
v 0.102560036 0.166191399 0.001991553
v 0.094042517 0.167847663 0.001526609
v 0.079825535 0.155577764 0.001618724
v 0.080149680 0.147051990 0.001839916
v 0.089651778 0.137294859 0.002335444
v 0.096085452 0.137016535 0.001551337
v 0.108092181 0.145203620 0.000788588
v 0.093328558 0.175566137 0.010787817
v 0.074076235 0.141567051 0.010931872
v 0.103567176 0.138143733 0.003224884
v 0.117188223 0.145437837 0.011085514
v 0.118689395 0.155699417 0.011270674
v 0.113612853 0.167074680 0.011036655
v 0.103956454 0.174537390 0.011651950
v 0.085781991 0.174420103 0.011159526
v 0.079412311 0.169851378 0.011121543
v 0.072847806 0.161651775 0.011651953
v 0.071275100 0.152406767 0.011303706
v 0.080621548 0.133395478 0.011036660
v 0.091986023 0.128696010 0.011296304
v 0.104018465 0.130393460 0.011159510
v 0.113646559 0.137881622 0.011225225
v 0.123635828 0.148295149 0.021288704
v 0.119013444 0.161734208 0.015962049
v 0.115211695 0.172718242 0.021544376
v 0.090795986 0.181053519 0.021341760
v 0.066091850 0.148880571 0.021404944
v 0.070177875 0.137725025 0.021491062
v 0.074979536 0.132081464 0.021046977
v 0.082540043 0.126667246 0.020686893
v 0.101989403 0.124844193 0.021046970
v 0.108969562 0.127330840 0.021491051
v 0.121681534 0.163643911 0.021251976
v 0.105938263 0.179259047 0.021240680
v 0.077104256 0.175397336 0.021628620
v 0.068584941 0.164483786 0.021100532
v 0.092212394 0.123575710 0.021102130
v 0.118109025 0.134750813 0.021379793
v 0.126742795 0.152701333 0.033618312
v 0.095066823 0.183953315 0.032050535
v 0.079021789 0.180059627 0.033983186
v 0.064000927 0.160906047 0.034919124
v 0.064453416 0.144116148 0.032085180
v 0.072665066 0.130023524 0.032066517
v 0.086835623 0.121904731 0.032066535
v 0.102904141 0.121892035 0.032050546
v 0.117089182 0.129982188 0.032050528
v 0.125691876 0.161064714 0.035545412
v 0.122534305 0.168361306 0.035951462
v 0.117252231 0.174718007 0.031757437
v 0.110360891 0.180225700 0.034008723
v 0.102971420 0.183340967 0.035365172
v 0.086993456 0.183255583 0.033712525
v 0.072588988 0.174758777 0.031757437
v 0.067210726 0.168182909 0.034372795
v 0.062855639 0.152406767 0.035308771
v 0.067281902 0.136461318 0.034069460
v 0.078954786 0.124788433 0.034069449
v 0.094900228 0.120618075 0.033290263
v 0.110845685 0.124788433 0.034069452
v 0.122518562 0.136461318 0.034069475
v 0.125772774 0.144673020 0.034008760
v 0.115579590 0.173907652 0.051731087
v 0.094507828 0.182197183 0.051934402
v 0.073661037 0.173348665 0.051747676
v 0.066181451 0.144893974 0.052030381
v 0.074220881 0.130905882 0.051731087
v 0.087548129 0.123450741 0.051489294
v 0.103011109 0.123654060 0.051489294
v 0.116139419 0.131464854 0.051747661
v 0.083645418 0.179578409 0.052986350
v 0.069658473 0.166980118 0.053181458
v 0.069658458 0.137833446 0.053181447
v 0.080451280 0.127051786 0.053037003
v 0.094900228 0.123222709 0.053122148
v 0.109349191 0.127051786 0.053037006
v 0.121995859 0.141183391 0.053314228
v 0.124079153 0.155375242 0.053130589
v 0.120037109 0.166919574 0.053371832
v 0.106665164 0.179392055 0.052945804
v 0.066033930 0.156207085 0.053452190
v 0.117689051 0.155406982 0.062368166
v 0.113025226 0.166314527 0.062372912
v 0.101654083 0.174612105 0.062384952
v 0.086104110 0.173642591 0.062368166
v 0.076775245 0.166314542 0.062372912
v 0.072111405 0.155406967 0.062368166
v 0.076281436 0.138120100 0.062411603
v 0.094900228 0.129070386 0.062383495
v 0.113519020 0.138120100 0.062411603
v 0.094900228 0.152406767 0.063438751
v 0.107393488 0.148319840 0.064704187
v 0.106371626 0.162697047 0.056950472
v 0.106371626 0.162697032 0.063778698
v 0.106559023 0.167062923 0.060364582
v 0.108255953 0.147042736 0.057043955
v 0.109719954 0.144602820 0.060364582
v 0.104720034 0.137750626 0.060364582
v 0.104907431 0.142116517 0.063778698
v 0.104907431 0.142116502 0.056950472
v 0.101559103 0.160210714 0.060364582
v 0.103023112 0.157770813 0.063685216
v 0.103885561 0.156493679 0.056024980
v 0.102647737 0.163025618 0.064704195
v 0.088658467 0.166496560 0.063778706
v 0.088022858 0.165933311 0.057182603
v 0.093925886 0.166766360 0.057043951
v 0.092057794 0.168912709 0.060364578
v 0.108231701 0.160136834 0.056950469
v 0.112441823 0.158965945 0.060364585
v 0.107779227 0.158744335 0.063778706
v 0.104379907 0.156328171 0.060364582
v 0.102669165 0.159799084 0.055940866
v 0.092308864 0.161789671 0.063685223
v 0.083995886 0.166274950 0.060364589
v 0.092308871 0.161789656 0.057043947
v 0.082390741 0.156443715 0.064704195
v 0.080755778 0.149963856 0.063778706
v 0.080755770 0.149963856 0.056950469
v 0.076853402 0.147402555 0.060364582
v 0.082390741 0.156443730 0.056024980
v 0.082889967 0.161132738 0.060364582
v 0.091668144 0.167474478 0.063778706
v 0.091668144 0.167474493 0.056950469
v 0.094082743 0.171116725 0.060364582
v 0.091481566 0.161520854 0.057043951
v 0.091481589 0.161520883 0.063685216
v 0.094100133 0.162634268 0.060364585
v 0.082259491 0.148339286 0.060364582
v 0.090270467 0.142733708 0.064788304
v 0.091668144 0.137339056 0.063778706
v 0.091668144 0.137339056 0.056950469
v 0.080942340 0.148896083 0.063685223
v 0.087497868 0.137382433 0.060364582
v 0.080942348 0.148896053 0.057043951
v 0.079910487 0.154767588 0.063546561
v 0.076853402 0.157410979 0.060364578
v 0.079910487 0.154767588 0.057182603
v 0.085175768 0.151971877 0.063685216
v 0.085175797 0.151971847 0.057043955
v 0.084926046 0.154806316 0.060364585
v 0.095570520 0.134777755 0.060364585
v 0.090270452 0.142733738 0.055940870
v 0.103477582 0.142526388 0.064788304
v 0.107779235 0.146069229 0.063778698
v 0.111873545 0.147596598 0.060364578
v 0.106901772 0.140723944 0.060364582
v 0.093925901 0.138047174 0.063685223
v 0.104128860 0.141362324 0.057043951
v 0.088920102 0.136118799 0.060364582
v 0.088658474 0.138316959 0.056950469
v 0.088022858 0.138880208 0.063546561
v 0.092308857 0.143023863 0.063685223
v 0.083995894 0.138538599 0.060364585
v 0.093789972 0.142598271 0.056024980
v 0.096949965 0.146098316 0.060364582
v 0.107779250 0.146069229 0.056950469
v 0.000022579 -0.000698946 0.040455371
v -0.004404867 0.220658466 0.068042047
v -0.004749367 -0.000503257 0.037727691
v -0.011893963 0.220666409 0.066093706
v -0.004771946 0.000195689 0.032272331
v -0.011916541 0.221365362 0.060638346
v -0.000022579 0.000698946 0.029544652
v -0.007167175 0.221868604 0.057910666
v 0.005440749 0.000175753 0.035000011
v -0.002395230 0.221672922 0.060638346
v -0.007144596 0.221169665 -0.011670060
v 0.004912714 0.223042235 -0.004228429
v -0.009668772 0.229496315 -0.007066772
v -0.015795045 0.221169665 -0.007060496
v -0.010832625 0.212967992 -0.006682964
v -0.001885732 0.213874906 -0.006682969
v 0.000846547 0.229904294 -0.004398269
v -0.004129111 0.236193016 -0.000476902
v -0.012881672 0.235470489 0.000003085
v -0.019668425 0.230779529 0.000503513
v -0.022682607 0.222008094 -0.000066086
v -0.019649355 0.213379979 -0.001343744
v -0.010478644 0.206819311 -0.001343737
v 0.000770010 0.208088353 -0.000338723
v 0.007761255 0.215949595 0.000420316
v 0.008790691 0.230153382 0.003604308
v -0.002631191 0.243728250 0.009406187
v -0.029573295 0.227582455 0.010039732
v -0.025487605 0.207094595 0.009456492
v -0.012395605 0.203908622 0.003378558
v -0.001107511 0.198638931 0.010125205
v 0.016130898 0.224233955 0.009457746
v 0.014085806 0.231403545 0.010281465
v 0.006801363 0.240261167 0.009712856
v -0.009840252 0.244707957 0.009828002
v -0.018743014 0.241522267 0.009978672
v -0.025769636 0.235461146 0.009457741
v -0.030659035 0.218073934 0.009710172
v -0.013720755 0.198278949 0.009532556
v 0.007130428 0.202566087 0.009776253
v 0.014686353 0.212048277 0.009966551
v 0.021274529 0.221169665 0.020576207
v 0.012872694 0.241186932 0.020348730
v 0.007065291 0.245781928 0.020393191
v -0.003450651 0.249599114 0.020290866
v -0.014471444 0.248513773 0.020348726
v -0.024277834 0.244162202 0.020359842
v -0.035388902 0.219703406 0.019919230
v -0.033610564 0.210003898 0.020623345
v -0.014550814 0.193750039 0.020550113
v -0.007495101 0.192723379 0.020523541
v 0.020306401 0.213710070 0.020431405
v 0.019479197 0.231963545 0.020285062
v -0.033772938 0.231422707 0.020055981
v -0.024604669 0.198359668 0.020481430
v 0.004144371 0.194664925 0.020217646
v 0.015778361 0.203852862 0.020285049
v 0.014941312 0.243255571 0.031549923
v -0.015228546 0.251339585 0.031549864
v -0.029457679 0.243714377 0.034561478
v -0.034234501 0.236690044 0.031617180
v -0.029246958 0.199109152 0.031524856
v -0.022647651 0.194063857 0.031636763
v 0.000660171 0.190645441 0.033297651
v 0.024313174 0.221169665 0.032898791
v 0.023330519 0.229135856 0.033592541
v 0.020076586 0.237094268 0.034030017
v 0.008287070 0.248593599 0.034082055
v 0.001233153 0.251736850 0.034852028
v -0.007354956 0.252838552 0.035414509
v -0.023143452 0.248464137 0.035067618
v -0.037559830 0.229506269 0.034029990
v -0.038602367 0.221169665 0.032898787
v -0.037619710 0.213203490 0.033592552
v -0.034439065 0.205170825 0.035067640
v -0.015413538 0.190830857 0.033133600
v -0.007173046 0.189917460 0.031294975
v 0.008343495 0.193564042 0.035256136
v 0.014960622 0.198513314 0.035256144
v 0.019869898 0.204977810 0.033649512
v 0.023360645 0.212780312 0.035067592
v 0.013598134 0.241912410 0.052748282
v -0.014758105 0.249583706 0.052308511
v -0.032863062 0.235573471 0.052457083
v -0.027714020 0.200055510 0.052457102
v -0.021676511 0.195645660 0.052555926
v -0.006569691 0.191659719 0.052244566
v 0.021765037 0.221317425 0.053542472
v 0.019740874 0.232306004 0.053547241
v 0.007212897 0.246246383 0.053567428
v -0.036041394 0.224658296 0.053643238
v -0.014484262 0.193206877 0.053542476
v 0.000392175 0.193231121 0.053378023
v -0.003656212 0.249692082 0.054259654
v -0.024636980 0.244343698 0.053761974
v -0.034126803 0.210439295 0.053657569
v 0.010608941 0.198457271 0.054205339
v 0.019564783 0.209885925 0.053842399
v 0.015269894 0.218218744 0.063374430
v 0.013119782 0.231982097 0.063386030
v -0.000461072 0.243144304 0.063386030
v -0.015849086 0.242184237 0.063369319
v -0.027408974 0.231982097 0.063386030
v -0.029545402 0.217681855 0.063372344
v -0.023307795 0.205006480 0.063387387
v -0.007144604 0.198075518 0.063384116
v 0.009630824 0.205480859 0.063386030
v -0.007144596 0.221169665 0.064491555
v 0.001752776 0.225208744 0.065706037
v 0.004389585 0.235674560 0.061366022
v 0.004205491 0.231354892 0.064778283
v 0.004205492 0.231354892 0.057953745
v 0.007520502 0.213442206 0.061366018
v 0.006072015 0.215857580 0.064685635
v 0.002575731 0.206664786 0.061366018
v 0.004773322 0.212210283 0.057552241
v 0.002759825 0.210984454 0.064778283
v 0.000893305 0.215857580 0.058046389
v -0.000555185 0.228897125 0.061366018
v 0.002192469 0.226207495 0.056942075
v -0.007167437 0.234170154 0.065706037
v -0.017935824 0.234896511 0.061366022
v -0.012780329 0.232817903 0.057552241
v -0.008112557 0.235380948 0.058046393
v -0.009962091 0.237504914 0.061366010
v 0.010214633 0.227657065 0.061366014
v 0.006049496 0.228816837 0.064778276
v 0.006049480 0.228816837 0.057953741
v 0.002240893 0.225048646 0.061366022
v 0.000531957 0.228492975 0.056942075
v 0.000391335 0.227172628 0.064685628
v -0.013770691 0.233736739 0.064778276
v -0.014767600 0.231700718 0.065706037
v -0.022313736 0.219601050 0.064778283
v -0.022313731 0.219601065 0.057953741
v -0.023551002 0.223537952 0.061366014
v -0.014767616 0.231700704 0.057025984
v -0.007950188 0.239683986 0.061366018
v -0.009170718 0.235231355 0.064778276
v -0.007933455 0.231294468 0.061366018
v -0.009170724 0.235231340 0.057953745
v -0.016769787 0.221596614 0.064685628
v -0.023534268 0.215148419 0.061366018
v -0.016769772 0.221596628 0.058046397
v -0.011968601 0.212672234 0.065706037
v -0.009170724 0.207107991 0.057953745
v -0.010340289 0.206258237 0.064778283
v -0.007950186 0.202655345 0.061366018
v -0.014767614 0.210638642 0.057025988
v -0.020959446 0.217698738 0.064685628
v -0.019029556 0.212534741 0.061366014
v -0.022313733 0.222738266 0.057953745
v -0.025001712 0.226124763 0.061366018
v -0.021144165 0.223588020 0.064778283
v -0.017017625 0.223548159 0.061366018
v -0.016769763 0.220742702 0.058046397
v -0.007182007 0.208029225 0.061366014
v 0.000515364 0.210665479 0.065706044
v 0.005602757 0.214897424 0.064778283
v 0.006049481 0.213522509 0.057953741
v 0.004736425 0.209610254 0.061366018
v -0.008112570 0.206958398 0.058046389
v -0.013323959 0.207227692 0.064778276
v -0.017375313 0.205717742 0.061366018
v -0.013770680 0.208602592 0.057953741
v -0.012457618 0.212514848 0.061366018
v -0.009712852 0.211883649 0.064685635
v 0.009654118 0.216407359 0.061366018
v -0.000553751 0.213955909 0.057025984
vn 0.000000017 -0.000000007 1.000000000
vn -0.000002043 0.450434566 0.892809451
vn -0.000009648 0.914307714 0.405020088
vn 0.000004780 0.914311528 -0.405011714
vn 0.000000000 0.450433195 -0.892810166
vn 0.000000003 -0.000000007 -1.000000000
vn 0.318503916 0.318506688 0.892809570
vn 0.646506369 0.646520078 0.405020088
vn 0.646513939 0.646507204 -0.405028611
vn 0.318506271 0.318506181 -0.892808795
vn 0.450434536 0.000002026 0.892809570
vn 0.914307833 0.000009595 0.405020177
vn 0.914311528 -0.000004768 -0.405011714
vn 0.450433105 0.000000000 -0.892810166
vn 0.318506718 -0.318503827 0.892809510
vn 0.646520078 -0.646506429 0.405020177
vn 0.646507204 -0.646513939 -0.405028641
vn 0.318506241 -0.318506211 -0.892808795
vn 0.000002031 -0.450434536 0.892809570
vn 0.000009641 -0.914307833 0.405020207
vn -0.000004787 -0.914311528 -0.405011803
vn 0.000000000 -0.450433195 -0.892810166
vn -0.318503857 -0.318506718 0.892809451
vn -0.646506429 -0.646520078 0.405020207
vn -0.646513939 -0.646507204 -0.405028641
vn -0.318506211 -0.318506211 -0.892808795
vn -0.450434536 -0.000002026 0.892809570
vn -0.914307833 -0.000009595 0.405020177
vn -0.914311528 0.000004768 -0.405011714
vn -0.450433105 0.000000000 -0.892810166
vn -0.318506747 0.318503797 0.892809510
vn -0.646520078 0.646506429 0.405020177
vn -0.646507263 0.646513939 -0.405028671
vn -0.318506271 0.318506181 -0.892808795
vn -0.083884828 -0.973156154 0.214313909
vn -0.003670157 -0.042534117 0.999088287
vn -0.745710433 -0.660294831 -0.089031704
vn -0.665484250 0.270332605 0.695737720
vn -0.701928377 -0.152458578 -0.695739090
vn -0.621711910 0.778169334 0.089033522
vn 0.003666810 0.042536091 -0.999088287
vn 0.083888635 0.973156750 -0.214309633
vn 0.665490150 -0.270324051 -0.695735455
vn 0.745711625 0.660293400 0.089032464
vn 0.621711195 -0.778169632 -0.089036025
vn 0.701933801 0.152442127 0.695737243
vn -0.057830244 -0.546856880 0.835226476
vn -0.056570742 -0.556848228 0.828685582
vn -0.054654159 -0.503123105 0.862484813
vn -0.054202087 -0.506944954 0.860272586
vn -0.046675589 -0.402729869 0.914128125
vn -0.046675213 -0.402727574 0.914129138
vn -0.036014125 -0.271831632 0.961670756
vn -0.036013428 -0.271832019 0.961670637
vn -0.022515494 -0.110393055 0.993633032
vn -0.022515567 -0.110398136 0.993632317
vn -0.008205034 0.056333527 0.998378336
vn -0.008204927 0.056332845 0.998378336
vn 0.004254963 0.198114634 0.980169654
vn 0.004255574 0.198117182 0.980169177
vn 0.014615212 0.313633651 0.949431598
vn 0.016053796 0.318931907 0.947641671
vn 0.022870438 0.393572450 0.919009089
vn 0.025691696 0.403693020 0.914533734
vn 0.030974602 0.462011158 0.886333048
vn -0.026296081 -0.655401349 0.754822850
vn -0.793064594 -0.448821664 -0.411834508
vn -0.361882925 0.503485203 0.784565806
vn -0.405509800 0.675839841 -0.615469217
vn 0.652075469 -0.556790292 -0.514569879
vn 0.874497712 0.484533966 0.021921599
vn -0.231014714 -0.330520868 0.915089130
vn -0.237986624 -0.335317224 0.911550760
vn -0.209013522 -0.307363302 0.928354025
vn -0.211592153 -0.309157580 0.927173376
vn -0.158167407 -0.256162822 0.953605652
vn -0.158172116 -0.256164700 0.953604341
vn -0.097538821 -0.195274800 0.975886166
vn -0.097539470 -0.195275337 0.975886047
vn -0.026311878 -0.122786552 0.992084265
vn -0.026313871 -0.122788690 0.992083907
vn 0.045997322 -0.048163116 0.997779787
vn 0.045997728 -0.048162647 0.997779906
vn 0.108674988 0.017367776 0.993925631
vn 0.108674772 0.017366037 0.993925631
vn 0.166326314 0.078355648 0.982952654
vn 0.163788408 0.076391958 0.983533323
vn 0.207441673 0.122996248 0.970484316
vn 0.202347860 0.119036101 0.972052276
vn 0.238569751 0.157951742 0.958194077
vn -0.851828575 -0.420663327 0.312138587
vn 0.518077791 0.536253333 0.666354179
vn -0.296033829 -0.771957457 -0.562534988
vn 0.630907238 0.655141234 -0.415627301
vn 0.211756080 -0.384741545 0.898406029
vn 0.218352363 -0.391160458 0.894044638
vn 0.186889246 -0.349823505 0.917984724
vn 0.189360350 -0.352258503 0.916545987
vn 0.132334575 -0.271851450 0.953196943
vn 0.132337481 -0.271852970 0.953196049
vn 0.064716719 -0.174075499 0.982603431
vn 0.064718999 -0.174075916 0.982603133
vn -0.015901167 -0.055958308 0.998306453
vn -0.015896903 -0.055963609 0.998306274
vn -0.097430989 0.065174878 0.993105948
vn -0.097432055 0.065174446 0.993105888
vn -0.166255265 0.168798044 0.971527815
vn -0.166258797 0.168801829 0.971526623
vn -0.226069033 0.259969056 0.938780546
vn -0.224246144 0.255728394 0.940381169
vn -0.267848551 0.322916716 0.907734513
vn -0.264380008 0.314637989 0.911650240
vn -0.299041748 0.368648708 0.880154729
vn -0.374471307 -0.894320369 -0.244871974
vn -0.798470736 0.032376792 0.601162553
vn 0.677679718 -0.094430327 -0.729268909
vn -0.462616742 0.509656072 -0.725421607
vn 0.622422934 -0.389876783 0.678664804
vn 0.355455875 0.860199392 0.365661353
vn 0.655175209 -0.752886295 0.062511146
vn 0.127932549 -0.147013634 0.980826318
vn -0.058279496 -0.978404105 -0.198315635
vn -0.585522652 -0.372533411 0.719987571
vn -0.449828267 -0.528453529 -0.719994068
vn -0.977075279 0.077416211 0.198319823
vn -0.127929673 0.147013366 -0.980826735
vn -0.655176640 0.752884746 -0.062514789
vn 0.585521340 0.372532785 -0.719988942
vn 0.058280688 0.978403747 0.198316574
vn 0.977076054 -0.077418119 -0.198315129
vn 0.449826449 0.528456986 0.719992697
vn 0.327285975 -0.346093565 0.879262865
vn 0.333272040 -0.350959241 0.875075638
vn 0.301989347 -0.316583812 0.899209261
vn 0.304232568 -0.318419755 0.897803664
vn 0.246772498 -0.251893938 0.935763240
vn 0.246768326 -0.251891673 0.935764909
vn 0.178811654 -0.172686562 0.968610227
vn 0.178811118 -0.172686458 0.968610406
vn 0.096889198 -0.077746101 0.992254078
vn 0.096890010 -0.077746302 0.992253900
vn 0.012480773 0.019503778 0.999731958
vn 0.012480335 0.019503770 0.999731958
vn -0.060858361 0.103543378 0.992761374
vn -0.060860358 0.103545375 0.992761075
vn -0.124011502 0.175569341 0.976625144
vn -0.126333550 0.179288164 0.975651383
vn -0.168822497 0.227530792 0.959024906
vn -0.173406348 0.234885812 0.956430316
vn -0.208401650 0.274397314 0.938762426
vn -0.183769345 -0.949440718 0.254541248
vn -0.825852096 -0.068777800 0.559676707
vn 0.308432937 -0.329742283 -0.892266333
vn -0.438602418 0.479326874 -0.760179996
vn 0.903637350 -0.020616733 0.427802145
vn 0.234400257 0.891256452 0.388225019
vn 0.073162101 -0.545058846 0.835199594
vn 0.069489136 -0.561232567 0.824735999
vn 0.070443794 -0.500385225 0.862932503
vn 0.069108278 -0.506616473 0.859397352
vn 0.068283767 -0.381924182 0.921667755
vn 0.068283938 -0.381921679 0.921668708
vn 0.065382443 -0.215495691 0.974313498
vn 0.065382928 -0.215497822 0.974313021
vn 0.059216455 -0.005710100 0.998228788
vn 0.059217151 -0.005717251 0.998228729
vn 0.050182670 0.208977908 0.976631939
vn 0.050183028 0.208978832 0.976631701
vn 0.040722623 0.382887840 0.922896862
vn 0.040722962 0.382884473 0.922898233
vn 0.032256208 0.511828065 0.858482182
vn 0.033069149 0.517820716 0.854849756
vn 0.027248712 0.595556319 0.802851260
vn 0.028766004 0.606335044 0.794688940
vn 0.023897879 0.661881685 0.749227345
vn 0.054842174 -0.680319667 0.730860829
vn 0.544477701 0.484363943 0.684788704
vn -0.731414557 -0.530586779 -0.428381294
vn -0.813282907 0.492764741 0.309441268
vn 0.713285267 -0.458450824 -0.530138671
vn 0.188703179 0.681500077 -0.707070529
vn 0.458682567 -0.009068146 0.888553917
vn 0.468281686 -0.013081503 0.883482397
vn 0.423559368 -0.002936458 0.905863643
vn 0.427156687 -0.004409416 0.904166877
vn 0.341925859 0.013416884 0.939631164
vn 0.341922194 0.013416482 0.939632535
vn 0.241639003 0.033482086 0.969788432
vn 0.241635472 0.033482630 0.969789267
vn 0.121209204 0.056402951 0.991023242
vn 0.121210486 0.056402542 0.991023183
vn -0.002760162 0.078741856 0.996891260
vn -0.002762890 0.078741990 0.996891201
vn -0.110429928 0.097132973 0.989126086
vn -0.110429965 0.097133629 0.989126086
vn -0.203057855 0.113010734 0.972623289
vn -0.208072141 0.112986825 0.971565723
vn -0.267449856 0.124677569 0.955471635
vn -0.277414858 0.124545015 0.952643394
vn -0.330310702 0.134030551 0.934307575
vn 0.394770235 -0.909742236 -0.128551617
vn -0.509867907 -0.319267273 0.798813701
vn -0.731494486 -0.339459956 -0.591339827
vn 0.526338339 0.375669599 -0.762784541
vn 0.725983441 0.281129301 0.627626061
vn -0.407919705 0.912061512 0.041776489
vn 0.990582466 -0.033840455 0.132669568
vn 0.125237569 -0.004282418 0.992117524
vn 0.688194394 -0.710159957 -0.148530379
vn -0.177154526 -0.680589259 0.710925102
vn 0.130286232 -0.691092551 -0.710926592
vn -0.735058844 -0.661532998 0.148535132
vn -0.125237346 0.004282001 -0.992117643
vn -0.990582466 0.033840206 -0.132669985
vn 0.177154809 0.680588841 -0.710925460
vn -0.688195169 0.710159183 0.148530707
vn 0.735058069 0.661533892 -0.148534819
vn -0.130284458 0.691092789 0.710926712
vn 0.273948163 -0.088889010 0.957627952
vn 0.281455517 -0.090205729 0.955325007
vn 0.243205011 -0.089460388 0.965840638
vn 0.245972574 -0.089949504 0.965094090
vn 0.175391287 -0.088838458 0.980482399
vn 0.175389156 -0.088838264 0.980482757
vn 0.096597634 -0.087077700 0.991507113
vn 0.096593566 -0.087077893 0.991507590
vn 0.004887442 -0.084359929 0.996423423
vn 0.004878734 -0.084359877 0.996423423
vn -0.087588042 -0.080900207 0.992866337
vn -0.087590486 -0.080900043 0.992866158
vn -0.167704627 -0.077312566 0.982801139
vn -0.167702362 -0.077312678 0.982801437
vn -0.238476962 -0.073673561 0.968349636
vn -0.241496146 -0.073024690 0.967650294
vn -0.289969385 -0.070273064 0.954452395
vn -0.296034038 -0.068923824 0.952687442
vn -0.336918712 -0.066423424 0.939187765
vn 0.635079801 -0.320541948 0.702799082
vn -0.450576216 0.314250350 0.835600257
vn 0.462366432 -0.526507735 -0.713447213
vn -0.604083657 -0.791561306 -0.092269637
vn 0.565894306 0.792872071 -0.226092249
vn -0.617436826 0.531813741 -0.579608381
vn 0.402744681 -0.422740251 0.811841965
vn 0.412419826 -0.434634477 0.800626457
vn 0.367308140 -0.398266047 0.840517044
vn 0.371053427 -0.402844042 0.836681545
vn 0.278393745 -0.328908175 0.902394831
vn 0.278390139 -0.328905761 0.902396739
vn 0.156792954 -0.229166254 0.960676312
vn 0.156792387 -0.229165554 0.960676551
vn 0.004717696 -0.100675255 0.994908154
vn 0.004726751 -0.100680187 0.994907677
vn -0.150787547 0.034786921 0.987954021
vn -0.150782019 0.034785718 0.987954855
vn -0.277707517 0.148569047 0.949107945
vn -0.277702987 0.148566037 0.949109733
vn -0.373465747 0.236634374 0.896954596
vn -0.377126068 0.241661951 0.894078016
vn -0.435503811 0.296615779 0.849915028
vn -0.442063540 0.306001097 0.843174517
vn -0.484625697 0.346567035 0.803137243
vn -0.130076408 -0.983030498 -0.129349008
vn -0.778800070 -0.176548004 0.601914823
vn 0.643497467 0.052404325 -0.763652265
vn -0.579066515 0.372183621 -0.725369811
vn 0.767414391 -0.131867781 0.627444088
vn 0.120741092 0.922632694 0.366293043
vn 0.416331261 0.262584478 0.870469809
vn 0.428260803 0.268739492 0.862769842
vn 0.385495812 0.235496938 0.892151415
vn 0.390004903 0.237836108 0.889567435
vn 0.306909144 0.172277749 0.936016619
vn 0.306905717 0.172276467 0.936017990
vn 0.203874528 0.092186853 0.974647045
vn 0.203873187 0.092187591 0.974647224
vn 0.077273391 -0.004637132 0.996999145
vn 0.077278458 -0.004633519 0.996998787
vn -0.053563450 -0.103007033 0.993237376
vn -0.053558595 -0.103007093 0.993237615
vn -0.165007934 -0.185453609 0.968699872
vn -0.165002927 -0.185452133 0.968700945
vn -0.261106879 -0.255496919 0.930883706
vn -0.256425589 -0.253236204 0.932800889
vn -0.326403111 -0.303595096 0.895148695
vn -0.317373365 -0.299361259 0.899809361
vn -0.372784585 -0.338701785 0.863893986
vn 0.945921659 -0.259135932 0.195142969
vn -0.114309534 -0.590787113 0.798688889
vn 0.285832733 0.338173211 -0.896626174
vn -0.250013441 -0.765784025 -0.592510104
vn 0.117325254 0.894233406 0.431950748
vn -0.944951057 0.324681014 0.040617034
vn 0.694746792 0.640824497 0.326605171
vn -0.054358128 -0.050139323 0.997261882
vn 0.999926865 -0.011278559 -0.004364743
vn 0.250818729 -0.702236235 0.666298866
vn 0.679733098 -0.306614697 -0.666295946
vn -0.069369465 -0.997581482 0.004360191
vn 0.054353662 0.050135925 -0.997262299
vn -0.694745719 -0.640823722 -0.326609015
vn -0.250832498 0.702238679 -0.666291237
vn -0.999926925 0.011273873 0.004359493
vn 0.069373086 0.997581303 -0.004364519
vn -0.679732144 0.306616783 0.666296065
vn 0.259830475 0.281035095 0.923854649
vn 0.271563053 0.288220972 0.918249547
vn 0.229512021 0.251198053 0.940331757
vn 0.233894214 0.253913492 0.938520849
vn 0.154195085 0.181727558 0.971184373
vn 0.154191658 0.181725189 0.971185386
vn 0.058934614 0.094778314 0.993752360
vn 0.058933958 0.094778843 0.993752420
vn -0.054403260 -0.009572276 0.998473167
vn -0.054401979 -0.009568567 0.998473287
vn -0.167883724 -0.115033679 0.979072154
vn -0.167886749 -0.115033716 0.979071617
vn -0.262296289 -0.203573778 0.943270028
vn -0.262295723 -0.203571498 0.943270683
vn -0.342418790 -0.279357851 0.897055507
vn -0.338469416 -0.276791185 0.899347126
vn -0.396003723 -0.331602037 0.856283367
vn -0.388447642 -0.326747388 0.861594200
vn -0.433602065 -0.369860679 0.821700990
vn 0.977313757 0.201953411 0.063817665
vn -0.316181481 -0.330752015 0.889175117
vn 0.029320804 -0.922307551 -0.385343015
vn 0.247425660 0.930935323 -0.268589020
vn -0.947759092 0.151246876 -0.280850947
vn 0.506221652 0.107682578 0.855654180
vn 0.522308528 0.104510218 0.846328259
vn 0.461476117 0.104273133 0.881003380
vn 0.467631668 0.103137814 0.877885699
vn 0.344898045 0.099732831 0.933326781
vn 0.344889134 0.099732801 0.933330059
vn 0.184932008 0.093039289 0.978337228
vn 0.184928313 0.093039334 0.978338063
vn -0.014027125 0.081588790 0.996567309
vn -0.014027447 0.081588857 0.996567369
vn -0.216602355 0.066524453 0.973990738
vn -0.216603234 0.066524640 0.973990560
vn -0.381520450 0.051554173 0.922921658
vn -0.381519258 0.051554676 0.922922075
vn -0.505751371 0.039789647 0.861761153
vn -0.512356281 0.037653014 0.857947171
vn -0.584609807 0.033173539 0.810636222
vn -0.596638381 0.028974205 0.801987052
vn -0.653917968 0.023956534 0.756186068
vn 0.678076267 -0.522414148 0.517006874
vn -0.738800585 -0.371422648 0.562333524
vn 0.438674092 -0.188783258 -0.878593206
vn 0.535117507 0.832911670 0.141094103
vn -0.916777968 0.256964833 -0.305757105
vn 0.118791454 0.434314698 0.892893910
vn 0.121754326 0.443992794 0.887719691
vn 0.116055414 0.398921967 0.909611166
vn 0.117161408 0.402541041 0.907873213
vn 0.106809378 0.316975296 0.942400336
vn 0.106809840 0.316972345 0.942401290
vn 0.093982130 0.216833904 0.971674085
vn 0.093982890 0.216832787 0.971674204
vn 0.077720597 0.097088568 0.992236614
vn 0.077720404 0.097088367 0.992236555
vn 0.060050622 -0.025740841 0.997863412
vn 0.060049839 -0.025739981 0.997863472
vn 0.043940496 -0.132171050 0.990252554
vn 0.043939922 -0.132168695 0.990252852
vn 0.029417306 -0.224080145 0.974126697
vn 0.028079120 -0.228106737 0.973231196
vn 0.017972685 -0.289948732 0.956873417
vn 0.015256998 -0.297922879 0.954468071
vn 0.006719975 -0.348962456 0.937112689
vn 0.732087433 0.526417613 0.432357013
vn -0.106591307 -0.741527081 0.662401557
vn 0.160231754 0.405737281 -0.899835110
vn -0.129951805 -0.901933670 -0.411859542
vn -0.683941185 0.703129947 0.194506526
vn 0.003900129 0.999205947 0.039652370
vn 0.000849122 0.217279449 0.976109087
vn 0.688953102 0.692405581 -0.214285269
vn 0.685900331 -0.089525975 0.722167492
vn 0.686578691 0.084162675 -0.722167790
vn 0.683522403 -0.697766125 0.214288697
vn -0.000850663 -0.217279881 -0.976108968
vn -0.003900458 -0.999205887 -0.039653301
vn -0.685905993 0.089517295 -0.722163200
vn -0.688953042 -0.692405522 0.214285508
vn -0.683523238 0.697765470 -0.214288086
vn -0.686585248 -0.084151484 0.722162962
vn 0.065423876 0.405708671 0.911657929
vn 0.067573860 0.419236034 0.905358970
vn 0.068444736 0.363310218 0.929150701
vn 0.069254763 0.368395537 0.927086115
vn 0.071445897 0.260622263 0.962793589
vn 0.071445942 0.260625064 0.962792873
vn 0.072837204 0.130604893 0.988755345
vn 0.072837129 0.130605593 0.988755286
vn 0.072832279 -0.025383651 0.997021139
vn 0.072832331 -0.025382789 0.997021198
vn 0.071015380 -0.182777613 0.980586112
vn 0.071015589 -0.182777762 0.980586112
vn 0.068030268 -0.314520955 0.946809709
vn 0.068030559 -0.314518064 0.946810544
vn 0.065060385 -0.426321030 0.902229309
vn 0.064487599 -0.422347665 0.904137075
vn 0.063211851 -0.503873587 0.861461341
vn 0.062123604 -0.496323168 0.865912318
vn 0.060483228 -0.556900322 0.828374207
vn 0.516108394 0.853904784 0.066924021
vn 0.295590639 -0.458093196 0.838317931
vn 0.507727206 -0.635200024 -0.582008600
vn -0.514747798 0.815347672 -0.265033692
vn -0.817541718 -0.568353236 -0.092736259
vn 0.219721958 0.338450819 0.914971769
vn 0.226500660 0.344072074 0.911214530
vn 0.199431762 0.312755018 0.928661048
vn 0.201938272 0.314854562 0.927409112
vn 0.151988536 0.255554140 0.954773068
vn 0.151984289 0.255553603 0.954773903
vn 0.095021643 0.187327519 0.977690876
vn 0.095020153 0.187328115 0.977690816
vn 0.027937086 0.106207058 0.993951499
vn 0.027935619 0.106206544 0.993951619
vn -0.040250633 0.022916313 0.998926818
vn -0.040252987 0.022915948 0.998926699
vn -0.099321812 -0.049920205 0.993802428
vn -0.099321581 -0.049918022 0.993802488
vn -0.151372686 -0.113566272 0.981931329
vn -0.153488711 -0.117284983 0.981165409
vn -0.188626200 -0.158045977 0.969248056
vn -0.192834616 -0.165537626 0.967167079
vn -0.223984674 -0.202665851 0.953287661
vn 0.980623186 -0.025197636 0.194275975
vn -0.045070555 -0.526306808 0.849099398
vn 0.196714967 0.396632075 -0.896652818
vn -0.019885421 -0.829585791 -0.558025062
vn -0.099204376 0.896896839 0.430969268
vn -0.995324969 0.062322371 -0.073784187
vn -0.205263987 0.205252290 0.956942081
vn -0.210688040 0.210181102 0.954690814
vn -0.181116670 0.174792334 0.967803895
vn -0.183128148 0.176623315 0.967092693
vn -0.129720256 0.109797232 0.985452890
vn -0.129714787 0.109794222 0.985453844
vn -0.068436235 0.032789122 0.997116566
vn -0.068432897 0.032788966 0.997116745
vn 0.003680799 -0.057172202 0.998357534
vn 0.003680617 -0.057171300 0.998357594
vn 0.076653853 -0.147487715 0.986089110
vn 0.076652355 -0.147487357 0.986089170
vn 0.139318421 -0.224463731 0.964472175
vn 0.139317662 -0.224464983 0.964471936
vn 0.192607641 -0.290642440 0.937245548
vn 0.195966065 -0.293560684 0.935638547
vn 0.228882059 -0.336967200 0.913272262
vn 0.235564590 -0.342689097 0.909435809
vn 0.265199512 -0.380687356 0.885859132
vn 0.217046589 0.947729766 0.233878270
vn 0.651832998 -0.049691290 0.756732821
vn -0.275696099 0.322064847 -0.905685306
vn 0.747399926 -0.249353394 -0.615805387
vn -0.910679579 0.072328046 0.406732559
vn -0.302009106 -0.950467050 0.073505007
vn -0.764839411 0.599560261 0.235686719
vn -0.016342286 0.012811300 0.999784410
vn -0.146165729 0.986550450 -0.073169872
vn 0.602329433 0.399788976 0.690918207
vn 0.244413495 0.680363178 -0.690918207
vn 0.992915332 0.093617409 0.073177800
vn 0.016340252 -0.012808685 -0.999784529
vn 0.764835954 -0.599557459 -0.235704884
vn -0.602325857 -0.399794102 -0.690918505
vn 0.146167651 -0.986549556 0.073178194
vn -0.992915690 -0.093620040 -0.073169537
vn -0.244408637 -0.680365562 0.690917671
vn -0.370883912 0.198785737 0.907154620
vn -0.376425266 0.205409840 0.903388560
vn -0.345397592 0.178821057 0.921261966
vn -0.347471356 0.181267723 0.920003057
vn -0.288661003 0.132371694 0.948236644
vn -0.288665593 0.132372946 0.948234975
vn -0.220991492 0.076949507 0.972235322
vn -0.220995173 0.076949716 0.972234488
vn -0.140351892 0.011971873 0.990029275
vn -0.140352219 0.011972108 0.990029335
vn -0.057422064 -0.053719211 0.996903658
vn -0.057419367 -0.053719118 0.996903837
vn 0.015339823 -0.110445768 0.993763804
vn 0.015339709 -0.110444248 0.993763924
vn 0.082893275 -0.161817789 0.983332932
vn 0.080472454 -0.160511941 0.983747959
vn 0.133138999 -0.198886812 0.970936656
vn 0.128255606 -0.196293548 0.972121060
vn 0.170067921 -0.226717100 0.958997548
vn 0.013836990 0.976457179 0.215267390
vn 0.619920671 0.026508316 0.784216642
vn -0.422480941 0.206209630 -0.882602632
vn 0.788025618 -0.031260330 -0.614848316
vn -0.882200181 -0.127371192 0.453320444
vn -0.071818404 -0.997173488 0.022073444
vn -0.093390040 0.513126194 0.853217304
vn -0.093943544 0.524575889 0.846164823
vn -0.082770258 0.477367014 0.874797046
vn -0.082994811 0.481690824 0.872402430
vn -0.060577564 0.390559345 0.918582439
vn -0.060579468 0.390562564 0.918580949
vn -0.033916619 0.280213952 0.959338188
vn -0.033917218 0.280213475 0.959338367
vn -0.002015086 0.145582527 0.989344060
vn -0.002014864 0.145582274 0.989344120
vn 0.030416436 0.005904617 0.999519885
vn 0.030416155 0.005904417 0.999519885
vn 0.057970792 -0.115046754 0.991667092
vn 0.057969280 -0.115043581 0.991667628
vn 0.082108408 -0.222855538 0.971387446
vn 0.081863441 -0.218186393 0.972467542
vn 0.099558644 -0.298453152 0.949217498
vn 0.099134095 -0.289281487 0.952096999
vn 0.113226064 -0.354321182 0.928243697
vn -0.124057867 0.671791434 0.730277956
vn 0.569221854 0.628070474 -0.530578911
vn 0.733051002 -0.318459958 0.601015449
vn -0.843886733 0.322905034 -0.428471148
vn 0.247320011 -0.641796410 -0.725899637
vn -0.641767561 -0.674503148 0.364938200
vn -0.418040484 0.011126102 0.908360243
vn -0.428221166 0.008956040 0.903629661
vn -0.371999055 0.012432326 0.928149939
vn -0.375846237 0.011632673 0.926609039
vn -0.268367201 0.014684939 0.963204801
vn -0.268367231 0.014684868 0.963204741
vn -0.136756137 0.017209699 0.990455329
vn -0.136754096 0.017209798 0.990455508
vn 0.021787561 0.019789340 0.999566734
vn 0.021793501 0.019789461 0.999566674
vn 0.182478383 0.021900797 0.982966006
vn 0.182476625 0.021901015 0.982966244
vn 0.317034543 0.023261478 0.948128760
vn 0.317028582 0.023261648 0.948130667
vn 0.431031048 0.024837088 0.901995182
vn 0.426971972 0.024067210 0.903944552
vn 0.509890974 0.026683236 0.859825134
vn 0.502194941 0.025176596 0.864387870
vn 0.563676178 0.026726633 0.825563371
vn -0.640652835 0.634388924 0.432567537
vn 0.429054946 0.305385888 0.850089014
vn -0.431964576 0.091352150 -0.897252142
vn 0.646187663 0.520273149 -0.558352411
vn -0.586330116 -0.786130786 0.195487514
vn 0.592092514 -0.802521169 -0.073392011
vn -0.973211884 -0.018063670 0.229199454
vn -0.027438825 -0.000507340 0.999623358
vn -0.735785544 0.672706604 -0.078010075
vn 0.209994897 0.690257967 0.692420423
vn -0.235461086 0.681993484 -0.692418218
vn 0.710319459 0.699543238 0.078010380
vn 0.027437935 0.000510904 -0.999623358
vn 0.973212123 0.018057287 -0.229199052
vn -0.209991038 -0.690257907 -0.692421734
vn 0.735781968 -0.672709942 0.078014411
vn -0.710315764 -0.699546516 -0.078013957
vn 0.235456496 -0.681989431 0.692423761
vn -0.539357662 0.037317354 0.841249585
vn -0.552929699 0.039358370 0.832297802
vn -0.498407483 0.041674029 0.865940690
vn -0.503574669 0.042439252 0.862908840
vn -0.395882040 0.047688141 0.917062283
vn -0.395878911 0.047687937 0.917063653
vn -0.260922253 0.053003807 0.963903666
vn -0.260921568 0.053003523 0.963903904
vn -0.094375931 0.057891827 0.993851960
vn -0.094374411 0.057891838 0.993852079
vn 0.077280559 0.061154049 0.995132089
vn 0.077277817 0.061154354 0.995132327
vn 0.222541422 0.062516570 0.972916722
vn 0.222535864 0.062516838 0.972918034
vn 0.345938444 0.062601373 0.936166465
vn 0.340564817 0.063587233 0.938068449
vn 0.429675877 0.063007161 0.900782347
vn 0.419431001 0.065014862 0.905456066
vn 0.489168406 0.064033121 0.869835675
vn -0.567073584 0.820122242 -0.076334864
vn 0.466539443 0.480750471 0.742441952
vn 0.638288200 0.434209228 -0.635649741
vn -0.469585329 -0.431073874 -0.770496607
vn -0.628672957 -0.483757764 0.608891487
vn 0.569474518 -0.820073485 0.056376360
vn -0.375052035 0.348158002 0.859140277
vn -0.384883016 0.359000802 0.850284278
vn -0.339206934 0.324780077 0.882868350
vn -0.342959493 0.328900993 0.879888117
vn -0.251835912 0.261617273 0.931737661
vn -0.251836091 0.261618674 0.931737304
vn -0.137301549 0.175495982 0.974858701
vn -0.137298048 0.175495192 0.974859297
vn 0.002983710 0.067901269 0.997687638
vn 0.002986891 0.067901105 0.997687638
vn 0.145837307 -0.043957714 0.988331497
vn 0.145839110 -0.043957025 0.988331258
vn 0.264276832 -0.138539627 0.954444706
vn 0.264274806 -0.138536111 0.954445660
vn 0.362155914 -0.218123436 0.906236887
vn 0.358531684 -0.213804796 0.908703804
vn 0.427664548 -0.270867258 0.862400115
vn 0.420953423 -0.262634426 0.868228853
vn 0.473882765 -0.307051480 0.825320840
vn 0.077164687 0.988674700 -0.128717124
vn 0.710699081 0.158017367 0.685519814
vn -0.640652537 -0.085898377 -0.763010979
vn 0.664290607 -0.246509343 -0.705656528
vn -0.773228943 0.091264956 0.627525032
vn -0.076086909 -0.947426796 0.310794741
vn -0.380929083 -0.257439137 0.888041854
vn -0.393437177 -0.264791965 0.880393326
vn -0.350117594 -0.227225274 0.908727884
vn -0.354848474 -0.230015442 0.906187356
vn -0.270429522 -0.155827582 0.950045168
vn -0.270425290 -0.155825227 0.950046659
vn -0.164888546 -0.064629778 0.984192491
vn -0.164886788 -0.064629100 0.984192789
vn -0.035310820 0.045253873 0.998351336
vn -0.035312556 0.045253653 0.998351216
vn 0.097682066 0.155787840 0.982948840
vn 0.097681060 0.155787826 0.982948899
vn 0.209445328 0.246887773 0.946139097
vn 0.209449321 0.246890321 0.946137547
vn 0.303734869 0.322354645 0.896567106
vn 0.299011022 0.319862336 0.899044216
vn 0.366606802 0.373124838 0.852277696
vn 0.357610941 0.368548810 0.858071208
vn 0.410327345 0.409394503 0.814878881
vn 0.281409681 0.912946880 0.295527607
vn -0.948809266 -0.114842266 -0.294231862
vn -0.321071714 -0.946185827 0.040562600
vn 0.988179743 0.147989035 -0.040000468
vn -0.769063652 -0.544448435 0.334839076
vn 0.067455985 0.047754388 0.996578753
vn -0.990174890 0.139820173 0.001990762
vn -0.153651893 0.732027113 0.663722456
vn -0.639373422 0.388166904 -0.663722873
vn 0.197149515 0.980371416 -0.001986505
vn -0.067461230 -0.047759324 -0.996578157
vn 0.769062042 0.544445634 -0.334847301
vn 0.153665915 -0.732026637 -0.663719714
vn 0.990174949 -0.139820218 -0.001988006
vn -0.197148606 -0.980371594 0.001993194
vn 0.639371991 -0.388175577 0.663719177
vn -0.136740908 -0.181852028 0.973771930
vn -0.143400207 -0.184990183 0.972221732
vn -0.112488985 -0.164150789 0.980000436
vn -0.114929743 -0.165311754 0.979521871
vn -0.058643993 -0.126383737 0.990246475
vn -0.058642957 -0.126384541 0.990246356
vn 0.003489341 -0.082937464 0.996548653
vn 0.003489999 -0.082937814 0.996548653
vn 0.075114042 -0.032240499 0.996653616
vn 0.075115271 -0.032239411 0.996653557
vn 0.146691352 0.019087901 0.988998115
vn 0.146691382 0.019088276 0.988998115
vn 0.208280697 0.063803680 0.975985765
vn 0.208277836 0.063802823 0.975986481
vn 0.265032649 0.105482809 0.958452523
vn 0.262748927 0.104307532 0.959209561
vn 0.305688888 0.136124000 0.942350626
vn 0.301104128 0.133754656 0.944164157
vn 0.336783379 0.160365328 0.927825391
vn -0.926342905 0.360037059 -0.110734515
vn 0.028324384 0.809726596 0.586123407
vn -0.121684156 -0.651666939 -0.748681009
vn 0.478150249 0.459024727 -0.748778105
vn -0.292311788 -0.701094687 0.650399983
vn 0.876473725 -0.331535131 0.349110782
vn -0.558923244 0.031257533 0.828630149
vn -0.573610306 0.035533570 0.818357289
vn -0.516018748 0.030980296 0.856016934
vn -0.521665156 0.032577276 0.852528095
vn -0.404948652 0.025040302 0.913996458
vn -0.404944271 0.025040915 0.913998485
vn -0.252468109 0.015220942 0.967485487
vn -0.252457440 0.015221155 0.967488348
vn -0.061034661 0.002928965 0.998131394
vn -0.061032481 0.002929269 0.998131454
vn 0.136699155 -0.009729351 0.990564883
vn 0.136705548 -0.009729440 0.990563989
vn 0.300746053 -0.020200567 0.953490317
vn 0.300752670 -0.020200856 0.953488231
vn 0.434068471 -0.028688326 0.900422990
vn 0.428238988 -0.027161859 0.903257251
vn 0.521582425 -0.033062786 0.852560103
vn 0.510783076 -0.030126302 0.859181643
vn 0.581406355 -0.034783818 0.812869430
vn -0.553471088 0.799356580 0.233877882
vn 0.514348507 0.635908246 0.575383723
vn -0.421297759 0.011667987 -0.906847298
vn 0.673887253 -0.027835350 -0.738309681
vn -0.665134132 -0.626244426 0.406711757
vn 0.455468744 -0.793078065 0.404444575
vn -0.072427593 -0.396059066 0.915364087
vn -0.078125432 -0.407158971 0.910009921
vn -0.062585674 -0.357270807 0.931901634
vn -0.064695366 -0.361437947 0.930149019
vn -0.036370900 -0.265667528 0.963378429
vn -0.036369611 -0.265669912 0.963377774
vn -0.003182028 -0.151490480 0.988453567
vn -0.003181539 -0.151490659 0.988453567
vn 0.035822339 -0.014657640 0.999250650
vn 0.035821509 -0.014657806 0.999250710
vn 0.074680693 0.124591731 0.989393651
vn 0.074681617 0.124591216 0.989393651
vn 0.107027896 0.242926523 0.964122236
vn 0.107029527 0.242928892 0.964121580
vn 0.134798601 0.346518368 0.928307295
vn 0.132905781 0.342435807 0.930093467
vn 0.152949587 0.418418825 0.895283282
vn 0.149265170 0.410518706 0.899552226
vn 0.165181741 0.471323699 0.866353929
vn -0.716560245 -0.472038299 0.513538063
vn 0.087727532 0.422695756 0.902015626
vn -0.322003871 -0.356538236 -0.877037048
vn -0.501697123 0.786493063 -0.360178918
vn 0.604876220 -0.784220099 0.138288230
vn 0.887265265 0.382933080 -0.257143259
vn -0.688484192 -0.012533421 0.725143075
vn 0.524775863 0.009555343 0.851186812
vn -0.660039783 0.674346566 0.331065416
vn 0.553216577 0.696426928 0.457100719
vn -0.578191459 0.675834775 -0.457101852
vn 0.635065794 0.697916508 -0.331065059
vn -0.524770439 -0.009548332 -0.851190209
vn 0.688473940 0.012526794 -0.725152850
vn -0.553215384 -0.696423590 -0.457107127
vn 0.660041034 -0.674347639 -0.331060529
vn -0.635063291 -0.697920740 0.331060946
vn 0.578194499 -0.675827682 0.457108378
vn -0.001021473 -0.002075963 0.999997377
vn -0.515233934 -0.287892431 0.807249725
vn 0.065666460 -0.595604002 0.800589621
vn 0.559339523 -0.230728149 0.796180785
vn 0.480061173 0.346308947 0.805984855
vn 0.004221360 0.615100682 0.788437307
vn -0.487700224 0.363020509 0.793955028
vn -0.308755159 -0.684948444 0.659936249
vn 0.063489802 -0.744697928 0.664374948
vn 0.418132514 -0.616174281 0.667453706
vn 0.677905738 -0.341611594 0.650957286
vn 0.766575694 0.021501016 0.641793907
vn 0.747593343 0.288188338 0.598374188
vn 0.379048079 0.671478987 0.636740565
vn -0.113661811 0.737412930 0.665810227
vn -0.695957899 0.249596804 0.673308253
vn -0.735327601 -0.134556502 0.664219797
vn -0.614779413 -0.464949995 0.637077510
vn 0.542075694 0.556022227 0.630074084
vn 0.127325282 0.775375664 0.618531227
vn -0.474871039 0.574234247 0.666897714
vn -0.847134829 0.128860235 0.515516937
vn -0.789327502 -0.312384844 0.528562009
vn -0.601998925 -0.588985324 0.539160132
vn -0.313244998 -0.784691930 0.534916937
vn 0.093506180 -0.849963248 0.518477678
vn 0.508015990 -0.693998694 0.510181963
vn 0.736710727 -0.421646088 0.528651059
vn 0.836923480 -0.118714094 0.534290195
vn 0.815097570 0.211230263 0.539442003
vn 0.670777261 0.497846365 0.549733460
vn 0.409120381 0.730412602 0.546916842
vn 0.102806263 0.837475717 0.536717117
vn -0.320486069 0.786164999 0.528425395
vn -0.676455200 0.521847308 0.519695878
vn -0.896289170 -0.119241610 0.427138418
vn -0.819687009 -0.471274972 0.325596601
vn 0.003513282 -0.944849908 0.327484876
vn 0.336244822 -0.841837764 0.422195196
vn 0.643876910 -0.691280842 0.327953279
vn 0.917989314 -0.234276503 0.320015758
vn 0.947219133 0.016840437 0.320144296
vn 0.878668785 0.351181537 0.323439062
vn 0.676913202 0.665238261 0.315034300
vn -0.475504518 0.817573547 0.324759841
vn -0.911248267 0.236582115 0.337128460
vn -0.920471847 -0.133551151 0.367281616
vn -0.572729170 -0.752909482 0.324204654
vn -0.243326426 -0.914452493 0.323371202
vn 0.369566649 -0.857088864 0.358913720
vn 0.814590871 -0.481463432 0.323472768
vn 0.366209805 0.871478617 0.326213747
vn -0.094919361 0.940533996 0.326169133
vn -0.752704144 0.562770665 0.341651529
vn -0.996223152 0.018487368 0.084840015
vn -0.722511053 -0.690579474 0.032829918
vn 0.695576191 -0.717186391 0.042631079
vn 0.967302322 -0.246950999 0.057805669
vn 0.851622999 0.513858557 0.103381366
vn 0.718039513 0.693010569 0.064463742
vn 0.251466095 0.965753078 0.063921236
vn -0.262562871 0.959404409 0.102975734
vn -0.695678174 0.710901201 0.103205234
vn -0.963235319 0.249321163 0.100083634
vn -0.965719461 -0.256412089 0.040483806
vn -0.862020016 -0.493889809 0.113993123
vn -0.485329568 -0.874134839 0.018538585
vn -0.266057700 -0.962477744 0.053384598
vn -0.001987777 -0.999828637 0.018406393
vn 0.248015627 -0.963446081 0.101291806
vn 0.495533377 -0.867561400 0.042236816
vn 0.868108094 -0.496072859 0.017320653
vn 0.994138777 0.002030384 0.108092271
vn 0.965668082 0.255051255 0.049336981
vn 0.505121171 0.862876534 0.017223515
vn -0.010369019 0.999786496 0.017877616
vn -0.501522839 0.864901423 0.020502811
vn -0.867818058 0.496475577 0.020097928
vn -0.957168758 -0.011863282 -0.289287567
vn -0.820916355 -0.481563896 -0.306908369
vn 0.241005674 -0.921025336 -0.305987746
vn 0.955748081 0.013792377 -0.293862969
vn 0.826268315 0.474897087 -0.302908391
vn -0.223957986 0.922381878 -0.314729482
vn -0.679349244 0.672930956 -0.292657703
vn -0.921991229 0.249769822 -0.295883745
vn -0.890804589 -0.259393215 -0.373071522
vn -0.263913006 -0.899402976 -0.348459840
vn 0.493082076 -0.803075671 -0.334573627
vn 0.906213164 -0.260044664 -0.333398283
vn 0.905470252 0.228738576 -0.357494593
vn 0.666211784 0.662261128 -0.342887759
vn -0.556479871 -0.751337886 -0.354713231
vn 0.014269605 -0.931234241 -0.364141822
vn 0.746011674 -0.555966198 -0.366562635
vn 0.448494345 0.822961330 -0.348694086
vn 0.139876559 0.928750098 -0.343304515
vn -0.469541192 0.800346375 -0.372795999
vn -0.809437335 0.448480159 -0.379047155
vn -0.557556391 0.012337644 -0.830047488
vn -0.403630674 -0.390906930 -0.827208579
vn -0.070986710 -0.539870858 -0.838749290
vn 0.282222509 -0.483982652 -0.828318298
vn 0.541723430 -0.128688410 -0.830647469
vn 0.504121900 0.212830782 -0.836997092
vn 0.328780711 0.428860217 -0.841416776
vn 0.068049043 0.546227157 -0.834868431
vn -0.202687666 0.503929615 -0.839626491
vn -0.431259573 0.336885750 -0.836972654
vn -0.000013764 -0.000104910 -1.000000000
vn -0.431686997 -0.042845365 0.901005328
vn -0.276289821 0.431148261 0.858938396
vn 0.615430355 0.075355791 0.784580886
vn 0.223984689 0.443049878 -0.868065536
vn 0.958670616 0.284392208 -0.008470356
vn 0.768028975 -0.138753355 -0.625203073
vn 0.200177014 -0.979163647 0.034173444
vn 0.274152488 -0.436226070 0.857057333
vn -0.961155295 -0.275551260 0.015873956
vn -0.230350181 -0.436214089 -0.869859874
vn -0.210071549 0.977326453 0.026510818
vn -0.542323947 0.111355372 -0.832757413
vn -0.026759678 -0.493786454 0.869171381
vn -0.472722977 0.078030407 0.877749503
vn -0.330159575 0.395531446 -0.857058704
vn 0.104246147 0.768601596 0.631176949
vn -0.875698686 0.481579691 -0.035112239
vn 0.261843354 0.562026739 -0.784578860
vn 0.566721201 0.823866069 0.008471816
vn 0.501783073 0.093180642 0.859959900
vn 0.863594115 -0.503442287 -0.027407600
vn 0.324668378 -0.395999163 -0.858938396
vn -0.586816311 -0.808384478 -0.046488550
vn -0.267571092 -0.554720759 0.787839174
vn -0.174146935 -0.397320271 -0.901004672
vn -0.323042572 0.331048012 0.886595011
vn -0.442755312 -0.217506766 0.869861245
vn -0.079570532 -0.485804707 -0.870438039
vn -0.374427438 0.219077021 -0.901004672
vn -0.942239881 0.334545076 -0.016239515
vn -0.473068237 0.879462302 0.052465271
vn 0.027603392 0.432549894 -0.901187420
vn 0.451981038 0.178890929 0.873905718
vn 0.758725643 0.651135445 0.018922184
vn 0.809017062 -0.587785184 0.000000256
vn 0.643447280 -0.287911415 -0.709283173
vn 0.472654283 -0.522984803 0.709284723
vn -0.431419492 -0.901782334 -0.025805103
vn -0.371712834 -0.147338122 0.916581273
vn 0.220287800 -0.425471514 0.877751291
vn 0.220289230 -0.425471783 -0.877750754
vn -0.444884956 -0.425893456 0.787840068
vn -0.444885552 -0.425892115 -0.787840545
vn -0.588744879 -0.808318913 -0.000000505
vn -0.991677940 -0.128743321 0.000000123
vn -0.371712178 -0.147338316 -0.916581392
vn -0.399543017 0.916714430 0.000000024
vn -0.030367602 0.497627825 0.866858959
vn -0.030368440 0.497627050 -0.866859317
vn 0.770630300 0.637282491 -0.000000038
vn 0.638816535 0.285076857 0.714594007
vn 0.719740152 -0.694243550 -0.000000368
vn 0.638815820 0.285077035 -0.714594603
vn -0.174148008 0.397320211 0.901004434
vn 0.324668497 0.395999104 0.858938336
vn 0.324668795 0.395999342 -0.858938038
vn 0.261843204 -0.562026262 0.784579277
vn 0.261842787 -0.562026322 -0.784579456
vn 0.607080996 -0.794639945 -0.000000211
vn -0.330159158 -0.395532280 0.857058346
vn -0.330159515 -0.395531267 -0.857058764
vn -0.876032829 -0.482251525 0.000000815
vn -0.595986843 0.802994311 -0.000000249
vn -0.174146980 0.397320271 -0.901004672
vn 0.876032710 0.482251704 0.000000047
vn -0.381860316 -0.613259077 0.691444874
vn 0.157636508 0.451881111 0.878040016
vn -0.932453811 -0.201044962 0.300184608
vn -0.812637329 -0.099536397 -0.574206650
vn -0.386235595 0.918222785 0.087686986
vn 0.097157039 -0.613217592 -0.783916295
vn 0.284317493 0.656977832 -0.698243260
vn 0.933125973 0.200349137 -0.298556775
vn 0.296126515 -0.930669188 0.214858174
vn 0.869734406 0.098491959 0.483592272
vn 0.011384235 0.002137556 0.999932885
vn -0.559779823 0.079840340 0.824786067
vn -0.420440495 -0.401803166 0.813501120
vn 0.047734659 -0.567972064 0.821662366
vn 0.476428568 -0.477414012 0.738303304
vn 0.555590391 0.059700284 0.829310119
vn 0.394618452 0.528769612 0.751451254
vn -0.160323665 0.531424463 0.831795990
vn -0.707705855 -0.092884220 0.700374901
vn -0.600946963 -0.398051232 0.693121910
vn -0.337822139 -0.637977123 0.691998184
vn 0.062698282 -0.728112400 0.682584226
vn 0.705624938 -0.165289879 0.689037561
vn 0.682596982 0.241510481 0.689734817
vn 0.243924811 0.739696860 0.627175570
vn -0.060751706 0.738817990 0.671161115
vn -0.629649639 0.368369520 0.683992088
vn 0.043315586 -0.815589964 0.577006876
vn 0.729942679 0.383498162 0.565785170
vn -0.395368189 0.630525529 0.667923272
vn -0.781973243 0.267925948 0.562790871
vn -0.835215211 -0.119786695 0.536718488
vn -0.656252861 -0.522894561 0.543979347
vn -0.309757054 -0.779222667 0.544850886
vn 0.247865811 -0.566846430 0.785651147
vn 0.548821747 -0.595550001 0.586612999
vn 0.762749493 -0.331782520 0.555097818
vn 0.839514375 -0.004211491 0.543321133
vn 0.490707785 0.640864849 0.590337276
vn 0.096345790 0.810938060 0.577145696
vn -0.308019727 0.761681080 0.570057571
vn -0.646431863 0.485269576 0.588760912
vn -0.925276995 0.131368682 0.355815619
vn -0.832072258 -0.319964319 0.453077018
vn -0.659053981 -0.660088360 0.360459834
vn 0.126347646 -0.925699174 0.356535226
vn 0.928976893 0.092962816 0.358273476
vn 0.809150219 0.469532937 0.353291243
vn 0.651186049 0.670816839 0.354910553
vn 0.414053530 0.836747706 0.358347505
vn -0.218090832 0.907704175 0.358482480
vn -0.471923351 0.809030771 0.350367755
vn -0.855494857 -0.351513565 0.380219609
vn -0.341913462 -0.866985440 0.362534881
vn 0.567532897 -0.743198335 0.354348332
vn 0.852481604 -0.375719577 0.363469273
vn 0.073147655 0.931197286 0.357101083
vn -0.749077559 0.554931819 0.361847252
vn -0.997681141 -0.013506752 0.066708349
vn -0.018037345 -0.993391573 0.113348521
vn 0.494835079 -0.867288411 0.054305851
vn 0.964358032 -0.260873199 0.044256825
vn 0.957077980 0.270571679 0.103888802
vn 0.698310316 0.707073390 0.111399993
vn 0.259540021 0.961163580 0.093827702
vn -0.250338554 0.962290525 0.106431529
vn -0.693148732 0.714162230 0.097556159
vn -0.964030147 -0.264968246 0.020922665
vn -0.856913865 -0.515415013 0.006786480
vn -0.702919722 -0.701055765 0.120102875
vn -0.504279792 -0.861884475 0.053451452
vn -0.237654299 -0.971134126 0.020467985
vn 0.249640316 -0.966373622 0.061659355
vn 0.711831629 -0.693970740 0.108168244
vn 0.857252479 -0.513501167 0.037877414
vn 0.999512434 0.009972593 0.029587995
vn 0.865297318 0.499423534 0.042858839
vn 0.501020789 0.864089966 0.048235569
vn -0.006592573 0.998490512 0.054528445
vn -0.499261707 0.865261555 0.045389507
vn -0.866831124 0.496170223 0.049182203
vn -0.967393398 0.249391034 0.044205572
vn -0.644832790 -0.688183546 -0.332556814
vn 0.013277650 -0.939342737 -0.342723072
vn 0.657923996 -0.678539872 -0.326679766
vn 0.909678042 0.223603442 -0.349981785
vn 0.659713089 0.685712636 -0.307533532
vn 0.241902336 0.917181134 -0.316641718
vn -0.256651580 0.912591279 -0.318288058
vn -0.680043519 0.664664507 -0.309454352
vn 0.360468864 -0.856695831 -0.368964046
vn 0.817967415 -0.435100675 -0.376320004
vn 0.812136412 0.454454899 -0.365930527
vn 0.437255383 0.801930964 -0.407080442
vn -0.006054710 0.931891441 -0.362686932
vn -0.446315944 0.796799064 -0.407324880
vn -0.868910849 0.321931034 -0.375971138
vn -0.927502990 -0.080481589 -0.365049213
vn -0.814259589 -0.435057759 -0.384325743
vn -0.376186132 -0.848663926 -0.371824652
vn 0.916151285 -0.123674378 -0.381276101
vn -0.529296815 -0.054619472 -0.846676826
vn -0.409948677 -0.330143720 -0.850263000
vn -0.155645087 -0.518239558 -0.840953350
vn 0.198082119 -0.495367825 -0.845797956
vn 0.413350523 -0.324045330 -0.850961804
vn 0.528549671 -0.052383035 -0.847284615
vn 0.428778052 0.334199488 -0.839321196
vn 0.000020813 0.541704357 -0.840569139
vn -0.425892055 0.337773323 -0.839359999
vn 0.000021720 0.000036249 -1.000000000
vn 0.429828703 -0.047998093 0.901633859
vn 0.267971843 0.465891331 -0.843289018
vn 0.271496683 0.460764080 0.844976962
vn 0.187754989 0.982215941 -0.000000261
vn 0.635546923 -0.084664993 -0.767406046
vn 0.946820736 -0.320943445 0.022932589
vn -0.187751457 -0.982216597 -0.000001103
vn -0.267973095 -0.465892762 0.843287826
vn -0.271495104 -0.460765898 -0.844976425
vn -0.946820974 0.320942700 -0.022930766
vn -0.635543704 0.084666021 0.767408669
vn -0.429830879 0.047997661 -0.901632786
vn 0.273222059 0.467396855 0.840767443
vn -0.365179777 0.352119148 0.861774802
vn -0.456849992 0.214728221 -0.863238037
vn 0.130482584 0.619207919 -0.774309933
vn 0.046569958 0.998500943 0.028760837
vn 0.536086082 0.111467771 -0.836771548
vn 0.994276881 -0.103217334 -0.027564636
vn 0.376549423 -0.343331754 0.860426545
vn -0.024384562 -0.999663174 -0.008879033
vn 0.021297051 -0.337238431 -0.941178441
vn -0.374569595 -0.688377738 0.621155202
vn -0.993133545 0.116986565 0.000031660
vn -0.390002072 -0.690062702 -0.609681726
vn -0.437760174 0.182241097 0.880428433
vn -0.059428055 -0.453092664 0.889480352
vn -0.059427828 -0.453091323 -0.889481068
vn -0.776361525 -0.630288005 -0.000000229
vn -0.437760919 0.182241365 -0.880428076
vn -0.790797293 0.612078130 -0.000000841
vn 0.094514526 0.505635142 0.857554734
vn 0.094514169 0.505637586 -0.857553244
vn 0.449121505 0.893470705 0.000002019
vn 0.563930631 -0.305068910 -0.767408133
vn 0.563930392 -0.305066019 0.767409444
vn 0.958621442 -0.284684181 0.000000756
vn 0.520855606 -0.853644788 -0.000000802
vn 0.453892112 0.164612889 0.875719547
vn 0.092129961 -0.513936102 0.852866888
vn 0.092133671 -0.513936043 -0.852866411
vn -0.703665137 -0.334980130 0.626612961
vn -0.644178629 -0.764875054 0.000000340
vn -0.703665614 -0.334981829 -0.626611412
vn -0.243882984 0.441913366 0.863269269
vn -0.726940513 0.686700404 -0.000001275
vn -0.243880659 0.441913068 -0.863269985
vn 0.459336907 0.446356326 0.767968476
vn 0.459338129 0.446356416 -0.767967701
vn 0.598147273 0.801386178 0.000000944
vn 0.758845747 -0.651270330 0.000001494
vn 0.453892291 0.164614394 -0.875719070
vn 0.215454429 -0.260314912 0.941177785
vn 0.385698736 0.358045042 0.850317717
vn 0.888515055 0.458847582 0.000002710
vn 0.610583544 -0.791769862 0.016982228
vn 0.097495079 -0.686738133 0.720337033
vn 0.276913911 -0.578275025 -0.767409086
vn -0.129502207 -0.991578996 -0.000667831
vn -0.314400584 -0.331627578 -0.889480412
vn -0.441375315 -0.163475484 0.882305861
vn -0.356171250 0.615640104 0.702943325
vn -0.997260034 -0.073268563 -0.010210507
vn -0.247034803 0.404742926 -0.880429983
vn -0.265250295 0.964118361 -0.010864711
vn 0.373669446 0.353514254 -0.857554018
vn 0.127759978 -0.686329067 0.715981781
vn 0.391066253 0.499647111 0.772929430
vn -0.664715409 -0.677247763 0.315418720
vn -0.654895842 0.505530775 0.561738551
vn -0.667975605 -0.576535523 -0.470547944
vn -0.707046747 0.632923424 -0.315424800
vn 0.121130265 -0.483632207 -0.866849065
vn -0.022790955 0.705428123 -0.708414972
vn 0.832032025 -0.549796641 -0.073799446
vn 0.723125875 0.651435435 -0.229610443
vn -0.013106842 -0.003162931 0.999909163
vn -0.686712861 -0.067929938 0.723747909
vn 0.182455435 -0.544896185 0.818412006
vn 0.573258162 -0.023948137 0.819024742
vn 0.239248708 0.532375097 0.811995625
vn -0.359280854 0.472421974 0.804819763
vn -0.438939452 -0.522854149 0.730722725
vn -0.156295642 -0.727048278 0.668560028
vn 0.282877088 -0.690202892 0.666033387
vn 0.582411110 -0.442236871 0.682073295
vn 0.742317617 -0.046935517 0.668402314
vn 0.626049995 0.399832457 0.669473946
vn 0.164146006 0.723621070 0.670394421
vn -0.381451905 0.628968775 0.677416205
vn -0.701161683 0.242808476 0.670385242
vn -0.656577110 -0.373659045 0.655198753
vn -0.183645144 -0.814807594 0.549875438
vn 0.814513445 -0.223751694 0.535259962
vn 0.652451456 0.516956031 0.554133236
vn 0.260695398 0.735219479 0.625691891
vn -0.186122999 0.816750824 0.546146750
vn -0.837583601 -0.107689649 0.535590053
vn -0.761583924 -0.391565293 0.516397655
vn -0.500673592 -0.671128273 0.546729147
vn 0.098902784 -0.829916596 0.549050808
vn 0.413896382 -0.734870136 0.537266850
vn 0.667403877 -0.509591997 0.543036044
vn 0.827027500 0.123131730 0.548510790
vn 0.228419811 0.792396903 0.565624893
vn -0.520905614 0.656152964 0.546004355
vn -0.775203109 0.324179530 0.542187989
vn -0.940394342 -0.015399126 0.339737266
vn -0.684968054 -0.646729350 0.335499436
vn -0.453580588 -0.829122841 0.326833189
vn -0.126968101 -0.935974360 0.328376532
vn 0.247194171 -0.911619484 0.328397483
vn 0.575614274 -0.748533070 0.329190642
vn 0.944825530 0.030140221 0.326184690
vn 0.863004804 0.385780841 0.326183856
vn 0.263665676 0.911565959 0.315480530
vn -0.009339268 0.940879524 0.338612676
vn -0.911437511 0.249624521 0.327061474
vn -0.870788455 -0.346933395 0.348374188
vn 0.875236154 -0.345735312 0.338273287
vn 0.582495511 0.735685110 0.345639080
vn -0.376069576 0.864074469 0.334584773
vn -0.747560740 0.578734756 0.325912565
vn -0.702103853 -0.704259098 0.105210625
vn 0.257946551 -0.958824456 0.118825063
vn 0.719617426 -0.693248868 0.039457072
vn 0.855520844 -0.505056977 0.114024259
vn 0.707075298 0.700211585 0.098733768
vn 0.495169371 0.864955187 0.081608929
vn -0.233216822 0.970851481 0.055293512
vn -0.997232139 -0.003709838 0.074258216
vn -0.968741119 -0.243334889 0.048256844
vn -0.855840385 -0.515893459 0.037298590
vn -0.507334530 -0.860702157 0.042467792
vn -0.272691548 -0.961610854 0.030723359
vn 0.024872670 -0.999580383 0.014845821
vn 0.480653554 -0.876626670 0.022313884
vn 0.963485122 -0.264959425 0.038640670
vn 0.997263074 0.004430979 0.073801965
vn 0.970049918 0.237253308 0.052096929
vn 0.857208908 0.514610648 0.019204384
vn 0.263020217 0.963558972 0.048728656
vn 0.002811890 0.994248569 0.107060365
vn -0.489165545 0.871962965 0.019941865
vn -0.702483475 0.711429715 0.019616526
vn -0.862735450 0.501911342 0.061421484
vn -0.963811576 0.265518427 0.023817182
vn -0.667474270 -0.664129555 -0.336764067
vn 0.236963496 -0.917571008 -0.319236249
vn 0.826744080 -0.468643636 -0.311235249
vn 0.678448737 0.665755987 -0.310606271
vn 0.448932916 0.829598129 -0.332003325
vn -0.013592915 0.957247615 -0.288950264
vn -0.937259436 -0.011556556 -0.348441154
vn -0.872859657 -0.345824003 -0.344269902
vn -0.455199540 -0.813480437 -0.361998498
vn 0.932338834 -0.090401225 -0.350102693
vn 0.255414218 0.892284155 -0.372280180
vn -0.286960393 0.885661781 -0.365043908
vn -0.103251226 -0.921448112 -0.374529809
vn 0.564366102 -0.738835931 -0.368255913
vn 0.874361575 0.332041383 -0.353893131
vn -0.567391276 0.733545601 -0.374136329
vn -0.856378853 0.376113653 -0.353770614
vn -0.533569634 0.063090228 -0.843399823
vn -0.482203364 -0.267792195 -0.834126651
vn -0.168024093 -0.522834539 -0.835710466
vn 0.202347085 -0.506416142 -0.838211417
vn 0.483934462 -0.263190478 -0.834588766
vn 0.533835828 0.083890229 -0.841416478
vn 0.379720867 0.397487581 -0.835353673
vn -0.002025343 0.555087566 -0.831789374
vn -0.391456962 0.388152093 -0.834325731
vn 0.000025520 0.000004910 -1.000000000
vn -0.429485321 0.048512455 0.901769876
vn 0.187752232 0.982216418 0.000003026
vn 0.267298460 0.468808413 0.841885030
vn 0.272160947 0.473662615 -0.837599158
vn 0.963526666 -0.267489374 0.008113608
vn 0.637483239 -0.085605212 0.765693843
vn -0.196587354 -0.980318069 0.018165404
vn 0.316638589 -0.369326979 -0.873692036
vn -0.270982593 -0.463687629 0.843541503
vn -0.792875350 -0.172354311 -0.584502220
vn -0.946541667 0.322532535 0.005630240
vn -0.305312991 0.125897780 -0.943892956
vn 0.086581372 0.423458755 0.901768386
vn -0.989785671 0.140894338 -0.021750813
vn -0.516973794 -0.235336393 -0.823015690
vn 0.087519497 0.658222556 -0.747718811
vn -0.032564539 0.999462843 -0.003671419
vn 0.992161095 -0.124966137 0.000003775
vn 0.524737537 0.114434578 0.843537331
vn 0.538638651 0.109896958 -0.835338950
vn 0.010997832 -0.999675393 -0.022984527
vn -0.005479579 -0.352612495 -0.935753465
vn -0.115579203 -0.632736504 0.765693128
vn -0.528460979 -0.109345712 0.841886282
vn -0.358667940 0.403756857 0.841628134
vn -0.448275387 -0.240593925 0.860908747
vn -0.448273689 -0.240594700 -0.860909402
vn -0.924960792 0.380062670 -0.000000304
vn -0.358666420 0.403757244 -0.841628492
vn 0.388606519 0.921403885 -0.000001720
vn 0.443016887 0.254583329 0.859606624
vn 0.926650345 -0.375924468 0.000000142
vn 0.443017453 0.254581481 -0.859606743
vn 0.538844645 -0.569485068 0.620752215
vn -0.408285499 -0.912854373 -0.000000530
vn 0.538843930 -0.569486022 -0.620751977
vn 0.412345111 0.196437016 0.889597714
vn 0.413525283 -0.199076772 -0.888462305
vn 0.056090169 -0.506493270 0.860417604
vn 0.380113721 -0.924842477 0.013418049
vn -0.307795823 -0.359786600 -0.880803883
vn -0.655422807 -0.291023761 0.696940541
vn -0.799646378 -0.600367427 -0.011162056
vn -0.453139037 0.248592153 -0.856076598
vn -0.722356021 0.690930545 -0.028579209
vn -0.090294182 0.500680149 0.860910177
vn 0.603709996 0.797187507 0.005130074
vn 0.465418965 0.443960369 -0.765692234
vn 0.981780648 0.183668733 0.048709165
vn 0.178855732 -0.393473119 0.901770234
vn 0.363264769 0.399085075 0.841884792
vn 0.508046806 -0.054436848 -0.859607577
vn 0.559889972 -0.828435481 0.014765795
vn 0.101198092 -0.777446330 -0.620754659
vn -0.357256562 -0.401005089 0.843541801
vn -0.870397747 -0.490897089 0.037786536
vn -0.504081130 0.068842515 -0.860908270
vn -0.564700365 0.825276732 -0.005652030
vn -0.278409719 0.579832792 0.765690506
vn 0.865094960 0.500845432 0.027651211
vn -0.052845735 0.537463009 -0.841629922
usemtl field_material_05
f 5//5 9//9 10//10
f 2//2 8//8 3//3
f 6//6 5//5 10//10
f 3//3 9//9 4//4
f 2//2 1//1 7//7
f 7//7 1//1 11//11
f 9//9 14//14 10//10
f 7//7 12//12 8//8
f 6//6 10//10 14//14
f 8//8 13//13 9//9
f 11//11 1//1 15//15
f 14//14 17//17 18//18
f 11//11 16//16 12//12
f 6//6 14//14 18//18
f 12//12 17//17 13//13
f 15//15 1//1 19//19
f 17//17 22//22 18//18
f 15//15 20//20 16//16
f 6//6 18//18 22//22
f 16//16 21//21 17//17
f 19//19 1//1 23//23
f 22//22 25//25 26//26
f 19//19 24//24 20//20
f 6//6 22//22 26//26
f 20//20 25//25 21//21
f 23//23 1//1 27//27
f 25//25 30//30 26//26
f 23//23 28//28 24//24
f 6//6 26//26 30//30
f 24//24 29//29 25//25
f 27//27 1//1 31//31
f 30//30 33//33 34//34
f 27//27 32//32 28//28
f 6//6 30//30 34//34
f 28//28 33//33 29//29
f 31//31 1//1 2//2
f 33//33 5//5 34//34
f 31//31 3//3 32//32
f 6//6 34//34 5//5
f 32//32 4//4 33//33
f 36//36 37//37 35//35
f 37//37 40//40 39//39
f 40//40 41//41 39//39
f 41//41 44//44 43//43
f 44//44 42//42 40//40
f 44//44 45//45 43//43
f 46//46 35//35 45//45
f 43//43 45//45 37//37
usemtl field_material_17
f 47//47 50//50 49//49
f 49//49 52//52 51//51
f 51//51 54//54 53//53
f 54//54 55//55 53//53
f 56//56 57//57 55//55
f 58//58 59//59 57//57
f 59//59 62//62 61//61
f 62//62 63//63 61//61
usemtl field_material_05
f 66//66 68//68 67//67
f 69//69 70//70 67//67
f 68//68 71//71 69//69
f 71//71 66//66 70//70
usemtl field_material_17
f 73//73 74//74 72//72
f 75//75 76//76 74//74
f 76//76 79//79 78//78
f 79//79 80//80 78//78
f 81//81 82//82 80//80
f 83//83 84//84 82//82
f 85//85 86//86 84//84
f 87//87 88//88 86//86
f 88//88 89//89 90//90
usemtl field_material_05
f 91//91 94//94 93//93
f 92//92 91//91 93//93
usemtl field_material_17
f 95//95 98//98 97//97
f 98//98 99//99 97//97
f 100//100 101//101 99//99
f 102//102 103//103 101//101
f 104//104 105//105 103//103
f 106//106 107//107 105//105
f 107//107 110//110 109//109
f 110//110 111//111 109//109
f 111//111 112//112 113//113
usemtl field_material_05
f 118//118 115//115 114//114
f 117//117 116//116 114//114
f 116//116 119//119 118//118
f 121//121 122//122 120//120
f 122//122 125//125 124//124
f 124//124 127//127 126//126
f 126//126 129//129 128//128
f 129//129 127//127 125//125
f 129//129 130//130 128//128
f 130//130 121//121 120//120
f 128//128 130//130 122//122
usemtl field_material_17
f 132//132 135//135 134//134
f 134//134 137//137 136//136
f 137//137 138//138 136//136
f 138//138 141//141 140//140
f 141//141 142//142 140//140
f 143//143 144//144 142//142
f 144//144 147//147 146//146
f 147//147 148//148 146//146
usemtl field_material_05
f 152//152 151//151 155//155
f 152//152 153//153 151//151
f 154//154 155//155 153//153
f 151//151 153//153 155//155
usemtl field_material_17
f 158//158 159//159 157//157
f 159//159 162//162 161//161
f 162//162 163//163 161//161
f 164//164 165//165 163//163
f 166//166 167//167 165//165
f 168//168 169//169 167//167
f 170//170 171//171 169//169
f 172//172 173//173 171//171
usemtl field_material_05
f 176//176 179//179 178//178
f 181//181 180//180 178//178
f 177//177 176//176 180//180
usemtl field_material_17
f 183//183 184//184 182//182
f 185//185 186//186 184//184
f 187//187 188//188 186//186
f 189//189 190//190 188//188
f 191//191 192//192 190//190
f 193//193 194//194 192//192
f 194//194 197//197 196//196
f 196//196 199//199 198//198
usemtl field_material_05
f 202//202 201//201 205//205
f 203//203 204//204 201//201
f 204//204 206//206 205//205
f 201//201 204//204 205//205
f 208//208 209//209 207//207
f 209//209 212//212 211//211
f 211//211 214//214 213//213
f 213//213 216//216 215//215
f 214//214 212//212 208//208
f 216//216 217//217 215//215
f 218//218 207//207 217//217
f 213//213 215//215 217//217
usemtl field_material_07
f 220//220 221//221 219//219
f 221//221 224//224 223//223
f 224//224 225//225 223//223
f 225//225 228//228 227//227
f 227//227 230//230 229//229
f 229//229 232//232 231//231
f 232//232 233//233 231//231
f 234//234 235//235 233//233
usemtl field_material_05
f 241//241 240//240 238//238
f 240//240 243//243 242//242
f 239//239 243//243 241//241
f 239//239 238//238 242//242
usemtl field_material_07
f 245//245 246//246 244//244
f 246//246 249//249 248//248
f 248//248 251//251 250//250
f 251//251 252//252 250//250
f 253//253 254//254 252//252
f 255//255 256//256 254//254
f 257//257 258//258 256//256
f 259//259 260//260 258//258
usemtl field_material_05
f 264//264 263//263 267//267
f 266//266 265//265 263//263
f 264//264 268//268 266//266
f 265//265 268//268 267//267
f 263//263 265//265 267//267
usemtl field_material_07
f 270//270 271//271 269//269
f 271//271 274//274 273//273
f 273//273 276//276 275//275
f 276//276 277//277 275//275
f 278//278 279//279 277//277
f 279//279 282//282 281//281
f 282//282 283//283 281//281
f 284//284 285//285 283//283
f 285//285 286//286 287//287
usemtl field_material_05
f 289//289 288//288 292//292
f 288//288 291//291 290//290
f 289//289 293//293 291//291
f 293//293 292//292 290//290
f 294//294 297//297 296//296
f 296//296 299//299 298//298
f 299//299 300//300 298//298
f 300//300 303//303 302//302
f 301//301 299//299 295//295
f 302//302 305//305 304//304
f 305//305 294//294 304//304
f 302//302 304//304 296//296
usemtl field_material_23
f 307//307 308//308 306//306
f 308//308 311//311 310//310
f 310//310 313//313 312//312
f 313//313 314//314 312//312
f 315//315 316//316 314//314
f 316//316 319//319 318//318
f 319//319 320//320 318//318
f 321//321 322//322 320//320
f 322//322 323//323 324//324
usemtl field_material_05
f 327//327 328//328 325//325
f 326//326 329//329 327//327
f 328//328 326//326 325//325
usemtl field_material_23
f 331//331 332//332 330//330
f 332//332 335//335 334//334
f 334//334 337//337 336//336
f 337//337 338//338 336//336
f 338//338 341//341 340//340
f 341//341 342//342 340//340
f 343//343 344//344 342//342
f 344//344 347//347 346//346
usemtl field_material_05
f 350//350 351//351 349//349
f 353//353 352//352 351//351
f 352//352 350//350 349//349
usemtl field_material_23
f 355//355 356//356 354//354
f 356//356 359//359 358//358
f 359//359 360//360 358//358
f 361//361 362//362 360//360
f 362//362 365//365 364//364
f 365//365 366//366 364//364
f 367//367 368//368 366//366
f 369//369 370//370 368//368
usemtl field_material_05
f 373//373 376//376 375//375
f 376//376 377//377 375//375
f 377//377 374//374 373//373
f 379//379 380//380 378//378
f 381//381 382//382 380//380
f 382//382 385//385 384//384
f 384//384 387//387 386//386
f 387//387 385//385 383//383
f 386//386 389//389 388//388
f 389//389 378//378 388//388
f 386//386 388//388 380//380
usemtl field_material_23
f 391//391 392//392 390//390
f 393//393 394//394 392//392
f 395//395 396//396 394//394
f 397//397 398//398 396//396
f 398//398 401//401 400//400
f 400//400 403//403 402//402
f 403//403 404//404 402//402
f 404//404 407//407 406//406
f 406//406 407//407 408//408
usemtl field_material_05
f 411//411 412//412 409//409
f 412//412 410//410 409//409
usemtl field_material_23
f 415//415 416//416 414//414
f 416//416 419//419 418//418
f 418//418 421//421 420//420
f 421//421 422//422 420//420
f 422//422 425//425 424//424
f 424//424 427//427 426//426
f 427//427 428//428 426//426
f 428//428 431//431 430//430
usemtl field_material_05
f 434//434 433//433 437//437
f 433//433 436//436 435//435
f 438//438 437//437 435//435
usemtl field_material_23
f 439//439 442//442 441//441
f 441//441 444//444 443//443
f 444//444 445//445 443//443
f 446//446 447//447 445//445
f 447//447 450//450 449//449
f 450//450 451//451 449//449
f 451//451 454//454 453//453
f 453//453 456//456 455//455
usemtl field_material_05
f 459//459 458//458 462//462
f 459//459 460//460 458//458
f 463//463 462//462 460//460
f 465//465 466//466 464//464
f 466//466 469//469 468//468
f 468//468 471//471 470//470
f 471//471 472//472 470//470
f 471//471 469//469 465//465
f 473//473 474//474 472//472
f 474//474 465//465 464//464
f 466//466 470//470 474//474
usemtl field_material_17
f 477//477 478//478 476//476
f 479//479 480//480 478//478
f 481//481 482//482 480//480
f 483//483 484//484 482//482
f 484//484 487//487 486//486
f 486//486 489//489 488//488
f 489//489 490//490 488//488
f 490//490 493//493 492//492
f 492//492 493//493 494//494
usemtl field_material_05
f 496//496 495//495 499//499
f 495//495 498//498 497//497
f 500//500 499//499 497//497
usemtl field_material_17
f 502//502 503//503 501//501
f 504//504 505//505 503//503
f 506//506 507//507 505//505
f 508//508 509//509 507//507
f 509//509 512//512 511//511
f 512//512 513//513 511//511
f 514//514 515//515 513//513
f 516//516 517//517 515//515
f 517//517 518//518 519//519
usemtl field_material_05
f 520//520 522//522 521//521
f 521//521 524//524 523//523
f 525//525 520//520 523//523
usemtl field_material_17
f 526//526 529//529 528//528
f 529//529 530//530 528//528
f 531//531 532//532 530//530
f 532//532 535//535 534//534
f 534//534 537//537 536//536
f 537//537 538//538 536//536
f 539//539 540//540 538//538
f 540//540 543//543 542//542
f 542//542 543//543 544//544
usemtl field_material_05
f 545//545 548//548 547//547
f 550//550 549//549 547//547
f 549//549 546//546 545//545
f 552//552 553//553 551//551
f 554//554 555//555 553//553
f 556//556 557//557 555//555
f 558//558 559//559 557//557
f 558//558 556//556 552//552
f 560//560 561//561 559//559
f 562//562 551//551 561//561
f 557//557 559//559 561//561
usemtl field_material_07
f 564//564 565//565 563//563
f 565//565 568//568 567//567
f 567//567 570//570 569//569
f 569//569 572//572 571//571
f 572//572 573//573 571//571
f 574//574 575//575 573//573
f 576//576 577//577 575//575
f 578//578 579//579 577//577
f 579//579 580//580 581//581
usemtl field_material_05
f 583//583 582//582 586//586
f 584//584 585//585 582//582
f 587//587 586//586 585//585
f 582//582 585//585 586//586
usemtl field_material_07
f 589//589 590//590 588//588
f 591//591 592//592 590//590
f 593//593 594//594 592//592
f 594//594 597//597 596//596
f 597//597 598//598 596//596
f 599//599 600//600 598//598
f 601//601 602//602 600//600
f 603//603 604//604 602//602
f 604//604 605//605 606//606
usemtl field_material_05
f 608//608 607//607 611//611
f 610//610 609//609 607//607
f 609//609 612//612 611//611
usemtl field_material_07
f 614//614 615//615 613//613
f 615//615 618//618 617//617
f 618//618 619//619 617//617
f 619//619 622//622 621//621
f 622//622 623//623 621//621
f 623//623 626//626 625//625
f 625//625 628//628 627//627
f 628//628 629//629 627//627
f 629//629 630//630 631//631
usemtl field_material_05
f 632//632 633//633 634//634
f 633//633 635//635 634//634
f 637//637 638//638 636//636
f 639//639 640//640 638//638
f 640//640 643//643 642//642
f 643//643 644//644 642//642
f 645//645 643//643 641//641
f 644//644 647//647 646//646
f 646//646 637//637 636//636
f 644//644 646//646 638//638
usemtl field_material_07
f 649//649 650//650 648//648
f 651//651 652//652 650//650
f 652//652 655//655 654//654
f 654//654 657//657 656//656
f 656//656 659//659 658//658
f 659//659 660//660 658//658
f 661//661 662//662 660//660
f 663//663 664//664 662//662
f 664//664 665//665 666//666
usemtl field_material_05
f 668//668 667//667 671//671
f 670//670 669//669 667//667
f 668//668 672//672 670//670
f 669//669 672//672 671//671
usemtl field_material_07
f 674//674 675//675 673//673
f 676//676 677//677 675//675
f 677//677 680//680 679//679
f 680//680 681//681 679//679
f 682//682 683//683 681//681
f 684//684 685//685 683//683
f 685//685 688//688 687//687
f 688//688 689//689 687//687
f 689//689 690//690 691//691
usemtl field_material_05
f 693//693 692//692 696//696
f 693//693 694//694 692//692
f 695//695 696//696 694//694
f 692//692 694//694 696//696
usemtl field_material_07
f 699//699 700//700 698//698
f 701//701 702//702 700//700
f 703//703 704//704 702//702
f 704//704 707//707 706//706
f 707//707 708//708 706//706
f 709//709 710//710 708//708
f 710//710 713//713 712//712
f 713//713 714//714 712//712
f 714//714 715//715 716//716
usemtl field_material_05
f 720//720 719//719 717//717
f 722//722 721//721 719//719
f 721//721 718//718 717//717
f 724//724 725//725 723//723
f 726//726 727//727 725//725
f 728//728 729//729 727//727
f 730//730 731//731 729//729
f 730//730 728//728 724//724
f 732//732 733//733 731//731
f 734//734 723//723 733//733
f 725//725 729//729 733//733
usemtl field_material_03
f 735//735 736//736 737//737
f 735//735 737//737 738//738
f 735//735 738//738 739//739
f 735//735 739//739 740//740
f 735//735 740//740 741//741
f 735//735 741//741 736//736
f 736//736 742//742 737//737
f 744//744 738//738 737//737
f 738//738 747//747 739//739
f 748//748 740//740 739//739
f 749//749 741//741 740//740
f 750//750 736//736 741//741
f 753//753 748//748 747//747
f 754//754 749//749 748//748
f 751//751 758//758 752//752
f 752//752 759//759 742//742
f 742//742 760//760 743//743
f 760//760 744//744 743//743
f 761//761 745//745 744//744
f 762//762 746//746 745//745
f 746//746 765//765 753//753
f 766//766 754//754 753//753
f 754//754 768//768 749//749
f 768//768 755//755 749//749
f 769//769 750//750 755//755
f 756//756 751//751 750//750
f 770//770 757//757 756//756
f 771//771 758//758 757//757
f 773//773 761//761 760//760
f 774//774 762//762 761//761
f 762//762 775//775 763//763
f 776//776 764//764 763//763
f 778//778 766//766 765//765
f 779//779 769//769 768//768
f 769//769 780//780 756//756
f 771//771 782//782 758//758
f 782//782 759//759 758//758
f 783//783 772//772 759//759
f 784//784 774//774 773//773
f 774//774 785//785 762//762
f 785//785 775//775 762//762
f 776//776 777//777 764//764
f 778//778 786//786 766//766
f 786//786 767//767 766//766
f 779//779 788//788 769//769
f 788//788 780//780 769//769
f 780//780 781//781 770//770
f 791//791 785//785 774//774
f 777//777 794//794 778//778
f 796//796 779//779 787//787
f 780//780 789//789 781//781
f 789//789 799//799 781//781
f 799//799 771//771 781//781
f 800//800 790//790 771//771
f 801//801 783//783 782//782
f 783//783 803//803 772//772
f 772//772 804//804 784//784
f 805//805 791//791 784//784
f 791//791 806//806 785//785
f 792//792 807//807 776//776
f 776//776 808//808 777//777
f 808//808 793//793 777//777
f 794//794 809//809 786//786
f 809//809 795//795 786//786
f 810//810 796//796 787//787
f 796//796 811//811 779//779
f 811//811 797//797 779//779
f 797//797 812//812 788//788
f 812//812 798//798 788//788
f 813//813 799//799 789//789
f 816//816 808//808 807//807
f 819//819 812//812 797//797
f 820//820 789//789 798//798
f 821//821 814//814 799//799
f 822//822 803//803 802//802
f 806//806 824//824 792//792
f 816//816 825//825 808//808
f 825//825 817//817 808//808
f 826//826 809//809 794//794
f 831//831 810//810 795//795
f 827//827 801//801 790//790
f 827//827 822//822 801//801
f 822//822 828//828 803//803
f 828//828 815//815 803//803
f 829//829 806//806 791//791
f 829//829 824//824 806//806
f 826//826 830//830 809//809
f 830//830 831//831 809//809
f 831//831 818//818 810//810
f 818//818 832//832 811//811
f 819//819 833//833 812//812
f 833//833 820//820 812//812
f 834//834 821//821 813//813
f 821//821 835//835 814//814
f 835//835 827//827 814//814
f 835//835 822//822 827//827
f 822//822 836//836 828//828
f 828//828 837//837 815//815
f 837//837 823//823 815//815
f 823//823 837//837 829//829
f 829//829 838//838 824//824
f 824//824 838//838 816//816
f 838//838 825//825 816//816
f 839//839 817//817 825//825
f 839//839 826//826 817//817
f 840//840 830//830 826//826
f 830//830 841//841 831//831
f 841//841 818//818 831//831
f 842//842 832//832 818//818
f 832//832 843//843 819//819
f 843//843 833//833 819//819
f 833//833 834//834 820//820
f 834//834 813//813 820//820
f 834//834 844//844 835//835
f 835//835 844//844 836//836
f 836//836 844//844 837//837
f 837//837 844//844 838//838
f 838//838 844//844 839//839
f 839//839 844//844 840//840
f 840//840 844//844 841//841
f 841//841 844//844 842//842
f 842//842 844//844 843//843
f 843//843 844//844 834//834
usemtl field_material_05
f 846//846 845//845 847//847
f 846//846 849//849 855//855
f 856//856 848//848 850//850
f 848//848 849//849 850//850
f 847//847 845//845 852//852
f 849//849 852//852 851//851
f 851//851 854//854 850//850
f 856//856 850//850 854//854
f 852//852 853//853 851//851
f 854//854 853//853 856//856
f 853//853 846//846 855//855
f 855//855 848//848 856//856
f 858//858 857//857 860//860
f 869//869 859//859 862//862
f 860//860 863//863 861//861
f 859//859 863//863 862//862
f 860//860 857//857 864//864
f 869//869 862//862 866//866
f 863//863 864//864 865//865
f 863//863 866//866 862//862
f 866//866 867//867 869//869
f 857//857 867//867 865//865
f 867//867 859//859 869//869
f 868//868 857//857 858//858
f 867//867 858//858 861//861
f 871//871 874//874 882//882
f 872//872 874//874 873//873
f 874//874 870//870 875//875
f 874//874 876//876 873//873
f 875//875 877//877 878//878
f 873//873 876//876 880//880
f 876//876 878//878 880//880
f 877//877 870//870 881//881
f 877//877 879//879 878//878
f 879//879 872//872 880//880
f 873//873 880//880 872//872
f 879//879 881//881 882//882
f 881//881 870//870 871//871
f 884//884 883//883 886//886
f 890//890 885//885 887//887
f 884//884 888//888 896//896
f 885//885 888//888 887//887
f 888//888 883//883 889//889
f 888//888 890//890 887//887
f 889//889 892//892 891//891
f 889//889 893//893 890//890
f 893//893 894//894 897//897
f 892//892 883//883 895//895
f 890//890 893//893 897//897
f 892//892 894//894 891//891
f 894//894 895//895 896//896
f 896//896 885//885 897//897
f 895//895 883//883 884//884
f 890//890 897//897 885//885
f 908//908 900//900 902//902
f 899//899 903//903 909//909
f 900//900 903//903 902//902
f 899//899 898//898 901//901
f 908//908 902//902 905//905
f 903//903 904//904 906//906
f 903//903 905//905 902//902
f 901//901 898//898 904//904
f 904//904 907//907 906//906
f 905//905 907//907 908//908
f 907//907 900//900 908//908
f 907//907 899//899 909//909
f 911//911 912//912 910//910
f 914//914 913//913 912//912
f 913//913 916//916 915//915
f 917//917 916//916 914//914
f 917//917 918//918 915//915
f 919//919 910//910 918//918
usemtl field_material_03
f 920//920 921//921 922//922
f 920//920 922//922 923//923
f 920//920 923//923 924//924
f 920//920 924//924 925//925
f 920//920 925//925 926//926
f 920//920 926//926 927//927
f 920//920 927//927 921//921
f 928//928 922//922 921//921
f 930//930 923//923 922//922
f 924//924 932//932 925//925
f 933//933 926//926 925//925
f 926//926 934//934 927//927
f 927//927 936//936 921//921
f 937//937 924//924 931//931
f 933//933 938//938 926//926
f 941//941 929//929 928//928
f 942//942 930//930 929//929
f 943//943 931//931 930//930
f 937//937 944//944 945//945
f 932//932 947//947 933//933
f 948//948 934//934 938//938
f 948//948 935//935 934//934
f 949//949 939//939 935//935
f 939//939 951//951 940//940
f 941//941 953//953 942//942
f 954//954 943//943 942//942
f 937//937 955//955 944//944
f 964//964 945//945 944//944
f 947//947 956//956 938//938
f 938//938 958//958 948//948
f 959//959 949//949 948//948
f 949//949 960//960 950//950
f 961//961 951//951 950//950
f 962//962 954//954 953//953
f 963//963 955//955 943//943
f 945//945 965//965 946//946
f 946//946 956//956 947//947
f 959//959 966//966 949//949
f 966//966 960//960 949//949
f 961//961 967//967 951//951
f 951//951 952//952 940//940
f 971//971 956//956 965//965
f 957//957 973//973 958//958
f 959//959 974//974 966//966
f 975//975 961//961 960//960
f 962//962 979//979 954//954
f 979//979 963//963 954//954
f 981//981 969//969 963//963
f 969//969 982//982 955//955
f 982//982 970//970 955//955
f 970//970 983//983 964//964
f 983//983 965//965 964//964
f 984//984 971//971 965//965
f 971//971 985//985 956//956
f 985//985 972//972 956//956
f 972//972 986//986 957//957
f 986//986 973//973 957//957
f 973//973 987//987 959//959
f 987//987 974//974 959//959
f 974//974 988//988 966//966
f 988//988 975//975 966//966
f 975//975 989//989 961//961
f 989//989 976//976 961//961
f 976//976 990//990 967//967
f 990//990 952//952 967//967
f 991//991 968//968 952//952
f 992//992 980//980 979//979
f 993//993 982//982 969//969
f 994//994 984//984 983//983
f 996//996 987//987 973//973
f 997//997 988//988 974//974
f 998//998 989//989 975//975
f 999//999 990//990 976//976
f 992//992 1009//1009 980//980
f 1000//1000 970//970 982//982
f 997//997 1004//1004 988//988
f 1004//1004 998//998 988//988
f 990//990 1006//1006 991//991
f 991//991 1007//1007 968//968
f 977//977 1008//1008 978//978
f 1008//1008 992//992 978//978
f 1009//1009 993//993 981//981
f 1010//1010 985//985 971//971
f 1011//1011 1008//1008 1007//1007
f 1008//1008 1012//1012 992//992
f 992//992 1013//1013 1009//1009
f 1013//1013 993//993 1009//1009
f 993//993 1014//1014 1000//1000
f 1014//1014 994//994 1000//1000
f 1015//1015 1001//1001 994//994
f 1001//1001 1016//1016 1010//1010
f 1016//1016 995//995 1010//1010
f 1017//1017 1002//1002 995//995
f 1002//1002 1017//1017 996//996
f 996//996 1017//1017 1003//1003
f 1003//1003 1018//1018 997//997
f 1018//1018 1004//1004 997//997
f 1004//1004 1018//1018 998//998
f 1018//1018 1005//1005 998//998
f 1019//1019 999//999 1005//1005
f 1019//1019 1006//1006 999//999
f 1006//1006 1011//1011 1007//1007
f 1011//1011 1020//1020 1012//1012
f 1012//1012 1020//1020 1013//1013
f 1013//1013 1020//1020 1014//1014
f 1014//1014 1020//1020 1015//1015
f 1015//1015 1020//1020 1016//1016
f 1016//1016 1020//1020 1017//1017
f 1017//1017 1020//1020 1018//1018
f 1018//1018 1020//1020 1019//1019
f 1019//1019 1020//1020 1011//1011
usemtl field_material_05
f 1032//1032 1022//1022 1025//1025
f 1023//1023 1026//1026 1024//1024
f 1022//1022 1026//1026 1025//1025
f 1032//1032 1025//1025 1029//1029
f 1026//1026 1028//1028 1027//1027
f 1026//1026 1029//1029 1025//1025
f 1029//1029 1030//1030 1032//1032
f 1028//1028 1021//1021 1031//1031
f 1028//1028 1030//1030 1027//1027
f 1030//1030 1022//1022 1032//1032
f 1031//1031 1021//1021 1023//1023
f 1030//1030 1023//1023 1024//1024
f 1042//1042 1035//1035 1036//1036
f 1034//1034 1037//1037 1044//1044
f 1035//1035 1037//1037 1036//1036
f 1042//1042 1036//1036 1038//1038
f 1037//1037 1033//1033 1039//1039
f 1037//1037 1038//1038 1036//1036
f 1040//1040 1041//1041 1039//1039
f 1038//1038 1041//1041 1042//1042
f 1042//1042 1041//1041 1045//1045
f 1040//1040 1033//1033 1043//1043
f 1041//1041 1043//1043 1044//1044
f 1044//1044 1035//1035 1045//1045
f 1043//1043 1033//1033 1034//1034
f 1042//1042 1045//1045 1035//1035
f 1048//1048 1049//1049 1050//1050
f 1046//1046 1051//1051 1049//1049
f 1051//1051 1052//1052 1054//1054
f 1051//1051 1053//1053 1050//1050
f 1050//1050 1053//1053 1055//1055
f 1052//1052 1057//1057 1054//1054
f 1053//1053 1057//1057 1055//1055
f 1052//1052 1046//1046 1056//1056
f 1057//1057 1048//1048 1055//1055
f 1056//1056 1046//1046 1047//1047
f 1050//1050 1055//1055 1048//1048
f 1057//1057 1047//1047 1058//1058
f 1058//1058 1047//1047 1049//1049
f 1060//1060 1063//1063 1071//1071
f 1061//1061 1063//1063 1064//1064
f 1060//1060 1059//1059 1062//1062
f 1072//1072 1061//1061 1064//1064
f 1063//1063 1062//1062 1066//1066
f 1072//1072 1064//1064 1067//1067
f 1066//1066 1067//1067 1064//1064
f 1062//1062 1059//1059 1065//1065
f 1072//1072 1067//1067 1069//1069
f 1065//1065 1070//1070 1066//1066
f 1067//1067 1070//1070 1069//1069
f 1065//1065 1059//1059 1068//1068
f 1070//1070 1059//1059 1071//1071
f 1070//1070 1072//1072 1069//1069
f 1071//1071 1061//1061 1072//1072
f 1084//1084 1086//1086 1078//1078
f 1074//1074 1076//1076 1075//1075
f 1086//1086 1076//1076 1078//1078
f 1076//1076 1077//1077 1079//1079
f 1076//1076 1080//1080 1078//1078
f 1084//1084 1078//1078 1080//1080
f 1079//1079 1081//1081 1083//1083
f 1077//1077 1073//1073 1081//1081
f 1080//1080 1083//1083 1084//1084
f 1081//1081 1073//1073 1082//1082
f 1082//1082 1085//1085 1083//1083
f 1085//1085 1074//1074 1075//1075
f 1085//1085 1086//1086 1084//1084
f 1082//1082 1073//1073 1074//1074
f 1087//1087 1090//1090 1089//1089
f 1089//1089 1092//1092 1091//1091
f 1091//1091 1094//1094 1093//1093
f 1093//1093 1096//1096 1095//1095
f 1094//1094 1092//1092 1088//1088
f 1088//1088 1087//1087 1095//1095
f 1089//1089 1093//1093 1095//1095
usemtl field_material_03
f 1097//1097 1098//1098 1103//1103
f 1097//1097 1103//1103 1099//1099
f 1097//1097 1099//1099 1100//1100
f 1097//1097 1100//1100 1101//1101
f 1097//1097 1101//1101 1102//1102
f 1097//1097 1102//1102 1098//1098
f 1103//1103 1104//1104 1099//1099
f 1099//1099 1106//1106 1100//1100
f 1108//1108 1101//1101 1100//1100
f 1109//1109 1102//1102 1101//1101
f 1111//1111 1098//1098 1102//1102
f 1112//1112 1103//1103 1098//1098
f 1108//1108 1116//1116 1109//1109
f 1109//1109 1117//1117 1110//1110
f 1118//1118 1112//1112 1111//1111
f 1120//1120 1104//1104 1112//1112
f 1120//1120 1113//1113 1104//1104
f 1113//1113 1121//1121 1105//1105
f 1105//1105 1123//1123 1106//1106
f 1123//1123 1114//1114 1106//1106
f 1114//1114 1124//1124 1107//1107
f 1124//1124 1115//1115 1107//1107
f 1125//1125 1117//1117 1116//1116
f 1117//1117 1126//1126 1110//1110
f 1126//1126 1111//1111 1110//1110
f 1119//1119 1129//1129 1120//1120
f 1132//1132 1122//1122 1121//1121
f 1122//1122 1133//1133 1123//1123
f 1140//1140 1114//1114 1123//1123
f 1124//1124 1135//1135 1115//1115
f 1141//1141 1125//1125 1115//1115
f 1137//1137 1117//1117 1125//1125
f 1127//1127 1128//1128 1118//1118
f 1128//1128 1139//1139 1119//1119
f 1130//1130 1131//1131 1113//1113
f 1132//1132 1133//1133 1122//1122
f 1140//1140 1134//1134 1114//1114
f 1141//1141 1136//1136 1125//1125
f 1137//1137 1142//1142 1117//1117
f 1142//1142 1126//1126 1117//1117
f 1126//1126 1143//1143 1127//1127
f 1143//1143 1138//1138 1127//1127
f 1133//1133 1147//1147 1140//1140
f 1151//1151 1139//1139 1128//1128
f 1153//1153 1144//1144 1139//1139
f 1130//1130 1155//1155 1131//1131
f 1156//1156 1145//1145 1131//1131
f 1157//1157 1146//1146 1133//1133
f 1147//1147 1158//1158 1140//1140
f 1140//1140 1159//1159 1134//1134
f 1159//1159 1135//1135 1134//1134
f 1161//1161 1148//1148 1135//1135
f 1149//1149 1162//1162 1136//1136
f 1136//1136 1163//1163 1137//1137
f 1163//1163 1150//1150 1137//1137
f 1150//1150 1164//1164 1142//1142
f 1142//1142 1165//1165 1143//1143
f 1143//1143 1167//1167 1138//1138
f 1138//1138 1151//1151 1128//1128
f 1170//1170 1158//1158 1147//1147
f 1171//1171 1149//1149 1148//1148
f 1173//1173 1150//1150 1163//1163
f 1174//1174 1152//1152 1151//1151
f 1175//1175 1153//1153 1152//1152
f 1168//1168 1176//1176 1154//1154
f 1158//1158 1177//1177 1159//1159
f 1177//1177 1160//1160 1159//1159
f 1182//1182 1161//1161 1160//1160
f 1172//1172 1178//1178 1162//1162
f 1178//1178 1173//1173 1162//1162
f 1179//1179 1164//1164 1150//1150
f 1184//1184 1167//1167 1166//1166
f 1167//1167 1174//1174 1151//1151
f 1180//1180 1156//1156 1155//1155
f 1169//1169 1181//1181 1157//1157
f 1181//1181 1146//1146 1157//1157
f 1181//1181 1170//1170 1146//1146
f 1182//1182 1171//1171 1161//1161
f 1183//1183 1165//1165 1164//1164
f 1183//1183 1184//1184 1165//1165
f 1184//1184 1174//1174 1167//1167
f 1174//1174 1186//1186 1175//1175
f 1186//1186 1168//1168 1175//1175
f 1168//1168 1187//1187 1176//1176
f 1176//1176 1187//1187 1180//1180
f 1180//1180 1188//1188 1169//1169
f 1188//1188 1181//1181 1169//1169
f 1189//1189 1170//1170 1181//1181
f 1170//1170 1189//1189 1177//1177
f 1177//1177 1190//1190 1182//1182
f 1191//1191 1171//1171 1182//1182
f 1171//1171 1191//1191 1172//1172
f 1172//1172 1192//1192 1178//1178
f 1178//1178 1192//1192 1173//1173
f 1173//1173 1192//1192 1179//1179
f 1192//1192 1183//1183 1179//1179
f 1183//1183 1193//1193 1184//1184
f 1184//1184 1185//1185 1174//1174
f 1185//1185 1194//1194 1186//1186
f 1186//1186 1194//1194 1187//1187
f 1187//1187 1194//1194 1188//1188
f 1188//1188 1194//1194 1189//1189
f 1189//1189 1194//1194 1190//1190
f 1190//1190 1194//1194 1191//1191
f 1191//1191 1194//1194 1192//1192
f 1192//1192 1194//1194 1193//1193
f 1193//1193 1194//1194 1185//1185
usemtl field_material_05
f 1198//1198 1199//1199 1202//1202
f 1197//1197 1195//1195 1200//1200
f 1206//1206 1198//1198 1202//1202
f 1197//1197 1199//1199 1196//1196
f 1200//1200 1195//1195 1203//1203
f 1199//1199 1203//1203 1201//1201
f 1202//1202 1201//1201 1204//1204
f 1206//1206 1202//1202 1204//1204
f 1203//1203 1205//1205 1201//1201
f 1205//1205 1206//1206 1204//1204
f 1205//1205 1197//1197 1196//1196
f 1205//1205 1198//1198 1206//1206
f 1209//1209 1211//1211 1210//1210
f 1216//1216 1209//1209 1210//1210
f 1218//1218 1211//1211 1208//1208
f 1211//1211 1214//1214 1210//1210
f 1216//1216 1210//1210 1214//1214
f 1211//1211 1213//1213 1212//1212
f 1214//1214 1215//1215 1216//1216
f 1213//1213 1207//1207 1217//1217
f 1213//1213 1215//1215 1212//1212
f 1216//1216 1215//1215 1209//1209
f 1217//1217 1207//1207 1218//1218
f 1215//1215 1218//1218 1208//1208
f 1220//1220 1222//1222 1229//1229
f 1221//1221 1222//1222 1223//1223
f 1222//1222 1219//1219 1224//1224
f 1224//1224 1227//1227 1223//1223
f 1225//1225 1226//1226 1224//1224
f 1227//1227 1226//1226 1230//1230
f 1225//1225 1219//1219 1228//1228
f 1223//1223 1227//1227 1230//1230
f 1226//1226 1228//1228 1229//1229
f 1229//1229 1221//1221 1230//1230
f 1228//1228 1219//1219 1220//1220
f 1223//1223 1230//1230 1221//1221
f 1232//1232 1234//1234 1235//1235
f 1233//1233 1237//1237 1234//1234
f 1233//1233 1231//1231 1236//1236
f 1237//1237 1236//1236 1239//1239
f 1237//1237 1238//1238 1235//1235
f 1236//1236 1231//1231 1240//1240
f 1238//1238 1241//1241 1242//1242
f 1235//1235 1238//1238 1242//1242
f 1240//1240 1241//1241 1239//1239
f 1241//1241 1232//1232 1242//1242
f 1235//1235 1242//1242 1232//1232
f 1241//1241 1231//1231 1243//1243
f 1243//1243 1233//1233 1234//1234
f 1245//1245 1247//1247 1254//1254
f 1255//1255 1246//1246 1248//1248
f 1246//1246 1247//1247 1248//1248
f 1247//1247 1249//1249 1250//1250
f 1255//1255 1248//1248 1251//1251
f 1250//1250 1251//1251 1248//1248
f 1249//1249 1244//1244 1253//1253
f 1249//1249 1252//1252 1250//1250
f 1251//1251 1252//1252 1255//1255
f 1253//1253 1244//1244 1245//1245
f 1252//1252 1245//1245 1254//1254
f 1254//1254 1246//1246 1255//1255
f 5//5 4//4 9//9
f 2//2 7//7 8//8
f 3//3 8//8 9//9
f 9//9 13//13 14//14
f 7//7 11//11 12//12
f 8//8 12//12 13//13
f 14//14 13//13 17//17
f 11//11 15//15 16//16
f 12//12 16//16 17//17
f 17//17 21//21 22//22
f 15//15 19//19 20//20
f 16//16 20//20 21//21
f 22//22 21//21 25//25
f 19//19 23//23 24//24
f 20//20 24//24 25//25
f 25//25 29//29 30//30
f 23//23 27//27 28//28
f 24//24 28//28 29//29
f 30//30 29//29 33//33
f 27//27 31//31 32//32
f 28//28 32//32 33//33
f 33//33 4//4 5//5
f 31//31 2//2 3//3
f 32//32 3//3 4//4
f 36//36 38//38 37//37
f 37//37 38//38 40//40
f 40//40 42//42 41//41
f 41//41 42//42 44//44
f 40//40 38//38 36//36
f 36//36 46//46 40//40
f 46//46 44//44 40//40
f 44//44 46//46 45//45
f 46//46 36//36 35//35
f 45//45 35//35 37//37
f 37//37 39//39 41//41
f 41//41 43//43 37//37
usemtl field_material_17
f 47//47 48//48 50//50
f 49//49 50//50 52//52
f 51//51 52//52 54//54
f 54//54 56//56 55//55
f 56//56 58//58 57//57
f 58//58 60//60 59//59
f 59//59 60//60 62//62
f 62//62 64//64 63//63
f 64//64 65//65 63//63
usemtl field_material_05
f 67//67 68//68 69//69
f 69//69 71//71 70//70
f 71//71 68//68 66//66
f 66//66 67//67 70//70
usemtl field_material_17
f 73//73 75//75 74//74
f 75//75 77//77 76//76
f 76//76 77//77 79//79
f 79//79 81//81 80//80
f 81//81 83//83 82//82
f 83//83 85//85 84//84
f 85//85 87//87 86//86
f 87//87 89//89 88//88
usemtl field_material_05
f 91//91 92//92 94//94
f 94//94 92//92 93//93
usemtl field_material_17
f 95//95 96//96 98//98
f 98//98 100//100 99//99
f 100//100 102//102 101//101
f 102//102 104//104 103//103
f 104//104 106//106 105//105
f 106//106 108//108 107//107
f 107//107 108//108 110//110
f 110//110 112//112 111//111
usemtl field_material_05
f 115//115 117//117 114//114
f 115//115 119//119 117//117
f 116//116 117//117 119//119
f 119//119 115//115 118//118
f 118//118 114//114 116//116
f 121//121 123//123 122//122
f 122//122 123//123 125//125
f 124//124 125//125 127//127
f 126//126 127//127 129//129
f 125//125 123//123 129//129
f 123//123 121//121 129//129
f 121//121 131//131 129//129
f 129//129 131//131 130//130
f 130//130 131//131 121//121
f 130//130 120//120 122//122
f 122//122 124//124 126//126
f 126//126 128//128 122//122
usemtl field_material_17
f 132//132 133//133 135//135
f 134//134 135//135 137//137
f 137//137 139//139 138//138
f 138//138 139//139 141//141
f 141//141 143//143 142//142
f 143//143 145//145 144//144
f 144//144 145//145 147//147
f 147//147 149//149 148//148
f 149//149 150//150 148//148
usemtl field_material_05
f 152//152 154//154 153//153
f 152//152 156//156 154//154
f 154//154 156//156 155//155
f 156//156 152//152 155//155
usemtl field_material_17
f 158//158 160//160 159//159
f 159//159 160//160 162//162
f 162//162 164//164 163//163
f 164//164 166//166 165//165
f 166//166 168//168 167//167
f 168//168 170//170 169//169
f 170//170 172//172 171//171
f 172//172 174//174 173//173
f 174//174 175//175 173//173
usemtl field_material_05
f 176//176 177//177 179//179
f 179//179 181//181 178//178
f 179//179 177//177 181//181
f 181//181 177//177 180//180
f 176//176 178//178 180//180
usemtl field_material_17
f 183//183 185//185 184//184
f 185//185 187//187 186//186
f 187//187 189//189 188//188
f 189//189 191//191 190//190
f 191//191 193//193 192//192
f 193//193 195//195 194//194
f 194//194 195//195 197//197
f 196//196 197//197 199//199
f 199//199 200//200 198//198
usemtl field_material_05
f 201//201 202//202 203//203
f 203//203 206//206 204//204
f 202//202 206//206 203//203
f 206//206 202//202 205//205
f 208//208 210//210 209//209
f 209//209 210//210 212//212
f 211//211 212//212 214//214
f 213//213 214//214 216//216
f 212//212 210//210 208//208
f 208//208 218//218 216//216
f 216//216 214//214 208//208
f 216//216 218//218 217//217
f 218//218 208//208 207//207
f 217//217 207//207 213//213
f 207//207 209//209 213//213
f 209//209 211//211 213//213
usemtl field_material_07
f 220//220 222//222 221//221
f 221//221 222//222 224//224
f 224//224 226//226 225//225
f 225//225 226//226 228//228
f 227//227 228//228 230//230
f 229//229 230//230 232//232
f 232//232 234//234 233//233
f 234//234 236//236 235//235
f 236//236 237//237 235//235
usemtl field_material_05
f 239//239 241//241 238//238
f 240//240 241//241 243//243
f 243//243 239//239 242//242
f 238//238 240//240 242//242
usemtl field_material_07
f 245//245 247//247 246//246
f 246//246 247//247 249//249
f 248//248 249//249 251//251
f 251//251 253//253 252//252
f 253//253 255//255 254//254
f 255//255 257//257 256//256
f 257//257 259//259 258//258
f 259//259 261//261 260//260
f 261//261 262//262 260//260
usemtl field_material_05
f 264//264 266//266 263//263
f 265//265 266//266 268//268
f 268//268 264//264 267//267
usemtl field_material_07
f 270//270 272//272 271//271
f 271//271 272//272 274//274
f 273//273 274//274 276//276
f 276//276 278//278 277//277
f 278//278 280//280 279//279
f 279//279 280//280 282//282
f 282//282 284//284 283//283
f 284//284 286//286 285//285
usemtl field_material_05
f 288//288 289//289 291//291
f 291//291 293//293 290//290
f 293//293 289//289 292//292
f 292//292 288//288 290//290
f 294//294 295//295 297//297
f 296//296 297//297 299//299
f 299//299 301//301 300//300
f 300//300 301//301 303//303
f 299//299 297//297 295//295
f 295//295 305//305 303//303
f 303//303 301//301 295//295
f 302//302 303//303 305//305
f 305//305 295//295 294//294
f 304//304 294//294 296//296
f 296//296 298//298 300//300
f 300//300 302//302 296//296
usemtl field_material_23
f 307//307 309//309 308//308
f 308//308 309//309 311//311
f 310//310 311//311 313//313
f 313//313 315//315 314//314
f 315//315 317//317 316//316
f 316//316 317//317 319//319
f 319//319 321//321 320//320
f 321//321 323//323 322//322
usemtl field_material_05
f 326//326 327//327 325//325
f 327//327 329//329 328//328
f 328//328 329//329 326//326
usemtl field_material_23
f 331//331 333//333 332//332
f 332//332 333//333 335//335
f 334//334 335//335 337//337
f 337//337 339//339 338//338
f 338//338 339//339 341//341
f 341//341 343//343 342//342
f 343//343 345//345 344//344
f 344//344 345//345 347//347
f 347//347 348//348 346//346
usemtl field_material_05
f 350//350 353//353 351//351
f 352//352 353//353 350//350
f 352//352 349//349 351//351
usemtl field_material_23
f 355//355 357//357 356//356
f 356//356 357//357 359//359
f 359//359 361//361 360//360
f 361//361 363//363 362//362
f 362//362 363//363 365//365
f 365//365 367//367 366//366
f 367//367 369//369 368//368
f 369//369 371//371 370//370
f 371//371 372//372 370//370
usemtl field_material_05
f 373//373 374//374 376//376
f 376//376 374//374 377//377
f 377//377 373//373 375//375
f 379//379 381//381 380//380
f 381//381 383//383 382//382
f 382//382 383//383 385//385
f 384//384 385//385 387//387
f 383//383 381//381 379//379
f 379//379 389//389 383//383
f 389//389 387//387 383//383
f 386//386 387//387 389//389
f 389//389 379//379 378//378
f 388//388 378//378 380//380
f 380//380 382//382 384//384
f 384//384 386//386 380//380
usemtl field_material_23
f 391//391 393//393 392//392
f 393//393 395//395 394//394
f 395//395 397//397 396//396
f 397//397 399//399 398//398
f 398//398 399//399 401//401
f 400//400 401//401 403//403
f 403//403 405//405 404//404
f 404//404 405//405 407//407
usemtl field_material_05
f 409//409 410//410 411//411
f 411//411 413//413 412//412
f 410//410 413//413 411//411
f 412//412 413//413 410//410
usemtl field_material_23
f 415//415 417//417 416//416
f 416//416 417//417 419//419
f 418//418 419//419 421//421
f 421//421 423//423 422//422
f 422//422 423//423 425//425
f 424//424 425//425 427//427
f 427//427 429//429 428//428
f 428//428 429//429 431//431
f 431//431 432//432 430//430
usemtl field_material_05
f 433//433 434//434 436//436
f 436//436 438//438 435//435
f 436//436 434//434 438//438
f 437//437 438//438 434//434
f 433//433 435//435 437//437
usemtl field_material_23
f 439//439 440//440 442//442
f 441//441 442//442 444//444
f 444//444 446//446 445//445
f 446//446 448//448 447//447
f 447//447 448//448 450//450
f 450//450 452//452 451//451
f 451//451 452//452 454//454
f 453//453 454//454 456//456
f 456//456 457//457 455//455
usemtl field_material_05
f 459//459 461//461 460//460
f 461//461 463//463 460//460
f 459//459 463//463 461//461
f 463//463 459//459 462//462
f 462//462 458//458 460//460
f 465//465 467//467 466//466
f 466//466 467//467 469//469
f 468//468 469//469 471//471
f 471//471 473//473 472//472
f 469//469 467//467 465//465
f 465//465 475//475 473//473
f 473//473 471//471 465//465
f 473//473 475//475 474//474
f 474//474 475//475 465//465
f 474//474 464//464 466//466
f 466//466 468//468 470//470
f 470//470 472//472 474//474
usemtl field_material_17
f 477//477 479//479 478//478
f 479//479 481//481 480//480
f 481//481 483//483 482//482
f 483//483 485//485 484//484
f 484//484 485//485 487//487
f 486//486 487//487 489//489
f 489//489 491//491 490//490
f 490//490 491//491 493//493
usemtl field_material_05
f 495//495 496//496 498//498
f 498//498 500//500 497//497
f 498//498 496//496 500//500
f 500//500 496//496 499//499
f 499//499 495//495 497//497
usemtl field_material_17
f 502//502 504//504 503//503
f 504//504 506//506 505//505
f 506//506 508//508 507//507
f 508//508 510//510 509//509
f 509//509 510//510 512//512
f 512//512 514//514 513//513
f 514//514 516//516 515//515
f 516//516 518//518 517//517
usemtl field_material_05
f 522//522 524//524 521//521
f 522//522 525//525 524//524
f 523//523 524//524 525//525
f 525//525 522//522 520//520
f 523//523 520//520 521//521
usemtl field_material_17
f 526//526 527//527 529//529
f 529//529 531//531 530//530
f 531//531 533//533 532//532
f 532//532 533//533 535//535
f 534//534 535//535 537//537
f 537//537 539//539 538//538
f 539//539 541//541 540//540
f 540//540 541//541 543//543
usemtl field_material_05
f 545//545 546//546 548//548
f 548//548 550//550 547//547
f 548//548 546//546 550//550
f 549//549 550//550 546//546
f 545//545 547//547 549//549
f 552//552 554//554 553//553
f 554//554 556//556 555//555
f 556//556 558//558 557//557
f 558//558 560//560 559//559
f 556//556 554//554 552//552
f 552//552 562//562 560//560
f 560//560 558//558 552//552
f 560//560 562//562 561//561
f 562//562 552//552 551//551
f 561//561 551//551 557//557
f 551//551 553//553 557//557
f 553//553 555//555 557//557
usemtl field_material_07
f 564//564 566//566 565//565
f 565//565 566//566 568//568
f 567//567 568//568 570//570
f 569//569 570//570 572//572
f 572//572 574//574 573//573
f 574//574 576//576 575//575
f 576//576 578//578 577//577
f 578//578 580//580 579//579
usemtl field_material_05
f 583//583 584//584 582//582
f 584//584 587//587 585//585
f 584//584 583//583 587//587
f 587//587 583//583 586//586
usemtl field_material_07
f 589//589 591//591 590//590
f 591//591 593//593 592//592
f 593//593 595//595 594//594
f 594//594 595//595 597//597
f 597//597 599//599 598//598
f 599//599 601//601 600//600
f 601//601 603//603 602//602
f 603//603 605//605 604//604
usemtl field_material_05
f 607//607 608//608 610//610
f 608//608 612//612 610//610
f 609//609 610//610 612//612
f 612//612 608//608 611//611
f 611//611 607//607 609//609
usemtl field_material_07
f 614//614 616//616 615//615
f 615//615 616//616 618//618
f 618//618 620//620 619//619
f 619//619 620//620 622//622
f 622//622 624//624 623//623
f 623//623 624//624 626//626
f 625//625 626//626 628//628
f 628//628 630//630 629//629
usemtl field_material_05
f 633//633 632//632 635//635
f 635//635 632//632 634//634
f 637//637 639//639 638//638
f 639//639 641//641 640//640
f 640//640 641//641 643//643
f 643//643 645//645 644//644
f 641//641 639//639 637//637
f 637//637 647//647 641//641
f 647//647 645//645 641//641
f 644//644 645//645 647//647
f 646//646 647//647 637//637
f 646//646 636//636 638//638
f 638//638 640//640 642//642
f 642//642 644//644 638//638
usemtl field_material_07
f 649//649 651//651 650//650
f 651//651 653//653 652//652
f 652//652 653//653 655//655
f 654//654 655//655 657//657
f 656//656 657//657 659//659
f 659//659 661//661 660//660
f 661//661 663//663 662//662
f 663//663 665//665 664//664
usemtl field_material_05
f 668//668 670//670 667//667
f 669//669 670//670 672//672
f 672//672 668//668 671//671
f 671//671 667//667 669//669
usemtl field_material_07
f 674//674 676//676 675//675
f 676//676 678//678 677//677
f 677//677 678//678 680//680
f 680//680 682//682 681//681
f 682//682 684//684 683//683
f 684//684 686//686 685//685
f 685//685 686//686 688//688
f 688//688 690//690 689//689
usemtl field_material_05
f 693//693 695//695 694//694
f 693//693 697//697 695//695
f 695//695 697//697 696//696
f 697//697 693//693 696//696
usemtl field_material_07
f 699//699 701//701 700//700
f 701//701 703//703 702//702
f 703//703 705//705 704//704
f 704//704 705//705 707//707
f 707//707 709//709 708//708
f 709//709 711//711 710//710
f 710//710 711//711 713//713
f 713//713 715//715 714//714
usemtl field_material_05
f 718//718 720//720 717//717
f 720//720 722//722 719//719
f 718//718 722//722 720//720
f 721//721 722//722 718//718
f 721//721 717//717 719//719
f 724//724 726//726 725//725
f 726//726 728//728 727//727
f 728//728 730//730 729//729
f 730//730 732//732 731//731
f 728//728 726//726 724//724
f 724//724 734//734 732//732
f 732//732 730//730 724//724
f 732//732 734//734 733//733
f 734//734 724//724 723//723
f 733//733 723//723 725//725
f 725//725 727//727 729//729
f 729//729 731//731 733//733
usemtl field_material_03
f 751//751 752//752 736//736
f 736//736 752//752 742//742
f 737//737 742//742 743//743
f 737//737 743//743 744//744
f 738//738 744//744 745//745
f 738//738 745//745 746//746
f 738//738 746//746 747//747
f 747//747 748//748 739//739
f 740//740 748//748 749//749
f 749//749 755//755 741//741
f 755//755 750//750 741//741
f 750//750 751//751 736//736
f 746//746 753//753 747//747
f 753//753 754//754 748//748
f 751//751 756//756 757//757
f 751//751 757//757 758//758
f 752//752 758//758 759//759
f 742//742 759//759 760//760
f 760//760 761//761 744//744
f 745//745 761//761 762//762
f 762//762 763//763 746//746
f 746//746 763//763 764//764
f 746//746 764//764 765//765
f 765//765 766//766 753//753
f 766//766 767//767 754//754
f 754//754 767//767 768//768
f 768//768 769//769 755//755
f 750//750 769//769 756//756
f 770//770 771//771 757//757
f 759//759 772//772 760//760
f 772//772 773//773 760//760
f 761//761 773//773 774//774
f 763//763 775//775 776//776
f 764//764 777//777 765//765
f 777//777 778//778 765//765
f 767//767 787//787 768//768
f 768//768 787//787 779//779
f 780//780 770//770 756//756
f 770//770 781//781 771//771
f 782//782 783//783 759//759
f 772//772 784//784 773//773
f 786//786 787//787 767//767
f 771//771 790//790 782//782
f 784//784 791//791 774//774
f 785//785 792//792 775//775
f 775//775 792//792 776//776
f 777//777 793//793 794//794
f 778//778 794//794 786//786
f 786//786 795//795 787//787
f 779//779 797//797 788//788
f 788//788 798//798 780//780
f 780//780 798//798 789//789
f 799//799 800//800 771//771
f 790//790 801//801 782//782
f 801//801 802//802 783//783
f 783//783 802//802 803//803
f 772//772 803//803 804//804
f 804//804 805//805 784//784
f 785//785 806//806 792//792
f 776//776 807//807 808//808
f 795//795 810//810 787//787
f 799//799 814//814 800//800
f 800//800 814//814 790//790
f 803//803 815//815 804//804
f 804//804 815//815 805//805
f 792//792 816//816 807//807
f 808//808 817//817 793//793
f 793//793 817//817 794//794
f 810//810 818//818 796//796
f 796//796 818//818 811//811
f 811//811 819//819 797//797
f 812//812 820//820 798//798
f 820//820 813//813 789//789
f 813//813 821//821 799//799
f 801//801 822//822 802//802
f 815//815 823//823 805//805
f 805//805 823//823 791//791
f 792//792 824//824 816//816
f 817//817 826//826 794//794
f 809//809 831//831 795//795
f 814//814 827//827 790//790
f 823//823 829//829 791//791
f 811//811 832//832 819//819
f 821//821 834//834 835//835
f 835//835 836//836 822//822
f 828//828 836//836 837//837
f 837//837 838//838 829//829
f 838//838 839//839 825//825
f 839//839 840//840 826//826
f 830//830 840//840 841//841
f 841//841 842//842 818//818
f 832//832 842//842 843//843
f 833//833 843//843 834//834
usemtl field_material_05
f 848//848 855//855 849//849
f 846//846 847//847 849//849
f 849//849 847//847 852//852
f 849//849 851//851 850//850
f 854//854 851//851 853//853
f 852//852 845//845 853//853
f 853//853 855//855 856//856
f 853//853 845//845 846//846
f 858//858 860//860 861//861
f 859//859 861//861 863//863
f 863//863 860//860 864//864
f 863//863 865//865 866//866
f 864//864 857//857 865//865
f 866//866 865//865 867//867
f 857//857 868//868 867//867
f 867//867 861//861 859//859
f 867//867 868//868 858//858
f 872//872 882//882 874//874
f 871//871 870//870 874//874
f 874//874 875//875 876//876
f 875//875 870//870 877//877
f 875//875 878//878 876//876
f 880//880 878//878 879//879
f 877//877 881//881 879//879
f 879//879 882//882 872//872
f 882//882 881//881 871//871
f 884//884 886//886 888//888
f 885//885 896//896 888//888
f 888//888 886//886 883//883
f 888//888 889//889 890//890
f 889//889 883//883 892//892
f 889//889 891//891 893//893
f 893//893 891//891 894//894
f 892//892 895//895 894//894
f 894//894 896//896 897//897
f 896//896 895//895 884//884
f 899//899 901//901 903//903
f 900//900 909//909 903//903
f 903//903 901//901 904//904
f 903//903 906//906 905//905
f 904//904 898//898 907//907
f 905//905 906//906 907//907
f 907//907 909//909 900//900
f 907//907 898//898 899//899
f 911//911 914//914 912//912
f 913//913 914//914 916//916
f 916//916 917//917 915//915
f 914//914 911//911 917//917
f 911//911 919//919 917//917
f 917//917 919//919 918//918
f 919//919 911//911 910//910
f 918//918 910//910 915//915
f 910//910 912//912 915//915
f 912//912 913//913 915//915
usemtl field_material_03
f 928//928 929//929 922//922
f 922//922 929//929 930//930
f 923//923 930//930 931//931
f 923//923 931//931 924//924
f 932//932 933//933 925//925
f 927//927 934//934 935//935
f 935//935 939//939 927//927
f 939//939 936//936 927//927
f 921//921 936//936 928//928
f 937//937 945//945 924//924
f 945//945 932//932 924//924
f 926//926 938//938 934//934
f 939//939 940//940 936//936
f 936//936 940//940 928//928
f 941//941 942//942 929//929
f 942//942 943//943 930//930
f 931//931 943//943 937//937
f 945//945 946//946 932//932
f 932//932 946//946 947//947
f 947//947 938//938 933//933
f 948//948 949//949 935//935
f 949//949 950//950 939//939
f 939//939 950//950 951//951
f 940//940 941//941 928//928
f 941//941 952//952 953//953
f 942//942 953//953 954//954
f 943//943 955//955 937//937
f 944//944 955//955 964//964
f 938//938 956//956 957//957
f 938//938 957//957 958//958
f 958//958 959//959 948//948
f 960//960 961//961 950//950
f 940//940 952//952 941//941
f 952//952 962//962 953//953
f 954//954 963//963 943//943
f 945//945 964//964 965//965
f 946//946 965//965 956//956
f 951//951 967//967 952//952
f 952//952 968//968 962//962
f 963//963 969//969 955//955
f 955//955 970//970 964//964
f 956//956 972//972 957//957
f 958//958 973//973 959//959
f 966//966 975//975 960//960
f 961//961 976//976 967//967
f 968//968 977//977 962//962
f 977//977 978//978 962//962
f 962//962 978//978 979//979
f 979//979 980//980 963//963
f 980//980 981//981 963//963
f 983//983 984//984 965//965
f 990//990 991//991 952//952
f 978//978 992//992 979//979
f 981//981 993//993 969//969
f 970//970 994//994 983//983
f 985//985 995//995 972//972
f 972//972 995//995 986//986
f 986//986 996//996 973//973
f 987//987 997//997 974//974
f 988//988 998//998 975//975
f 989//989 999//999 976//976
f 968//968 1007//1007 977//977
f 980//980 1009//1009 981//981
f 993//993 1000//1000 982//982
f 970//970 1000//1000 994//994
f 994//994 1001//1001 984//984
f 984//984 1001//1001 971//971
f 995//995 1002//1002 986//986
f 986//986 1002//1002 996//996
f 996//996 1003//1003 987//987
f 987//987 1003//1003 997//997
f 998//998 1005//1005 989//989
f 989//989 1005//1005 999//999
f 999//999 1006//1006 990//990
f 991//991 1006//1006 1007//1007
f 977//977 1007//1007 1008//1008
f 1001//1001 1010//1010 971//971
f 985//985 1010//1010 995//995
f 1011//1011 1012//1012 1008//1008
f 992//992 1012//1012 1013//1013
f 993//993 1013//1013 1014//1014
f 1014//1014 1015//1015 994//994
f 1001//1001 1015//1015 1016//1016
f 1016//1016 1017//1017 995//995
f 1003//1003 1017//1017 1018//1018
f 1018//1018 1019//1019 1005//1005
f 1006//1006 1019//1019 1011//1011
usemtl field_material_05
f 1023//1023 1021//1021 1026//1026
f 1022//1022 1024//1024 1026//1026
f 1026//1026 1021//1021 1028//1028
f 1026//1026 1027//1027 1029//1029
f 1029//1029 1027//1027 1030//1030
f 1028//1028 1031//1031 1030//1030
f 1030//1030 1024//1024 1022//1022
f 1030//1030 1031//1031 1023//1023
f 1035//1035 1044//1044 1037//1037
f 1034//1034 1033//1033 1037//1037
f 1037//1037 1039//1039 1038//1038
f 1039//1039 1033//1033 1040//1040
f 1038//1038 1039//1039 1041//1041
f 1040//1040 1043//1043 1041//1041
f 1041//1041 1044//1044 1045//1045
f 1044//1044 1043//1043 1034//1034
f 1047//1047 1046//1046 1049//1049
f 1050//1050 1049//1049 1051//1051
f 1051//1051 1046//1046 1052//1052
f 1051//1051 1054//1054 1053//1053
f 1052//1052 1056//1056 1057//1057
f 1053//1053 1054//1054 1057//1057
f 1057//1057 1058//1058 1048//1048
f 1057//1057 1056//1056 1047//1047
f 1058//1058 1049//1049 1048//1048
f 1061//1061 1071//1071 1063//1063
f 1060//1060 1062//1062 1063//1063
f 1063//1063 1066//1066 1064//1064
f 1066//1066 1062//1062 1065//1065
f 1065//1065 1068//1068 1070//1070
f 1067//1067 1066//1066 1070//1070
f 1070//1070 1068//1068 1059//1059
f 1070//1070 1071//1071 1072//1072
f 1071//1071 1059//1059 1060//1060
f 1074//1074 1073//1073 1076//1076
f 1086//1086 1075//1075 1076//1076
f 1073//1073 1077//1077 1076//1076
f 1076//1076 1079//1079 1080//1080
f 1079//1079 1077//1077 1081//1081
f 1079//1079 1083//1083 1080//1080
f 1081//1081 1082//1082 1083//1083
f 1084//1084 1083//1083 1085//1085
f 1085//1085 1082//1082 1074//1074
f 1085//1085 1075//1075 1086//1086
f 1087//1087 1088//1088 1090//1090
f 1089//1089 1090//1090 1092//1092
f 1091//1091 1092//1092 1094//1094
f 1093//1093 1094//1094 1096//1096
f 1092//1092 1090//1090 1088//1088
f 1096//1096 1094//1094 1088//1088
f 1096//1096 1088//1088 1095//1095
f 1095//1095 1087//1087 1089//1089
f 1089//1089 1091//1091 1093//1093
usemtl field_material_03
f 1099//1099 1104//1104 1105//1105
f 1105//1105 1106//1106 1099//1099
f 1100//1100 1106//1106 1107//1107
f 1107//1107 1108//1108 1100//1100
f 1108//1108 1109//1109 1101//1101
f 1109//1109 1110//1110 1102//1102
f 1102//1102 1110//1110 1111//1111
f 1098//1098 1111//1111 1112//1112
f 1112//1112 1104//1104 1103//1103
f 1104//1104 1113//1113 1105//1105
f 1106//1106 1114//1114 1107//1107
f 1107//1107 1115//1115 1108//1108
f 1108//1108 1115//1115 1116//1116
f 1109//1109 1116//1116 1117//1117
f 1118//1118 1119//1119 1112//1112
f 1119//1119 1120//1120 1112//1112
f 1105//1105 1121//1121 1122//1122
f 1105//1105 1122//1122 1123//1123
f 1115//1115 1125//1125 1116//1116
f 1126//1126 1127//1127 1111//1111
f 1111//1111 1127//1127 1118//1118
f 1128//1128 1119//1119 1118//1118
f 1129//1129 1130//1130 1120//1120
f 1120//1120 1130//1130 1113//1113
f 1113//1113 1131//1131 1121//1121
f 1121//1121 1131//1131 1132//1132
f 1133//1133 1140//1140 1123//1123
f 1114//1114 1134//1134 1124//1124
f 1124//1124 1134//1134 1135//1135
f 1115//1115 1135//1135 1141//1141
f 1136//1136 1137//1137 1125//1125
f 1127//1127 1138//1138 1128//1128
f 1119//1119 1139//1139 1129//1129
f 1142//1142 1143//1143 1126//1126
f 1139//1139 1144//1144 1129//1129
f 1129//1129 1144//1144 1130//1130
f 1131//1131 1145//1145 1132//1132
f 1132//1132 1145//1145 1133//1133
f 1133//1133 1146//1146 1147//1147
f 1135//1135 1148//1148 1141//1141
f 1141//1141 1148//1148 1149//1149
f 1141//1141 1149//1149 1136//1136
f 1137//1137 1150//1150 1142//1142
f 1151//1151 1152//1152 1139//1139
f 1152//1152 1153//1153 1139//1139
f 1144//1144 1154//1154 1130//1130
f 1130//1130 1154//1154 1155//1155
f 1155//1155 1156//1156 1131//1131
f 1145//1145 1157//1157 1133//1133
f 1140//1140 1158//1158 1159//1159
f 1159//1159 1160//1160 1135//1135
f 1160//1160 1161//1161 1135//1135
f 1136//1136 1162//1162 1163//1163
f 1142//1142 1164//1164 1165//1165
f 1143//1143 1165//1165 1166//1166
f 1143//1143 1166//1166 1167//1167
f 1138//1138 1167//1167 1151//1151
f 1153//1153 1168//1168 1144//1144
f 1144//1144 1168//1168 1154//1154
f 1156//1156 1169//1169 1145//1145
f 1145//1145 1169//1169 1157//1157
f 1146//1146 1170//1170 1147//1147
f 1161//1161 1171//1171 1148//1148
f 1171//1171 1172//1172 1149//1149
f 1149//1149 1172//1172 1162//1162
f 1162//1162 1173//1173 1163//1163
f 1174//1174 1175//1175 1152//1152
f 1153//1153 1175//1175 1168//1168
f 1154//1154 1176//1176 1155//1155
f 1170//1170 1177//1177 1158//1158
f 1177//1177 1182//1182 1160//1160
f 1173//1173 1179//1179 1150//1150
f 1165//1165 1184//1184 1166//1166
f 1176//1176 1180//1180 1155//1155
f 1156//1156 1180//1180 1169//1169
f 1179//1179 1183//1183 1164//1164
f 1174//1174 1185//1185 1186//1186
f 1168//1168 1186//1186 1187//1187
f 1180//1180 1187//1187 1188//1188
f 1188//1188 1189//1189 1181//1181
f 1189//1189 1190//1190 1177//1177
f 1190//1190 1191//1191 1182//1182
f 1172//1172 1191//1191 1192//1192
f 1192//1192 1193//1193 1183//1183
f 1193//1193 1185//1185 1184//1184
usemtl field_material_05
f 1198//1198 1196//1196 1199//1199
f 1197//1197 1200//1200 1199//1199
f 1199//1199 1201//1201 1202//1202
f 1199//1199 1200//1200 1203//1203
f 1204//1204 1201//1201 1205//1205
f 1203//1203 1195//1195 1205//1205
f 1205//1205 1195//1195 1197//1197
f 1205//1205 1196//1196 1198//1198
f 1209//1209 1208//1208 1211//1211
f 1218//1218 1207//1207 1211//1211
f 1211//1211 1212//1212 1214//1214
f 1211//1211 1207//1207 1213//1213
f 1214//1214 1212//1212 1215//1215
f 1213//1213 1217//1217 1215//1215
f 1215//1215 1208//1208 1209//1209
f 1215//1215 1217//1217 1218//1218
f 1221//1221 1229//1229 1222//1222
f 1220//1220 1219//1219 1222//1222
f 1222//1222 1224//1224 1223//1223
f 1224//1224 1219//1219 1225//1225
f 1227//1227 1224//1224 1226//1226
f 1225//1225 1228//1228 1226//1226
f 1226//1226 1229//1229 1230//1230
f 1229//1229 1228//1228 1220//1220
f 1233//1233 1236//1236 1237//1237
f 1235//1235 1234//1234 1237//1237
f 1237//1237 1239//1239 1238//1238
f 1239//1239 1236//1236 1240//1240
f 1238//1238 1239//1239 1241//1241
f 1240//1240 1231//1231 1241//1241
f 1241//1241 1243//1243 1232//1232
f 1243//1243 1234//1234 1232//1232
f 1243//1243 1231//1231 1233//1233
f 1245//1245 1244//1244 1247//1247
f 1246//1246 1254//1254 1247//1247
f 1247//1247 1244//1244 1249//1249
f 1247//1247 1250//1250 1248//1248
f 1249//1249 1253//1253 1252//1252
f 1251//1251 1250//1250 1252//1252
f 1252//1252 1254//1254 1255//1255
f 1252//1252 1253//1253 1245//1245
