# Strawberry URP Gazebo mesh generated by export_gazebo_assets.py
mtllib plant_variant_22.mtl

o field_export_plant_variant_22
v 0.000000000 0.000000000 0.025000000
v 0.000000000 0.026450338 0.020225426
v 0.000000000 0.042797547 0.007725425
v 0.000000000 0.042797547 -0.007725425
v 0.000000000 0.026450338 -0.020225426
v 0.000000000 0.000000000 -0.025000000
v 0.018703211 0.018703211 0.020225426
v 0.030262435 0.030262435 0.007725425
v 0.030262435 0.030262435 -0.007725425
v 0.018703211 0.018703211 -0.020225426
v 0.026450334 0.000000000 0.020225426
v 0.042797547 0.000000000 0.007725425
v 0.042797547 0.000000000 -0.007725425
v 0.026450334 0.000000000 -0.020225426
v 0.018703211 -0.018703211 0.020225426
v 0.030262435 -0.030262435 0.007725425
v 0.030262435 -0.030262435 -0.007725425
v 0.018703211 -0.018703211 -0.020225426
v 0.000000000 -0.026450334 0.020225426
v 0.000000000 -0.042797547 0.007725425
v 0.000000000 -0.042797547 -0.007725425
v 0.000000000 -0.026450334 -0.020225426
v -0.018703211 -0.018703211 0.020225426
v -0.030262435 -0.030262435 0.007725425
v -0.030262435 -0.030262435 -0.007725425
v -0.018703211 -0.018703211 -0.020225426
v -0.026450334 0.000000000 0.020225426
v -0.042797547 0.000000000 0.007725425
v -0.042797547 0.000000000 -0.007725425
v -0.026450334 0.000000000 -0.020225426
v -0.018703211 0.018703211 0.020225426
v -0.030262435 0.030262435 0.007725425
v -0.030262435 0.030262435 -0.007725425
v -0.018703211 0.018703211 -0.020225426
v 0.004361436 -0.003271613 0.004390307
v -0.124880269 0.093675688 0.205026329
v -0.001456968 -0.006485265 0.002195157
v -0.130698681 0.090462029 0.202831179
v -0.005818389 -0.003213659 -0.002195127
v -0.135060102 0.093733639 0.198440880
v -0.004361406 0.003271598 -0.004390277
v -0.133603111 0.100218892 0.196245730
v 0.001456998 0.006485250 -0.002195127
v -0.127784699 0.103432551 0.198440880
v 0.005818419 0.003213644 0.002195157
v -0.123423286 0.100160941 0.202831179
v -0.163323596 0.081905089 0.211309657
v -0.125763059 0.131916448 0.216737345
v -0.171460301 0.086362734 0.216635197
v -0.132941246 0.137713000 0.222427964
v -0.187721044 0.080130659 0.219926685
v -0.132005215 0.154406160 0.228305608
v -0.191641465 0.090513140 0.223757684
v -0.143423811 0.154792711 0.231008977
v -0.206107870 0.087019034 0.224534541
v -0.144312412 0.169399351 0.233827755
v -0.207004741 0.101803489 0.225832120
v -0.158787087 0.166083068 0.233083427
v -0.218447596 0.102711350 0.224075571
v -0.162731767 0.176986843 0.232454509
v -0.217550129 0.120233782 0.222858533
v -0.179031074 0.171584040 0.228651300
v -0.224755317 0.127088010 0.219348192
v -0.187214151 0.177070349 0.225141540
v -0.221347466 0.164711401 0.213101834
v -0.129996985 0.096118897 0.199743316
v -0.210088968 0.155803561 0.212707043
v -0.128366664 0.097876877 0.201820701
v -0.208221108 0.158351421 0.212418050
v -0.128789648 0.143024683 0.206134155
v -0.081368044 0.154947266 0.208766282
v -0.131390631 0.150059476 0.208805680
v -0.082722172 0.162342340 0.211613074
v -0.144208312 0.154544890 0.210427612
v -0.073811911 0.172311410 0.214488387
v -0.141384959 0.162974268 0.212225050
v -0.080462441 0.178349793 0.215739325
v -0.151831537 0.168050706 0.212446451
v -0.073753580 0.187755883 0.216950327
v -0.145076349 0.177464455 0.212820947
v -0.084153824 0.192839980 0.216335222
v -0.151591063 0.183525264 0.211619407
v -0.081194676 0.201291785 0.215680167
v -0.142464772 0.193530038 0.210593358
v -0.093796320 0.205812901 0.213400751
v -0.143541113 0.200943425 0.208491713
v -0.096135005 0.212921306 0.211119980
v -0.123216383 0.221459210 0.204225093
v -0.102154128 0.134404555 0.199747369
v -0.121510826 0.209812865 0.212706730
v -0.099764176 0.134679601 0.201815322
v -0.118458696 0.210628793 0.212419048
v -0.172001049 0.033561997 0.212192208
v -0.173716456 0.082421504 0.214962333
v -0.179626450 0.032326534 0.217175275
v -0.181453541 0.082472034 0.220250919
v -0.186845005 0.020604983 0.220564693
v -0.189487785 0.093137845 0.225013450
v -0.194593847 0.025051747 0.223441407
v -0.196880966 0.087823212 0.227291450
v -0.201781064 0.015884545 0.223805219
v -0.204712212 0.096332088 0.228739411
v -0.209548369 0.024501879 0.223522723
v -0.211835489 0.087273344 0.227372766
v -0.216754064 0.019505251 0.220727310
v -0.219396845 0.092038110 0.225176066
v -0.224490047 0.030676937 0.217419207
v -0.226317137 0.080822438 0.220494837
v -0.231796756 0.031384643 0.212240979
v -0.233597845 0.080213174 0.215449125
v -0.247108132 0.056122854 0.201146767
v -0.157217160 0.058088273 0.201815322
v -0.235126525 0.055775929 0.214193031
v -0.157621920 0.060459699 0.199747369
v -0.235615015 0.057011969 0.211312488
v 0.004230917 0.001749605 0.005295143
v -0.187065974 -0.077356800 0.184282809
v 0.004432067 -0.004727270 0.002647579
v -0.186864823 -0.083833680 0.181635246
v 0.000201166 -0.006476864 -0.002647549
v -0.191095725 -0.085583270 0.176340118
v -0.004230902 -0.001749575 -0.005295113
v -0.195527792 -0.080855981 0.173692554
v -0.004432052 0.004727300 -0.002647549
v -0.195728943 -0.074379101 0.176340118
v -0.000201151 0.006476894 0.002647579
v -0.191498041 -0.072629511 0.181635246
v -0.197017208 -0.114118189 0.193903476
v -0.220860898 -0.056339085 0.188035846
v -0.205503657 -0.118053555 0.198778346
v -0.230032772 -0.058736656 0.192951560
v -0.208863571 -0.134551167 0.204120815
v -0.244343683 -0.048752338 0.195692658
v -0.220095351 -0.132157743 0.206378013
v -0.250800580 -0.057905629 0.199084103
v -0.224626467 -0.146129668 0.208871365
v -0.263978094 -0.050968606 0.199523553
v -0.237814307 -0.139334992 0.207904980
v -0.268519521 -0.065082893 0.200611085
v -0.244301468 -0.148905665 0.207174763
v -0.279781580 -0.063106857 0.198746607
v -0.258660495 -0.139585331 0.203359261
v -0.283189595 -0.080268428 0.197532460
v -0.267853558 -0.142815322 0.199939072
v -0.291761011 -0.085062139 0.194099441
v -0.297552049 -0.122207180 0.188169703
v -0.190742061 -0.080425777 0.179058701
v -0.283411920 -0.117603436 0.192361176
v -0.191981286 -0.077519789 0.178769708
v -0.284019887 -0.117098041 0.189288884
v -0.230583817 -0.054808829 0.186869100
v -0.216639042 -0.007872391 0.186220542
v -0.237914026 -0.053282194 0.189867482
v -0.223641008 -0.005081000 0.189324275
v -0.248271674 -0.061890297 0.192469448
v -0.227626503 0.007830221 0.191683725
v -0.254052699 -0.055056825 0.194086120
v -0.236185938 0.005280782 0.193406135
v -0.263737023 -0.061420806 0.194946647
v -0.240839064 0.015907507 0.194075197
v -0.268388599 -0.050805092 0.194679037
v -0.250521839 0.009532515 0.193999067
v -0.276943475 -0.053386830 0.193655282
v -0.256298304 0.016333696 0.192869574
v -0.280921727 -0.040526986 0.191646233
v -0.266648710 0.007674206 0.191103041
v -0.287899107 -0.037806913 0.189089060
v -0.273978502 0.009137510 0.188659906
v -0.295240194 -0.010132760 0.182558984
v -0.209346771 -0.036765214 0.180446193
v -0.283739537 -0.013228035 0.192354947
v -0.209184229 -0.034776926 0.177789897
v -0.284389287 -0.013765015 0.189296588
v -0.158872083 -0.147477165 0.185361549
v -0.201847464 -0.124023199 0.186315909
v -0.161810607 -0.154354945 0.188076943
v -0.205950677 -0.130316496 0.189161375
v -0.155489892 -0.166309729 0.190107152
v -0.219336227 -0.131539375 0.191675723
v -0.163332030 -0.170551211 0.191763833
v -0.218585998 -0.140460208 0.193121314
v -0.159113497 -0.181360528 0.192319527
v -0.229926646 -0.142796084 0.194059253
v -0.170469761 -0.183687538 0.192424774
v -0.225723729 -0.153596535 0.193782240
v -0.169765353 -0.192582369 0.191429019
v -0.233611688 -0.157812029 0.192997590
v -0.183223799 -0.193763912 0.190059736
v -0.227363884 -0.169725463 0.191144168
v -0.187403962 -0.199982375 0.187979177
v -0.230405435 -0.176579714 0.188929901
v -0.216123357 -0.201357082 0.182968140
v -0.172421619 -0.123193026 0.178099021
v -0.209379107 -0.191714853 0.191058367
v -0.174363628 -0.121773146 0.180166990
v -0.212174550 -0.190242887 0.190770686
v 0.001675528 0.004640535 0.004965678
v -0.067778036 -0.187717676 0.208164006
v 0.006539654 0.000261515 0.002482839
v -0.062913910 -0.192096695 0.205681175
v 0.004864123 -0.004379027 -0.002482839
v -0.064589441 -0.196737230 0.200715482
v -0.001675535 -0.004640549 -0.004965678
v -0.071129099 -0.196998760 0.198232651
v -0.006539661 -0.000261530 -0.002482839
v -0.075993225 -0.192619741 0.200715482
v -0.004864130 0.004379012 0.002482839
v -0.074317694 -0.187979192 0.205681175
v -0.046890285 -0.220830277 0.214934990
v -0.105848335 -0.199467763 0.211946145
v -0.049508806 -0.229985535 0.219053656
v -0.110068053 -0.208119780 0.216122612
v -0.039378949 -0.243799120 0.223079354
v -0.126974747 -0.212171435 0.218839750
v -0.048618190 -0.250630021 0.225070044
v -0.124425441 -0.223258764 0.221401006
v -0.041241258 -0.263472468 0.226640806
v -0.138395384 -0.228393644 0.221938580
v -0.055161022 -0.268637955 0.225913480
v -0.130968273 -0.241266698 0.222244442
v -0.052464612 -0.279814959 0.224766225
v -0.140060425 -0.248187304 0.220526621
v -0.069137305 -0.284009337 0.221583948
v -0.129696548 -0.262143552 0.218652904
v -0.073044136 -0.292808712 0.218288630
v -0.132026881 -0.271525264 0.215268672
v -0.108651347 -0.300392836 0.208279312
v -0.068440378 -0.192837954 0.202305600
v -0.102064960 -0.286893129 0.215269327
v -0.070598595 -0.191793650 0.204382986
v -0.105047993 -0.285852909 0.214980334
v -0.113433354 -0.204741836 0.212892681
v -0.138744161 -0.162828282 0.212155625
v -0.119316146 -0.209005833 0.216692701
v -0.145346344 -0.166001245 0.216057658
v -0.119778164 -0.222354874 0.220040038
v -0.157429487 -0.160150975 0.219121486
v -0.128621891 -0.221954823 0.222271681
v -0.161206141 -0.168122262 0.221476763
v -0.130386263 -0.233360320 0.223659724
v -0.172146052 -0.164368838 0.222640932
v -0.141369596 -0.229648739 0.223770663
v -0.173953846 -0.175816163 0.222975731
v -0.145273566 -0.237742692 0.223037988
v -0.182924896 -0.175538793 0.222119436
v -0.157559246 -0.232087553 0.221189618
v -0.183589444 -0.189082965 0.220554575
v -0.164385661 -0.235492349 0.218851656
v -0.189756289 -0.193617076 0.218111470
v -0.190099865 -0.222582281 0.212204605
v -0.180568188 -0.216027260 0.216755301
v -0.113714516 -0.176809609 0.201507241
v -0.179641768 -0.218170226 0.214694038
v -0.181125805 -0.215996191 0.213759020
v -0.113674141 -0.175967693 0.204565570
v 0.002408672 -0.214030683 0.213699073
v -0.043858267 -0.230024114 0.212467074
v 0.005312212 -0.220695302 0.217696577
v -0.042179309 -0.237148434 0.216592655
v 0.018233739 -0.223946452 0.221318364
v -0.050460279 -0.247745067 0.219721586
v 0.015969433 -0.232515171 0.223607495
v -0.043479819 -0.253110975 0.222225621
v 0.026739940 -0.236631081 0.225106955
v -0.049449869 -0.263026565 0.223335952
v 0.020813532 -0.246596798 0.225087076
v -0.038635720 -0.267192632 0.223705202
v 0.027921941 -0.252109736 0.224277526
v -0.040772073 -0.275908351 0.222680762
v 0.019844517 -0.262940198 0.222135335
v -0.027647004 -0.279393345 0.221031412
v 0.021774868 -0.270329893 0.219558433
v -0.024473883 -0.286372274 0.218350843
v 0.003850800 -0.292763859 0.212087676
v -0.023603434 -0.207785636 0.202981323
v 0.001137368 -0.281512380 0.216518581
v 0.001359031 -0.281884849 0.213759020
v -0.026602859 -0.208777919 0.203269005
v -0.001334760 -0.282619089 0.214981318
v -0.000516568 0.005446039 0.004367374
v 0.014563213 -0.153536111 0.204399288
v 0.005776805 0.003295466 0.002183691
v 0.020856585 -0.155686691 0.202215597
v 0.006293373 -0.002150573 -0.002183676
v 0.021373153 -0.161132723 0.197848231
v 0.000516566 -0.005446024 -0.004367359
v 0.015596348 -0.164428174 0.195664555
v -0.005776807 -0.003295451 -0.002183676
v 0.009302974 -0.162277609 0.197848231
v -0.006293374 0.002150588 0.002183691
v 0.008786406 -0.156831563 0.202215597
v 0.047133669 -0.175497875 0.213548601
v -0.015127402 -0.181344196 0.208002731
v 0.048516430 -0.185071334 0.217790887
v -0.015414184 -0.191135287 0.212292865
v 0.063410237 -0.193372488 0.222423121
v -0.029062090 -0.202143669 0.214470506
v 0.057912618 -0.203577280 0.224064365
v -0.022114879 -0.211168051 0.217182010
v 0.070018642 -0.212078303 0.225839481
v -0.032544121 -0.221806586 0.217019096
v 0.059706993 -0.222670436 0.224257946
v -0.020320503 -0.230261207 0.217375591
v 0.066998996 -0.231558770 0.222810254
v -0.025473336 -0.240329951 0.214857653
v 0.053899564 -0.242350772 0.218371600
v -0.010031056 -0.248414725 0.212873578
v 0.054310381 -0.251825184 0.214252859
v -0.007943962 -0.257741332 0.208730683
v 0.025899190 -0.273496568 0.201215923
v 0.013876366 -0.159002542 0.200809747
v 0.016609184 -0.158937365 0.199199975
v 0.025935682 -0.258345902 0.212491497
v 0.022801967 -0.258766025 0.211472258
v -0.019752454 -0.189743280 0.206842110
v -0.060538936 -0.162644133 0.206903279
v -0.023393810 -0.196429178 0.209481478
v -0.065294728 -0.168650612 0.209663540
v -0.018226847 -0.208958626 0.211574912
v -0.078834355 -0.168778375 0.211838260
v -0.026472190 -0.212549239 0.212922648
v -0.078923196 -0.177776411 0.213150546
v -0.023232887 -0.223701239 0.213323742
v -0.090453789 -0.179136574 0.213615820
v -0.034741268 -0.225021824 0.212860540
v -0.087192282 -0.190248996 0.213088438
v -0.034765001 -0.233903795 0.211450696
v -0.095372505 -0.193723544 0.211714029
v -0.048201047 -0.233846948 0.209295139
v -0.090101965 -0.206068382 0.209477201
v -0.052804556 -0.239593387 0.206550941
v -0.093623370 -0.212546110 0.206622109
v -0.081281111 -0.238258839 0.199674994
v -0.030644251 -0.163984030 0.200806230
v -0.073610835 -0.229213074 0.212102547
v -0.033053167 -0.162682816 0.199203759
v -0.076268226 -0.227504432 0.211814880
v 0.089421913 -0.149165660 0.212375447
v 0.054535303 -0.183212981 0.207722932
v 0.094959997 -0.154412553 0.216324240
v 0.059180237 -0.189425662 0.211713418
v 0.108067662 -0.152244136 0.220500857
v 0.056314096 -0.202888787 0.213831529
v 0.109747440 -0.161188409 0.222035006
v 0.064958818 -0.205017343 0.216263235
v 0.121262074 -0.160430089 0.223531842
v 0.063861243 -0.216601014 0.216134757
v 0.120212406 -0.171885639 0.222058788
v 0.075423777 -0.215714589 0.216287017
v 0.128997594 -0.173638612 0.220548421
v 0.077244028 -0.224283248 0.213879094
v 0.126354903 -0.186504275 0.216395587
v 0.090575129 -0.221517384 0.211784765
v 0.131267041 -0.191919506 0.212261215
v 0.096407175 -0.226034358 0.207930163
v 0.124589033 -0.218736753 0.200183794
v 0.062644087 -0.153619617 0.200806230
v 0.115356147 -0.211238503 0.212489396
v 0.117723413 -0.209140360 0.211474791
v 0.060867634 -0.155702949 0.199203745
v -0.004233733 0.002900466 0.004760571
v 0.156474128 -0.107197866 0.214762956
v 0.001309320 0.006451365 0.002380297
v 0.162017182 -0.103646964 0.212382674
v 0.005543046 0.003550906 -0.002380267
v 0.166250914 -0.106547430 0.207622111
v 0.004233718 -0.002900444 -0.004760541
v 0.164941579 -0.112998776 0.205241829
v -0.001309335 -0.006451342 -0.002380267
v 0.159398526 -0.116549671 0.207622111
v -0.005543061 -0.003550883 0.002380297
v 0.155164808 -0.113649219 0.212382674
v 0.194419771 -0.094276495 0.216031313
v 0.159048423 -0.145816997 0.221837834
v 0.202844679 -0.098625988 0.219573215
v 0.166580632 -0.151559740 0.225660846
v 0.218916982 -0.091922611 0.221278489
v 0.166462913 -0.168488547 0.230083942
v 0.223345965 -0.102275439 0.224058390
v 0.177951127 -0.168537214 0.231678814
v 0.237675190 -0.098244905 0.224194944
v 0.179497421 -0.183165610 0.233961225
v 0.239199907 -0.112974957 0.225464940
v 0.193805069 -0.179236740 0.233085364
v 0.250624865 -0.113321640 0.224091560
v 0.198170796 -0.189887583 0.232897013
v 0.250406504 -0.130724534 0.223792821
v 0.214142457 -0.183658287 0.229880467
v 0.257779926 -0.137044743 0.221609175
v 0.222476095 -0.188627660 0.227427661
v 0.255836666 -0.174245760 0.218456805
v 0.161705881 -0.108687788 0.209784389
v 0.242857501 -0.166831389 0.223375842
v 0.159891888 -0.111274272 0.210073382
v 0.243556902 -0.166462794 0.220303565
v 0.161635712 -0.155761704 0.223082140
v 0.114711896 -0.169748574 0.222413182
v 0.164299935 -0.162571251 0.228138685
v 0.116130307 -0.176953644 0.227689683
v 0.177110106 -0.166383907 0.232466400
v 0.107435241 -0.187187284 0.231816918
v 0.174505472 -0.174852759 0.235310346
v 0.114207350 -0.192856446 0.234748274
v 0.185108185 -0.179438025 0.236782774
v 0.107830487 -0.202511445 0.236062437
v 0.178761557 -0.189145982 0.236549839
v 0.118463442 -0.207149670 0.235987768
v 0.185622290 -0.194970354 0.234945372
v 0.115947418 -0.215773731 0.234295905
v 0.177068204 -0.205450937 0.231857166
v 0.128898576 -0.219833314 0.231408149
v 0.178661332 -0.212942660 0.227958366
v 0.131745756 -0.226953551 0.227332056
v 0.159725815 -0.234557301 0.217447519
v 0.135260373 -0.148414508 0.210776716
v 0.156758726 -0.223302975 0.223369613
v 0.132718116 -0.149430841 0.209174231
v 0.156223208 -0.223953918 0.220311254
v 0.200154826 -0.045659393 0.217457816
v 0.203994378 -0.094475530 0.217836410
v 0.207484186 -0.044393707 0.220507607
v 0.211469218 -0.094505891 0.221015334
v 0.214010909 -0.032591779 0.222953141
v 0.219775051 -0.105076447 0.223687559
v 0.221826121 -0.036860671 0.224771693
v 0.226814538 -0.099590428 0.225407273
v 0.228563458 -0.027427882 0.225570485
v 0.234956577 -0.107821971 0.226385042
v 0.236718267 -0.035667650 0.225636333
v 0.241706684 -0.098397411 0.226271912
v 0.243795216 -0.030205742 0.224682420
v 0.249559343 -0.102690414 0.225416839
v 0.252160639 -0.040814653 0.223101512
v 0.256145656 -0.090926841 0.223609254
v 0.259678721 -0.040893234 0.220871881
v 0.263578653 -0.089702755 0.221263573
v 0.276599228 -0.064131021 0.215204567
v 0.187318861 -0.070201427 0.209113702
v 0.264901310 -0.063715510 0.222073048
v 0.187190756 -0.072603740 0.211181656
v 0.265195847 -0.066861063 0.221785367
v -0.004394591 -0.001577739 0.005215205
v 0.212046266 0.076128826 0.211107761
v -0.004245721 0.004916742 0.002607606
v 0.212195128 0.082623303 0.208500177
v 0.000148870 0.006494489 -0.002607591
v 0.216589719 0.084201053 0.203284979
v 0.004394591 0.001577754 -0.005215190
v 0.220835447 0.079284310 0.200677365
v 0.004245721 -0.004916728 -0.002607591
v 0.220686585 0.072789833 0.203284979
v -0.000148870 -0.006494474 0.002607606
v 0.216291994 0.071212083 0.208500177
v 0.224231943 0.114278436 0.211617410
v 0.245350569 0.055266738 0.215211049
v 0.233052418 0.118509844 0.214433074
v 0.254792780 0.057955056 0.218253762
v 0.237316534 0.135443732 0.215852544
v 0.268762857 0.047854353 0.221378952
v 0.248516217 0.132895738 0.217565715
v 0.275730520 0.057094045 0.222348377
v 0.253730923 0.146835327 0.217195183
v 0.288608611 0.049688339 0.223324627
v 0.266570449 0.139347941 0.217096373
v 0.293784738 0.063546248 0.221879035
v 0.273424953 0.148348138 0.214913875
v 0.304871261 0.060758762 0.220440283
v 0.287215024 0.137866452 0.213025078
v 0.308955401 0.077311665 0.216845751
v 0.296395630 0.140063807 0.209710583
v 0.317582101 0.081078067 0.213294148
v 0.324728310 0.116454884 0.203095198
v 0.215907544 0.079028808 0.206352174
v 0.310031205 0.112446494 0.219357699
v 0.217090219 0.076096587 0.205332950
v 0.310992390 0.110716946 0.216689318
v 0.254650295 0.051631782 0.213734940
v 0.238481954 0.005409491 0.213691100
v 0.261936605 0.049784742 0.216827214
v 0.245393589 0.002311653 0.216889948
v 0.272726893 0.057911947 0.219348788
v 0.248798296 -0.010755405 0.219439536
v 0.278201371 0.050824784 0.221029803
v 0.257493049 -0.008601394 0.221108332
v 0.288187295 0.056728981 0.221733674
v 0.261647642 -0.019431256 0.221834332
v 0.292326987 0.045902994 0.221465856
v 0.271618664 -0.013523184 0.221544385
v 0.300978124 0.048068359 0.220220894
v 0.277049512 -0.020598993 0.220311642
v 0.304313421 0.035019360 0.218135372
v 0.287770420 -0.012453727 0.218198106
v 0.311103851 0.031959467 0.215448365
v 0.295003414 -0.014284652 0.215395018
v 0.317065924 0.003986790 0.208523408
v 0.232922316 0.035091572 0.205675587
v 0.305996478 0.008584246 0.219449550
v 0.231841013 0.032123070 0.205963254
v 0.306002647 0.007255181 0.216569006
v 0.186697140 0.147129297 0.213338390
v 0.228469223 0.121701628 0.215874568
v 0.189707786 0.153706744 0.216882229
v 0.232605338 0.127635166 0.219610184
v 0.183755875 0.165811211 0.219351292
v 0.245804965 0.128100023 0.223297149
v 0.191625282 0.169590354 0.221895561
v 0.245323867 0.136954308 0.225310385
v 0.187837258 0.180537879 0.222802058
v 0.256657064 0.138711721 0.227178469
v 0.199251622 0.182332307 0.223747224
v 0.252950191 0.149696261 0.227162048
v 0.199008554 0.191295102 0.223054618
v 0.261057645 0.153583914 0.227000460
v 0.212586820 0.191932589 0.222437203
v 0.255484372 0.165861011 0.225165159
v 0.217186794 0.198063955 0.220711812
v 0.258985639 0.172683984 0.223250672
v 0.246272489 0.198393837 0.217013463
v 0.242059916 0.187783197 0.219071865
v 0.200229123 0.122381136 0.204569012
v 0.240187392 0.189293563 0.217003897
v 0.201069713 0.121351659 0.207449570
v -0.002514243 -0.004728355 0.004507951
v 0.082794011 0.155704677 0.220364213
v -0.006609652 0.000481956 0.002253987
v 0.078698605 0.160914987 0.218110263
v -0.004095420 0.005210288 -0.002253950
v 0.081212834 0.165643305 0.213602319
v 0.002514221 0.004728325 -0.004507922
v 0.087822475 0.165161341 0.211348355
v 0.006609630 -0.000481986 -0.002253957
v 0.091917887 0.159951031 0.213602304
v 0.004095398 -0.005210318 0.002253979
v 0.089403652 0.155222714 0.218110248
v 0.066081300 0.191745594 0.225277394
v 0.121470183 0.162239298 0.226938859
v 0.069612153 0.200415641 0.229425520
v 0.126496106 0.170168310 0.231279820
v 0.061231408 0.215504289 0.232564479
v 0.143511117 0.171753094 0.235246629
v 0.071137734 0.220935732 0.235314578
v 0.142344326 0.183072522 0.237635776
v 0.065540552 0.234685391 0.236460701
v 0.156798482 0.186160117 0.239435524
v 0.080055498 0.237817705 0.237125084
v 0.151262075 0.199954495 0.239446267
v 0.079066932 0.249268234 0.236185491
v 0.161346614 0.205517039 0.238867626
v 0.096365437 0.251061559 0.234857023
v 0.153249383 0.220814243 0.236711323
v 0.101749808 0.259244561 0.232335955
v 0.157137185 0.229755685 0.234259978
v 0.138842419 0.261677891 0.226737291
v 0.083765611 0.161178201 0.216408536
v 0.131513417 0.248909697 0.229420349
v 0.085690975 0.160460368 0.214157462
v 0.086090408 0.159836829 0.217182532
v 0.132782772 0.248628020 0.226526678
v 0.130062774 0.167069733 0.225781351
v 0.149170801 0.122069806 0.228580654
v 0.136300996 0.170729533 0.230296806
v 0.155937940 0.124552123 0.233363852
v 0.138480797 0.184084892 0.233473033
v 0.166884631 0.117291674 0.237909347
v 0.147051811 0.182604164 0.236507267
v 0.171633065 0.124799900 0.240346551
v 0.150358155 0.193719000 0.237447515
v 0.181861371 0.119637392 0.242367908
v 0.160697863 0.188517570 0.238169670
v 0.185279131 0.130713299 0.242008954
v 0.165772930 0.195911691 0.236797825
v 0.194176748 0.129118472 0.241234139
v 0.177239180 0.188469738 0.235284001
v 0.196876124 0.142292336 0.238351047
v 0.184636772 0.190712303 0.232362419
v 0.203782022 0.145732090 0.235193968
v 0.208622545 0.173880696 0.225835294
v 0.126160905 0.139969915 0.215639278
v 0.197922215 0.169987619 0.229035541
v 0.127356410 0.137045532 0.215926945
v 0.199148163 0.167917684 0.226967588
v 0.017706210 0.191882089 0.229187623
v 0.065714166 0.201156154 0.226509720
v 0.015947245 0.198833078 0.234032035
v 0.065240234 0.208378851 0.231492490
v 0.003773972 0.203826606 0.238670439
v 0.075073712 0.217634052 0.234997123
v 0.007326666 0.211948246 0.241292804
v 0.069030970 0.223897502 0.238113835
v -0.002689943 0.217534438 0.243269265
v 0.076389924 0.232848540 0.239195123
v 0.004582256 0.226564229 0.242962629
v 0.066286556 0.238513485 0.239783660
v -0.001714837 0.233058557 0.242010102
v 0.069584899 0.246866003 0.238336802
v 0.007714022 0.242681026 0.239041537
v 0.057007007 0.252226770 0.236501992
v 0.006720066 0.250352621 0.235625356
v 0.054743592 0.259637445 0.233317554
v 0.027409500 0.270160377 0.225881830
v 0.044217627 0.182363734 0.217223510
v 0.028653234 0.258798718 0.229223505
v 0.043441564 0.182692692 0.214165166
v 0.029250385 0.259393603 0.226165161
v 0.001694977 -0.004196003 0.005340487
v -0.066129640 0.163707286 0.158788070
v -0.004773414 -0.004368573 0.002670251
v -0.072598033 0.163534716 0.156117827
v -0.006468389 -0.000172578 -0.002670221
v -0.074293002 0.167730719 0.150777370
v -0.001694977 0.004195988 -0.005340457
v -0.069519594 0.172099277 0.148107126
v 0.004773416 0.004368559 -0.002670221
v -0.063051201 0.172271848 0.150777370
v 0.006468389 0.000172563 0.002670251
v -0.061356228 0.168075860 0.156117827
v -0.104516454 0.174122110 0.157755867
v -0.046376560 0.197544962 0.161267310
v -0.109030344 0.182714596 0.160044402
v -0.049368002 0.206815243 0.163744062
v -0.126072913 0.186268747 0.161082909
v -0.039774425 0.221129075 0.166434258
v -0.123938926 0.197533190 0.162576228
v -0.049254395 0.227702051 0.167207405
v -0.138069823 0.202187166 0.162241966
v -0.042354576 0.240851402 0.168177247
v -0.131110519 0.215318859 0.162367582
v -0.056425996 0.245487735 0.166998774
v -0.140416116 0.221840099 0.160665616
v -0.054117620 0.256700426 0.166016981
v -0.130545139 0.236071616 0.159418479
v -0.070882790 0.260172248 0.163118124
v -0.133173227 0.245224655 0.156796709
v -0.075056680 0.268673688 0.160482645
v -0.110814907 0.274613172 0.152216598
v -0.068902276 0.167367294 0.154225469
v -0.105564557 0.260331124 0.166821092
v -0.066446349 0.168567702 0.152615681
v -0.105054192 0.260934919 0.163748801
v -0.043655779 0.206068262 0.163754269
v 0.003173717 0.191754282 0.163965330
v -0.042245526 0.213026419 0.168011144
v 0.005838387 0.198357925 0.168387458
v -0.050919626 0.223145530 0.171591267
v 0.018631253 0.201928318 0.172135606
v -0.044145383 0.228652000 0.174328864
v 0.016045410 0.210290179 0.174799949
v -0.050487041 0.238271177 0.175889224
v 0.026653130 0.214738771 0.176492959
v -0.039839122 0.242823035 0.176470071
v 0.020351674 0.224461198 0.176941141
v -0.042307101 0.251487613 0.175873682
v 0.027243782 0.230270386 0.176418006
v -0.029326735 0.255539536 0.174434751
v 0.018757179 0.240871042 0.174811080
v -0.026425272 0.262747824 0.172130302
v 0.020398984 0.248428538 0.172603741
v 0.001626242 0.270489335 0.166305259
v -0.025428336 0.185743138 0.154221937
v -0.001905969 0.260020703 0.166814864
v -0.022748299 0.185183302 0.152619451
v -0.001099751 0.260266662 0.163756505
v -0.136413634 0.136251330 0.164815933
v -0.112590328 0.179031923 0.164363891
v -0.143255576 0.139335841 0.169204056
v -0.118850477 0.183286726 0.168920904
v -0.155248746 0.133182675 0.172869772
v -0.119948030 0.196755350 0.172460184
v -0.159415275 0.141108319 0.175212994
v -0.128865287 0.196125433 0.174858525
v -0.170254648 0.136998937 0.176259890
v -0.131101966 0.207508549 0.175805613
v -0.172487319 0.148370668 0.175784722
v -0.141937330 0.203387782 0.175430268
v -0.181392834 0.147707373 0.174013242
v -0.146092117 0.211280033 0.173603654
v -0.182471722 0.161122888 0.170919269
v -0.158066615 0.205073774 0.170636117
v -0.188677758 0.165291786 0.166879147
v -0.164893329 0.208094582 0.166753516
v -0.189765677 0.193902180 0.156890631
v -0.111881800 0.149192721 0.154221952
v -0.180052906 0.186968237 0.166626886
v -0.110773601 0.151696295 0.152619466
v -0.179815114 0.188287362 0.163815677
v -0.178690612 0.189621061 0.165997371
v -0.004694581 -0.000898398 0.037720993
v -0.020735448 0.162698492 0.063555442
v -0.003513530 0.000282976 0.030547470
v -0.022137985 0.163605914 0.056381911
v 0.004694577 0.000898398 0.032279007
v -0.014724785 0.164678141 0.054438345
v 0.002778630 -0.000392117 0.039664559
v -0.012580801 0.163818106 0.061823897
v -0.017359395 0.163712010 -0.006039068
v -0.009295298 0.164773673 -0.001676076
v -0.016405346 0.170958772 -0.002496590
v -0.027521690 0.167271286 0.000294928
v -0.023883881 0.159009382 -0.001710958
v -0.022293450 0.154234126 0.000086085
v -0.011839551 0.154750317 0.000144964
v -0.003354755 0.161868274 0.004535177
v -0.004305610 0.168911234 0.004458657
v -0.009722499 0.175645962 0.004428660
v -0.016917780 0.176882863 0.002925326
v -0.026586900 0.174191773 0.004237498
v -0.030572066 0.159394458 0.004167381
v -0.019203134 0.149707377 0.004535182
v -0.006369199 0.155278951 0.004200802
v -0.018325368 0.184361830 0.012448530
v -0.030993983 0.148079425 0.012116085
v 0.003508536 0.166421160 0.012459186
v -0.000735991 0.176645890 0.012767429
v -0.008853708 0.182960048 0.012621162
v -0.025582526 0.183195412 0.012499616
v -0.033921577 0.176697209 0.012411909
v -0.038217444 0.166496217 0.012459182
v -0.036909502 0.155614108 0.012942613
v -0.020000683 0.142891973 0.012575221
v -0.009092418 0.144127369 0.012624925
v 0.001484862 0.153591126 0.012605797
v 0.007227625 0.170300096 0.021812959
v -0.006967538 0.187061176 0.021477474
v -0.021048253 0.189102679 0.021841493
v -0.032887965 0.184037134 0.021753017
v -0.042830445 0.163712010 0.021868482
v -0.009636243 0.139659539 0.021323631
v -0.001509327 0.143504933 0.021997498
v 0.004632030 0.151015237 0.021918358
v 0.008062357 0.160365164 0.021488022
v 0.003115881 0.179335430 0.021944655
v -0.041209243 0.173285767 0.021849317
v -0.041077096 0.153944641 0.021495067
v -0.032740921 0.143174186 0.021774484
v -0.020568907 0.138224021 0.021694629
v 0.010723923 0.167026222 0.031998929
v -0.009753810 0.190848067 0.033000059
v -0.017359389 0.191944197 0.033229884
v -0.041491937 0.177775815 0.031558130
v -0.039335564 0.145844221 0.032625258
v 0.005297200 0.180670083 0.032152247
v -0.003371353 0.188312247 0.034539256
v -0.024818044 0.190882072 0.033257373
v -0.034963708 0.185912058 0.032099243
v -0.044702895 0.171066776 0.034689389
v -0.045395963 0.159306616 0.032454107
v -0.031603459 0.139363274 0.033637471
v -0.021200864 0.135784611 0.031007035
v -0.010375045 0.136445329 0.033683289
v -0.003371369 0.139111772 0.034539256
v 0.005306297 0.146728635 0.032222886
v 0.009846304 0.156255215 0.033637468
v 0.008092697 0.170721993 0.049453851
v 0.003214535 0.180046037 0.050284117
v -0.030360175 0.186544240 0.049710009
v -0.038457461 0.179359943 0.050203234
v -0.023867697 0.138083562 0.049219042
v -0.017175758 0.137312874 0.049453858
v 0.008510582 0.160448223 0.050503552
v -0.007994056 0.187977359 0.050700314
v -0.020757213 0.189520910 0.050575219
v -0.041497152 0.152983934 0.049932070
v -0.033161845 0.143117815 0.050874416
v 0.003279615 0.147353679 0.050150573
v -0.043541279 0.166542366 0.050110418
v -0.007929283 0.139554933 0.050826926
v 0.003517711 0.160963476 0.059151515
v -0.003326230 0.178717196 0.059120879
v -0.015186926 0.183873951 0.059108563
v -0.027582452 0.181418881 0.059121929
v -0.037312482 0.169058442 0.059119388
v -0.035906382 0.155512467 0.059108563
v -0.027030766 0.145586058 0.059120879
v -0.009409466 0.144519180 0.059144549
v -0.017359395 0.163712010 0.060080037
v -0.006362632 0.167262703 0.061447918
v -0.008638322 0.176700979 0.057102896
v -0.004241731 0.170667350 0.057102896
v -0.006739981 0.168079227 0.052676458
v -0.007220965 0.154580921 0.060496368
v -0.007068488 0.150723055 0.057102893
v -0.006711162 0.155650347 0.053329676
v -0.010171641 0.158926591 0.060412779
v -0.010171643 0.158926606 0.053793021
v -0.011465078 0.156756684 0.057102900
v -0.008485844 0.172843114 0.060496368
v -0.008485844 0.172843128 0.053709436
v -0.017338125 0.175267771 0.061447918
v -0.026532568 0.177513048 0.057102881
v -0.006690892 0.174038336 0.057102896
v -0.021736031 0.176330283 0.053329676
v -0.009924336 0.172462136 0.052676458
v -0.005542260 0.170532569 0.060496368
v -0.010587043 0.169069186 0.060412779
v -0.002311193 0.167992428 0.057102889
v -0.005933101 0.169329584 0.053709440
v -0.019689463 0.172026753 0.053793013
v -0.023301497 0.174972922 0.060496368
v -0.022152862 0.171467155 0.057102900
v -0.025930900 0.165550649 0.061447918
v -0.032049611 0.158329830 0.057102900
v -0.030928679 0.162284017 0.060496371
v -0.032706946 0.163132951 0.057102896
v -0.030928684 0.162284002 0.053709432
v -0.023883568 0.177049369 0.057102896
v -0.024112605 0.174533591 0.060412776
v -0.024112605 0.174533606 0.053793028
v -0.016780173 0.179346412 0.057102896
v -0.019171128 0.176314965 0.060496368
v -0.019171121 0.176314965 0.053709432
v -0.022109415 0.167163089 0.057102896
v -0.025930895 0.165550649 0.052757882
v -0.025930919 0.161873400 0.061447918
v -0.019171124 0.151109070 0.060496368
v -0.016780168 0.148077622 0.057102896
v -0.021235455 0.150931105 0.053329680
v -0.023883566 0.150374666 0.057102896
v -0.024112595 0.152890429 0.060412776
v -0.030928683 0.165140018 0.060496368
v -0.030928686 0.165140018 0.053709436
v -0.033319637 0.168171465 0.057102896
v -0.026716111 0.162312150 0.052676458
v -0.026216257 0.165874436 0.057102900
v -0.020361608 0.155615672 0.053793021
v -0.018259449 0.154991880 0.061447918
v -0.002311195 0.159431607 0.057102896
v -0.006690892 0.153385699 0.057102896
v -0.009154329 0.153945282 0.060412776
v -0.009154306 0.153945282 0.053793024
v -0.022910645 0.151248142 0.060496364
v -0.026532572 0.149910972 0.057102896
v -0.022910649 0.151248127 0.053709436
v -0.018259466 0.154991880 0.052757882
v -0.022152865 0.155956879 0.057102896
v -0.005933124 0.158094436 0.060496364
v -0.005933120 0.158094436 0.053709436
v 0.001427971 0.000882231 0.040237650
v -0.223409712 -0.134828150 0.123569787
v 0.002763991 -0.004909185 0.034285821
v -0.220049679 -0.142568439 0.119794630
v -0.002654510 0.001559346 0.030510642
v -0.224631041 -0.138782054 0.113842785
v -0.226420566 -0.134288788 0.116461597
v -0.001789510 0.004493274 0.037618838
v -0.223203063 -0.137899816 -0.002657861
v -0.209474921 -0.139707163 0.005507014
v -0.216952980 -0.126217976 0.004821421
v -0.231854513 -0.127292126 0.005438664
v -0.236715317 -0.140088364 0.005438663
v -0.229816586 -0.150063246 0.005785468
v -0.218017921 -0.150417820 0.005383366
v -0.199256763 -0.140810579 0.017261889
v -0.201231226 -0.128888667 0.016724572
v -0.209153086 -0.119154736 0.016255336
v -0.220478728 -0.114720151 0.016034542
v -0.239578888 -0.122274667 0.014407326
v -0.246461809 -0.135104701 0.016255377
v -0.242738888 -0.149447650 0.014335837
v -0.228614882 -0.159348801 0.013809091
v -0.213837549 -0.159609720 0.016545253
v -0.203992173 -0.151893869 0.016737567
v -0.230045184 -0.114032134 0.018127490
v -0.244961426 -0.120813973 0.022577586
v -0.248879060 -0.148200154 0.022577627
v -0.240284458 -0.160160735 0.022923695
v -0.226200029 -0.165725216 0.022946542
v -0.187652186 -0.137899786 0.032232795
v -0.189056322 -0.127738222 0.032599360
v -0.194530010 -0.116170302 0.031991653
v -0.204997495 -0.107346758 0.032485276
v -0.214175642 -0.103430592 0.032437783
v -0.228258550 -0.102457471 0.031824335
v -0.245418608 -0.109365582 0.032223169
v -0.256424755 -0.124556802 0.031824287
v -0.258834273 -0.138101324 0.032437798
v -0.256129265 -0.151956186 0.031824298
v -0.245623335 -0.166131422 0.032221504
v -0.232404336 -0.172239333 0.032232802
v -0.219093874 -0.173716098 0.032221477
v -0.205427632 -0.168687776 0.032232795
v -0.197398111 -0.162674457 0.032982584
v -0.190276816 -0.151956171 0.031824358
v -0.192779630 -0.113996558 0.039526854
v -0.228010640 -0.098921664 0.040782660
v -0.246619180 -0.101793937 0.048579980
v -0.260651916 -0.116726428 0.048998877
v -0.264964491 -0.126709864 0.049629666
v -0.264917493 -0.149165899 0.049587261
v -0.260954410 -0.158398658 0.048834469
v -0.253913492 -0.168395728 0.049404826
v -0.244820356 -0.175342068 0.049629621
v -0.223354742 -0.181179211 0.049404826
v -0.212013125 -0.179661244 0.049629670
v -0.185825899 -0.159578532 0.049587294
v -0.181583911 -0.149691239 0.049508363
v -0.179788932 -0.132647350 0.048876207
v -0.185788155 -0.115872346 0.049385019
v -0.195989594 -0.103463992 0.049650773
v -0.211698830 -0.096063897 0.049255379
v -0.229156986 -0.094609976 0.049159713
v -0.254163682 -0.107460931 0.049384993
v -0.266590983 -0.138184100 0.049255386
v -0.234490886 -0.180026531 0.049515694
v -0.197601900 -0.173103929 0.048484370
v -0.177292839 -0.125644773 0.067419291
v -0.198844224 -0.096595570 0.070206419
v -0.264569581 -0.113858350 0.069709957
v -0.264440328 -0.161459759 0.067503758
v -0.235504061 -0.183807686 0.067460008
v -0.189741969 -0.171634525 0.067600243
v -0.175003424 -0.137899816 0.072532482
v -0.181996405 -0.114162073 0.067044258
v -0.189103007 -0.104215093 0.070768662
v -0.210890800 -0.091959015 0.067082688
v -0.223203063 -0.089700170 0.072532482
v -0.235715285 -0.091381304 0.073436290
v -0.247435749 -0.096477434 0.071477018
v -0.257298231 -0.103869706 0.073436327
v -0.269760340 -0.125424832 0.072532512
v -0.271192253 -0.138174757 0.071477093
v -0.269143850 -0.150212109 0.067082636
v -0.257642657 -0.171229199 0.070861317
v -0.247632295 -0.179166570 0.070361897
v -0.223520055 -0.186042711 0.073156759
v -0.210286900 -0.184083194 0.070361830
v -0.199077308 -0.179594845 0.073436305
v -0.179873049 -0.158004597 0.066472508
v -0.177662328 -0.150060058 0.083957210
v -0.177723765 -0.125755489 0.084634222
v -0.184553012 -0.114911042 0.100662157
v -0.211652070 -0.094790831 0.101884104
v -0.266312063 -0.149450839 0.101884112
v -0.263989359 -0.161401376 0.084634870
v -0.235032499 -0.180990621 0.101572759
v -0.191413090 -0.169302851 0.101572759
v -0.182416826 -0.161401376 0.084634922
v -0.192214519 -0.106793605 0.103447445
v -0.201253816 -0.099733301 0.102890685
v -0.244947702 -0.099725820 0.103255004
v -0.261352450 -0.115874268 0.102846891
v -0.267205149 -0.137899876 0.102939092
v -0.254405648 -0.168872237 0.103198685
v -0.245326176 -0.175892726 0.103198677
v -0.212138891 -0.180441782 0.103209049
v -0.180834204 -0.149517119 0.103255004
v -0.179442540 -0.138232261 0.103562780
v -0.181148365 -0.126433119 0.104009472
v -0.223203048 -0.094048679 0.103220075
v -0.234329984 -0.095649503 0.103692569
v -0.254160881 -0.107212745 0.104009479
v -0.265402585 -0.126592502 0.103836462
v -0.261034489 -0.159925714 0.103358410
v -0.223535523 -0.181660339 0.103562772
v -0.201242507 -0.175553769 0.104009427
v -0.185371697 -0.159925804 0.103358433
v -0.189095750 -0.133409515 0.119093537
v -0.195347562 -0.117549591 0.119090036
v -0.209254578 -0.106348276 0.119090043
v -0.227720797 -0.103584029 0.119084992
v -0.248730302 -0.114025727 0.119110577
v -0.257501751 -0.134203807 0.119090036
v -0.252870589 -0.156378180 0.119110577
v -0.231115013 -0.171944082 0.119110577
v -0.205811352 -0.168023050 0.119113252
v -0.191225842 -0.151145220 0.119084992
v -0.223203063 -0.137899816 0.120906517
v -0.204834968 -0.146129817 0.121497110
v -0.207032129 -0.121756881 0.120262407
v -0.207032129 -0.115768880 0.116155028
v -0.203108951 -0.130171031 0.120453410
v -0.202660084 -0.121756881 0.117080428
v -0.203108966 -0.130171001 0.113707453
v -0.200849131 -0.137899816 0.117080428
v -0.202660084 -0.154042751 0.117080428
v -0.204834983 -0.146129817 0.112663753
v -0.208256617 -0.153231204 0.120575257
v -0.208256617 -0.153231204 0.113585599
v -0.208633915 -0.159849301 0.117080428
v -0.213177592 -0.126532212 0.117080428
v -0.210955307 -0.130171016 0.120453410
v -0.210955307 -0.130171001 0.113707453
v -0.223215535 -0.117805257 0.121410228
v -0.233165398 -0.118947230 0.120575257
v -0.239253774 -0.115681507 0.116155028
v -0.232207775 -0.113373846 0.117080428
v -0.216295317 -0.116639957 0.117080428
v -0.224344194 -0.116400845 0.113707453
v -0.203246593 -0.126093462 0.120575264
v -0.201502100 -0.123350725 0.117080428
v -0.209699824 -0.122973934 0.112663753
v -0.204003349 -0.128422558 0.113585606
v -0.212067798 -0.128639847 0.120453410
v -0.197825760 -0.130826488 0.117080428
v -0.220116630 -0.128400728 0.117080428
v -0.226768851 -0.123863168 0.113707453
v -0.234909847 -0.121689960 0.117080428
v -0.230253279 -0.125087455 0.121410228
v -0.244306579 -0.141517878 0.120575264
v -0.246287838 -0.140078425 0.113585606
v -0.250483066 -0.145210803 0.117080428
v -0.244002432 -0.132341564 0.120453410
v -0.241287783 -0.124760501 0.117080428
v -0.228264689 -0.115271702 0.120575264
v -0.235004306 -0.121635675 0.112750635
v -0.224679902 -0.109695777 0.117080428
v -0.226283446 -0.116711155 0.113585599
v -0.223260000 -0.117904700 0.117080428
v -0.231283471 -0.132029057 0.117080428
v -0.237654597 -0.136953503 0.113707453
v -0.242237151 -0.144024506 0.117080428
v -0.233225688 -0.155354545 0.121497110
v -0.224679917 -0.166103840 0.117080428
v -0.241287783 -0.151039124 0.117080428
v -0.235004276 -0.154163986 0.112750635
v -0.244002432 -0.143458098 0.120453410
v -0.249311268 -0.136914775 0.117080428
v -0.249293879 -0.129500538 0.118005827
v -0.246287823 -0.135721236 0.113585599
v -0.237654611 -0.138846099 0.120453410
v -0.242237151 -0.131775126 0.117080428
v -0.237654611 -0.138846114 0.113707453
v -0.231283471 -0.143770576 0.117080428
v -0.226283446 -0.159088477 0.120575257
v -0.223259985 -0.157894924 0.117080428
v -0.226283446 -0.159088477 0.113585599
v -0.213196456 -0.148564205 0.121410228
v -0.197158188 -0.146440461 0.116155028
v -0.203246579 -0.149706170 0.120575257
v -0.201502100 -0.152448907 0.117080428
v -0.216295317 -0.159159675 0.117080428
v -0.209643126 -0.154622123 0.113707453
v -0.224344179 -0.159398779 0.120453410
v -0.232207775 -0.162425786 0.117080428
v -0.233165383 -0.156852424 0.120575264
v -0.232408643 -0.159181505 0.113585606
v -0.239576176 -0.158538684 0.117080428
v -0.226712137 -0.153732881 0.112663753
v -0.220116630 -0.147398904 0.117080428
v -0.212067798 -0.147159800 0.113707453
v -0.204204172 -0.144132793 0.117080428
v -0.180786908 -0.137886852 0.063804269
v -0.182096243 -0.135514975 0.062308650
v -0.180786908 -0.136700436 0.055650849
v -0.178982973 -0.136378631 0.061633643
v -0.178982973 -0.138208658 0.057821479
v -0.182096243 -0.139072314 0.057146460
v -0.183766142 -0.138208643 0.061633639
v -0.183766142 -0.136378646 0.057821482
v -0.188341826 -0.118631877 0.077278897
v -0.185950235 -0.117716879 0.074723653
v -0.187620148 -0.116853222 0.070236452
v -0.185950235 -0.119546883 0.070911489
v -0.190207556 -0.120343946 0.074409835
v -0.188929483 -0.119225092 0.068740867
v -0.190733418 -0.117716871 0.070911489
v -0.195791155 -0.106554650 0.056944206
v -0.194481820 -0.105369203 0.050286379
v -0.192811906 -0.106232867 0.054773577
v -0.192811906 -0.108062856 0.050961416
v -0.194481820 -0.108926520 0.055448610
v -0.195791155 -0.107741073 0.048790786
v -0.197595090 -0.108062856 0.054773588
v -0.197595090 -0.106232867 0.050961405
v -0.207882628 -0.100861154 0.049914718
v -0.209191963 -0.098489277 0.048419122
v -0.206078678 -0.099352941 0.047744092
v -0.207882628 -0.099674731 0.041761298
v -0.206078678 -0.101182938 0.043931920
v -0.210861877 -0.101182938 0.047744088
v -0.209191963 -0.102046601 0.043256890
v -0.210861877 -0.099352941 0.043931931
v -0.235880464 -0.097240321 0.061661854
v -0.232901216 -0.096918538 0.059491225
v -0.234571129 -0.096054874 0.055004027
v -0.232901216 -0.098748527 0.055679064
v -0.234571129 -0.099612191 0.060166258
v -0.237684399 -0.098748527 0.059491236
v -0.235880464 -0.098426744 0.053508434
v -0.237684399 -0.096918538 0.055679053
v -0.242956340 -0.106956109 0.041228678
v -0.244265676 -0.104584239 0.039733090
v -0.241152406 -0.105447896 0.039058059
v -0.242956340 -0.105769686 0.033075262
v -0.241152406 -0.107277900 0.035245884
v -0.245935574 -0.107277900 0.039058052
v -0.244265676 -0.108141556 0.034570858
v -0.245935574 -0.105447896 0.035245888
v -0.255248874 -0.122195296 0.037822690
v -0.254527211 -0.120416641 0.030780239
v -0.252857298 -0.121280298 0.035267450
v -0.252857298 -0.123110294 0.031455275
v -0.255836517 -0.122788511 0.029284649
v -0.257114619 -0.123907365 0.034953643
v -0.257640451 -0.121280290 0.031455282
v -0.264797896 -0.133813918 0.070941053
v -0.262344539 -0.132695064 0.068456598
v -0.261818677 -0.135322124 0.064958259
v -0.263488561 -0.136185795 0.069445431
v -0.264210254 -0.134407133 0.062403016
v -0.266601861 -0.135322124 0.068770416
v -0.266601861 -0.133492142 0.064958245
v -0.260710478 -0.155799061 0.054519463
v -0.258257091 -0.154680207 0.052035008
v -0.257731229 -0.157307267 0.048536673
v -0.259401113 -0.158170924 0.053023845
v -0.262514412 -0.157307267 0.052348826
v -0.260122836 -0.156392261 0.045981422
v -0.262514412 -0.155477270 0.048536655
v -0.244377181 -0.172925472 0.051352557
v -0.245686531 -0.170553595 0.049856942
v -0.244377181 -0.171739057 0.043199144
v -0.242573231 -0.171417251 0.049181927
v -0.242573231 -0.173247278 0.045369774
v -0.245686531 -0.174110934 0.044694763
v -0.247356430 -0.173247278 0.049181920
v -0.247356430 -0.171417266 0.045369778
v -0.227801263 -0.179188341 0.052864294
v -0.229110613 -0.176816463 0.051368680
v -0.225997329 -0.177680120 0.050693676
v -0.227801263 -0.178001910 0.044710882
v -0.225997329 -0.179510146 0.046881512
v -0.230780497 -0.179510131 0.050693668
v -0.229110599 -0.180373803 0.046206493
v -0.230780497 -0.177680120 0.046881512
v -0.210233554 -0.176873758 0.064055018
v -0.207780167 -0.175754890 0.061570562
v -0.207254305 -0.178381950 0.058072217
v -0.208924204 -0.179245606 0.062559403
v -0.209645897 -0.177466959 0.055516969
v -0.212037504 -0.178381935 0.061884388
v -0.212037504 -0.176551953 0.058072221
v -0.201078787 -0.172426432 0.064098619
v -0.198099539 -0.172104627 0.061927989
v -0.199769437 -0.171240970 0.057440821
v -0.198099539 -0.173934639 0.058115836
v -0.199769437 -0.174798295 0.062603012
v -0.202882737 -0.173934639 0.061927989
v -0.201078787 -0.173612833 0.055945206
v -0.202882737 -0.172104627 0.058115840
v -0.188474059 -0.152546525 0.081038088
v -0.186020687 -0.151427671 0.078553639
v -0.185494825 -0.154054731 0.075055294
v -0.187164724 -0.154918388 0.079542473
v -0.187886417 -0.153139740 0.072500050
v -0.190278023 -0.154054731 0.078867450
v -0.190278023 -0.152224734 0.075055301
v 0.019210126 0.147180602 0.063979171
v -0.005056137 0.000829221 -0.000633044
v 0.012523986 0.148607612 0.062321175
v 0.002638207 0.001302200 -0.003979184
v 0.015175655 0.151024774 0.055568617
v 0.021338500 0.149475172 0.057678789
v 0.002492529 -0.002035250 0.004352239
v 0.022167465 0.153439566 0.068951018
v 0.016931241 0.166160405 0.062781148
v 0.016931241 0.166160405 0.057218842
v 0.012886940 0.158805221 0.052267261
v 0.016931241 0.149041384 0.050999995
v 0.029036215 0.161146358 0.062781148
v 0.029036215 0.161146358 0.057218842
v 0.026247980 0.145182282 0.067687705
v 0.034050256 0.149041384 0.062781148
v 0.034050256 0.149041384 0.057218842
v 0.026247989 0.152900502 0.052312288
v 0.029036215 0.136936411 0.062781148
v 0.029036215 0.136936411 0.057218842
v 0.016537912 0.132769778 0.064365365
v 0.016931241 0.131922364 0.057218842
v 0.020975543 0.139277562 0.052267261
v 0.007107916 0.145910084 0.067705333
v 0.004826268 0.136936411 0.062781148
v 0.004826268 0.136936411 0.057218842
v -0.000187775 0.149041384 0.062781148
v -0.000187775 0.149041384 0.057218842
v 0.007614493 0.145182282 0.052312288
v 0.013799925 0.158864722 0.067705333
v 0.004826268 0.161146358 0.062781148
v 0.004826268 0.161146358 0.057218842
v 0.033849563 0.153370813 0.063921273
v 0.041931242 0.160041392 0.059999995
v 0.048352368 0.155982196 0.063101687
v 0.057487592 0.156819552 0.059999995
v 0.063373581 0.149041384 0.060681373
v 0.056471683 0.151752800 0.056797709
v 0.057487588 0.141263217 0.059999995
v 0.048352387 0.142100573 0.063101687
v 0.041931242 0.138041392 0.059999995
v 0.048352335 0.142100573 0.056898307
v 0.027390810 0.146329969 0.063202284
v 0.026374895 0.141263217 0.059999995
v 0.033849578 0.144711956 0.056078725
v 0.020488903 0.149041384 0.059318621
v 0.026374895 0.156819552 0.059999995
v 0.035510153 0.155982211 0.056898307
v 0.026276818 0.163793817 0.063921273
v 0.014195045 0.176216990 0.059999995
v 0.020039784 0.181069434 0.063101694
v 0.022066358 0.190016359 0.059999995
v 0.020039784 0.181069449 0.056898307
v 0.031282712 0.193210691 0.060681373
v 0.036861323 0.185209170 0.059999995
v 0.031728614 0.185808703 0.056797709
v 0.033241998 0.176779807 0.063101687
v 0.035118289 0.169418603 0.059999995
v 0.027246974 0.155619249 0.059999995
v 0.029273555 0.164566159 0.056898307
v 0.017584721 0.159826905 0.063202284
v 0.018030621 0.152424932 0.059318621
v 0.012452008 0.160426423 0.059999995
v 0.018041765 0.166469559 0.056078725
v -0.012377160 0.164983720 0.063921273
v -0.009759820 0.154836833 0.059999995
v -0.002179119 0.154346555 0.056898307
v -0.020451430 0.166587129 0.059999995
v -0.016651373 0.170089081 0.056797709
v -0.021092556 0.176667288 0.059999995
v -0.013463899 0.174476251 0.063202292
v -0.011307638 0.179172486 0.059999995
v -0.007287610 0.171988890 0.056078725
v 0.003171454 0.172635198 0.059999995
v 0.005980306 0.165577024 0.063101687
v 0.013863062 0.160884902 0.059999995
v 0.005980304 0.165577024 0.056898307
v 0.009291167 0.154592231 0.062828422
v 0.014053040 0.151132539 0.059318621
v -0.002179107 0.154346541 0.063101687
v 0.004719272 0.148299545 0.059999995
v -0.007287607 0.126093894 0.063921273
v 0.005980297 0.132505745 0.063101687
v 0.003171456 0.125447571 0.059999995
v -0.011307635 0.118910283 0.059999995
v -0.004409247 0.124957293 0.056898307
v -0.021092555 0.121415474 0.059999995
v -0.016651371 0.127993673 0.056797709
v -0.016651371 0.127993673 0.063202284
v -0.020451428 0.131495640 0.059999995
v -0.009759821 0.143245935 0.059999995
v -0.002179121 0.143736228 0.063101687
v 0.004719269 0.149783224 0.059999995
v -0.002179106 0.143736228 0.056898307
v 0.009291166 0.143490553 0.062828422
v 0.014053038 0.146950260 0.059318621
v 0.013863062 0.137197867 0.059999995
v 0.005788792 0.135594457 0.056078725
v 0.031271569 0.118916728 0.063921273
v 0.029273547 0.133516625 0.063101694
v 0.035118289 0.128664166 0.059999995
v 0.033241998 0.121302992 0.056898307
v 0.036861327 0.112873599 0.059999995
v 0.031282715 0.104872093 0.060681377
v 0.026571207 0.110598326 0.056797709
v 0.022066362 0.108066417 0.059999995
v 0.020039786 0.117013343 0.063101694
v 0.014195046 0.121865787 0.059999995
v 0.012452006 0.137656346 0.059999995
v 0.016071334 0.129226968 0.056898307
v 0.017584717 0.138255864 0.063202292
v 0.018030617 0.145657852 0.059318621
v 0.027246971 0.142463535 0.059999995
v 0.026276827 0.134288952 0.056078725
vn 0.000000017 -0.000000007 1.000000000
vn -0.000002043 0.450434566 0.892809451
vn -0.000009648 0.914307833 0.405020088
vn 0.000004780 0.914311528 -0.405011714
vn 0.000000000 0.450433195 -0.892810166
vn 0.000000003 -0.000000007 -1.000000000
vn 0.318503916 0.318506688 0.892809570
vn 0.646506429 0.646520078 0.405020148
vn 0.646513999 0.646507204 -0.405028671
vn 0.318506271 0.318506181 -0.892808795
vn 0.450434536 0.000002026 0.892809570
vn 0.914307833 0.000009595 0.405020177
vn 0.914311528 -0.000004768 -0.405011684
vn 0.450433165 0.000000000 -0.892810166
vn 0.318506718 -0.318503827 0.892809510
vn 0.646520078 -0.646506429 0.405020177
vn 0.646507204 -0.646513939 -0.405028671
vn 0.318506241 -0.318506211 -0.892808914
vn 0.000002031 -0.450434536 0.892809570
vn 0.000009638 -0.914307833 0.405020237
vn -0.000004787 -0.914311528 -0.405011743
vn 0.000000005 -0.450433195 -0.892810166
vn -0.318503857 -0.318506718 0.892809451
vn -0.646506429 -0.646520078 0.405020207
vn -0.646513939 -0.646507204 -0.405028641
vn -0.318506211 -0.318506211 -0.892808795
vn -0.450434536 -0.000002026 0.892809570
vn -0.914307833 -0.000009595 0.405020177
vn -0.914311528 0.000004768 -0.405011684
vn -0.450433165 0.000000000 -0.892810166
vn -0.318506747 0.318503797 0.892809510
vn -0.646520078 0.646506429 0.405020177
vn -0.646507263 0.646513939 -0.405028671
vn -0.318506271 0.318506181 -0.892808795
vn 0.799760818 -0.599919975 0.021880625
vn 0.187669545 -0.140776128 0.972091675
vn 0.141113788 -0.963707507 -0.226615950
vn -0.470972836 -0.504577458 0.723592639
vn -0.352605432 -0.593359530 -0.723597944
vn -0.964692712 -0.134214491 0.226615146
vn -0.187672123 0.140780285 -0.972090602
vn -0.799761474 0.599919140 -0.021876970
vn 0.470975548 0.504574358 -0.723592937
vn -0.141113475 0.963708639 0.226611465
vn 0.964692533 0.134215817 -0.226615533
vn 0.352605850 0.593359053 0.723598123
vn 0.361707598 -0.364772737 0.857967675
vn 0.370334774 -0.373407841 0.850540280
vn 0.328311473 -0.344392419 0.879548490
vn 0.331570774 -0.347656608 0.877038062
vn 0.249930650 -0.291634828 0.923300505
vn 0.249927416 -0.291633695 0.923301816
vn 0.151668921 -0.222414851 0.963082612
vn 0.151670679 -0.222414747 0.963082433
vn 0.033214848 -0.136604950 0.990068614
vn 0.033214137 -0.136601865 0.990069091
vn -0.087466672 -0.046643186 0.995074868
vn -0.087464720 -0.046643056 0.995075047
vn -0.189918905 0.031764265 0.981285870
vn -0.189914778 0.031762499 0.981286645
vn -0.279037207 0.100726672 0.954982996
vn -0.275505841 0.098794259 0.956209362
vn -0.342344850 0.149617091 0.927585363
vn -0.335514933 0.145846158 0.930676401
vn -0.385794878 0.185004234 0.903844953
vn 0.386450022 -0.802205086 -0.455108106
vn -0.986954272 0.062821575 0.148239076
vn 0.945312440 -0.198777035 0.258596629
vn -0.345504999 0.937178493 0.048194505
vn 0.034322016 -0.343696415 0.938453436
vn 0.035177272 -0.352472186 0.935160875
vn 0.024500052 -0.311916798 0.949793577
vn 0.024817618 -0.315171272 0.948710203
vn 0.004484543 -0.239668339 0.970844507
vn 0.004485282 -0.239666939 0.970844865
vn -0.018217698 -0.153630376 0.987960398
vn -0.018216655 -0.153629616 0.987960637
vn -0.044354189 -0.052283712 0.997646809
vn -0.044353303 -0.052283738 0.997646809
vn -0.070291467 0.050813299 0.996231496
vn -0.070291169 0.050813552 0.996231496
vn -0.092262469 0.140254751 0.985807419
vn -0.092262395 0.140253067 0.985807657
vn -0.110416561 0.218628794 0.969540894
vn -0.112009704 0.222462207 0.968485594
vn -0.122120850 0.274007708 0.953942537
vn -0.125301421 0.281679958 0.951291740
vn -0.134690046 0.327898353 0.935062170
vn -0.210111737 -0.850529373 -0.482133776
vn -0.728006423 0.662845671 0.175049528
vn 0.613012075 -0.755463958 0.231280223
vn 0.324163496 0.943025351 0.074974701
vn 0.551856399 -0.030658351 0.833375335
vn 0.563980758 -0.026992679 0.825346649
vn 0.502592504 -0.034670163 0.863827944
vn 0.507304370 -0.033311911 0.861122847
vn 0.383709699 -0.042598646 0.922470689
vn 0.383700281 -0.042598870 0.922474623
vn 0.217323259 -0.051865909 0.974720836
vn 0.217313603 -0.051865745 0.974722922
vn 0.007497881 -0.060945734 0.998112917
vn 0.007484599 -0.060945503 0.998113036
vn -0.207326293 -0.067413338 0.975946367
vn -0.207331344 -0.067412920 0.975945294
vn -0.381394506 -0.070429780 0.921725512
vn -0.381392688 -0.070429645 0.921726346
vn -0.517134964 -0.071156755 0.852940857
vn -0.511079073 -0.072422944 0.856477201
vn -0.603405774 -0.072018705 0.794175506
vn -0.592464864 -0.074555941 0.802138984
vn -0.660261333 -0.073462531 0.747434437
vn 0.896761954 -0.378727764 0.228874370
vn -0.743010640 -0.242790222 0.623689055
vn 0.757475495 0.439580202 -0.482700974
vn -0.911184311 0.181727096 -0.369754612
vn 0.905350804 0.374384284 0.200440377
vn 0.052536417 0.021726632 0.998382628
vn 0.928119421 -0.358805120 -0.099263728
vn 0.075315416 -0.711464524 0.698674321
vn 0.449181467 -0.556853890 -0.698677242
vn -0.403633237 -0.909520686 0.099258751
vn -0.052535918 -0.021727903 -0.998382628
vn -0.905349493 -0.374388009 -0.200439289
vn -0.075315922 0.711464226 -0.698674619
vn -0.928119421 0.358804822 0.099264733
vn 0.403632790 0.909520864 -0.099259242
vn -0.449180514 0.556853771 0.698677838
vn 0.391741276 0.251535892 0.885024548
vn 0.403328001 0.253417611 0.879264474
vn 0.356364787 0.237006217 0.903787792
vn 0.360697418 0.237750351 0.901871502
vn 0.271496803 0.204649940 0.940429628
vn 0.271496505 0.204651058 0.940429509
vn 0.165852547 0.164103508 0.972400665
vn 0.165849403 0.164104283 0.972401083
vn 0.039392501 0.113805808 0.992721796
vn 0.039388865 0.113806136 0.992721856
vn -0.089290358 0.060733117 0.994152308
vn -0.089293346 0.060732823 0.994152069
vn -0.199168816 0.013891904 0.979866803
vn -0.199172795 0.013890373 0.979865968
vn -0.291501820 -0.026615147 0.956199944
vn -0.296000808 -0.027770320 0.954783916
vn -0.356908262 -0.055157900 0.932509542
vn -0.365679890 -0.057443678 0.928966343
vn -0.414743602 -0.080036506 0.906411529
vn 0.982477725 -0.179623425 -0.049729224
vn -0.664992273 -0.406319797 0.626649499
vn 0.556107581 0.817729115 -0.148537785
vn -0.873146117 -0.232874259 -0.428235292
vn 0.360056132 -0.094146587 0.928168058
vn 0.368985504 -0.098650426 0.924184918
vn 0.325644583 -0.085150339 0.941650152
vn 0.328967035 -0.086814396 0.940342546
vn 0.247242317 -0.062314942 0.966947794
vn 0.247239560 -0.062314279 0.966948569
vn 0.152823344 -0.034123398 0.987664282
vn 0.152826935 -0.034123510 0.987663627
vn 0.041010726 -0.000883096 0.999158382
vn 0.041007675 -0.000883336 0.999158382
vn -0.072804570 0.032793816 0.996806920
vn -0.072816931 0.032793593 0.996806085
vn -0.171004280 0.061719082 0.983335316
vn -0.171012163 0.061719850 0.983333886
vn -0.260028839 0.087834165 0.961597741
vn -0.256707996 0.086236902 0.962634027
vn -0.323495984 0.105784506 0.940297902
vn -0.316923469 0.102597319 0.942885637
vn -0.371731728 0.118648149 0.920726955
vn 0.765339792 -0.562812746 0.312245131
vn -0.682285249 0.329737216 0.652503073
vn 0.821476877 0.092012048 -0.562769532
vn -0.904451728 0.143380225 -0.401757568
vn 0.180928543 0.293319374 0.938737869
vn 0.186310306 0.300238043 0.935492218
vn 0.166310534 0.263657510 0.950171351
vn 0.168300375 0.266222745 0.949105144
vn 0.131551266 0.197738931 0.971387506
vn 0.131553173 0.197740406 0.971386909
vn 0.089592345 0.119908243 0.988734126
vn 0.089591779 0.119907893 0.988734245
vn 0.040034305 0.028453812 0.998793125
vn 0.040033426 0.028453080 0.998793185
vn -0.010534885 -0.064360939 0.997871101
vn -0.010534691 -0.064360552 0.997871101
vn -0.054543279 -0.144724086 0.987967610
vn -0.054544859 -0.144725099 0.987967432
vn -0.093734808 -0.214593530 0.972195148
vn -0.095127597 -0.218489692 0.971191525
vn -0.122144364 -0.263308257 0.956948042
vn -0.124923222 -0.271113932 0.954406381
vn -0.148833707 -0.311601937 0.938484311
vn 0.731493652 0.482254565 -0.482024461
vn 0.084909044 -0.980890393 0.175055683
vn 0.062538221 0.970881343 0.231254026
vn -0.877897918 -0.472938746 0.074995220
vn 0.336625427 0.932315886 0.132176265
vn 0.042720277 0.118316263 0.992056549
vn 0.887250245 0.436604917 -0.148872882
vn 0.593348861 -0.377392679 0.710993588
vn 0.697578073 -0.088703692 -0.710996807
vn 0.403669417 -0.902711272 0.148874119
vn -0.042716697 -0.118318081 -0.992056549
vn -0.336627603 -0.932315290 -0.132174984
vn -0.593341410 0.377396822 -0.710997581
vn -0.887248039 -0.436606973 0.148880109
vn -0.403672129 0.902710199 -0.148872778
vn -0.697578073 0.088703722 0.710996866
vn 0.095014073 0.386557370 0.917358041
vn 0.096476585 0.394137621 0.913973629
vn 0.081020467 0.349519432 0.933419526
vn 0.081570655 0.352353901 0.932305157
vn 0.050717454 0.269379288 0.961697698
vn 0.050717913 0.269381881 0.961697042
vn 0.014536496 0.172287658 0.984939396
vn 0.014535580 0.172287688 0.984939396
vn -0.027796840 0.056794681 0.997998893
vn -0.027796254 0.056794640 0.997998953
vn -0.070139818 -0.060788449 0.995683253
vn -0.070139222 -0.060789067 0.995683253
vn -0.105990142 -0.162040204 0.981075525
vn -0.105991282 -0.162043825 0.981074810
vn -0.136931285 -0.248334587 0.958947182
vn -0.137746140 -0.253142208 0.957572460
vn -0.159108385 -0.307835698 0.938041389
vn -0.160650268 -0.317342669 0.934604287
vn -0.178798646 -0.365911722 0.913312554
vn 0.653943777 0.604278624 -0.455197632
vn 0.229250655 -0.962023139 0.148174658
vn -0.086848095 0.962041795 0.258714080
vn -0.794889510 -0.604838550 0.048176944
vn 0.391781896 0.250408918 0.885326147
vn 0.397839248 0.255739659 0.881090999
vn 0.357733548 0.229899243 0.905081749
vn 0.360024005 0.231897756 0.903662562
vn 0.282767802 0.185054734 0.941167951
vn 0.282772660 0.185056642 0.941166162
vn 0.190293863 0.129551932 0.973141670
vn 0.190291196 0.129551768 0.973142147
vn 0.079136916 0.062590584 0.994896889
vn 0.079132840 0.062590338 0.994897187
vn -0.035008799 -0.006433502 0.999366283
vn -0.035010416 -0.006433103 0.999366224
vn -0.133507729 -0.066208884 0.988833666
vn -0.133506000 -0.066207267 0.988834083
vn -0.217583016 -0.117392384 0.968956470
vn -0.221776888 -0.119084455 0.967798471
vn -0.277848870 -0.153325871 0.948309660
vn -0.286110193 -0.156637564 0.945307195
vn -0.331864774 -0.184712172 0.925066054
vn -0.519426048 0.037469160 0.853693545
vn 0.703489959 0.287328273 -0.650034070
vn -0.071800686 -0.994882822 -0.071083017
vn -0.823253512 0.102976091 -0.558255911
vn 0.716157973 0.574678361 0.396058887
vn -0.178159982 0.447905600 0.876150429
vn -0.179696068 0.459571689 0.869771898
vn -0.164548248 0.412342936 0.896045268
vn -0.165151507 0.416726977 0.893903673
vn -0.134770259 0.326231927 0.935633361
vn -0.134770572 0.326235741 0.935631990
vn -0.097960427 0.217605487 0.971108377
vn -0.097961947 0.217606336 0.971108139
vn -0.052995093 0.086221308 0.994865596
vn -0.052996442 0.086221218 0.994865477
vn -0.006270154 -0.048915002 0.998783290
vn -0.006269510 -0.048915401 0.998783290
vn 0.034267899 -0.165047690 0.985690117
vn 0.034269307 -0.165051684 0.985689402
vn 0.068735294 -0.262971193 0.962352157
vn 0.069563493 -0.267717272 0.960983038
vn 0.092513569 -0.332430065 0.938579500
vn 0.094111286 -0.341701597 0.935084522
vn 0.112818241 -0.393909961 0.912199080
vn 0.239943057 0.954356849 -0.177849025
vn 0.524385750 -0.286429197 0.801859081
vn 0.649656892 -0.470213264 -0.597365320
vn -0.785422385 0.613850296 -0.079369515
vn -0.607921004 -0.793058932 0.038596284
vn -0.094413929 0.995375931 0.017683947
vn -0.022537719 0.237613454 0.971098304
vn 0.618002951 0.751929045 -0.229510844
vn 0.689877987 -0.005831720 0.723902225
vn 0.676478148 0.135431185 -0.723903179
vn 0.748352587 -0.622327805 0.229513511
vn 0.022535890 -0.237622485 -0.971096098
vn 0.094415903 -0.995375574 -0.017691892
vn -0.689876914 0.005834176 -0.723903179
vn -0.618002713 -0.751929641 0.229509056
vn -0.748354197 0.622326910 -0.229510874
vn -0.676479399 -0.135430992 0.723902047
vn -0.117857523 0.388033479 0.914078653
vn -0.116372876 0.400131524 0.909039199
vn -0.113881901 0.348626882 0.930317283
vn -0.113362901 0.353150666 0.928672969
vn -0.106851906 0.255235463 0.960956573
vn -0.106852032 0.255238950 0.960955620
vn -0.097986661 0.139664784 0.985338748
vn -0.097986214 0.139665604 0.985338688
vn -0.085869186 0.001971880 0.996304512
vn -0.085869096 0.001976763 0.996304512
vn -0.071930714 -0.137362927 0.987905622
vn -0.071930297 -0.137362674 0.987905681
vn -0.058740351 -0.255642414 0.964985251
vn -0.058740661 -0.255639970 0.964985907
vn -0.046701167 -0.354405612 0.933924913
vn -0.046907052 -0.358964920 0.932171643
vn -0.038408261 -0.423780620 0.904950261
vn -0.038785733 -0.432620347 0.900741577
vn -0.031490069 -0.484596282 0.874170899
vn -0.545719862 0.819005072 0.177258402
vn 0.392304718 0.839551449 -0.375833184
vn 0.590908110 -0.761039853 0.267667681
vn -0.437151939 -0.896839738 -0.067651004
vn 0.182928249 0.273191810 0.944406450
vn 0.189837679 0.280520111 0.940887928
vn 0.164170191 0.242505625 0.956158578
vn 0.166724384 0.245229259 0.955021262
vn 0.119337961 0.173598856 0.977559149
vn 0.119333275 0.173596159 0.977560222
vn 0.064870477 0.091340058 0.993704617
vn 0.064871371 0.091340207 0.993704557
vn 0.000694679 -0.005504250 0.999984622
vn 0.000697426 -0.005501138 0.999984622
vn -0.064299203 -0.103496768 0.992549241
vn -0.064302057 -0.103497140 0.992549121
vn -0.120136224 -0.187604070 0.974870324
vn -0.120140254 -0.187606409 0.974869311
vn -0.168240592 -0.260003656 0.950838149
vn -0.170906231 -0.262856662 0.949577510
vn -0.203161940 -0.311405689 0.928305805
vn -0.208452806 -0.317023993 0.925225973
vn -0.235021427 -0.357063711 0.904030085
vn 0.871883810 0.466263533 0.149722889
vn 0.000670759 -0.984454691 0.175637648
vn 0.042185735 0.913870037 -0.403809369
vn -0.915154397 -0.395470738 0.078072183
vn -0.378247976 0.269563913 0.885586798
vn -0.386739790 0.276030540 0.879908800
vn -0.347020537 0.235055998 0.907923698
vn -0.350251168 0.237510428 0.906042457
vn -0.275565326 0.156700730 0.948424280
vn -0.275561988 0.156698376 0.948425651
vn -0.182034135 0.056746200 0.981653452
vn -0.182033181 0.056745421 0.981653631
vn -0.066592716 -0.063083053 0.995784104
vn -0.066591404 -0.063082747 0.995784223
vn 0.052820589 -0.183248326 0.981646538
vn 0.052821312 -0.183247447 0.981646717
vn 0.154174685 -0.282242835 0.946873367
vn 0.154172048 -0.282240629 0.946874440
vn 0.240763068 -0.364495873 0.899542093
vn 0.237693384 -0.360309124 0.902041674
vn 0.300366223 -0.418442786 0.857138097
vn 0.294548213 -0.410538495 0.862959743
vn 0.343673885 -0.455441833 0.821255863
vn -0.275219083 0.949614584 0.149955913
vn 0.190974399 -0.936173141 0.295141846
vn 0.969069779 -0.243505791 -0.040108826
vn -0.885859728 0.230344802 -0.402732998
vn -0.821493685 0.562795937 0.091700040
vn -0.137029350 0.093871869 0.986109078
vn -0.194018856 0.964757979 -0.177760690
vn 0.490446717 0.495850593 0.716654897
vn 0.285244077 0.636423111 -0.716659904
vn 0.969712794 0.167504206 0.177762389
vn 0.137025550 -0.093874946 -0.986109257
vn 0.821496487 -0.562793195 -0.091691598
vn -0.490450382 -0.495836347 -0.716662288
vn 0.194014728 -0.964758754 0.177760556
vn -0.969713628 -0.167506859 -0.177755669
vn -0.285238802 -0.636426151 0.716659307
vn -0.248423874 0.275121778 0.928759217
vn -0.254513115 0.280617177 0.925460458
vn -0.220911250 0.258862019 0.940313160
vn -0.223164156 0.260901272 0.939216852
vn -0.160508782 0.220603243 0.962066054
vn -0.160504520 0.220602021 0.962067068
vn -0.089953519 0.174394026 0.980558634
vn -0.089950688 0.174393266 0.980558991
vn -0.007515888 0.119328529 0.992826462
vn -0.007516104 0.119328231 0.992826402
vn 0.075699218 0.062588498 0.995164514
vn 0.075696819 0.062588587 0.995164692
vn 0.147620708 0.012603562 0.988963723
vn 0.147620648 0.012602297 0.988963783
vn 0.210668623 -0.031961162 0.977034986
vn 0.213101745 -0.034348030 0.976426065
vn 0.256036669 -0.065111957 0.964471638
vn 0.260892510 -0.069950595 0.962830305
vn 0.296873540 -0.096016146 0.950077355
vn -0.374747247 0.915150404 -0.148540407
vn 0.566375136 -0.535148978 0.626765430
vn -0.998378813 0.027695499 -0.049727961
vn 0.806051612 -0.408638626 -0.428130209
vn -0.173426136 0.542504847 0.821956158
vn -0.174399272 0.557393551 0.811725020
vn -0.159294233 0.502800763 0.849598110
vn -0.159714609 0.508504272 0.846117377
vn -0.127509326 0.398704290 0.908172011
vn -0.127510518 0.398706347 0.908170938
vn -0.085385054 0.255913436 0.962921500
vn -0.085386336 0.255913556 0.962921321
vn -0.032186523 0.076690182 0.996535301
vn -0.032184880 0.076683447 0.996535897
vn 0.023281738 -0.109000891 0.993769050
vn 0.023282489 -0.109001733 0.993768811
vn 0.069869779 -0.264043272 0.961976826
vn 0.069869824 -0.264039367 0.961977839
vn 0.106431529 -0.385084182 0.916723847
vn 0.107075863 -0.391061515 0.914114654
vn 0.130028516 -0.466819614 0.874741137
vn 0.131141707 -0.477957398 0.868538260
vn 0.148575872 -0.534691453 0.831883550
vn 0.199597299 0.968335807 0.149955645
vn 0.330824822 -0.680859685 0.653440952
vn -0.676679254 0.617163897 -0.401514471
vn 0.146787137 -0.904308558 -0.400848627
vn -0.380719751 -0.022775620 0.924410045
vn -0.390319705 -0.021893889 0.920419037
vn -0.346183300 -0.018642023 0.937981665
vn -0.349746674 -0.018322360 0.936665058
vn -0.266916305 -0.011462068 0.963651597
vn -0.266917706 -0.011461990 0.963651180
vn -0.171430424 -0.003650869 0.985189438
vn -0.171437845 -0.003650958 0.985188186
vn -0.058345489 0.005474662 0.998281419
vn -0.058353271 0.005474365 0.998281002
vn 0.056918684 0.014640720 0.998271406
vn 0.056912754 0.014640775 0.998271823
vn 0.156653449 0.022461567 0.987398207
vn 0.156646267 0.022461569 0.987399340
vn 0.243277267 0.029168621 0.969518125
vn 0.247159779 0.028840059 0.968545496
vn 0.305674285 0.033339653 0.951552272
vn 0.313402951 0.032657534 0.949058592
vn 0.361974388 0.036396891 0.931477189
vn -0.803620696 0.349151164 -0.481962055
vn 0.774979115 0.607260406 0.175048888
vn -0.847218692 -0.478221625 0.231353804
vn 0.875827253 -0.476750642 0.075069256
vn -0.925202608 -0.332168788 0.183477297
vn -0.069741622 -0.025035096 0.997250974
vn -0.908351421 0.403015405 -0.111697085
vn -0.052884694 0.710144460 0.702066958
vn -0.410882711 0.581615984 -0.702067077
vn 0.444583684 0.888745308 0.111701153
vn 0.069746837 0.025040731 -0.997250438
vn 0.925201774 0.332165927 -0.183487222
vn 0.052883819 -0.710141838 -0.702069759
vn 0.908350170 -0.403017044 0.111701399
vn -0.444579184 -0.888747573 -0.111700870
vn 0.410879344 -0.581612647 0.702071905
vn -0.284771025 -0.043596219 0.957603633
vn -0.293683648 -0.045363504 0.954825759
vn -0.253150731 -0.030464182 0.966947138
vn -0.256444216 -0.031114755 0.966058075
vn -0.181370169 -0.003066629 0.983410120
vn -0.181364030 -0.003065903 0.983411252
vn -0.096373908 0.028175479 0.994946420
vn -0.096374668 0.028175209 0.994946301
vn 0.003081053 0.064070120 0.997940660
vn 0.003079411 0.064070314 0.997940719
vn 0.103391841 0.099560760 0.989645302
vn 0.103392601 0.099560738 0.989645243
vn 0.189796418 0.129546553 0.973239481
vn 0.189792365 0.129545212 0.973240495
vn 0.264991611 0.154478818 0.951796055
vn 0.268591136 0.156399176 0.950472593
vn 0.317942321 0.170854911 0.932588518
vn 0.325107783 0.174673587 0.929405272
vn 0.369065106 0.187858865 0.910219729
vn -0.977906764 0.198536828 0.065433227
vn 0.624466658 0.565676689 0.538564146
vn -0.588146567 -0.763164461 -0.267700672
vn 0.941411734 -0.000187264 -0.337259293
vn -0.360977441 0.126852989 0.923906744
vn -0.368698001 0.128095239 0.920680940
vn -0.323424697 0.113946125 0.939368367
vn -0.326310635 0.114418849 0.938312173
vn -0.242213607 0.085682131 0.966432154
vn -0.242218152 0.085682712 0.966430962
vn -0.143832698 0.051428597 0.988264799
vn -0.143835679 0.051428609 0.988264382
vn -0.027050655 0.010747925 0.999576271
vn -0.027048694 0.010746513 0.999576390
vn 0.091736920 -0.030652177 0.995311439
vn 0.091735587 -0.030652428 0.995311499
vn 0.193762794 -0.066226788 0.978810549
vn 0.193757862 -0.066225998 0.978811622
vn 0.281053662 -0.096676834 0.954810202
vn 0.284735739 -0.098694660 0.953511894
vn 0.343019992 -0.119015150 0.931757867
vn 0.350258678 -0.123018168 0.928539455
vn 0.398029238 -0.139623821 0.906685114
vn -0.594502449 0.783914506 -0.179010719
vn 0.779315650 -0.043666806 0.625108242
vn -0.967709124 -0.239164248 -0.079622038
vn 0.782787383 -0.501981854 -0.367774665
vn -0.271662563 -0.357149750 0.893668652
vn -0.277778596 -0.364401609 0.888847888
vn -0.255795211 -0.326898515 0.909783602
vn -0.258077353 -0.329607278 0.908160329
vn -0.216954470 -0.258476853 0.941339731
vn -0.216954708 -0.258474886 0.941340268
vn -0.168647796 -0.176012829 0.969833791
vn -0.168648019 -0.176013112 0.969833553
vn -0.110345602 -0.077883095 0.990837097
vn -0.110343665 -0.077886924 0.990836978
vn -0.049792025 0.022552710 0.998504937
vn -0.049787506 0.022552328 0.998505175
vn 0.003467334 0.109706841 0.993957937
vn 0.003470002 0.109709881 0.993957579
vn 0.050835080 0.184893712 0.981442869
vn 0.052639406 0.189207897 0.980525136
vn 0.085138708 0.237023041 0.967766285
vn 0.088750370 0.245631889 0.965291798
vn 0.117547177 0.288642049 0.950193882
vn 0.752639115 0.447117537 0.483342767
vn -0.573683262 -0.530411541 -0.624140382
vn 0.106093831 0.967792630 -0.228301138
vn -0.285124272 -0.884506166 0.369260073
vn -0.469044089 -0.882096112 0.043636404
vn -0.100181952 -0.188407019 0.976967931
vn -0.932648480 -0.292281240 -0.211514726
vn -0.563782871 0.401403964 0.721819758
vn -0.648032665 0.242977634 -0.721814036
vn -0.279175311 0.936655164 0.211514398
vn 0.100186922 0.188408151 -0.976967156
vn 0.469040841 0.882097960 -0.043633133
vn 0.563784897 -0.401407570 -0.721816242
vn 0.932648301 0.292285830 0.211509317
vn 0.279172271 -0.936655700 -0.211515889
vn 0.648036242 -0.242978513 0.721810579
vn -0.213550866 -0.349503934 0.912273586
vn -0.219151780 -0.356842935 0.908094466
vn -0.199053064 -0.318797022 0.926685750
vn -0.201131612 -0.321530968 0.925291240
vn -0.163938314 -0.249800906 0.954318464
vn -0.163936898 -0.249802649 0.954318345
vn -0.120919406 -0.167419076 0.978442311
vn -0.120916523 -0.167419016 0.978442669
vn -0.069610886 -0.069906846 0.995121777
vn -0.069612160 -0.069909908 0.995121479
vn -0.016943984 0.029403869 0.999424040
vn -0.016944591 0.029404115 0.999424040
vn 0.029047612 0.115497760 0.992882907
vn 0.029047605 0.115495808 0.992883146
vn 0.071348786 0.194160894 0.978371620
vn 0.069212452 0.191376269 0.979073465
vn 0.101351306 0.250773519 0.962725580
vn 0.097054020 0.245226726 0.964595437
vn 0.123738721 0.294244409 0.947686076
vn -0.977919519 -0.138162583 0.156794593
vn 0.175418615 0.785932720 0.592906475
vn -0.021713465 -0.498200566 -0.866789997
vn 0.205158457 -0.818942249 0.535951078
vn 0.607901990 0.688982725 -0.394661754
vn -0.512790143 -0.165337875 0.842442751
vn -0.525450647 -0.168387875 0.833994687
vn -0.477542579 -0.146603093 0.866291344
vn -0.482350290 -0.147771537 0.863424480
vn -0.388421953 -0.104365937 0.915552378
vn -0.388418108 -0.104365356 0.915554106
vn -0.271149457 -0.051466260 0.961160362
vn -0.271144181 -0.051466383 0.961161792
vn -0.126054093 0.012279471 0.991947412
vn -0.126053229 0.012279807 0.991947472
vn 0.024927357 0.076801911 0.996734738
vn 0.024926648 0.076802343 0.996734738
vn 0.154296666 0.130662188 0.979346693
vn 0.154298723 0.130661473 0.979346454
vn 0.260880411 0.174009189 0.949558973
vn 0.266221434 0.175145701 0.947866082
vn 0.335550487 0.202771962 0.919939876
vn 0.345841229 0.204843000 0.915659904
vn 0.400459021 0.226345405 0.887919068
vn -0.967038155 0.180626109 -0.179475293
vn 0.550294638 0.679023862 0.485903740
vn -0.555772781 -0.827505887 -0.079691350
vn 0.973246515 -0.033635437 -0.227288201
vn 0.150409028 -0.539370596 0.828526676
vn 0.149690747 -0.553191185 0.819495142
vn 0.141890347 -0.499806106 0.854436100
vn 0.141672105 -0.505075455 0.851368308
vn 0.124138534 -0.399378777 0.908342600
vn 0.124138877 -0.399381280 0.908341527
vn 0.100863464 -0.265784621 0.958741426
vn 0.100863472 -0.265782267 0.958742142
vn 0.070503406 -0.100032836 0.992483079
vn 0.070503652 -0.100031756 0.992483199
vn 0.037446026 0.071798332 0.996716082
vn 0.037446517 0.071797572 0.996716022
vn 0.008181513 0.217415780 0.976044834
vn 0.008181185 0.217418969 0.976044059
vn -0.017619159 0.341030896 0.939886928
vn -0.017450104 0.335449368 0.941896677
vn -0.036631197 0.424572766 0.904652476
vn -0.036319751 0.413934916 0.909581661
vn -0.051511861 0.483614624 0.873764038
vn 0.292352259 -0.868813694 0.399616003
vn -0.261429787 0.709822893 0.654068708
vn 0.023511294 -0.756093144 -0.654041529
vn -0.054180432 0.915118396 -0.399528354
vn 0.366178364 -0.906492829 0.210200235
vn 0.017568458 -0.043492168 0.998899281
vn -0.366048366 -0.926029384 -0.092076853
vn -0.714661658 -0.063021019 0.696625471
vn -0.557922244 -0.451037854 -0.696625888
vn -0.906532526 0.411970615 0.092081651
vn -0.017565211 0.043489214 -0.998899460
vn -0.366179973 0.906494081 -0.210192323
vn 0.714661777 0.063019000 -0.696625590
vn 0.366048217 0.926029384 0.092077456
vn 0.906533659 -0.411969364 -0.092076898
vn 0.557929814 0.451034844 0.696621776
vn 0.037563868 -0.238714471 0.970363021
vn 0.039172530 -0.245363697 0.968639433
vn 0.025738649 -0.212595254 0.976801276
vn 0.026328249 -0.215039223 0.976250529
vn 0.001361678 -0.155022606 0.987909973
vn 0.001361829 -0.155024692 0.987909675
vn -0.025979286 -0.088540122 0.995733738
vn -0.025979921 -0.088540047 0.995733738
vn -0.057308961 -0.011375469 0.998291671
vn -0.057308111 -0.011376213 0.998291790
vn -0.088458627 0.066417329 0.993863106
vn -0.088457815 0.066416673 0.993863165
vn -0.115176424 0.134031996 0.984261036
vn -0.115177706 0.134035334 0.984260440
vn -0.139785513 0.197084531 0.970369935
vn -0.139268264 0.194691315 0.970927298
vn -0.157835200 0.242825449 0.957143605
vn -0.156813025 0.237976506 0.958528459
vn -0.172212571 0.278282106 0.944934964
vn -0.108799882 -0.978098512 0.177442953
vn -0.400749892 0.668406308 0.626604021
vn 0.734773636 -0.565541327 -0.374527335
vn -0.226021022 0.874775589 -0.428581744
vn -0.154441431 -0.492641270 0.856418371
vn -0.159727663 -0.502635837 0.849614203
vn -0.145373553 -0.456782430 0.877619803
vn -0.147348300 -0.460560232 0.875312984
vn -0.120613180 -0.371762305 0.920459270
vn -0.120615751 -0.371765792 0.920457602
vn -0.088285901 -0.264769375 0.960261822
vn -0.088286914 -0.264769673 0.960261643
vn -0.048815586 -0.134626493 0.989693284
vn -0.048814904 -0.134629861 0.989692807
vn -0.007785114 0.000137609 0.999969661
vn -0.007783092 0.000138001 0.999969661
vn 0.027863955 0.116810784 0.992763221
vn 0.027863327 0.116806775 0.992763698
vn 0.059086867 0.220813170 0.973524630
vn 0.058577649 0.217017889 0.974408507
vn 0.080826484 0.295771569 0.951833189
vn 0.079847477 0.288321167 0.954198837
vn 0.097270139 0.348892301 0.932101190
vn -0.702055216 -0.696147323 0.149991244
vn 0.101041116 0.750122607 0.653534055
vn 0.222260401 -0.888472021 -0.401519597
vn 0.378015667 0.834537983 -0.400812328
vn 0.445763320 -0.241671175 0.861910760
vn 0.456209183 -0.245011136 0.855478108
vn 0.405129671 -0.219242319 0.887582541
vn 0.409112811 -0.220541432 0.885431051
vn 0.311445028 -0.166912913 0.935490370
vn 0.311448753 -0.166914359 0.935488760
vn 0.188016996 -0.098105915 0.977253735
vn 0.188018680 -0.098105863 0.977253377
vn 0.036029834 -0.013568672 0.999258578
vn 0.036032308 -0.013569092 0.999258578
vn -0.119936794 0.072978936 0.990095615
vn -0.119939558 0.072978325 0.990095317
vn -0.250509262 0.145271614 0.957152784
vn -0.250517935 0.145272836 0.957150221
vn -0.359704226 0.204634726 0.910350204
vn -0.355310500 0.203175128 0.912400305
vn -0.435028493 0.244278327 0.866647661
vn -0.426744372 0.241606340 0.871501982
vn -0.484756470 0.271807075 0.831343532
vn 0.536006033 -0.831204951 0.147634491
vn -0.719611049 -0.341605306 0.604537725
vn 0.915953517 0.024235392 -0.400551915
vn -0.641677320 0.240424544 -0.728317440
vn -0.066696450 0.926754355 0.369699806
vn -0.617107093 -0.707029939 0.345380157
vn -0.507437825 0.420444995 0.752152205
vn -0.407974124 -0.517526805 -0.752145827
vn -0.751643717 0.561920226 -0.345365644
vn 0.746428072 -0.435105771 -0.503515720
vn 0.332697332 0.717021644 -0.612529516
vn 0.475663513 -0.631326079 0.612512589
vn 0.638574243 0.581977665 0.503512621
vn 0.000165637 0.003804253 0.999992728
vn -0.574407637 -0.078055032 0.814839542
vn -0.058493830 -0.534531772 0.843121707
vn 0.598041654 -0.233034179 0.766838610
vn 0.507795811 0.288158834 0.811854661
vn 0.281891823 0.593019187 0.754231632
vn -0.332618237 0.536928892 0.775288701
vn -0.718936384 0.103889637 0.687268078
vn -0.663005352 -0.291733682 0.689431190
vn -0.409772754 -0.601063550 0.686155140
vn 0.007885368 -0.733642340 0.679490030
vn 0.461330980 -0.555218399 0.692030549
vn 0.692744315 0.240511686 0.679896653
vn 0.057532888 0.754737020 0.653499782
vn -0.593204379 0.425401151 0.683478236
vn 0.004564737 -0.827151120 0.561961055
vn 0.543028772 0.634263098 0.550299942
vn -0.825578809 -0.112259015 0.553007722
vn -0.663012147 -0.515912712 0.542447209
vn -0.326851428 -0.769092262 0.549240649
vn 0.311549991 -0.760710001 0.569435656
vn 0.662980914 -0.498250276 0.558751345
vn 0.822747290 -0.105996467 0.558436930
vn 0.776183248 0.325343639 0.540084481
vn 0.117518157 0.823830187 0.554520905
vn -0.325077355 0.765773892 0.554901123
vn -0.730905414 0.404764950 0.549493134
vn -0.903025389 -0.273608565 0.331185043
vn -0.375869542 -0.858357549 0.349205673
vn 0.124553390 -0.932652712 0.338593155
vn 0.569560289 -0.750468910 0.335257471
vn 0.944952667 -0.014364319 0.326891631
vn -0.264296353 0.903764009 0.336686879
vn -0.582406521 0.738428831 0.339890420
vn -0.819458425 0.469480872 0.328748524
vn -0.928322196 0.132190108 0.347482145
vn -0.743541420 -0.577552676 0.337014973
vn 0.872777879 -0.357623875 0.332210511
vn 0.855837464 0.373867154 0.357443213
vn 0.554982722 0.751906931 0.355851293
vn 0.122730702 0.927059531 0.354256660
vn -0.986617446 -0.144105479 0.076286897
vn -0.245963305 -0.966656148 0.071259722
vn -0.018189318 -0.998289466 0.055562563
vn 0.846149206 -0.523572862 0.099514522
vn 0.787018478 0.613469720 0.065244019
vn -0.806019843 -0.585740387 0.085089900
vn -0.525183439 -0.850657463 0.023755172
vn 0.296745718 -0.953038871 0.060488444
vn 0.615676284 -0.783190548 0.086921431
vn 0.968184888 -0.249071643 0.024112903
vn 0.984864354 0.157470077 0.072425805
vn 0.491828144 0.869610190 0.043397766
vn 0.135706022 0.984282851 0.113010123
vn -0.223176152 0.973207235 0.055318084
vn -0.509139359 0.860403955 0.021957966
vn -0.799370229 0.595942080 0.076553345
vn -0.962376893 0.269778371 0.032409698
vn -0.897832751 -0.267744750 -0.349584401
vn -0.735384047 -0.572742939 -0.362182051
vn 0.469781607 -0.821963847 -0.321994960
vn 0.756559789 -0.550780356 -0.352503061
vn 0.248422548 0.912521005 -0.324948817
vn -0.015209802 0.937857747 -0.346686363
vn -0.934117615 0.141080067 -0.327903450
vn -0.334889233 -0.871447206 -0.358369887
vn 0.106507197 -0.928009093 -0.357008815
vn 0.860962391 0.374004692 -0.344767123
vn 0.582837045 0.725462079 -0.366067976
vn -0.730806708 0.574501276 -0.368605226
vn 0.931285501 -0.083568163 -0.354575604
vn -0.359870434 0.863533556 -0.353274882
vn -0.559396803 0.072163619 -0.825752735
vn -0.396093398 -0.382587641 -0.834707618
vn -0.056123827 -0.530958533 -0.845537305
vn 0.279172361 -0.465838641 -0.839676857
vn 0.537753165 -0.138735548 -0.831609368
vn 0.505826950 0.208433822 -0.837074995
vn 0.240687817 0.489663452 -0.838032842
vn -0.216337398 0.508385897 -0.833511770
vn 0.000064297 -0.000013053 -1.000000000
vn 0.424032450 0.054050509 0.904032648
vn -0.187901407 0.982187927 0.000000040
vn 0.951312184 0.308228970 -0.000418119
vn 0.332602322 0.107378878 -0.936934173
vn 0.265275657 -0.494608164 0.827642202
vn 0.172164246 -0.984810710 -0.022524145
vn 0.372430503 -0.448706001 -0.812378287
vn -0.657584250 -0.095837839 0.747260392
vn -0.673221111 -0.132353693 -0.727499723
vn -0.939644814 -0.341102153 -0.026776241
vn -0.259588778 0.499548346 0.826477647
vn -0.262760997 0.508792281 -0.819809139
vn 0.043296453 0.522592127 0.851482749
vn -0.871444404 0.487911493 -0.050269682
vn 0.556408882 0.830683649 -0.019334195
vn -0.311657101 0.492859036 -0.812379122
vn 0.204903781 0.283140272 -0.936934352
vn 0.522397935 0.054369461 0.850966692
vn -0.096943185 -0.781432688 0.616412997
vn 0.871116221 -0.489340693 -0.041257370
vn 0.402692318 -0.407130182 -0.819807231
vn -0.333914280 -0.599370182 -0.727500260
vn -0.525484741 -0.032703705 0.850174248
vn -0.581230044 -0.813510299 -0.019305702
vn 0.297923088 -0.356305063 0.885600626
vn -0.362307847 -0.932058513 -0.000002002
vn -0.423282057 -0.227085114 0.877077341
vn -0.972211897 0.234102622 -0.000001823
vn -0.423281670 -0.227083474 -0.877077997
vn -0.570845366 0.821057618 -0.000000556
vn -0.475665987 0.464051008 0.747260690
vn -0.475666314 0.464052349 -0.747259617
vn 0.710615575 0.703580499 -0.000000830
vn 0.468270212 0.274670631 0.839808881
vn 0.468271971 0.274669766 -0.839808285
vn 0.823292732 -0.567617178 0.000000361
vn 0.297921896 -0.356305182 -0.885601044
vn 0.311275065 0.292966574 0.904034495
vn 0.505336285 -0.244220018 0.827642322
vn 0.734416246 -0.678366721 0.021246450
vn -0.026623994 -0.500816524 -0.865143895
vn -0.622590482 -0.782525420 0.005921648
vn -0.475664943 -0.464053482 0.747259855
vn -0.503639400 0.251561493 0.826476932
vn -0.509508371 0.251688033 -0.822833240
vn -0.729329169 0.684162974 -0.000000801
vn 0.161787942 0.278646827 -0.946668208
vn 0.579697669 0.814813852 0.005391269
vn 0.749570966 0.322240531 -0.578190625
vn -0.182436749 0.386574179 0.904033840
vn 0.876052797 0.482215375 0.000000013
vn 0.599533498 -0.800349772 -0.000000302
vn 0.294350117 -0.595787764 0.747258365
vn 0.294351101 -0.595784664 -0.747260332
vn -0.394880980 -0.401248991 0.826479435
vn -0.876053393 -0.482214183 0.000001816
vn -0.394881696 -0.401252329 -0.826477587
vn -0.182438180 0.386574924 -0.904033303
vn -0.587371528 0.809317410 -0.000000279
vn 0.388423294 0.405133188 0.827643812
vn 0.388423562 0.405132025 -0.827644408
vn 0.751563311 0.316357553 0.578852773
vn -0.449987054 0.124615930 0.884297729
vn 0.842171848 -0.429574549 -0.325902522
vn 0.007303045 -0.945374727 0.325903952
vn 0.089917600 0.458183020 -0.884298146
vn -0.619231582 -0.530549467 -0.578851879
vn -0.951678514 0.286413670 -0.110793419
vn 0.169728532 0.979243100 0.110793747
vn -0.002257953 -0.002881284 0.999993384
vn -0.615170598 0.069239549 0.785347700
vn -0.284950644 -0.532300413 0.797157049
vn 0.378190696 -0.482673943 0.789935291
vn 0.610572517 0.069852613 0.788873732
vn 0.299644202 0.539793730 0.786661327
vn -0.255379885 0.565425873 0.784266949
vn -0.759759665 0.085185513 0.644599676
vn -0.694683254 -0.281867802 0.661789834
vn -0.459572643 -0.605056107 0.650153935
vn -0.073878318 -0.754394293 0.652250886
vn 0.572686374 -0.534243166 0.621783376
vn 0.753134966 -0.097462393 0.650606632
vn 0.667685747 0.396954566 0.629779935
vn 0.183446229 0.745683134 0.640549839
vn -0.298521549 0.701979995 0.646613538
vn -0.604416132 0.452444792 0.655724764
vn 0.221362412 -0.734364331 0.641644597
vn 0.613021016 -0.490668058 0.619233429
vn 0.737344146 0.295379490 0.607515097
vn 0.476558834 0.624907434 0.618370831
vn 0.106666304 0.778122485 0.618989289
vn -0.854533315 0.008260147 0.519330978
vn -0.827232242 -0.266459167 0.494657874
vn -0.702703953 -0.529612303 0.475097865
vn -0.443649739 -0.737015247 0.509885669
vn -0.201886296 -0.833465397 0.514370918
vn 0.126393408 -0.858627498 0.496773183
vn 0.525004208 -0.680876672 0.510663867
vn 0.788430572 -0.328996986 0.519748330
vn 0.857727706 0.014466234 0.513900697
vn 0.773484707 0.336991191 0.536803901
vn 0.532238603 0.660411179 0.529697239
vn 0.232032448 0.815242648 0.530603826
vn -0.099505335 0.850204349 0.516963482
vn -0.421485275 0.742038250 0.521276712
vn -0.627695024 0.590332210 0.507451415
vn -0.788973451 0.337088197 0.513704658
vn -0.735100269 -0.543188095 0.405677736
vn 0.124863848 -0.899216890 0.419306517
vn 0.491654068 -0.805591285 0.330603898
vn 0.815694153 -0.479365289 0.323808581
vn 0.920390844 -0.246360645 0.303623438
vn 0.919157386 0.244396448 0.308901310
vn 0.825657070 0.463848263 0.321146727
vn 0.681480110 0.661881268 0.312246680
vn 0.478601843 0.822179079 0.308158875
vn -0.006399514 0.952374041 0.304865122
vn -0.259408385 0.916599452 0.304224610
vn -0.803289592 0.502072692 0.320388615
vn -0.921192229 0.233473420 0.311279893
vn -0.937856317 -0.116341837 0.326940656
vn -0.817289054 -0.456302404 0.351890266
vn -0.585248768 -0.745541453 0.318828851
vn -0.242233813 -0.914647639 0.323639572
vn 0.141923949 -0.930086911 0.338815331
vn 0.571729004 -0.540073931 0.617613316
vn 0.949608207 0.006233331 0.313377410
vn 0.250876158 0.914808571 0.316522330
vn -0.558540940 0.764198065 0.322541982
vn -0.957453370 -0.268797845 0.105027333
vn -0.496049404 -0.867353916 0.040400371
vn 0.862858534 -0.500002563 0.073976673
vn 0.864142656 0.490655988 0.111866944
vn 0.259933561 0.960952580 0.094893284
vn -0.713161469 0.694805086 0.092986949
vn -0.999153316 0.021493316 0.035083402
vn -0.861276627 -0.498423934 0.098873794
vn -0.718162537 -0.695073664 0.033395335
vn -0.255963385 -0.961085498 0.103910744
vn -0.017225850 -0.999540389 0.024946518
vn 0.272459120 -0.961959183 0.020014724
vn 0.497231513 -0.865584850 0.059360240
vn 0.710080385 -0.704041719 0.010537757
vn 0.964793921 -0.261706382 0.026124364
vn 0.999052227 0.018250858 0.039516486
vn 0.962033868 0.251223743 0.106665246
vn 0.713350952 0.699263334 0.046489391
vn 0.503370941 0.862794161 0.046946041
vn 0.011349621 0.999836445 0.014079368
vn -0.264418781 0.961968303 0.068554841
vn -0.507632017 0.861541808 0.007453757
vn -0.904031634 0.411201090 0.116793051
vn -0.966317892 0.233989850 -0.107137091
vn -0.958092630 -0.266756088 -0.104401134
vn -0.824647188 -0.489398181 -0.283630759
vn -0.241274074 -0.919942856 -0.309017688
vn 0.917892694 0.236827999 -0.318410993
vn 0.865626156 0.490539134 -0.100313045
vn 0.255551726 0.923610687 -0.285721391
vn -0.674670637 0.668227613 -0.313514531
vn -0.849109650 0.519224346 -0.097051069
vn -0.651989460 -0.676153243 -0.343113005
vn -0.483767986 -0.813781202 -0.322069526
vn 0.462537110 -0.819593072 -0.338122308
vn 0.823709488 -0.464873672 -0.324646354
vn 0.944181979 -0.001906589 -0.329418868
vn 0.655695796 0.674875617 -0.338534951
vn 0.487886965 0.800687730 -0.347657114
vn -0.229283169 0.911581516 -0.341245592
vn -0.910292387 0.238364160 -0.338453054
vn -0.939633429 0.013066857 -0.341933101
vn -0.896946132 -0.245359257 -0.367813051
vn 0.001376870 -0.940884411 -0.338725120
vn 0.244517833 -0.907621503 -0.341224462
vn 0.666232765 -0.667034566 -0.333464831
vn 0.901256204 -0.252487957 -0.352117956
vn 0.811390400 0.475380927 -0.340086102
vn -0.014080560 0.935295463 -0.353587538
vn -0.467953593 0.814205348 -0.343641043
vn -0.804015100 0.473130941 -0.360148400
vn -0.543183267 -0.068956546 -0.836777747
vn -0.446595758 -0.326281250 -0.833122313
vn -0.220552355 -0.507694602 -0.832828343
vn 0.078418039 -0.550332725 -0.831254900
vn 0.409484118 -0.383750260 -0.827682734
vn 0.550839126 -0.056752030 -0.832679808
vn 0.474538475 0.302386820 -0.826665223
vn 0.128856093 0.547718108 -0.826680720
vn -0.276588440 0.485813946 -0.829146326
vn -0.509984612 0.222547606 -0.830896080
vn 0.000069794 0.000045810 -1.000000000
vn 0.360473573 -0.093490019 0.928072512
vn -0.051836766 0.414343774 0.908643067
vn -0.039438222 0.985845447 -0.162952051
vn 0.583661556 0.098874822 0.805954695
vn 0.896215141 0.443525225 0.009154997
vn 0.438353688 0.121089607 -0.890608430
vn 0.999234200 -0.039128650 -0.000001123
vn 0.858903527 -0.512137413 -0.000000146
vn 0.360245585 -0.087812781 -0.928715289
vn -0.339505732 -0.330551863 0.880608559
vn -0.339505047 -0.330551118 -0.880609035
vn -0.248913139 -0.968525827 0.000000000
vn -0.962023020 0.272906780 0.005800479
vn -0.544866502 0.037224256 0.837696135
vn -0.456318825 0.065252282 -0.887420595
vn 0.067959137 0.422872841 0.903637171
vn -0.375273138 -0.067684039 0.924439907
vn -0.930754185 0.327712178 -0.162177399
vn -0.159945086 0.985606015 0.054756951
vn 0.354757786 0.934289455 0.035356373
vn 0.020295160 0.454319119 -0.890607893
vn 0.361131400 0.113736011 0.925552905
vn 0.712056577 0.699416995 -0.061573051
vn 0.194838166 0.315478742 -0.928714871
vn 0.234812886 -0.371934652 -0.898068845
vn -0.076015130 -0.662680626 0.745034337
vn 0.845916271 -0.533166766 -0.012604605
vn -0.297236174 -0.954803705 0.000774733
vn -0.267266065 -0.425432324 -0.864624858
vn -0.663553655 -0.747963667 -0.015714111
vn 0.381174743 -0.195308596 0.903637290
vn -0.003425131 -0.378604263 0.925552368
vn -0.410614878 -0.101930775 -0.906093538
vn -0.768471241 -0.639760196 -0.012603607
vn -0.606756866 0.277071714 0.745035172
vn -0.802875757 0.596145988 -0.000701703
vn -0.027390189 0.425907403 0.904352129
vn -0.322038651 0.354796052 -0.877730548
vn 0.365600795 0.930715263 0.010255256
vn 0.364366740 0.123646215 -0.923010647
vn 0.986948609 -0.146880955 0.066019729
vn 0.813174844 -0.582019329 -0.000422329
vn 0.416561097 -0.415233433 -0.808738530
vn 0.437182039 -0.897283912 -0.061264973
vn -0.269292712 -0.337050319 0.902152181
vn 0.343090922 -0.939299047 -0.002469799
vn -0.801761746 -0.596538842 -0.036324952
vn -0.322038233 -0.354796499 -0.877730548
vn -0.425810188 -0.159692898 0.890608728
vn -0.976468801 -0.215085432 0.015717005
vn -0.561433792 0.811473548 0.162181854
vn -0.340659142 0.162505984 -0.926036358
vn 0.322021127 0.385651231 0.864624560
vn 0.442390710 0.895423234 -0.050077286
vn 0.416559666 0.415234238 -0.808738887
vn 0.849825978 0.527063549 -0.000000019
vn 0.386527836 -0.115226395 0.915051401
vn 0.980630934 0.195864752 -0.000000327
vn 0.364366740 -0.123646230 -0.923010588
vn -0.067959115 0.422871232 0.903637946
vn 0.930754781 0.327710271 -0.162177831
vn 0.375272542 -0.067683741 0.924440145
vn 0.663555026 -0.747962356 -0.015715893
vn 0.309016734 -0.951056600 0.000001019
vn 0.267265618 -0.425433069 -0.864624679
vn 0.092937052 -0.580775917 0.808741093
vn -0.173723519 -0.982887089 0.061261803
vn -0.392106503 0.158883706 0.906095147
vn -0.229030922 -0.332002044 -0.915051699
vn -0.998119116 -0.059955534 0.012790799
vn -0.237338141 0.360264510 -0.902153075
vn -0.367022991 0.929577470 0.034350108
vn -0.020295294 0.454318643 -0.890608013
vn 0.159945145 0.985605896 0.054759193
vn 0.193326131 -0.345809609 0.918172538
vn -0.282712370 0.831043839 0.478999019
vn 0.193322346 0.345810622 -0.918172836
vn 0.863576412 0.405045152 0.300290465
vn 0.863576233 -0.405047119 -0.300288051
vn -0.282715261 -0.831041515 -0.479001224
vn -0.797158837 -0.449212730 0.403417587
vn -0.797160089 0.449210644 -0.403417647
vn -0.016814055 0.039873071 0.999063313
vn 0.787561297 0.387703001 0.478992343
vn 0.274871409 0.846098304 -0.456687510
vn 0.811155200 -0.473932832 -0.342658877
vn -0.615362346 -0.700132966 0.362136692
vn -0.183252379 -0.331577599 -0.925459325
vn -0.870669067 0.431134433 -0.236767158
vn -0.193324640 0.345813721 0.918171287
vn 0.282712162 0.831039310 -0.479006827
vn 0.797160447 0.449211299 0.403416008
vn 0.797159493 -0.449212343 -0.403416812
vn 0.282711476 -0.831039786 0.479006380
vn -0.193325549 -0.345813900 -0.918170929
vn -0.863577664 -0.405039787 0.300293893
vn -0.863578439 0.405039966 -0.300291359
vn 0.193324104 -0.345811218 0.918172240
vn -0.282711804 0.831040621 0.479004890
vn 0.863575637 0.405044913 0.300292909
vn 0.193322420 0.345813155 -0.918171942
vn 0.863578022 -0.405039430 -0.300293386
vn -0.797158957 -0.449213028 0.403416991
vn -0.282712191 -0.831040442 -0.479004741
vn -0.797159672 0.449211776 -0.403416991
vn -0.193324775 0.345813006 0.918171525
vn 0.797160506 0.449210554 0.403416693
vn 0.282711357 0.831040263 -0.479005575
vn 0.797159791 -0.449211419 -0.403417349
vn 0.282710582 -0.831041038 0.479004741
vn -0.863577008 -0.405041069 0.300294012
vn -0.193322808 -0.345816314 -0.918170691
vn -0.863580108 0.405036449 -0.300291359
vn 0.193325639 -0.345811278 0.918171942
vn -0.282711178 0.831041217 0.479004145
vn 0.863576055 0.405043751 0.300293088
vn 0.193324238 0.345814198 -0.918171108
vn 0.863577843 -0.405039549 -0.300293714
vn -0.797160804 -0.449211866 0.403414547
vn -0.282712102 -0.831040204 -0.479005307
vn -0.797158420 0.449214965 -0.403416008
vn -0.016817179 0.039865073 0.999063551
vn 0.274867505 0.846100330 -0.456686199
vn 0.787564039 0.387707323 0.478984326
vn 0.811156213 -0.473931819 -0.342657715
vn -0.183248460 -0.331578642 -0.925459683
vn -0.615363538 -0.700132430 0.362135887
vn -0.870669425 0.431133568 -0.236766919
vn -0.167610794 0.316891193 0.933534563
vn 0.638408601 0.713633060 0.288378745
vn 0.799546480 -0.420530707 -0.428811580
vn 0.354354441 -0.809717894 0.467749864
vn -0.013298587 -0.027017843 -0.999546468
vn -0.865248919 -0.427420169 0.262023598
vn -0.819167912 0.381679714 -0.428117424
vn -0.167617157 0.316887915 0.933534503
vn 0.638407826 0.713635921 0.288373381
vn 0.799545228 -0.420533001 -0.428811699
vn 0.354360402 -0.809712231 0.467755109
vn -0.865241170 -0.427435726 0.262023658
vn -0.013297470 -0.027022991 -0.999546349
vn -0.819170535 0.381681055 -0.428111285
vn 0.193325758 -0.345801234 0.918175697
vn -0.282714933 0.831043422 0.478998065
vn 0.193322405 0.345809579 -0.918173313
vn 0.863571942 0.405053258 0.300292253
vn 0.863574982 -0.405046612 -0.300292522
vn -0.282715172 -0.831041574 -0.479001105
vn -0.797157049 -0.449213922 0.403419763
vn -0.797158301 0.449212193 -0.403419256
vn 0.193325654 -0.345806420 0.918173790
vn -0.282717168 0.831039906 0.479002833
vn 0.863571763 0.405050516 0.300296396
vn 0.193327695 0.345812947 -0.918170929
vn 0.863574564 -0.405047238 -0.300292969
vn -0.797157705 -0.449215353 0.403417081
vn -0.282710880 -0.831041634 -0.479003549
vn -0.797158659 0.449214220 -0.403416187
vn -0.167616829 0.316883624 0.933535933
vn 0.638409555 0.713631511 0.288380653
vn 0.799544334 -0.420534402 -0.428812027
vn 0.354352534 -0.809716344 0.467753768
vn -0.013296844 -0.027024345 -0.999546349
vn -0.865244687 -0.427428335 0.262024224
vn -0.819172800 0.381677717 -0.428110063
vn -0.193321139 0.345806181 0.918174803
vn 0.797157526 0.449212432 0.403420448
vn 0.282716900 0.831042588 -0.478998303
vn 0.797157168 -0.449213624 -0.403420091
vn 0.282716423 -0.831041098 0.479001224
vn -0.863575101 -0.405044883 0.300294489
vn -0.193322688 -0.345803261 -0.918175578
vn -0.863574147 0.405049115 -0.300291389
vn -0.167611212 0.316888571 0.933535218
vn 0.638413131 0.713630378 0.288375437
vn 0.799541175 -0.420537263 -0.428814977
vn 0.354353905 -0.809718072 0.467749864
vn -0.013295638 -0.027029622 -0.999546230
vn -0.865244210 -0.427428782 0.262025058
vn -0.819173336 0.381680548 -0.428106308
vn 0.436142594 0.227553412 0.870631456
vn -0.874226749 -0.403602183 -0.269875556
vn -0.666690052 0.468378305 0.579781175
vn 0.399262071 -0.312701344 -0.861862957
vn -0.263447195 0.845517457 -0.464430720
vn 0.793467402 0.594643891 -0.129646033
vn 0.304067641 -0.830185831 0.467262685
vn 0.192934588 0.151295230 0.969477117
vn 0.018313024 0.901669323 0.432038456
vn 0.022710267 0.900060773 -0.435172170
vn -0.152328297 0.367753655 -0.917362154
vn 0.000000073 0.000000170 -1.000000000
vn 0.629647255 0.634288847 0.448577821
vn 0.621010423 0.646743596 -0.442796648
vn 0.303638011 -0.173054859 0.936939657
vn 0.901466429 0.012593580 0.432665765
vn 0.896437407 -0.018208392 -0.442796260
vn 0.355895132 0.147415847 -0.922825754
vn 0.630964756 -0.645333409 0.430613965
vn 0.652489185 -0.620388925 -0.435172945
vn -0.025581731 -0.801446915 0.597518504
vn -0.028481754 -0.920367658 -0.390015721
vn 0.152328208 -0.367752939 -0.917362452
vn -0.335780710 -0.117987208 0.934521437
vn -0.626275778 -0.654607296 0.423400491
vn -0.615406096 -0.656326890 -0.436475068
vn -0.901669085 0.018312566 0.432038903
vn -0.896437347 0.018208299 -0.442796260
vn -0.355895638 -0.147416368 -0.922825456
vn -0.132211447 0.375165939 0.917480648
vn -0.646556735 0.621586263 0.442261189
vn -0.652489066 0.620389044 -0.435173005
vn -0.112246297 0.272055030 0.955712736
vn 0.019109998 0.999462783 -0.026625149
vn 0.120063402 0.336724430 0.933917224
vn 0.550159574 0.834547281 0.029247930
vn 0.989186585 -0.043960910 0.139919132
vn 0.303821057 0.161032036 -0.939021528
vn 0.627528727 -0.778374791 -0.018450161
vn 0.116350666 -0.371860534 0.920968115
vn -0.071247056 -0.997105002 0.026561422
vn 0.118637487 -0.426784992 -0.896537662
vn -0.314104795 -0.174217105 0.933266640
vn -0.534420073 -0.845084012 -0.015104642
vn -0.129567742 -0.254315555 -0.958402753
vn -0.992030144 0.052539099 -0.114524961
vn -0.619288087 0.785100341 0.009990721
vn -0.104754977 0.422256023 -0.900403380
vn 0.224052548 -0.190821335 0.955713153
vn -0.970319688 0.240362585 0.026563305
vn -0.317702591 0.225565150 0.920969844
vn -0.546361387 0.837346315 -0.018449804
vn -0.369235426 0.244714051 -0.896537960
vn 0.263864398 0.954357803 0.139916852
vn 0.963710606 0.265342504 0.029247370
vn 0.247035563 0.239188343 -0.939022005
vn 0.357346535 0.010132617 0.933916926
vn 0.956450701 -0.290676892 -0.026625978
vn 0.555304170 -0.831587255 0.009990905
vn 0.369217843 -0.230111405 -0.900403798
vn -0.262754440 -0.244896367 0.933266222
vn -0.256586105 -0.959711969 -0.114527211
vn -0.968867242 -0.247119427 -0.015106477
vn -0.281905890 -0.044638373 -0.958403111
vn -0.258478194 -0.150124222 0.954280794
vn -0.643723190 -0.764797390 -0.026563125
vn -0.124443188 -0.369228512 -0.920969188
vn -0.929777205 -0.365636468 0.042712696
vn -0.326933235 0.016590368 -0.944901884
vn -0.809018254 0.587783515 0.000000778
vn -0.116806000 0.305804491 0.944902122
vn 0.060425498 0.997258484 -0.042712852
vn 0.069100909 0.286073655 -0.955712795
vn 0.528443456 0.848552823 0.026563371
vn 0.322168529 0.280959785 0.904029369
vn 0.957638919 0.287876904 -0.007390279
vn 0.295053482 0.201844290 -0.933917701
vn 0.278941512 -0.202420071 0.938731968
vn 0.800304294 -0.579675674 -0.153261587
vn -0.159111977 -0.405410469 0.900180936
vn 0.022140214 -0.999727547 -0.007390036
vn 0.062902935 -0.292218626 0.954280674
vn 0.336397916 -0.276601762 0.900182188
vn 0.587785304 -0.809017003 0.000000053
vn -0.040202390 -0.999156356 -0.008393020
vn 0.154878244 -0.415008694 -0.896538079
vn -0.756034493 -0.654531777 -0.000000345
vn -0.310782075 -0.020954924 -0.950250149
vn -0.326932371 -0.016591163 0.944902122
vn -0.900585234 0.434679419 -0.000000216
vn -0.661593914 0.749862373 -0.000000661
vn -0.167653859 0.393223852 0.904028296
vn 0.022139123 0.999727607 -0.007391018
vn -0.163447440 0.403185099 -0.900403559
vn 0.278710157 0.202737167 0.938732326
vn 0.796225131 0.591304779 -0.128001153
vn 0.951201081 -0.308499634 0.006672181
vn 0.254304469 -0.129586414 -0.958403170
vn 0.281906039 -0.044638541 0.958403111
vn 0.369235665 0.244714722 0.896537721
vn 0.951056600 0.309016913 -0.000000536
vn 0.442556828 0.019053150 -0.896538019
vn 0.942075491 -0.333807766 -0.032654490
vn 0.336233497 -0.934776425 0.114630118
vn -0.059264157 -0.338711768 -0.939021885
vn -0.623693287 -0.781121790 0.029247129
vn -0.369218916 -0.230111912 0.900403261
vn -0.951056421 -0.309017360 -0.000001040
vn -0.963710368 0.265343010 -0.029248046
vn -0.433960259 -0.030856850 -0.900403440
vn -0.247036263 0.239188790 0.939021766
vn -0.277430087 0.953882992 -0.114629067
vn 0.565947950 0.823794186 0.032653183
vn 0.201828510 0.201813012 -0.958403289
usemtl field_material_05
f 3//3 9//9 4//4
f 2//2 1//1 7//7
f 5//5 9//9 10//10
f 2//2 8//8 3//3
f 6//6 5//5 10//10
f 6//6 10//10 14//14
f 8//8 13//13 9//9
f 7//7 1//1 11//11
f 9//9 14//14 10//10
f 7//7 12//12 8//8
f 6//6 14//14 18//18
f 12//12 17//17 13//13
f 11//11 1//1 15//15
f 14//14 17//17 18//18
f 11//11 16//16 12//12
f 6//6 18//18 22//22
f 16//16 21//21 17//17
f 15//15 1//1 19//19
f 17//17 22//22 18//18
f 15//15 20//20 16//16
f 6//6 22//22 26//26
f 20//20 25//25 21//21
f 19//19 1//1 23//23
f 22//22 25//25 26//26
f 19//19 24//24 20//20
f 6//6 26//26 30//30
f 24//24 29//29 25//25
f 23//23 1//1 27//27
f 25//25 30//30 26//26
f 23//23 28//28 24//24
f 6//6 30//30 34//34
f 28//28 33//33 29//29
f 27//27 1//1 31//31
f 30//30 33//33 34//34
f 27//27 32//32 28//28
f 6//6 34//34 5//5
f 32//32 4//4 33//33
f 31//31 1//1 2//2
f 33//33 5//5 34//34
f 31//31 3//3 32//32
f 35//35 38//38 37//37
f 38//38 39//39 37//37
f 39//39 42//42 41//41
f 41//41 44//44 43//43
f 44//44 42//42 40//40
f 43//43 46//46 45//45
f 46//46 35//35 45//45
f 43//43 45//45 37//37
usemtl field_material_07
f 48//48 49//49 47//47
f 49//49 52//52 51//51
f 51//51 54//54 53//53
f 53//53 56//56 55//55
f 55//55 58//58 57//57
f 58//58 59//59 57//57
f 60//60 61//61 59//59
f 61//61 64//64 63//63
f 63//63 64//64 65//65
usemtl field_material_05
f 67//67 66//66 68//68
f 69//69 68//68 66//66
usemtl field_material_07
f 71//71 72//72 70//70
f 72//72 75//75 74//74
f 75//75 76//76 74//74
f 76//76 79//79 78//78
f 79//79 80//80 78//78
f 81//81 82//82 80//80
f 83//83 84//84 82//82
f 84//84 87//87 86//86
usemtl field_material_05
f 90//90 89//89 91//91
f 92//92 91//91 89//89
usemtl field_material_07
f 93//93 96//96 95//95
f 95//95 98//98 97//97
f 97//97 100//100 99//99
f 99//99 102//102 101//101
f 101//101 104//104 103//103
f 104//104 105//105 103//103
f 106//106 107//107 105//105
f 108//108 109//109 107//107
f 109//109 110//110 111//111
usemtl field_material_05
f 112//112 115//115 114//114
f 114//114 113//113 112//112
f 116//116 119//119 118//118
f 118//118 121//121 120//120
f 121//121 122//122 120//120
f 123//123 124//124 122//122
f 125//125 123//123 121//121
f 125//125 126//126 124//124
f 126//126 117//117 116//116
f 124//124 126//126 118//118
usemtl field_material_07
f 129//129 130//130 128//128
f 131//131 132//132 130//130
f 132//132 135//135 134//134
f 134//134 137//137 136//136
f 137//137 138//138 136//136
f 139//139 140//140 138//138
f 140//140 143//143 142//142
f 143//143 144//144 142//142
usemtl field_material_05
f 147//147 150//150 149//149
f 149//149 148//148 147//147
usemtl field_material_07
f 152//152 153//153 151//151
f 153//153 156//156 155//155
f 155//155 158//158 157//157
f 157//157 160//160 159//159
f 160//160 161//161 159//159
f 162//162 163//163 161//161
f 163//163 166//166 165//165
f 166//166 167//167 165//165
f 167//167 168//168 169//169
usemtl field_material_05
f 170//170 173//173 172//172
f 171//171 170//170 172//172
usemtl field_material_07
f 175//175 176//176 174//174
f 177//177 178//178 176//176
f 179//179 180//180 178//178
f 181//181 182//182 180//180
f 182//182 185//185 184//184
f 185//185 186//186 184//184
f 186//186 189//189 188//188
f 188//188 191//191 190//190
usemtl field_material_05
f 194//194 193//193 195//195
f 196//196 195//195 193//193
f 198//198 199//199 197//197
f 200//200 201//201 199//199
f 202//202 203//203 201//201
f 204//204 205//205 203//203
f 206//206 204//204 202//202
f 205//205 208//208 207//207
f 207//207 198//198 197//197
f 199//199 203//203 207//207
usemtl field_material_17
f 209//209 212//212 211//211
f 212//212 213//213 211//211
f 214//214 215//215 213//213
f 216//216 217//217 215//215
f 217//217 220//220 219//219
f 220//220 221//221 219//219
f 221//221 224//224 223//223
f 223//223 226//226 225//225
usemtl field_material_05
f 229//229 228//228 230//230
f 231//231 230//230 228//228
usemtl field_material_17
f 232//232 235//235 234//234
f 235//235 236//236 234//234
f 237//237 238//238 236//236
f 239//239 240//240 238//238
f 240//240 243//243 242//242
f 242//242 245//245 244//244
f 245//245 246//246 244//244
f 247//247 248//248 246//246
usemtl field_material_05
f 253//253 252//252 255//255
f 251//251 254//254 253//253
f 254//254 255//255 252//252
usemtl field_material_17
f 257//257 258//258 256//256
f 259//259 260//260 258//258
f 261//261 262//262 260//260
f 262//262 265//265 264//264
f 265//265 266//266 264//264
f 267//267 268//268 266//266
f 268//268 271//271 270//270
f 271//271 272//272 270//270
usemtl field_material_05
f 276//276 275//275 278//278
f 277//277 278//278 275//275
f 280//280 283//283 282//282
f 283//283 284//284 282//282
f 284//284 287//287 286//286
f 286//286 289//289 288//288
f 287//287 285//285 281//281
f 288//288 291//291 290//290
f 291//291 280//280 290//290
f 282//282 286//286 290//290
usemtl field_material_07
f 293//293 294//294 292//292
f 295//295 296//296 294//294
f 296//296 299//299 298//298
f 299//299 300//300 298//298
f 301//301 302//302 300//300
f 303//303 304//304 302//302
f 305//305 306//306 304//304
f 307//307 308//308 306//306
usemtl field_material_05
f 311//311 313//313 312//312
f 312//312 314//314 311//311
usemtl field_material_07
f 316//316 317//317 315//315
f 317//317 320//320 319//319
f 320//320 321//321 319//319
f 322//322 323//323 321//321
f 324//324 325//325 323//323
f 326//326 327//327 325//325
f 327//327 330//330 329//329
f 330//330 331//331 329//329
usemtl field_material_05
f 335//335 336//336 334//334
f 337//337 334//334 336//336
usemtl field_material_07
f 338//338 341//341 340//340
f 340//340 343//343 342//342
f 343//343 344//344 342//342
f 344//344 347//347 346//346
f 347//347 348//348 346//346
f 348//348 351//351 350//350
f 351//351 352//352 350//350
f 353//353 354//354 352//352
f 354//354 355//355 356//356
usemtl field_material_05
f 359//359 360//360 357//357
f 358//358 357//357 360//360
f 361//361 364//364 363//363
f 364//364 365//365 363//363
f 365//365 368//368 367//367
f 368//368 369//369 367//367
f 370//370 368//368 366//366
f 370//370 371//371 369//369
f 371//371 362//362 361//361
f 367//367 369//369 371//371
usemtl field_material_07
f 374//374 375//375 373//373
f 375//375 378//378 377//377
f 378//378 379//379 377//377
f 380//380 381//381 379//379
f 381//381 384//384 383//383
f 384//384 385//385 383//383
f 385//385 388//388 387//387
f 388//388 389//389 387//387
usemtl field_material_05
f 393//393 392//392 394//394
f 395//395 394//394 392//392
usemtl field_material_07
f 397//397 398//398 396//396
f 399//399 400//400 398//398
f 400//400 403//403 402//402
f 402//402 405//405 404//404
f 404//404 407//407 406//406
f 407//407 408//408 406//406
f 409//409 410//410 408//408
f 411//411 412//412 410//410
usemtl field_material_05
f 418//418 417//417 415//415
f 416//416 415//415 417//417
usemtl field_material_07
f 420//420 421//421 419//419
f 421//421 424//424 423//423
f 424//424 425//425 423//423
f 426//426 427//427 425//425
f 428//428 429//429 427//427
f 430//430 431//431 429//429
f 432//432 433//433 431//431
f 434//434 435//435 433//433
usemtl field_material_05
f 439//439 438//438 440//440
f 441//441 440//440 438//438
f 443//443 444//444 442//442
f 445//445 446//446 444//444
f 447//447 448//448 446//446
f 448//448 451//451 450//450
f 449//449 447//447 443//443
f 451//451 452//452 450//450
f 453//453 442//442 452//452
f 444//444 448//448 452//452
usemtl field_material_17
f 455//455 456//456 454//454
f 456//456 459//459 458//458
f 458//458 461//461 460//460
f 461//461 462//462 460//460
f 462//462 465//465 464//464
f 465//465 466//466 464//464
f 467//467 468//468 466//466
f 468//468 471//471 470//470
usemtl field_material_05
f 476//476 475//475 473//473
f 475//475 474//474 473//473
usemtl field_material_17
f 477//477 480//480 479//479
f 480//480 481//481 479//479
f 481//481 484//484 483//483
f 483//483 486//486 485//485
f 485//485 488//488 487//487
f 488//488 489//489 487//487
f 490//490 491//491 489//489
f 492//492 493//493 491//491
usemtl field_material_05
f 497//497 496//496 498//498
f 499//499 498//498 496//496
usemtl field_material_17
f 501//501 502//502 500//500
f 502//502 505//505 504//504
f 505//505 506//506 504//504
f 507//507 508//508 506//506
f 509//509 510//510 508//508
f 511//511 512//512 510//510
f 512//512 515//515 514//514
f 514//514 517//517 516//516
usemtl field_material_05
f 522//522 521//521 520//520
f 520//520 519//519 522//522
f 523//523 526//526 525//525
f 525//525 528//528 527//527
f 527//527 530//530 529//529
f 529//529 532//532 531//531
f 532//532 530//530 528//528
f 531//531 534//534 533//533
f 534//534 523//523 533//533
f 529//529 531//531 533//533
usemtl field_material_07
f 536//536 537//537 535//535
f 538//538 539//539 537//537
f 540//540 541//541 539//539
f 542//542 543//543 541//541
f 544//544 545//545 543//543
f 545//545 548//548 547//547
f 548//548 549//549 547//547
f 550//550 551//551 549//549
f 551//551 552//552 553//553
usemtl field_material_05
f 555//555 554//554 557//557
f 554//554 558//558 556//556
f 556//556 558//558 557//557
usemtl field_material_07
f 560//560 561//561 559//559
f 561//561 564//564 563//563
f 563//563 566//566 565//565
f 565//565 568//568 567//567
f 568//568 569//569 567//567
f 570//570 571//571 569//569
f 572//572 573//573 571//571
f 574//574 575//575 573//573
usemtl field_material_05
f 579//579 578//578 580//580
f 581//581 580//580 578//578
usemtl field_material_07
f 583//583 584//584 582//582
f 585//585 586//586 584//584
f 586//586 589//589 588//588
f 588//588 591//591 590//590
f 591//591 592//592 590//590
f 593//593 594//594 592//592
f 594//594 597//597 596//596
f 597//597 598//598 596//596
f 598//598 599//599 600//600
usemtl field_material_05
f 602//602 603//603 601//601
f 604//604 601//601 603//603
f 606//606 607//607 605//605
f 608//608 609//609 607//607
f 609//609 612//612 611//611
f 611//611 614//614 613//613
f 614//614 612//612 610//610
f 613//613 616//616 615//615
f 615//615 606//606 605//605
f 611//611 613//613 615//615
usemtl field_material_17
f 618//618 619//619 617//617
f 620//620 621//621 619//619
f 622//622 623//623 621//621
f 623//623 626//626 625//625
f 626//626 627//627 625//625
f 627//627 630//630 629//629
f 629//629 632//632 631//631
f 632//632 633//633 631//631
f 633//633 634//634 635//635
usemtl field_material_05
f 639//639 638//638 636//636
f 637//637 636//636 638//638
usemtl field_material_17
f 641//641 642//642 640//640
f 643//643 644//644 642//642
f 645//645 646//646 644//644
f 647//647 648//648 646//646
f 649//649 650//650 648//648
f 651//651 652//652 650//650
f 653//653 654//654 652//652
f 654//654 657//657 656//656
f 656//656 657//657 658//658
usemtl field_material_05
f 662//662 661//661 659//659
f 660//660 659//659 661//661
usemtl field_material_17
f 663//663 666//666 665//665
f 666//666 667//667 665//665
f 667//667 670//670 669//669
f 669//669 672//672 671//671
f 672//672 673//673 671//671
f 673//673 676//676 675//675
f 675//675 678//678 677//677
f 677//677 680//680 679//679
f 679//679 680//680 681//681
usemtl field_material_05
f 685//685 684//684 682//682
f 686//686 682//682 684//684
f 688//688 687//687 693//693
f 688//688 689//689 687//687
f 692//692 691//691 689//689
f 691//691 694//694 693//693
f 687//687 689//689 693//693
usemtl field_material_13
f 695//695 696//696 697//697
f 695//695 697//697 698//698
f 695//695 698//698 699//699
f 695//695 699//699 700//700
f 695//695 700//700 701//701
f 695//695 701//701 696//696
f 696//696 704//704 697//697
f 706//706 698//698 697//697
f 709//709 696//696 701//701
f 710//710 706//706 705//705
f 711//711 700//700 707//707
f 712//712 703//703 702//702
f 703//703 713//713 704//704
f 715//715 706//706 710//710
f 706//706 717//717 698//698
f 698//698 717//717 707//707
f 718//718 711//711 707//707
f 711//711 719//719 708//708
f 719//719 701//701 708//708
f 720//720 709//709 701//701
f 709//709 721//721 702//702
f 723//723 710//710 714//714
f 710//710 724//724 715//715
f 715//715 725//725 716//716
f 732//732 717//717 716//716
f 720//720 728//728 721//721
f 730//730 722//722 712//712
f 713//713 723//723 714//714
f 723//723 724//724 710//710
f 732//732 726//726 717//717
f 726//726 733//733 718//718
f 733//733 734//734 718//718
f 734//734 719//719 711//711
f 735//735 727//727 719//719
f 729//729 730//730 721//721
f 721//721 730//730 712//712
f 737//737 724//724 723//723
f 741//741 723//723 731//731
f 742//742 737//737 723//723
f 738//738 743//743 724//724
f 724//724 744//744 725//725
f 744//744 739//739 725//725
f 739//739 745//745 732//732
f 732//732 746//746 726//726
f 746//746 733//733 726//726
f 740//740 747//747 734//734
f 734//734 748//748 735//735
f 748//748 727//727 735//735
f 727//727 750//750 728//728
f 751//751 729//729 728//728
f 729//729 752//752 730//730
f 753//753 741//741 736//736
f 758//758 749//749 748//748
f 759//759 753//753 736//736
f 753//753 754//754 741//741
f 760//760 738//738 737//737
f 738//738 761//761 743//743
f 763//763 747//747 740//740
f 766//766 750//750 749//749
f 764//764 752//752 751//751
f 752//752 759//759 736//736
f 754//754 760//760 742//742
f 756//756 765//765 745//745
f 766//766 764//764 750//750
f 767//767 753//753 759//759
f 767//767 754//754 753//753
f 754//754 768//768 760//760
f 760//760 769//769 761//761
f 770//770 755//755 761//761
f 770//770 756//756 755//755
f 771//771 765//765 756//756
f 771//771 762//762 765//765
f 772//772 763//763 762//762
f 763//763 773//773 757//757
f 773//773 758//758 757//757
f 774//774 766//766 758//758
f 774//774 764//764 766//766
f 764//764 767//767 759//759
f 767//767 775//775 768//768
f 768//768 775//775 769//769
f 769//769 775//775 770//770
f 770//770 775//775 771//771
f 771//771 775//775 772//772
f 772//772 775//775 773//773
f 773//773 775//775 774//774
f 774//774 775//775 767//767
usemtl field_material_05
f 786//786 778//778 777//777
f 787//787 778//778 779//779
f 779//779 778//778 782//782
f 778//778 780//780 781//781
f 779//779 782//782 784//784
f 780//780 785//785 781//781
f 782//782 785//785 784//784
f 780//780 776//776 783//783
f 779//779 784//784 787//787
f 785//785 786//786 777//777
f 785//785 787//787 784//784
f 783//783 776//776 786//786
f 788//788 790//790 789//789
f 790//790 792//792 791//791
f 790//790 796//796 792//792
f 790//790 793//793 795//795
f 793//793 788//788 794//794
f 792//792 796//796 797//797
f 794//794 799//799 795//795
f 796//796 799//799 797//797
f 794//794 788//788 798//798
f 792//792 797//797 791//791
f 799//799 798//798 789//789
f 799//799 791//791 797//797
f 802//802 803//803 801//801
f 804//804 805//805 807//807
f 802//802 800//800 806//806
f 812//812 804//804 807//807
f 802//802 805//805 803//803
f 805//805 810//810 807//807
f 806//806 800//800 809//809
f 812//812 807//807 810//810
f 805//805 809//809 808//808
f 809//809 811//811 808//808
f 810//810 811//811 812//812
f 811//811 800//800 801//801
f 801//801 804//804 812//812
f 814//814 817//817 815//815
f 814//814 813//813 818//818
f 817//817 819//819 821//821
f 817//817 820//820 816//816
f 818//818 813//813 819//819
f 822//822 816//816 820//820
f 819//819 823//823 821//821
f 820//820 823//823 822//822
f 822//822 823//823 824//824
f 823//823 814//814 815//815
f 822//822 824//824 816//816
f 815//815 816//816 824//824
f 835//835 827//827 826//826
f 836//836 827//827 829//829
f 835//835 825//825 828//828
f 833//833 836//836 829//829
f 827//827 832//832 829//829
f 828//828 825//825 830//830
f 833//833 829//829 832//832
f 827//827 830//830 831//831
f 830//830 834//834 831//831
f 832//832 834//834 833//833
f 834//834 835//835 826//826
f 834//834 836//836 833//833
f 837//837 840//840 839//839
f 839//839 842//842 841//841
f 843//843 842//842 840//840
f 843//843 844//844 841//841
f 844//844 838//838 837//837
usemtl field_material_09
f 845//845 846//846 847//847
f 845//845 847//847 848//848
f 845//845 848//848 849//849
f 845//845 849//849 850//850
f 845//845 850//850 851//851
f 845//845 851//851 846//846
f 846//846 853//853 847//847
f 847//847 862//862 848//848
f 848//848 857//857 849//849
f 849//849 858//858 850//850
f 850//850 859//859 851//851
f 861//861 846//846 851//851
f 858//858 865//865 859//859
f 866//866 860//860 859//859
f 867//867 853//853 852//852
f 869//869 854//854 853//853
f 870//870 855//855 854//854
f 871//871 862//862 855//855
f 873//873 863//863 862//862
f 874//874 857//857 863//863
f 875//875 864//864 857//857
f 876//876 865//865 864//864
f 865//865 878//878 866//866
f 866//866 879//879 860//860
f 880//880 861//861 860//860
f 882//882 852//852 861//861
f 883//883 870//870 869//869
f 871//871 884//884 872//872
f 884//884 873//873 872//872
f 873//873 886//886 874//874
f 887//887 875//875 874//874
f 875//875 888//888 876//876
f 889//889 877//877 876//876
f 891//891 878//878 877//877
f 893//893 880//880 879//879
f 881//881 894//894 882//882
f 895//895 867//867 882//882
f 896//896 868//868 867//867
f 896//896 883//883 868//868
f 883//883 898//898 870//870
f 870//870 899//899 871//871
f 899//899 884//884 871//871
f 900//900 885//885 884//884
f 901//901 886//886 885//885
f 887//887 902//902 875//875
f 902//902 888//888 875//875
f 891//891 903//903 878//878
f 903//903 892//892 878//878
f 893//893 904//904 880//880
f 904//904 881//881 880//880
f 904//904 894//894 881//881
f 895//895 896//896 867//867
f 907//907 887//887 886//886
f 908//908 890//890 889//889
f 910//910 894//894 904//904
f 911//911 905//905 896//896
f 912//912 898//898 897//897
f 913//913 906//906 898//898
f 906//906 914//914 899//899
f 899//899 915//915 900//900
f 916//916 885//885 900//900
f 917//917 901//901 885//885
f 918//918 907//907 901//901
f 907//907 919//919 887//887
f 919//919 902//902 887//887
f 920//920 888//888 902//902
f 921//921 908//908 888//888
f 908//908 922//922 890//890
f 890//890 923//923 891//891
f 923//923 909//909 891//891
f 909//909 924//924 892//892
f 892//892 925//925 893//893
f 925//925 904//904 893//893
f 926//926 910//910 904//904
f 910//910 927//927 894//894
f 894//894 927//927 895//895
f 895//895 911//911 896//896
f 928//928 911//911 927//927
f 929//929 912//912 905//905
f 930//930 913//913 912//912
f 921//921 933//933 908//908
f 933//933 922//922 908//908
f 910//910 936//936 927//927
f 936//936 928//928 927//927
f 937//937 906//906 913//913
f 938//938 931//931 906//906
f 918//918 940//940 907//907
f 940//940 919//919 907//907
f 942//942 923//923 922//922
f 943//943 934//934 923//923
f 924//924 944//944 925//925
f 946//946 929//929 911//911
f 947//947 930//930 929//929
f 931//931 948//948 915//915
f 948//948 916//916 915//915
f 949//949 939//939 916//916
f 950//950 940//940 918//918
f 940//940 951//951 919//919
f 951//951 941//941 919//919
f 952//952 942//942 933//933
f 934//934 953//953 924//924
f 953//953 944//944 924//924
f 954//954 935//935 926//926
f 935//935 955//955 936//936
f 945//945 946//946 911//911
f 956//956 947//947 946//946
f 947//947 957//957 930//930
f 957//957 937//937 930//930
f 937//937 958//958 938//938
f 958//958 931//931 938//938
f 931//931 959//959 948//948
f 959//959 949//949 948//948
f 959//959 939//939 949//949
f 960//960 950//950 939//939
f 950//950 960//960 940//940
f 960//960 951//951 940//940
f 951//951 961//961 941//941
f 961//961 932//932 941//941
f 932//932 962//962 952//952
f 962//962 942//942 952//952
f 962//962 943//943 942//942
f 963//963 934//934 943//943
f 963//963 953//953 934//934
f 963//963 944//944 953//953
f 964//964 954//954 944//944
f 954//954 964//964 935//935
f 935//935 965//965 955//955
f 965//965 945//945 955//955
f 965//965 946//946 945//945
f 956//956 966//966 957//957
f 957//957 966//966 958//958
f 958//958 966//966 959//959
f 959//959 966//966 960//960
f 960//960 966//966 961//961
f 961//961 966//966 962//962
f 962//962 966//966 963//963
f 963//963 966//966 964//964
f 964//964 966//966 965//965
f 965//965 966//966 956//956
usemtl field_material_05
f 975//975 969//969 972//972
f 968//968 971//971 969//969
f 969//969 971//971 972//972
f 968//968 967//967 970//970
f 970//970 973//973 971//971
f 973//973 967//967 974//974
f 973//973 975//975 972//972
f 974//974 976//976 978//978
f 974//974 977//977 975//975
f 976//976 967//967 980//980
f 975//975 977//977 981//981
f 976//976 979//979 978//978
f 977//977 979//979 981//981
f 979//979 969//969 981//981
f 980//980 967//967 968//968
f 975//975 981//981 969//969
f 979//979 968//968 969//969
f 990//990 984//984 987//987
f 983//983 985//985 984//984
f 984//984 985//985 987//987
f 982//982 986//986 985//985
f 986//986 988//988 989//989
f 986//986 990//990 987//987
f 989//989 988//988 993//993
f 989//989 991//991 990//990
f 988//988 982//982 992//992
f 990//990 991//991 995//995
f 992//992 994//994 993//993
f 991//991 994//994 995//995
f 992//992 982//982 983//983
f 994//994 983//983 996//996
f 996//996 984//984 995//995
f 990//990 995//995 984//984
f 996//996 983//983 984//984
f 998//998 997//997 1001//1001
f 999//999 1002//1002 1004//1004
f 1001//1001 1002//1002 1000//1000
f 1002//1002 1003//1003 1005//1005
f 1001//1001 997//997 1003//1003
f 1005//1005 1006//1006 1004//1004
f 1003//1003 1007//1007 1005//1005
f 1004//1004 1006//1006 1009//1009
f 997//997 1008//1008 1007//1007
f 1006//1006 1008//1008 1009//1009
f 1008//1008 998//998 1010//1010
f 1004//1004 1009//1009 999//999
f 1010//1010 998//998 1000//1000
f 1010//1010 999//999 1009//1009
f 1025//1025 1012//1012 1014//1014
f 1011//1011 1013//1013 1012//1012
f 1013//1013 1018//1018 1014//1014
f 1013//1013 1015//1015 1016//1016
f 1015//1015 1011//1011 1017//1017
f 1014//1014 1018//1018 1021//1021
f 1018//1018 1020//1020 1021//1021
f 1017//1017 1011//1011 1019//1019
f 1019//1019 1022//1022 1020//1020
f 1014//1014 1021//1021 1025//1025
f 1022//1022 1023//1023 1024//1024
f 1022//1022 1025//1025 1021//1021
f 1019//1019 1011//1011 1023//1023
f 1024//1024 1023//1023 1012//1012
f 1027//1027 1029//1029 1031//1031
f 1037//1037 1027//1027 1031//1031
f 1028//1028 1029//1029 1027//1027
f 1028//1028 1026//1026 1032//1032
f 1028//1028 1030//1030 1029//1029
f 1030//1030 1035//1035 1031//1031
f 1037//1037 1031//1031 1035//1035
f 1030//1030 1032//1032 1033//1033
f 1032//1032 1026//1026 1034//1034
f 1033//1033 1034//1034 1036//1036
f 1035//1035 1036//1036 1037//1037
f 1034//1034 1038//1038 1036//1036
f 1037//1037 1038//1038 1039//1039
f 1038//1038 1026//1026 1040//1040
f 1037//1037 1039//1039 1027//1027
f 1040//1040 1028//1028 1027//1027
f 1040//1040 1027//1027 1039//1039
usemtl field_material_29
f 1042//1042 1041//1041 1044//1044
f 1044//1044 1045//1045 1043//1043
f 1043//1043 1045//1045 1046//1046
f 1041//1041 1046//1046 1045//1045
f 1043//1043 1046//1046 1048//1048
f 1047//1047 1048//1048 1046//1046
f 1047//1047 1041//1041 1042//1042
f 1048//1048 1042//1042 1043//1043
f 1050//1050 1052//1052 1051//1051
f 1054//1054 1051//1051 1052//1052
f 1052//1052 1053//1053 1054//1054
f 1049//1049 1053//1053 1052//1052
f 1053//1053 1055//1055 1054//1054
f 1054//1054 1055//1055 1051//1051
f 1049//1049 1051//1051 1055//1055
f 1058//1058 1059//1059 1057//1057
f 1058//1058 1056//1056 1060//1060
f 1061//1061 1057//1057 1059//1059
f 1059//1059 1060//1060 1061//1061
f 1060//1060 1056//1056 1062//1062
f 1062//1062 1063//1063 1061//1061
f 1061//1061 1063//1063 1057//1057
f 1056//1056 1057//1057 1063//1063
f 1065//1065 1064//1064 1066//1066
f 1066//1066 1068//1068 1067//1067
f 1067//1067 1068//1068 1070//1070
f 1064//1064 1070//1070 1068//1068
f 1069//1069 1071//1071 1070//1070
f 1069//1069 1064//1064 1065//1065
f 1067//1067 1070//1070 1071//1071
f 1071//1071 1065//1065 1067//1067
f 1073//1073 1075//1075 1074//1074
f 1073//1073 1072//1072 1076//1076
f 1078//1078 1074//1074 1075//1075
f 1075//1075 1076//1076 1078//1078
f 1076//1076 1072//1072 1077//1077
f 1077//1077 1079//1079 1078//1078
f 1078//1078 1079//1079 1074//1074
f 1072//1072 1074//1074 1079//1079
f 1081//1081 1080//1080 1082//1082
f 1082//1082 1084//1084 1083//1083
f 1083//1083 1084//1084 1086//1086
f 1080//1080 1086//1086 1084//1084
f 1085//1085 1087//1087 1086//1086
f 1085//1085 1080//1080 1081//1081
f 1083//1083 1086//1086 1087//1087
f 1087//1087 1081//1081 1083//1083
f 1090//1090 1091//1091 1089//1089
f 1092//1092 1089//1089 1091//1091
f 1088//1088 1093//1093 1091//1091
f 1091//1091 1093//1093 1092//1092
f 1093//1093 1094//1094 1092//1092
f 1092//1092 1094//1094 1089//1089
f 1088//1088 1089//1089 1094//1094
f 1096//1096 1097//1097 1099//1099
f 1096//1096 1095//1095 1098//1098
f 1097//1097 1098//1098 1099//1099
f 1098//1098 1095//1095 1100//1100
f 1100//1100 1101//1101 1099//1099
f 1101//1101 1096//1096 1099//1099
f 1095//1095 1096//1096 1101//1101
f 1103//1103 1104//1104 1107//1107
f 1103//1103 1102//1102 1105//1105
f 1104//1104 1105//1105 1107//1107
f 1105//1105 1102//1102 1106//1106
f 1106//1106 1108//1108 1107//1107
f 1102//1102 1103//1103 1108//1108
f 1108//1108 1103//1103 1107//1107
f 1110//1110 1109//1109 1112//1112
f 1112//1112 1113//1113 1111//1111
f 1111//1111 1113//1113 1114//1114
f 1109//1109 1114//1114 1113//1113
f 1115//1115 1109//1109 1110//1110
f 1111//1111 1114//1114 1116//1116
f 1115//1115 1116//1116 1114//1114
f 1116//1116 1110//1110 1111//1111
f 1118//1118 1117//1117 1119//1119
f 1119//1119 1121//1121 1120//1120
f 1120//1120 1121//1121 1123//1123
f 1117//1117 1123//1123 1121//1121
f 1122//1122 1124//1124 1123//1123
f 1122//1122 1117//1117 1118//1118
f 1120//1120 1123//1123 1124//1124
f 1124//1124 1118//1118 1120//1120
f 1126//1126 1127//1127 1129//1129
f 1126//1126 1125//1125 1128//1128
f 1127//1127 1128//1128 1129//1129
f 1128//1128 1125//1125 1130//1130
f 1130//1130 1131//1131 1129//1129
f 1131//1131 1126//1126 1129//1129
f 1125//1125 1126//1126 1131//1131
f 1133//1133 1135//1135 1134//1134
f 1133//1133 1132//1132 1136//1136
f 1138//1138 1134//1134 1135//1135
f 1135//1135 1136//1136 1138//1138
f 1136//1136 1132//1132 1137//1137
f 1137//1137 1139//1139 1138//1138
f 1132//1132 1134//1134 1139//1139
f 1138//1138 1139//1139 1134//1134
f 1141//1141 1142//1142 1144//1144
f 1141//1141 1140//1140 1143//1143
f 1142//1142 1143//1143 1144//1144
f 1143//1143 1140//1140 1145//1145
f 1145//1145 1146//1146 1144//1144
f 1146//1146 1141//1141 1144//1144
f 1140//1140 1141//1141 1146//1146
usemtl field_material_05
f 1153//1153 1149//1149 1148//1148
f 1148//1148 1151//1151 1150//1150
f 1152//1152 1153//1153 1150//1150
usemtl field_material_27
f 1158//1158 1157//1157 1164//1164
f 1155//1155 1160//1160 1156//1156
f 1157//1157 1160//1160 1164//1164
f 1176//1176 1159//1159 1155//1155
f 1154//1154 1162//1162 1159//1159
f 1159//1159 1163//1163 1160//1160
f 1163//1163 1169//1169 1164//1164
f 1161//1161 1165//1165 1162//1162
f 1158//1158 1164//1164 1169//1169
f 1162//1162 1166//1166 1163//1163
f 1165//1165 1168//1168 1166//1166
f 1161//1161 1154//1154 1167//1167
f 1169//1169 1172//1172 1175//1175
f 1158//1158 1169//1169 1175//1175
f 1167//1167 1172//1172 1168//1168
f 1167//1167 1154//1154 1170//1170
f 1171//1171 1170//1170 1173//1173
f 1171//1171 1174//1174 1172//1172
f 1174//1174 1157//1157 1175//1175
f 1170//1170 1177//1177 1173//1173
f 1158//1158 1175//1175 1157//1157
f 1173//1173 1178//1178 1174//1174
f 1170//1170 1154//1154 1176//1176
f 1177//1177 1176//1176 1155//1155
f 1177//1177 1156//1156 1178//1178
usemtl field_material_25
f 1180//1180 1184//1184 1194//1194
f 1191//1191 1194//1194 1184//1184
f 1180//1180 1181//1181 1182//1182
f 1181//1181 1179//1179 1183//1183
f 1184//1184 1185//1185 1188//1188
f 1183//1183 1179//1179 1186//1186
f 1191//1191 1184//1184 1188//1188
f 1186//1186 1187//1187 1185//1185
f 1187//1187 1191//1191 1188//1188
f 1186//1186 1179//1179 1189//1189
f 1187//1187 1189//1189 1190//1190
f 1190//1190 1189//1189 1192//1192
f 1190//1190 1192//1192 1191//1191
f 1191//1191 1192//1192 1194//1194
f 1189//1189 1193//1193 1192//1192
f 1192//1192 1193//1193 1194//1194
f 1179//1179 1180//1180 1193//1193
f 1196//1196 1197//1197 1198//1198
f 1198//1198 1202//1202 1199//1199
f 1197//1197 1195//1195 1200//1200
f 1210//1210 1199//1199 1202//1202
f 1200//1200 1195//1195 1203//1203
f 1202//1202 1204//1204 1206//1206
f 1210//1210 1202//1202 1206//1206
f 1203//1203 1204//1204 1201//1201
f 1204//1204 1195//1195 1205//1205
f 1205//1205 1208//1208 1206//1206
f 1210//1210 1206//1206 1208//1208
f 1205//1205 1207//1207 1208//1208
f 1207//1207 1209//1209 1208//1208
f 1208//1208 1209//1209 1210//1210
f 1207//1207 1196//1196 1209//1209
f 1210//1210 1196//1196 1199//1199
f 1207//1207 1195//1195 1197//1197
f 1212//1212 1215//1215 1213//1213
f 1219//1219 1213//1213 1215//1215
f 1212//1212 1211//1211 1214//1214
f 1214//1214 1217//1217 1216//1216
f 1215//1215 1218//1218 1219//1219
f 1217//1217 1218//1218 1216//1216
f 1219//1219 1220//1220 1223//1223
f 1217//1217 1211//1211 1221//1221
f 1217//1217 1220//1220 1218//1218
f 1220//1220 1221//1221 1222//1222
f 1222//1222 1225//1225 1223//1223
f 1221//1221 1211//1211 1224//1224
f 1219//1219 1223//1223 1225//1225
f 1222//1222 1224//1224 1225//1225
f 1225//1225 1227//1227 1213//1213
f 1224//1224 1211//1211 1226//1226
f 1219//1219 1225//1225 1213//1213
f 1224//1224 1227//1227 1225//1225
f 1226//1226 1212//1212 1227//1227
f 1230//1230 1228//1228 1231//1231
f 1244//1244 1232//1232 1234//1234
f 1231//1231 1235//1235 1233//1233
f 1231//1231 1234//1234 1232//1232
f 1235//1235 1236//1236 1233//1233
f 1234//1234 1237//1237 1240//1240
f 1235//1235 1228//1228 1238//1238
f 1244//1244 1234//1234 1240//1240
f 1235//1235 1237//1237 1236//1236
f 1237//1237 1238//1238 1239//1239
f 1239//1239 1242//1242 1240//1240
f 1238//1238 1228//1228 1241//1241
f 1244//1244 1240//1240 1242//1242
f 1239//1239 1241//1241 1242//1242
f 1242//1242 1243//1243 1244//1244
f 1241//1241 1228//1228 1229//1229
f 1241//1241 1243//1243 1242//1242
f 1244//1244 1230//1230 1232//1232
f 1229//1229 1230//1230 1243//1243
f 1247//1247 1245//1245 1249//1249
f 1260//1260 1248//1248 1251//1251
f 1249//1249 1251//1251 1248//1248
f 1250//1250 1245//1245 1253//1253
f 1260//1260 1251//1251 1256//1256
f 1253//1253 1254//1254 1252//1252
f 1251//1251 1254//1254 1256//1256
f 1253//1253 1245//1245 1257//1257
f 1254//1254 1257//1257 1255//1255
f 1255//1255 1258//1258 1256//1256
f 1260//1260 1256//1256 1258//1258
f 1255//1255 1257//1257 1258//1258
f 1258//1258 1259//1259 1260//1260
f 1257//1257 1245//1245 1246//1246
f 1257//1257 1259//1259 1258//1258
f 1260//1260 1247//1247 1248//1248
f 1246//1246 1247//1247 1259//1259
usemtl field_material_05
f 3//3 8//8 9//9
f 5//5 4//4 9//9
f 2//2 7//7 8//8
f 8//8 12//12 13//13
f 9//9 13//13 14//14
f 7//7 11//11 12//12
f 12//12 16//16 17//17
f 14//14 13//13 17//17
f 11//11 15//15 16//16
f 16//16 20//20 21//21
f 17//17 21//21 22//22
f 15//15 19//19 20//20
f 20//20 24//24 25//25
f 22//22 21//21 25//25
f 19//19 23//23 24//24
f 24//24 28//28 29//29
f 25//25 29//29 30//30
f 23//23 27//27 28//28
f 28//28 32//32 33//33
f 30//30 29//29 33//33
f 27//27 31//31 32//32
f 32//32 3//3 4//4
f 33//33 4//4 5//5
f 31//31 2//2 3//3
f 35//35 36//36 38//38
f 38//38 40//40 39//39
f 39//39 40//40 42//42
f 41//41 42//42 44//44
f 40//40 38//38 44//44
f 38//38 36//36 44//44
f 36//36 46//46 44//44
f 43//43 44//44 46//46
f 46//46 36//36 35//35
f 45//45 35//35 37//37
f 37//37 39//39 41//41
f 41//41 43//43 37//37
usemtl field_material_07
f 48//48 50//50 49//49
f 49//49 50//50 52//52
f 51//51 52//52 54//54
f 53//53 54//54 56//56
f 55//55 56//56 58//58
f 58//58 60//60 59//59
f 60//60 62//62 61//61
f 61//61 62//62 64//64
usemtl field_material_05
f 67//67 69//69 66//66
f 69//69 67//67 68//68
usemtl field_material_07
f 71//71 73//73 72//72
f 72//72 73//73 75//75
f 75//75 77//77 76//76
f 76//76 77//77 79//79
f 79//79 81//81 80//80
f 81//81 83//83 82//82
f 83//83 85//85 84//84
f 84//84 85//85 87//87
f 87//87 88//88 86//86
usemtl field_material_05
f 90//90 92//92 89//89
f 92//92 90//90 91//91
usemtl field_material_07
f 93//93 94//94 96//96
f 95//95 96//96 98//98
f 97//97 98//98 100//100
f 99//99 100//100 102//102
f 101//101 102//102 104//104
f 104//104 106//106 105//105
f 106//106 108//108 107//107
f 108//108 110//110 109//109
usemtl field_material_05
f 112//112 113//113 115//115
f 114//114 115//115 113//113
f 116//116 117//117 119//119
f 118//118 119//119 121//121
f 121//121 123//123 122//122
f 123//123 125//125 124//124
f 121//121 119//119 125//125
f 119//119 117//117 125//125
f 117//117 127//127 125//125
f 125//125 127//127 126//126
f 126//126 127//127 117//117
f 126//126 116//116 118//118
f 118//118 120//120 122//122
f 122//122 124//124 118//118
usemtl field_material_07
f 129//129 131//131 130//130
f 131//131 133//133 132//132
f 132//132 133//133 135//135
f 134//134 135//135 137//137
f 137//137 139//139 138//138
f 139//139 141//141 140//140
f 140//140 141//141 143//143
f 143//143 145//145 144//144
f 145//145 146//146 144//144
usemtl field_material_05
f 148//148 150//150 147//147
f 150//150 148//148 149//149
usemtl field_material_07
f 152//152 154//154 153//153
f 153//153 154//154 156//156
f 155//155 156//156 158//158
f 157//157 158//158 160//160
f 160//160 162//162 161//161
f 162//162 164//164 163//163
f 163//163 164//164 166//166
f 166//166 168//168 167//167
usemtl field_material_05
f 170//170 171//171 173//173
f 172//172 173//173 171//171
usemtl field_material_07
f 175//175 177//177 176//176
f 177//177 179//179 178//178
f 179//179 181//181 180//180
f 181//181 183//183 182//182
f 182//182 183//183 185//185
f 185//185 187//187 186//186
f 186//186 187//187 189//189
f 188//188 189//189 191//191
f 191//191 192//192 190//190
usemtl field_material_05
f 194//194 196//196 193//193
f 196//196 194//194 195//195
f 198//198 200//200 199//199
f 200//200 202//202 201//201
f 202//202 204//204 203//203
f 204//204 206//206 205//205
f 202//202 200//200 206//206
f 200//200 198//198 206//206
f 198//198 208//208 206//206
f 205//205 206//206 208//208
f 207//207 208//208 198//198
f 207//207 197//197 199//199
f 199//199 201//201 203//203
f 203//203 205//205 207//207
usemtl field_material_17
f 209//209 210//210 212//212
f 212//212 214//214 213//213
f 214//214 216//216 215//215
f 216//216 218//218 217//217
f 217//217 218//218 220//220
f 220//220 222//222 221//221
f 221//221 222//222 224//224
f 223//223 224//224 226//226
f 226//226 227//227 225//225
usemtl field_material_05
f 229//229 231//231 228//228
f 231//231 229//229 230//230
usemtl field_material_17
f 232//232 233//233 235//235
f 235//235 237//237 236//236
f 237//237 239//239 238//238
f 239//239 241//241 240//240
f 240//240 241//241 243//243
f 242//242 243//243 245//245
f 245//245 247//247 246//246
f 247//247 249//249 248//248
f 249//249 250//250 248//248
usemtl field_material_05
f 251//251 253//253 255//255
f 252//252 253//253 254//254
f 254//254 251//251 255//255
usemtl field_material_17
f 257//257 259//259 258//258
f 259//259 261//261 260//260
f 261//261 263//263 262//262
f 262//262 263//263 265//265
f 265//265 267//267 266//266
f 267//267 269//269 268//268
f 268//268 269//269 271//271
f 271//271 273//273 272//272
f 273//273 274//274 272//272
usemtl field_material_05
f 275//275 276//276 277//277
f 277//277 279//279 278//278
f 277//277 276//276 279//279
f 279//279 276//276 278//278
f 280//280 281//281 283//283
f 283//283 285//285 284//284
f 284//284 285//285 287//287
f 286//286 287//287 289//289
f 285//285 283//283 281//281
f 281//281 291//291 289//289
f 289//289 287//287 281//281
f 288//288 289//289 291//291
f 291//291 281//281 280//280
f 290//290 280//280 282//282
f 282//282 284//284 286//286
f 286//286 288//288 290//290
usemtl field_material_07
f 293//293 295//295 294//294
f 295//295 297//297 296//296
f 296//296 297//297 299//299
f 299//299 301//301 300//300
f 301//301 303//303 302//302
f 303//303 305//305 304//304
f 305//305 307//307 306//306
f 307//307 309//309 308//308
f 309//309 310//310 308//308
usemtl field_material_05
f 312//312 313//313 314//314
f 314//314 313//313 311//311
usemtl field_material_07
f 316//316 318//318 317//317
f 317//317 318//318 320//320
f 320//320 322//322 321//321
f 322//322 324//324 323//323
f 324//324 326//326 325//325
f 326//326 328//328 327//327
f 327//327 328//328 330//330
f 330//330 332//332 331//331
f 332//332 333//333 331//331
usemtl field_material_05
f 335//335 337//337 336//336
f 337//337 335//335 334//334
usemtl field_material_07
f 338//338 339//339 341//341
f 340//340 341//341 343//343
f 343//343 345//345 344//344
f 344//344 345//345 347//347
f 347//347 349//349 348//348
f 348//348 349//349 351//351
f 351//351 353//353 352//352
f 353//353 355//355 354//354
usemtl field_material_05
f 357//357 358//358 359//359
f 359//359 358//358 360//360
f 361//361 362//362 364//364
f 364//364 366//366 365//365
f 365//365 366//366 368//368
f 368//368 370//370 369//369
f 366//366 364//364 370//370
f 364//364 362//362 370//370
f 362//362 372//372 370//370
f 370//370 372//372 371//371
f 371//371 372//372 362//362
f 371//371 361//361 367//367
f 361//361 363//363 367//367
f 363//363 365//365 367//367
usemtl field_material_07
f 374//374 376//376 375//375
f 375//375 376//376 378//378
f 378//378 380//380 379//379
f 380//380 382//382 381//381
f 381//381 382//382 384//384
f 384//384 386//386 385//385
f 385//385 386//386 388//388
f 388//388 390//390 389//389
f 390//390 391//391 389//389
usemtl field_material_05
f 392//392 393//393 395//395
f 394//394 395//395 393//393
usemtl field_material_07
f 397//397 399//399 398//398
f 399//399 401//401 400//400
f 400//400 401//401 403//403
f 402//402 403//403 405//405
f 404//404 405//405 407//407
f 407//407 409//409 408//408
f 409//409 411//411 410//410
f 411//411 413//413 412//412
f 413//413 414//414 412//412
usemtl field_material_05
f 416//416 418//418 415//415
f 418//418 416//416 417//417
usemtl field_material_07
f 420//420 422//422 421//421
f 421//421 422//422 424//424
f 424//424 426//426 425//425
f 426//426 428//428 427//427
f 428//428 430//430 429//429
f 430//430 432//432 431//431
f 432//432 434//434 433//433
f 434//434 436//436 435//435
f 436//436 437//437 435//435
usemtl field_material_05
f 439//439 441//441 438//438
f 441//441 439//439 440//440
f 443//443 445//445 444//444
f 445//445 447//447 446//446
f 447//447 449//449 448//448
f 448//448 449//449 451//451
f 447//447 445//445 443//443
f 443//443 453//453 451//451
f 451//451 449//449 443//443
f 451//451 453//453 452//452
f 453//453 443//443 442//442
f 452//452 442//442 444//444
f 444//444 446//446 448//448
f 448//448 450//450 452//452
usemtl field_material_17
f 455//455 457//457 456//456
f 456//456 457//457 459//459
f 458//458 459//459 461//461
f 461//461 463//463 462//462
f 462//462 463//463 465//465
f 465//465 467//467 466//466
f 467//467 469//469 468//468
f 468//468 469//469 471//471
f 471//471 472//472 470//470
usemtl field_material_05
f 474//474 476//476 473//473
f 475//475 476//476 474//474
usemtl field_material_17
f 477//477 478//478 480//480
f 480//480 482//482 481//481
f 481//481 482//482 484//484
f 483//483 484//484 486//486
f 485//485 486//486 488//488
f 488//488 490//490 489//489
f 490//490 492//492 491//491
f 492//492 494//494 493//493
f 494//494 495//495 493//493
usemtl field_material_05
f 496//496 497//497 499//499
f 498//498 499//499 497//497
usemtl field_material_17
f 501//501 503//503 502//502
f 502//502 503//503 505//505
f 505//505 507//507 506//506
f 507//507 509//509 508//508
f 509//509 511//511 510//510
f 511//511 513//513 512//512
f 512//512 513//513 515//515
f 514//514 515//515 517//517
f 517//517 518//518 516//516
usemtl field_material_05
f 522//522 519//519 521//521
f 520//520 521//521 519//519
f 523//523 524//524 526//526
f 525//525 526//526 528//528
f 527//527 528//528 530//530
f 529//529 530//530 532//532
f 528//528 526//526 524//524
f 524//524 534//534 528//528
f 534//534 532//532 528//528
f 531//531 532//532 534//534
f 534//534 524//524 523//523
f 533//533 523//523 525//525
f 525//525 527//527 533//533
f 527//527 529//529 533//533
usemtl field_material_07
f 536//536 538//538 537//537
f 538//538 540//540 539//539
f 540//540 542//542 541//541
f 542//542 544//544 543//543
f 544//544 546//546 545//545
f 545//545 546//546 548//548
f 548//548 550//550 549//549
f 550//550 552//552 551//551
usemtl field_material_05
f 554//554 555//555 558//558
f 557//557 558//558 555//555
f 557//557 554//554 556//556
usemtl field_material_07
f 560//560 562//562 561//561
f 561//561 562//562 564//564
f 563//563 564//564 566//566
f 565//565 566//566 568//568
f 568//568 570//570 569//569
f 570//570 572//572 571//571
f 572//572 574//574 573//573
f 574//574 576//576 575//575
f 576//576 577//577 575//575
usemtl field_material_05
f 579//579 581//581 578//578
f 581//581 579//579 580//580
usemtl field_material_07
f 583//583 585//585 584//584
f 585//585 587//587 586//586
f 586//586 587//587 589//589
f 588//588 589//589 591//591
f 591//591 593//593 592//592
f 593//593 595//595 594//594
f 594//594 595//595 597//597
f 597//597 599//599 598//598
usemtl field_material_05
f 602//602 604//604 603//603
f 604//604 602//602 601//601
f 606//606 608//608 607//607
f 608//608 610//610 609//609
f 609//609 610//610 612//612
f 611//611 612//612 614//614
f 610//610 608//608 606//606
f 606//606 616//616 610//610
f 616//616 614//614 610//610
f 613//613 614//614 616//616
f 615//615 616//616 606//606
f 615//615 605//605 611//611
f 605//605 607//607 611//611
f 607//607 609//609 611//611
usemtl field_material_17
f 618//618 620//620 619//619
f 620//620 622//622 621//621
f 622//622 624//624 623//623
f 623//623 624//624 626//626
f 626//626 628//628 627//627
f 627//627 628//628 630//630
f 629//629 630//630 632//632
f 632//632 634//634 633//633
usemtl field_material_05
f 637//637 639//639 636//636
f 639//639 637//637 638//638
usemtl field_material_17
f 641//641 643//643 642//642
f 643//643 645//645 644//644
f 645//645 647//647 646//646
f 647//647 649//649 648//648
f 649//649 651//651 650//650
f 651//651 653//653 652//652
f 653//653 655//655 654//654
f 654//654 655//655 657//657
usemtl field_material_05
f 660//660 662//662 659//659
f 662//662 660//660 661//661
usemtl field_material_17
f 663//663 664//664 666//666
f 666//666 668//668 667//667
f 667//667 668//668 670//670
f 669//669 670//670 672//672
f 672//672 674//674 673//673
f 673//673 674//674 676//676
f 675//675 676//676 678//678
f 677//677 678//678 680//680
usemtl field_material_05
f 683//683 685//685 682//682
f 683//683 686//686 685//685
f 684//684 685//685 686//686
f 686//686 683//683 682//682
f 688//688 690//690 689//689
f 690//690 692//692 689//689
f 688//688 694//694 690//690
f 694//694 692//692 690//690
f 691//691 692//692 694//694
f 694//694 688//688 693//693
f 689//689 691//691 693//693
usemtl field_material_13
f 696//696 702//702 703//703
f 696//696 703//703 704//704
f 697//697 704//704 705//705
f 697//697 705//705 706//706
f 698//698 707//707 699//699
f 699//699 707//707 700//700
f 700//700 708//708 701//701
f 709//709 702//702 696//696
f 704//704 710//710 705//705
f 700//700 711//711 708//708
f 712//712 713//713 703//703
f 713//713 714//714 704//704
f 704//704 714//714 710//710
f 706//706 715//715 716//716
f 706//706 716//716 717//717
f 717//717 718//718 707//707
f 719//719 720//720 701//701
f 720//720 721//721 709//709
f 702//702 721//721 712//712
f 712//712 722//722 713//713
f 724//724 725//725 715//715
f 725//725 732//732 716//716
f 717//717 726//726 718//718
f 718//718 734//734 711//711
f 719//719 727//727 720//720
f 720//720 727//727 728//728
f 721//721 728//728 729//729
f 722//722 731//731 713//713
f 713//713 731//731 723//723
f 734//734 735//735 719//719
f 730//730 736//736 722//722
f 722//722 736//736 731//731
f 737//737 738//738 724//724
f 725//725 739//739 732//732
f 733//733 740//740 734//734
f 736//736 741//741 731//731
f 741//741 742//742 723//723
f 724//724 743//743 744//744
f 732//732 745//745 746//746
f 746//746 740//740 733//733
f 734//734 747//747 748//748
f 748//748 749//749 727//727
f 727//727 749//749 750//750
f 728//728 750//750 751//751
f 729//729 751//751 752//752
f 730//730 752//752 736//736
f 741//741 754//754 742//742
f 743//743 755//755 744//744
f 744//744 756//756 739//739
f 739//739 756//756 745//745
f 745//745 765//765 746//746
f 746//746 762//762 740//740
f 747//747 757//757 748//748
f 757//757 758//758 748//748
f 750//750 764//764 751//751
f 742//742 760//760 737//737
f 760//760 761//761 738//738
f 743//743 761//761 755//755
f 755//755 756//756 744//744
f 765//765 762//762 746//746
f 762//762 763//763 740//740
f 747//747 763//763 757//757
f 758//758 766//766 749//749
f 764//764 759//759 752//752
f 767//767 768//768 754//754
f 768//768 769//769 760//760
f 769//769 770//770 761//761
f 756//756 770//770 771//771
f 771//771 772//772 762//762
f 772//772 773//773 763//763
f 773//773 774//774 758//758
f 764//764 774//774 767//767
usemtl field_material_05
f 786//786 776//776 778//778
f 787//787 777//777 778//778
f 778//778 781//781 782//782
f 778//778 776//776 780//780
f 780//780 783//783 785//785
f 782//782 781//781 785//785
f 785//785 783//783 786//786
f 785//785 777//777 787//787
f 798//798 788//788 789//789
f 791//791 789//789 790//790
f 790//790 788//788 793//793
f 790//790 795//795 796//796
f 793//793 794//794 795//795
f 796//796 795//795 799//799
f 799//799 794//794 798//798
f 799//799 789//789 791//791
f 804//804 801//801 803//803
f 804//804 803//803 805//805
f 802//802 806//806 805//805
f 805//805 808//808 810//810
f 805//805 806//806 809//809
f 809//809 800//800 811//811
f 810//810 808//808 811//811
f 811//811 801//801 812//812
f 801//801 800//800 802//802
f 814//814 818//818 817//817
f 816//816 815//815 817//817
f 817//817 818//818 819//819
f 817//817 821//821 820//820
f 819//819 813//813 823//823
f 820//820 821//821 823//823
f 823//823 813//813 814//814
f 823//823 815//815 824//824
f 835//835 828//828 827//827
f 836//836 826//826 827//827
f 827//827 831//831 832//832
f 827//827 828//828 830//830
f 830//830 825//825 834//834
f 832//832 831//831 834//834
f 834//834 825//825 835//835
f 834//834 826//826 836//836
f 837//837 838//838 840//840
f 839//839 840//840 842//842
f 841//841 842//842 843//843
f 838//838 843//843 840//840
f 843//843 838//838 844//844
f 844//844 837//837 839//839
f 839//839 841//841 844//844
usemtl field_material_09
f 846//846 852//852 853//853
f 847//847 853//853 854//854
f 854//854 855//855 847//847
f 847//847 855//855 862//862
f 862//862 856//856 848//848
f 848//848 856//856 857//857
f 857//857 858//858 849//849
f 858//858 859//859 850//850
f 859//859 860//860 851//851
f 860//860 861//861 851//851
f 861//861 852//852 846//846
f 862//862 863//863 856//856
f 856//856 863//863 857//857
f 857//857 864//864 858//858
f 858//858 864//864 865//865
f 865//865 866//866 859//859
f 867//867 868//868 853//853
f 868//868 869//869 853//853
f 869//869 870//870 854//854
f 870//870 871//871 855//855
f 871//871 872//872 862//862
f 872//872 873//873 862//862
f 873//873 874//874 863//863
f 874//874 875//875 857//857
f 875//875 876//876 864//864
f 876//876 877//877 865//865
f 865//865 877//877 878//878
f 878//878 879//879 866//866
f 860//860 879//879 880//880
f 880//880 881//881 861//861
f 861//861 881//881 882//882
f 852//852 882//882 867//867
f 868//868 883//883 869//869
f 884//884 885//885 873//873
f 873//873 885//885 886//886
f 874//874 886//886 887//887
f 888//888 889//889 876//876
f 889//889 890//890 877//877
f 877//877 890//890 891//891
f 878//878 892//892 879//879
f 879//879 892//892 893//893
f 894//894 895//895 882//882
f 896//896 897//897 883//883
f 897//897 898//898 883//883
f 870//870 898//898 899//899
f 899//899 900//900 884//884
f 896//896 905//905 897//897
f 898//898 906//906 899//899
f 901//901 907//907 886//886
f 888//888 908//908 889//889
f 891//891 909//909 903//903
f 903//903 909//909 892//892
f 905//905 912//912 897//897
f 912//912 913//913 898//898
f 899//899 914//914 915//915
f 915//915 916//916 900//900
f 916//916 917//917 885//885
f 917//917 918//918 901//901
f 919//919 920//920 902//902
f 920//920 921//921 888//888
f 890//890 922//922 923//923
f 892//892 924//924 925//925
f 925//925 926//926 904//904
f 895//895 927//927 911//911
f 911//911 929//929 905//905
f 929//929 930//930 912//912
f 906//906 931//931 914//914
f 914//914 931//931 915//915
f 920//920 932//932 921//921
f 921//921 932//932 933//933
f 923//923 934//934 909//909
f 909//909 934//934 924//924
f 926//926 935//935 910//910
f 910//910 935//935 936//936
f 930//930 937//937 913//913
f 937//937 938//938 906//906
f 916//916 939//939 917//917
f 917//917 939//939 918//918
f 919//919 941//941 920//920
f 920//920 941//941 932//932
f 933//933 942//942 922//922
f 942//942 943//943 923//923
f 925//925 944//944 926//926
f 936//936 945//945 928//928
f 928//928 945//945 911//911
f 946//946 947//947 929//929
f 948//948 949//949 916//916
f 939//939 950//950 918//918
f 932//932 952//952 933//933
f 944//944 954//954 926//926
f 936//936 955//955 945//945
f 947//947 956//956 957//957
f 937//937 957//957 958//958
f 931//931 958//958 959//959
f 959//959 960//960 939//939
f 960//960 961//961 951//951
f 961//961 962//962 932//932
f 962//962 963//963 943//943
f 963//963 964//964 944//944
f 935//935 964//964 965//965
f 965//965 956//956 946//946
usemtl field_material_05
f 968//968 970//970 971//971
f 972//972 971//971 973//973
f 973//973 970//970 967//967
f 973//973 974//974 975//975
f 974//974 967//967 976//976
f 974//974 978//978 977//977
f 976//976 980//980 979//979
f 977//977 978//978 979//979
f 979//979 980//980 968//968
f 983//983 982//982 985//985
f 987//987 985//985 986//986
f 986//986 982//982 988//988
f 986//986 989//989 990//990
f 989//989 993//993 991//991
f 988//988 992//992 993//993
f 991//991 993//993 994//994
f 994//994 992//992 983//983
f 994//994 996//996 995//995
f 998//998 1001//1001 1000//1000
f 999//999 1000//1000 1002//1002
f 1002//1002 1001//1001 1003//1003
f 1002//1002 1005//1005 1004//1004
f 1003//1003 997//997 1007//1007
f 1006//1006 1005//1005 1007//1007
f 1006//1006 1007//1007 1008//1008
f 1008//1008 997//997 998//998
f 1008//1008 1010//1010 1009//1009
f 1010//1010 1000//1000 999//999
f 1023//1023 1011//1011 1012//1012
f 1014//1014 1012//1012 1013//1013
f 1011//1011 1015//1015 1013//1013
f 1013//1013 1016//1016 1018//1018
f 1016//1016 1015//1015 1017//1017
f 1016//1016 1017//1017 1018//1018
f 1017//1017 1019//1019 1020//1020
f 1018//1018 1017//1017 1020//1020
f 1021//1021 1020//1020 1022//1022
f 1022//1022 1019//1019 1023//1023
f 1022//1022 1024//1024 1025//1025
f 1024//1024 1012//1012 1025//1025
f 1031//1031 1029//1029 1030//1030
f 1028//1028 1032//1032 1030//1030
f 1030//1030 1033//1033 1035//1035
f 1033//1033 1036//1036 1035//1035
f 1033//1033 1032//1032 1034//1034
f 1034//1034 1026//1026 1038//1038
f 1037//1037 1036//1036 1038//1038
f 1038//1038 1040//1040 1039//1039
f 1040//1040 1026//1026 1028//1028
usemtl field_material_29
f 1042//1042 1044//1044 1043//1043
f 1044//1044 1041//1041 1045//1045
f 1046//1046 1041//1041 1047//1047
f 1047//1047 1042//1042 1048//1048
f 1051//1051 1049//1049 1050//1050
f 1050//1050 1049//1049 1052//1052
f 1053//1053 1049//1049 1055//1055
f 1057//1057 1056//1056 1058//1058
f 1058//1058 1060//1060 1059//1059
f 1060//1060 1062//1062 1061//1061
f 1062//1062 1056//1056 1063//1063
f 1065//1065 1066//1066 1067//1067
f 1066//1066 1064//1064 1068//1068
f 1070//1070 1064//1064 1069//1069
f 1069//1069 1065//1065 1071//1071
f 1074//1074 1072//1072 1073//1073
f 1073//1073 1076//1076 1075//1075
f 1076//1076 1077//1077 1078//1078
f 1077//1077 1072//1072 1079//1079
f 1081//1081 1082//1082 1083//1083
f 1082//1082 1080//1080 1084//1084
f 1086//1086 1080//1080 1085//1085
f 1085//1085 1081//1081 1087//1087
f 1089//1089 1088//1088 1090//1090
f 1090//1090 1088//1088 1091//1091
f 1093//1093 1088//1088 1094//1094
f 1096//1096 1098//1098 1097//1097
f 1098//1098 1100//1100 1099//1099
f 1100//1100 1095//1095 1101//1101
f 1103//1103 1105//1105 1104//1104
f 1105//1105 1106//1106 1107//1107
f 1106//1106 1102//1102 1108//1108
f 1110//1110 1112//1112 1111//1111
f 1112//1112 1109//1109 1113//1113
f 1114//1114 1109//1109 1115//1115
f 1115//1115 1110//1110 1116//1116
f 1118//1118 1119//1119 1120//1120
f 1119//1119 1117//1117 1121//1121
f 1123//1123 1117//1117 1122//1122
f 1122//1122 1118//1118 1124//1124
f 1126//1126 1128//1128 1127//1127
f 1128//1128 1130//1130 1129//1129
f 1130//1130 1125//1125 1131//1131
f 1134//1134 1132//1132 1133//1133
f 1133//1133 1136//1136 1135//1135
f 1136//1136 1137//1137 1138//1138
f 1137//1137 1132//1132 1139//1139
f 1141//1141 1143//1143 1142//1142
f 1143//1143 1145//1145 1144//1144
f 1145//1145 1140//1140 1146//1146
usemtl field_material_05
f 1153//1153 1147//1147 1149//1149
f 1149//1149 1151//1151 1148//1148
f 1151//1151 1152//1152 1150//1150
f 1151//1151 1149//1149 1147//1147
f 1147//1147 1152//1152 1151//1151
f 1152//1152 1147//1147 1153//1153
f 1148//1148 1150//1150 1153//1153
usemtl field_material_27
f 1155//1155 1159//1159 1160//1160
f 1157//1157 1156//1156 1160//1160
f 1176//1176 1154//1154 1159//1159
f 1160//1160 1163//1163 1164//1164
f 1154//1154 1161//1161 1162//1162
f 1159//1159 1162//1162 1163//1163
f 1163//1163 1166//1166 1169//1169
f 1162//1162 1165//1165 1166//1166
f 1166//1166 1168//1168 1169//1169
f 1165//1165 1161//1161 1167//1167
f 1165//1165 1167//1167 1168//1168
f 1169//1169 1168//1168 1172//1172
f 1167//1167 1170//1170 1171//1171
f 1167//1167 1171//1171 1172//1172
f 1172//1172 1174//1174 1175//1175
f 1171//1171 1173//1173 1174//1174
f 1174//1174 1178//1178 1157//1157
f 1170//1170 1176//1176 1177//1177
f 1173//1173 1177//1177 1178//1178
f 1178//1178 1156//1156 1157//1157
f 1177//1177 1155//1155 1156//1156
usemtl field_material_25
f 1180//1180 1182//1182 1184//1184
f 1182//1182 1183//1183 1184//1184
f 1182//1182 1181//1181 1183//1183
f 1184//1184 1183//1183 1185//1185
f 1183//1183 1186//1186 1185//1185
f 1188//1188 1185//1185 1187//1187
f 1187//1187 1190//1190 1191//1191
f 1187//1187 1186//1186 1189//1189
f 1189//1189 1179//1179 1193//1193
f 1179//1179 1181//1181 1180//1180
f 1194//1194 1193//1193 1180//1180
f 1196//1196 1198//1198 1199//1199
f 1198//1198 1200//1200 1202//1202
f 1198//1198 1197//1197 1200//1200
f 1202//1202 1200//1200 1201//1201
f 1200//1200 1203//1203 1201//1201
f 1202//1202 1201//1201 1204//1204
f 1204//1204 1205//1205 1206//1206
f 1204//1204 1203//1203 1195//1195
f 1205//1205 1195//1195 1207//1207
f 1207//1207 1197//1197 1196//1196
f 1210//1210 1209//1209 1196//1196
f 1212//1212 1214//1214 1215//1215
f 1212//1212 1226//1226 1211//1211
f 1214//1214 1211//1211 1217//1217
f 1214//1214 1216//1216 1215//1215
f 1215//1215 1216//1216 1218//1218
f 1219//1219 1218//1218 1220//1220
f 1217//1217 1221//1221 1220//1220
f 1220//1220 1222//1222 1223//1223
f 1222//1222 1221//1221 1224//1224
f 1224//1224 1226//1226 1227//1227
f 1213//1213 1227//1227 1212//1212
f 1230//1230 1231//1231 1232//1232
f 1230//1230 1229//1229 1228//1228
f 1231//1231 1228//1228 1235//1235
f 1231//1231 1233//1233 1234//1234
f 1234//1234 1233//1233 1236//1236
f 1234//1234 1236//1236 1237//1237
f 1235//1235 1238//1238 1237//1237
f 1237//1237 1239//1239 1240//1240
f 1239//1239 1238//1238 1241//1241
f 1241//1241 1229//1229 1243//1243
f 1244//1244 1243//1243 1230//1230
f 1247//1247 1246//1246 1245//1245
f 1247//1247 1249//1249 1248//1248
f 1249//1249 1245//1245 1250//1250
f 1249//1249 1250//1250 1251//1251
f 1250//1250 1253//1253 1252//1252
f 1251//1251 1250//1250 1252//1252
f 1251//1251 1252//1252 1254//1254
f 1254//1254 1255//1255 1256//1256
f 1254//1254 1253//1253 1257//1257
f 1257//1257 1246//1246 1259//1259
f 1260//1260 1259//1259 1247//1247
