# Strawberry URP Gazebo mesh generated by export_gazebo_assets.py
mtllib plant_variant_14.mtl

o field_export_plant_variant_14
v 0.000000000 0.000000000 0.025000000
v 0.000000000 0.026450338 0.020225426
v 0.000000000 0.042797547 0.007725425
v 0.000000000 0.042797547 -0.007725425
v 0.000000000 0.026450338 -0.020225426
v 0.000000000 0.000000000 -0.025000000
v 0.018703211 0.018703211 0.020225426
v 0.030262435 0.030262435 0.007725425
v 0.030262435 0.030262435 -0.007725425
v 0.018703211 0.018703211 -0.020225426
v 0.026450334 0.000000000 0.020225426
v 0.042797547 0.000000000 0.007725425
v 0.042797547 0.000000000 -0.007725425
v 0.026450334 0.000000000 -0.020225426
v 0.018703211 -0.018703211 0.020225426
v 0.030262435 -0.030262435 0.007725425
v 0.030262435 -0.030262435 -0.007725425
v 0.018703211 -0.018703211 -0.020225426
v 0.000000000 -0.026450334 0.020225426
v 0.000000000 -0.042797547 0.007725425
v 0.000000000 -0.042797547 -0.007725425
v 0.000000000 -0.026450334 -0.020225426
v -0.018703211 -0.018703211 0.020225426
v -0.030262435 -0.030262435 0.007725425
v -0.030262435 -0.030262435 -0.007725425
v -0.018703211 -0.018703211 -0.020225426
v -0.026450334 0.000000000 0.020225426
v -0.042797547 0.000000000 0.007725425
v -0.042797547 0.000000000 -0.007725425
v -0.026450334 0.000000000 -0.020225426
v -0.018703211 0.018703211 0.020225426
v -0.030262435 0.030262435 0.007725425
v -0.030262435 0.030262435 -0.007725425
v -0.018703211 0.018703211 -0.020225426
v 0.002534654 -0.004462995 0.004760005
v -0.091313154 0.160783023 0.209668130
v -0.004004046 -0.005225271 0.002380013
v -0.097851858 0.160020739 0.207288146
v -0.006538693 -0.000762299 -0.002379969
v -0.100386500 0.164483711 0.202528164
v -0.002534639 0.004462950 -0.004759960
v -0.096382454 0.169708967 0.200148165
v 0.004004061 0.005225226 -0.002379969
v -0.089843750 0.170471236 0.202528164
v 0.006538708 0.000762254 0.002380013
v -0.087309107 0.166008264 0.207288146
v -0.130856380 0.166968405 0.213143259
v -0.076230630 0.197903588 0.212546453
v -0.136377305 0.175050125 0.216183618
v -0.080334239 0.206878558 0.215684429
v -0.153690666 0.176440045 0.218678743
v -0.072627269 0.222478211 0.217956692
v -0.153013930 0.187972754 0.220021099
v -0.082859971 0.227815151 0.219396219
v -0.167641282 0.190731019 0.220392734
v -0.077732362 0.241792798 0.219591901
v -0.162484556 0.204639420 0.219442070
v -0.092330590 0.244481832 0.218817204
v -0.172631919 0.209773377 0.217520699
v -0.091568515 0.255811542 0.216798663
v -0.164789170 0.225050122 0.214446560
v -0.108746104 0.256878555 0.213947371
v -0.168701857 0.233574331 0.210797757
v -0.114122741 0.264586985 0.210180581
v -0.150699705 0.265199989 0.201455563
v -0.095363051 0.164415509 0.204690158
v -0.144265056 0.251450986 0.218092799
v -0.093013480 0.165919334 0.203462288
v -0.143329203 0.252372205 0.215268791
v -0.092925303 0.165586859 0.206234410
v -0.141710728 0.252988905 0.217460409
v -0.075475559 0.208456635 0.215036839
v -0.027326219 0.200464636 0.218992978
v -0.075217053 0.216438442 0.219568029
v -0.025798516 0.208285898 0.223893911
v -0.085287854 0.226032302 0.222279429
v -0.013806507 0.214240074 0.228536576
v -0.079412088 0.232863307 0.224893600
v -0.017550617 0.222658068 0.230308682
v -0.086938798 0.241757914 0.224669248
v -0.007657509 0.228678927 0.231609166
v -0.076924175 0.247606128 0.224256277
v -0.015062712 0.237400889 0.229671359
v -0.080312043 0.255517960 0.221004784
v -0.008830700 0.243725732 0.227261931
v -0.067753345 0.260666937 0.217656061
v -0.018334806 0.252514392 0.221981943
v -0.065512002 0.267441094 0.212394476
v -0.017365120 0.259467304 0.216399655
v -0.038133990 0.276857227 0.201095268
v -0.039358370 0.265058041 0.218228400
v -0.053817634 0.188781694 0.203710362
v -0.041982103 0.265730590 0.216691151
v -0.039202932 0.265462637 0.215468854
v -0.051957585 0.188060671 0.206366643
v -0.156926021 0.123786449 0.214398995
v -0.139027894 0.169281900 0.217185423
v -0.163843095 0.125519097 0.218792692
v -0.145496070 0.172226161 0.221826628
v -0.174677372 0.117493361 0.221912637
v -0.148139343 0.185052723 0.226301074
v -0.179697916 0.124533050 0.224977747
v -0.156731352 0.183000341 0.228775591
v -0.189813107 0.118898690 0.226066947
v -0.160379291 0.193830028 0.230934247
v -0.193538979 0.129836053 0.227039278
v -0.170572415 0.188303351 0.230837137
v -0.202359498 0.128099367 0.226035714
v -0.175821483 0.195658728 0.230424151
v -0.205366299 0.141428113 0.224977300
v -0.187019274 0.188135177 0.228011236
v -0.212284774 0.145015076 0.222442299
v -0.194394276 0.190492108 0.225532815
v -0.217712328 0.173885465 0.217289880
v -0.134461954 0.141935304 0.206687212
v -0.206772596 0.171382383 0.218228400
v -0.135363042 0.140602142 0.204403862
v -0.207863644 0.168929026 0.217457905
v -0.134277076 0.143503055 0.204080001
v -0.207439780 0.170951024 0.215217039
v 0.004784971 -0.000971887 0.005015954
v -0.221470743 0.044983562 0.229756683
v 0.001185827 -0.006426815 0.002507985
v -0.225069880 0.039528634 0.227248713
v -0.003599130 -0.005454930 -0.002507955
v -0.229854852 0.040500522 0.222232774
v -0.004784942 0.000971887 -0.005015925
v -0.231040657 0.046927337 0.219724804
v -0.001185797 0.006426815 -0.002507955
v -0.227441519 0.052382264 0.222232774
v 0.003599159 0.005454930 0.002507985
v -0.222656548 0.051410377 0.227248713
v -0.250128716 0.018510111 0.239499137
v -0.237607777 0.080024041 0.240309358
v -0.259212017 0.019399898 0.245592400
v -0.246384695 0.082553610 0.246684015
v -0.271081001 0.007041991 0.250534087
v -0.252526909 0.098390564 0.252113044
v -0.278959543 0.014978854 0.254329056
v -0.262902468 0.094033822 0.255695522
v -0.290482879 0.005694576 0.256156147
v -0.269904196 0.107010968 0.257907391
v -0.297624886 0.018730078 0.256639838
v -0.281567782 0.097785056 0.258006305
v -0.308411628 0.014544442 0.255155653
v -0.289857566 0.105893016 0.256734610
v -0.315207988 0.030653574 0.252524763
v -0.302380651 0.093807288 0.253616363
v -0.324799865 0.033528939 0.248442411
v -0.312269211 0.095031701 0.249684036
v -0.338177204 0.068521827 0.238618433
v -0.226531476 0.044264615 0.225293025
v -0.324291855 0.064877532 0.238067016
v -0.226448461 0.045994610 0.223101407
v -0.324635237 0.064857990 0.235294893
v -0.225863844 0.047170471 0.225925416
v -0.323936403 0.067558646 0.236522764
v -0.245853230 0.087801583 0.229208097
v -0.208223015 0.118824020 0.233620286
v -0.251332879 0.093039319 0.231757969
v -0.212738574 0.124919161 0.236397445
v -0.264904320 0.091612637 0.232855693
v -0.209079668 0.137725174 0.239566460
v -0.266035885 0.100432023 0.234688178
v -0.217724055 0.140338778 0.240495816
v -0.277649850 0.100559689 0.234412149
v -0.215733692 0.151703954 0.241855189
v -0.275580615 0.111955851 0.234902665
v -0.227268800 0.151862621 0.240710303
v -0.283993810 0.114660293 0.233284682
v -0.228169173 0.160772830 0.239995450
v -0.279967129 0.127610803 0.232401446
v -0.241372839 0.159490645 0.237040922
v -0.284001499 0.133866504 0.230039716
v -0.246408150 0.164931566 0.234447256
v -0.274184853 0.161119193 0.226040274
v -0.217519298 0.091240287 0.226061001
v -0.266400605 0.151940808 0.238519818
v -0.217316732 0.092008516 0.223049670
v -0.267833233 0.151277721 0.235912606
v -0.215526700 0.093039982 0.225290522
v -0.265413672 0.153211713 0.236236468
v -0.237438187 -0.029223936 0.229197487
v -0.259905785 0.014070340 0.233521134
v -0.243661299 -0.033458430 0.231759906
v -0.266764164 0.010960024 0.236301601
v -0.245067522 -0.047009122 0.232914433
v -0.278484643 0.017239863 0.239483744
v -0.253902107 -0.046260074 0.234811276
v -0.282821983 0.009342354 0.240496486
v -0.256441444 -0.057594698 0.234669745
v -0.293504983 0.013665036 0.241955891
v -0.267150551 -0.053201351 0.235305220
v -0.296070427 0.002401074 0.240990430
v -0.271564424 -0.060891680 0.233902320
v -0.304981560 0.003357306 0.240471631
v -0.283406675 -0.054282270 0.233241737
v -0.306509554 -0.009863814 0.237783417
v -0.290411085 -0.056959726 0.231043875
v -0.312888712 -0.013690058 0.235540420
v -0.315099806 -0.041714244 0.227721989
v -0.234917209 -0.000951687 0.226199254
v -0.304182500 -0.036863353 0.238061011
v -0.236180753 0.000592051 0.223542973
v -0.304518759 -0.037136883 0.235301450
v -0.305637389 -0.034578692 0.236523747
v 0.004128218 0.002891995 0.004857376
v -0.166611269 -0.116717942 0.221180931
v 0.005542330 -0.003519073 0.002428696
v -0.165197164 -0.123129010 0.218752250
v 0.001414098 -0.006411068 -0.002428681
v -0.169325382 -0.126020998 0.213894874
v -0.004128247 -0.002891995 -0.004857361
v -0.174867734 -0.122501932 0.211466193
v -0.005542360 0.003519073 -0.002428681
v -0.176281840 -0.116090864 0.213894874
v -0.001414128 0.006411068 0.002428696
v -0.172153622 -0.113198869 0.218752250
v -0.168912962 -0.157232359 0.222681239
v -0.204808131 -0.105868742 0.226510763
v -0.176422626 -0.163746834 0.225698948
v -0.213328123 -0.111065388 0.229794383
v -0.176169500 -0.181285337 0.227162704
v -0.229551390 -0.105084345 0.233086541
v -0.187700331 -0.181818694 0.228840336
v -0.233898148 -0.115872748 0.233966947
v -0.189082995 -0.196633130 0.228171825
v -0.248289838 -0.112117186 0.234742075
v -0.203421265 -0.192741483 0.227678001
v -0.249619067 -0.126795530 0.232804611
v -0.207611337 -0.203130901 0.224838033
v -0.260993242 -0.126929909 0.230761886
v -0.223585382 -0.196515188 0.222211942
v -0.260490894 -0.143833727 0.226307392
v -0.231764019 -0.200876981 0.217827708
v -0.267697781 -0.149566159 0.221957460
v -0.265069097 -0.185086936 0.209373757
v -0.170052335 -0.120313503 0.217649817
v -0.252466291 -0.176862836 0.230110735
v -0.170719981 -0.119993158 0.214624763
v -0.251847684 -0.178293660 0.227491647
v -0.171667457 -0.118169822 0.216875836
v -0.253592730 -0.175734639 0.227816969
v -0.213875577 -0.105501167 0.227529392
v -0.210491911 -0.056781910 0.231121182
v -0.221215293 -0.106048957 0.232627764
v -0.217764258 -0.056048945 0.236559480
v -0.229305834 -0.117043637 0.236057729
v -0.224314094 -0.044721223 0.241744757
v -0.236335471 -0.111899726 0.239378005
v -0.232015520 -0.049310386 0.244299680
v -0.244359836 -0.120311096 0.240094617
v -0.238823399 -0.040096961 0.246402204
v -0.251220077 -0.110969663 0.240615174
v -0.246900111 -0.048380323 0.245536849
v -0.259075046 -0.115183517 0.238532066
v -0.254083276 -0.042861100 0.244219095
v -0.265869081 -0.103258774 0.236339271
v -0.262418061 -0.053258762 0.240270987
v -0.273425579 -0.101753600 0.232201412
v -0.270063758 -0.053067934 0.236224517
v -0.286951303 -0.075475067 0.223763227
v -0.275248021 -0.075763829 0.230102628
v -0.197911143 -0.082840517 0.215766475
v -0.275706619 -0.077306226 0.227819264
v -0.197537884 -0.079699390 0.216781095
v -0.275543034 -0.074213028 0.227495402
v -0.123630248 -0.179717585 0.223849446
v -0.170475066 -0.166197374 0.228400379
v -0.124733984 -0.187243327 0.227627218
v -0.172829881 -0.173428357 0.232454300
v -0.115791567 -0.197667271 0.229684427
v -0.185359776 -0.177684635 0.236666545
v -0.122361869 -0.203608572 0.232183933
v -0.182567671 -0.186315179 0.238226414
v -0.115880504 -0.213268936 0.232130349
v -0.193039894 -0.191105843 0.239874348
v -0.126462832 -0.217997044 0.232502297
v -0.186668634 -0.200703651 0.238544762
v -0.123993486 -0.226444185 0.230321154
v -0.193561703 -0.206461549 0.237303257
v -0.137036860 -0.230408698 0.228582308
v -0.185132757 -0.216593742 0.233409375
v -0.140030175 -0.237235174 0.225079402
v -0.186891511 -0.223777741 0.229627892
v -0.168315873 -0.244411215 0.218240485
v -0.142121464 -0.158613130 0.216106564
v -0.164526686 -0.233047515 0.229880556
v -0.164350882 -0.233577609 0.226884261
v -0.144850850 -0.158024803 0.214884281
v -0.144649535 -0.157640919 0.217643812
v -0.166837364 -0.232713729 0.227819279
v 0.000565512 0.003978692 0.005731516
v -0.029436452 -0.207100928 0.155218095
v 0.006284610 0.001136273 0.002865762
v -0.023717355 -0.209943354 0.152352348
v 0.005719096 -0.002842411 -0.002865762
v -0.024282867 -0.213922039 0.146620825
v -0.000565514 -0.003978677 -0.005731516
v -0.030567478 -0.215058297 0.143755078
v -0.006284612 -0.001136258 -0.002865762
v -0.036286578 -0.212215886 0.146620825
v -0.005719099 0.002842426 0.002865762
v -0.035721064 -0.208237201 0.152352348
v -0.001871095 -0.234850943 0.158971339
v -0.063998677 -0.225944579 0.157499954
v -0.002481081 -0.244540215 0.162390679
v -0.066277415 -0.235472485 0.161002070
v 0.010336759 -0.256158233 0.165430009
v -0.081941336 -0.243042216 0.163421467
v 0.002732085 -0.264832348 0.166993812
v -0.077127315 -0.253481477 0.165255591
v 0.012611637 -0.275945723 0.167788252
v -0.089735694 -0.261398524 0.165560544
v 0.000035254 -0.283819824 0.166903406
v -0.079824142 -0.272468954 0.165165186
v 0.004943093 -0.294133186 0.165249199
v -0.087334998 -0.281017184 0.163240656
v -0.010571577 -0.301502675 0.162119448
v -0.074367911 -0.292434931 0.160730854
v -0.012653505 -0.310747832 0.158440277
v -0.074792147 -0.301895678 0.157215759
v -0.046227917 -0.324969202 0.148962393
v -0.029240238 -0.210998312 0.151050672
v -0.044783011 -0.309794188 0.163050666
v -0.042369917 -0.310259819 0.162038848
v -0.029708816 -0.211327195 0.147787780
v -0.044424642 -0.310240597 0.159787759
v -0.031687509 -0.210773095 0.150038853
v -0.071530335 -0.232184425 0.158893585
v -0.104700685 -0.196480334 0.154113427
v -0.076788813 -0.237605482 0.161690861
v -0.110886566 -0.200975165 0.156902194
v -0.074852049 -0.250772804 0.164991796
v -0.124172688 -0.197788939 0.158065230
v -0.083773896 -0.252235770 0.165959835
v -0.126457006 -0.206382424 0.159965441
v -0.083287492 -0.263762027 0.167348072
v -0.137989908 -0.204996631 0.159665704
v -0.094737746 -0.262419730 0.166127056
v -0.137420863 -0.216566384 0.160132676
v -0.096779749 -0.271140724 0.165326238
v -0.146100372 -0.218156859 0.158399686
v -0.109680355 -0.268157363 0.162192553
v -0.143778116 -0.231527045 0.157403886
v -0.115355104 -0.272904515 0.159413993
v -0.148556232 -0.237204850 0.154835105
v -0.142327860 -0.265525907 0.150501132
v -0.075724341 -0.205037668 0.150806859
v -0.134139538 -0.256762266 0.162806824
v -0.075975470 -0.205390990 0.148047298
v -0.132474199 -0.258898407 0.161269560
v -0.077735886 -0.203223839 0.149269611
v -0.134509891 -0.256987482 0.160047263
v 0.044872791 -0.219073564 0.161481917
v 0.002959432 -0.244071066 0.157439873
v 0.049155213 -0.225557074 0.165328413
v 0.006137897 -0.251273394 0.161384940
v 0.062510803 -0.226562321 0.169258788
v 0.000288492 -0.263759643 0.163554758
v 0.062113643 -0.235686958 0.170715809
v 0.008265146 -0.267878294 0.165779427
v 0.073525988 -0.237637714 0.171902925
v 0.004514071 -0.278893948 0.165576488
v 0.069817238 -0.248510048 0.170303658
v 0.015968742 -0.280701369 0.165367275
v 0.077917993 -0.252208501 0.168434471
v 0.015695678 -0.289405823 0.162730455
v 0.072265998 -0.264026344 0.164091945
v 0.029248681 -0.289742649 0.160148472
v 0.075682998 -0.270351589 0.159760565
v 0.033789285 -0.295383751 0.155750215
v 0.062776454 -0.294562429 0.147031665
v 0.055371284 -0.285137802 0.162665874
v 0.017917981 -0.216954350 0.148982301
v 0.057979278 -0.283691496 0.162036344
v 0.015735852 -0.218426466 0.148047298
v 0.056682140 -0.284858018 0.159854650
v 0.015769953 -0.217869028 0.151043594
v -0.003468424 0.002895862 0.005346425
v 0.168892324 -0.141012147 0.195110321
v 0.002151065 0.006101385 0.002673224
v 0.174511820 -0.137806624 0.192437112
v 0.005619474 0.003205523 -0.002673194
v 0.177980214 -0.140702486 0.187090695
v 0.003468409 -0.002895862 -0.005346395
v 0.175829157 -0.146803871 0.184417486
v -0.002151079 -0.006101385 -0.002673194
v 0.170209676 -0.150009394 0.187090695
v -0.005619489 -0.003205523 0.002673224
v 0.166741252 -0.147113532 0.192437112
v 0.207134277 -0.130883336 0.197166160
v 0.167053685 -0.178819835 0.203243732
v 0.215001702 -0.135813609 0.201389298
v 0.173896834 -0.185045540 0.207771286
v 0.231545687 -0.130494773 0.203676149
v 0.172089607 -0.201706201 0.212907374
v 0.234917551 -0.141083300 0.207065433
v 0.183463022 -0.202711180 0.215054318
v 0.249539599 -0.138343394 0.207656547
v 0.183595777 -0.217325300 0.217895061
v 0.249677271 -0.153102845 0.209408000
v 0.198222727 -0.214730710 0.217396885
v 0.261065066 -0.154533848 0.208361298
v 0.201609001 -0.225745291 0.217592523
v 0.259280801 -0.171872228 0.208417028
v 0.218175903 -0.221104160 0.214799017
v 0.266140282 -0.178964704 0.206360981
v 0.226082608 -0.226885453 0.212688133
v 0.260869741 -0.216040969 0.203839809
v 0.173524067 -0.142619446 0.189204291
v 0.249674976 -0.207062811 0.203229055
v 0.171405315 -0.144966260 0.190223515
v 0.248669326 -0.208766893 0.200560659
v 0.169632614 -0.188838333 0.199359670
v 0.121677563 -0.198291138 0.202343494
v 0.171925485 -0.195594579 0.203825518
v 0.122709185 -0.205321446 0.207067803
v 0.184542462 -0.200389042 0.206957921
v 0.113353625 -0.214458451 0.211647719
v 0.181335002 -0.208410487 0.210075527
v 0.119726688 -0.220586449 0.214134172
v 0.191538647 -0.213892415 0.211130381
v 0.112581797 -0.229497045 0.216331929
v 0.184338436 -0.222928867 0.212110937
v 0.122730121 -0.235104829 0.216169596
v 0.190549314 -0.229425818 0.211028755
v 0.119360484 -0.243495211 0.215718567
v 0.180935770 -0.239149734 0.209931776
v 0.131719470 -0.248876601 0.213174075
v 0.181639373 -0.246902287 0.207456201
v 0.133693978 -0.256391555 0.210450426
v 0.160301343 -0.267049581 0.201981246
v 0.143939629 -0.179683954 0.189546913
v 0.158273965 -0.256118685 0.203084171
v 0.158442110 -0.256518185 0.200324610
v 0.141243219 -0.180408537 0.188324615
v 0.141246766 -0.179975092 0.191084176
v 0.155672789 -0.256873816 0.201546907
v 0.216749892 -0.085162900 0.207065910
v 0.215981454 -0.133857742 0.201957703
v 0.223836124 -0.085210599 0.213008657
v 0.223051935 -0.135231182 0.208039284
v 0.231142491 -0.074647933 0.219063625
v 0.230008200 -0.147000119 0.211875677
v 0.238308474 -0.079970591 0.222008094
v 0.237326831 -0.142585695 0.215787485
v 0.245812774 -0.071442470 0.224619478
v 0.244554713 -0.151689619 0.216647193
v 0.253168821 -0.080374315 0.223726898
v 0.252187163 -0.142989427 0.217506289
v 0.260863155 -0.075455390 0.222501218
v 0.259728879 -0.147807568 0.215313271
v 0.268417150 -0.086421773 0.218165055
v 0.267632961 -0.136442363 0.213195682
v 0.276226550 -0.086752065 0.213634402
v 0.275462151 -0.135494202 0.209011033
v 0.291574270 -0.110324465 0.200081110
v 0.202295363 -0.106856272 0.191084176
v 0.280266106 -0.107977003 0.203222394
v 0.202748463 -0.107508890 0.188072816
v 0.202371836 -0.109540209 0.190313682
v 0.280644149 -0.109935768 0.200566143
v -0.004573219 -0.001335938 0.005128466
v 0.158895195 0.046416949 0.163338244
v -0.003986470 0.005151011 0.002564237
v 0.159481943 0.052903898 0.160774022
v 0.000586741 0.006486952 -0.002564207
v 0.164055169 0.054239839 0.155645579
v 0.004573204 0.001335945 -0.005128436
v 0.168041617 0.049088832 0.153081357
v 0.003986456 -0.005151004 -0.002564207
v 0.167454869 0.042601883 0.155645579
v -0.000586756 -0.006486945 0.002564237
v 0.162881672 0.041265942 0.160774022
v 0.172863200 0.083317891 0.171140373
v 0.190421835 0.023043517 0.171438962
v 0.181725591 0.086819537 0.176285177
v 0.199797660 0.024954939 0.176829293
v 0.186819896 0.103333458 0.180442408
v 0.212960199 0.013849523 0.181229442
v 0.197730869 0.100010857 0.183361992
v 0.220353246 0.022569578 0.184043095
v 0.203724027 0.113606915 0.184557736
v 0.232716724 0.014358632 0.185430646
v 0.216114759 0.105389588 0.184314772
v 0.238737121 0.027948311 0.184995890
v 0.223587662 0.114090919 0.182347983
v 0.249727964 0.024606988 0.183135018
v 0.236877233 0.102955729 0.179143548
v 0.254949301 0.041091133 0.179687664
v 0.246387273 0.104820088 0.174671784
v 0.263963073 0.044556081 0.175368637
v 0.273742288 0.079946361 0.163942978
v 0.163043499 0.048639838 0.159536079
v 0.259250790 0.075733133 0.171996981
v 0.163572937 0.048122093 0.156511009
v 0.259124368 0.077286810 0.169377893
v 0.163884819 0.046091087 0.158762082
v 0.259955317 0.074303001 0.169703230
v 0.199753135 0.018880507 0.166845486
v 0.180891529 -0.026144395 0.162987679
v 0.206821486 0.016408155 0.169550464
v 0.187496707 -0.029841751 0.165694579
v 0.217990577 0.023684740 0.172607556
v 0.190038294 -0.043213353 0.167030215
v 0.222978950 0.016190199 0.173705190
v 0.198788434 -0.041704822 0.168878436
v 0.233269662 0.021409428 0.175050810
v 0.202267259 -0.052788481 0.168864891
v 0.236764550 0.010388697 0.174201906
v 0.212574035 -0.047506325 0.169375151
v 0.245561779 0.012081735 0.173600987
v 0.217609495 -0.054816358 0.168023646
v 0.248178303 -0.000996357 0.171040609
v 0.228853524 -0.047246266 0.167184725
v 0.254854649 -0.004308315 0.168806389
v 0.236046776 -0.049353488 0.164944604
v 0.259356260 -0.032132920 0.161208451
v 0.176394835 0.002743958 0.159988880
v 0.248055935 -0.028250307 0.171530068
v 0.177324370 0.004057446 0.157705531
v 0.249199465 -0.025820959 0.170759574
v 0.176176295 0.001180547 0.157381669
v 0.248732239 -0.027833387 0.168518707
v 0.139125809 0.118866220 0.170329079
v 0.179293782 0.090951152 0.168043107
v 0.143008217 0.125278980 0.174656004
v 0.184275150 0.096646219 0.172517061
v 0.138189167 0.137735859 0.178689331
v 0.197879642 0.096320063 0.175595447
v 0.146553814 0.141040206 0.180830479
v 0.198211208 0.105198108 0.178152978
v 0.143578947 0.152206689 0.182211101
v 0.209782749 0.106271662 0.178779617
v 0.155099005 0.153310075 0.181444556
v 0.206756383 0.117467977 0.178767055
v 0.155279532 0.162275583 0.179917485
v 0.214970008 0.120859794 0.176823616
v 0.168643788 0.162088573 0.176498234
v 0.209910706 0.133455828 0.174359292
v 0.173299670 0.167937860 0.172712341
v 0.213489369 0.140054286 0.170460224
v 0.201486602 0.166480228 0.161907002
v 0.149542674 0.093093939 0.159766808
v 0.193608493 0.157526433 0.171389103
v 0.149546400 0.093652412 0.156770512
v 0.151623830 0.092035912 0.157705531
v 0.194897398 0.157158539 0.168577895
v 0.196112573 0.155906871 0.170759574
v -0.001489852 -0.004038326 0.005520187
v 0.077229470 0.209333569 0.182858735
v -0.006432392 0.000079110 0.002760097
v 0.072286934 0.213451013 0.180098638
v -0.004942540 0.004117414 -0.002760082
v 0.073776782 0.217489317 0.174578458
v 0.001489852 0.004038297 -0.005520172
v 0.080209181 0.217410207 0.171818376
v 0.006432392 -0.000079140 -0.002760082
v 0.085151717 0.213292763 0.174578458
v 0.004942540 -0.004117444 0.002760097
v 0.083661869 0.209254459 0.180098638
v 0.055756044 0.241801754 0.188565657
v 0.114638589 0.220026851 0.188343465
v 0.058218628 0.250872612 0.193033785
v 0.118687168 0.228563935 0.192981362
v 0.047986224 0.264695227 0.196813047
v 0.135450840 0.232426867 0.196737230
v 0.057153523 0.271413267 0.199456811
v 0.132847235 0.243487552 0.199391186
v 0.049796022 0.284286469 0.200867161
v 0.146804631 0.248497039 0.200783059
v 0.063772149 0.289349765 0.200967282
v 0.139465868 0.261424065 0.200901657
v 0.061223473 0.300568193 0.199833974
v 0.148688078 0.268299848 0.199758157
v 0.078074507 0.304682106 0.197565183
v 0.138543040 0.282373428 0.197512761
v 0.082215793 0.313500822 0.194542378
v 0.141121864 0.291795701 0.194342926
v 0.118369289 0.320977330 0.186417967
v 0.077957571 0.213452846 0.178902641
v 0.113963738 0.306757510 0.190902650
v 0.111702882 0.307721019 0.189890817
v 0.077786766 0.213900834 0.175892696
v 0.080186307 0.212937057 0.176506639
v 0.113707460 0.307269424 0.187639743
v 0.123699412 0.225192145 0.191380486
v 0.148682326 0.183199242 0.188161194
v 0.130007237 0.229362786 0.196257457
v 0.155692726 0.186255023 0.193200365
v 0.130871877 0.242634758 0.200919822
v 0.168024600 0.180281609 0.196497902
v 0.139908358 0.242150560 0.203205734
v 0.172061116 0.188188836 0.199378908
v 0.141848952 0.253529131 0.204770431
v 0.183055729 0.184372127 0.199865997
v 0.152772263 0.249784291 0.203645006
v 0.184925020 0.195822567 0.199818179
v 0.156599700 0.257902205 0.201798365
v 0.193752408 0.195549071 0.197376445
v 0.168598965 0.252263963 0.197575271
v 0.194284454 0.209156200 0.194518179
v 0.175148666 0.255737871 0.192854568
v 0.200181842 0.213745147 0.190074235
v 0.199981332 0.242817998 0.179985106
v 0.121865235 0.198531300 0.177888319
v 0.189149916 0.237759426 0.190658808
v 0.123029843 0.197232485 0.175706640
v 0.189469829 0.238051906 0.187899247
v 0.123307712 0.195921212 0.178517848
v 0.190734208 0.235562548 0.189121544
v 0.006033998 0.234812826 0.189309612
v 0.052313149 0.250473142 0.192611769
v 0.002756692 0.241238266 0.194697514
v 0.050247755 0.257322907 0.198337927
v -0.010465465 0.244350404 0.198462829
v 0.058227889 0.267615974 0.203728497
v -0.008397721 0.252738208 0.201999933
v 0.051050957 0.272872716 0.206556946
v -0.019248437 0.256859064 0.202985004
v 0.056940638 0.282663345 0.208825245
v -0.013282064 0.266787857 0.203642309
v 0.046166617 0.286922395 0.208199322
v -0.020234141 0.272449702 0.201747581
v 0.048459210 0.295715272 0.207013234
v -0.011896327 0.283387244 0.199624643
v 0.035594735 0.299471855 0.203265041
v -0.013508064 0.291044712 0.195818335
v 0.032767203 0.306707144 0.199142933
v 0.005275186 0.313856304 0.187193960
v 0.034712289 0.229380533 0.179117635
v 0.010587389 0.303636521 0.190658793
v 0.033112284 0.229209527 0.176834270
v 0.008008717 0.302888304 0.189888299
v 0.036029730 0.230250224 0.176510409
v 0.009827455 0.303868294 0.187647432
v -0.002869136 -0.000260215 0.039618786
v 0.061657801 0.248228580 0.092899777
v -0.004489897 0.001682766 0.032305729
v 0.056640290 0.250609905 0.087511219
v 0.002869138 0.000260215 0.030381244
v 0.062188894 0.250366718 0.082122654
v 0.004489893 -0.001682758 0.037694287
v 0.067206398 0.247985408 0.087511212
v 0.061923344 0.249297649 -0.017877612
v 0.073819682 0.252160400 -0.010568856
v 0.066882804 0.260330856 -0.010869995
v 0.054847997 0.259109229 -0.010869993
v 0.049792189 0.247700572 -0.010811416
v 0.054640971 0.239451334 -0.010420976
v 0.063486308 0.237425715 -0.010917331
v 0.072359584 0.242909893 -0.010568843
v 0.081725001 0.248633713 -0.003373585
v 0.076249428 0.263334453 -0.003167026
v 0.061923351 0.268628538 -0.003930692
v 0.048959702 0.265693933 -0.001247040
v 0.042721801 0.256690383 -0.001719653
v 0.044839151 0.238890976 -0.003105066
v 0.053783003 0.230254531 -0.001497446
v 0.066864088 0.230162010 -0.003452966
v 0.078757137 0.236380637 -0.000793530
v 0.085951976 0.246134236 0.003656285
v 0.084949315 0.259035408 0.004561762
v 0.073727101 0.270894259 0.003751925
v 0.058425710 0.273561478 0.003957054
v 0.039613295 0.248597443 0.000651438
v 0.042692475 0.234197527 0.003968694
v 0.068984985 0.226084620 0.003258906
v 0.093360953 0.245158806 0.012153741
v 0.092154704 0.257398129 0.012404229
v 0.089300387 0.265103787 0.012805352
v 0.081142977 0.274345070 0.011796245
v 0.069903105 0.279765546 0.012512109
v 0.057784468 0.280735224 0.012153701
v 0.046122633 0.276665270 0.012233486
v 0.036766991 0.268600792 0.012153726
v 0.030265676 0.253689975 0.012318638
v 0.032754969 0.237215728 0.011796234
v 0.039570086 0.226944402 0.012805349
v 0.049065728 0.220217794 0.012154930
v 0.061745528 0.217802644 0.012512091
v 0.073718324 0.219936743 0.011973509
v 0.086985148 0.230000854 0.012035763
v 0.096557371 0.244737983 0.020315208
v 0.082929246 0.276673079 0.019195331
v 0.057673439 0.283746809 0.019728376
v 0.042791862 0.282434344 0.027162774
v 0.034381304 0.275434107 0.026706723
v 0.029964510 0.262841791 0.019728554
v 0.023634167 0.249297649 0.027253587
v 0.025284614 0.239125088 0.026849521
v 0.028810825 0.230268002 0.027358815
v 0.049200922 0.217557251 0.018641822
v 0.071355127 0.212636143 0.026654433
v 0.080565102 0.215916932 0.027289044
v 0.095118158 0.230287835 0.027198114
v 0.100200094 0.244727507 0.026611002
v 0.098934352 0.259507030 0.027274918
v 0.092853136 0.272483051 0.026740618
v 0.081100434 0.282513350 0.027271427
v 0.067371167 0.287561804 0.026736235
v 0.051676750 0.286277920 0.027178302
v 0.028815664 0.268665701 0.027108883
v 0.024930952 0.259436786 0.027108874
v 0.034771819 0.222146109 0.027122853
v 0.047009230 0.213565275 0.027387179
v 0.062174909 0.210950375 0.027065586
v 0.089074880 0.222146124 0.027122842
v 0.091612801 0.278987080 0.042749304
v 0.061923362 0.291284859 0.042749278
v 0.040890541 0.285648018 0.042788748
v 0.031843439 0.279234260 0.045737948
v 0.021316037 0.238593861 0.042945556
v 0.072627150 0.208690345 0.042945556
v 0.102499373 0.238466531 0.042788766
v 0.103945807 0.249299228 0.042441141
v 0.102725133 0.260418475 0.045046128
v 0.098739356 0.270253748 0.045689601
v 0.083054237 0.285897434 0.045591857
v 0.072803043 0.289901286 0.042493276
v 0.050711464 0.290202528 0.046303194
v 0.025547102 0.270350605 0.042476159
v 0.021121562 0.260418475 0.045046154
v 0.019893831 0.249335855 0.042467155
v 0.025544932 0.228247777 0.042463534
v 0.031911325 0.219285667 0.045860384
v 0.040907249 0.212892443 0.042496800
v 0.051048648 0.208706662 0.042441111
v 0.062166248 0.206884727 0.046303261
v 0.082910970 0.212582842 0.045046147
v 0.091935374 0.219285682 0.045860372
v 0.098328553 0.228281513 0.042496845
v 0.103529833 0.249297649 0.057626314
v 0.091343530 0.278717905 0.057626352
v 0.072132826 0.287399828 0.072616324
v 0.061958786 0.290901065 0.057691604
v 0.041123725 0.285330176 0.057636056
v 0.025890779 0.270097196 0.057636164
v 0.020318458 0.249294326 0.057636134
v 0.023714857 0.239059731 0.071999520
v 0.025875557 0.228535697 0.057716057
v 0.042145170 0.215040863 0.071999505
v 0.051121291 0.209121048 0.057691749
v 0.072161280 0.211089164 0.071999505
v 0.096180119 0.229519472 0.071999550
v 0.102118500 0.238564387 0.057691086
v 0.099422909 0.259553939 0.073722884
v 0.095590495 0.268811524 0.073491737
v 0.081390388 0.283015519 0.073453933
v 0.051886085 0.286757022 0.074020177
v 0.034423336 0.276797712 0.073533416
v 0.024423780 0.259553939 0.073722877
v 0.034501184 0.221875519 0.074020177
v 0.061923370 0.210516885 0.074020177
v 0.081339143 0.215668485 0.073931195
v 0.089538574 0.222000286 0.073806711
v 0.100601755 0.249590486 0.074071728
v 0.089227997 0.276602358 0.074308410
v 0.061783005 0.287989974 0.073894233
v 0.042330556 0.282647759 0.074071690
v 0.028573260 0.268890470 0.074071713
v 0.023308706 0.249297649 0.074308403
v 0.028397365 0.230132163 0.074183159
v 0.051768940 0.212039173 0.074183173
v 0.099094868 0.239162698 0.074457228
v 0.092664927 0.249297664 0.087540142
v 0.086542308 0.267283291 0.087519713
v 0.074251205 0.277183145 0.087519713
v 0.054930810 0.279385984 0.087537952
v 0.037654478 0.267919809 0.087515384
v 0.031050468 0.248264477 0.087537959
v 0.040823508 0.226736650 0.087537959
v 0.062956542 0.218424797 0.087537959
v 0.084484346 0.228197813 0.087537959
v 0.061923344 0.249297649 0.089092061
v 0.078101888 0.256466001 0.089929685
v 0.075169861 0.262895495 0.088980168
v 0.074864380 0.268732399 0.085511230
v 0.080079466 0.263564944 0.085511230
v 0.078101888 0.256465971 0.081092775
v 0.079687573 0.242354944 0.088865861
v 0.081680015 0.249297649 0.085511230
v 0.080079466 0.235030338 0.085511230
v 0.079687573 0.242354944 0.082156599
v 0.076215401 0.229783505 0.086504728
v 0.076215401 0.235030338 0.082329251
v 0.072743237 0.242354944 0.088865861
v 0.072351336 0.235030338 0.085511230
v 0.072743237 0.242354944 0.082156599
v 0.070750788 0.249297649 0.085511230
v 0.075169861 0.262895495 0.082042292
v 0.073740311 0.262469202 0.089929685
v 0.047780767 0.268920392 0.086504728
v 0.053730618 0.268086523 0.082042292
v 0.060809966 0.268337816 0.088865854
v 0.053964879 0.270973980 0.085511230
v 0.068028495 0.268087357 0.085511230
v 0.074015662 0.264047027 0.082156599
v 0.085240863 0.258169442 0.085511230
v 0.078949049 0.257693887 0.082042292
v 0.078949094 0.257693887 0.088980161
v 0.078714788 0.254806399 0.085511230
v 0.064651176 0.257693022 0.085511230
v 0.058663990 0.261733383 0.088865869
v 0.051576756 0.263624102 0.085511230
v 0.060309928 0.262193352 0.081179887
v 0.051561438 0.263648421 0.089842573
v 0.041522358 0.247311980 0.088980168
v 0.038890693 0.241911009 0.084517732
v 0.038848620 0.248427033 0.085511230
v 0.043470953 0.254122406 0.082156599
v 0.045939863 0.260910302 0.085511230
v 0.057507582 0.269313753 0.082042299
v 0.059199296 0.268084615 0.088980168
v 0.060691286 0.274215460 0.085511230
v 0.061873030 0.266969562 0.085511230
v 0.056100465 0.262388766 0.081092775
v 0.054781787 0.254486293 0.085511230
v 0.049089041 0.250040650 0.088865854
v 0.045100804 0.243884563 0.085511230
v 0.049089041 0.250040650 0.082156606
v 0.055648737 0.237916425 0.089842573
v 0.057507567 0.229281560 0.088980168
v 0.061830960 0.225109711 0.084517732
v 0.055620849 0.227083251 0.085511230
v 0.051632635 0.233239308 0.082156599
v 0.043470945 0.244472891 0.088865854
v 0.045939863 0.237684965 0.085511230
v 0.041522361 0.251283288 0.082042292
v 0.037844371 0.255825877 0.085511237
v 0.043214090 0.252512425 0.088980168
v 0.045100801 0.254710734 0.085511230
v 0.047673587 0.247805133 0.081092775
v 0.054781787 0.244109005 0.085511230
v 0.061873034 0.231625736 0.085511230
v 0.057250708 0.237321079 0.082156599
v 0.061871082 0.231597036 0.089842573
v 0.079595238 0.238912687 0.088980168
v 0.079595223 0.238912687 0.082042292
v 0.085240856 0.240425855 0.085511237
v 0.068028495 0.230507940 0.085511230
v 0.060809866 0.230257437 0.082156599
v 0.053964883 0.227621302 0.085511230
v 0.053084448 0.232497513 0.088980168
v 0.053084448 0.232497513 0.082042292
v 0.047438834 0.230984345 0.085511230
v 0.064651176 0.240902245 0.085511230
v 0.071869813 0.241152748 0.088865861
v 0.078714788 0.243788883 0.085511230
v 0.070808575 0.239813164 0.081179887
v 0.099344619 0.246551946 0.035887022
v 0.098035283 0.248923793 0.034391407
v 0.099802703 0.248205423 0.028491557
v 0.101148583 0.248060137 0.033716366
v 0.101148583 0.246230140 0.029904254
v 0.098169342 0.246551946 0.027733590
v 0.096891232 0.245433077 0.033402547
v 0.096365377 0.248060137 0.029904250
v 0.094146527 0.262878597 0.053562615
v 0.092837177 0.265250444 0.052067015
v 0.095950484 0.264386803 0.051391963
v 0.094604619 0.264532089 0.046167176
v 0.095950484 0.262556791 0.047579825
v 0.091693141 0.261759728 0.051078167
v 0.092971228 0.262878567 0.045409191
v 0.091167279 0.264386803 0.047579821
v 0.083487734 0.277617961 0.049813021
v 0.082178392 0.279989809 0.048317421
v 0.083945826 0.279271454 0.042417575
v 0.085291691 0.279126137 0.047642387
v 0.085291691 0.277296156 0.043830238
v 0.082312442 0.277617931 0.041659597
v 0.081034355 0.276499093 0.047328576
v 0.080508493 0.279126167 0.043830231
v 0.067398526 0.286246091 0.042467088
v 0.069851920 0.287364930 0.039982647
v 0.068573825 0.286246091 0.034313671
v 0.070377775 0.284737885 0.036484309
v 0.069031924 0.284592599 0.041709106
v 0.065594569 0.284737885 0.040296439
v 0.067264475 0.283874214 0.035809278
v 0.065594576 0.286567867 0.036484309
v 0.058653675 0.282175362 0.056245688
v 0.057344317 0.284547210 0.054750089
v 0.060457621 0.283683568 0.054075051
v 0.059111763 0.283828884 0.048850253
v 0.060457617 0.281853557 0.050262883
v 0.056200285 0.281056494 0.053761248
v 0.057478372 0.282175332 0.048092268
v 0.055674426 0.283683568 0.050262887
v 0.042333342 0.277758539 0.021635275
v 0.045312591 0.278080314 0.019464651
v 0.043642681 0.278944016 0.014977445
v 0.045312591 0.276250333 0.015652481
v 0.043642692 0.275386691 0.020139679
v 0.040529396 0.276250333 0.019464653
v 0.042333338 0.276572108 0.013481849
v 0.040529400 0.278080344 0.015652472
v 0.032652032 0.265525639 0.023072366
v 0.031342674 0.267897487 0.021576766
v 0.034455977 0.267033845 0.020901725
v 0.033110123 0.267179132 0.015676929
v 0.034455974 0.265203834 0.017089564
v 0.030198641 0.264406770 0.020587919
v 0.031476729 0.265525609 0.014918940
v 0.029672783 0.267033845 0.017089566
v 0.024591561 0.245749488 0.037719794
v 0.025766846 0.245749488 0.029566357
v 0.027044944 0.246868357 0.035235323
v 0.027570805 0.244241297 0.031737007
v 0.025900900 0.243377626 0.036224179
v 0.024133472 0.244096011 0.030324327
v 0.022787603 0.244241297 0.035549145
v 0.022787604 0.246071294 0.031737011
v 0.031455513 0.229397103 0.045234084
v 0.033259470 0.230905309 0.043063439
v 0.031589560 0.231768981 0.038576279
v 0.032733608 0.228278235 0.039565131
v 0.028476264 0.229075313 0.043063443
v 0.030280221 0.229397103 0.037080664
v 0.029822120 0.231050596 0.044476103
v 0.028476262 0.230905309 0.039251316
v 0.043625694 0.221410111 0.020335136
v 0.042316351 0.223781988 0.018839516
v 0.044083789 0.223063618 0.012939692
v 0.045429651 0.222918332 0.018164488
v 0.045429651 0.221088305 0.014352365
v 0.042450406 0.221410111 0.012181718
v 0.041172311 0.220291242 0.017850671
v 0.040646449 0.222918332 0.014352366
v 0.054897208 0.214681327 0.049504008
v 0.057350595 0.215800196 0.047019549
v 0.056072500 0.214681327 0.041350596
v 0.057876457 0.213173106 0.043521240
v 0.056530595 0.213027835 0.048746035
v 0.053093255 0.213173106 0.047333363
v 0.054763157 0.212309450 0.042846214
v 0.053093255 0.215003118 0.043521240
v 0.070055977 0.214869544 0.024225086
v 0.068746634 0.217241421 0.022729458
v 0.070055977 0.216055959 0.016071662
v 0.071859941 0.216377750 0.022054434
v 0.071859941 0.214547738 0.018242322
v 0.068746641 0.213684082 0.017567281
v 0.067076728 0.214547753 0.022054432
v 0.067076728 0.216377750 0.018242327
v 0.081945434 0.220838547 0.027555311
v 0.084398814 0.221957415 0.025070835
v 0.083120711 0.220838547 0.019401887
v 0.084924676 0.219330341 0.021572549
v 0.083578810 0.219185069 0.026797339
v 0.080141470 0.219330341 0.025384646
v 0.081811376 0.218466684 0.020897510
v 0.080141470 0.221160352 0.021572545
v 0.091785096 0.230687991 0.029222073
v 0.092960373 0.230687991 0.021068633
v 0.094238475 0.231806859 0.026737595
v 0.094764337 0.229179800 0.023239294
v 0.093094431 0.228316128 0.027726453
v 0.091327004 0.229034513 0.021826603
v 0.089981124 0.229179800 0.027051410
v 0.089981124 0.231009796 0.023239298
v -0.000641719 -0.000560597 0.040433593
v 0.153594881 0.134176016 0.072550192
v -0.003581311 0.004099612 0.035000004
v 0.150782093 0.138043478 0.069833398
v 0.151423812 0.138604075 0.064399801
v 0.000641719 0.000560582 0.029566407
v 0.003454506 -0.003306881 0.032283202
v 0.156577304 0.133167312 0.062459230
v 0.002812788 -0.003867470 0.037716798
v 0.157049388 0.130869150 0.069833398
v 0.154236600 0.134736598 0.000459727
v 0.160859957 0.139818892 0.004858935
v 0.151332766 0.141747072 0.003942360
v 0.145959452 0.133646905 0.004858948
v 0.150777280 0.127046943 0.004887347
v 0.158443496 0.123729728 0.007712177
v 0.164180651 0.129648551 0.006786169
v 0.165990591 0.143755734 0.011284777
v 0.157949001 0.148591533 0.010493267
v 0.147301048 0.147087708 0.010331521
v 0.140707105 0.141464055 0.011566426
v 0.139964581 0.132857651 0.010741695
v 0.143896788 0.124751061 0.010573971
v 0.151436850 0.120738171 0.010480979
v 0.175751880 0.131904051 0.019247133
v 0.168531582 0.136529639 0.010736939
v 0.155379906 0.113077730 0.019456510
v 0.171614051 0.121282853 0.019670414
v 0.174587891 0.143344074 0.019678337
v 0.167687997 0.152510166 0.019557526
v 0.157123104 0.156661958 0.019454030
v 0.145833641 0.155164868 0.019689228
v 0.136643380 0.148423001 0.019557528
v 0.132364303 0.137657255 0.019391194
v 0.133733481 0.126243919 0.019933663
v 0.138732001 0.119232029 0.019587630
v 0.145919442 0.114272580 0.019711845
v 0.162553772 0.114272580 0.019711846
v 0.180861369 0.134298563 0.028941689
v 0.173087165 0.153587162 0.028952243
v 0.164760366 0.159401909 0.028889632
v 0.154520899 0.161380202 0.029013339
v 0.132715419 0.150779292 0.028894234
v 0.127750322 0.138837650 0.028622651
v 0.179190740 0.124624491 0.029163843
v 0.179076463 0.145025611 0.028628806
v 0.143438205 0.159484267 0.028899165
v 0.128345892 0.127799228 0.029028282
v 0.132529989 0.118966281 0.028463718
v 0.143969387 0.109758429 0.029096078
v 0.157746002 0.108080149 0.028628800
v 0.170112610 0.113062903 0.028591564
v 0.183531627 0.134736583 0.038854476
v 0.161898255 0.163330257 0.040642679
v 0.146682873 0.163034901 0.038832158
v 0.133521900 0.155451313 0.038854446
v 0.124641046 0.134806484 0.040698621
v 0.133443445 0.114111364 0.038931940
v 0.174830809 0.113923706 0.038899694
v 0.182992518 0.142266139 0.041792039
v 0.179766953 0.149671838 0.041061085
v 0.175178155 0.155678138 0.042530291
v 0.168894783 0.160125345 0.038643491
v 0.154236600 0.164374262 0.042860996
v 0.139737725 0.160493359 0.040446609
v 0.128711507 0.149895221 0.042152431
v 0.125930443 0.142348930 0.038626932
v 0.125771567 0.126776084 0.040446598
v 0.128637865 0.119731851 0.041984692
v 0.139381036 0.109258801 0.040263083
v 0.146418005 0.106210649 0.041061074
v 0.154236615 0.105420217 0.038643532
v 0.161708146 0.106154449 0.040671788
v 0.169171855 0.109206259 0.041061059
v 0.179671362 0.119679995 0.040446620
v 0.182947591 0.127245501 0.041984718
v 0.181830555 0.134736598 0.057278167
v 0.168153808 0.158514619 0.057498220
v 0.146708846 0.161422640 0.056994677
v 0.134724751 0.154248491 0.057278153
v 0.127446815 0.141713217 0.057235140
v 0.134778783 0.115278788 0.057669472
v 0.154072970 0.107185639 0.057498228
v 0.174098864 0.115389727 0.056994695
v 0.158368498 0.161547452 0.058844838
v 0.140657350 0.158154309 0.058540210
v 0.127151608 0.134889260 0.058434740
v 0.143636525 0.109532975 0.058314200
v 0.164653257 0.109588534 0.058692843
v 0.180290177 0.141599894 0.058665182
v 0.176164061 0.150873169 0.058592387
v 0.130960882 0.148306176 0.058665194
v 0.128791571 0.124916635 0.058514643
v 0.179182842 0.124009237 0.058797505
v 0.175219148 0.139612630 0.067135505
v 0.163388461 0.154658616 0.067163572
v 0.143406972 0.153494045 0.067134134
v 0.134405941 0.142408431 0.067122534
v 0.134112805 0.126401037 0.067160249
v 0.146072656 0.115027018 0.067119919
v 0.159785241 0.114028729 0.067136474
v 0.172521397 0.123347618 0.067135505
v 0.154236600 0.134736598 0.068116456
v 0.162615329 0.138490483 0.069459394
v 0.164873183 0.144302145 0.061715323
v 0.164873183 0.144302160 0.068517886
v 0.165038332 0.148349911 0.065116614
v 0.166633949 0.129732803 0.068430394
v 0.165792763 0.130982712 0.060773816
v 0.167991102 0.127461940 0.065116607
v 0.163369760 0.121123292 0.065116607
v 0.163534924 0.125171050 0.068517886
v 0.163534909 0.125171050 0.061715327
v 0.160416991 0.142011270 0.065116607
v 0.161774173 0.139740407 0.061802812
v 0.154237509 0.146887198 0.069459394
v 0.148012564 0.146535754 0.068517886
v 0.148012578 0.146535754 0.061715323
v 0.144627497 0.149216413 0.065116607
v 0.153308734 0.148073435 0.061802812
v 0.166620880 0.141896665 0.068517879
v 0.165405557 0.145569950 0.065116607
v 0.166620865 0.141896680 0.061715323
v 0.170005947 0.139216021 0.065116614
v 0.161324695 0.140358999 0.068430394
v 0.149227887 0.142862484 0.065116607
v 0.160395920 0.141545236 0.060773816
v 0.147093937 0.144566104 0.069459394
v 0.140008941 0.133249909 0.068517879
v 0.140008941 0.133249924 0.061715327
v 0.138144016 0.134129435 0.065116607
v 0.147093952 0.144566104 0.060773816
v 0.147384897 0.148706585 0.065116607
v 0.152336597 0.147940725 0.068517886
v 0.152336583 0.147940710 0.061715323
v 0.154849425 0.151118338 0.065116614
v 0.149255991 0.138355225 0.065116607
v 0.145197451 0.135118932 0.068430394
v 0.138846025 0.129091546 0.065116614
v 0.145197421 0.135118917 0.061802812
v 0.145251587 0.132848665 0.069459394
v 0.152336597 0.121532470 0.068517886
v 0.151253909 0.120745882 0.061715323
v 0.147148088 0.123401493 0.068430394
v 0.153499514 0.117374100 0.065116614
v 0.143089533 0.126637787 0.065116607
v 0.141265810 0.131497771 0.061802812
v 0.140008941 0.136223286 0.068517886
v 0.137496114 0.139400899 0.065116614
v 0.142189026 0.136407390 0.061326601
v 0.144960642 0.136989146 0.065116614
v 0.154201508 0.122411996 0.065116607
v 0.149861827 0.125817522 0.060691256
v 0.162100092 0.125564486 0.069541954
v 0.166207343 0.128849298 0.068517886
v 0.170005947 0.130257189 0.065116607
v 0.167612657 0.125768811 0.065116607
v 0.153308734 0.121399775 0.068430394
v 0.162826464 0.124492280 0.061802812
v 0.151568413 0.119407289 0.065116607
v 0.148426116 0.121664688 0.061715323
v 0.148924664 0.123794958 0.068906613
v 0.144111887 0.121843703 0.065116607
v 0.153255627 0.125607923 0.060773812
v 0.156139031 0.128881544 0.065116607
v 0.166207328 0.128849298 0.061715327
v -0.000273615 -0.001659989 0.040236402
v 0.038414624 0.233058959 0.116665199
v -0.005371122 0.000885292 0.035000015
v 0.033851698 0.234663591 0.114047006
v 0.034125306 0.236323565 0.108810626
v 0.000273600 0.001659945 0.029763643
v 0.004836524 0.000055313 0.032381833
v 0.041608315 0.235699087 0.106940500
v 0.004562916 -0.001604654 0.037618212
v 0.043251157 0.233114302 0.114047006
v 0.038688224 0.234718904 0.001785971
v 0.050353672 0.239550903 0.009026509
v 0.040728930 0.247309700 0.009075429
v 0.029802088 0.244073689 0.009389310
v 0.025632564 0.234718919 0.009472079
v 0.029802099 0.225364119 0.009389303
v 0.041863967 0.222866878 0.008524654
v 0.055048332 0.227942333 0.013370624
v 0.059164640 0.237414688 0.016936017
v 0.058818895 0.246289983 0.020727577
v 0.051047482 0.251638293 0.017286219
v 0.041415449 0.255434275 0.017283821
v 0.028708689 0.252790749 0.016525006
v 0.018201374 0.242859587 0.019092180
v 0.017157339 0.231586382 0.018628662
v 0.021768849 0.222359613 0.017286234
v 0.026907600 0.214548305 0.020920817
v 0.035463743 0.214015767 0.017286237
v 0.048667789 0.216647074 0.016525026
v 0.064523429 0.231457338 0.024767619
v 0.048695739 0.258879334 0.024825690
v 0.034674205 0.260491222 0.024846269
v 0.022325829 0.255031437 0.024846328
v 0.014928407 0.224533439 0.024501957
v 0.041481413 0.208785832 0.024846304
v 0.056842759 0.216185957 0.024106871
v 0.071964607 0.238897175 0.033232253
v 0.065101191 0.254986227 0.032657735
v 0.055350237 0.263578355 0.033112504
v 0.042690691 0.267844319 0.032841936
v 0.030711424 0.267101198 0.033907101
v 0.022243204 0.263577133 0.033407524
v 0.012434864 0.255311966 0.032841951
v 0.005625290 0.239128381 0.032909364
v 0.007796068 0.221922949 0.033029534
v 0.017976742 0.208436653 0.032837652
v 0.030272590 0.202587724 0.033407517
v 0.039596830 0.201519072 0.033557013
v 0.051023543 0.203465894 0.033199411
v 0.062120903 0.211286217 0.033220857
v 0.069580391 0.221922949 0.033029538
v 0.078715622 0.233669847 0.048175011
v 0.067907222 0.256764024 0.040909819
v 0.058863189 0.269663036 0.048647970
v 0.049189817 0.273600459 0.048853766
v 0.039185658 0.275056899 0.048817232
v 0.009820518 0.256869912 0.040355388
v -0.001689221 0.234718904 0.048742291
v -0.000085035 0.224329636 0.048557937
v 0.009898746 0.213171005 0.039797977
v 0.018382739 0.200347349 0.048122145
v 0.049131542 0.195743799 0.048647959
v 0.058813974 0.199860126 0.048816785
v 0.072389357 0.220437050 0.040909868
v 0.077799946 0.245198861 0.048603836
v 0.073559292 0.255249143 0.048662215
v 0.067057490 0.263574898 0.048662238
v 0.023514226 0.272551686 0.048205703
v 0.009832289 0.263088197 0.048662208
v 0.003661308 0.254941672 0.048760273
v -0.000303139 0.245441526 0.048544619
v 0.003817149 0.214188695 0.048662219
v 0.010318994 0.205862924 0.048662215
v 0.028208267 0.195607185 0.048603855
v 0.039032407 0.194254562 0.048662227
v 0.071282737 0.210249886 0.048201203
v 0.077862866 0.224578425 0.048662215
v 0.083278954 0.234591231 0.066964708
v 0.060835719 0.273079455 0.064938128
v 0.016540753 0.273079485 0.064938165
v -0.004097420 0.223254517 0.064938158
v 0.016390711 0.196458638 0.065064773
v 0.050273355 0.191482633 0.067877978
v 0.069995418 0.202827379 0.067412019
v 0.081509016 0.246150985 0.064566560
v 0.076999374 0.257682234 0.068003938
v 0.070057802 0.266028136 0.064562783
v 0.050953437 0.277667999 0.068003930
v 0.038688242 0.279046267 0.064593673
v 0.026865279 0.277853221 0.068559259
v 0.007019586 0.266116798 0.067250773
v 0.000312029 0.256875455 0.064543478
v -0.004109757 0.246234909 0.064575948
v -0.005924341 0.234718904 0.066908434
v 0.000329110 0.212518379 0.064575933
v 0.006907966 0.203325540 0.067920543
v 0.027104326 0.191487283 0.068097964
v 0.038690459 0.190391630 0.064597420
v 0.060807388 0.196312785 0.064574398
v 0.077064544 0.212562323 0.064537108
v 0.081487581 0.223206609 0.064562812
v 0.081065185 0.246077403 0.080347739
v 0.069674335 0.265769929 0.080430984
v 0.059545230 0.270844221 0.095285095
v 0.038941108 0.276367575 0.095646180
v 0.018082894 0.270914167 0.095646262
v 0.000691817 0.256656170 0.080337502
v -0.003678483 0.246110022 0.080404975
v -0.001492279 0.223952577 0.095927030
v 0.000675471 0.212825194 0.080430955
v 0.018082932 0.198523641 0.095646240
v 0.038688213 0.193120986 0.095927000
v 0.060591239 0.196706370 0.080405004
v 0.076684639 0.212781683 0.080337584
v 0.081054941 0.223327801 0.080404945
v 0.079684600 0.234507546 0.097081080
v 0.074168153 0.255113810 0.097341478
v 0.049438477 0.274260551 0.097117692
v 0.028318627 0.274331510 0.097168110
v 0.009732718 0.263674438 0.097297750
v -0.002368924 0.234718904 0.096801423
v 0.009805379 0.205726504 0.097341448
v 0.028073585 0.195104569 0.096883930
v 0.049302857 0.195104569 0.096883930
v 0.067753889 0.205751508 0.096840657
v 0.078166567 0.244978145 0.097442791
v 0.067361549 0.263638228 0.097558066
v 0.003210365 0.254846364 0.097442776
v -0.000747448 0.244759768 0.097605981
v 0.003425386 0.214189380 0.097257771
v 0.059157521 0.199620917 0.097843036
v 0.073858008 0.214057863 0.097442776
v 0.077979721 0.224010736 0.097558074
v 0.070456289 0.239665106 0.111437798
v 0.060938019 0.258509457 0.111457095
v 0.042132795 0.266684681 0.111437798
v 0.025688427 0.264124364 0.111437798
v 0.010614216 0.250927448 0.111459270
v 0.006722456 0.231274366 0.111437798
v 0.014897609 0.212469161 0.111457095
v 0.038688228 0.201966867 0.111453995
v 0.058855802 0.209680051 0.111437798
v 0.068673275 0.223118395 0.111437798
v 0.038688224 0.234718904 0.113073476
v 0.056455556 0.240533412 0.113759369
v 0.052640554 0.249036670 0.112908788
v 0.053759344 0.255318344 0.108465947
v 0.057834037 0.249763936 0.109428830
v 0.057418626 0.241991341 0.106066562
v 0.059521832 0.234718904 0.109428830
v 0.054878134 0.220401183 0.112908788
v 0.057834037 0.219673887 0.109428830
v 0.054878134 0.220401153 0.105948880
v 0.053759344 0.213442028 0.109428830
v 0.049684651 0.219673887 0.109428830
v 0.051744223 0.227108300 0.105011173
v 0.050100062 0.227446467 0.112791106
v 0.047996856 0.234718904 0.109428830
v 0.049684651 0.249763921 0.109428830
v 0.050100058 0.241991341 0.106066562
v 0.035484605 0.249487728 0.113846496
v 0.023109941 0.255627304 0.109428830
v 0.030074174 0.254540861 0.112908781
v 0.030295936 0.257576823 0.109428830
v 0.030074185 0.254540861 0.105948880
v 0.045126162 0.254532844 0.109428830
v 0.051392730 0.250285268 0.112791106
v 0.058913272 0.248278484 0.109428830
v 0.051392738 0.250285268 0.106066562
v 0.057654124 0.244403228 0.112610810
v 0.062936664 0.242686823 0.108465940
v 0.049131133 0.243324906 0.112791099
v 0.056394972 0.240527958 0.109428830
v 0.049131185 0.243324906 0.106066570
v 0.041564748 0.243571937 0.109428830
v 0.027777638 0.249826297 0.109428830
v 0.035484638 0.249487713 0.105011173
v 0.027731819 0.249866307 0.113759369
v 0.014387405 0.226912215 0.108465940
v 0.017174551 0.232651785 0.112908781
v 0.014355691 0.233800843 0.109428830
v 0.019260382 0.239844829 0.106066562
v 0.021833479 0.246964589 0.109428830
v 0.032042176 0.258144200 0.109428830
v 0.039001662 0.260790825 0.109428830
v 0.034006085 0.255818397 0.105948888
v 0.035816308 0.254503161 0.112908788
v 0.038635168 0.253354132 0.109428830
v 0.032599106 0.248550147 0.105011173
v 0.031157382 0.240190372 0.109428830
v 0.025181215 0.235543072 0.112791106
v 0.020948686 0.229010761 0.109428830
v 0.025181232 0.235543087 0.106066562
v 0.032094412 0.222741082 0.113759369
v 0.034006070 0.213619426 0.112908788
v 0.039001666 0.208646968 0.109428830
v 0.034006082 0.213619411 0.105948888
v 0.032042179 0.211293608 0.109428830
v 0.019260377 0.229592994 0.112791106
v 0.021833481 0.222473219 0.109428830
v 0.019260377 0.229592994 0.106066562
v 0.014355689 0.235636964 0.109428830
v 0.013989194 0.243073687 0.109428830
v 0.018984785 0.238101259 0.105948880
v 0.018984789 0.238101244 0.112908788
v 0.020948682 0.240427047 0.109428830
v 0.031157380 0.229247436 0.109428830
v 0.038635172 0.216083691 0.109428830
v 0.032094412 0.222741082 0.105098300
v 0.051206287 0.220820740 0.113846496
v 0.056616731 0.225873888 0.112908781
v 0.063580967 0.226960331 0.109428830
v 0.056616727 0.225873888 0.105948888
v 0.058913272 0.221159324 0.109428830
v 0.051206276 0.220820740 0.105011173
v 0.037559785 0.214657933 0.112791106
v 0.045126162 0.214904964 0.109428830
v 0.037559733 0.214657933 0.106066562
v 0.030295938 0.211860985 0.109428830
v 0.029036788 0.215736240 0.112610810
v 0.023754260 0.214019850 0.108465940
v 0.027777638 0.219611511 0.109428830
v 0.035298169 0.221618310 0.112791106
v 0.041564748 0.225865871 0.109428830
v 0.035298180 0.221618310 0.106066562
v 0.056394972 0.228909850 0.109428830
v 0.076876476 0.237861708 0.071691617
v 0.075567141 0.240233585 0.070195995
v 0.078680441 0.239369929 0.069520965
v 0.076876476 0.239048123 0.063538209
v 0.078680441 0.237539902 0.065708861
v 0.073897228 0.237539902 0.069520958
v 0.075567134 0.236676246 0.065033831
v 0.073897228 0.239369929 0.065708868
v 0.072688021 0.253326327 0.059673846
v 0.073863320 0.253326327 0.051520430
v 0.075141415 0.254445165 0.057189405
v 0.074321419 0.251672834 0.058915865
v 0.075667270 0.251818120 0.053691067
v 0.072553970 0.250954449 0.053016037
v 0.070884064 0.251818120 0.057503197
v 0.070884071 0.253648102 0.053691067
v 0.063167423 0.256742924 0.036867902
v 0.061858073 0.259114772 0.035372306
v 0.063625515 0.258396417 0.029472459
v 0.064971380 0.258251131 0.034697268
v 0.064971380 0.256421119 0.030885126
v 0.061992120 0.256742895 0.028714480
v 0.060714040 0.255624056 0.034383472
v 0.060188178 0.258251131 0.030885112
v 0.052425269 0.268707216 0.074731290
v 0.051115911 0.271079063 0.073235691
v 0.054229219 0.270215422 0.072560653
v 0.052883357 0.270360708 0.067335859
v 0.054229215 0.268385410 0.068748489
v 0.049971879 0.267588347 0.072246850
v 0.051249966 0.268707186 0.066577874
v 0.049446020 0.270215422 0.068748489
v 0.034154825 0.267509550 0.038506452
v 0.032845471 0.269881397 0.037010852
v 0.035958774 0.269017756 0.036335830
v 0.034612920 0.269163042 0.031111006
v 0.035958774 0.267187744 0.032523658
v 0.031701438 0.266390681 0.036022019
v 0.032979518 0.267509520 0.030353026
v 0.031175578 0.269017756 0.032523658
v 0.016923137 0.261801183 0.042501662
v 0.015613782 0.264173031 0.041006062
v 0.018727086 0.263309389 0.040331021
v 0.017381229 0.263454705 0.035106227
v 0.018727085 0.261479378 0.036518861
v 0.014469747 0.260682315 0.040017217
v 0.015747834 0.261801153 0.034348242
v 0.013943889 0.263309389 0.036518864
v 0.005903268 0.257112294 0.057148680
v 0.007078574 0.257112294 0.048995264
v 0.008356662 0.258231133 0.054664247
v 0.007536674 0.255458802 0.056390699
v 0.008882519 0.255604088 0.051165890
v 0.005769213 0.254740417 0.050490867
v 0.004099319 0.255604088 0.054978043
v 0.004099322 0.257434070 0.051165890
v 0.001760012 0.238674477 0.071670040
v 0.000450670 0.241046354 0.070174418
v 0.001760014 0.239860892 0.063516632
v 0.003563969 0.240182698 0.069499396
v 0.003563969 0.238352671 0.065687276
v 0.000450666 0.237489015 0.065012254
v -0.001219234 0.238352671 0.069499396
v -0.001219234 0.240182698 0.065687276
v 0.003105596 0.221241608 0.071988821
v 0.005558979 0.222360477 0.069504358
v 0.004280880 0.221241608 0.063835397
v 0.006084839 0.219733417 0.066006042
v 0.004414934 0.218869746 0.070493206
v 0.001301637 0.219733417 0.069818176
v 0.002647505 0.219588131 0.064593367
v 0.001301637 0.221563414 0.066006042
v 0.019949242 0.202084616 0.048161261
v 0.018315867 0.203738093 0.047403295
v 0.021753199 0.203592807 0.045990616
v 0.020083291 0.204456463 0.041503437
v 0.021753201 0.201762810 0.042178474
v 0.017495858 0.200965747 0.045676790
v 0.018773956 0.202084601 0.040007826
v 0.016969997 0.203592807 0.042178471
v 0.029900035 0.196492955 0.065432832
v 0.031703986 0.198001161 0.063262194
v 0.030034084 0.198864833 0.058775026
v 0.031178128 0.195374086 0.059763875
v 0.026920788 0.196171165 0.063262194
v 0.028724743 0.196492940 0.057279412
v 0.028266646 0.198146448 0.064674854
v 0.026920786 0.198001161 0.059450064
v 0.048514780 0.201042175 0.043127056
v 0.049824126 0.202227637 0.036469262
v 0.051494028 0.201363981 0.040956412
v 0.051494028 0.199533969 0.037144288
v 0.049824122 0.198670298 0.041631442
v 0.048514780 0.199855760 0.034973644
v 0.046710826 0.199533954 0.040956415
v 0.046710826 0.201363981 0.037144285
v 0.059244584 0.206319287 0.039435454
v 0.057611208 0.207972765 0.038677484
v 0.059378631 0.208691135 0.032777630
v 0.061048537 0.207827479 0.037264813
v 0.061048541 0.205997482 0.033452664
v 0.058069300 0.206319273 0.031282019
v 0.056791201 0.205200419 0.036950987
v 0.056265339 0.207827479 0.033452664
v 0.069618046 0.215530664 0.078836441
v 0.068308711 0.217902526 0.077340826
v 0.071422011 0.217038870 0.076665781
v 0.070076138 0.217184141 0.071440987
v 0.070896149 0.214411810 0.073167488
v 0.066638805 0.215208873 0.076665796
v 0.068442769 0.215530664 0.070683017
v 0.066638805 0.217038870 0.072853677
vn 0.000000017 -0.000000007 1.000000000
vn -0.000002043 0.450434566 0.892809451
vn -0.000009648 0.914307714 0.405020088
vn 0.000004780 0.914311528 -0.405011714
vn 0.000000000 0.450433195 -0.892810166
vn 0.000000003 -0.000000007 -1.000000000
vn 0.318503916 0.318506688 0.892809451
vn 0.646506429 0.646520078 0.405020148
vn 0.646513999 0.646507204 -0.405028671
vn 0.318506271 0.318506181 -0.892808795
vn 0.450434536 0.000002026 0.892809570
vn 0.914307833 0.000009595 0.405020177
vn 0.914311528 -0.000004768 -0.405011714
vn 0.450433105 0.000000000 -0.892810166
vn 0.318506688 -0.318503827 0.892809510
vn 0.646520078 -0.646506429 0.405020177
vn 0.646507204 -0.646513939 -0.405028641
vn 0.318506241 -0.318506211 -0.892808795
vn 0.000002031 -0.450434536 0.892809451
vn 0.000009641 -0.914307833 0.405020207
vn -0.000004787 -0.914311528 -0.405011803
vn 0.000000000 -0.450433195 -0.892810166
vn -0.318503857 -0.318506718 0.892809451
vn -0.646506429 -0.646520078 0.405020207
vn -0.646513939 -0.646507204 -0.405028641
vn -0.318506211 -0.318506211 -0.892808795
vn -0.450434536 -0.000002026 0.892809570
vn -0.914307833 -0.000009595 0.405020177
vn -0.914311528 0.000004768 -0.405011714
vn -0.450433105 0.000000000 -0.892810166
vn -0.318506688 0.318503797 0.892809510
vn -0.646520078 0.646506429 0.405020177
vn -0.646507263 0.646513939 -0.405028671
vn -0.318506271 0.318506181 -0.892808795
vn 0.491764188 -0.865898073 0.091589607
vn 0.082084626 -0.144526407 0.986090362
vn -0.248418108 -0.952187717 -0.177839473
vn -0.658103704 -0.230817840 0.716674685
vn -0.535341978 -0.446977675 -0.716672897
vn -0.945029855 0.274395406 0.177836195
vn -0.082083620 0.144527376 -0.986090362
vn -0.491765499 0.865897357 -0.091588326
vn 0.658105791 0.230818391 -0.716672599
vn 0.248419002 0.952187419 0.177840173
vn 0.945029676 -0.274396420 -0.177835330
vn 0.535340071 0.446979135 0.716673374
vn 0.153590798 -0.255212694 0.954607964
vn 0.158058375 -0.260722429 0.952387273
vn 0.134671003 -0.221980885 0.965706050
vn 0.136324018 -0.224027798 0.965001166
vn 0.094669983 -0.151260510 0.983950198
vn 0.094671041 -0.151262477 0.983949780
vn 0.047313936 -0.067680590 0.996584594
vn 0.047315646 -0.067681149 0.996584475
vn -0.008198168 0.030111128 0.999512911
vn -0.008194951 0.030107213 0.999513149
vn -0.064132564 0.128445268 0.989640772
vn -0.064131089 0.128444865 0.989640951
vn -0.112110861 0.212625280 0.970681071
vn -0.112110451 0.212628126 0.970680416
vn -0.153479829 0.285083354 0.946134925
vn -0.154768854 0.288576633 0.944865167
vn -0.182586819 0.337187201 0.923562109
vn -0.185113966 0.344100654 0.920504034
vn -0.208126262 0.384180546 0.899493635
vn -0.450298399 -0.885985672 -0.110728540
vn -0.802904904 0.108651318 0.586121738
vn 0.636349618 -0.185833201 -0.748682261
vn -0.409230530 0.521398246 -0.748781919
vn 0.668574035 -0.360530257 0.650404990
vn 0.416988403 0.839195728 0.349100798
vn -0.151190385 -0.484303266 0.861737669
vn -0.156600326 -0.500161648 0.851654053
vn -0.148508787 -0.438059568 0.886594057
vn -0.150582656 -0.444146454 0.883209348
vn -0.134564802 -0.317653567 0.938609898
vn -0.134564653 -0.317651421 0.938610613
vn -0.110893101 -0.150977612 0.982297540
vn -0.110892884 -0.150978267 0.982297421
vn -0.077835657 0.056346007 0.995372653
vn -0.077835962 0.056338001 0.995373070
vn -0.040490165 0.265659809 0.963216126
vn -0.040489357 0.265657037 0.963216960
vn -0.007448350 0.433102608 0.901313841
vn -0.007447013 0.433107167 0.901311636
vn 0.018972525 0.555947483 0.831000984
vn 0.021452434 0.561385036 0.827276707
vn 0.038466275 0.634700656 0.771800220
vn 0.043199752 0.644354165 0.763506114
vn 0.055804927 0.696359158 0.715520620
vn 0.470398456 0.368106455 0.802011847
vn -0.439884216 -0.702940285 -0.558906913
vn -0.730101466 0.682004154 0.042687893
vn 0.564643621 0.573472559 -0.593554378
vn 0.168855995 -0.935492575 0.310389012
vn 0.477116466 -0.239489347 0.845579505
vn 0.487383664 -0.245589897 0.837939620
vn 0.440593034 -0.228518233 0.868134439
vn 0.444484860 -0.230820909 0.865537345
vn 0.353231937 -0.198144704 0.914311707
vn 0.353238702 -0.198145211 0.914308965
vn 0.242104903 -0.157292515 0.957415462
vn 0.242112339 -0.157292545 0.957413614
vn 0.106519863 -0.106061362 0.988637686
vn 0.106527127 -0.106063820 0.988636732
vn -0.033626083 -0.051625144 0.998100221
vn -0.033626597 -0.051625479 0.998100221
vn -0.154056743 -0.003666029 0.988055229
vn -0.154053733 -0.003666574 0.988055706
vn -0.260016888 0.039466962 0.964797139
vn -0.255850554 0.036866799 0.966013193
vn -0.334022522 0.069276407 0.940015912
vn -0.325929880 0.064120926 0.943216920
vn -0.388640374 0.090577699 0.916926682
vn 0.645708084 -0.221145645 0.730859518
vn -0.226910591 0.692514718 0.684788287
vn 0.194714740 -0.882365644 -0.428388983
vn -0.776330411 -0.549143314 0.309439540
vn 0.704967499 0.471147686 -0.530132830
vn -0.549616516 0.444934756 -0.707074761
vn 0.970013976 -0.197022572 0.142319918
vn 0.113314517 -0.023015903 0.993292570
vn 0.562585592 -0.814526677 -0.141575903
vn -0.294118375 -0.640513718 0.709391713
vn 0.020930421 -0.704504907 -0.709390402
vn -0.835777581 -0.530501723 0.141575828
vn -0.113311999 0.023011521 -0.993292928
vn -0.970011353 0.197024286 -0.142335594
vn 0.294107586 0.640523016 -0.709387779
vn -0.562584400 0.814526558 0.141581312
vn 0.835777700 0.530501723 -0.141575590
vn -0.020925788 0.704504013 0.709391415
vn 0.544683576 -0.121796921 0.829750121
vn 0.557089150 -0.127008602 0.820683062
vn 0.504759371 -0.116258718 0.855395794
vn 0.509499371 -0.118217640 0.852311671
vn 0.405738413 -0.098118760 0.908707321
vn 0.405746043 -0.098119214 0.908703923
vn 0.275629789 -0.072552614 0.958521962
vn 0.275634706 -0.072552465 0.958520591
vn 0.114674084 -0.040447440 0.992579401
vn 0.114665926 -0.040446606 0.992580354
vn -0.051832169 -0.006733226 0.998633146
vn -0.051833197 -0.006733331 0.998633146
vn -0.193373218 0.022321399 0.980871320
vn -0.193371102 0.022322271 0.980871737
vn -0.313980550 0.046571918 0.948286533
vn -0.309434295 0.046433073 0.949786544
vn -0.398324609 0.062680334 0.915100396
vn -0.389636427 0.062447578 0.918849170
vn -0.455517590 0.074899711 0.887070358
vn 0.425021380 -0.879214168 0.215265572
vn -0.542364895 -0.301397145 0.784219444
vn 0.470090866 0.004883985 -0.882604480
vn -0.718541920 -0.325053930 -0.614847481
vn 0.731681764 0.509054422 0.453327000
vn -0.382470012 0.923704207 0.022070123
vn 0.143465549 -0.307801843 0.940572023
vn 0.148349270 -0.315715492 0.937185287
vn 0.119868450 -0.282700896 0.951688945
vn 0.121674575 -0.285638273 0.950581968
vn 0.068322048 -0.224186420 0.972148418
vn 0.068318821 -0.224184960 0.972149014
vn 0.008054554 -0.153548390 0.988108337
vn 0.008051477 -0.153548196 0.988108337
vn -0.062005252 -0.069829538 0.995630085
vn -0.062006794 -0.069829375 0.995629966
vn -0.132144630 0.015738823 0.991105437
vn -0.132142425 0.015738985 0.991105795
vn -0.191942066 0.090147071 0.977257252
vn -0.191938221 0.090145431 0.977258205
vn -0.242706046 0.155573711 0.957544029
vn -0.245861709 0.158477694 0.956261992
vn -0.277193606 0.202177271 0.939301968
vn -0.283454090 0.207977295 0.936161935
vn -0.311602890 0.246900320 0.917575002
vn -0.019834535 -0.857839584 0.513534665
vn -0.297569633 0.312759638 0.902016461
vn 0.109813981 -0.467703283 -0.877037466
vn -0.932220936 0.035265148 -0.360167354
vn 0.989085376 0.050859664 0.138287365
vn 0.190273225 0.947458446 -0.257135332
vn 0.333102077 0.079030976 0.939572871
vn 0.341304421 0.081953280 0.936373234
vn 0.304764569 0.061947919 0.950411022
vn 0.307805061 0.063025095 0.949359715
vn 0.239895910 0.025546966 0.970462501
vn 0.239893854 0.025545696 0.970462978
vn 0.162441730 -0.016386976 0.986582100
vn 0.162442580 -0.016386705 0.986581922
vn 0.071031131 -0.064830005 0.995365024
vn 0.071030080 -0.064828642 0.995365262
vn -0.022193238 -0.113109745 0.993334591
vn -0.022199539 -0.113110296 0.993334413
vn -0.103312828 -0.154205754 0.982622564
vn -0.103316791 -0.154207274 0.982621849
vn -0.177704588 -0.191604614 0.965250611
vn -0.175540164 -0.190067187 0.965950429
vn -0.232083112 -0.219050050 0.947710156
vn -0.227740079 -0.215990081 0.949464500
vn -0.272698462 -0.238519639 0.932064354
vn 0.941677392 0.130520299 0.310174495
vn -0.203622103 -0.561533093 0.802009165
vn 0.531292200 0.636618435 -0.558968365
vn -0.369518399 -0.714951336 -0.593549371
vn -0.875192285 0.481888294 0.042687133
vn 0.813996494 0.570236862 0.110632636
vn 0.120646380 0.084516905 0.989091218
vn 0.974076509 -0.155500069 -0.164300486
vn 0.280718207 -0.641224205 0.714163005
vn 0.506756246 -0.482877702 -0.714161992
vn -0.186597243 -0.968599796 0.164304450
vn -0.120645151 -0.084514119 -0.989091635
vn -0.813994765 -0.570238769 -0.110635094
vn -0.280716658 0.641223311 -0.714164495
vn -0.974076271 0.155504391 0.164298043
vn 0.186595991 0.968600810 -0.164299890
vn -0.506761074 0.482870996 0.714163005
vn 0.276820838 0.122394212 0.953094959
vn 0.286744237 0.127310365 0.949510396
vn 0.246621475 0.098669380 0.964075923
vn 0.250304788 0.100490354 0.962937891
vn 0.175402269 0.046427719 0.983401477
vn 0.175400153 0.046425592 0.983402014
vn 0.088779494 -0.015229007 0.995934963
vn 0.088782355 -0.015228662 0.995934606
vn -0.013386351 -0.086816475 0.996134400
vn -0.013386866 -0.086816534 0.996134400
vn -0.116417795 -0.157786220 0.980586767
vn -0.116419129 -0.157785967 0.980586588
vn -0.204296663 -0.217319325 0.954481602
vn -0.204293281 -0.217316613 0.954482973
vn -0.282599956 -0.269539893 0.920589745
vn -0.279108644 -0.268006504 0.922101319
vn -0.337221146 -0.306216031 0.890232325
vn -0.330349237 -0.303286940 0.893804550
vn -0.377543837 -0.333913684 0.863691092
vn 0.838621497 -0.099275202 0.535591662
vn -0.358724445 -0.288169980 0.887848437
vn 0.497548044 0.087579556 -0.863004029
vn -0.097314551 -0.919196010 -0.381586999
vn 0.022341622 0.987144709 0.158259884
vn -0.921444178 0.271359533 -0.278037190
vn 0.572661340 -0.099762060 0.813699305
vn 0.587174535 -0.103251904 0.802848160
vn 0.530201256 -0.101548806 0.841768622
vn 0.535792708 -0.102880664 0.838058352
vn 0.420043856 -0.099918753 0.901986480
vn 0.420048624 -0.099919096 0.901984215
vn 0.268326014 -0.093909971 0.958739817
vn 0.268327028 -0.093909979 0.958739519
vn 0.077218950 -0.083454214 0.993515313
vn 0.077211738 -0.083453462 0.993515968
vn -0.120838791 -0.069525801 0.990234375
vn -0.120845176 -0.069525756 0.990233600
vn -0.285624266 -0.055517696 0.956732273
vn -0.285625517 -0.055518307 0.956731915
vn -0.419851273 -0.042311814 0.906606138
vn -0.413977087 -0.044084296 0.909219265
vn -0.508142650 -0.033790868 0.860609770
vn -0.497248828 -0.037292328 0.866806149
vn -0.568596065 -0.028672669 0.822117031
vn -0.424430847 0.057779543 0.903615057
vn 0.764743984 -0.572153449 -0.296322644
vn -0.653750300 -0.710307717 -0.260908902
vn 0.889899015 0.454800457 0.035160050
vn -0.567325413 0.738137722 -0.365095258
vn 0.207983002 0.415490001 0.885500491
vn 0.208422035 0.425763637 0.880503058
vn 0.197740510 0.371454090 0.907149732
vn 0.197949275 0.375338495 0.905503750
vn 0.173221096 0.272348493 0.946478128
vn 0.173220351 0.272344947 0.946479261
vn 0.140284300 0.146227270 0.979253769
vn 0.140283838 0.146226376 0.979253948
vn 0.098140195 -0.006050082 0.995154202
vn 0.098138370 -0.006056192 0.995154440
vn 0.052736674 -0.160773486 0.985581398
vn 0.052735616 -0.160775453 0.985581219
vn 0.012537829 -0.290648460 0.956747770
vn 0.012537666 -0.290645689 0.956748605
vn -0.021608472 -0.395987540 0.918001592
vn -0.024099875 -0.400588989 0.915940881
vn -0.046870586 -0.468148470 0.882405996
vn -0.051779509 -0.476873815 0.877445340
vn -0.070032984 -0.529592752 0.845356107
vn 0.945938230 0.297633380 -0.128899992
vn 0.165894419 -0.500782311 0.849527001
vn 0.308328569 -0.770982206 -0.557243109
vn -0.319271863 0.562396049 -0.762742519
vn -0.204397082 0.751371026 0.627426028
vn -0.939595938 -0.334460855 -0.072770759
vn 0.134299964 0.944871783 0.298631668
vn -0.006267643 -0.044097081 0.999007642
vn 0.781709671 0.623109043 -0.025788719
vn 0.641138434 -0.365860224 0.674602032
vn 0.717688799 0.172725812 -0.674602509
vn 0.577125371 -0.816248417 0.025784409
vn 0.006266893 0.044090349 -0.999007940
vn -0.134300947 -0.944873869 -0.298624486
vn -0.641140401 0.365862519 -0.674598932
vn -0.781706810 -0.623112857 0.025783606
vn -0.577122509 0.816250265 -0.025788976
vn -0.717692554 -0.172719404 0.674600184
vn 0.026526310 0.331977427 0.942914307
vn 0.026372964 0.339313716 0.940303504
vn 0.020921338 0.293549418 0.955714881
vn 0.020867761 0.296278954 0.954873502
vn 0.008775301 0.211406529 0.977358878
vn 0.008775166 0.211408943 0.977358282
vn -0.005491775 0.113503620 0.993522406
vn -0.005492331 0.113503262 0.993522465
vn -0.021999009 -0.001677632 0.999756634
vn -0.021998776 -0.001673589 0.999756575
vn -0.038365465 -0.117968716 0.992275953
vn -0.038365569 -0.117968157 0.992276013
vn -0.052157000 -0.217704803 0.974620044
vn -0.052157138 -0.217702851 0.974620461
vn -0.064383946 -0.307600826 0.949334741
vn -0.063322380 -0.304171056 0.950510561
vn -0.072353914 -0.371370912 0.925661206
vn -0.070237249 -0.364596307 0.928512931
vn -0.077592358 -0.419559807 0.904405296
vn 0.585650325 0.558288217 0.587646127
vn -0.563546360 -0.402785242 0.721234798
vn 0.721100688 -0.646919668 0.248009548
vn 0.308250308 0.417556643 -0.854767919
vn -0.334883422 -0.604939103 -0.722427666
vn -0.714997470 0.689862609 0.113438301
vn 0.188177884 0.300026178 0.935186267
vn 0.196767062 0.305222690 0.931730568
vn 0.162131801 0.275647044 0.947487175
vn 0.165303215 0.277594298 0.946370125
vn 0.101347044 0.221142128 0.969961286
vn 0.101345457 0.221140414 0.969961882
vn 0.028440269 0.155558079 0.987417340
vn 0.028439727 0.155558452 0.987417221
vn -0.056717567 0.077331074 0.995390952
vn -0.056717303 0.077331573 0.995390892
vn -0.142173916 -0.002942402 0.989837348
vn -0.142172202 -0.002942248 0.989837646
vn -0.214954093 -0.072772719 0.973909080
vn -0.214952096 -0.072771713 0.973909676
vn -0.279654771 -0.136759758 0.950310409
vn -0.277872503 -0.134312958 0.951181889
vn -0.325664878 -0.183920205 0.927424192
vn -0.322183490 -0.179031059 0.929594338
vn -0.359439552 -0.217902988 0.907370627
vn 0.762137294 0.158834413 0.627629101
vn -0.601507187 -0.009314399 0.798813105
vn 0.645996213 -0.029066060 -0.762786984
vn 0.153624475 -0.987245560 0.041781753
vn -0.163390622 0.978151858 -0.128540307
vn -0.798480451 -0.112884670 -0.591342568
vn -0.289069980 0.339984506 0.894901752
vn -0.293621927 0.354350895 0.887818456
vn -0.266113222 0.302714914 0.915176213
vn -0.267885357 0.308125138 0.912850678
vn -0.211955294 0.208129808 0.954859734
vn -0.211955160 0.208128199 0.954860032
vn -0.141093776 0.084761873 0.986360967
vn -0.141093194 0.084762760 0.986360967
vn -0.053068731 -0.064045601 0.996535003
vn -0.053065967 -0.064045660 0.996535122
vn 0.038224787 -0.213631779 0.976166129
vn 0.038226478 -0.213632897 0.976165831
vn 0.115540579 -0.336578250 0.934540272
vn 0.115542509 -0.336581647 0.934538841
vn 0.177805915 -0.432942748 0.883711398
vn 0.179852217 -0.437902421 0.880848765
vn 0.219671786 -0.498096496 0.838835061
vn 0.223486423 -0.507358074 0.832250893
vn 0.254342228 -0.552798331 0.793551505
vn -0.310706824 -0.735386610 0.602219045
vn 0.423977286 0.872103393 -0.244293109
vn 0.929635048 -0.040471707 0.366252452
vn -0.672048986 0.129428267 -0.729107976
vn 0.265058756 -0.634163439 -0.726347506
vn -0.599827826 0.420953304 0.680444658
vn -0.750260115 0.626409888 0.211471945
vn -0.034998599 0.029221177 0.998960078
vn -0.114125371 0.989277959 -0.091128960
vn 0.601139903 0.392080963 0.696349978
vn 0.278505415 0.661462128 -0.696349442
vn 0.993762672 0.064275511 0.091128550
vn 0.034999572 -0.029217314 -0.998960137
vn 0.750258982 -0.626409888 -0.211476177
vn -0.601133943 -0.392083675 -0.696353614
vn 0.114126556 -0.989277363 0.091133825
vn -0.993762732 -0.064273842 -0.091129616
vn -0.278506339 -0.661462009 0.696349204
vn -0.270291150 0.340184957 0.900675774
vn -0.276210517 0.346604735 0.896422267
vn -0.243440554 0.321151406 0.915204048
vn -0.245639905 0.323543996 0.913772643
vn -0.184012383 0.275930226 0.943399131
vn -0.184009418 0.275928915 0.943400145
vn -0.113809198 0.220595479 0.968702734
vn -0.113807790 0.220595598 0.968702972
vn -0.031218581 0.154082805 0.987564683
vn -0.031219369 0.154084772 0.987564325
vn 0.052494369 0.085152008 0.994984150
vn 0.052495044 0.085152417 0.994984090
vn 0.124866948 0.024323963 0.991875231
vn 0.124868535 0.024322905 0.991875112
vn 0.191007212 -0.032301363 0.981056988
vn 0.188817278 -0.029705897 0.981562853
vn 0.238717496 -0.073110409 0.968333066
vn 0.234356180 -0.067858450 0.969779551
vn 0.275539696 -0.104151465 0.955630839
vn -0.290981859 0.918251812 -0.268594861
vn 0.803079188 -0.254330188 0.538869202
vn -0.986660779 0.148809418 0.066001631
vn 0.473810911 -0.813702106 -0.336737365
vn -0.053679328 0.537883580 0.841308296
vn -0.054098986 0.550079405 0.833358288
vn -0.042965163 0.500868618 0.864456236
vn -0.043131694 0.505492032 0.861752570
vn -0.020849142 0.409515351 0.912064970
vn -0.020849513 0.409517080 0.912064195
vn 0.005438164 0.291353196 0.956600189
vn 0.005437426 0.291354775 0.956599712
vn 0.036272388 0.146009445 0.988618076
vn 0.036270846 0.146015957 0.988617122
vn 0.066751055 -0.005164535 0.997756302
vn 0.066751458 -0.005164576 0.997756302
vn 0.091769733 -0.135502174 0.986517847
vn 0.091769725 -0.135499775 0.986518264
vn 0.110721730 -0.244428098 0.963325262
vn 0.112781905 -0.250114024 0.961625278
vn 0.121829033 -0.318982780 0.939897716
vn 0.125818446 -0.330041260 0.935543895
vn 0.134003565 -0.389540851 0.911208510
vn 0.705561221 0.696893096 -0.128543228
vn 0.481971174 -0.360016078 0.798806727
vn 0.580893636 -0.559349000 -0.591347098
vn -0.540505290 0.354983777 -0.762784719
vn -0.524512053 0.575293839 0.627633750
vn -0.702972889 -0.709989250 0.041765638
vn -0.641274333 -0.070036799 0.764108658
vn -0.656046927 -0.064884946 0.751925766
vn -0.599767566 -0.071156293 0.797004163
vn -0.605526268 -0.069269441 0.792804956
vn -0.487787604 -0.078725345 0.869405329
vn -0.487781644 -0.078725517 0.869408667
vn -0.326096207 -0.088392079 0.941195130
vn -0.326097459 -0.088392369 0.941194594
vn -0.116764665 -0.096370801 0.988472939
vn -0.116764836 -0.096371219 0.988472819
vn 0.102844730 -0.099931933 0.989664853
vn 0.102837063 -0.099932745 0.989665568
vn 0.284370989 -0.099191546 0.953569174
vn 0.284373403 -0.099192649 0.953568399
vn 0.427970678 -0.095990092 0.898680687
vn 0.421572864 -0.094906189 0.901814342
vn 0.520558178 -0.091147609 0.848947227
vn 0.508868396 -0.089194961 0.856211066
vn 0.582178116 -0.085821122 0.808519244
vn -0.633741438 0.575392365 0.517006338
vn 0.766306043 0.310685158 0.562360942
vn -0.422022372 0.223548859 -0.878591478
vn -0.600538969 -0.787048936 0.141092137
vn 0.893088818 -0.330037683 -0.305724829
vn -0.946663439 -0.276545584 0.165380821
vn -0.088719159 -0.025914904 0.995719492
vn -0.880246103 0.457784951 -0.124899067
vn -0.022294460 0.708413243 0.705445766
vn -0.362552285 0.609016657 -0.705446422
vn 0.495395690 0.859640777 0.124903165
vn 0.088715829 0.025915641 -0.995719790
vn 0.946663797 0.276542276 -0.165384516
vn 0.022300016 -0.708412647 -0.705446184
vn 0.880245864 -0.457784444 0.124902651
vn -0.495394737 -0.859641373 -0.124903478
vn 0.362553865 -0.609016359 0.705445826
vn -0.459102064 -0.129388273 0.878910720
vn -0.472451240 -0.130653769 0.871618867
vn -0.420222819 -0.115833983 0.899997354
vn -0.425261885 -0.116334349 0.897562623
vn -0.324055046 -0.086378820 0.942086518
vn -0.324058920 -0.086379334 0.942085207
vn -0.200333476 -0.049916316 0.978455365
vn -0.200333998 -0.049916301 0.978455245
vn -0.049981523 -0.005816031 0.998733282
vn -0.049984824 -0.005817799 0.998733103
vn 0.103624761 0.039012801 0.993851006
vn 0.103626229 0.039012510 0.993850946
vn 0.233579680 0.076759614 0.969303071
vn 0.233576894 0.076758586 0.969303906
vn 0.344553202 0.109619789 0.932344675
vn 0.340781450 0.107764110 0.933945894
vn 0.421858281 0.133403346 0.896793783
vn 0.414657652 0.129813850 0.900670528
vn 0.475274980 0.148639813 0.867190778
vn -0.762344360 0.363275170 0.535595238
vn 0.432258129 0.157726124 0.887848794
vn -0.499327004 0.076804668 -0.863002658
vn 0.387316853 0.839271605 -0.381587386
vn -0.338107169 -0.927706242 0.158254981
vn 0.785524726 -0.552857101 -0.278028607
vn -0.338019311 0.061133362 0.939151585
vn -0.345416725 0.066108525 0.936118007
vn -0.307205379 0.048528139 0.950405180
vn -0.309951007 0.050355271 0.949418068
vn -0.238315761 0.018622592 0.971009254
vn -0.238315865 0.018623574 0.971009195
vn -0.156598240 -0.016897731 0.987517834
vn -0.156601474 -0.016897162 0.987517297
vn -0.060228936 -0.057912193 0.996503294
vn -0.060234714 -0.057911944 0.996502936
vn 0.037921343 -0.098746344 0.994389832
vn 0.037917018 -0.098746561 0.994390011
vn 0.123163216 -0.133446112 0.983373344
vn 0.123162024 -0.133446664 0.983373344
vn 0.197525412 -0.163834587 0.966510177
vn 0.201595813 -0.164729759 0.965517044
vn 0.249580130 -0.185686901 0.950384200
vn 0.257750124 -0.187417269 0.947860539
vn 0.301113039 -0.205555186 0.931170225
vn -0.640805066 0.234975025 0.730859518
vn 0.211967573 -0.697238028 0.684783876
vn -0.175701916 0.886346817 -0.428390414
vn 0.787954926 0.532325387 0.309446156
vn -0.714929581 -0.455887347 -0.530134320
vn 0.539924026 -0.456654757 -0.707070351
vn -0.251147360 -0.432304978 0.866047025
vn -0.261810333 -0.442017198 0.857948840
vn -0.228055060 -0.396962404 0.889051020
vn -0.232066989 -0.400679469 0.886341274
vn -0.167100579 -0.310731322 0.935694098
vn -0.167098761 -0.310728699 0.935695350
vn -0.086465448 -0.197562486 0.976469636
vn -0.086466037 -0.197562829 0.976469457
vn 0.011579642 -0.057884622 0.998256207
vn 0.011578083 -0.057884745 0.998256147
vn 0.111073837 0.086122341 0.990073502
vn 0.111071758 0.086121969 0.990073740
vn 0.193684012 0.207518190 0.958865404
vn 0.193682030 0.207515344 0.958866417
vn 0.259123057 0.305002600 0.916421652
vn 0.262977898 0.308974981 0.913989663
vn 0.304236412 0.371156067 0.877315998
vn 0.311527997 0.378623605 0.871547222
vn 0.342887610 0.426622927 0.836911678
vn -0.626960516 -0.379366606 0.680442154
vn -0.260204047 0.754734814 0.602220297
vn -0.679267526 -0.083618000 -0.729111552
vn 0.363949627 -0.898812175 -0.244289488
vn 0.307391047 0.614758849 -0.726348639
vn 0.930242419 -0.022566732 0.366251111
vn -0.335150510 -0.908443749 0.249808103
vn -0.002154779 -0.005836511 0.999980688
vn -0.894654930 -0.442344338 -0.062642932
vn -0.561657369 0.460257649 0.687534630
vn -0.725997508 0.014789984 -0.687538266
vn -0.393004686 0.917400002 0.062646657
vn 0.002155491 0.005835330 -0.999980688
vn 0.335149586 0.908447862 -0.249794275
vn 0.561651409 -0.460265130 -0.687534451
vn 0.894652188 0.442349583 0.062643155
vn 0.392998338 -0.917402685 -0.062646404
vn 0.726002693 -0.014790177 0.687532783
vn -0.146317273 -0.404874593 0.902589560
vn -0.151753306 -0.414047152 0.897516489
vn -0.134953275 -0.369990349 0.919181585
vn -0.136972651 -0.373425245 0.917492211
vn -0.106001176 -0.289557010 0.951273143
vn -0.106003329 -0.289559811 0.951272011
vn -0.069753341 -0.191368997 0.979036450
vn -0.069753319 -0.191369474 0.979036450
vn -0.026483119 -0.074126124 0.996897221
vn -0.026485207 -0.074130118 0.996896803
vn 0.017676866 0.045564774 0.998804927
vn 0.017674560 0.045564283 0.998805046
vn 0.055736579 0.148756176 0.987301886
vn 0.055735294 0.148753762 0.987302303
vn 0.088315502 0.237111554 0.967459857
vn 0.090442665 0.240849599 0.966339350
vn 0.112228125 0.299991071 0.947317362
vn 0.116446443 0.307348669 0.944445372
vn 0.134245992 0.355835736 0.924856246
vn -0.473586172 -0.514582694 0.714787245
vn 0.635773838 0.274844557 0.721285105
vn -0.567319036 0.784971356 0.248935834
vn -0.678286076 -0.269854963 -0.683451831
vn 0.561281443 -0.769892216 -0.303692579
vn 0.455902159 0.521906912 -0.720948279
vn -0.435559273 -0.323524356 0.840011954
vn -0.450811893 -0.327972203 0.830182433
vn -0.398396343 -0.300305635 0.866658568
vn -0.404215276 -0.302075803 0.863342464
vn -0.299415559 -0.243822813 0.922442853
vn -0.299418300 -0.243824497 0.922441483
vn -0.163261056 -0.166242793 0.972475767
vn -0.163259014 -0.166243434 0.972476065
vn 0.005980139 -0.067191556 0.997722208
vn 0.005982748 -0.067191795 0.997722149
vn 0.178514883 0.036637425 0.983254850
vn 0.178516641 0.036638025 0.983254552
vn 0.319441497 0.123710342 0.939496100
vn 0.319437593 0.123708673 0.939497650
vn 0.431889802 0.194887340 0.880619287
vn 0.426326901 0.192720696 0.883800983
vn 0.503914654 0.242881507 0.828902066
vn 0.493673027 0.238930687 0.836181283
vn 0.551745296 0.276823461 0.786731124
vn -0.912306786 0.360025376 0.195136443
vn 0.177603453 0.574931145 0.798693419
vn -0.320756048 -0.305241287 -0.896628916
vn 0.331466168 0.734214425 -0.592502654
vn -0.213459656 -0.876273751 0.431948245
vn 0.904240549 -0.425086766 0.040624734
vn 0.143667415 -0.591812789 0.793169260
vn 0.145901918 -0.606399059 0.781660259
vn 0.125877440 -0.553991079 0.822951257
vn 0.126759604 -0.559627056 0.818993032
vn 0.085223600 -0.452531397 0.887666762
vn 0.085223868 -0.452535927 0.887664437
vn 0.032051198 -0.309713393 0.950289607
vn 0.032051012 -0.309710413 0.950290561
vn -0.032921497 -0.127166972 0.991334915
vn -0.032921147 -0.127165765 0.991334975
vn -0.097918727 0.064345166 0.993112087
vn -0.097920865 0.064345263 0.993111908
vn -0.150009334 0.225022271 0.962736905
vn -0.150010675 0.225020394 0.962737024
vn -0.187444985 0.350000262 0.917803943
vn -0.190810129 0.356369317 0.914654315
vn -0.209152833 0.431697905 0.877434969
vn -0.215401694 0.443520993 0.869994879
vn -0.230506003 0.504404366 0.832131743
vn 0.247376010 -0.636118829 0.730861127
vn 0.382952094 0.620004714 0.684793293
vn -0.548813879 -0.717835605 -0.428386897
vn -0.920336187 0.239215165 0.309447080
vn 0.814707577 -0.234970942 -0.530132234
vn -0.014370272 0.707003176 -0.707064390
vn -0.566309988 -0.590999544 0.574467242
vn 0.097472690 0.392688364 0.914491594
vn -0.802177846 -0.301746249 -0.515228093
vn -0.653013766 0.748353243 0.116363309
vn 0.292036414 -0.513206005 -0.807052851
vn 0.176291272 0.709461391 -0.682338536
vn 0.528414011 -0.800405085 0.283073187
vn 0.927287221 0.355851918 0.116222993
vn 0.001225676 -0.003848857 0.999991834
vn -0.591840386 -0.156656846 0.790685534
vn -0.239294678 -0.549754918 0.800317287
vn 0.366177768 -0.485832006 0.793650568
vn 0.605636656 0.048961598 0.794233680
vn 0.361548632 0.507820964 0.781921029
vn -0.083284974 0.602909446 0.793450594
vn -0.521135926 0.342350125 0.781801641
vn -0.768459439 0.025434207 0.639392912
vn -0.561136723 -0.536323547 0.630462289
vn 0.002490684 -0.762185276 0.647354186
vn 0.454932719 -0.602102041 0.656132102
vn 0.687332034 -0.278658181 0.670764029
vn 0.672613680 0.406419426 0.618396461
vn 0.288390189 0.704391301 0.648586214
vn -0.187517732 0.748658478 0.635883331
vn -0.602804720 0.477164209 0.639484823
vn -0.785692990 0.111631699 0.608461082
vn -0.716977477 -0.309549689 0.624597669
vn -0.363279700 -0.687238157 0.629071951
vn 0.095341861 -0.773736775 0.626291692
vn 0.765346587 0.063443996 0.640483797
vn 0.613170028 0.489170760 0.620269716
vn -0.233099461 0.743817151 0.626419008
vn -0.851184249 0.121914916 0.510511637
vn -0.824325264 -0.199450895 0.529818177
vn -0.733518541 -0.433754832 0.523266077
vn -0.529178262 -0.670246601 0.520326674
vn -0.216350704 -0.822629333 0.525807500
vn 0.105165504 -0.851640284 0.513467610
vn 0.413761377 -0.749508202 0.516758144
vn 0.687651873 -0.513379812 0.513396621
vn 0.853896797 -0.115623832 0.507436097
vn 0.780568361 0.319546908 0.537217677
vn 0.594529271 0.613619208 0.519621432
vn 0.363806129 0.791286826 0.491436988
vn 0.016171170 0.852883041 0.521851480
vn -0.334427267 0.773701549 0.538093269
vn -0.672370791 0.511273563 0.535272658
vn -0.877926886 0.156644121 0.452445686
vn -0.534012437 -0.735389531 0.417172581
vn 0.129783392 -0.899322391 0.417583048
vn 0.476175547 -0.814914167 0.330411494
vn 0.679759026 -0.655716598 0.328577787
vn 0.834693968 -0.352267176 0.423312932
vn 0.942493618 0.006035298 0.334169507
vn 0.912431717 0.246088415 0.326969177
vn 0.822226286 0.473533362 0.315769196
vn 0.338487744 0.845921338 0.412120432
vn -0.239230737 0.913714528 0.328472942
vn -0.465009958 0.825776279 0.319153965
vn -0.832795143 0.443694264 0.331040025
vn -0.924394429 0.123374768 0.360934436
vn -0.911133945 -0.253684640 0.324775636
vn -0.755717695 -0.563311338 0.334022641
vn -0.458064944 -0.817122340 0.349982232
vn -0.137209684 -0.928569496 0.344865412
vn 0.254666537 -0.897941470 0.358951598
vn 0.797890723 -0.489235520 0.352163404
vn 0.905872166 -0.226421252 0.357951164
vn 0.659536302 0.678575158 0.323338330
vn 0.367435694 0.863344848 0.345870852
vn 0.004788833 0.943322718 0.331842303
vn -0.659833968 0.680287004 0.319106311
vn -0.695731699 -0.709867895 0.109749988
vn 0.007404524 -0.994524896 0.104237273
vn 0.499414772 -0.857856810 0.121105984
vn 0.705384135 -0.706682920 0.055067938
vn 0.962187707 0.256624818 0.091315411
vn -0.258172840 0.961497843 0.094173796
vn -0.959816635 0.263310313 0.097055219
vn -0.994489551 -0.004052679 0.104757488
vn -0.961460829 -0.268760592 0.057973076
vn -0.872845173 -0.485823721 0.046007905
vn -0.491523534 -0.869885921 0.041268542
vn -0.268753856 -0.959340751 0.086236261
vn 0.261532634 -0.964285970 0.041873213
vn 0.860347390 -0.494516075 0.123516023
vn 0.963232756 -0.262502253 0.057229612
vn 0.993690491 0.003328153 0.112107836
vn 0.860283732 0.494547337 0.123834088
vn 0.696484387 0.715916097 0.048720799
vn 0.517991781 0.848407149 0.109040499
vn 0.250389218 0.962134242 0.107716694
vn -0.016125144 0.999313176 0.033363223
vn -0.490398437 0.869837284 0.053781919
vn -0.707944393 0.705155671 0.039626006
vn -0.859861493 0.500034630 0.102973670
vn -0.994327784 -0.017736193 -0.104870312
vn -0.701392949 -0.704402626 -0.108926058
vn -0.240923136 -0.915610731 -0.321889699
vn -0.008209066 -0.994700134 -0.102490269
vn 0.497501791 -0.860060036 -0.113087192
vn 0.863371313 -0.492216796 -0.110962331
vn 0.994942784 0.000575311 -0.100442007
vn 0.917142868 0.252001345 -0.308778614
vn 0.865110219 0.490863979 -0.103135377
vn 0.475949347 0.825334251 -0.303801894
vn 0.264151543 0.958976984 -0.102893747
vn -0.253858268 0.920431018 -0.297258675
vn -0.825681031 0.476247966 -0.302388251
vn -0.956668615 0.274372458 -0.097493149
vn -0.903567255 -0.258419514 -0.341738999
vn -0.822303653 -0.464575738 -0.328612417
vn -0.478303313 -0.812912464 -0.332263827
vn 0.246138990 -0.910125673 -0.333296865
vn 0.661605299 -0.670562029 -0.335596621
vn 0.902406633 -0.252724260 -0.348988324
vn 0.668217182 0.663404703 -0.336719543
vn 0.003589202 0.941457152 -0.337113470
vn -0.461984992 0.812313199 -0.355973482
vn -0.667455435 0.669375241 -0.326251537
vn -0.939312875 -0.001938855 -0.343056291
vn -0.653206646 -0.662703395 -0.366258532
vn -0.007861736 -0.928282559 -0.371792525
vn 0.476276755 -0.798733771 -0.367674828
vn 0.808607697 -0.466205180 -0.358896017
vn 0.934301674 -0.004533866 -0.356454402
vn 0.805679440 0.451154470 -0.383849293
vn 0.250698715 0.888713539 -0.383846849
vn -0.889007032 0.247092217 -0.385502398
vn -0.552281857 0.006034871 -0.833635628
vn -0.446327358 -0.316053569 -0.837199032
vn -0.211890504 -0.508088470 -0.834834456
vn 0.124137126 -0.543231964 -0.830354810
vn 0.436969697 -0.335077733 -0.834733784
vn 0.557392359 0.026195655 -0.829835773
vn 0.379559636 0.408890158 -0.829905748
vn -0.020639604 0.557481349 -0.829932868
vn -0.407577634 0.381244957 -0.829778731
vn 0.000109783 0.000097044 -1.000000000
vn 0.363719821 0.093972191 0.926756203
vn -0.277766526 0.371213436 0.886028469
vn -0.221020699 0.975269139 -0.000000525
vn 0.864080727 0.503353298 -0.000000329
vn 0.363917440 0.100380935 -0.926006436
vn 0.452296615 -0.132516667 0.881967723
vn 0.999196827 0.040072251 -0.000001067
vn 0.896091819 -0.443604887 -0.015302340
vn 0.606966674 -0.106657349 -0.787537754
vn 0.000590682 -0.980670333 0.195666537
vn -0.000177557 -0.430815548 -0.902440012
vn -0.501642406 -0.133259594 0.854749560
vn -0.896091878 -0.443604916 -0.015301886
vn -0.596518695 -0.093747176 -0.797105312
vn -0.996639013 0.081918426 -0.000000143
vn -0.277766079 0.371213257 -0.886028647
vn 0.243120804 0.357622147 0.901664436
vn -0.940688193 0.283916444 0.185734093
vn -0.296770513 0.286725610 -0.910887301
vn 0.013737015 0.471111327 0.881966770
vn -0.097462207 0.995231509 0.003939857
vn 0.312141299 0.949419022 -0.034225214
vn 0.338163346 0.594362020 -0.729643285
vn 0.998799264 -0.048964921 0.001586980
vn 0.249764621 -0.314529985 -0.915799320
vn 0.255772412 -0.339108914 0.905309737
vn 0.111837909 -0.993726492 0.000000853
vn -0.247288570 -0.968939722 -0.002030674
vn -0.281752467 -0.435909629 0.854750514
vn -0.707022905 -0.704385400 -0.062927127
vn -0.199372277 -0.385762990 -0.900798321
vn -0.321667969 0.359448761 0.875971675
vn -0.362485766 -0.189458013 0.912529290
vn -0.559710264 -0.807607412 -0.185727909
vn -0.976638615 0.214852363 -0.003938545
vn -0.484167278 0.187050492 -0.854748011
vn -0.793916881 0.608011186 0.004299349
vn -0.006526554 0.463589221 -0.886026144
vn 0.379794180 0.146259665 0.913435578
vn 0.370806873 0.928639233 -0.011467054
vn 0.986270189 -0.154059261 -0.059472181
vn 0.349489897 -0.137764156 -0.926756561
vn 0.840056598 -0.541399658 0.034516465
vn 0.429943770 -0.433775634 0.791825175
vn 0.442574263 -0.894958019 0.056375124
vn 0.288026929 -0.373063326 -0.881966174
vn 0.388040036 0.194900766 0.900798917
vn 0.071558259 -0.406404197 0.910887063
vn 0.595121086 -0.781879663 -0.185728371
vn -0.506135345 -0.862445176 -0.003938848
vn -0.327508330 -0.402668476 -0.854749382
vn -0.622938693 -0.282082498 0.729641616
vn -0.816807568 -0.576909542 0.000910213
vn -0.442913741 0.137049735 -0.886027575
vn -0.764195859 0.644808590 -0.015058718
vn -0.017183887 0.401269078 0.915799081
vn 0.451289415 0.890393734 -0.059471365
vn 0.239018574 0.289812803 -0.926757157
vn 0.779462457 0.625381708 0.036550634
vn 0.986020863 0.154281899 0.062928900
vn 0.443806708 0.158646554 -0.881967604
vn 0.065450102 -0.429276139 0.900798678
vn 0.422360182 -0.147053003 0.894420087
vn 0.426767290 -0.144642875 -0.892719567
vn 0.995834947 0.091174319 0.000002099
vn 0.378329694 -0.925668657 0.002035325
vn 0.092865191 -0.603646755 -0.791824877
vn -0.224990100 -0.974338889 0.006584828
vn -0.426765591 0.144644037 0.892720163
vn -0.422360897 0.147052705 -0.894419789
vn -0.995834947 -0.091174304 0.000000028
vn -0.378329962 0.925668538 -0.002036387
vn -0.092865132 0.603647530 0.791824281
vn 0.224988982 0.974339128 -0.006585337
vn -0.065450460 0.429276705 -0.900798500
vn 0.167612270 -0.316886783 0.933535755
vn -0.366200536 0.779242873 0.508603692
vn 0.400662243 0.624811411 -0.670134664
vn 0.862001479 0.383137971 0.331901789
vn 0.808673501 -0.496717393 -0.315149307
vn -0.247579575 -0.353566974 -0.902050316
vn -0.632936358 -0.706929505 0.315661758
vn -0.849227667 0.415017843 -0.326454639
vn 0.167626873 -0.316883564 0.933534265
vn -0.366198570 0.779242098 0.508606255
vn 0.861997545 0.383147568 0.331901133
vn 0.400657624 0.624820054 -0.670129418
vn 0.808675110 -0.496716410 -0.315146565
vn -0.632932961 -0.706931651 0.315663785
vn -0.247586340 -0.353574783 -0.902045369
vn -0.849225104 0.415023088 -0.326454461
vn 0.167616516 -0.316883296 0.933536053
vn -0.366198748 0.779240608 0.508608639
vn 0.400661856 0.624815047 -0.670131505
vn 0.862002254 0.383135051 0.331903100
vn 0.808672845 -0.496716380 -0.315152735
vn -0.247583359 -0.353574038 -0.902046502
vn -0.632934213 -0.706929564 0.315665781
vn -0.849226654 0.415022433 -0.326451510
vn -0.255683273 0.337137461 0.906070888
vn 0.614430010 0.744533300 0.261047751
vn 0.183251396 0.331580907 -0.925458252
vn 0.868684292 -0.388197899 -0.307717353
vn 0.468155384 -0.583130777 0.663919389
vn -0.838019609 -0.408098787 0.362185687
vn -0.290598601 -0.818704069 -0.495253593
vn -0.804488540 0.465605080 -0.368795455
vn 0.167625830 -0.316885322 0.933533788
vn -0.366200686 0.779241085 0.508606374
vn 0.861998558 0.383142501 0.331904083
vn 0.400657982 0.624820709 -0.670128644
vn 0.808669984 -0.496721178 -0.315152377
vn -0.632934391 -0.706930637 0.315663159
vn -0.247587651 -0.353576988 -0.902044237
vn -0.849225938 0.415021002 -0.326455176
vn -0.193324551 0.345805496 0.918174446
vn 0.797162473 0.449204892 0.403419286
vn 0.282714635 0.831041992 -0.479000717
vn 0.797161222 -0.449211717 -0.403414071
vn 0.282716155 -0.831041515 0.479000688
vn -0.863574445 -0.405045271 0.300295472
vn -0.193321377 -0.345816731 -0.918170810
vn -0.863575578 0.405045092 -0.300292909
vn 0.167628944 -0.316884667 0.933533490
vn -0.366199315 0.779242933 0.508604586
vn 0.861997068 0.383146435 0.331903547
vn 0.400659323 0.624819338 -0.670129120
vn 0.808673501 -0.496719450 -0.315145880
vn -0.632933736 -0.706932485 0.315660089
vn -0.247588485 -0.353575975 -0.902044296
vn -0.849225283 0.415022641 -0.326454401
vn -0.167619303 0.316881388 0.933536351
vn 0.247588098 0.353562146 -0.902049899
vn 0.632934272 0.706930339 0.315663874
vn 0.849227846 -0.415019065 -0.326452762
vn 0.366196632 -0.779244542 0.508603990
vn -0.400659829 -0.624814272 -0.670133412
vn -0.862000108 -0.383139789 0.331903249
vn -0.808672667 0.496718884 -0.315148920
vn 0.247583106 -0.353566974 0.902049303
vn 0.849227250 0.415019244 0.326454014
vn 0.366198778 0.779242396 -0.508605659
vn 0.632934153 -0.706930637 -0.315663427
vn -0.808674097 -0.496717006 0.315148205
vn -0.167614877 -0.316887408 -0.933535039
vn -0.400665432 0.624813139 0.670131207
vn -0.862002313 0.383138388 -0.331899017
vn 0.167615488 -0.316887259 0.933534920
vn -0.366200477 0.779241562 0.508605719
vn 0.400662035 0.624811530 -0.670134664
vn 0.861999691 0.383144289 0.331899136
vn 0.808672071 -0.496720433 -0.315147966
vn -0.247581765 -0.353571534 -0.902047932
vn -0.632933676 -0.706930399 0.315664887
vn -0.849227667 0.415020049 -0.326451838
vn -0.255688697 0.337129474 0.906072378
vn 0.614424765 0.744537473 0.261048347
vn 0.183249786 0.331571102 -0.925462127
vn 0.868680835 -0.388204962 -0.307718307
vn 0.468152791 -0.583131433 0.663920641
vn -0.838017464 -0.408108622 0.362179428
vn -0.290600896 -0.818706572 -0.495248109
vn -0.804489791 0.465604156 -0.368793905
vn 0.193318248 -0.345810473 0.918173850
vn -0.282713503 0.831041873 0.479001760
vn 0.193322375 0.345806241 -0.918174624
vn 0.863577485 0.405039847 0.300294399
vn 0.863574266 -0.405047864 -0.300292939
vn -0.282712162 -0.831042409 -0.479001492
vn -0.797161102 -0.449211925 0.403413922
vn -0.797161639 0.449212462 -0.403412163
vn -0.255687177 0.337126732 0.906073809
vn 0.614425302 0.744536638 0.261049420
vn 0.183245957 0.331571996 -0.925462484
vn 0.868683636 -0.388201892 -0.307714254
vn 0.468151748 -0.583129168 0.663923442
vn -0.838019431 -0.408104986 0.362179101
vn -0.290602148 -0.818705916 -0.495248616
vn -0.804487705 0.465607285 -0.368794560
vn -0.167616382 0.316881180 0.933536947
vn 0.247582421 0.353567809 -0.902049184
vn 0.632935166 0.706930399 0.315662026
vn 0.849228263 -0.415018111 -0.326452732
vn 0.366196811 -0.779244840 0.508603513
vn -0.400661796 -0.624810755 -0.670135498
vn -0.862000823 -0.383140445 0.331900865
vn -0.808673024 0.496718377 -0.315148830
vn -0.604071975 -0.387860626 0.696176112
vn 0.361390978 0.315695673 0.877344191
vn -0.967864215 0.234784469 -0.090083264
vn -0.042862751 0.872636080 0.486486405
vn 0.080166422 0.916279316 -0.392435402
vn -0.419007093 -0.225179091 -0.879617751
vn 0.043241039 -0.873408079 -0.485065520
vn 0.782446027 0.143381059 -0.605986834
vn -0.048600212 -0.953665733 0.296916872
vn 0.894987881 -0.205479845 0.395948112
vn -0.015238583 0.012050216 0.999811292
vn -0.451607764 -0.344414413 0.823060870
vn 0.210812181 -0.498935103 0.840608120
vn 0.574676871 0.054659177 0.816553056
vn 0.232020214 0.516368926 0.824335933
vn -0.241447613 0.616902888 0.749088764
vn -0.562507689 0.279397279 0.778153121
vn -0.566338241 -0.446310073 0.692869723
vn -0.167475179 -0.683676481 0.710308731
vn 0.334466487 -0.633599639 0.697627246
vn 0.636053681 -0.309845209 0.706704855
vn 0.711583138 0.096293956 0.695971906
vn 0.520600617 0.499567717 0.692392349
vn 0.155892789 0.710197568 0.686525226
vn -0.821289182 0.107373893 0.560316861
vn -0.708067715 -0.104436271 0.698378921
vn -0.013185728 0.828998387 0.559095502
vn -0.657267451 0.506854355 0.557761729
vn -0.770530403 -0.314540833 0.554388940
vn -0.510291874 -0.656632960 0.555369556
vn -0.085653335 -0.823256850 0.561169922
vn 0.312189043 -0.771254659 0.554711044
vn 0.659193933 -0.524364173 0.538985670
vn 0.830585659 -0.098954715 0.548028767
vn 0.778060675 0.293346137 0.555490434
vn 0.570498407 0.612875402 0.546731412
vn 0.317611635 0.772477388 0.549910665
vn -0.332933336 0.756201684 0.563306630
vn -0.933875382 0.008211103 0.357504398
vn -0.672365069 -0.656334102 0.342273086
vn -0.359676421 -0.864473581 0.351167053
vn -0.003217658 -0.938664079 0.344817758
vn 0.747063041 -0.559487224 0.358985841
vn 0.917463660 -0.145354152 0.370314300
vn -0.861986935 0.365841061 0.350911379
vn -0.863837481 -0.353486091 0.358932287
vn 0.383464217 -0.847083867 0.367973089
vn 0.907559633 0.221114770 0.356992781
vn 0.740164161 0.569395244 0.357695520
vn 0.360357881 0.860180974 0.360875219
vn -0.115505524 0.925335884 0.361126065
vn -0.558865964 0.747831583 0.358352810
vn -0.992422223 0.003401566 0.122827210
vn -0.259724349 -0.963968635 0.057512779
vn 0.235852778 -0.965915561 0.106680334
vn 0.693333387 -0.712061405 0.110713214
vn 0.999151945 0.002077098 0.041122220
vn 0.692769527 0.712955177 0.108468361
vn -0.710536540 0.694684684 0.112031542
vn -0.968989134 -0.246300071 0.019912165
vn -0.859029949 -0.509340405 0.051381312
vn -0.698183000 -0.715840697 0.010611480
vn -0.509746194 -0.853421032 0.108771831
vn 0.011935306 -0.999923348 0.003318876
vn 0.499646217 -0.865090132 0.044415336
vn 0.861684978 -0.507264078 0.013499900
vn 0.954802334 -0.274357915 0.114369497
vn 0.962987840 0.262400299 0.061648391
vn 0.858359694 0.512746453 0.017597383
vn 0.519954741 0.852037668 0.060653854
vn 0.250970781 0.967341542 0.035552543
vn 0.015400824 0.994105816 0.107314602
vn -0.255703092 0.965431869 0.050568804
vn -0.502758086 0.863440394 0.041293900
vn -0.851260841 0.520501673 0.066581093
vn -0.969917357 0.242611513 0.020002039
vn -0.940190911 0.024647698 -0.339755148
vn -0.486165076 -0.814621627 -0.316283613
vn 0.228847966 -0.915004253 -0.332258701
vn 0.671618879 -0.664358258 -0.327957600
vn 0.916332543 -0.238878027 -0.321359605
vn 0.659062207 0.664203882 -0.352803290
vn 0.008574386 0.940685391 -0.339171886
vn -0.666888833 0.669932246 -0.326266855
vn -0.108798459 -0.910470784 -0.399006128
vn 0.470636129 -0.804135442 -0.363136202
vn 0.924560964 0.017208584 -0.380645514
vn 0.361236900 0.858887255 -0.363071263
vn -0.368491173 0.847773194 -0.381438106
vn -0.893666446 -0.261630714 -0.364567757
vn -0.743053973 -0.542854965 -0.391381383
vn 0.785183072 -0.473014981 -0.399680346
vn 0.876129270 0.332386822 -0.349165529
vn -0.855406642 0.342740715 -0.388340443
vn -0.525298357 -0.119133867 -0.842537105
vn -0.227172807 -0.500042439 -0.835673451
vn 0.258420885 -0.478827655 -0.839012921
vn 0.494582951 -0.187777206 -0.848603249
vn 0.501788199 0.212229490 -0.838550687
vn 0.209360331 0.490735829 -0.845781565
vn -0.143401667 0.515979886 -0.844512224
vn -0.457834810 0.287841767 -0.841150641
vn -0.000097092 -0.000038203 -1.000000000
vn -0.426752150 0.051682796 0.902890742
vn 0.267757714 0.481507063 -0.834539831
vn 0.262990922 0.486556053 0.833126009
vn 0.187797442 0.982207775 0.000002950
vn 0.649150193 -0.091441922 0.755143940
vn 0.426749617 -0.051682848 -0.902891934
vn 0.947858691 -0.317783535 -0.024033152
vn -0.187797561 -0.982207835 0.000001006
vn -0.267756313 -0.481507719 0.834540009
vn -0.262991726 -0.486554623 -0.833126605
vn -0.947858751 0.317783415 0.024030892
vn -0.649147987 0.091441728 -0.755145907
vn 0.047489651 0.529229820 0.847148538
vn -0.518001318 -0.042044386 0.854345918
vn -0.514495373 -0.060471971 -0.855358183
vn -0.862251818 0.506340742 0.011871372
vn 0.098781899 0.779717267 -0.618290603
vn 0.514492571 0.060470611 0.855360031
vn 0.528340518 0.849030077 -0.002060802
vn 0.517999589 0.042040117 -0.854347169
vn 0.862251163 -0.506341934 -0.011869251
vn -0.098783009 -0.779717624 0.618289888
vn -0.528340340 -0.849030256 0.002060906
vn -0.047487985 -0.529230535 -0.847148180
vn -0.314873189 0.292649984 0.902890265
vn -0.426966369 -0.195649311 0.882848263
vn -0.426969141 -0.195649117 -0.882846951
vn -0.972427070 0.233207315 0.000001147
vn -0.314869642 0.292651355 -0.902891159
vn -0.581316888 0.813677251 0.000001024
vn 0.460566729 0.269333392 0.845776439
vn 0.460567415 0.269334704 -0.845775783
vn 0.710713685 0.703481436 0.000001059
vn 0.842378139 -0.538886845 -0.000002515
vn 0.482734382 -0.538927436 0.690307736
vn -0.380212843 -0.924899042 0.000001363
vn 0.482732654 -0.538925707 -0.690310240
vn 0.314868927 0.292649150 0.902892113
vn 0.426967025 -0.195646793 0.882848501
vn 0.071422920 -0.529059231 -0.845573843
vn -0.482733965 -0.538926363 0.690308809
vn 0.390845239 -0.920169234 -0.022991220
vn -0.809017837 -0.587784111 0.000000173
vn -0.678380728 -0.294713795 -0.673010707
vn -0.460566789 0.269333214 0.845776498
vn -0.720475376 0.693391323 0.011122495
vn 0.014895570 0.498263478 -0.866897821
vn 0.611798823 0.789679646 0.045915842
vn 0.980632901 0.190185010 -0.046786197
vn 0.368316650 0.133199409 -0.920109093
vn 0.217778891 -0.312436730 0.924638093
vn 0.361969471 0.385963380 0.848534346
vn 0.864056170 0.503395438 -0.000001416
vn 0.729497790 -0.683845818 0.013707670
vn 0.060062170 -0.684321046 0.726703048
vn 0.322794616 -0.613090336 -0.721057534
vn -0.004749089 -0.999846220 0.016880337
vn -0.394361526 -0.338486433 -0.854345441
vn -0.511168003 0.179168507 0.840598643
vn -0.989395738 -0.139125913 0.041714761
vn -0.247028589 0.398251861 -0.883386850
vn -0.283318102 0.957591116 0.052442539
vn 0.354376286 0.383230567 -0.852966428
vn -0.235810012 -0.781087160 0.578183949
vn 0.055034053 0.333886176 0.941005468
vn -0.893100977 -0.413280666 -0.177678779
vn -0.601596653 0.565339863 0.564333498
vn -0.512574852 0.809775829 -0.285534978
vn -0.157165825 -0.300046444 -0.940888405
vn 0.602216125 -0.565811694 -0.563198864
vn 0.526592374 0.692225993 -0.493481278
vn 0.562943935 -0.804212272 0.190622136
vn 0.810540140 0.343662769 0.474257886
vn -0.007741949 0.002413853 0.999967098
vn -0.542952418 -0.229884028 0.807685554
vn -0.100018755 -0.584948778 0.804879606
vn 0.425258130 -0.434934139 0.793717682
vn 0.618213534 -0.003265400 0.786003470
vn 0.407724142 0.450568587 0.794197083
vn -0.151209652 0.553935647 0.818712890
vn -0.638655841 0.276129335 0.718241870
vn -0.777234316 -0.121230081 0.617422104
vn -0.672266006 -0.390745342 0.628789723
vn -0.486161053 -0.614258289 0.621557832
vn -0.086292282 -0.767017126 0.635797501
vn 0.375839055 -0.657122195 0.653403044
vn 0.688042045 -0.294905812 0.663044989
vn 0.754041970 0.104290970 0.648493707
vn 0.624283016 0.473521143 0.621327937
vn 0.391646326 0.670053899 0.630587757
vn 0.135918453 0.770559609 0.622707069
vn -0.363176763 0.675273955 0.641956151
vn -0.766610205 0.108637139 0.632856011
vn -0.309965789 -0.712650061 0.629325986
vn 0.127547637 -0.773132443 0.621287286
vn 0.470369250 -0.616863430 0.631056488
vn 0.715144098 0.331040323 0.615614593
vn -0.080007933 0.772957087 0.629393518
vn -0.550332189 0.548627496 0.629398465
vn -0.840048790 -0.104288734 0.532392561
vn -0.684804022 -0.514991403 0.515584350
vn -0.436144441 -0.722606599 0.536300123
vn -0.093814753 -0.832153797 0.546551883
vn 0.194462180 -0.824081838 0.532046795
vn 0.432344615 -0.727729082 0.532436430
vn 0.685343564 -0.526303291 0.503298223
vn 0.841994226 -0.110618457 0.528024018
vn 0.783234060 0.316187143 0.535322487
vn 0.535991192 0.659524441 0.527011454
vn 0.211355582 0.816783965 0.536836028
vn -0.014305484 0.845636725 0.533567131
vn -0.312445998 0.777884901 0.545227170
vn -0.602747738 0.602083504 0.523632109
vn -0.796827793 0.314356297 0.515989780
vn -0.938450992 0.033335928 0.343800247
vn -0.725232542 -0.535603642 0.432627410
vn -0.471736044 -0.815389216 0.335567772
vn -0.251088113 -0.914649546 0.316813767
vn 0.002585354 -0.946457505 0.322817892
vn 0.716181517 -0.549561858 0.430192828
vn 0.944736600 0.017096382 0.327384233
vn 0.906919003 0.244282961 0.343254924
vn 0.724375784 0.542968035 0.424812168
vn 0.480902821 0.806005836 0.345090151
vn -0.252001375 0.914603472 0.316221148
vn -0.490217328 0.811009228 0.319297791
vn -0.841979086 0.322551072 0.432471961
vn -0.907958806 -0.247517124 0.338151038
vn -0.813681364 -0.464862972 0.349034488
vn -0.639392138 -0.676436365 0.365529090
vn 0.354859829 -0.871537507 0.338373929
vn 0.644121408 -0.677367985 0.355359226
vn 0.816722453 -0.458942443 0.349766314
vn 0.904594243 -0.258988976 0.338576555
vn 0.816626430 0.451282412 0.359812915
vn 0.635008514 0.681553006 0.363661617
vn 0.253073603 0.910278440 0.327638328
vn -0.008204781 0.944724619 0.327762216
vn -0.746185243 0.571943641 0.340716988
vn -0.904413998 0.222857222 0.363826960
vn -0.997889102 0.001541069 0.064923719
vn -0.495603353 -0.863429070 0.094167814
vn 0.508167624 -0.856868744 0.086842179
vn 0.962665379 0.254908860 0.091086790
vn 0.502734661 0.859413445 0.093094505
vn -0.248878554 0.967349648 0.047897097
vn -0.697843611 0.713990808 0.056845598
vn -0.959012210 -0.257798821 0.117624551
vn -0.859521508 -0.508728147 0.049178023
vn -0.701972902 -0.702374220 0.117917538
vn -0.270141721 -0.962089956 0.037502654
vn -0.000978351 -0.994745970 0.102369756
vn 0.259538561 -0.965420365 0.024560791
vn 0.700432360 -0.711866319 0.051389836
vn 0.859468997 -0.498134166 0.114784189
vn 0.959527493 -0.258250773 0.112310223
vn 0.998288155 0.010876891 0.057467271
vn 0.862751842 0.492727906 0.113483444
vn 0.700355053 0.712612271 0.041067291
vn 0.259058177 0.965214014 0.035368249
vn 0.002951633 0.994654596 0.103215642
vn -0.492936283 0.859727621 0.133725226
vn -0.865958393 0.488873750 0.105444364
vn -0.959419489 0.258873463 0.111797936
vn -0.960750699 -0.254499972 -0.110398918
vn -0.698806465 -0.707630634 -0.104539230
vn -0.465999007 -0.829273045 -0.308465809
vn -0.001936909 -0.952772260 -0.303679496
vn 0.476512939 -0.825382531 -0.302785486
vn 0.851995707 -0.512685597 -0.106097504
vn 0.964639008 -0.241001055 -0.106724501
vn 0.912497282 0.248490095 -0.324963748
vn 0.864613831 0.491560608 -0.103976913
vn 0.460128963 0.826057553 -0.325438619
vn -0.000144400 0.954879701 -0.296992987
vn -0.497910500 0.859602928 -0.114751905
vn -0.853485525 0.510051787 -0.106816575
vn -0.964572728 0.241071388 -0.107163444
vn -0.938563585 0.011244140 -0.344923347
vn -0.812459409 -0.461098790 -0.356787920
vn -0.257241994 -0.897876740 -0.357272893
vn 0.230013922 -0.906766891 -0.353365958
vn 0.657629550 -0.664876699 -0.354206741
vn 0.942076147 -0.007302119 -0.335319728
vn 0.663665473 0.667230308 -0.338159502
vn 0.260490805 0.895047843 -0.361986220
vn -0.259012818 0.900488734 -0.349331468
vn -0.669591129 0.662020624 -0.336714208
vn -0.901318491 -0.240953952 -0.359953195
vn -0.660759330 -0.660423279 -0.356704593
vn 0.818016171 -0.458307058 -0.347568989
vn 0.899610162 -0.227189705 -0.372943014
vn 0.806471348 0.456461608 -0.375828385
vn -0.453378439 0.806051314 -0.380433053
vn -0.802456915 0.473852932 -0.362665653
vn -0.899764180 0.242362797 -0.362883896
vn -0.536051035 -0.090911038 -0.839276135
vn -0.376912922 -0.408204168 -0.831448257
vn -0.066823199 -0.543053448 -0.837035000
vn 0.226520777 -0.496314615 -0.838069379
vn 0.475510567 -0.274292976 -0.835854709
vn 0.544063628 0.063821889 -0.836613119
vn 0.399589300 0.387339652 -0.830840766
vn 0.009572879 0.560252666 -0.828266501
vn -0.334150553 0.430857122 -0.838275313
vn -0.507186294 0.195473462 -0.839376152
vn 0.000011387 0.000107092 -1.000000000
vn 0.426665008 0.068525366 0.901809990
vn -0.180879578 0.355698645 0.916930258
vn 0.021588156 0.984283924 -0.175269112
vn 0.888217628 0.455572903 0.059354655
vn 0.495612323 0.128681988 -0.858958364
vn 0.997881174 -0.065056272 0.000929234
vn 0.185509399 -0.299650133 0.935839772
vn 0.943901777 -0.330226511 -0.000000835
vn 0.193848312 -0.313760847 -0.929503560
vn -0.045168910 -0.998979390 -0.000000056
vn -0.893957138 -0.448149115 -0.001747119
vn -0.362699896 -0.091314144 -0.927421451
vn -0.593665361 -0.095110454 0.799071670
vn -0.999268293 0.014936016 0.035211500
vn -0.916439772 0.400068283 -0.009131475
vn -0.446401924 0.127528101 -0.885698557
vn -0.204777718 -0.315051407 0.926719368
vn -0.964040756 0.265754551 -0.000000728
vn -0.238503218 0.281322420 0.929502070
vn -0.022383425 0.999749541 0.000000099
vn -0.238502413 0.281322658 -0.929502130
vn 0.239008471 0.971017480 -0.000000392
vn 0.267959297 0.530311644 0.804342806
vn 0.698782086 0.715224147 0.012569179
vn 0.275537014 0.431590617 -0.858958125
vn 0.393996358 -0.127847999 0.910176754
vn 0.934438705 -0.304255754 -0.185075015
vn -0.086301982 -0.599821687 0.795465827
vn 0.144927606 -0.989362478 0.012568155
vn -0.016659733 -0.463961989 -0.885698497
vn -0.346489161 -0.938054025 -0.000001967
vn -0.694732189 -0.719268501 -0.000001052
vn -0.198924989 -0.316730350 -0.927421570
vn -0.304903030 0.306225628 0.901809275
vn -0.560053229 -0.809704542 -0.175268650
vn -0.353093445 -0.177662924 0.918564558
vn -0.976570249 0.215004951 -0.009132073
vn -0.476595879 0.187208354 -0.858958364
vn -0.804412127 0.594071090 0.000928517
vn -0.522659779 0.849448800 0.072550274
vn 0.587788105 0.809015036 -0.000001457
vn 0.027597811 0.367779791 -0.929503381
vn 0.328555465 0.137112290 0.934479296
vn 0.969516277 -0.235156640 -0.068844333
vn 0.347103536 -0.139314622 -0.927421510
vn 0.839998841 -0.541447878 0.035159521
vn 0.424383253 -0.425894827 0.799069881
vn 0.442519188 -0.895153046 0.053645995
vn 0.286189944 -0.365562677 -0.885697007
vn 0.385458618 0.195349053 0.901809633
vn 0.028871775 -0.354843408 0.934479833
vn 0.623722553 -0.781645775 0.000001008
vn 0.028871724 -0.354844123 -0.934479594
vn -0.569529891 -0.821970642 0.000000226
vn -0.536189854 -0.272002310 0.799071550
vn -0.764112353 -0.645083249 0.000000281
vn -0.536190510 -0.272002310 -0.799071014
vn -0.988334179 -0.152301192 -0.000001592
vn -0.623724163 0.781644642 -0.000000560
vn -0.026050482 0.351463526 -0.935839057
vn -0.026049871 0.351463497 0.935839176
vn 0.569531381 0.821969688 -0.000001458
vn 0.773981452 0.633208334 0.000002082
vn 0.985120416 0.171866000 -0.000000590
vn 0.385458827 0.195349053 -0.901809514
vn 0.204777867 -0.315051675 0.926719189
vn 0.238503098 0.281319082 0.929503024
vn 0.964042604 0.265747726 0.000003359
vn 0.238502577 0.281321317 -0.929502487
vn 0.694732547 -0.719268203 -0.000001186
vn 0.198925182 -0.316730082 -0.927421629
vn 0.086302444 -0.599820971 0.795466363
vn 0.346489519 -0.938053906 -0.000001192
vn 0.016659213 -0.463960737 -0.885699213
vn -0.144928291 -0.989362419 0.012567774
vn -0.393995583 -0.127848968 0.910176992
vn -0.934439719 -0.304253548 -0.185073391
vn -0.698783159 0.715223074 0.012571689
vn -0.267960548 0.530314088 0.804340839
vn -0.239007875 0.971017718 -0.000000429
vn -0.275537610 0.431594044 -0.858956218
vn 0.022382932 0.999749482 0.000001854
vn 0.193318933 -0.345809281 0.918174207
vn -0.282714218 0.831041038 0.479002535
vn 0.863575816 0.405046374 0.300290287
vn 0.193319812 0.345806956 -0.918174863
vn 0.863575637 -0.405046523 -0.300290704
vn -0.797158122 -0.449216723 0.403414518
vn -0.282714814 -0.831041992 -0.479000658
vn -0.797158718 0.449213624 -0.403416783
vn -0.255685389 0.337137371 0.906070292
vn 0.183249399 0.331579208 -0.925459266
vn 0.614428341 0.744534492 0.261048496
vn 0.468154669 -0.583127499 0.663922846
vn 0.868683517 -0.388198823 -0.307718486
vn -0.290600270 -0.818704486 -0.495252073
vn -0.838019669 -0.408099592 0.362184733
vn -0.804489136 0.465604275 -0.368795276
vn 0.167613134 -0.316885769 0.933535874
vn -0.366203934 0.779238284 0.508608460
vn 0.400664270 0.624811649 -0.670133233
vn 0.862000167 0.383141339 0.331901312
vn 0.808672249 -0.496717125 -0.315152764
vn -0.247580767 -0.353576124 -0.902046382
vn -0.632934928 -0.706926346 0.315671623
vn -0.849226832 0.415022969 -0.326450169
vn 0.167626664 -0.316882938 0.933534384
vn -0.366200387 0.779242277 0.508604825
vn 0.861997724 0.383144677 0.331903696
vn 0.400657624 0.624818504 -0.670130849
vn 0.808672547 -0.496718675 -0.315149814
vn -0.632934213 -0.706930637 0.315663427
vn -0.247588381 -0.353575617 -0.902044475
vn -0.849225163 0.415021777 -0.326456070
vn 0.167612940 -0.316887408 0.933535337
vn -0.366205096 0.779237509 0.508608699
vn 0.861999750 0.383140206 0.331903607
vn 0.400663793 0.624812424 -0.670132816
vn 0.808672011 -0.496716619 -0.315154135
vn -0.632934391 -0.706926525 0.315672278
vn -0.247581735 -0.353574663 -0.902046680
vn -0.849226236 0.415022790 -0.326451957
vn 0.167625338 -0.316884309 0.933534265
vn -0.366200447 0.779240608 0.508607268
vn 0.861998260 0.383144021 0.331903070
vn 0.400659114 0.624820471 -0.670128167
vn 0.808671951 -0.496720284 -0.315148562
vn -0.632933974 -0.706930399 0.315664351
vn -0.247585729 -0.353580624 -0.902043283
vn -0.849228978 0.415020823 -0.326447159
vn -0.255685955 0.337135255 0.906071007
vn 0.183251098 0.331578761 -0.925459206
vn 0.614426255 0.744533837 0.261055231
vn 0.468154490 -0.583127141 0.663923264
vn 0.868681848 -0.388198197 -0.307723880
vn -0.290601730 -0.818703055 -0.495253444
vn -0.838020802 -0.408098966 0.362182945
vn -0.804488361 0.465604961 -0.368795812
vn 0.193321839 -0.345808268 0.918173909
vn -0.282714695 0.831041455 0.479001611
vn 0.193325877 0.345804632 -0.918174446
vn 0.863574862 0.405046880 0.300292671
vn 0.863574505 -0.405049622 -0.300289690
vn -0.282712758 -0.831043184 -0.478999734
vn -0.797158360 -0.449215829 0.403415173
vn -0.797157586 0.449216038 -0.403416365
vn -0.167619228 0.316880137 0.933536708
vn 0.632933676 0.706929445 0.315667033
vn 0.247586772 0.353564590 -0.902049303
vn 0.849228084 -0.415016562 -0.326455355
vn 0.366196007 -0.779245079 0.508603573
vn -0.862001240 -0.383139968 0.331900299
vn -0.400659472 -0.624813497 -0.670134425
vn -0.808673680 0.496717542 -0.315148801
vn 0.255685389 -0.337129384 0.906073272
vn -0.468151778 0.583129287 0.663923323
vn 0.838020742 0.408100277 0.362181425
vn 0.290601999 0.818705797 -0.495248765
vn 0.804489493 -0.465604365 -0.368794531
vn -0.614426970 -0.744535089 0.261050016
vn -0.183247536 -0.331573516 -0.925461650
vn -0.868684590 0.388200223 -0.307713389
vn 0.247586057 -0.353566587 0.902048707
vn 0.849227309 0.415020406 0.326452404
vn 0.366197407 0.779243946 -0.508604348
vn 0.632935226 -0.706929862 -0.315663099
vn -0.808673799 -0.496716857 0.315149248
vn -0.167617574 -0.316888005 -0.933534384
vn -0.400662392 0.624814689 0.670131624
vn -0.861999989 0.383141458 -0.331901580
vn -0.193323940 0.345807046 0.918173969
vn 0.282715559 0.831040323 -0.479002893
vn 0.797158420 0.449214727 0.403416067
vn 0.797159791 -0.449211985 -0.403416425
vn 0.282714367 -0.831041992 0.479000896
vn -0.193320677 -0.345810413 -0.918173373
vn -0.863574684 -0.405046940 0.300293058
vn -0.863575339 0.405046493 -0.300291479
vn 0.255684048 -0.337128401 0.906074047
vn -0.468152195 0.583130956 0.663921595
vn 0.290601313 0.818704724 -0.495250851
vn 0.838020921 0.408102155 0.362178952
vn 0.804489434 -0.465603799 -0.368795097
vn -0.183245957 -0.331573784 -0.925462008
vn -0.614426613 -0.744534671 0.261051863
vn -0.868683338 0.388199717 -0.307718039
vn 0.183248341 -0.331573009 0.925461709
vn -0.290601075 0.818705201 0.495250314
vn 0.868684053 0.388201654 0.307713360
vn 0.468151331 0.583131313 -0.663921893
vn 0.614427090 -0.744535387 -0.261048883
vn -0.804488301 -0.465605915 0.368795037
vn -0.255688488 -0.337128133 -0.906072915
vn -0.838019907 0.408104509 -0.362178802
usemtl field_material_05
f 6//6 5//5 10//10
f 3//3 9//9 4//4
f 2//2 1//1 7//7
f 5//5 9//9 10//10
f 2//2 8//8 3//3
f 9//9 14//14 10//10
f 7//7 12//12 8//8
f 6//6 10//10 14//14
f 8//8 13//13 9//9
f 7//7 1//1 11//11
f 14//14 17//17 18//18
f 11//11 16//16 12//12
f 6//6 14//14 18//18
f 12//12 17//17 13//13
f 11//11 1//1 15//15
f 17//17 22//22 18//18
f 15//15 20//20 16//16
f 6//6 18//18 22//22
f 16//16 21//21 17//17
f 15//15 1//1 19//19
f 22//22 25//25 26//26
f 19//19 24//24 20//20
f 6//6 22//22 26//26
f 20//20 25//25 21//21
f 19//19 1//1 23//23
f 25//25 30//30 26//26
f 23//23 28//28 24//24
f 6//6 26//26 30//30
f 24//24 29//29 25//25
f 23//23 1//1 27//27
f 30//30 33//33 34//34
f 27//27 32//32 28//28
f 6//6 30//30 34//34
f 28//28 33//33 29//29
f 27//27 1//1 31//31
f 33//33 5//5 34//34
f 31//31 3//3 32//32
f 6//6 34//34 5//5
f 32//32 4//4 33//33
f 31//31 1//1 2//2
f 35//35 38//38 37//37
f 38//38 39//39 37//37
f 40//40 41//41 39//39
f 42//42 43//43 41//41
f 42//42 40//40 36//36
f 43//43 46//46 45//45
f 45//45 36//36 35//35
f 41//41 43//43 45//45
usemtl field_material_07
f 47//47 50//50 49//49
f 50//50 51//51 49//49
f 52//52 53//53 51//51
f 54//54 55//55 53//53
f 56//56 57//57 55//55
f 58//58 59//59 57//57
f 59//59 62//62 61//61
f 62//62 63//63 61//61
usemtl field_material_05
f 67//67 66//66 70//70
f 69//69 68//68 66//66
f 68//68 71//71 70//70
f 66//66 68//68 70//70
usemtl field_material_07
f 73//73 74//74 72//72
f 74//74 77//77 76//76
f 76//76 79//79 78//78
f 79//79 80//80 78//78
f 81//81 82//82 80//80
f 83//83 84//84 82//82
f 84//84 87//87 86//86
f 87//87 88//88 86//86
usemtl field_material_05
f 95//95 93//93 92//92
f 91//91 94//94 93//93
f 94//94 95//95 92//92
usemtl field_material_07
f 97//97 98//98 96//96
f 99//99 100//100 98//98
f 101//101 102//102 100//100
f 103//103 104//104 102//102
f 105//105 106//106 104//104
f 106//106 109//109 108//108
f 109//109 110//110 108//108
f 111//111 112//112 110//110
f 112//112 113//113 114//114
usemtl field_material_05
f 115//115 118//118 117//117
f 120//120 119//119 117//117
f 116//116 115//115 119//119
f 122//122 123//123 121//121
f 123//123 126//126 125//125
f 126//126 127//127 125//125
f 128//128 129//129 127//127
f 128//128 126//126 122//122
f 130//130 131//131 129//129
f 131//131 122//122 121//121
f 129//129 131//131 123//123
usemtl field_material_23
f 134//134 135//135 133//133
f 136//136 137//137 135//135
f 138//138 139//139 137//137
f 139//139 142//142 141//141
f 141//141 144//144 143//143
f 144//144 145//145 143//143
f 145//145 148//148 147//147
f 147//147 150//150 149//149
f 149//149 150//150 151//151
usemtl field_material_05
f 153//153 152//152 156//156
f 152//152 155//155 154//154
f 157//157 156//156 154//154
usemtl field_material_23
f 159//159 160//160 158//158
f 160//160 163//163 162//162
f 162//162 165//165 164//164
f 164//164 167//167 166//166
f 167//167 168//168 166//166
f 169//169 170//170 168//168
f 171//171 172//172 170//170
f 172//172 175//175 174//174
usemtl field_material_05
f 180//180 179//179 177//177
f 178//178 182//182 180//180
f 182//182 181//181 179//179
f 181//181 178//178 177//177
usemtl field_material_23
f 184//184 185//185 183//183
f 185//185 188//188 187//187
f 188//188 189//189 187//187
f 190//190 191//191 189//189
f 192//192 193//193 191//191
f 194//194 195//195 193//193
f 195//195 198//198 197//197
f 197//197 200//200 199//199
f 199//199 200//200 201//201
usemtl field_material_05
f 202//202 205//205 204//204
f 206//206 202//202 204//204
f 208//208 209//209 207//207
f 210//210 211//211 209//209
f 211//211 214//214 213//213
f 213//213 216//216 215//215
f 214//214 212//212 208//208
f 216//216 217//217 215//215
f 217//217 208//208 207//207
f 213//213 215//215 217//217
usemtl field_material_07
f 220//220 221//221 219//219
f 221//221 224//224 223//223
f 224//224 225//225 223//223
f 226//226 227//227 225//225
f 227//227 230//230 229//229
f 229//229 232//232 231//231
f 232//232 233//233 231//231
f 234//234 235//235 233//233
f 235//235 236//236 237//237
usemtl field_material_05
f 241//241 240//240 238//238
f 243//243 242//242 240//240
f 242//242 239//239 238//238
usemtl field_material_07
f 245//245 246//246 244//244
f 247//247 248//248 246//246
f 249//249 250//250 248//248
f 250//250 253//253 252//252
f 252//252 255//255 254//254
f 255//255 256//256 254//254
f 257//257 258//258 256//256
f 259//259 260//260 258//258
f 260//260 261//261 262//262
usemtl field_material_05
f 263//263 264//264 266//266
f 264//264 267//267 266//266
usemtl field_material_07
f 268//268 271//271 270//270
f 270//270 273//273 272//272
f 273//273 274//274 272//272
f 274//274 277//277 276//276
f 276//276 279//279 278//278
f 279//279 280//280 278//278
f 281//281 282//282 280//280
f 283//283 284//284 282//282
usemtl field_material_05
f 288//288 287//287 291//291
f 289//289 290//290 287//287
f 288//288 292//292 289//289
f 290//290 292//292 291//291
f 287//287 290//290 291//291
f 293//293 296//296 295//295
f 295//295 298//298 297//297
f 298//298 299//299 297//297
f 299//299 302//302 301//301
f 300//300 298//298 294//294
f 301//301 304//304 303//303
f 304//304 293//293 303//303
f 299//299 301//301 303//303
usemtl field_material_17
f 305//305 308//308 307//307
f 308//308 309//309 307//307
f 310//310 311//311 309//309
f 312//312 313//313 311//311
f 314//314 315//315 313//313
f 316//316 317//317 315//315
f 318//318 319//319 317//317
f 320//320 321//321 319//319
f 321//321 322//322 323//323
usemtl field_material_05
f 326//326 327//327 324//324
f 328//328 329//329 327//327
f 325//325 324//324 329//329
usemtl field_material_17
f 331//331 332//332 330//330
f 332//332 335//335 334//334
f 334//334 337//337 336//336
f 336//336 339//339 338//338
f 339//339 340//340 338//338
f 341//341 342//342 340//340
f 343//343 344//344 342//342
f 344//344 347//347 346//346
f 346//346 347//347 348//348
usemtl field_material_05
f 352//352 351//351 349//349
f 351//351 354//354 353//353
f 350//350 354//354 352//352
f 353//353 350//350 349//349
usemtl field_material_17
f 356//356 357//357 355//355
f 357//357 360//360 359//359
f 360//360 361//361 359//359
f 362//362 363//363 361//361
f 363//363 366//366 365//365
f 366//366 367//367 365//365
f 367//367 370//370 369//369
f 370//370 371//371 369//369
usemtl field_material_05
f 379//379 376//376 375//375
f 378//378 377//377 375//375
f 377//377 374//374 379//379
f 375//375 377//377 379//379
f 381//381 382//382 380//380
f 382//382 385//385 384//384
f 385//385 386//386 384//384
f 387//387 388//388 386//386
f 389//389 387//387 385//385
f 389//389 390//390 388//388
f 390//390 381//381 380//380
f 386//386 388//388 390//390
usemtl field_material_07
f 393//393 394//394 392//392
f 394//394 397//397 396//396
f 396//396 399//399 398//398
f 399//399 400//400 398//398
f 401//401 402//402 400//400
f 403//403 404//404 402//402
f 404//404 407//407 406//406
f 407//407 408//408 406//406
f 408//408 409//409 410//410
usemtl field_material_05
f 412//412 411//411 413//413
f 411//411 414//414 413//413
usemtl field_material_07
f 416//416 417//417 415//415
f 418//418 419//419 417//417
f 420//420 421//421 419//419
f 422//422 423//423 421//421
f 424//424 425//425 423//423
f 426//426 427//427 425//425
f 428//428 429//429 427//427
f 429//429 432//432 431//431
usemtl field_material_05
f 435//435 434//434 438//438
f 436//436 437//437 434//434
f 437//437 439//439 438//438
f 434//434 437//437 438//438
usemtl field_material_07
f 441//441 442//442 440//440
f 442//442 445//445 444//444
f 444//444 447//447 446//446
f 446//446 449//449 448//448
f 448//448 451//451 450//450
f 450//450 453//453 452//452
f 452//452 455//455 454//454
f 455//455 456//456 454//454
f 456//456 457//457 458//458
usemtl field_material_05
f 460//460 461//461 459//459
f 463//463 462//462 461//461
f 462//462 460//460 459//459
f 465//465 466//466 464//464
f 467//467 468//468 466//466
f 468//468 471//471 470//470
f 471//471 472//472 470//470
f 471//471 469//469 465//465
f 472//472 475//475 474//474
f 475//475 464//464 474//474
f 470//470 472//472 474//474
usemtl field_material_07
f 477//477 478//478 476//476
f 479//479 480//480 478//478
f 481//481 482//482 480//480
f 483//483 484//484 482//482
f 485//485 486//486 484//484
f 487//487 488//488 486//486
f 489//489 490//490 488//488
f 490//490 493//493 492//492
f 492//492 493//493 494//494
usemtl field_material_05
f 498//498 497//497 495//495
f 496//496 500//500 498//498
f 500//500 499//499 497//497
f 499//499 496//496 495//495
usemtl field_material_07
f 502//502 503//503 501//501
f 504//504 505//505 503//503
f 505//505 508//508 507//507
f 508//508 509//509 507//507
f 509//509 512//512 511//511
f 511//511 514//514 513//513
f 513//513 516//516 515//515
f 515//515 518//518 517//517
usemtl field_material_05
f 520//520 523//523 522//522
f 525//525 524//524 522//522
f 521//521 520//520 524//524
usemtl field_material_07
f 527//527 528//528 526//526
f 528//528 531//531 530//530
f 531//531 532//532 530//530
f 533//533 534//534 532//532
f 534//534 537//537 536//536
f 536//536 539//539 538//538
f 539//539 540//540 538//538
f 541//541 542//542 540//540
usemtl field_material_05
f 546//546 547//547 545//545
f 547//547 549//549 548//548
f 546//546 550//550 549//549
f 550//550 545//545 548//548
f 552//552 553//553 551//551
f 553//553 556//556 555//555
f 555//555 558//558 557//557
f 557//557 560//560 559//559
f 560//560 558//558 556//556
f 559//559 562//562 561//561
f 562//562 551//551 561//561
f 557//557 559//559 561//561
usemtl field_material_17
f 564//564 565//565 563//563
f 566//566 567//567 565//565
f 567//567 570//570 569//569
f 570//570 571//571 569//569
f 572//572 573//573 571//571
f 574//574 575//575 573//573
f 576//576 577//577 575//575
f 578//578 579//579 577//577
usemtl field_material_05
f 584//584 585//585 582//582
f 587//587 586//586 585//585
f 583//583 582//582 586//586
f 582//582 585//585 586//586
usemtl field_material_17
f 589//589 590//590 588//588
f 591//591 592//592 590//590
f 593//593 594//594 592//592
f 595//595 596//596 594//594
f 596//596 599//599 598//598
f 599//599 600//600 598//598
f 601//601 602//602 600//600
f 603//603 604//604 602//602
f 604//604 605//605 606//606
usemtl field_material_05
f 608//608 607//607 611//611
f 607//607 610//610 609//609
f 608//608 612//612 610//610
f 612//612 611//611 609//609
usemtl field_material_17
f 614//614 615//615 613//613
f 616//616 617//617 615//615
f 617//617 620//620 619//619
f 619//619 622//622 621//621
f 622//622 623//623 621//621
f 624//624 625//625 623//623
f 626//626 627//627 625//625
f 627//627 630//630 629//629
usemtl field_material_05
f 632//632 635//635 634//634
f 637//637 636//636 634//634
f 633//633 632//632 636//636
f 641//641 640//640 638//638
f 640//640 643//643 642//642
f 645//645 643//643 641//641
f 645//645 644//644 642//642
f 644//644 639//639 638//638
f 638//638 642//642 644//644
usemtl field_material_09
f 646//646 647//647 648//648
f 646//646 648//648 649//649
f 646//646 649//649 650//650
f 646//646 650//650 651//651
f 646//646 651//651 652//652
f 646//646 652//652 653//653
f 646//646 653//653 647//647
f 655//655 648//648 647//647
f 656//656 649//649 648//648
f 658//658 650//650 649//649
f 650//650 659//659 651//651
f 651//651 660//660 652//652
f 661//661 653//653 652//652
f 654//654 647//647 653//653
f 664//664 655//655 654//654
f 655//655 665//665 656//656
f 666//666 657//657 656//656
f 669//669 662//662 661//661
f 663//663 671//671 664//664
f 664//664 673//673 665//665
f 674//674 666//666 665//665
f 666//666 676//676 657//657
f 677//677 658//658 657//657
f 658//658 678//678 667//667
f 667//667 679//679 668//668
f 668//668 681//681 660//660
f 660//660 682//682 669//669
f 669//669 684//684 662//662
f 684//684 663//663 662//662
f 685//685 671//671 670//670
f 672//672 686//686 673//673
f 686//686 674//674 673//673
f 674//674 687//687 675//675
f 687//687 676//676 675//675
f 676//676 689//689 677//677
f 690//690 678//678 677//677
f 678//678 692//692 679//679
f 693//693 680//680 679//679
f 694//694 682//682 681//681
f 682//682 695//695 683//683
f 696//696 684//684 683//683
f 684//684 685//685 670//670
f 698//698 671//671 685//685
f 671//671 700//700 672//672
f 700//700 686//686 672//672
f 686//686 702//702 674//674
f 702//702 687//687 674//674
f 703//703 688//688 687//687
f 705//705 691//691 690//690
f 693//693 706//706 680//680
f 706//706 694//694 680//680
f 694//694 708//708 682//682
f 708//708 695//695 682//682
f 696//696 709//709 684//684
f 709//709 697//697 684//684
f 697//697 698//698 685//685
f 688//688 713//713 689//689
f 714//714 693//693 692//692
f 715//715 696//696 695//695
f 717//717 699//699 698//698
f 718//718 700//700 699//699
f 719//719 710//710 700//700
f 701//701 721//721 702//702
f 721//721 711//711 702//702
f 722//722 712//712 703//703
f 713//713 723//723 704//704
f 704//704 724//724 705//705
f 705//705 725//725 691//691
f 725//725 714//714 691//691
f 714//714 726//726 693//693
f 693//693 727//727 706//706
f 727//727 707//707 706//706
f 729//729 708//708 707//707
f 730//730 715//715 708//708
f 715//715 731//731 696//696
f 696//696 732//732 709//709
f 732//732 697//697 709//709
f 733//733 716//716 697//697
f 734//734 718//718 717//717
f 719//719 735//735 710//710
f 735//735 720//720 710//710
f 721//721 737//737 711//711
f 737//737 722//722 711//711
f 722//722 738//738 712//712
f 739//739 724//724 723//723
f 740//740 714//714 725//725
f 714//714 742//742 726//726
f 728//728 744//744 729//729
f 744//744 730//730 729//729
f 733//733 747//747 716//716
f 716//716 734//734 717//717
f 734//734 748//748 718//718
f 748//748 719//719 718//718
f 749//749 735//735 719//719
f 735//735 750//750 720//720
f 750//750 736//736 720//720
f 739//739 753//753 724//724
f 753//753 740//740 724//724
f 745//745 756//756 731//731
f 756//756 732//732 731//731
f 758//758 748//748 734//734
f 749//749 759//759 735//735
f 759//759 750//750 735//735
f 760//760 751//751 737//737
f 751//751 761//761 738//738
f 761//761 752//752 738//738
f 752//752 762//762 739//739
f 762//762 753//753 739//739
f 753//753 763//763 740//740
f 763//763 741//741 740//740
f 764//764 754//754 742//742
f 765//765 755//755 744//744
f 746//746 766//766 747//747
f 747//747 758//758 734//734
f 758//758 767//767 748//748
f 748//748 768//768 749//749
f 768//768 759//759 749//749
f 759//759 769//769 750//750
f 769//769 736//736 750//750
f 736//736 770//770 760//760
f 770//770 751//751 760//760
f 751//751 770//770 761//761
f 761//761 771//771 752//752
f 771//771 762//762 752//752
f 771//771 753//753 762//762
f 772//772 763//763 753//753
f 763//763 772//772 741//741
f 772//772 764//764 741//741
f 773//773 754//754 764//764
f 754//754 773//773 743//743
f 773//773 765//765 743//743
f 774//774 755//755 765//765
f 755//755 774//774 745//745
f 774//774 756//756 745//745
f 756//756 775//775 757//757
f 757//757 775//775 746//746
f 775//775 766//766 746//746
f 766//766 767//767 758//758
f 767//767 776//776 768//768
f 768//768 776//776 769//769
f 769//769 776//776 770//770
f 770//770 776//776 771//771
f 771//771 776//776 772//772
f 772//772 776//776 773//773
f 773//773 776//776 774//774
f 774//774 776//776 775//775
f 775//775 776//776 767//767
usemtl field_material_05
f 778//778 780//780 779//779
f 792//792 780//780 781//781
f 781//781 783//783 785//785
f 777//777 783//783 780//780
f 783//783 782//782 784//784
f 781//781 785//785 787//787
f 784//784 787//787 785//785
f 782//782 777//777 786//786
f 781//781 787//787 790//790
f 787//787 789//789 790//790
f 786//786 777//777 788//788
f 788//788 791//791 789//789
f 781//781 790//790 792//792
f 791//791 778//778 779//779
f 791//791 792//792 790//790
f 788//788 777//777 778//778
f 794//794 793//793 796//796
f 807//807 795//795 799//799
f 796//796 798//798 797//797
f 795//795 798//798 799//799
f 798//798 793//793 800//800
f 807//807 799//799 801//801
f 800//800 801//801 799//799
f 802//802 803//803 800//800
f 801//801 804//804 807//807
f 802//802 793//793 805//805
f 802//802 804//804 803//803
f 804//804 805//805 806//806
f 806//806 795//795 807//807
f 805//805 793//793 794//794
f 818//818 810//810 812//812
f 809//809 811//811 810//810
f 810//810 811//811 812//812
f 809//809 813//813 811//811
f 818//818 812//812 814//814
f 813//813 808//808 816//816
f 813//813 814//814 812//812
f 815//815 817//817 816//816
f 814//814 817//817 818//818
f 815//815 808//808 820//820
f 815//815 819//819 817//817
f 818//818 819//819 822//822
f 819//819 820//820 821//821
f 821//821 810//810 822//822
f 820//820 808//808 809//809
f 818//818 822//822 810//810
f 821//821 809//809 810//810
f 834//834 825//825 827//827
f 824//824 826//826 825//825
f 825//825 826//826 827//827
f 824//824 829//829 826//826
f 824//824 823//823 828//828
f 834//834 827//827 830//830
f 829//829 828//828 831//831
f 829//829 830//830 827//827
f 828//828 823//823 832//832
f 832//832 833//833 831//831
f 830//830 833//833 834//834
f 834//834 835//835 837//837
f 832//832 835//835 833//833
f 835//835 823//823 836//836
f 836//836 825//825 837//837
f 834//834 837//837 825//825
f 836//836 824//824 825//825
f 851//851 840//840 843//843
f 839//839 842//842 841//841
f 840//840 842//842 843//843
f 842//842 838//838 844//844
f 851//851 843//843 846//846
f 844//844 845//845 847//847
f 844//844 846//846 843//843
f 845//845 838//838 849//849
f 845//845 848//848 847//847
f 846//846 848//848 851//851
f 848//848 849//849 850//850
f 850//850 840//840 851//851
f 849//849 838//838 839//839
f 850//850 839//839 841//841
usemtl field_material_29
f 853//853 852//852 855//855
f 855//855 856//856 854//854
f 857//857 854//854 856//856
f 852//852 858//858 856//856
f 856//856 858//858 857//857
f 858//858 859//859 857//857
f 858//858 852//852 853//853
f 857//857 859//859 854//854
f 859//859 853//853 854//854
f 861//861 860//860 862//862
f 866//866 863//863 864//864
f 862//862 864//864 863//863
f 860//860 865//865 864//864
f 864//864 865//865 866//866
f 865//865 867//867 866//866
f 865//865 860//860 861//861
f 867//867 861//861 863//863
f 866//866 867//867 863//863
f 869//869 868//868 871//871
f 871//871 872//872 870//870
f 873//873 870//870 872//872
f 868//868 874//874 872//872
f 872//872 874//874 873//873
f 874//874 875//875 873//873
f 874//874 868//868 869//869
f 873//873 875//875 870//870
f 875//875 869//869 870//870
f 877//877 876//876 880//880
f 877//877 879//879 878//878
f 878//878 879//879 882//882
f 880//880 882//882 879//879
f 880//880 876//876 881//881
f 881//881 883//883 882//882
f 878//878 882//882 883//883
f 883//883 877//877 878//878
f 876//876 877//877 883//883
f 885//885 884//884 886//886
f 886//886 888//888 887//887
f 890//890 887//887 888//888
f 888//888 889//889 890//890
f 884//884 889//889 888//888
f 889//889 891//891 890//890
f 889//889 884//884 885//885
f 890//890 891//891 887//887
f 891//891 885//885 887//887
f 898//898 894//894 895//895
f 893//893 895//895 894//894
f 893//893 892//892 896//896
f 895//895 896//896 898//898
f 896//896 892//892 897//897
f 897//897 899//899 898//898
f 898//898 899//899 894//894
f 892//892 894//894 899//899
f 901//901 900//900 902//902
f 902//902 904//904 903//903
f 906//906 903//903 904//904
f 904//904 905//905 906//906
f 900//900 905//905 904//904
f 905//905 907//907 906//906
f 905//905 900//900 901//901
f 906//906 907//907 903//903
f 907//907 901//901 903//903
f 910//910 911//911 909//909
f 910//910 908//908 912//912
f 909//909 911//911 913//913
f 911//911 912//912 913//913
f 912//912 908//908 914//914
f 914//914 915//915 913//913
f 909//909 913//913 915//915
f 915//915 910//910 909//909
f 908//908 910//910 915//915
f 922//922 916//916 917//917
f 917//917 919//919 918//918
f 921//921 918//918 919//919
f 920//920 923//923 921//921
f 920//920 916//916 922//922
f 921//921 923//923 918//918
f 922//922 918//918 923//923
f 925//925 924//924 927//927
f 929//929 926//926 928//928
f 927//927 928//928 926//926
f 924//924 930//930 928//928
f 928//928 930//930 929//929
f 930//930 924//924 925//925
f 930//930 931//931 929//929
f 931//931 925//925 926//926
f 929//929 931//931 926//926
f 933//933 935//935 934//934
f 933//933 932//932 936//936
f 934//934 935//935 938//938
f 936//936 938//938 935//935
f 936//936 932//932 937//937
f 937//937 939//939 938//938
f 934//934 938//938 939//939
f 932//932 933//933 939//939
f 939//939 933//933 934//934
f 941//941 940//940 943//943
f 943//943 944//944 942//942
f 942//942 944//944 945//945
f 940//940 945//945 944//944
f 942//942 945//945 947//947
f 946//946 947//947 945//945
f 946//946 940//940 941//941
f 947//947 941//941 942//942
f 949//949 951//951 950//950
f 949//949 948//948 952//952
f 950//950 951//951 954//954
f 952//952 954//954 951//951
f 952//952 948//948 953//953
f 953//953 955//955 954//954
f 950//950 954//954 955//955
f 948//948 949//949 955//955
f 955//955 949//949 950//950
f 958//958 959//959 957//957
f 958//958 956//956 960//960
f 957//957 959//959 961//961
f 959//959 960//960 961//961
f 960//960 956//956 962//962
f 957//957 961//961 963//963
f 962//962 963//963 961//961
f 963//963 958//958 957//957
f 956//956 958//958 963//963
usemtl field_material_05
f 964//964 967//967 966//966
f 968//968 969//969 966//966
f 969//969 971//971 970//970
f 970//970 973//973 972//972
f 972//972 965//965 964//964
f 970//970 972//972 966//966
usemtl field_material_03
f 974//974 980//980 975//975
f 974//974 975//975 976//976
f 974//974 976//976 977//977
f 974//974 977//977 978//978
f 974//974 978//978 979//979
f 974//974 979//979 980//980
f 980//980 989//989 975//975
f 982//982 976//976 975//975
f 976//976 984//984 977//977
f 986//986 978//978 977//977
f 987//987 979//979 978//978
f 990//990 979//979 987//987
f 988//988 989//989 980//980
f 989//989 992//992 981//981
f 993//993 982//982 981//981
f 982//982 995//995 983//983
f 983//983 996//996 984//984
f 984//984 997//997 985//985
f 998//998 986//986 985//985
f 999//999 987//987 986//986
f 1000//1000 990//990 987//987
f 1001//1001 979//979 990//990
f 1002//1002 992//992 988//988
f 993//993 1004//1004 994//994
f 1005//1005 995//995 994//994
f 991//991 1008//1008 988//988
f 1002//1002 1009//1009 992//992
f 1009//1009 1003//1003 992//992
f 1010//1010 1006//1006 995//995
f 1006//1006 1007//1007 997//997
f 998//998 1012//1012 999//999
f 1012//1012 1000//1000 999//999
f 1000//1000 1014//1014 990//990
f 1014//1014 1001//1001 990//990
f 1001//1001 1015//1015 991//991
f 1020//1020 1011//1011 1007//1007
f 1021//1021 1013//1013 1012//1012
f 1022//1022 1008//1008 1015//1015
f 1016//1016 1023//1023 1009//1009
f 1024//1024 1003//1003 1009//1009
f 1003//1003 1026//1026 1004//1004
f 1026//1026 1017//1017 1004//1004
f 1018//1018 1028//1028 1010//1010
f 1028//1028 1019//1019 1010//1010
f 1019//1019 1029//1029 1006//1006
f 1006//1006 1030//1030 1007//1007
f 1030//1030 1020//1020 1007//1007
f 1020//1020 1031//1031 1011//1011
f 1031//1031 1012//1012 1011//1011
f 1032//1032 1021//1021 1012//1012
f 1021//1021 1033//1033 1013//1013
f 1013//1013 1035//1035 1014//1014
f 1036//1036 1015//1015 1014//1014
f 1037//1037 1022//1022 1015//1015
f 1022//1022 1038//1038 1008//1008
f 1039//1039 1016//1016 1008//1008
f 1042//1042 1028//1028 1018//1018
f 1044//1044 1020//1020 1030//1030
f 1047//1047 1038//1038 1022//1022
f 1049//1049 1043//1043 1028//1028
f 1020//1020 1056//1056 1031//1031
f 1045//1045 1051//1051 1033//1033
f 1051//1051 1034//1034 1033//1033
f 1052//1052 1037//1037 1036//1036
f 1057//1057 1039//1039 1038//1038
f 1053//1053 1054//1054 1023//1023
f 1054//1054 1041//1041 1025//1025
f 1055//1055 1044//1044 1029//1029
f 1056//1056 1045//1045 1032//1032
f 1057//1057 1040//1040 1039//1039
f 1058//1058 1053//1053 1040//1040
f 1058//1058 1054//1054 1053//1053
f 1059//1059 1041//1041 1054//1054
f 1059//1059 1048//1048 1041//1041
f 1048//1048 1060//1060 1042//1042
f 1060//1060 1049//1049 1042//1042
f 1049//1049 1060//1060 1043//1043
f 1060//1060 1055//1055 1043//1043
f 1061//1061 1044//1044 1055//1055
f 1061//1061 1050//1050 1044//1044
f 1062//1062 1056//1056 1050//1050
f 1062//1062 1045//1045 1056//1056
f 1045//1045 1063//1063 1051//1051
f 1063//1063 1046//1046 1051//1051
f 1064//1064 1052//1052 1046//1046
f 1052//1052 1065//1065 1047//1047
f 1065//1065 1057//1057 1047//1047
f 1057//1057 1058//1058 1040//1040
f 1058//1058 1066//1066 1059//1059
f 1059//1059 1066//1066 1060//1060
f 1060//1060 1066//1066 1061//1061
f 1061//1061 1066//1066 1062//1062
f 1062//1062 1066//1066 1063//1063
f 1063//1063 1066//1066 1064//1064
f 1064//1064 1066//1066 1065//1065
f 1065//1065 1066//1066 1058//1058
usemtl field_material_05
f 1069//1069 1073//1073 1070//1070
f 1068//1068 1073//1073 1072//1072
f 1069//1069 1067//1067 1071//1071
f 1071//1071 1067//1067 1075//1075
f 1073//1073 1075//1075 1074//1074
f 1073//1073 1076//1076 1072//1072
f 1076//1076 1077//1077 1078//1078
f 1072//1072 1076//1076 1078//1078
f 1075//1075 1077//1077 1074//1074
f 1077//1077 1068//1068 1078//1078
f 1072//1072 1078//1078 1068//1068
f 1077//1077 1069//1069 1070//1070
f 1090//1090 1081//1081 1083//1083
f 1081//1081 1082//1082 1083//1083
f 1079//1079 1085//1085 1082//1082
f 1090//1090 1083//1083 1086//1086
f 1085//1085 1086//1086 1083//1083
f 1085//1085 1084//1084 1087//1087
f 1084//1084 1079//1079 1088//1088
f 1086//1086 1087//1087 1090//1090
f 1088//1088 1089//1089 1087//1087
f 1089//1089 1081//1081 1090//1090
f 1088//1088 1079//1079 1080//1080
f 1089//1089 1080//1080 1082//1082
f 1092//1092 1094//1094 1102//1102
f 1092//1092 1096//1096 1094//1094
f 1093//1093 1096//1096 1095//1095
f 1096//1096 1097//1097 1099//1099
f 1096//1096 1098//1098 1095//1095
f 1097//1097 1091//1091 1101//1101
f 1095//1095 1098//1098 1103//1103
f 1097//1097 1100//1100 1099//1099
f 1098//1098 1100//1100 1103//1103
f 1100//1100 1101//1101 1102//1102
f 1102//1102 1093//1093 1103//1103
f 1101//1101 1091//1091 1092//1092
f 1095//1095 1103//1103 1093//1093
f 1105//1105 1104//1104 1107//1107
f 1107//1107 1109//1109 1108//1108
f 1106//1106 1109//1109 1110//1110
f 1116//1116 1106//1106 1110//1110
f 1109//1109 1111//1111 1112//1112
f 1107//1107 1104//1104 1111//1111
f 1116//1116 1110//1110 1113//1113
f 1112//1112 1113//1113 1110//1110
f 1111//1111 1114//1114 1112//1112
f 1114//1114 1105//1105 1115//1115
f 1114//1114 1116//1116 1113//1113
f 1115//1115 1106//1106 1116//1116
f 1115//1115 1105//1105 1108//1108
f 1127//1127 1129//1129 1122//1122
f 1118//1118 1120//1120 1119//1119
f 1129//1129 1120//1120 1122//1122
f 1117//1117 1123//1123 1120//1120
f 1123//1123 1124//1124 1122//1122
f 1127//1127 1122//1122 1124//1124
f 1123//1123 1125//1125 1126//1126
f 1121//1121 1117//1117 1125//1125
f 1124//1124 1126//1126 1127//1127
f 1125//1125 1128//1128 1126//1126
f 1128//1128 1118//1118 1119//1119
f 1128//1128 1129//1129 1127//1127
f 1125//1125 1117//1117 1118//1118
f 1130//1130 1133//1133 1132//1132
f 1134//1134 1135//1135 1132//1132
f 1137//1137 1136//1136 1135//1135
f 1137//1137 1134//1134 1131//1131
f 1136//1136 1139//1139 1138//1138
f 1139//1139 1130//1130 1138//1138
f 1136//1136 1138//1138 1132//1132
usemtl field_material_09
f 1140//1140 1141//1141 1142//1142
f 1140//1140 1142//1142 1143//1143
f 1140//1140 1143//1143 1144//1144
f 1140//1140 1144//1144 1145//1145
f 1140//1140 1145//1145 1146//1146
f 1140//1140 1146//1146 1147//1147
f 1140//1140 1147//1147 1141//1141
f 1150//1150 1142//1142 1141//1141
f 1152//1152 1143//1143 1142//1142
f 1153//1153 1144//1144 1143//1143
f 1144//1144 1155//1155 1145//1145
f 1145//1145 1157//1157 1146//1146
f 1158//1158 1147//1147 1146//1146
f 1147//1147 1148//1148 1141//1141
f 1150//1150 1160//1160 1151//1151
f 1161//1161 1152//1152 1151//1151
f 1162//1162 1153//1153 1152//1152
f 1163//1163 1155//1155 1154//1154
f 1164//1164 1158//1158 1157//1157
f 1165//1165 1147//1147 1158//1158
f 1147//1147 1159//1159 1148//1148
f 1166//1166 1149//1149 1159//1159
f 1167//1167 1160//1160 1149//1149
f 1160//1160 1169//1169 1161//1161
f 1161//1161 1171//1171 1162//1162
f 1162//1162 1172//1172 1153//1153
f 1173//1173 1154//1154 1153//1153
f 1173//1173 1163//1163 1154//1154
f 1163//1163 1175//1175 1156//1156
f 1176//1176 1164//1164 1156//1156
f 1178//1178 1165//1165 1164//1164
f 1180//1180 1159//1159 1165//1165
f 1166//1166 1182//1182 1167//1167
f 1182//1182 1168//1168 1167//1167
f 1168//1168 1184//1184 1169//1169
f 1185//1185 1170//1170 1169//1169
f 1171//1171 1186//1186 1172//1172
f 1186//1186 1173//1173 1172//1172
f 1173//1173 1188//1188 1174//1174
f 1189//1189 1175//1175 1174//1174
f 1190//1190 1176//1176 1175//1175
f 1192//1192 1179//1179 1178//1178
f 1179//1179 1193//1193 1180//1180
f 1193//1193 1166//1166 1180//1180
f 1181//1181 1194//1194 1166//1166
f 1194//1194 1182//1182 1166//1166
f 1196//1196 1183//1183 1182//1182
f 1185//1185 1197//1197 1170//1170
f 1170//1170 1197//1197 1171//1171
f 1197//1197 1186//1186 1171//1171
f 1186//1186 1200//1200 1173//1173
f 1200//1200 1187//1187 1173//1173
f 1202//1202 1190//1190 1189//1189
f 1190//1190 1203//1203 1176//1176
f 1203//1203 1177//1177 1176//1176
f 1204//1204 1191//1191 1177//1177
f 1192//1192 1205//1205 1179//1179
f 1205//1205 1193//1193 1179//1179
f 1206//1206 1181//1181 1193//1193
f 1207//1207 1194//1194 1181//1181
f 1211//1211 1203//1203 1190//1190
f 1207//1207 1214//1214 1194//1194
f 1214//1214 1195//1195 1194//1194
f 1215//1215 1196//1196 1195//1195
f 1216//1216 1208//1208 1196//1196
f 1208//1208 1217//1217 1184//1184
f 1184//1184 1218//1218 1185//1185
f 1218//1218 1197//1197 1185//1185
f 1219//1219 1209//1209 1197//1197
f 1220//1220 1199//1199 1198//1198
f 1199//1199 1222//1222 1200//1200
f 1200//1200 1223//1223 1187//1187
f 1223//1223 1210//1210 1187//1187
f 1224//1224 1202//1202 1201//1201
f 1225//1225 1211//1211 1202//1202
f 1211//1211 1226//1226 1203//1203
f 1226//1226 1204//1204 1203//1203
f 1227//1227 1212//1212 1204//1204
f 1213//1213 1229//1229 1205//1205
f 1229//1229 1206//1206 1205//1205
f 1230//1230 1207//1207 1206//1206
f 1231//1231 1215//1215 1214//1214
f 1232//1232 1208//1208 1216//1216
f 1220//1220 1236//1236 1221//1221
f 1236//1236 1222//1222 1221//1221
f 1237//1237 1223//1223 1222//1222
f 1210//1210 1239//1239 1224//1224
f 1242//1242 1213//1213 1228//1228
f 1213//1213 1243//1243 1229//1229
f 1243//1243 1230//1230 1229//1229
f 1244//1244 1207//1207 1230//1230
f 1245//1245 1231//1231 1207//1207
f 1231//1231 1246//1246 1215//1215
f 1247//1247 1234//1234 1217//1217
f 1235//1235 1249//1249 1220//1220
f 1249//1249 1236//1236 1220//1220
f 1237//1237 1250//1250 1223//1223
f 1250//1250 1238//1238 1223//1223
f 1251//1251 1240//1240 1225//1225
f 1254//1254 1243//1243 1213//1213
f 1244//1244 1245//1245 1207//1207
f 1245//1245 1255//1255 1231//1231
f 1255//1255 1246//1246 1231//1231
f 1246//1246 1256//1256 1232//1232
f 1249//1249 1257//1257 1236//1236
f 1257//1257 1237//1237 1236//1236
f 1258//1258 1250//1250 1237//1237
f 1259//1259 1251//1251 1239//1239
f 1260//1260 1254//1254 1242//1242
f 1254//1254 1261//1261 1243//1243
f 1261//1261 1244//1244 1243//1243
f 1262//1262 1245//1245 1244//1244
f 1263//1263 1255//1255 1245//1245
f 1263//1263 1246//1246 1255//1255
f 1246//1246 1264//1264 1256//1256
f 1256//1256 1264//1264 1233//1233
f 1264//1264 1247//1247 1233//1233
f 1265//1265 1234//1234 1247//1247
f 1265//1265 1248//1248 1234//1234
f 1266//1266 1235//1235 1248//1248
f 1266//1266 1249//1249 1235//1235
f 1249//1249 1267//1267 1257//1257
f 1257//1257 1267//1267 1258//1258
f 1258//1258 1268//1268 1250//1250
f 1268//1268 1238//1238 1250//1250
f 1238//1238 1269//1269 1259//1259
f 1269//1269 1251//1251 1259//1259
f 1251//1251 1269//1269 1240//1240
f 1240//1240 1270//1270 1252//1252
f 1270//1270 1241//1241 1252//1252
f 1241//1241 1270//1270 1253//1253
f 1270//1270 1260//1260 1253//1253
f 1260//1260 1271//1271 1254//1254
f 1271//1271 1261//1261 1254//1254
f 1272//1272 1262//1262 1261//1261
f 1272//1272 1245//1245 1262//1262
f 1263//1263 1273//1273 1264//1264
f 1264//1264 1273//1273 1265//1265
f 1265//1265 1273//1273 1266//1266
f 1266//1266 1273//1273 1267//1267
f 1267//1267 1273//1273 1268//1268
f 1268//1268 1273//1273 1269//1269
f 1269//1269 1273//1273 1270//1270
f 1270//1270 1273//1273 1271//1271
f 1271//1271 1273//1273 1272//1272
f 1272//1272 1273//1273 1263//1263
usemtl field_material_05
f 1285//1285 1276//1276 1278//1278
f 1275//1275 1277//1277 1276//1276
f 1276//1276 1277//1277 1278//1278
f 1274//1274 1279//1279 1277//1277
f 1285//1285 1278//1278 1282//1282
f 1279//1279 1280//1280 1281//1281
f 1279//1279 1282//1282 1278//1278
f 1281//1281 1280//1280 1283//1283
f 1280//1280 1284//1284 1283//1283
f 1282//1282 1284//1284 1285//1285
f 1280//1280 1274//1274 1286//1286
f 1286//1286 1287//1287 1284//1284
f 1285//1285 1287//1287 1289//1289
f 1286//1286 1274//1274 1275//1275
f 1287//1287 1275//1275 1288//1288
f 1288//1288 1276//1276 1289//1289
f 1285//1285 1289//1289 1276//1276
f 1288//1288 1275//1275 1276//1276
f 1292//1292 1293//1293 1291//1291
f 1294//1294 1295//1295 1298//1298
f 1292//1292 1290//1290 1296//1296
f 1306//1306 1294//1294 1298//1298
f 1292//1292 1295//1295 1293//1293
f 1295//1295 1296//1296 1297//1297
f 1297//1297 1300//1300 1298//1298
f 1296//1296 1290//1290 1299//1299
f 1306//1306 1298//1298 1300//1300
f 1297//1297 1299//1299 1300//1300
f 1299//1299 1302//1302 1300//1300
f 1300//1300 1302//1302 1303//1303
f 1299//1299 1290//1290 1301//1301
f 1306//1306 1300//1300 1303//1303
f 1301//1301 1304//1304 1302//1302
f 1304//1304 1290//1290 1305//1305
f 1304//1304 1306//1306 1303//1303
f 1305//1305 1292//1292 1291//1291
f 1305//1305 1294//1294 1306//1306
f 1308//1308 1310//1310 1311//1311
f 1318//1318 1308//1308 1311//1311
f 1309//1309 1310//1310 1308//1308
f 1309//1309 1312//1312 1310//1310
f 1318//1318 1311//1311 1315//1315
f 1312//1312 1307//1307 1313//1313
f 1312//1312 1315//1315 1311//1311
f 1313//1313 1316//1316 1314//1314
f 1315//1315 1317//1317 1318//1318
f 1316//1316 1317//1317 1314//1314
f 1318//1318 1319//1319 1322//1322
f 1316//1316 1307//1307 1320//1320
f 1316//1316 1319//1319 1317//1317
f 1319//1319 1320//1320 1321//1321
f 1321//1321 1308//1308 1322//1322
f 1320//1320 1307//1307 1309//1309
f 1318//1318 1322//1322 1308//1308
f 1321//1321 1309//1309 1308//1308
f 1324//1324 1327//1327 1325//1325
f 1338//1338 1326//1326 1330//1330
f 1324//1324 1329//1329 1327//1327
f 1326//1326 1329//1329 1330//1330
f 1324//1324 1323//1323 1328//1328
f 1329//1329 1328//1328 1331//1331
f 1338//1338 1330//1330 1333//1333
f 1331//1331 1334//1334 1332//1332
f 1331//1331 1333//1333 1330//1330
f 1328//1328 1323//1323 1334//1334
f 1334//1334 1335//1335 1332//1332
f 1333//1333 1336//1336 1338//1338
f 1334//1334 1336//1336 1335//1335
f 1336//1336 1323//1323 1337//1337
f 1337//1337 1326//1326 1338//1338
f 1337//1337 1324//1324 1325//1325
f 1340//1340 1343//1343 1341//1341
f 1342//1342 1343//1343 1344//1344
f 1339//1339 1346//1346 1343//1343
f 1344//1344 1346//1346 1347//1347
f 1346//1346 1345//1345 1348//1348
f 1344//1344 1347//1347 1350//1350
f 1348//1348 1349//1349 1350//1350
f 1348//1348 1350//1350 1347//1347
f 1345//1345 1339//1339 1349//1349
f 1349//1349 1339//1339 1352//1352
f 1344//1344 1350//1350 1354//1354
f 1349//1349 1351//1351 1350//1350
f 1350//1350 1351//1351 1354//1354
f 1352//1352 1353//1353 1351//1351
f 1353//1353 1342//1342 1354//1354
f 1352//1352 1339//1339 1340//1340
f 1344//1344 1354//1354 1342//1342
f 1353//1353 1340//1340 1355//1355
f 1355//1355 1340//1340 1341//1341
usemtl field_material_29
f 1357//1357 1356//1356 1358//1358
f 1358//1358 1360//1360 1359//1359
f 1359//1359 1360//1360 1362//1362
f 1356//1356 1362//1362 1360//1360
f 1359//1359 1362//1362 1363//1363
f 1361//1361 1363//1363 1362//1362
f 1361//1361 1356//1356 1357//1357
f 1363//1363 1357//1357 1359//1359
f 1366//1366 1368//1368 1365//1365
f 1366//1366 1364//1364 1367//1367
f 1367//1367 1369//1369 1368//1368
f 1365//1365 1368//1368 1369//1369
f 1367//1367 1364//1364 1370//1370
f 1365//1365 1369//1369 1371//1371
f 1370//1370 1371//1371 1369//1369
f 1364//1364 1366//1366 1371//1371
f 1371//1371 1366//1366 1365//1365
f 1373//1373 1372//1372 1375//1375
f 1377//1377 1374//1374 1376//1376
f 1375//1375 1376//1376 1374//1374
f 1372//1372 1378//1378 1376//1376
f 1376//1376 1378//1378 1377//1377
f 1378//1378 1372//1372 1373//1373
f 1378//1378 1379//1379 1377//1377
f 1379//1379 1373//1373 1374//1374
f 1377//1377 1379//1379 1374//1374
f 1381//1381 1380//1380 1382//1382
f 1386//1386 1383//1383 1384//1384
f 1382//1382 1384//1384 1383//1383
f 1384//1384 1385//1385 1386//1386
f 1380//1380 1385//1385 1384//1384
f 1385//1385 1387//1387 1386//1386
f 1385//1385 1380//1380 1381//1381
f 1387//1387 1381//1381 1383//1383
f 1386//1386 1387//1387 1383//1383
f 1389//1389 1388//1388 1390//1390
f 1390//1390 1392//1392 1391//1391
f 1394//1394 1391//1391 1392//1392
f 1392//1392 1393//1393 1394//1394
f 1388//1388 1393//1393 1392//1392
f 1393//1393 1395//1395 1394//1394
f 1393//1393 1388//1388 1389//1389
f 1395//1395 1389//1389 1391//1391
f 1394//1394 1395//1395 1391//1391
f 1397//1397 1396//1396 1398//1398
f 1398//1398 1400//1400 1399//1399
f 1402//1402 1399//1399 1400//1400
f 1400//1400 1401//1401 1402//1402
f 1396//1396 1401//1401 1400//1400
f 1401//1401 1403//1403 1402//1402
f 1401//1401 1396//1396 1397//1397
f 1402//1402 1403//1403 1399//1399
f 1403//1403 1397//1397 1399//1399
f 1406//1406 1408//1408 1405//1405
f 1406//1406 1404//1404 1407//1407
f 1407//1407 1409//1409 1408//1408
f 1405//1405 1408//1408 1409//1409
f 1407//1407 1404//1404 1410//1410
f 1405//1405 1409//1409 1411//1411
f 1410//1410 1411//1411 1409//1409
f 1404//1404 1406//1406 1411//1411
f 1411//1411 1406//1406 1405//1405
f 1413//1413 1412//1412 1415//1415
f 1415//1415 1416//1416 1414//1414
f 1414//1414 1416//1416 1417//1417
f 1412//1412 1417//1417 1416//1416
f 1418//1418 1412//1412 1413//1413
f 1414//1414 1417//1417 1419//1419
f 1418//1418 1419//1419 1417//1417
f 1419//1419 1413//1413 1414//1414
f 1421//1421 1420//1420 1424//1424
f 1421//1421 1423//1423 1422//1422
f 1423//1423 1424//1424 1426//1426
f 1422//1422 1423//1423 1426//1426
f 1424//1424 1420//1420 1425//1425
f 1425//1425 1427//1427 1426//1426
f 1422//1422 1426//1426 1427//1427
f 1427//1427 1421//1421 1422//1422
f 1420//1420 1421//1421 1427//1427
f 1429//1429 1428//1428 1430//1430
f 1430//1430 1432//1432 1431//1431
f 1434//1434 1431//1431 1432//1432
f 1432//1432 1433//1433 1434//1434
f 1428//1428 1433//1433 1432//1432
f 1433//1433 1435//1435 1434//1434
f 1433//1433 1428//1428 1429//1429
f 1434//1434 1435//1435 1431//1431
f 1429//1429 1431//1431 1435//1435
f 1442//1442 1436//1436 1437//1437
f 1437//1437 1439//1439 1438//1438
f 1441//1441 1438//1438 1439//1439
f 1440//1440 1443//1443 1441//1441
f 1440//1440 1436//1436 1442//1442
f 1441//1441 1443//1443 1438//1438
f 1442//1442 1438//1438 1443//1443
f 1449//1449 1445//1445 1447//1447
f 1446//1446 1447//1447 1445//1445
f 1446//1446 1444//1444 1448//1448
f 1447//1447 1448//1448 1449//1449
f 1448//1448 1444//1444 1450//1450
f 1450//1450 1451//1451 1449//1449
f 1449//1449 1451//1451 1445//1445
f 1444//1444 1445//1445 1451//1451
f 1453//1453 1452//1452 1455//1455
f 1457//1457 1454//1454 1456//1456
f 1455//1455 1456//1456 1454//1454
f 1452//1452 1458//1458 1456//1456
f 1456//1456 1458//1458 1457//1457
f 1458//1458 1452//1452 1453//1453
f 1458//1458 1459//1459 1457//1457
f 1457//1457 1459//1459 1454//1454
f 1453//1453 1454//1454 1459//1459
f 1461//1461 1460//1460 1462//1462
f 1466//1466 1463//1463 1464//1464
f 1462//1462 1464//1464 1463//1463
f 1465//1465 1467//1467 1466//1466
f 1465//1465 1460//1460 1461//1461
f 1467//1467 1461//1461 1463//1463
f 1466//1466 1467//1467 1463//1463
usemtl field_material_05
f 3//3 8//8 9//9
f 5//5 4//4 9//9
f 2//2 7//7 8//8
f 9//9 13//13 14//14
f 7//7 11//11 12//12
f 8//8 12//12 13//13
f 14//14 13//13 17//17
f 11//11 15//15 16//16
f 12//12 16//16 17//17
f 17//17 21//21 22//22
f 15//15 19//19 20//20
f 16//16 20//20 21//21
f 22//22 21//21 25//25
f 19//19 23//23 24//24
f 20//20 24//24 25//25
f 25//25 29//29 30//30
f 23//23 27//27 28//28
f 24//24 28//28 29//29
f 30//30 29//29 33//33
f 27//27 31//31 32//32
f 28//28 32//32 33//33
f 33//33 4//4 5//5
f 31//31 2//2 3//3
f 32//32 3//3 4//4
f 35//35 36//36 38//38
f 38//38 40//40 39//39
f 40//40 42//42 41//41
f 42//42 44//44 43//43
f 40//40 38//38 36//36
f 36//36 46//46 44//44
f 44//44 42//42 36//36
f 43//43 44//44 46//46
f 45//45 46//46 36//36
f 45//45 35//35 41//41
f 35//35 37//37 41//41
f 37//37 39//39 41//41
usemtl field_material_07
f 47//47 48//48 50//50
f 50//50 52//52 51//51
f 52//52 54//54 53//53
f 54//54 56//56 55//55
f 56//56 58//58 57//57
f 58//58 60//60 59//59
f 59//59 60//60 62//62
f 62//62 64//64 63//63
f 64//64 65//65 63//63
usemtl field_material_05
f 67//67 69//69 66//66
f 67//67 71//71 69//69
f 68//68 69//69 71//71
f 71//71 67//67 70//70
usemtl field_material_07
f 73//73 75//75 74//74
f 74//74 75//75 77//77
f 76//76 77//77 79//79
f 79//79 81//81 80//80
f 81//81 83//83 82//82
f 83//83 85//85 84//84
f 84//84 85//85 87//87
f 87//87 89//89 88//88
f 89//89 90//90 88//88
usemtl field_material_05
f 95//95 91//91 93//93
f 92//92 93//93 94//94
f 94//94 91//91 95//95
usemtl field_material_07
f 97//97 99//99 98//98
f 99//99 101//101 100//100
f 101//101 103//103 102//102
f 103//103 105//105 104//104
f 105//105 107//107 106//106
f 106//106 107//107 109//109
f 109//109 111//111 110//110
f 111//111 113//113 112//112
usemtl field_material_05
f 115//115 116//116 118//118
f 118//118 120//120 117//117
f 118//118 116//116 120//120
f 120//120 116//116 119//119
f 119//119 115//115 117//117
f 122//122 124//124 123//123
f 123//123 124//124 126//126
f 126//126 128//128 127//127
f 128//128 130//130 129//129
f 126//126 124//124 122//122
f 122//122 132//132 130//130
f 130//130 128//128 122//122
f 130//130 132//132 131//131
f 131//131 132//132 122//122
f 131//131 121//121 123//123
f 123//123 125//125 127//127
f 127//127 129//129 123//123
usemtl field_material_23
f 134//134 136//136 135//135
f 136//136 138//138 137//137
f 138//138 140//140 139//139
f 139//139 140//140 142//142
f 141//141 142//142 144//144
f 144//144 146//146 145//145
f 145//145 146//146 148//148
f 147//147 148//148 150//150
usemtl field_material_05
f 152//152 153//153 155//155
f 155//155 157//157 154//154
f 153//153 157//157 155//155
f 157//157 153//153 156//156
f 156//156 152//152 154//154
usemtl field_material_23
f 159//159 161//161 160//160
f 160//160 161//161 163//163
f 162//162 163//163 165//165
f 164//164 165//165 167//167
f 167//167 169//169 168//168
f 169//169 171//171 170//170
f 171//171 173//173 172//172
f 172//172 173//173 175//175
f 175//175 176//176 174//174
usemtl field_material_05
f 178//178 180//180 177//177
f 180//180 182//182 179//179
f 181//181 182//182 178//178
f 181//181 177//177 179//179
usemtl field_material_23
f 184//184 186//186 185//185
f 185//185 186//186 188//188
f 188//188 190//190 189//189
f 190//190 192//192 191//191
f 192//192 194//194 193//193
f 194//194 196//196 195//195
f 195//195 196//196 198//198
f 197//197 198//198 200//200
usemtl field_material_05
f 202//202 203//203 205//205
f 205//205 206//206 204//204
f 205//205 203//203 206//206
f 206//206 203//203 202//202
f 208//208 210//210 209//209
f 210//210 212//212 211//211
f 211//211 212//212 214//214
f 213//213 214//214 216//216
f 212//212 210//210 208//208
f 208//208 218//218 216//216
f 216//216 214//214 208//208
f 216//216 218//218 217//217
f 217//217 218//218 208//208
f 217//217 207//207 213//213
f 207//207 209//209 213//213
f 209//209 211//211 213//213
usemtl field_material_07
f 220//220 222//222 221//221
f 221//221 222//222 224//224
f 224//224 226//226 225//225
f 226//226 228//228 227//227
f 227//227 228//228 230//230
f 229//229 230//230 232//232
f 232//232 234//234 233//233
f 234//234 236//236 235//235
usemtl field_material_05
f 239//239 241//241 238//238
f 241//241 243//243 240//240
f 239//239 243//243 241//241
f 242//242 243//243 239//239
f 238//238 240//240 242//242
usemtl field_material_07
f 245//245 247//247 246//246
f 247//247 249//249 248//248
f 249//249 251//251 250//250
f 250//250 251//251 253//253
f 252//252 253//253 255//255
f 255//255 257//257 256//256
f 257//257 259//259 258//258
f 259//259 261//261 260//260
usemtl field_material_05
f 263//263 265//265 264//264
f 264//264 265//265 267//267
f 263//263 267//267 265//265
f 266//266 267//267 263//263
usemtl field_material_07
f 268//268 269//269 271//271
f 270//270 271//271 273//273
f 273//273 275//275 274//274
f 274//274 275//275 277//277
f 276//276 277//277 279//279
f 279//279 281//281 280//280
f 281//281 283//283 282//282
f 283//283 285//285 284//284
f 285//285 286//286 284//284
usemtl field_material_05
f 287//287 288//288 289//289
f 289//289 292//292 290//290
f 291//291 292//292 288//288
f 293//293 294//294 296//296
f 295//295 296//296 298//298
f 298//298 300//300 299//299
f 299//299 300//300 302//302
f 298//298 296//296 294//294
f 294//294 304//304 302//302
f 302//302 300//300 294//294
f 301//301 302//302 304//304
f 304//304 294//294 293//293
f 303//303 293//293 299//299
f 293//293 295//295 299//299
f 295//295 297//297 299//299
usemtl field_material_17
f 305//305 306//306 308//308
f 308//308 310//310 309//309
f 310//310 312//312 311//311
f 312//312 314//314 313//313
f 314//314 316//316 315//315
f 316//316 318//318 317//317
f 318//318 320//320 319//319
f 320//320 322//322 321//321
usemtl field_material_05
f 325//325 326//326 324//324
f 326//326 328//328 327//327
f 328//328 326//326 325//325
f 328//328 325//325 329//329
f 324//324 327//327 329//329
usemtl field_material_17
f 331//331 333//333 332//332
f 332//332 333//333 335//335
f 334//334 335//335 337//337
f 336//336 337//337 339//339
f 339//339 341//341 340//340
f 341//341 343//343 342//342
f 343//343 345//345 344//344
f 344//344 345//345 347//347
usemtl field_material_05
f 349//349 350//350 352//352
f 351//351 352//352 354//354
f 354//354 350//350 353//353
f 349//349 351//351 353//353
usemtl field_material_17
f 356//356 358//358 357//357
f 357//357 358//358 360//360
f 360//360 362//362 361//361
f 362//362 364//364 363//363
f 363//363 364//364 366//366
f 366//366 368//368 367//367
f 367//367 368//368 370//370
f 370//370 372//372 371//371
f 372//372 373//373 371//371
usemtl field_material_05
f 379//379 374//374 376//376
f 376//376 378//378 375//375
f 378//378 376//376 374//374
f 377//377 378//378 374//374
f 381//381 383//383 382//382
f 382//382 383//383 385//385
f 385//385 387//387 386//386
f 387//387 389//389 388//388
f 385//385 383//383 381//381
f 381//381 391//391 385//385
f 391//391 389//389 385//385
f 389//389 391//391 390//390
f 390//390 391//391 381//381
f 390//390 380//380 382//382
f 382//382 384//384 390//390
f 384//384 386//386 390//390
usemtl field_material_07
f 393//393 395//395 394//394
f 394//394 395//395 397//397
f 396//396 397//397 399//399
f 399//399 401//401 400//400
f 401//401 403//403 402//402
f 403//403 405//405 404//404
f 404//404 405//405 407//407
f 407//407 409//409 408//408
usemtl field_material_05
f 412//412 414//414 411//411
f 413//413 414//414 412//412
usemtl field_material_07
f 416//416 418//418 417//417
f 418//418 420//420 419//419
f 420//420 422//422 421//421
f 422//422 424//424 423//423
f 424//424 426//426 425//425
f 426//426 428//428 427//427
f 428//428 430//430 429//429
f 429//429 430//430 432//432
f 432//432 433//433 431//431
usemtl field_material_05
f 434//434 435//435 436//436
f 436//436 439//439 437//437
f 435//435 439//439 436//436
f 439//439 435//435 438//438
usemtl field_material_07
f 441//441 443//443 442//442
f 442//442 443//443 445//445
f 444//444 445//445 447//447
f 446//446 447//447 449//449
f 448//448 449//449 451//451
f 450//450 451//451 453//453
f 452//452 453//453 455//455
f 455//455 457//457 456//456
usemtl field_material_05
f 460//460 463//463 461//461
f 462//462 463//463 460//460
f 462//462 459//459 461//461
f 465//465 467//467 466//466
f 467//467 469//469 468//468
f 468//468 469//469 471//471
f 471//471 473//473 472//472
f 469//469 467//467 465//465
f 465//465 475//475 473//473
f 473//473 471//471 465//465
f 472//472 473//473 475//475
f 475//475 465//465 464//464
f 474//474 464//464 470//470
f 464//464 466//466 470//470
f 466//466 468//468 470//470
usemtl field_material_07
f 477//477 479//479 478//478
f 479//479 481//481 480//480
f 481//481 483//483 482//482
f 483//483 485//485 484//484
f 485//485 487//487 486//486
f 487//487 489//489 488//488
f 489//489 491//491 490//490
f 490//490 491//491 493//493
usemtl field_material_05
f 496//496 498//498 495//495
f 498//498 500//500 497//497
f 499//499 500//500 496//496
f 495//495 497//497 499//499
usemtl field_material_07
f 502//502 504//504 503//503
f 504//504 506//506 505//505
f 505//505 506//506 508//508
f 508//508 510//510 509//509
f 509//509 510//510 512//512
f 511//511 512//512 514//514
f 513//513 514//514 516//516
f 515//515 516//516 518//518
f 518//518 519//519 517//517
usemtl field_material_05
f 520//520 521//521 523//523
f 523//523 525//525 522//522
f 525//525 523//523 521//521
f 525//525 521//521 524//524
f 520//520 522//522 524//524
usemtl field_material_07
f 527//527 529//529 528//528
f 528//528 529//529 531//531
f 531//531 533//533 532//532
f 533//533 535//535 534//534
f 534//534 535//535 537//537
f 536//536 537//537 539//539
f 539//539 541//541 540//540
f 541//541 543//543 542//542
f 543//543 544//544 542//542
usemtl field_material_05
f 546//546 549//549 547//547
f 548//548 549//549 550//550
f 550//550 546//546 545//545
f 545//545 547//547 548//548
f 552//552 554//554 553//553
f 553//553 554//554 556//556
f 555//555 556//556 558//558
f 557//557 558//558 560//560
f 556//556 554//554 560//560
f 554//554 552//552 560//560
f 552//552 562//562 560//560
f 559//559 560//560 562//562
f 562//562 552//552 551//551
f 561//561 551//551 557//557
f 551//551 553//553 557//557
f 553//553 555//555 557//557
usemtl field_material_17
f 564//564 566//566 565//565
f 566//566 568//568 567//567
f 567//567 568//568 570//570
f 570//570 572//572 571//571
f 572//572 574//574 573//573
f 574//574 576//576 575//575
f 576//576 578//578 577//577
f 578//578 580//580 579//579
f 580//580 581//581 579//579
usemtl field_material_05
f 583//583 584//584 582//582
f 584//584 587//587 585//585
f 587//587 584//584 583//583
f 587//587 583//583 586//586
usemtl field_material_17
f 589//589 591//591 590//590
f 591//591 593//593 592//592
f 593//593 595//595 594//594
f 595//595 597//597 596//596
f 596//596 597//597 599//599
f 599//599 601//601 600//600
f 601//601 603//603 602//602
f 603//603 605//605 604//604
usemtl field_material_05
f 607//607 608//608 610//610
f 610//610 612//612 609//609
f 612//612 608//608 611//611
f 611//611 607//607 609//609
usemtl field_material_17
f 614//614 616//616 615//615
f 616//616 618//618 617//617
f 617//617 618//618 620//620
f 619//619 620//620 622//622
f 622//622 624//624 623//623
f 624//624 626//626 625//625
f 626//626 628//628 627//627
f 627//627 628//628 630//630
f 630//630 631//631 629//629
usemtl field_material_05
f 632//632 633//633 635//635
f 635//635 637//637 634//634
f 637//637 635//635 633//633
f 637//637 633//633 636//636
f 636//636 632//632 634//634
f 639//639 641//641 638//638
f 640//640 641//641 643//643
f 643//643 645//645 642//642
f 639//639 645//645 641//641
f 644//644 645//645 639//639
f 638//638 640//640 642//642
usemtl field_material_09
f 647//647 654//654 655//655
f 648//648 655//655 656//656
f 656//656 657//657 649//649
f 657//657 658//658 649//649
f 658//658 667//667 650//650
f 667//667 659//659 650//650
f 651//651 659//659 660//660
f 660//660 661//661 652//652
f 661//661 662//662 653//653
f 653//653 662//662 654//654
f 654//654 663//663 664//664
f 664//664 665//665 655//655
f 665//665 666//666 656//656
f 667//667 668//668 659//659
f 659//659 668//668 660//660
f 660//660 669//669 661//661
f 662//662 663//663 654//654
f 663//663 670//670 671//671
f 671//671 672//672 664//664
f 664//664 672//672 673//673
f 673//673 674//674 665//665
f 674//674 675//675 666//666
f 666//666 675//675 676//676
f 676//676 677//677 657//657
f 658//658 677//677 678//678
f 667//667 678//678 679//679
f 679//679 680//680 668//668
f 668//668 680//680 681//681
f 660//660 681//681 682//682
f 669//669 682//682 683//683
f 669//669 683//683 684//684
f 684//684 670//670 663//663
f 687//687 688//688 676//676
f 676//676 688//688 689//689
f 677//677 689//689 690//690
f 690//690 691//691 678//678
f 678//678 691//691 692//692
f 679//679 692//692 693//693
f 680//680 694//694 681//681
f 695//695 696//696 683//683
f 684//684 697//697 685//685
f 698//698 699//699 671//671
f 671//671 699//699 700//700
f 700//700 701//701 686//686
f 686//686 701//701 702//702
f 702//702 703//703 687//687
f 689//689 704//704 690//690
f 704//704 705//705 690//690
f 706//706 707//707 694//694
f 694//694 707//707 708//708
f 700//700 710//710 701//701
f 702//702 711//711 703//703
f 703//703 712//712 688//688
f 688//688 712//712 713//713
f 689//689 713//713 704//704
f 691//691 714//714 692//692
f 708//708 715//715 695//695
f 697//697 716//716 698//698
f 717//717 718//718 699//699
f 718//718 719//719 700//700
f 710//710 720//720 701//701
f 701//701 720//720 721//721
f 711//711 722//722 703//703
f 704//704 723//723 724//724
f 705//705 724//724 725//725
f 693//693 726//726 727//727
f 727//727 728//728 707//707
f 728//728 729//729 707//707
f 729//729 730//730 708//708
f 696//696 731//731 732//732
f 732//732 733//733 697//697
f 716//716 717//717 698//698
f 720//720 736//736 721//721
f 721//721 736//736 737//737
f 712//712 738//738 713//713
f 713//713 739//739 723//723
f 724//724 740//740 725//725
f 740//740 741//741 714//714
f 714//714 741//741 742//742
f 726//726 742//742 727//727
f 727//727 743//743 728//728
f 728//728 743//743 744//744
f 730//730 745//745 715//715
f 715//715 745//745 731//731
f 732//732 746//746 733//733
f 733//733 746//746 747//747
f 716//716 747//747 734//734
f 748//748 749//749 719//719
f 737//737 751//751 722//722
f 722//722 751//751 738//738
f 738//738 752//752 713//713
f 713//713 752//752 739//739
f 742//742 754//754 727//727
f 727//727 754//754 743//743
f 744//744 755//755 730//730
f 730//730 755//755 745//745
f 756//756 757//757 732//732
f 732//732 757//757 746//746
f 736//736 760//760 737//737
f 741//741 764//764 742//742
f 743//743 765//765 744//744
f 747//747 766//766 758//758
f 748//748 767//767 768//768
f 759//759 768//768 769//769
f 736//736 769//769 770//770
f 761//761 770//770 771//771
f 771//771 772//772 753//753
f 772//772 773//773 764//764
f 773//773 774//774 765//765
f 774//774 775//775 756//756
f 775//775 767//767 766//766
usemtl field_material_05
f 778//778 777//777 780//780
f 792//792 779//779 780//780
f 781//781 780//780 783//783
f 777//777 782//782 783//783
f 783//783 784//784 785//785
f 784//784 782//782 786//786
f 784//784 786//786 787//787
f 786//786 788//788 789//789
f 787//787 786//786 789//789
f 790//790 789//789 791//791
f 791//791 788//788 778//778
f 791//791 779//779 792//792
f 794//794 796//796 797//797
f 795//795 794//794 797//797
f 795//795 797//797 798//798
f 798//798 796//796 793//793
f 798//798 800//800 799//799
f 800//800 793//793 802//802
f 801//801 800//800 803//803
f 801//801 803//803 804//804
f 802//802 805//805 804//804
f 804//804 806//806 807//807
f 806//806 794//794 795//795
f 806//806 805//805 794//794
f 809//809 808//808 813//813
f 812//812 811//811 813//813
f 813//813 816//816 814//814
f 816//816 808//808 815//815
f 814//814 816//816 817//817
f 815//815 820//820 819//819
f 818//818 817//817 819//819
f 819//819 821//821 822//822
f 821//821 820//820 809//809
f 824//824 828//828 829//829
f 827//827 826//826 829//829
f 829//829 831//831 830//830
f 831//831 828//828 832//832
f 830//830 831//831 833//833
f 834//834 833//833 835//835
f 832//832 823//823 835//835
f 835//835 836//836 837//837
f 836//836 823//823 824//824
f 839//839 838//838 842//842
f 840//840 841//841 842//842
f 842//842 844//844 843//843
f 844//844 838//838 845//845
f 844//844 847//847 846//846
f 845//845 849//849 848//848
f 846//846 847//847 848//848
f 848//848 850//850 851//851
f 850//850 841//841 840//840
f 850//850 849//849 839//839
usemtl field_material_29
f 853//853 855//855 854//854
f 855//855 852//852 856//856
f 858//858 853//853 859//859
f 861//861 862//862 863//863
f 862//862 860//860 864//864
f 865//865 861//861 867//867
f 869//869 871//871 870//870
f 871//871 868//868 872//872
f 874//874 869//869 875//875
f 877//877 880//880 879//879
f 882//882 880//880 881//881
f 881//881 876//876 883//883
f 885//885 886//886 887//887
f 886//886 884//884 888//888
f 889//889 885//885 891//891
f 894//894 892//892 893//893
f 893//893 896//896 895//895
f 896//896 897//897 898//898
f 897//897 892//892 899//899
f 901//901 902//902 903//903
f 902//902 900//900 904//904
f 905//905 901//901 907//907
f 910//910 912//912 911//911
f 912//912 914//914 913//913
f 914//914 908//908 915//915
f 918//918 922//922 917//917
f 917//917 916//916 919//919
f 919//919 916//916 920//920
f 919//919 920//920 921//921
f 920//920 922//922 923//923
f 925//925 927//927 926//926
f 927//927 924//924 928//928
f 930//930 925//925 931//931
f 933//933 936//936 935//935
f 938//938 936//936 937//937
f 937//937 932//932 939//939
f 941//941 943//943 942//942
f 943//943 940//940 944//944
f 945//945 940//940 946//946
f 946//946 941//941 947//947
f 949//949 952//952 951//951
f 954//954 952//952 953//953
f 953//953 948//948 955//955
f 958//958 960//960 959//959
f 960//960 962//962 961//961
f 962//962 956//956 963//963
usemtl field_material_05
f 964//964 965//965 967//967
f 966//966 967//967 968//968
f 968//968 971//971 969//969
f 968//968 967//967 965//965
f 965//965 973//973 968//968
f 973//973 971//971 968//968
f 970//970 971//971 973//973
f 972//972 973//973 965//965
f 972//972 964//964 966//966
f 969//969 970//970 966//966
usemtl field_material_03
f 989//989 981//981 975//975
f 975//975 981//981 982//982
f 982//982 983//983 976//976
f 983//983 984//984 976//976
f 977//977 984//984 985//985
f 985//985 986//986 977//977
f 978//978 986//986 987//987
f 979//979 991//991 980//980
f 991//991 988//988 980//980
f 988//988 992//992 989//989
f 992//992 993//993 981//981
f 993//993 994//994 982//982
f 982//982 994//994 995//995
f 983//983 995//995 996//996
f 984//984 996//996 997//997
f 997//997 998//998 985//985
f 986//986 998//998 999//999
f 999//999 1000//1000 987//987
f 979//979 1001//1001 991//991
f 992//992 1003//1003 993//993
f 993//993 1003//1003 1004//1004
f 1004//1004 1005//1005 994//994
f 995//995 1006//1006 996//996
f 996//996 1006//1006 997//997
f 997//997 1007//1007 998//998
f 1008//1008 1002//1002 988//988
f 1005//1005 1010//1010 995//995
f 1007//1007 1011//1011 998//998
f 998//998 1011//1011 1012//1012
f 1012//1012 1013//1013 1000//1000
f 1000//1000 1013//1013 1014//1014
f 1014//1014 1015//1015 1001//1001
f 1015//1015 1008//1008 991//991
f 1002//1002 1016//1016 1009//1009
f 1004//1004 1017//1017 1005//1005
f 1005//1005 1018//1018 1010//1010
f 1010//1010 1019//1019 1006//1006
f 1008//1008 1016//1016 1002//1002
f 1023//1023 1024//1024 1009//1009
f 1024//1024 1025//1025 1003//1003
f 1003//1003 1025//1025 1026//1026
f 1017//1017 1027//1027 1005//1005
f 1005//1005 1027//1027 1018//1018
f 1006//1006 1029//1029 1030//1030
f 1031//1031 1032//1032 1012//1012
f 1013//1013 1033//1033 1034//1034
f 1013//1013 1034//1034 1035//1035
f 1035//1035 1036//1036 1014//1014
f 1036//1036 1037//1037 1015//1015
f 1038//1038 1039//1039 1008//1008
f 1016//1016 1040//1040 1023//1023
f 1025//1025 1041//1041 1026//1026
f 1026//1026 1041//1041 1017//1017
f 1027//1027 1042//1042 1018//1018
f 1028//1028 1043//1043 1019//1019
f 1019//1019 1043//1043 1029//1029
f 1029//1029 1044//1044 1030//1030
f 1032//1032 1045//1045 1021//1021
f 1021//1021 1045//1045 1033//1033
f 1034//1034 1046//1046 1035//1035
f 1035//1035 1046//1046 1036//1036
f 1037//1037 1047//1047 1022//1022
f 1039//1039 1040//1040 1016//1016
f 1023//1023 1054//1054 1024//1024
f 1024//1024 1054//1054 1025//1025
f 1041//1041 1048//1048 1017//1017
f 1017//1017 1048//1048 1027//1027
f 1042//1042 1049//1049 1028//1028
f 1044//1044 1050//1050 1020//1020
f 1020//1020 1050//1050 1056//1056
f 1031//1031 1056//1056 1032//1032
f 1034//1034 1051//1051 1046//1046
f 1046//1046 1052//1052 1036//1036
f 1037//1037 1052//1052 1047//1047
f 1047//1047 1057//1057 1038//1038
f 1040//1040 1053//1053 1023//1023
f 1027//1027 1048//1048 1042//1042
f 1043//1043 1055//1055 1029//1029
f 1054//1054 1058//1058 1059//1059
f 1048//1048 1059//1059 1060//1060
f 1060//1060 1061//1061 1055//1055
f 1061//1061 1062//1062 1050//1050
f 1045//1045 1062//1062 1063//1063
f 1063//1063 1064//1064 1046//1046
f 1052//1052 1064//1064 1065//1065
f 1057//1057 1065//1065 1058//1058
usemtl field_material_05
f 1069//1069 1071//1071 1073//1073
f 1068//1068 1070//1070 1073//1073
f 1073//1073 1071//1071 1075//1075
f 1073//1073 1074//1074 1076//1076
f 1076//1076 1074//1074 1077//1077
f 1075//1075 1067//1067 1077//1077
f 1077//1077 1070//1070 1068//1068
f 1077//1077 1067//1067 1069//1069
f 1080//1080 1079//1079 1082//1082
f 1083//1083 1082//1082 1085//1085
f 1085//1085 1079//1079 1084//1084
f 1085//1085 1087//1087 1086//1086
f 1084//1084 1088//1088 1087//1087
f 1090//1090 1087//1087 1089//1089
f 1089//1089 1088//1088 1080//1080
f 1089//1089 1082//1082 1081//1081
f 1093//1093 1102//1102 1094//1094
f 1092//1092 1091//1091 1096//1096
f 1093//1093 1094//1094 1096//1096
f 1096//1096 1091//1091 1097//1097
f 1096//1096 1099//1099 1098//1098
f 1097//1097 1101//1101 1100//1100
f 1098//1098 1099//1099 1100//1100
f 1100//1100 1102//1102 1103//1103
f 1102//1102 1101//1101 1092//1092
f 1105//1105 1107//1107 1108//1108
f 1106//1106 1108//1108 1109//1109
f 1109//1109 1107//1107 1111//1111
f 1109//1109 1112//1112 1110//1110
f 1111//1111 1104//1104 1114//1114
f 1113//1113 1112//1112 1114//1114
f 1114//1114 1104//1104 1105//1105
f 1114//1114 1115//1115 1116//1116
f 1115//1115 1108//1108 1106//1106
f 1118//1118 1117//1117 1120//1120
f 1129//1129 1119//1119 1120//1120
f 1122//1122 1120//1120 1123//1123
f 1117//1117 1121//1121 1123//1123
f 1123//1123 1121//1121 1125//1125
f 1123//1123 1126//1126 1124//1124
f 1127//1127 1126//1126 1128//1128
f 1128//1128 1125//1125 1118//1118
f 1128//1128 1119//1119 1129//1129
f 1130//1130 1131//1131 1133//1133
f 1133//1133 1134//1134 1132//1132
f 1134//1134 1137//1137 1135//1135
f 1134//1134 1133//1133 1131//1131
f 1131//1131 1139//1139 1137//1137
f 1136//1136 1137//1137 1139//1139
f 1139//1139 1131//1131 1130//1130
f 1138//1138 1130//1130 1132//1132
f 1135//1135 1136//1136 1132//1132
usemtl field_material_09
f 1148//1148 1149//1149 1141//1141
f 1149//1149 1150//1150 1141//1141
f 1150//1150 1151//1151 1142//1142
f 1142//1142 1151//1151 1152//1152
f 1152//1152 1153//1153 1143//1143
f 1153//1153 1154//1154 1144//1144
f 1144//1144 1154//1154 1155//1155
f 1145//1145 1155//1155 1156//1156
f 1145//1145 1156//1156 1157//1157
f 1146//1146 1157//1157 1158//1158
f 1159//1159 1149//1149 1148//1148
f 1150//1150 1149//1149 1160//1160
f 1160//1160 1161//1161 1151//1151
f 1161//1161 1162//1162 1152//1152
f 1163//1163 1156//1156 1155//1155
f 1157//1157 1156//1156 1164//1164
f 1158//1158 1164//1164 1165//1165
f 1165//1165 1159//1159 1147//1147
f 1149//1149 1166//1166 1167//1167
f 1167//1167 1168//1168 1160//1160
f 1168//1168 1169//1169 1160//1160
f 1169//1169 1170//1170 1161//1161
f 1161//1161 1170//1170 1171//1171
f 1162//1162 1171//1171 1172//1172
f 1153//1153 1172//1172 1173//1173
f 1173//1173 1174//1174 1163//1163
f 1163//1163 1174//1174 1175//1175
f 1175//1175 1176//1176 1156//1156
f 1176//1176 1177//1177 1164//1164
f 1177//1177 1178//1178 1164//1164
f 1165//1165 1178//1178 1179//1179
f 1179//1179 1180//1180 1165//1165
f 1159//1159 1180//1180 1166//1166
f 1182//1182 1183//1183 1168//1168
f 1168//1168 1183//1183 1184//1184
f 1184//1184 1185//1185 1169//1169
f 1173//1173 1187//1187 1188//1188
f 1188//1188 1189//1189 1174//1174
f 1175//1175 1189//1189 1190//1190
f 1177//1177 1191//1191 1178//1178
f 1178//1178 1191//1191 1192//1192
f 1193//1193 1181//1181 1166//1166
f 1194//1194 1195//1195 1182//1182
f 1195//1195 1196//1196 1182//1182
f 1197//1197 1198//1198 1186//1186
f 1198//1198 1199//1199 1186//1186
f 1186//1186 1199//1199 1200//1200
f 1188//1188 1201//1201 1189//1189
f 1201//1201 1202//1202 1189//1189
f 1203//1203 1204//1204 1177//1177
f 1205//1205 1206//1206 1193//1193
f 1196//1196 1208//1208 1183//1183
f 1183//1183 1208//1208 1184//1184
f 1197//1197 1209//1209 1198//1198
f 1187//1187 1210//1210 1188//1188
f 1188//1188 1210//1210 1201//1201
f 1202//1202 1211//1211 1190//1190
f 1204//1204 1212//1212 1191//1191
f 1191//1191 1212//1212 1192//1192
f 1192//1192 1213//1213 1205//1205
f 1206//1206 1207//1207 1181//1181
f 1214//1214 1215//1215 1195//1195
f 1215//1215 1216//1216 1196//1196
f 1184//1184 1217//1217 1218//1218
f 1218//1218 1219//1219 1197//1197
f 1209//1209 1220//1220 1198//1198
f 1220//1220 1221//1221 1199//1199
f 1199//1199 1221//1221 1222//1222
f 1200//1200 1222//1222 1223//1223
f 1210//1210 1224//1224 1201//1201
f 1224//1224 1225//1225 1202//1202
f 1226//1226 1227//1227 1204//1204
f 1212//1212 1228//1228 1192//1192
f 1192//1192 1228//1228 1213//1213
f 1229//1229 1230//1230 1206//1206
f 1207//1207 1231//1231 1214//1214
f 1215//1215 1232//1232 1216//1216
f 1232//1232 1233//1233 1208//1208
f 1208//1208 1233//1233 1217//1217
f 1217//1217 1234//1234 1218//1218
f 1218//1218 1234//1234 1219//1219
f 1219//1219 1235//1235 1209//1209
f 1209//1209 1235//1235 1220//1220
f 1236//1236 1237//1237 1222//1222
f 1223//1223 1238//1238 1210//1210
f 1210//1210 1238//1238 1239//1239
f 1224//1224 1239//1239 1225//1225
f 1225//1225 1240//1240 1211//1211
f 1211//1211 1240//1240 1226//1226
f 1226//1226 1241//1241 1227//1227
f 1227//1227 1241//1241 1212//1212
f 1212//1212 1242//1242 1228//1228
f 1243//1243 1244//1244 1230//1230
f 1215//1215 1246//1246 1232//1232
f 1233//1233 1247//1247 1217//1217
f 1234//1234 1248//1248 1219//1219
f 1219//1219 1248//1248 1235//1235
f 1239//1239 1251//1251 1225//1225
f 1240//1240 1252//1252 1226//1226
f 1226//1226 1252//1252 1241//1241
f 1241//1241 1253//1253 1212//1212
f 1212//1212 1253//1253 1242//1242
f 1242//1242 1254//1254 1213//1213
f 1232//1232 1256//1256 1233//1233
f 1257//1257 1258//1258 1237//1237
f 1238//1238 1259//1259 1239//1239
f 1253//1253 1260//1260 1242//1242
f 1261//1261 1262//1262 1244//1244
f 1263//1263 1264//1264 1246//1246
f 1264//1264 1265//1265 1247//1247
f 1265//1265 1266//1266 1248//1248
f 1266//1266 1267//1267 1249//1249
f 1258//1258 1267//1267 1268//1268
f 1238//1238 1268//1268 1269//1269
f 1240//1240 1269//1269 1270//1270
f 1270//1270 1271//1271 1260//1260
f 1271//1271 1272//1272 1261//1261
f 1272//1272 1263//1263 1245//1245
usemtl field_material_05
f 1275//1275 1274//1274 1277//1277
f 1278//1278 1277//1277 1279//1279
f 1279//1279 1274//1274 1280//1280
f 1279//1279 1281//1281 1282//1282
f 1281//1281 1283//1283 1282//1282
f 1280//1280 1286//1286 1284//1284
f 1282//1282 1283//1283 1284//1284
f 1285//1285 1284//1284 1287//1287
f 1287//1287 1288//1288 1289//1289
f 1287//1287 1286//1286 1275//1275
f 1294//1294 1291//1291 1293//1293
f 1294//1294 1293//1293 1295//1295
f 1292//1292 1296//1296 1295//1295
f 1295//1295 1297//1297 1298//1298
f 1297//1297 1296//1296 1299//1299
f 1299//1299 1301//1301 1302//1302
f 1303//1303 1302//1302 1304//1304
f 1304//1304 1301//1301 1290//1290
f 1304//1304 1305//1305 1306//1306
f 1305//1305 1290//1290 1292//1292
f 1305//1305 1291//1291 1294//1294
f 1309//1309 1307//1307 1312//1312
f 1311//1311 1310//1310 1312//1312
f 1312//1312 1313//1313 1315//1315
f 1313//1313 1314//1314 1315//1315
f 1313//1313 1307//1307 1316//1316
f 1315//1315 1314//1314 1317//1317
f 1318//1318 1317//1317 1319//1319
f 1316//1316 1320//1320 1319//1319
f 1319//1319 1321//1321 1322//1322
f 1321//1321 1320//1320 1309//1309
f 1326//1326 1325//1325 1327//1327
f 1324//1324 1328//1328 1329//1329
f 1326//1326 1327//1327 1329//1329
f 1329//1329 1331//1331 1330//1330
f 1331//1331 1328//1328 1334//1334
f 1331//1331 1332//1332 1333//1333
f 1333//1333 1332//1332 1335//1335
f 1333//1333 1335//1335 1336//1336
f 1334//1334 1323//1323 1336//1336
f 1336//1336 1337//1337 1338//1338
f 1337//1337 1325//1325 1326//1326
f 1337//1337 1323//1323 1324//1324
f 1340//1340 1339//1339 1343//1343
f 1342//1342 1341//1341 1343//1343
f 1339//1339 1345//1345 1346//1346
f 1344//1344 1343//1343 1346//1346
f 1346//1346 1348//1348 1347//1347
f 1348//1348 1345//1345 1349//1349
f 1349//1349 1352//1352 1351//1351
f 1354//1354 1351//1351 1353//1353
f 1353//1353 1355//1355 1342//1342
f 1353//1353 1352//1352 1340//1340
f 1355//1355 1341//1341 1342//1342
usemtl field_material_29
f 1357//1357 1358//1358 1359//1359
f 1358//1358 1356//1356 1360//1360
f 1362//1362 1356//1356 1361//1361
f 1361//1361 1357//1357 1363//1363
f 1366//1366 1367//1367 1368//1368
f 1369//1369 1367//1367 1370//1370
f 1370//1370 1364//1364 1371//1371
f 1373//1373 1375//1375 1374//1374
f 1375//1375 1372//1372 1376//1376
f 1378//1378 1373//1373 1379//1379
f 1381//1381 1382//1382 1383//1383
f 1382//1382 1380//1380 1384//1384
f 1385//1385 1381//1381 1387//1387
f 1389//1389 1390//1390 1391//1391
f 1390//1390 1388//1388 1392//1392
f 1393//1393 1389//1389 1395//1395
f 1397//1397 1398//1398 1399//1399
f 1398//1398 1396//1396 1400//1400
f 1401//1401 1397//1397 1403//1403
f 1406//1406 1407//1407 1408//1408
f 1409//1409 1407//1407 1410//1410
f 1410//1410 1404//1404 1411//1411
f 1413//1413 1415//1415 1414//1414
f 1415//1415 1412//1412 1416//1416
f 1417//1417 1412//1412 1418//1418
f 1418//1418 1413//1413 1419//1419
f 1421//1421 1424//1424 1423//1423
f 1424//1424 1425//1425 1426//1426
f 1425//1425 1420//1420 1427//1427
f 1431//1431 1429//1429 1430//1430
f 1430//1430 1428//1428 1432//1432
f 1433//1433 1429//1429 1435//1435
f 1438//1438 1442//1442 1437//1437
f 1437//1437 1436//1436 1439//1439
f 1439//1439 1436//1436 1440//1440
f 1439//1439 1440//1440 1441//1441
f 1440//1440 1442//1442 1443//1443
f 1445//1445 1444//1444 1446//1446
f 1446//1446 1448//1448 1447//1447
f 1448//1448 1450//1450 1449//1449
f 1450//1450 1444//1444 1451//1451
f 1454//1454 1453//1453 1455//1455
f 1455//1455 1452//1452 1456//1456
f 1458//1458 1453//1453 1459//1459
f 1461//1461 1462//1462 1463//1463
f 1462//1462 1460//1460 1464//1464
f 1464//1464 1465//1465 1466//1466
f 1464//1464 1460//1460 1465//1465
f 1465//1465 1461//1461 1467//1467
