# Strawberry URP Gazebo mesh generated by export_gazebo_assets.py
mtllib plant_variant_12.mtl

o field_export_plant_variant_12
v 0.000000000 0.000000000 0.025000000
v 0.000000000 0.026450338 0.020225426
v 0.000000000 0.042797547 0.007725425
v 0.000000000 0.042797547 -0.007725425
v 0.000000000 0.026450338 -0.020225426
v 0.000000000 0.000000000 -0.025000000
v 0.018703211 0.018703211 0.020225426
v 0.030262435 0.030262435 0.007725425
v 0.030262435 0.030262435 -0.007725425
v 0.018703211 0.018703211 -0.020225426
v 0.026450334 0.000000000 0.020225426
v 0.042797547 0.000000000 0.007725425
v 0.042797547 0.000000000 -0.007725425
v 0.026450334 0.000000000 -0.020225426
v 0.018703211 -0.018703211 0.020225426
v 0.030262435 -0.030262435 0.007725425
v 0.030262435 -0.030262435 -0.007725425
v 0.018703211 -0.018703211 -0.020225426
v 0.000000000 -0.026450334 0.020225426
v 0.000000000 -0.042797547 0.007725425
v 0.000000000 -0.042797547 -0.007725425
v 0.000000000 -0.026450334 -0.020225426
v -0.018703211 -0.018703211 0.020225426
v -0.030262435 -0.030262435 0.007725425
v -0.030262435 -0.030262435 -0.007725425
v -0.018703211 -0.018703211 -0.020225426
v -0.026450334 0.000000000 0.020225426
v -0.042797547 0.000000000 0.007725425
v -0.042797547 0.000000000 -0.007725425
v -0.026450334 0.000000000 -0.020225426
v -0.018703211 0.018703211 0.020225426
v -0.030262435 0.030262435 0.007725425
v -0.030262435 0.030262435 -0.007725425
v -0.018703211 0.018703211 -0.020225426
v -0.016545646 0.146333158 0.212341726
v -0.005706852 -0.003484175 0.002071805
v -0.022886379 0.148455143 0.210269958
v -0.006340731 0.002121978 -0.002071775
v -0.023520257 0.154061288 0.206126362
v -0.000633876 0.005606152 -0.004143558
v -0.017813403 0.157545477 0.204054594
v 0.005706858 0.003484175 -0.002071775
v -0.011472668 0.155423492 0.206126362
v 0.003985497 -0.004416074 0.003551651
v -0.010838790 0.149817348 0.210269958
v -0.050985385 0.168026596 0.212348208
v 0.011242517 0.174997717 0.216859311
v -0.053084083 0.177615091 0.214680731
v 0.010786528 0.184836835 0.219425812
v -0.068574034 0.185687140 0.215472713
v 0.023811487 0.196133018 0.222336233
v -0.063520327 0.196014121 0.216939881
v 0.016432049 0.205054194 0.222879708
v -0.075862586 0.204298437 0.216165423
v 0.026603902 0.215884149 0.223777875
v -0.065610327 0.215059072 0.216086850
v 0.014342045 0.224099159 0.222026676
v -0.072754048 0.223777026 0.213766664
v 0.019631477 0.234222889 0.220630184
v -0.059354097 0.234749913 0.212121665
v 0.004516510 0.241971657 0.216866732
v -0.059332632 0.244138435 0.208897531
v 0.002884120 0.251189411 0.213410065
v -0.029759413 0.266184002 0.203098893
v -0.018707875 0.151866987 0.207366228
v -0.028024333 0.251184493 0.221571624
v -0.015976673 0.151981398 0.208976001
v -0.028760685 0.251472235 0.218499333
v 0.017740997 0.183278546 0.217084989
v 0.058904257 0.156979501 0.213639051
v 0.021491237 0.190028161 0.219830900
v 0.063789204 0.163070798 0.216432095
v 0.016300783 0.202447355 0.222724572
v 0.077482596 0.163454950 0.217808381
v 0.024576163 0.206193343 0.223624751
v 0.077524200 0.172448486 0.219370171
v 0.021176020 0.217278674 0.224446490
v 0.089033902 0.174031451 0.218993843
v 0.032578360 0.218824789 0.223026305
v 0.085526392 0.185079932 0.218771711
v 0.032305174 0.227710277 0.221527666
v 0.093486987 0.188717857 0.216611475
v 0.045497827 0.227922529 0.218035534
v 0.087795794 0.200965166 0.214636728
v 0.049725961 0.233769462 0.214642286
v 0.090919785 0.207519934 0.211209416
v 0.077486716 0.233008921 0.204626128
v 0.028446954 0.157764345 0.208972484
v 0.071015276 0.223020732 0.221565396
v 0.030878920 0.156506762 0.207369998
v 0.071857929 0.223041654 0.218507037
v -0.092005879 0.140286058 0.218872741
v -0.057605386 0.175117061 0.217710689
v -0.097888954 0.145280197 0.222754866
v -0.062604025 0.181076348 0.221765459
v -0.111179456 0.142712951 0.226107821
v -0.060141642 0.194490224 0.224676698
v -0.113127850 0.151556373 0.227948219
v -0.068958655 0.196365520 0.226709694
v -0.124694481 0.150535420 0.228725985
v -0.068087496 0.207962543 0.227138698
v -0.123787120 0.162058607 0.227774665
v -0.079617918 0.206867754 0.226536140
v -0.132497966 0.163717419 0.225760728
v -0.081460163 0.215494692 0.224329591
v -0.129866749 0.176786900 0.222234219
v -0.094581813 0.212583050 0.221244812
v -0.134626865 0.182279766 0.217939660
v -0.100259952 0.217151955 0.217141032
v -0.127765626 0.209681958 0.207170814
v -0.065118566 0.145451754 0.207981139
v -0.119018950 0.201533884 0.221565396
v -0.062869422 0.147670433 0.208268821
v -0.119844995 0.201366112 0.218507037
v 0.002380680 -0.003936574 0.005275980
v -0.097722381 0.161589310 0.173949689
v -0.003997013 -0.005105376 0.002637997
v -0.104100078 0.160420507 0.171311706
v -0.006377682 -0.001168810 -0.002637967
v -0.106480747 0.164357066 0.166035742
v 0.000923623 0.005166832 -0.004522249
v -0.102483734 0.169462457 0.163397759
v 0.006377697 0.001168810 0.002637997
v -0.094174638 0.169111148 0.168673724
v -0.137037903 0.166280538 0.177431166
v -0.083292209 0.198693961 0.175987333
v -0.142739400 0.174224839 0.180525735
v -0.087600358 0.207570598 0.179158241
v -0.160051435 0.175154477 0.183253929
v -0.080295667 0.223387390 0.181275919
v -0.159674078 0.186708629 0.184544668
v -0.090651765 0.228450418 0.182832867
v -0.174365640 0.189068034 0.185095206
v -0.085907042 0.242564052 0.182901353
v -0.169604421 0.203107059 0.184010059
v -0.100582093 0.244848832 0.182298243
v -0.179912105 0.207951307 0.182184696
v -0.100156322 0.256184220 0.180206686
v -0.172530398 0.223420113 0.178921893
v -0.117391348 0.256765872 0.177554399
v -0.176727355 0.231826797 0.175130799
v -0.123009555 0.264292210 0.173922434
v -0.159629956 0.263918281 0.165485024
v -0.150776565 0.251636147 0.181451574
v -0.100486711 0.165532097 0.166974902
v -0.153209805 0.250390381 0.179841787
v -0.099697486 0.165578544 0.170047179
v -0.082362391 0.208024725 0.180559903
v -0.033856798 0.201351091 0.181329221
v -0.082088597 0.215537518 0.185346976
v -0.032290906 0.208718419 0.186376005
v -0.092270553 0.224480033 0.189086571
v -0.020240773 0.214616582 0.190575019
v -0.086462334 0.231231749 0.191803291
v -0.024126254 0.222695693 0.193091422
v -0.094247282 0.239843518 0.192729697
v -0.014357720 0.228903770 0.194380552
v -0.084447250 0.246045917 0.192456797
v -0.022111170 0.237509847 0.193744928
v -0.088240378 0.254108369 0.190393597
v -0.016210604 0.244244888 0.191882044
v -0.076043338 0.259979993 0.187307492
v -0.026245646 0.253160894 0.188336521
v -0.074297741 0.267287105 0.183091193
v -0.025790848 0.260639489 0.183902815
v -0.047867157 0.278683215 0.172603384
v -0.060653884 0.189711154 0.170230702
v -0.050584875 0.267118931 0.181852981
v -0.059352342 0.189980224 0.167350158
v -0.048179157 0.267110646 0.179785028
v -0.162792787 0.123423643 0.177114889
v -0.146105066 0.169452667 0.176237151
v -0.170045033 0.125405520 0.180270419
v -0.152955666 0.172678545 0.179505661
v -0.180910692 0.117443964 0.183036253
v -0.156191826 0.185821921 0.181930050
v -0.186291352 0.124619275 0.184678391
v -0.164899126 0.183795005 0.183721066
v -0.196339563 0.118843049 0.185549885
v -0.168923408 0.194682315 0.184322968
v -0.200355858 0.129711062 0.185137331
v -0.178963631 0.188886791 0.184180006
v -0.209039688 0.127627537 0.183954135
v -0.184320807 0.196005508 0.182847932
v -0.212238505 0.140680894 0.181647241
v -0.195149153 0.187953904 0.180882469
v -0.219018728 0.143780798 0.178916782
v -0.202379614 0.189825535 0.178038940
v -0.224697381 0.171707273 0.171442315
v -0.213604003 0.167298287 0.182040945
v -0.140675753 0.140986770 0.166982621
v -0.213808730 0.168115944 0.178982601
v -0.139995500 0.141484529 0.170040950
v 0.004381858 -0.000271192 0.005452156
v -0.000427966 -0.006914971 0.000000003
v -0.202286094 0.009048888 0.170728996
v -0.208393350 0.006823828 0.163329646
v -0.004381828 0.000271199 -0.005452141
v 0.000427989 0.006914977 0.000000003
v -0.209369838 0.016428780 0.161382452
v -0.203262553 0.018653836 0.168781787
v -0.226868272 -0.017697023 0.171985969
v -0.222940877 0.044904638 0.174597204
v -0.236414701 -0.018067028 0.174862728
v -0.232437015 0.046202514 0.177642524
v -0.246844620 -0.031928468 0.176681146
v -0.241091102 0.061034102 0.180701971
v -0.256006658 -0.025155634 0.178652734
v -0.251027435 0.055296130 0.182132438
v -0.266264915 -0.035929475 0.179040790
v -0.259883583 0.067177027 0.183500364
v -0.275129378 -0.024011210 0.179556653
v -0.270150185 0.056440555 0.183036357
v -0.285090089 -0.029639624 0.178488985
v -0.279336572 0.063322946 0.182509810
v -0.293782890 -0.014633758 0.177574486
v -0.289805204 0.049635783 0.180354267
v -0.303290874 -0.013119860 0.175564036
v -0.299443603 0.049484633 0.178180560
v -0.320547521 0.019567190 0.171497583
v -0.206011310 0.013075886 0.164356902
v -0.305716872 0.017487004 0.178126693
v -0.205686539 0.012355078 0.167429179
v -0.305556357 0.020642113 0.177837700
v -0.230925366 0.051172882 0.175505042
v -0.197863460 0.087164961 0.178574026
v -0.237032950 0.055500504 0.179805264
v -0.203141645 0.092482865 0.183130041
v -0.250255764 0.052107453 0.182648093
v -0.201233774 0.105600521 0.187457219
v -0.252565801 0.060631864 0.185363546
v -0.210141152 0.106925897 0.189525470
v -0.264093399 0.059108507 0.185838610
v -0.209722221 0.118438661 0.191172510
v -0.263618201 0.070693552 0.186107919
v -0.221193537 0.116987586 0.190269843
v -0.272360533 0.072230823 0.184136853
v -0.223338544 0.125723884 0.188945979
v -0.270190120 0.085685559 0.182038397
v -0.236298829 0.122667924 0.185363188
v -0.275110960 0.091404773 0.178433329
v -0.242095277 0.127436817 0.181505069
v -0.269243568 0.119945280 0.170528144
v -0.203022420 0.059231024 0.167422950
v -0.260021836 0.112481646 0.179422945
v -0.202896804 0.060064528 0.164364591
v -0.260841250 0.112283938 0.176364586
v -0.206508785 -0.063153654 0.173841372
v -0.234810174 -0.023258921 0.176159754
v -0.212095737 -0.068140619 0.177359387
v -0.241195604 -0.027222732 0.179868102
v -0.211607456 -0.081726521 0.179729417
v -0.253698915 -0.022540929 0.183358133
v -0.220474988 -0.082156524 0.181938246
v -0.256901801 -0.030936060 0.185078606
v -0.221412331 -0.093736738 0.182383999
v -0.268096715 -0.028092895 0.186408669
v -0.232639223 -0.090847969 0.182599336
v -0.269066036 -0.039627515 0.185739696
v -0.235935926 -0.099109426 0.181051597
v -0.278027356 -0.039923839 0.184680313
v -0.248588428 -0.094214976 0.179342657
v -0.277688295 -0.053297099 0.181851357
v -0.255137891 -0.097895920 0.176466063
v -0.283488691 -0.058037102 0.178761512
v -0.281664670 -0.086340040 0.170032710
v -0.209329605 -0.033124473 0.166830033
v -0.207950205 -0.035489481 0.165227547
v -0.272341281 -0.078950129 0.179422930
v -0.272319406 -0.079792753 0.176364586
v 0.005147547 0.002429862 0.004074134
v -0.131303906 -0.061981078 0.214891851
v 0.002957464 -0.006265255 0.000000002
v -0.131289899 -0.068678103 0.212854773
v -0.136437446 -0.071107969 0.208780646
v -0.005147547 -0.002429862 -0.004074134
v -0.005161554 0.004267164 -0.002037071
v -0.142342374 -0.063361064 0.207325608
v -0.000014015 0.006697029 0.002037063
v -0.136465460 -0.057713911 0.212854773
v -0.140401840 -0.100005701 0.221741647
v -0.167035133 -0.043471571 0.215761572
v -0.148645058 -0.104473509 0.225101277
v -0.176036984 -0.046445042 0.219059482
v -0.151173204 -0.121212602 0.229273468
v -0.190794200 -0.037277430 0.220534340
v -0.162491813 -0.119429514 0.230793595
v -0.196780667 -0.046790257 0.223230571
v -0.166327596 -0.133610055 0.233168736
v -0.210271969 -0.040516004 0.223475993
v -0.179830283 -0.127427176 0.232588142
v -0.214119136 -0.054787915 0.225025102
v -0.185850143 -0.137207910 0.232862562
v -0.225471139 -0.053272747 0.224123433
v -0.200660467 -0.128466487 0.230484903
v -0.228052393 -0.070438020 0.224443108
v -0.209694579 -0.131969333 0.228880063
v -0.236399531 -0.075470209 0.222908720
v -0.240450248 -0.112418890 0.221607164
v -0.227310389 -0.105973326 0.223595560
v -0.136462182 -0.064002112 0.212191179
v -0.136497051 -0.064791940 0.209118903
v -0.226321086 -0.108521633 0.221985787
v -0.177171543 -0.042632509 0.215241134
v -0.165577665 0.004720458 0.219842255
v -0.184680209 -0.041731734 0.217833251
v -0.172835261 0.006888401 0.222644567
v -0.194692194 -0.051004045 0.218923017
v -0.177559108 0.019322451 0.225882322
v -0.200871512 -0.044625364 0.220804378
v -0.186044171 0.016236670 0.226827115
v -0.210251510 -0.051474962 0.220532209
v -0.191248864 0.026525464 0.228250906
v -0.215414941 -0.041110445 0.221089184
v -0.200587586 0.019751590 0.227111921
v -0.223779052 -0.043974210 0.219492629
v -0.206645951 0.026352290 0.226451933
v -0.228310466 -0.031186979 0.218687683
v -0.216465533 0.017433155 0.223498985
v -0.235302553 -0.028566247 0.216258466
v -0.223749697 0.018777655 0.221035466
v -0.243747428 -0.000790559 0.212544709
v -0.156221554 -0.021594455 0.212184951
v -0.232182205 -0.003859206 0.224184945
v -0.156844243 -0.022162579 0.209126607
v -0.232473806 -0.003068345 0.221126601
v -0.100956783 -0.130951732 0.224908352
v -0.145039141 -0.109643176 0.224156797
v -0.103674151 -0.137954518 0.230272785
v -0.148945227 -0.116099305 0.229774684
v -0.096857950 -0.149545968 0.234808832
v -0.162340224 -0.117933534 0.234088361
v -0.104540005 -0.154138073 0.237665519
v -0.161209732 -0.126780003 0.237042010
v -0.099821687 -0.164716482 0.238963485
v -0.172449276 -0.129654542 0.238164395
v -0.111045517 -0.167598471 0.238331079
v -0.167715251 -0.140240401 0.237707570
v -0.109868973 -0.176466763 0.236139953
v -0.175351232 -0.144854322 0.235419467
v -0.123190679 -0.178335726 0.232269451
v -0.168461755 -0.156480491 0.231771350
v -0.126985207 -0.184803933 0.227262825
v -0.171088070 -0.163528994 0.226993725
v -0.155456915 -0.187583089 0.214826658
v -0.114847019 -0.107694753 0.210600719
v -0.149077699 -0.177544653 0.223996982
v -0.117672615 -0.106281511 0.210888401
v -0.151363462 -0.176794440 0.221929029
v 0.001460776 0.004295677 0.005330436
v -0.065653302 -0.193066493 0.182773173
v 0.006559323 -0.002230543 0.000000008
v -0.060644276 -0.197166055 0.180107951
v -0.062105045 -0.201461732 0.174777538
v -0.001460761 -0.004295677 -0.005330391
v -0.068574838 -0.201657847 0.172112346
v -0.006469786 -0.000196122 -0.002665184
v -0.005009016 0.004099555 0.002665229
v -0.073673405 -0.195131645 0.177442744
v -0.044033036 -0.225346491 0.190185338
v -0.103383221 -0.205088645 0.187262028
v -0.046485886 -0.234528214 0.194709852
v -0.107447363 -0.213797942 0.191867709
v -0.036102917 -0.248131067 0.199054673
v -0.124280542 -0.218145803 0.194943637
v -0.045216031 -0.255120784 0.201280430
v -0.121526800 -0.229170918 0.197722659
v -0.037600737 -0.267817646 0.202936381
v -0.135400161 -0.234560445 0.198376775
v -0.051421665 -0.273244202 0.202195615
v -0.127732426 -0.247294337 0.198637843
v -0.048514180 -0.284377903 0.200885057
v -0.136691809 -0.254392624 0.196774036
v -0.065102778 -0.288898468 0.197455436
v -0.126064256 -0.268168181 0.194613278
v -0.068837211 -0.297784507 0.193800181
v -0.128213853 -0.277612388 0.190868780
v -0.104281627 -0.306084573 0.182952896
v -0.065867141 -0.197636053 0.178627416
v -0.100661360 -0.291568995 0.189513728
v -0.068205036 -0.197104335 0.176550031
v -0.097681724 -0.292618871 0.189224735
v -0.110888906 -0.210449055 0.189089388
v -0.136974484 -0.169023395 0.187906608
v -0.116712891 -0.214782700 0.193547815
v -0.143539324 -0.172278509 0.192496613
v -0.116940439 -0.228101552 0.197511524
v -0.155743495 -0.166621447 0.195991009
v -0.125801429 -0.227844834 0.200012878
v -0.159382403 -0.174638674 0.198697001
v -0.127361313 -0.239271417 0.201546654
v -0.170398504 -0.171082690 0.199860215
v -0.138416782 -0.235772431 0.201410428
v -0.171997756 -0.182566255 0.200094536
v -0.142171144 -0.243956745 0.200306609
v -0.180974185 -0.182476640 0.198786095
v -0.154558942 -0.238565475 0.197740451
v -0.181385398 -0.196061283 0.196689248
v -0.161333546 -0.242147043 0.194652557
v -0.187463373 -0.200751767 0.193452597
v -0.187239751 -0.229818940 0.185837880
v -0.177194953 -0.224065915 0.190809995
v -0.111658141 -0.182644293 0.175751656
v -0.177966118 -0.223725632 0.187751636
v -0.111633517 -0.181801751 0.178809986
v 0.005874253 -0.217675343 0.185822591
v -0.040047012 -0.234513447 0.188200578
v 0.009202696 -0.224277318 0.189607948
v -0.037920818 -0.241596952 0.192210585
v 0.022424955 -0.227284074 0.192233607
v -0.045736764 -0.252336025 0.195998192
v 0.020503636 -0.235887676 0.194708019
v -0.038484953 -0.257568181 0.197965965
v 0.031432018 -0.239803135 0.195371181
v -0.044167407 -0.267588735 0.199546546
v 0.025705785 -0.249875605 0.195813760
v -0.033282802 -0.271556079 0.199071705
v 0.032829255 -0.255259901 0.194445074
v -0.035332464 -0.280311882 0.198209658
v 0.024809144 -0.266241074 0.192925155
v -0.022314370 -0.283560693 0.195527792
v 0.026663534 -0.273618311 0.190053448
v -0.019235615 -0.290469110 0.192717269
v 0.008542044 -0.296407104 0.184091702
v -0.022002010 -0.212012768 0.178999737
v 0.003038138 -0.285972923 0.190622017
v -0.023025218 -0.212860987 0.176119193
v 0.005386104 -0.285448939 0.188554063
v -0.001413651 0.004231401 0.005394191
v 0.006571184 0.002195356 0.000000022
v 0.060494166 -0.170141906 0.157105282
v 0.064876854 -0.175061256 0.149784610
v 0.001413632 -0.004231356 -0.005394146
v 0.059833888 -0.179097861 0.147087529
v -0.006571206 -0.002195311 0.000000027
v 0.053377278 -0.178903073 0.149784610
v 0.051963635 -0.174671710 0.155178785
v 0.093809843 -0.183633596 0.163764849
v 0.034355778 -0.203431651 0.159944624
v 0.097463779 -0.192615107 0.167442322
v 0.036436517 -0.213003397 0.163685367
v 0.113993213 -0.197306857 0.171224952
v 0.025720436 -0.226797462 0.165790737
v 0.111008771 -0.208479315 0.172714368
v 0.034615658 -0.234001100 0.168011472
v 0.124774411 -0.214012802 0.174017042
v 0.026869453 -0.246721372 0.167989850
v 0.117084458 -0.226669729 0.172738045
v 0.040691346 -0.252191514 0.168035135
v 0.126144588 -0.233687684 0.171272308
v 0.037871812 -0.263178289 0.165838078
v 0.115690842 -0.247186333 0.167513341
v 0.054663572 -0.267574638 0.163756400
v 0.118104905 -0.256354570 0.163654998
v 0.058649685 -0.276197940 0.160133138
v 0.094814159 -0.283995867 0.152639687
v 0.058723018 -0.174591541 0.153855205
v 0.058176510 -0.175162822 0.150782928
v 0.091195852 -0.269302219 0.164856866
v 0.088637039 -0.270268619 0.163975120
v 0.030891262 -0.212873757 0.160747543
v -0.014878756 -0.195701525 0.157894224
v 0.028663818 -0.220272899 0.163370103
v -0.018355049 -0.202705011 0.160547927
v 0.036360927 -0.231361136 0.166014656
v -0.031649429 -0.205950111 0.161932528
v 0.029060692 -0.236759067 0.166874841
v -0.029796898 -0.214767843 0.163342088
v 0.034707226 -0.246897593 0.167525917
v -0.040724315 -0.218713745 0.162998348
v 0.023866167 -0.250775576 0.166166380
v -0.034991421 -0.228784323 0.162633628
v 0.025971876 -0.259394109 0.164597735
v -0.042038474 -0.233983085 0.160515606
v 0.013080246 -0.262322366 0.161244720
v -0.033938624 -0.244754478 0.158422545
v 0.010133134 -0.268895358 0.157766640
v -0.035667609 -0.251775086 0.155130804
v -0.017356146 -0.273819983 0.148244604
v 0.014839651 -0.190277949 0.151593044
v -0.012113416 -0.263316512 0.164552391
v 0.012717240 -0.189145297 0.153660998
v -0.015088081 -0.262252301 0.164264709
v 0.129572868 -0.147357732 0.155906409
v 0.103288464 -0.188411966 0.160551444
v 0.136511058 -0.150773570 0.157986581
v 0.109578848 -0.192942768 0.162863493
v 0.149073511 -0.145351842 0.158559710
v 0.110117465 -0.206347391 0.165613890
v 0.152901500 -0.153470650 0.159938261
v 0.119188115 -0.206257477 0.166043103
v 0.163984671 -0.150078535 0.159137309
v 0.120777801 -0.217729822 0.166961238
v 0.165457472 -0.161577448 0.159180313
v 0.131744087 -0.214364260 0.165285170
v 0.174185455 -0.161565423 0.157043815
v 0.135229409 -0.222560957 0.164097995
v 0.174178988 -0.175093934 0.155712739
v 0.147246763 -0.217263117 0.160589650
v 0.179751009 -0.179762214 0.152837440
v 0.153520271 -0.220848113 0.157487616
v 0.178338319 -0.208572432 0.147947580
v 0.168759316 -0.201529115 0.165848956
v 0.103392549 -0.159839675 0.150790602
v 0.168779418 -0.202371776 0.162790611
v 0.102619566 -0.160175830 0.153848946
v -0.003627725 0.002795998 0.005293615
v 0.001886837 0.006199542 0.002646811
v 0.136572361 -0.100887313 0.154814377
v 0.005514547 0.003403544 -0.002646782
v 0.143081680 -0.102624074 0.147630185
v 0.003627695 -0.002795991 -0.005293585
v 0.141194820 -0.108823612 0.144983381
v -0.001886867 -0.006199535 -0.002646782
v 0.135680258 -0.112227157 0.147630185
v -0.005514577 -0.003403537 0.002646811
v 0.132052556 -0.109431155 0.152923793
v 0.171805188 -0.093312137 0.158691689
v 0.133499309 -0.142920688 0.155105233
v 0.179827631 -0.098626994 0.161341384
v 0.140542954 -0.149597496 0.157757103
v 0.196152806 -0.093222208 0.164267287
v 0.139329553 -0.166948378 0.159082815
v 0.199897736 -0.104113877 0.165302575
v 0.150721699 -0.167918056 0.160815820
v 0.214404255 -0.101013824 0.166491196
v 0.151380539 -0.182784885 0.160741001
v 0.215077728 -0.115831703 0.165559977
v 0.165901691 -0.179635882 0.161073223
v 0.226512760 -0.116657861 0.164782092
v 0.169689521 -0.190384030 0.159597620
v 0.225367576 -0.133780465 0.162113577
v 0.186082914 -0.184750944 0.158529311
v 0.232490450 -0.140154362 0.159592912
v 0.194202572 -0.189787075 0.156185046
v 0.228608936 -0.176352397 0.151837751
v 0.138333172 -0.105209164 0.149384290
v 0.217638940 -0.165934622 0.162348002
v 0.136680007 -0.106945693 0.151461676
v 0.215737969 -0.168457866 0.162059009
v 0.136384398 -0.151443690 0.163978070
v 0.088759974 -0.162789404 0.165011153
v 0.138845667 -0.158317119 0.169585258
v 0.089961827 -0.169977516 0.170917630
v 0.151569009 -0.162770763 0.173987567
v 0.080861092 -0.179636911 0.175914764
v 0.148598269 -0.171032950 0.177311629
v 0.087406144 -0.185629278 0.178979471
v 0.158974156 -0.176184013 0.178592250
v 0.080550686 -0.194890589 0.180729732
v 0.152090818 -0.185527027 0.178604305
v 0.090898685 -0.200123355 0.180272147
v 0.158554107 -0.191758901 0.176572919
v 0.087846175 -0.208625048 0.178500116
v 0.149323285 -0.201799333 0.173463300
v 0.100439459 -0.213459730 0.174795657
v 0.150357246 -0.209448442 0.169057310
v 0.102737546 -0.220803201 0.170142189
v 0.129884005 -0.230131969 0.158039480
v 0.126195341 -0.219064593 0.163833976
v 0.109992728 -0.143127948 0.149388313
v 0.127516985 -0.219204947 0.160953447
v 0.107599385 -0.143371761 0.151456267
v 0.180740654 -0.044917900 0.162129387
v 0.181838214 -0.093670562 0.157666370
v 0.188216418 -0.044428341 0.165960968
v 0.189386204 -0.094494097 0.161554068
v 0.195456967 -0.033351883 0.170065418
v 0.197148994 -0.105769396 0.163691074
v 0.203062847 -0.038231578 0.171702057
v 0.204527169 -0.100903228 0.166185558
v 0.210337937 -0.029311024 0.173367441
v 0.212214604 -0.109630629 0.166297525
v 0.218014240 -0.037931439 0.172261000
v 0.219478577 -0.100603089 0.166744500
v 0.225359768 -0.032751605 0.171183318
v 0.227051795 -0.105169117 0.164808974
v 0.233070627 -0.043527924 0.167637825
v 0.234240413 -0.093593679 0.163230926
v 0.240527719 -0.043704685 0.164157122
v 0.241657540 -0.092482515 0.160005957
v 0.255932301 -0.067052618 0.153639227
v 0.166047633 -0.067537233 0.151456282
v 0.243980542 -0.066242456 0.163833991
v 0.166421399 -0.069913752 0.149388313
v 0.244452849 -0.067484766 0.160953432
v -0.004750022 0.002355136 0.004459939
v 0.218519673 0.056204166 0.212470561
v 0.219277084 0.062658459 0.209868953
v 0.000757396 0.006454308 -0.002601594
v 0.223812044 0.063824877 0.204665720
v 0.004534945 0.001166422 -0.005203210
v 0.227589592 0.058536988 0.202064097
v 0.003777534 -0.005287874 -0.002601594
v -0.000757426 -0.006454285 0.002601638
v 0.224780425 0.050660755 0.207267344
v 0.233329371 0.092158578 0.217839211
v 0.248915449 0.031369347 0.216099367
v 0.242161319 0.095185332 0.221832260
v 0.258210957 0.032784991 0.220180035
v 0.247688785 0.111367822 0.225597829
v 0.270903766 0.021108955 0.223207980
v 0.258412004 0.107584760 0.227924615
v 0.278502733 0.029472833 0.225856394
v 0.264801204 0.120914556 0.229689360
v 0.290549368 0.020806782 0.227038726
v 0.276906669 0.112291433 0.229821891
v 0.296997428 0.034179509 0.227753654
v 0.284678161 0.120781168 0.229392380
v 0.307893127 0.030522307 0.227002531
v 0.297645360 0.109305359 0.227524072
v 0.313695014 0.046905015 0.225871861
v 0.307280511 0.110976577 0.225260735
v 0.322876364 0.050185930 0.223742217
v 0.334008664 0.085561603 0.218666673
v 0.222649559 0.059050359 0.207049370
v 0.319465131 0.083274797 0.220732495
v 0.223402888 0.055982299 0.207338363
v 0.320261627 0.081463501 0.218064114
v 0.259443283 0.028445207 0.214868695
v 0.239151850 -0.015887879 0.219427168
v 0.266866475 0.026172869 0.218591407
v 0.246087566 -0.019344203 0.223470181
v 0.278601050 0.033422079 0.220564276
v 0.248545453 -0.032416005 0.227621153
v 0.283565700 0.026004704 0.222928196
v 0.257554948 -0.030972958 0.229035378
v 0.294093192 0.030955203 0.222649261
v 0.260757983 -0.042067036 0.230476171
v 0.297170192 0.019773521 0.222735777
v 0.271159440 -0.037204143 0.228842959
v 0.305810034 0.020959713 0.220179424
v 0.275754452 -0.044878371 0.227236316
v 0.307679951 0.007479317 0.218014151
v 0.286901057 -0.038037755 0.222892910
v 0.313828468 0.003504752 0.213865712
v 0.293599814 -0.040817369 0.218779251
v 0.316327244 -0.025566762 0.206133246
v 0.305183023 -0.021573870 0.219640806
v 0.235133842 0.012039766 0.205576271
v 0.306440920 -0.019143598 0.218763068
v 0.234415367 0.011598961 0.208634600
v 0.201261163 0.129110634 0.221516892
v 0.240461722 0.099909879 0.218596742
v 0.205427557 0.135339662 0.226574272
v 0.245718092 0.105401114 0.223794937
v 0.201087847 0.147903308 0.231317595
v 0.259366035 0.104598753 0.227297425
v 0.209595978 0.150911152 0.233748391
v 0.260031134 0.113434479 0.230269253
v 0.207006216 0.162155449 0.235353976
v 0.271643609 0.114125565 0.230895132
v 0.218540758 0.162894055 0.234338328
v 0.268975914 0.125417382 0.230859190
v 0.218977422 0.171869099 0.232497469
v 0.277255595 0.128564537 0.228477299
v 0.232261896 0.171288341 0.228344083
v 0.272552431 0.141349807 0.225564748
v 0.237045974 0.177050382 0.223837852
v 0.276263326 0.147875518 0.220907241
v 0.264923483 0.174774781 0.210821331
v 0.209980220 0.103946343 0.207050353
v 0.257129788 0.165747568 0.220824346
v 0.212489426 0.102026686 0.207338035
v 0.258399844 0.165355921 0.217943802
v -0.004520794 -0.000574965 0.005218411
v 0.123174652 0.187691331 0.135436386
v 0.119054109 0.192461535 0.132392302
v -0.004120536 0.004770190 -0.003044076
v 0.120949529 0.195349738 0.126304150
v 0.001895417 0.002888195 -0.006088153
v 0.126965493 0.193467736 0.123260066
v 0.006015953 -0.001882002 -0.003044069
v 0.131086022 0.188697547 0.126304150
v 0.004120536 -0.004770204 0.003044087
v 0.129190594 0.185809344 0.132392317
v 0.108895108 0.224363595 0.135297343
v 0.161146626 0.190002605 0.140811890
v 0.113216504 0.233022690 0.138630375
v 0.166882619 0.197803676 0.144434959
v 0.106313348 0.249079466 0.140123799
v 0.183938593 0.198136985 0.148519814
v 0.116677120 0.253782928 0.142499954
v 0.183855653 0.209696233 0.149766043
v 0.112430364 0.268050581 0.142197326
v 0.198525965 0.211549312 0.151509494
v 0.127174571 0.269830108 0.142811537
v 0.194353104 0.225743428 0.150077611
v 0.127308249 0.281173825 0.140746966
v 0.204933494 0.230231345 0.149142981
v 0.144708857 0.281164229 0.139565110
v 0.198374957 0.245945215 0.145369694
v 0.150857270 0.288497388 0.136492014
v 0.203149408 0.254203975 0.142018035
v 0.187999770 0.286867023 0.131233409
v 0.180736259 0.273448646 0.142813355
v 0.123656601 0.191587448 0.128788605
v 0.126230881 0.189751774 0.129807845
v 0.179279491 0.274787694 0.140144989
v 0.171557114 0.193201438 0.133040816
v 0.186401695 0.146693021 0.136847451
v 0.178594813 0.196313158 0.135092378
v 0.193883687 0.148589537 0.139101788
v 0.182420105 0.209423095 0.135840610
v 0.204534650 0.140393361 0.141640022
v 0.191105127 0.207161129 0.137151763
v 0.210243523 0.147421330 0.142170697
v 0.195561498 0.217872918 0.136560395
v 0.220089167 0.141310751 0.142992631
v 0.205359578 0.211677015 0.136548281
v 0.224497974 0.151937231 0.141567215
v 0.210929021 0.218454883 0.134633645
v 0.233043566 0.149425149 0.140433058
v 0.221358180 0.209860846 0.133281931
v 0.236647040 0.162137225 0.137291357
v 0.228539959 0.211238071 0.130497679
v 0.243416369 0.164757147 0.134490430
v 0.249883518 0.191850767 0.125745982
v 0.163917080 0.166152090 0.129418910
v 0.238643840 0.187808916 0.142905220
v 0.164923012 0.163157195 0.129131228
v 0.238683596 0.189137384 0.140024662
v 0.059772342 0.229108870 0.137555957
v 0.108501293 0.233913153 0.138142630
v 0.058327183 0.236566395 0.140849978
v 0.108347125 0.241546497 0.141607136
v 0.046371482 0.242979422 0.143381059
v 0.118722729 0.250182867 0.144476250
v 0.050467525 0.250959218 0.145186365
v 0.113081813 0.257193208 0.146134168
v 0.040898819 0.257543504 0.145704344
v 0.121144921 0.265532970 0.146919042
v 0.048982266 0.265849024 0.145370916
v 0.111596555 0.272083044 0.146318704
v 0.043400966 0.272759080 0.143750131
v 0.115752213 0.279962540 0.144845322
v 0.053871412 0.281235874 0.141403586
v 0.103891350 0.286215991 0.142160743
v 0.053836480 0.288642675 0.138255775
v 0.102559149 0.293492049 0.138844550
v 0.076821662 0.305670738 0.130468473
v 0.084593788 0.216129288 0.130122557
v 0.079472989 0.294054091 0.141805753
v 0.076313697 0.293896407 0.140791148
v 0.087282702 0.216644764 0.128520086
v -0.001717459 -0.001332290 0.040246472
v -0.104242764 0.166273668 0.047458690
v -0.004061997 -0.002489559 0.032251857
v -0.110748425 0.162323326 0.042212225
v 0.002196493 0.001616629 0.030288896
v -0.106277525 0.165435344 0.036715925
v -0.102215528 0.167924881 0.039464075
v 0.004062004 0.002489530 0.037748154
v -0.106168449 0.165265530 -0.015920270
v -0.108399764 0.174379706 -0.010882203
v -0.115891144 0.167485133 -0.010439671
v -0.108559623 0.158869654 -0.012821004
v -0.092841029 0.166124925 -0.006472327
v -0.098196045 0.170213670 -0.010910240
v -0.101189315 0.177286237 -0.006772181
v -0.113911025 0.175878629 -0.006632429
v -0.118135832 0.162058890 -0.007970127
v -0.113911018 0.154652432 -0.006632433
v -0.106155328 0.152047053 -0.006710339
v -0.098212108 0.154824138 -0.006637891
v -0.098063357 0.160189807 -0.010612087
v -0.125616953 0.170266747 0.000843710
v -0.124332331 0.157741815 0.000819499
v -0.086850077 0.170406714 0.000895142
v -0.094072886 0.181028783 0.001033565
v -0.105970666 0.185149014 0.000475069
v -0.118032284 0.181058481 0.000545115
v -0.118159488 0.149494871 0.000711959
v -0.108294025 0.145530701 0.000645576
v -0.095505841 0.148355484 0.000550873
v -0.087656192 0.158104628 0.000645593
v -0.085439794 0.177134514 0.008962047
v -0.100068845 0.188359797 0.008962050
v -0.109354481 0.189267024 0.009035166
v -0.118101358 0.185933962 0.009080940
v -0.125233963 0.179895014 0.008888734
v -0.129221082 0.171442479 0.009080929
v -0.117013618 0.144177362 0.008507196
v -0.083976127 0.156055257 0.008915145
v -0.082260691 0.168523684 0.008839099
v -0.091685429 0.184564129 0.008691709
v -0.129989251 0.161804155 0.008628795
v -0.125215948 0.150481120 0.008832526
v -0.109649874 0.141303375 0.009061007
v -0.101780184 0.141951784 0.008383268
v -0.091764249 0.145963669 0.008968960
v -0.103466220 0.191669047 0.018393254
v -0.124688916 0.183821216 0.017545506
v -0.132665232 0.165265530 0.019124717
v -0.108951695 0.138856933 0.018246954
v -0.084763236 0.149380550 0.018492660
v -0.079774119 0.162263557 0.018568614
v -0.080520846 0.171690628 0.019194972
v -0.085251920 0.181485787 0.017443392
v -0.092921637 0.188209713 0.019244101
v -0.116787851 0.189701080 0.018470911
v -0.130428240 0.176066071 0.018241078
v -0.130681336 0.154841423 0.019531760
v -0.121978901 0.143816471 0.018706787
v -0.095373772 0.140891373 0.018485703
v -0.086342074 0.180319458 0.033783492
v -0.115118399 0.188447595 0.033908598
v -0.130659193 0.168851256 0.034086198
v -0.121736400 0.146022439 0.034070995
v -0.110188030 0.140765622 0.033941336
v -0.097157046 0.142243415 0.034211379
v -0.086751685 0.149914891 0.034086194
v -0.082110785 0.159158036 0.033376835
v -0.081880577 0.168338507 0.034606449
v -0.097088024 0.188219756 0.034216627
v -0.106168464 0.189511865 0.034706470
v -0.125552922 0.180610850 0.034129340
v -0.128831044 0.156022549 0.034532603
v -0.086630322 0.167087168 0.042254437
v -0.096475087 0.182054952 0.042228132
v -0.113629319 0.183277711 0.042251263
v -0.125760302 0.167844847 0.042258732
v -0.118037008 0.149798140 0.042251263
v -0.101803981 0.146484360 0.042229190
v -0.091996446 0.153715789 0.042981934
v -0.097246557 0.172373444 0.044512019
v -0.097970702 0.177463263 0.040212221
v -0.093856879 0.171813756 0.040212225
v -0.097246557 0.172373444 0.035912432
v -0.094434485 0.157644197 0.038409777
v -0.096179925 0.157677904 0.043964010
v -0.097970702 0.153067797 0.040212221
v -0.100489095 0.162099600 0.042458769
v -0.098313197 0.157677889 0.036460441
v -0.096651413 0.171554297 0.044512019
v -0.114788413 0.178208768 0.040212218
v -0.111390047 0.176960424 0.036828823
v -0.107024103 0.177213386 0.043517370
v -0.096136257 0.174951047 0.040212221
v -0.098453417 0.174428612 0.036907081
v -0.092034444 0.169292763 0.040212218
v -0.095432833 0.170541108 0.036828820
v -0.110957302 0.175081044 0.043964013
v -0.106962375 0.173466146 0.035864010
v -0.110686615 0.172550470 0.040212221
v -0.114213020 0.167044595 0.044560440
v -0.119970225 0.160215855 0.040212225
v -0.118904479 0.163913429 0.043595638
v -0.119977660 0.167204484 0.040212221
v -0.117564335 0.164759263 0.035912432
v -0.112498954 0.175434500 0.043517370
v -0.106802598 0.180803522 0.040212221
v -0.112498946 0.175434515 0.036907081
v -0.107868336 0.177105933 0.043595634
v -0.106795155 0.173814908 0.040212221
v -0.108063586 0.176021263 0.036460437
v -0.116426483 0.161878332 0.044560444
v -0.106802590 0.149727553 0.040212225
v -0.108818173 0.152735040 0.043595634
v -0.108818173 0.152735040 0.036828816
v -0.120971821 0.170461804 0.040212225
v -0.117870569 0.160676777 0.037965685
v -0.117954642 0.167307734 0.043595634
v -0.117954642 0.167307734 0.036828812
v -0.106795155 0.156716168 0.040212221
v -0.108976863 0.157655507 0.043517374
v -0.110346332 0.158164427 0.035864007
v -0.099860489 0.156495690 0.044560440
v -0.095432840 0.159989968 0.043595631
v -0.095432833 0.159989968 0.036828820
v -0.099860497 0.156495690 0.035864010
v -0.096136257 0.155580029 0.040212225
v -0.114788428 0.152322292 0.040212221
v -0.111390032 0.153570652 0.043595634
v -0.111390039 0.153570652 0.036828816
v -0.110686615 0.157980591 0.040212225
v -0.108369455 0.157458141 0.043517370
v -0.108369455 0.157458156 0.036907081
v -0.092034459 0.161238313 0.040212221
vn 0.000000017 -0.000000007 1.000000000
vn -0.000002043 0.450434566 0.892809451
vn -0.000009648 0.914307714 0.405020088
vn 0.000004780 0.914311528 -0.405011714
vn 0.000000000 0.450433195 -0.892810166
vn 0.000000003 -0.000000007 -1.000000000
vn 0.318503916 0.318506688 0.892809451
vn 0.646506369 0.646520078 0.405020088
vn 0.646513999 0.646507204 -0.405028671
vn 0.318506271 0.318506181 -0.892808795
vn 0.450434536 0.000002026 0.892809570
vn 0.914307833 0.000009595 0.405020177
vn 0.914311528 -0.000004768 -0.405011714
vn 0.450433105 0.000000000 -0.892810166
vn 0.318506688 -0.318503827 0.892809510
vn 0.646520078 -0.646506429 0.405020177
vn 0.646507204 -0.646513939 -0.405028641
vn 0.318506241 -0.318506211 -0.892808795
vn 0.000002031 -0.450434536 0.892809451
vn 0.000009641 -0.914307833 0.405020207
vn -0.000004787 -0.914311528 -0.405011803
vn 0.000000000 -0.450433195 -0.892810166
vn -0.318503857 -0.318506718 0.892809451
vn -0.646506429 -0.646520078 0.405020207
vn -0.646513939 -0.646507204 -0.405028641
vn -0.318506211 -0.318506211 -0.892808795
vn -0.450434536 -0.000002026 0.892809570
vn -0.914307833 -0.000009595 0.405020177
vn -0.914311528 0.000004768 -0.405011714
vn -0.450433105 0.000000000 -0.892810166
vn -0.318506688 0.318503797 0.892809510
vn -0.646520078 0.646506429 0.405020177
vn -0.646507263 0.646513939 -0.405028671
vn -0.318506271 0.318506181 -0.892808795
vn 0.030254854 -0.275120795 0.960933506
vn -0.550355792 -0.813390374 -0.188426763
vn -0.686586678 -0.035612635 0.726175249
vn -0.677205861 -0.118582748 -0.726175129
vn -0.758348763 0.598998725 0.257114530
vn -0.031181771 0.275811732 -0.960705817
vn -0.112328187 0.993414640 0.022578372
vn 0.750433862 -0.019236935 -0.660665512
vn 0.605453014 0.753206730 0.257111430
vn 0.506659150 -0.860597014 -0.051665224
vn 0.677049696 0.119770512 0.726125836
vn -0.042771544 -0.244982183 0.968583703
vn -0.043033671 -0.253177464 0.966462255
vn -0.047909025 -0.213123068 0.975850105
vn -0.048009567 -0.216141775 0.975180864
vn -0.057320952 -0.142318517 0.988159835
vn -0.057320546 -0.142320275 0.988159597
vn -0.067229785 -0.059797779 0.995944023
vn -0.067229718 -0.059798043 0.995943964
vn -0.078096703 0.036083024 0.996292531
vn -0.078096285 0.036079522 0.996292830
vn -0.088316306 0.132407218 0.987253010
vn -0.088315949 0.132407039 0.987253070
vn -0.096549049 0.215413511 0.971738338
vn -0.096548423 0.215411559 0.971738756
vn -0.103307083 0.288156867 0.951994419
vn -0.103079632 0.291346848 0.951047719
vn -0.107426465 0.340841681 0.933962822
vn -0.106923610 0.347221315 0.931667686
vn -0.110394187 0.388690114 0.914731145
vn -0.377003640 -0.847042739 -0.374682426
vn 0.034040973 0.778485715 0.626738608
vn 0.561171174 -0.808505416 0.177217260
vn -0.217900574 0.876955628 -0.428332061
vn -0.122398056 -0.314898252 0.941200197
vn -0.130470216 -0.323299348 0.937259376
vn -0.101997852 -0.281715333 0.954061329
vn -0.104984537 -0.284856468 0.952803791
vn -0.052502029 -0.205590427 0.977228880
vn -0.052501757 -0.205587670 0.977229416
vn 0.007981010 -0.112748906 0.993591547
vn 0.007981884 -0.112749174 0.993591368
vn 0.078542680 -0.002450383 0.996907711
vn 0.078544162 -0.002449851 0.996907651
vn 0.148732066 0.109458536 0.982800841
vn 0.148732275 0.109458536 0.982800841
vn 0.207494736 0.204972789 0.956520855
vn 0.207492903 0.204969853 0.956521869
vn 0.256309211 0.285746068 0.923393071
vn 0.259110749 0.288994372 0.921598554
vn 0.290884852 0.342437565 0.893377066
vn 0.296329707 0.348755002 0.889133692
vn 0.321691692 0.392129481 0.861828864
vn -0.862977207 -0.482441425 0.150068715
vn 0.298460245 0.695678771 0.653416097
vn -0.024160806 -0.915567219 -0.401438594
vn 0.587851584 0.702657282 -0.400878191
vn 0.334388435 -0.300453901 0.893259168
vn 0.342530549 -0.312686354 0.885945916
vn 0.302381307 -0.271329075 0.913753867
vn 0.305486500 -0.275935411 0.911338389
vn 0.225710019 -0.196110949 0.954251289
vn 0.225713447 -0.196112886 0.954250097
vn 0.126515120 -0.097422905 0.987169027
vn 0.126515999 -0.097422741 0.987168968
vn 0.005472105 0.022239177 0.999737740
vn 0.005474713 0.022235170 0.999737799
vn -0.117939837 0.143414631 0.982609987
vn -0.117940150 0.143415183 0.982609987
vn -0.220987082 0.243930474 0.944278955
vn -0.220988765 0.243934125 0.944277585
vn -0.307386816 0.327690214 0.893382609
vn -0.304341406 0.323375672 0.895993590
vn -0.365964532 0.382795930 0.848255515
vn -0.360282540 0.374626666 0.854313374
vn -0.407962054 0.420607418 0.810343385
vn 0.200832203 -0.963749588 -0.175650790
vn -0.445973694 0.611292720 0.653780341
vn 0.976772308 -0.199969411 -0.076995149
vn -0.730314851 0.553569615 -0.400250971
vn 0.507409513 -0.839036584 0.196349770
vn 0.129816964 -0.011250575 0.991474152
vn -0.214533493 -0.971345961 -0.102286503
vn -0.690384567 -0.184523508 0.699514270
vn -0.481237352 -0.437620878 -0.759538412
vn -0.959877610 0.261103570 0.102273822
vn 0.335317165 0.231810108 -0.913141012
vn -0.412716508 0.886032343 -0.211215004
vn 0.972477674 -0.171045959 -0.158210248
vn 0.469398618 0.796060264 0.382037967
vn 0.173604429 -0.247728750 0.953148425
vn 0.178227261 -0.253168106 0.950863242
vn 0.153841570 -0.214834034 0.964457989
vn 0.155554622 -0.216854051 0.963730752
vn 0.111945406 -0.144791856 0.983109176
vn 0.111946538 -0.144793838 0.983108699
vn 0.062192313 -0.061986767 0.996137381
vn 0.062191445 -0.061986327 0.996137440
vn 0.003701119 0.034865744 0.999385178
vn 0.003699761 0.034866408 0.999385118
vn -0.055400357 0.132194892 0.989674330
vn -0.055401135 0.132195249 0.989674270
vn -0.106209397 0.215432376 0.970725715
vn -0.106208824 0.215431064 0.970726073
vn -0.152219743 0.290445507 0.944706619
vn -0.150925890 0.287247598 0.945891261
vn -0.185409248 0.343279451 0.920751095
vn -0.182863995 0.336944520 0.923595846
vn -0.211126953 0.382809341 0.899379015
vn -0.014412608 0.926020384 0.377198309
vn 0.297080219 -0.719234526 -0.628048658
vn -0.849705219 0.497408539 -0.174887836
vn 0.567555606 -0.704021811 0.426888764
vn -0.086695433 -0.533101082 0.841597974
vn -0.091766499 -0.547546625 0.831728101
vn -0.083794139 -0.489887178 0.867749453
vn -0.085703880 -0.495426923 0.864411473
vn -0.070977680 -0.379098117 0.922630370
vn -0.070978105 -0.379101455 0.922629058
vn -0.051365610 -0.228395835 0.972212434
vn -0.051365554 -0.228395477 0.972212493
vn -0.026167011 -0.040358681 0.998842537
vn -0.026166612 -0.040357519 0.998842597
vn 0.000533452 0.153022379 0.988222599
vn 0.000533102 0.153019756 0.988223076
vn 0.023261745 0.313143939 0.949420810
vn 0.023261195 0.313137025 0.949423134
vn 0.041272968 0.436994106 0.898516953
vn 0.043239459 0.442610443 0.895670950
vn 0.054694660 0.519530833 0.852699399
vn 0.058461465 0.529883981 0.846052825
vn 0.066963799 0.587119877 0.806725562
vn -0.336333513 -0.866432607 0.369017988
vn -0.302266777 0.821550846 0.483414084
vn 0.110863693 -0.773343801 -0.624218404
vn 0.527671933 0.818233728 -0.228157595
vn 0.369368881 -0.116332546 0.921972573
vn 0.378779978 -0.121865377 0.917428255
vn 0.333899766 -0.104797475 0.936764956
vn 0.337416142 -0.106846608 0.935272276
vn 0.252166361 -0.075551964 0.964730024
vn 0.252163708 -0.075550921 0.964730740
vn 0.152522177 -0.039161492 0.987523913
vn 0.152522296 -0.039161272 0.987523913
vn 0.033953220 0.003893526 0.999415874
vn 0.033962011 0.003892093 0.999415517
vn -0.086800173 0.047475573 0.995093882
vn -0.086791240 0.047475334 0.995094597
vn -0.190491304 0.084684268 0.978029549
vn -0.190483630 0.084683642 0.978031099
vn -0.278478265 0.116973475 0.953292787
vn -0.283386827 0.117843315 0.951737761
vn -0.338867098 0.140191674 0.930330813
vn -0.348550767 0.141853079 0.926493466
vn -0.397637486 0.160915464 0.903321981
vn -0.743629336 0.139403746 0.653897583
vn 0.661261976 -0.367401212 -0.654025197
vn -0.813521087 0.422543019 -0.399550855
vn 0.895902455 -0.194385007 0.399466097
vn 0.960896313 -0.059555035 0.270428240
vn 0.401710331 -0.840089798 -0.364524245
vn -0.035982285 -0.405463547 0.913402677
vn -0.749518454 -0.660326958 0.046801146
vn -0.058731947 0.003718835 -0.998266876
vn 0.502124667 0.784150124 -0.364663541
vn -0.867854476 0.461403579 -0.184215501
vn -0.152643740 0.716163516 0.681035817
vn 0.290102214 -0.058044624 0.955233812
vn 0.296744078 -0.059474736 0.953103185
vn 0.261701584 -0.057462376 0.963436782
vn 0.264145076 -0.057988722 0.962738156
vn 0.199593753 -0.054668769 0.978352606
vn 0.199596852 -0.054668766 0.978351891
vn 0.127877831 -0.050755315 0.990490377
vn 0.127877742 -0.050755069 0.990490437
vn 0.044403937 -0.045912031 0.997958183
vn 0.044404536 -0.045912065 0.997958064
vn -0.039980352 -0.040707111 0.998370886
vn -0.039981775 -0.040707041 0.998370886
vn -0.113502629 -0.035919681 0.992888212
vn -0.113506764 -0.035919271 0.992887795
vn -0.179129153 -0.031444333 0.983322978
vn -0.181885988 -0.030814294 0.982836664
vn -0.227206856 -0.027622703 0.973454773
vn -0.232784495 -0.026325831 0.972171903
vn -0.271327406 -0.023540653 0.962199211
vn 0.775088310 0.070712283 -0.627883673
vn -0.859065175 -0.489318371 0.150248289
vn 0.886921465 -0.176511675 0.426865280
vn -0.802946389 0.593849361 0.051185891
vn 0.335352778 -0.384312093 0.860141098
vn 0.344759136 -0.389515996 0.854059994
vn 0.300367653 -0.354857832 0.885355949
vn 0.303933263 -0.356878281 0.883324683
vn 0.220777407 -0.286148727 0.932403445
vn 0.220775142 -0.286146015 0.932404876
vn 0.117572300 -0.195282370 0.973674297
vn 0.117575631 -0.195282340 0.973673880
vn -0.007960160 -0.082301795 0.996575713
vn -0.007955369 -0.082301699 0.996575713
vn -0.135540664 0.035194095 0.990146518
vn -0.135538220 0.035194557 0.990146875
vn -0.241758451 0.135167271 0.960875988
vn -0.241755649 0.135164529 0.960877120
vn -0.326246560 0.216250271 0.920216799
vn -0.329489321 0.220772266 0.917984962
vn -0.382909387 0.272929430 0.882547498
vn -0.388931721 0.281590670 0.877176702
vn -0.429910660 0.322013825 0.843495071
vn 0.587559164 -0.703640938 0.399579406
vn -0.467919976 0.594038367 0.654346585
vn 0.631962359 -0.415270448 -0.654350102
vn -0.751503527 0.524956226 -0.399579257
vn 0.377984613 0.213805407 0.900785685
vn 0.383992553 0.220297337 0.896671057
vn 0.344413787 0.188554049 0.919688284
vn 0.346691638 0.190979451 0.918331027
vn 0.269844204 0.133441478 0.953612864
vn 0.269847602 0.133442849 0.953611672
vn 0.176929548 0.065619223 0.982033670
vn 0.176931366 0.065619543 0.982033312
vn 0.064876698 -0.015035900 0.997780025
vn 0.064881645 -0.015033168 0.997779787
vn -0.050138418 -0.096604310 0.994059265
vn -0.050140791 -0.096604094 0.994059205
vn -0.148914889 -0.165675700 0.974872351
vn -0.148915783 -0.165673837 0.974872470
vn -0.232612774 -0.222344205 0.946812749
vn -0.236509398 -0.226136059 0.944947541
vn -0.290701717 -0.259802908 0.920866430
vn -0.298295081 -0.267202616 0.916309357
vn -0.345238358 -0.296835154 0.890336633
vn 0.438154817 0.886292458 0.150020316
vn 0.913148761 0.070615336 -0.401463598
vn -0.679651201 -0.333410949 0.653384566
vn -0.671943128 -0.622760952 -0.400825709
vn 0.944072127 0.329221427 -0.018467484
vn 0.261646926 0.123512112 0.957228124
vn 0.653345704 -0.591203511 -0.472882390
vn 0.262864321 -0.633816361 0.727447033
vn -0.401439786 -0.894241214 0.197936416
vn -0.228050545 -0.224929631 -0.947311759
vn -0.262148768 0.635086119 -0.726597369
vn -0.997799098 -0.021198865 0.062829994
vn 0.319473386 0.909659982 -0.265434593
vn -0.403595090 0.631690264 0.661874890
vn 0.261978805 0.222746789 0.939015985
vn 0.268331289 0.224328011 0.936843216
vn 0.237140059 0.211104512 0.948261261
vn 0.239475384 0.211698845 0.947541714
vn 0.182309106 0.186571449 0.965377927
vn 0.182312191 0.186572269 0.965377152
vn 0.118905090 0.158186629 0.980223715
vn 0.118900493 0.158185989 0.980224371
vn 0.045139488 0.124506719 0.991191447
vn 0.045131549 0.124507241 0.991191745
vn -0.029449195 0.089750156 0.995528817
vn -0.029450305 0.089750424 0.995528758
vn -0.094500817 0.058862668 0.993783057
vn -0.094492681 0.058863930 0.993783832
vn -0.152682409 0.030774299 0.987796068
vn -0.155322865 0.029958870 0.987409353
vn -0.195565209 0.010235963 0.980637312
vn -0.200924963 0.008560497 0.979569316
vn -0.235202491 -0.008450883 0.971909702
vn -0.922592521 0.080900282 0.377197742
vn 0.758694172 0.492236793 0.426715463
vn 0.745873690 0.221598238 -0.628145456
vn -0.582192957 -0.794037700 -0.174801782
vn 0.304534584 -0.166864023 0.937771320
vn 0.311297029 -0.167117581 0.935503066
vn 0.268540382 -0.159430370 0.949983239
vn 0.271051198 -0.159539908 0.949251473
vn 0.192187831 -0.142898917 0.970898390
vn 0.192189589 -0.142898217 0.970898211
vn 0.101870075 -0.122510202 0.987225354
vn 0.101865396 -0.122510284 0.987225771
vn -0.004114086 -0.097481668 0.995228827
vn -0.004117350 -0.097482719 0.995228648
vn -0.111312434 -0.070972592 0.991247952
vn -0.111312516 -0.070973210 0.991247892
vn -0.203621313 -0.047165163 0.977912962
vn -0.203620270 -0.047165867 0.977913141
vn -0.287639588 -0.024667419 0.957420945
vn -0.284553856 -0.026072334 0.958305538
vn -0.347684532 -0.008616919 0.937572002
vn -0.341547281 -0.011480260 0.939794481
vn -0.393525720 0.003269887 0.919307828
vn 0.911638916 -0.096866235 0.399413735
vn -0.754164100 0.058459263 0.654078782
vn 0.696805358 -0.294084042 -0.654199481
vn -0.854337931 0.332406819 -0.399515241
vn 0.241917223 0.529154718 0.813309014
vn 0.252145439 0.541634202 0.801907182
vn 0.225132585 0.488691568 0.842909157
vn 0.229036823 0.493549019 0.839018285
vn 0.175043121 0.383253783 0.906904876
vn 0.175044179 0.383257300 0.906903207
vn 0.102421567 0.234187156 0.966781437
vn 0.102418564 0.234186679 0.966781795
vn 0.010346458 0.044194490 0.998969376
vn 0.010343431 0.044194348 0.998969376
vn -0.084277540 -0.152130708 0.984760642
vn -0.084278420 -0.152131572 0.984760463
vn -0.161067978 -0.312298536 0.936230063
vn -0.161069393 -0.312303603 0.936228216
vn -0.220883563 -0.437676638 0.871578813
vn -0.217078447 -0.432660550 0.875032425
vn -0.257709473 -0.518312812 0.815437198
vn -0.250700176 -0.509285986 0.823272288
vn -0.280726999 -0.572197795 0.770572543
vn 0.846686125 0.500900686 -0.179502741
vn 0.033223085 -0.873343349 0.485970855
vn -0.126738206 0.988733530 -0.079646602
vn -0.754445672 -0.615761220 -0.227266088
vn 0.411795110 0.883631527 0.222755611
vn -0.078817010 0.095551908 0.992299199
vn 0.912862778 0.157149613 -0.376809776
vn 0.581998587 -0.417490661 0.697839022
vn 0.416453063 -0.904310882 0.093748473
vn 0.078817360 -0.095552340 -0.992299139
vn -0.411795199 -0.883631527 -0.222755477
vn -0.581998169 0.417487532 -0.697841167
vn -0.416453391 0.904310584 -0.093749307
vn -0.912863493 -0.157149866 0.376807958
vn 0.100262336 0.419099212 0.902387559
vn 0.101694472 0.427559614 0.898248911
vn 0.086225145 0.379836947 0.921026230
vn 0.086767368 0.383016050 0.919657648
vn 0.055333264 0.293558091 0.954338431
vn 0.055333283 0.293561131 0.954337537
vn 0.017816778 0.187052011 0.982188404
vn 0.017815685 0.187052757 0.982188284
vn -0.026339818 0.059354737 0.997889459
vn -0.026341977 0.059349973 0.997889638
vn -0.070507169 -0.070926026 0.994986594
vn -0.070507534 -0.070926584 0.994986475
vn -0.107637838 -0.182543576 0.977288067
vn -0.107638948 -0.182546377 0.977287412
vn -0.138446391 -0.276757926 0.950914204
vn -0.140559345 -0.280795366 0.949419379
vn -0.160642743 -0.343177706 0.925431252
vn -0.164767891 -0.351046950 0.921747029
vn -0.180740029 -0.401537538 0.897831082
vn 0.668509305 0.697179914 0.258912146
vn -0.779641032 -0.608443379 0.148177132
vn -0.133222789 0.880510151 -0.454921514
vn 0.243185177 -0.968785822 0.048113942
vn 0.433935553 0.295199871 0.851209104
vn 0.441173047 0.301932096 0.845105648
vn 0.396824837 0.272134900 0.876625836
vn 0.399594843 0.274689794 0.874568284
vn 0.311953098 0.219748661 0.924335301
vn 0.311954319 0.219750464 0.924334526
vn 0.202250600 0.151577786 0.967532456
vn 0.202246621 0.151577234 0.967533290
vn 0.067799285 0.067409642 0.995419085
vn 0.067791224 0.067406192 0.995419860
vn -0.070787847 -0.020011440 0.997290730
vn -0.070787460 -0.020011548 0.997290671
vn -0.188523650 -0.094810516 0.977481425
vn -0.188518032 -0.094808117 0.977482677
vn -0.285173327 -0.155299261 0.945810914
vn -0.289789736 -0.159561411 0.943695962
vn -0.350794941 -0.194880635 0.915950119
vn -0.359617114 -0.203149691 0.910717189
vn -0.411119908 -0.233969837 0.881044030
vn -0.566405177 -0.501499176 0.653975368
vn 0.695947230 0.296407878 -0.654064119
vn -0.832786381 -0.382713109 -0.399996847
vn 0.703124583 0.587924957 0.399950117
vn -0.118487865 0.448270798 0.886010110
vn -0.120739974 0.459975392 0.879684329
vn -0.102657937 0.412904978 0.904970169
vn -0.103510760 0.417305976 0.902851701
vn -0.068149015 0.327058524 0.942543566
vn -0.068147555 0.327053875 0.942545414
vn -0.026448026 0.218546033 0.975468099
vn -0.026448525 0.218544543 0.975468576
vn 0.022962917 0.087183110 0.995927632
vn 0.022958653 0.087187856 0.995927274
vn 0.072656974 -0.047984250 0.996202111
vn 0.072654597 -0.047983300 0.996202230
vn 0.114434570 -0.164122492 0.979779840
vn 0.114435218 -0.164124683 0.979779482
vn 0.150669277 -0.266902298 0.951872945
vn 0.149902418 -0.262360632 0.953255653
vn 0.176248357 -0.338431865 0.924337864
vn 0.174832046 -0.329547167 0.927810490
vn 0.195711911 -0.390912980 0.899379730
vn -0.107088707 0.923414230 0.368562192
vn -0.120853499 -0.867058992 0.483325124
vn -0.460163802 0.631356537 -0.624210060
vn 0.689044058 -0.687586904 -0.229003370
vn -0.306107998 0.916550815 0.257356852
vn 0.629476130 0.682933390 -0.370623648
vn 0.385615140 0.129581973 0.913514912
vn 0.912309587 -0.384380847 0.141218454
vn 0.022591492 -0.067622624 -0.997455180
vn 0.308972478 -0.924833119 -0.221855178
vn -0.913475633 0.167526394 -0.370806038
vn -0.420754552 -0.903322577 0.083511047
vn -0.558229268 -0.340156674 0.756752074
vn -0.165088952 0.315454662 0.934469879
vn -0.166454673 0.326132357 0.930553973
vn -0.152692541 0.280264467 0.947700858
vn -0.153221011 0.284231305 0.946433187
vn -0.126116157 0.198393211 0.971974790
vn -0.126116782 0.198394865 0.971974313
vn -0.094174013 0.099352390 0.990585864
vn -0.094174236 0.099351898 0.990585923
vn -0.055663206 -0.017341606 0.998299003
vn -0.055664323 -0.017338118 0.998299003
vn -0.015896093 -0.134979755 0.990720928
vn -0.015896020 -0.134978965 0.990720987
vn 0.018812893 -0.235372856 0.971723080
vn 0.018811623 -0.235368416 0.971724153
vn 0.050436806 -0.324988455 0.944372058
vn 0.049775902 -0.321231604 0.945691645
vn 0.073650979 -0.387801588 0.918795645
vn 0.072350368 -0.380413949 0.921981931
vn 0.091952167 -0.434523940 0.895954132
vn -0.168466970 0.888510168 0.426812321
vn -0.355527252 0.692190051 -0.628071129
vn 0.747263670 -0.608236551 0.267666489
vn -0.221728891 -0.972892404 -0.065701537
vn 0.061789650 0.317812920 0.946137905
vn 0.063472450 0.325909555 0.943267882
vn 0.046746030 0.279184431 0.959099054
vn 0.047372371 0.282204241 0.958184063
vn 0.014249220 0.195662662 0.980567753
vn 0.014253261 0.195665434 0.980567098
vn -0.024396952 0.094582692 0.995218039
vn -0.024394305 0.094582900 0.995218098
vn -0.069144964 -0.024850994 0.997297049
vn -0.069143556 -0.024846807 0.997297227
vn -0.113363236 -0.145521760 0.982838809
vn -0.113364413 -0.145521104 0.982838869
vn -0.150214523 -0.248308629 0.956963122
vn -0.150218546 -0.248312995 0.956961334
vn -0.182290331 -0.339655817 0.922715664
vn -0.180391148 -0.336233765 0.924340785
vn -0.203711525 -0.403804272 0.891876578
vn -0.199989960 -0.397116989 0.895713210
vn -0.218657389 -0.451799810 0.864908040
vn 0.656427801 0.580285013 -0.482049704
vn 0.221808806 -0.959249437 0.175047249
vn -0.074610077 0.970044494 0.231186077
vn -0.802789509 -0.591527879 0.074991710
vn -0.177920192 0.222370520 0.958590508
vn -0.185232922 0.228627771 0.955729187
vn -0.147043541 0.205117568 0.967628598
vn -0.149743944 0.207438454 0.966719270
vn -0.078594811 0.163919255 0.983337879
vn -0.078595854 0.163920343 0.983337581
vn 0.001764862 0.113772638 0.993505239
vn 0.001764278 0.113772362 0.993505239
vn 0.095077097 0.054233927 0.993991494
vn 0.095070772 0.054236352 0.993991911
vn 0.188324720 -0.006697892 0.982083976
vn 0.188323364 -0.006697806 0.982084215
vn 0.267634600 -0.059713162 0.961668372
vn 0.267639518 -0.059715096 0.961666882
vn 0.335647702 -0.106122009 0.935990751
vn 0.338299870 -0.108678050 0.934741914
vn 0.383725852 -0.140210405 0.912740588
vn 0.388919413 -0.145335361 0.909735858
vn 0.426303953 -0.171645612 0.888145685
vn 0.694771290 -0.299285084 0.654004037
vn -0.564258575 0.503682613 -0.654152989
vn 0.700557590 -0.590889096 -0.400086343
vn -0.831178308 0.386238366 0.399953306
vn -0.776756942 0.597469449 0.199195579
vn -0.151654139 0.983277440 -0.100829527
vn 0.231826097 0.334680766 0.913370371
vn 0.258881658 0.666885436 -0.698744714
vn 0.969036579 0.191576228 0.155777782
vn 0.045295831 -0.034907166 -0.998363614
vn 0.776025355 -0.598112464 -0.200115755
vn -0.578954995 -0.420202374 -0.698742568
vn 0.151769012 -0.983394742 0.099503756
vn -0.989619970 -0.103687271 -0.099504851
vn -0.287729621 -0.584084570 0.758984089
vn -0.241057783 0.116481252 0.963495374
vn -0.245725572 0.121616147 0.961680114
vn -0.218017206 0.099244371 0.970885694
vn -0.219737202 0.101126797 0.970303535
vn -0.168353319 0.060568765 0.983864188
vn -0.168352887 0.060569838 0.983864129
vn -0.111188047 0.015820086 0.993673503
vn -0.111186609 0.015820457 0.993673563
vn -0.044576004 -0.035849504 0.998362541
vn -0.044575319 -0.035849150 0.998362601
vn 0.022835411 -0.087632760 0.995891094
vn 0.022838363 -0.087632678 0.995890975
vn 0.081616648 -0.132370815 0.987834334
vn 0.081621602 -0.132371724 0.987833798
vn 0.136559099 -0.173831001 0.975261211
vn 0.134826407 -0.172041118 0.975819588
vn 0.176841587 -0.203544766 0.962962389
vn 0.173335373 -0.199929655 0.964356244
vn 0.208551511 -0.226212829 0.951490521
vn -0.375609308 0.807167053 -0.455410898
vn 0.986053586 -0.075728469 0.148201570
vn -0.942632079 0.211184368 0.258545548
vn 0.332984388 -0.941706777 0.048060063
vn -0.125722051 0.599686265 0.790297627
vn -0.126006380 0.615203619 0.778233230
vn -0.112400047 0.559230864 0.821356952
vn -0.112555638 0.565244257 0.817208886
vn -0.082964025 0.449440181 0.889449596
vn -0.082963429 0.449442744 0.889448225
vn -0.043633081 0.292089254 0.955395281
vn -0.043632299 0.292089224 0.955395341
vn 0.005675605 0.090006426 0.995925069
vn 0.005674916 0.090007104 0.995925009
vn 0.055814896 -0.120742522 0.991113544
vn 0.055814292 -0.120742209 0.991113603
vn 0.096150577 -0.294446021 0.950818956
vn 0.096149042 -0.294441700 0.950820446
vn 0.125843108 -0.425151289 0.896331370
vn 0.125996515 -0.431518018 0.893262148
vn 0.143728212 -0.511380494 0.847249866
vn 0.143844619 -0.522988498 0.840114236
vn 0.156655550 -0.580647767 0.798941374
vn -0.035620917 -0.780622959 0.623986483
vn 0.221644863 0.847098053 -0.483009726
vn 0.418624699 -0.829620838 -0.369435757
vn -0.604302824 0.763263941 0.228574827
vn -0.449453264 -0.091465198 0.888608992
vn -0.462264240 -0.088741601 0.882290602
vn -0.408979982 -0.090392485 0.908055484
vn -0.413806677 -0.089413360 0.905963242
vn -0.310859114 -0.090544052 0.946133435
vn -0.310863167 -0.090544149 0.946132064
vn -0.186144292 -0.090465561 0.978348792
vn -0.186141506 -0.090465851 0.978349268
vn -0.035350867 -0.088447772 0.995453358
vn -0.035349399 -0.088448010 0.995453358
vn 0.118741192 -0.084309228 0.989339411
vn 0.118743628 -0.084309630 0.989339113
vn 0.249428347 -0.079126947 0.965155184
vn 0.249431849 -0.079127178 0.965154231
vn 0.362677008 -0.073301092 0.929027617
vn 0.357877612 -0.072729200 0.930931866
vn 0.440457940 -0.067667276 0.895219564
vn 0.431209683 -0.066587120 0.899791360
vn 0.496817231 -0.062160112 0.865626216
vn -0.891790092 0.390330225 0.228807122
vn 0.746096313 0.233123779 0.623693526
vn -0.763091385 -0.429672152 -0.482776910
vn 0.908767879 -0.193663880 -0.369642198
vn -0.976256967 0.169121563 0.135352135
vn -0.062462457 -0.125772327 0.990090847
vn 0.012456398 0.711757958 0.702314377
vn -0.413275540 0.661733389 -0.625549555
vn 0.524868608 0.843576550 0.113540895
vn 0.074214444 0.019090667 -0.997059584
vn 0.970449924 0.140565529 -0.196133301
vn -0.011840682 -0.710869908 -0.703223884
vn -0.586767435 -0.809098125 -0.032621324
vn 0.620965421 -0.680720925 0.388614088
vn -0.373817801 -0.122160211 0.919422209
vn -0.382296085 -0.122736305 0.915852368
vn -0.342753172 -0.113400765 0.932555974
vn -0.345896304 -0.113626517 0.931367159
vn -0.272250831 -0.095375732 0.957487881
vn -0.272251487 -0.095376685 0.957487524
vn -0.188397542 -0.074385002 0.979271829
vn -0.188394651 -0.074384958 0.979272366
vn -0.089457594 -0.049348038 0.994767308
vn -0.089457937 -0.049347922 0.994767427
vn 0.011315108 -0.023558689 0.999658465
vn 0.011312855 -0.023558773 0.999658465
vn 0.099018827 -0.000879668 0.995085180
vn 0.099016532 -0.000880262 0.995085418
vn 0.179538131 0.020570926 0.983535945
vn 0.177083105 0.019492725 0.984002888
vn 0.238585114 0.036968950 0.970417678
vn 0.233663902 0.034786679 0.971695006
vn 0.282518417 0.048549064 0.958032548
vn -0.935408354 0.319493383 -0.151443869
vn 0.675262153 0.503458679 0.539027333
vn -0.677288592 -0.733895123 -0.051751472
vn 0.937336445 -0.090128943 -0.336566985
vn -0.368009925 0.260225981 0.892665148
vn -0.380102515 0.268045604 0.885253429
vn -0.327154666 0.246001795 0.912388563
vn -0.331721008 0.248964593 0.909932852
vn -0.228171542 0.206154108 0.951545238
vn -0.228170216 0.206152990 0.951545715
vn -0.101079263 0.151535377 0.983270049
vn -0.101079248 0.151535690 0.983270049
vn 0.052147809 0.082863413 0.995195568
vn 0.052151594 0.082864068 0.995195329
vn 0.206620738 0.010541399 0.978364408
vn 0.206622496 0.010542265 0.978363931
vn 0.334416956 -0.051801901 0.941000521
vn 0.334412307 -0.051800590 0.941002190
vn 0.440880954 -0.105729006 0.891316712
vn 0.436708152 -0.102494478 0.893745422
vn 0.512166500 -0.141943276 0.847075880
vn 0.504384220 -0.135664746 0.852755308
vn 0.562594175 -0.167005390 0.809689462
vn 0.515673041 -0.804310381 0.295239210
vn -0.629886448 0.417066574 -0.655208766
vn 0.992100179 0.119594835 -0.037871853
vn -0.877632737 0.265717596 0.398942292
vn -0.296469301 -0.476366311 0.827756643
vn -0.301739037 -0.487033129 0.819604993
vn -0.266770363 -0.438679457 0.858133972
vn -0.268827379 -0.442803264 0.855369568
vn -0.195789978 -0.348582357 0.916600585
vn -0.195788324 -0.348580360 0.916601777
vn -0.099046648 -0.223316282 0.969700754
vn -0.099047936 -0.223317489 0.969700396
vn 0.020888394 -0.064511575 0.997698307
vn 0.020886980 -0.064511657 0.997698367
vn 0.142490298 0.100347146 0.984696448
vn 0.142493799 0.100347951 0.984695733
vn 0.241006404 0.236970797 0.941148698
vn 0.241012454 0.236974508 0.941146255
vn 0.315881222 0.340559244 0.885572314
vn 0.318734705 0.347062707 0.882018030
vn 0.364626139 0.405962229 0.837998986
vn 0.369672090 0.418036669 0.829811931
vn 0.405305088 0.465803385 0.786609948
vn -0.925830781 -0.332855880 -0.179009780
vn 0.275079042 0.730753183 0.624764979
vn -0.061638694 -0.994912744 -0.079682626
vn 0.713136673 0.596810818 -0.367767632
vn -0.808342576 -0.490334868 0.325812906
vn 0.077670187 0.116830856 0.990110040
vn -0.389328331 0.657462716 0.645109415
vn -0.821620703 0.103225775 -0.560610175
vn -0.175362170 0.983540297 -0.043549798
vn -0.076529995 -0.116619259 -0.990223765
vn 0.505646527 0.770498514 -0.388141185
vn 0.389922023 -0.656595051 -0.645634413
vn 0.972096801 0.230501607 -0.043554500
vn 0.117609300 -0.984078288 0.133259177
vn 0.757532895 -0.096448414 0.645632744
vn -0.253416240 -0.234751850 0.938441217
vn -0.259648263 -0.241872936 0.934922636
vn -0.236159801 -0.204367712 0.949980199
vn -0.238476649 -0.207004249 0.948829949
vn -0.194852442 -0.136838362 0.971240401
vn -0.194851294 -0.136836305 0.971240938
vn -0.144398898 -0.057218544 0.987863898
vn -0.144397616 -0.057218172 0.987864137
vn -0.084213540 0.035797860 0.995804489
vn -0.084213823 0.035797991 0.995804548
vn -0.022409797 0.129242659 0.991359770
vn -0.022409081 0.129241675 0.991359830
vn 0.031589251 0.209219441 0.977358401
vn 0.031590097 0.209216028 0.977359056
vn 0.078975320 0.278117955 0.957294822
vn 0.081579693 0.280812621 0.956289172
vn 0.113889717 0.327084333 0.938107073
vn 0.119120575 0.332397193 0.935586631
vn 0.146126896 0.370621413 0.917216837
vn 0.696066499 0.474943519 0.538442373
vn -0.879595339 -0.393293917 -0.267641515
vn -0.035732742 -0.997214794 0.065467440
vn 0.219818264 0.915317535 -0.337451935
vn -0.276000023 -0.009429800 0.961111426
vn -0.284949720 -0.010929874 0.958480179
vn -0.244103834 0.002689031 0.969745457
vn -0.247413039 0.002139457 0.968907833
vn -0.171743512 0.027711870 0.984751940
vn -0.171746939 0.027710857 0.984751284
vn -0.086032271 0.056008354 0.994716883
vn -0.086031035 0.056008246 0.994717002
vn 0.014250741 0.088242896 0.995997131
vn 0.014256495 0.088244058 0.995996833
vn 0.115532190 0.119853042 0.986046493
vn 0.115534000 0.119853370 0.986046195
vn 0.202781737 0.146307632 0.968232274
vn 0.202783063 0.146308392 0.968231857
vn 0.282446951 0.169805303 0.944134474
vn 0.279268682 0.169421718 0.945148289
vn 0.339238852 0.186664909 0.921994150
vn 0.332902431 0.185957417 0.924443483
vn 0.382400304 0.199881434 0.902118325
vn -0.961351275 0.263564557 -0.079609163
vn 0.780222297 0.024011575 0.625041187
vn -0.614205718 -0.768577039 -0.178999111
vn 0.795228839 0.482045382 -0.367754579
vn 0.028333388 -0.399282247 0.916390240
vn 0.027408779 -0.411341608 0.911069036
vn 0.022559335 -0.360238731 0.932587326
vn 0.022225440 -0.364752710 0.930839181
vn 0.012033981 -0.267360449 0.963521421
vn 0.012033451 -0.267356247 0.963522613
vn 0.000154457 -0.151826009 0.988407195
vn 0.000154678 -0.151825741 0.988407314
vn -0.013771641 -0.013689027 0.999811530
vn -0.013770537 -0.013693048 0.999811411
vn -0.027633769 0.126798674 0.991543531
vn -0.027633460 0.126798511 0.991543591
vn -0.039188534 0.246377304 0.968381345
vn -0.039188351 0.246373057 0.968382478
vn -0.047730003 0.346310645 0.936904907
vn -0.049149770 0.351518661 0.934889793
vn -0.052232675 0.414483219 0.908556879
vn -0.055036251 0.424604237 0.903704822
vn -0.058275804 0.479176044 0.875782073
vn -0.378705889 -0.913303316 0.149863616
vn 0.436086833 0.850136340 0.295121044
vn -0.604114473 0.795886576 -0.040128410
vn 0.547416031 -0.733563125 -0.402766496
vn 0.026023490 -0.703447819 0.710270405
vn -0.069851704 0.598017335 0.798433483
vn -0.297753274 -0.861067057 -0.412197173
vn -0.994595826 0.039677925 0.095942058
vn 0.642393768 -0.247488514 -0.725313544
vn -0.426108778 0.467152268 -0.774725854
vn 0.307153374 0.913081527 -0.268214405
vn 0.929032683 -0.114554256 0.351817638
vn -0.001676768 -0.007975387 0.999966800
vn 0.131803423 -0.575006008 0.807462573
vn 0.582686067 -0.157395512 0.797310233
vn 0.176253274 0.489465714 0.854024768
vn -0.716088355 -0.014918388 0.697850168
vn -0.497444034 -0.321388662 0.805765927
vn -0.275758684 -0.651500523 0.706756115
vn 0.476590306 -0.540822983 0.693088830
vn 0.653938711 0.225080654 0.722289979
vn 0.424624115 0.583098471 0.692596972
vn -0.010694909 0.703046322 0.711063683
vn -0.381729364 0.584974587 0.715602934
vn -0.498501390 0.331051379 0.801187575
vn 0.795120060 -0.212513745 0.567998230
vn 0.759868383 0.308940172 0.571975708
vn -0.797452211 -0.213375390 0.564394176
vn -0.505977154 -0.645832002 0.571741343
vn -0.006285869 -0.820651770 0.571394086
vn 0.491188288 -0.654779971 0.574453831
vn 0.494171470 0.647943497 0.579623878
vn 0.090296872 0.830076396 0.550290406
vn -0.444758862 0.692992568 0.567407250
vn -0.783075154 0.293100029 0.548530459
vn -0.814835250 -0.453806430 0.360698491
vn -0.252710521 -0.896460474 0.364000052
vn 0.141176254 -0.921413898 0.362029910
vn 0.459995091 -0.806437492 0.371568441
vn 0.736787140 -0.564577341 0.372017592
vn 0.908412576 -0.239004433 0.343020946
vn 0.407713234 0.836680412 0.365699053
vn -0.858502567 0.353589267 0.371413469
vn -0.923158169 -0.102849990 0.370406300
vn -0.552154183 -0.745674014 0.372955829
vn 0.919075251 0.139300153 0.368640989
vn 0.744618356 0.566595197 0.352864593
vn 0.126512349 0.766591489 0.629549146
vn -0.165406704 0.910566270 0.378826827
vn -0.576424003 0.733827055 0.359490365
vn -0.092001550 -0.993804574 0.062355608
vn 0.695982754 -0.713455379 0.081175506
vn 0.998809993 -0.002203256 0.048720952
vn 0.105215028 0.992523551 0.061862461
vn -0.801019251 0.594617665 0.069267690
vn -0.988200903 0.135311186 0.071762100
vn -0.962378621 -0.267316222 0.048676495
vn -0.797382414 -0.595826209 0.095772505
vn -0.494203508 -0.868379831 0.040980533
vn 0.393478751 -0.917590380 0.056590088
vn 0.913160026 -0.400960565 0.073276527
vn 0.912626386 0.407114714 0.037023760
vn 0.588438094 0.806355834 0.059420943
vn -0.398721695 0.915117145 0.059848201
vn -0.746684909 -0.560328007 -0.358460933
vn 0.355834723 -0.878066480 -0.319970191
vn 0.934428632 -0.133180037 -0.330312520
vn 0.596808136 0.730136871 -0.332746625
vn 0.150842637 0.923462570 -0.352793634
vn -0.349366248 0.869722784 -0.348605156
vn -0.725735724 0.580693901 -0.368920475
vn -0.900249362 0.256659508 -0.351677418
vn -0.924515426 -0.144018009 -0.352888256
vn -0.350581974 -0.867763400 -0.352248549
vn -0.007556823 -0.920803428 -0.389953643
vn 0.722478867 -0.580574632 -0.375443101
vn 0.851987481 0.347708315 -0.391428620
vn -0.555264592 -0.059021600 -0.829576910
vn -0.272943139 -0.463508129 -0.843007863
vn 0.214534432 -0.489996493 -0.844913244
vn 0.542954504 -0.072782934 -0.836602151
vn 0.335606784 0.425318390 -0.840519190
vn -0.107851848 0.545953810 -0.830844462
vn -0.397872925 0.304045677 -0.865594268
vn -0.051531326 0.375377476 0.925438404
vn -0.207318544 0.978142142 -0.016032545
vn 0.960673213 0.277664900 0.003058863
vn -0.122583799 0.352985203 -0.927563906
vn 0.861796141 -0.343841404 -0.372935176
vn 0.312242001 -0.395100087 0.863944948
vn -0.177816346 -0.983569264 0.031189194
vn -0.923306167 -0.070447728 0.377548724
vn -0.382221073 -0.320821673 -0.866591394
vn 0.327094674 -0.226909086 0.917344809
vn -0.872330010 0.488374501 -0.023036618
vn -0.412681043 0.401994735 -0.817370594
vn 0.088960230 0.797085822 0.597277403
vn 0.585809052 0.809914470 0.029434254
vn 0.303447127 0.604435980 -0.736598313
vn 0.869494736 -0.493469507 0.021608731
vn 0.405991793 -0.407280385 -0.818103552
vn -0.473329633 -0.176786765 0.862963259
vn -0.184075877 -0.381259173 -0.905956686
vn -0.542153180 -0.839780331 -0.028964847
vn 0.331797689 -0.393068671 0.857558966
vn -0.394164205 -0.917699575 -0.049619094
vn -0.445118427 -0.298598826 0.844220579
vn -0.937264562 0.347875923 -0.022748126
vn -0.131252989 -0.375830680 -0.917346239
vn -0.537096262 0.578620374 0.613780141
vn 0.412898064 0.910569668 -0.019443026
vn -0.540486097 0.592566788 -0.597276688
vn 0.458631575 0.275912762 0.844706595
vn 0.919969082 -0.391889423 0.008917506
vn 0.486845553 0.135187939 -0.862963259
vn -0.447358817 -0.212326542 0.868785083
vn 0.431643695 -0.901987493 0.010113042
vn 0.083004370 -0.568219662 0.818679869
vn 0.126877755 -0.545941830 -0.828160465
vn -0.565481722 0.824635148 0.014399284
vn -0.789747775 -0.457178146 -0.409006923
vn -0.039534468 0.600336313 0.798770010
vn -0.022634530 0.566719115 -0.823600173
vn 0.951276302 0.307291836 -0.025398696
vn 0.600772619 0.310638309 0.736597657
vn 0.336356193 0.193037167 -0.921738148
vn 0.184076712 -0.381260186 0.905956149
vn 0.412683219 0.401996881 0.817368507
vn 0.412683457 0.401995808 -0.817368925
vn 0.184076577 -0.381260544 -0.905956030
vn 0.584990323 -0.811040282 0.000000117
vn -0.875938177 -0.482423425 -0.000000948
vn -0.405992001 -0.407278538 0.818104386
vn -0.405991912 -0.407277495 -0.818104863
vn -0.597295880 0.802021086 0.000001890
vn -0.303445220 0.604432285 0.736602128
vn -0.303446114 0.604435325 -0.736599267
vn 0.875940323 0.482419431 -0.000000564
usemtl field_material_05
f 2//2 8//8 3//3
f 6//6 5//5 10//10
f 3//3 9//9 4//4
f 2//2 1//1 7//7
f 5//5 9//9 10//10
f 9//9 14//14 10//10
f 7//7 12//12 8//8
f 6//6 10//10 14//14
f 8//8 13//13 9//9
f 7//7 1//1 11//11
f 14//14 17//17 18//18
f 11//11 16//16 12//12
f 6//6 14//14 18//18
f 12//12 17//17 13//13
f 11//11 1//1 15//15
f 17//17 22//22 18//18
f 15//15 20//20 16//16
f 6//6 18//18 22//22
f 16//16 21//21 17//17
f 15//15 1//1 19//19
f 22//22 25//25 26//26
f 19//19 24//24 20//20
f 6//6 22//22 26//26
f 20//20 25//25 21//21
f 19//19 1//1 23//23
f 25//25 30//30 26//26
f 23//23 28//28 24//24
f 6//6 26//26 30//30
f 24//24 29//29 25//25
f 23//23 1//1 27//27
f 30//30 33//33 34//34
f 27//27 32//32 28//28
f 6//6 30//30 34//34
f 28//28 33//33 29//29
f 27//27 1//1 31//31
f 33//33 5//5 34//34
f 31//31 3//3 32//32
f 6//6 34//34 5//5
f 32//32 4//4 33//33
f 31//31 1//1 2//2
f 35//35 36//36 44//44
f 36//36 39//39 38//38
f 38//38 41//41 40//40
f 40//40 43//43 42//42
f 41//41 39//39 35//35
f 42//42 45//45 44//44
f 40//40 42//42 44//44
usemtl field_material_17
f 47//47 48//48 46//46
f 49//49 50//50 48//48
f 51//51 52//52 50//50
f 53//53 54//54 52//52
f 55//55 56//56 54//54
f 56//56 59//59 58//58
f 59//59 60//60 58//58
f 61//61 62//62 60//60
usemtl field_material_05
f 67//67 66//66 65//65
f 65//65 68//68 67//67
usemtl field_material_17
f 70//70 71//71 69//69
f 71//71 74//74 73//73
f 74//74 75//75 73//73
f 76//76 77//77 75//75
f 77//77 80//80 79//79
f 79//79 82//82 81//81
f 82//82 83//83 81//81
f 84//84 85//85 83//83
usemtl field_material_05
f 91//91 90//90 88//88
f 89//89 88//88 90//90
usemtl field_material_17
f 93//93 94//94 92//92
f 95//95 96//96 94//94
f 97//97 98//98 96//96
f 99//99 100//100 98//98
f 101//101 102//102 100//100
f 103//103 104//104 102//102
f 104//104 107//107 106//106
f 107//107 108//108 106//106
f 108//108 109//109 110//110
usemtl field_material_05
f 112//112 111//111 113//113
f 114//114 113//113 111//111
f 115//115 118//118 117//117
f 118//118 119//119 117//117
f 119//119 122//122 121//121
f 124//124 122//122 120//120
f 124//124 123//123 121//121
f 123//123 116//116 115//115
f 121//121 123//123 117//117
usemtl field_material_23
f 125//125 128//128 127//127
f 128//128 129//129 127//127
f 130//130 131//131 129//129
f 132//132 133//133 131//131
f 133//133 136//136 135//135
f 136//136 137//137 135//135
f 138//138 139//139 137//137
f 140//140 141//141 139//139
f 141//141 142//142 143//143
usemtl field_material_05
f 146//146 145//145 147//147
f 144//144 147//147 145//145
usemtl field_material_23
f 149//149 150//150 148//148
f 151//151 152//152 150//150
f 152//152 155//155 154//154
f 155//155 156//156 154//154
f 156//156 159//159 158//158
f 158//158 161//161 160//160
f 161//161 162//162 160//160
f 163//163 164//164 162//162
usemtl field_material_05
f 168//168 169//169 167//167
f 170//170 167//167 169//169
usemtl field_material_23
f 172//172 173//173 171//171
f 173//173 176//176 175//175
f 176//176 177//177 175//175
f 178//178 179//179 177//177
f 180//180 181//181 179//179
f 182//182 183//183 181//181
f 184//184 185//185 183//183
f 185//185 188//188 187//187
usemtl field_material_05
f 190//190 191//191 193//193
f 192//192 193//193 191//191
f 194//194 196//196 195//195
f 197//197 198//198 195//195
f 198//198 200//200 199//199
f 200//200 197//197 196//196
f 201//201 194//194 199//199
usemtl field_material_07
f 203//203 204//204 202//202
f 205//205 206//206 204//204
f 207//207 208//208 206//206
f 209//209 210//210 208//208
f 211//211 212//212 210//210
f 213//213 214//214 212//212
f 214//214 217//217 216//216
f 217//217 218//218 216//216
usemtl field_material_05
f 223//223 222//222 221//221
f 221//221 224//224 223//223
usemtl field_material_07
f 225//225 228//228 227//227
f 227//227 230//230 229//229
f 230//230 231//231 229//229
f 232//232 233//233 231//231
f 233//233 236//236 235//235
f 236//236 237//237 235//235
f 238//238 239//239 237//237
f 240//240 241//241 239//239
usemtl field_material_05
f 244//244 247//247 246//246
f 246//246 245//245 244//244
usemtl field_material_07
f 248//248 251//251 250//250
f 251//251 252//252 250//250
f 252//252 255//255 254//254
f 255//255 256//256 254//254
f 257//257 258//258 256//256
f 259//259 260//260 258//258
f 261//261 262//262 260//260
f 262//262 265//265 264//264
usemtl field_material_05
f 267//267 269//269 268//268
f 268//268 270//270 267//267
f 271//271 274//274 273//273
f 275//275 276//276 273//273
f 276//276 278//278 277//277
f 277//277 280//280 279//279
f 279//279 272//272 271//271
f 277//277 279//279 273//273
usemtl field_material_07
f 282//282 283//283 281//281
f 284//284 285//285 283//283
f 286//286 287//287 285//285
f 288//288 289//289 287//287
f 290//290 291//291 289//289
f 291//291 294//294 293//293
f 294//294 295//295 293//293
f 296//296 297//297 295//295
usemtl field_material_05
f 303//303 302//302 301//301
f 300//300 301//301 302//302
usemtl field_material_07
f 304//304 307//307 306//306
f 306//306 309//309 308//308
f 309//309 310//310 308//308
f 311//311 312//312 310//310
f 313//313 314//314 312//312
f 314//314 317//317 316//316
f 317//317 318//318 316//316
f 319//319 320//320 318//318
f 320//320 321//321 322//322
usemtl field_material_05
f 324//324 325//325 323//323
f 326//326 323//323 325//325
usemtl field_material_07
f 328//328 329//329 327//327
f 330//330 331//331 329//329
f 331//331 334//334 333//333
f 333//333 336//336 335//335
f 336//336 337//337 335//335
f 338//338 339//339 337//337
f 339//339 342//342 341//341
f 342//342 343//343 341//341
f 343//343 344//344 345//345
usemtl field_material_05
f 347//347 346//346 348//348
f 349//349 348//348 346//346
f 350//350 353//353 352//352
f 354//354 355//355 352//352
f 356//356 357//357 355//355
f 356//356 354//354 351//351
f 359//359 358//358 357//357
f 358//358 351//351 350//350
f 355//355 357//357 358//358
usemtl field_material_07
f 360//360 363//363 362//362
f 363//363 364//364 362//362
f 365//365 366//366 364//364
f 366//366 369//369 368//368
f 368//368 371//371 370//370
f 371//371 372//372 370//370
f 372//372 375//375 374//374
f 375//375 376//376 374//374
usemtl field_material_05
f 379//379 382//382 381//381
f 381//381 380//380 379//379
usemtl field_material_07
f 383//383 386//386 385//385
f 386//386 387//387 385//385
f 388//388 389//389 387//387
f 389//389 392//392 391//391
f 391//391 394//394 393//393
f 393//393 396//396 395//395
f 396//396 397//397 395//395
f 397//397 400//400 399//399
usemtl field_material_05
f 402//402 403//403 405//405
f 404//404 405//405 403//403
usemtl field_material_07
f 407//407 408//408 406//406
f 408//408 411//411 410//410
f 411//411 412//412 410//410
f 413//413 414//414 412//412
f 415//415 416//416 414//414
f 416//416 419//419 418//418
f 418//418 421//421 420//420
f 421//421 422//422 420//420
f 422//422 423//423 424//424
usemtl field_material_05
f 428//428 427//427 425//425
f 426//426 425//425 427//427
f 429//429 431//431 430//430
f 432//432 433//433 430//430
f 433//433 436//436 435//435
f 434//434 432//432 431//431
f 437//437 429//429 435//435
usemtl field_material_23
f 439//439 440//440 438//438
f 441//441 442//442 440//440
f 443//443 444//444 442//442
f 445//445 446//446 444//444
f 447//447 448//448 446//446
f 449//449 450//450 448//448
f 451//451 452//452 450//450
f 453//453 454//454 452//452
f 454//454 455//455 456//456
usemtl field_material_05
f 457//457 459//459 458//458
f 458//458 460//460 457//457
usemtl field_material_23
f 461//461 464//464 463//463
f 464//464 465//465 463//463
f 466//466 467//467 465//465
f 468//468 469//469 467//467
f 470//470 471//471 469//469
f 471//471 474//474 473//473
f 473//473 476//476 475//475
f 476//476 477//477 475//475
f 477//477 478//478 479//479
usemtl field_material_05
f 481//481 480//480 482//482
f 483//483 482//482 480//480
usemtl field_material_23
f 485//485 486//486 484//484
f 487//487 488//488 486//486
f 488//488 491//491 490//490
f 491//491 492//492 490//490
f 493//493 494//494 492//492
f 495//495 496//496 494//494
f 496//496 499//499 498//498
f 499//499 500//500 498//498
usemtl field_material_05
f 503//503 504//504 506//506
f 505//505 506//506 504//504
f 509//509 508//508 507//507
f 508//508 511//511 510//510
f 511//511 512//512 510//510
f 513//513 514//514 512//512
f 515//515 513//513 511//511
f 515//515 516//516 514//514
f 517//517 507//507 516//516
f 514//514 516//516 508//508
usemtl field_material_23
f 519//519 520//520 518//518
f 521//521 522//522 520//520
f 523//523 524//524 522//522
f 525//525 526//526 524//524
f 526//526 529//529 528//528
f 528//528 531//531 530//530
f 530//530 533//533 532//532
f 533//533 534//534 532//532
f 534//534 535//535 536//536
usemtl field_material_05
f 538//538 537//537 539//539
f 540//540 539//539 537//537
usemtl field_material_23
f 542//542 543//543 541//541
f 544//544 545//545 543//543
f 545//545 548//548 547//547
f 548//548 549//549 547//547
f 549//549 552//552 551//551
f 552//552 553//553 551//551
f 554//554 555//555 553//553
f 556//556 557//557 555//555
usemtl field_material_05
f 560//560 561//561 563//563
f 562//562 563//563 561//561
usemtl field_material_23
f 565//565 566//566 564//564
f 567//567 568//568 566//566
f 569//569 570//570 568//568
f 571//571 572//572 570//570
f 572//572 575//575 574//574
f 575//575 576//576 574//574
f 577//577 578//578 576//576
f 579//579 580//580 578//578
f 580//580 581//581 582//582
usemtl field_material_05
f 583//583 586//586 585//585
f 585//585 584//584 583//583
f 589//589 590//590 587//587
f 591//591 592//592 590//590
f 593//593 594//594 592//592
f 593//593 591//591 588//588
f 596//596 595//595 594//594
f 595//595 588//588 587//587
f 592//592 594//594 595//595
usemtl field_material_17
f 598//598 599//599 597//597
f 600//600 601//601 599//599
f 601//601 604//604 603//603
f 603//603 606//606 605//605
f 606//606 607//607 605//605
f 608//608 609//609 607//607
f 610//610 611//611 609//609
f 611//611 614//614 613//613
f 613//613 614//614 615//615
usemtl field_material_05
f 617//617 616//616 618//618
f 619//619 618//618 616//616
usemtl field_material_17
f 621//621 622//622 620//620
f 622//622 625//625 624//624
f 624//624 627//627 626//626
f 627//627 628//628 626//626
f 628//628 631//631 630//630
f 630//630 633//633 632//632
f 633//633 634//634 632//632
f 635//635 636//636 634//634
f 636//636 637//637 638//638
usemtl field_material_05
f 641//641 640//640 642//642
f 639//639 642//642 640//640
usemtl field_material_17
f 643//643 646//646 645//645
f 645//645 648//648 647//647
f 647//647 650//650 649//649
f 650//650 651//651 649//649
f 651//651 654//654 653//653
f 654//654 655//655 653//653
f 655//655 658//658 657//657
f 657//657 660//660 659//659
usemtl field_material_05
f 663//663 662//662 664//664
f 665//665 664//664 662//662
f 668//668 669//669 666//666
f 669//669 672//672 671//671
f 671//671 674//674 673//673
f 674//674 672//672 670//670
f 674//674 675//675 673//673
f 675//675 667//667 666//666
f 671//671 673//673 675//675
usemtl field_material_23
f 678//678 679//679 677//677
f 679//679 682//682 681//681
f 682//682 683//683 681//681
f 683//683 686//686 685//685
f 686//686 687//687 685//685
f 688//688 689//689 687//687
f 690//690 691//691 689//689
f 692//692 693//693 691//691
usemtl field_material_05
f 696//696 697//697 698//698
f 697//697 699//699 698//698
usemtl field_material_23
f 701//701 702//702 700//700
f 703//703 704//704 702//702
f 704//704 707//707 706//706
f 706//706 709//709 708//708
f 708//708 711//711 710//710
f 711//711 712//712 710//710
f 712//712 715//715 714//714
f 715//715 716//716 714//714
f 716//716 717//717 718//718
usemtl field_material_05
f 719//719 722//722 721//721
f 721//721 720//720 719//719
usemtl field_material_23
f 724//724 725//725 723//723
f 725//725 728//728 727//727
f 728//728 729//729 727//727
f 730//730 731//731 729//729
f 732//732 733//733 731//731
f 734//734 735//735 733//733
f 736//736 737//737 735//735
f 737//737 740//740 739//739
usemtl field_material_05
f 744//744 745//745 742//742
f 743//743 742//742 745//745
f 749//749 748//748 746//746
f 748//748 751//751 750//750
f 752//752 751//751 749//749
f 752//752 753//753 750//750
f 747//747 746//746 753//753
f 746//746 750//750 753//753
usemtl field_material_13
f 754//754 759//759 755//755
f 754//754 755//755 756//756
f 754//754 756//756 757//757
f 754//754 757//757 766//766
f 754//754 766//766 759//759
f 759//759 760//760 755//755
f 756//756 762//762 757//757
f 757//757 765//765 766//766
f 767//767 762//762 756//756
f 770//770 760//760 759//759
f 760//760 771//771 755//755
f 755//755 772//772 761//761
f 761//761 767//767 756//756
f 773//773 764//764 763//763
f 775//775 765//765 764//764
f 775//775 766//766 765//765
f 766//766 776//776 758//758
f 771//771 780//780 772//772
f 781//781 767//767 772//772
f 773//773 783//783 774//774
f 774//774 790//790 775//775
f 775//775 784//784 776//776
f 785//785 777//777 769//769
f 777//777 786//786 770//770
f 786//786 778//778 770//770
f 778//778 779//779 771//771
f 782//782 787//787 767//767
f 787//787 768//768 767//767
f 768//768 788//788 773//773
f 788//788 783//783 773//773
f 789//789 790//790 783//783
f 791//791 784//784 775//775
f 785//785 799//799 777//777
f 799//799 800//800 786//786
f 800//800 778//778 786//786
f 801//801 793//793 780//780
f 802//802 794//794 782//782
f 787//787 803//803 788//788
f 804//804 783//783 788//788
f 783//783 795//795 789//789
f 795//795 805//805 790//790
f 805//805 791//791 790//790
f 805//805 796//796 791//791
f 797//797 785//785 784//784
f 792//792 807//807 801//801
f 817//817 802//802 793//793
f 808//808 794//794 802//802
f 804//804 810//810 795//795
f 814//814 798//798 797//797
f 814//814 806//806 798//798
f 815//815 816//816 792//792
f 816//816 807//807 792//792
f 794//794 818//818 803//803
f 810//810 811//811 795//795
f 813//813 814//814 797//797
f 819//819 806//806 814//814
f 820//820 815//815 806//806
f 820//820 816//816 815//815
f 816//816 821//821 807//807
f 807//807 821//821 817//817
f 817//817 822//822 808//808
f 808//808 822//822 818//818
f 823//823 809//809 818//818
f 823//823 810//810 809//809
f 824//824 811//811 810//810
f 811//811 825//825 812//812
f 812//812 819//819 813//813
f 819//819 814//814 813//813
f 819//819 825//825 820//820
f 820//820 825//825 821//821
f 821//821 825//825 822//822
f 822//822 825//825 823//823
f 823//823 825//825 824//824
usemtl field_material_05
f 826//826 828//828 827//827
f 829//829 828//828 830//830
f 828//828 831//831 830//830
f 829//829 830//830 834//834
f 830//830 831//831 832//832
f 831//831 826//826 833//833
f 833//833 826//826 827//827
f 833//833 829//829 834//834
f 843//843 835//835 838//838
f 837//837 839//839 840//840
f 844//844 837//837 840//840
f 838//838 839//839 836//836
f 839//839 842//842 840//840
f 844//844 840//840 842//842
f 839//839 835//835 841//841
f 835//835 845//845 841//841
f 842//842 845//845 844//844
f 845//845 843//843 836//836
f 845//845 837//837 844//844
f 848//848 849//849 847//847
f 850//850 849//849 853//853
f 848//848 846//846 851//851
f 849//849 851//851 852//852
f 852//852 856//856 853//853
f 851//851 846//846 854//854
f 850//850 853//853 856//856
f 854//854 855//855 852//852
f 855//855 846//846 847//847
f 855//855 850//850 856//856
f 867//867 860//860 862//862
f 859//859 862//862 858//858
f 862//862 857//857 861//861
f 861//861 864//864 862//862
f 867//867 862//862 864//864
f 864//864 865//865 867//867
f 863//863 857//857 866//866
f 863//863 865//865 861//861
f 865//865 859//859 858//858
f 865//865 860//860 867//867
f 866//866 857//857 859//859
f 870//870 872//872 871//871
f 869//869 872//872 879//879
f 872//872 874//874 873//873
f 872//872 875//875 871//871
f 875//875 876//876 878//878
f 874//874 868//868 877//877
f 871//871 875//875 878//878
f 874//874 876//876 873//873
f 876//876 870//870 878//878
f 877//877 868//868 869//869
f 871//871 878//878 870//870
f 876//876 869//869 879//879
f 2//2 7//7 8//8
f 3//3 8//8 9//9
f 5//5 4//4 9//9
f 9//9 13//13 14//14
f 7//7 11//11 12//12
f 8//8 12//12 13//13
f 14//14 13//13 17//17
f 11//11 15//15 16//16
f 12//12 16//16 17//17
f 17//17 21//21 22//22
f 15//15 19//19 20//20
f 16//16 20//20 21//21
f 22//22 21//21 25//25
f 19//19 23//23 24//24
f 20//20 24//24 25//25
f 25//25 29//29 30//30
f 23//23 27//27 28//28
f 24//24 28//28 29//29
f 30//30 29//29 33//33
f 27//27 31//31 32//32
f 28//28 32//32 33//33
f 33//33 4//4 5//5
f 31//31 2//2 3//3
f 32//32 3//3 4//4
f 35//35 37//37 36//36
f 36//36 37//37 39//39
f 38//38 39//39 41//41
f 40//40 41//41 43//43
f 39//39 37//37 35//35
f 35//35 45//45 43//43
f 43//43 41//41 35//35
f 42//42 43//43 45//45
f 44//44 45//45 35//35
f 44//44 36//36 40//40
f 36//36 38//38 40//40
usemtl field_material_17
f 47//47 49//49 48//48
f 49//49 51//51 50//50
f 51//51 53//53 52//52
f 53//53 55//55 54//54
f 55//55 57//57 56//56
f 56//56 57//57 59//59
f 59//59 61//61 60//60
f 61//61 63//63 62//62
f 63//63 64//64 62//62
usemtl field_material_05
f 65//65 66//66 68//68
f 67//67 68//68 66//66
usemtl field_material_17
f 70//70 72//72 71//71
f 71//71 72//72 74//74
f 74//74 76//76 75//75
f 76//76 78//78 77//77
f 77//77 78//78 80//80
f 79//79 80//80 82//82
f 82//82 84//84 83//83
f 84//84 86//86 85//85
f 86//86 87//87 85//85
usemtl field_material_05
f 89//89 91//91 88//88
f 91//91 89//89 90//90
usemtl field_material_17
f 93//93 95//95 94//94
f 95//95 97//97 96//96
f 97//97 99//99 98//98
f 99//99 101//101 100//100
f 101//101 103//103 102//102
f 103//103 105//105 104//104
f 104//104 105//105 107//107
f 107//107 109//109 108//108
usemtl field_material_05
f 111//111 112//112 114//114
f 113//113 114//114 112//112
f 115//115 116//116 118//118
f 118//118 120//120 119//119
f 119//119 120//120 122//122
f 122//122 124//124 121//121
f 120//120 118//118 124//124
f 118//118 116//116 124//124
f 123//123 124//124 116//116
f 123//123 115//115 117//117
f 117//117 119//119 121//121
usemtl field_material_23
f 125//125 126//126 128//128
f 128//128 130//130 129//129
f 130//130 132//132 131//131
f 132//132 134//134 133//133
f 133//133 134//134 136//136
f 136//136 138//138 137//137
f 138//138 140//140 139//139
f 140//140 142//142 141//141
usemtl field_material_05
f 144//144 146//146 147//147
f 146//146 144//144 145//145
usemtl field_material_23
f 149//149 151//151 150//150
f 151//151 153//153 152//152
f 152//152 153//153 155//155
f 155//155 157//157 156//156
f 156//156 157//157 159//159
f 158//158 159//159 161//161
f 161//161 163//163 162//162
f 163//163 165//165 164//164
f 165//165 166//166 164//164
usemtl field_material_05
f 168//168 170//170 169//169
f 170//170 168//168 167//167
usemtl field_material_23
f 172//172 174//174 173//173
f 173//173 174//174 176//176
f 176//176 178//178 177//177
f 178//178 180//180 179//179
f 180//180 182//182 181//181
f 182//182 184//184 183//183
f 184//184 186//186 185//185
f 185//185 186//186 188//188
f 188//188 189//189 187//187
usemtl field_material_05
f 190//190 192//192 191//191
f 192//192 190//190 193//193
f 195//195 196//196 197//197
f 197//197 200//200 198//198
f 196//196 201//201 200//200
f 199//199 200//200 201//201
f 201//201 196//196 194//194
f 199//199 194//194 195//195
f 195//195 198//198 199//199
usemtl field_material_07
f 203//203 205//205 204//204
f 205//205 207//207 206//206
f 207//207 209//209 208//208
f 209//209 211//211 210//210
f 211//211 213//213 212//212
f 213//213 215//215 214//214
f 214//214 215//215 217//217
f 217//217 219//219 218//218
f 219//219 220//220 218//218
usemtl field_material_05
f 222//222 224//224 221//221
f 224//224 222//222 223//223
usemtl field_material_07
f 225//225 226//226 228//228
f 227//227 228//228 230//230
f 230//230 232//232 231//231
f 232//232 234//234 233//233
f 233//233 234//234 236//236
f 236//236 238//238 237//237
f 238//238 240//240 239//239
f 240//240 242//242 241//241
f 242//242 243//243 241//241
usemtl field_material_05
f 244//244 245//245 247//247
f 246//246 247//247 245//245
usemtl field_material_07
f 248//248 249//249 251//251
f 251//251 253//253 252//252
f 252//252 253//253 255//255
f 255//255 257//257 256//256
f 257//257 259//259 258//258
f 259//259 261//261 260//260
f 261//261 263//263 262//262
f 262//262 263//263 265//265
f 265//265 266//266 264//264
usemtl field_material_05
f 268//268 269//269 270//270
f 267//267 270//270 269//269
f 271//271 272//272 274//274
f 273//273 274//274 275//275
f 275//275 278//278 276//276
f 275//275 274//274 278//278
f 274//274 272//272 278//278
f 272//272 280//280 278//278
f 277//277 278//278 280//280
f 279//279 280//280 272//272
f 279//279 271//271 273//273
f 276//276 277//277 273//273
usemtl field_material_07
f 282//282 284//284 283//283
f 284//284 286//286 285//285
f 286//286 288//288 287//287
f 288//288 290//290 289//289
f 290//290 292//292 291//291
f 291//291 292//292 294//294
f 294//294 296//296 295//295
f 296//296 298//298 297//297
f 298//298 299//299 297//297
usemtl field_material_05
f 300//300 303//303 301//301
f 303//303 300//300 302//302
usemtl field_material_07
f 304//304 305//305 307//307
f 306//306 307//307 309//309
f 309//309 311//311 310//310
f 311//311 313//313 312//312
f 313//313 315//315 314//314
f 314//314 315//315 317//317
f 317//317 319//319 318//318
f 319//319 321//321 320//320
usemtl field_material_05
f 324//324 326//326 325//325
f 326//326 324//324 323//323
usemtl field_material_07
f 328//328 330//330 329//329
f 330//330 332//332 331//331
f 331//331 332//332 334//334
f 333//333 334//334 336//336
f 336//336 338//338 337//337
f 338//338 340//340 339//339
f 339//339 340//340 342//342
f 342//342 344//344 343//343
usemtl field_material_05
f 347//347 349//349 346//346
f 349//349 347//347 348//348
f 350//350 351//351 353//353
f 352//352 353//353 354//354
f 354//354 356//356 355//355
f 356//356 359//359 357//357
f 354//354 353//353 351//351
f 359//359 356//356 351//351
f 358//358 359//359 351//351
f 358//358 350//350 355//355
f 350//350 352//352 355//355
usemtl field_material_07
f 360//360 361//361 363//363
f 363//363 365//365 364//364
f 365//365 367//367 366//366
f 366//366 367//367 369//369
f 368//368 369//369 371//371
f 371//371 373//373 372//372
f 372//372 373//373 375//375
f 375//375 377//377 376//376
f 377//377 378//378 376//376
usemtl field_material_05
f 379//379 380//380 382//382
f 381//381 382//382 380//380
usemtl field_material_07
f 383//383 384//384 386//386
f 386//386 388//388 387//387
f 388//388 390//390 389//389
f 389//389 390//390 392//392
f 391//391 392//392 394//394
f 393//393 394//394 396//396
f 396//396 398//398 397//397
f 397//397 398//398 400//400
f 400//400 401//401 399//399
usemtl field_material_05
f 402//402 404//404 403//403
f 404//404 402//402 405//405
usemtl field_material_07
f 407//407 409//409 408//408
f 408//408 409//409 411//411
f 411//411 413//413 412//412
f 413//413 415//415 414//414
f 415//415 417//417 416//416
f 416//416 417//417 419//419
f 418//418 419//419 421//421
f 421//421 423//423 422//422
usemtl field_material_05
f 425//425 426//426 428//428
f 427//427 428//428 426//426
f 430//430 431//431 432//432
f 432//432 434//434 433//433
f 433//433 434//434 436//436
f 431//431 437//437 436//436
f 436//436 434//434 431//431
f 436//436 437//437 435//435
f 437//437 431//431 429//429
f 435//435 429//429 433//433
f 429//429 430//430 433//433
usemtl field_material_23
f 439//439 441//441 440//440
f 441//441 443//443 442//442
f 443//443 445//445 444//444
f 445//445 447//447 446//446
f 447//447 449//449 448//448
f 449//449 451//451 450//450
f 451//451 453//453 452//452
f 453//453 455//455 454//454
usemtl field_material_05
f 459//459 460//460 458//458
f 457//457 460//460 459//459
usemtl field_material_23
f 461//461 462//462 464//464
f 464//464 466//466 465//465
f 466//466 468//468 467//467
f 468//468 470//470 469//469
f 470//470 472//472 471//471
f 471//471 472//472 474//474
f 473//473 474//474 476//476
f 476//476 478//478 477//477
usemtl field_material_05
f 481//481 483//483 480//480
f 483//483 481//481 482//482
usemtl field_material_23
f 485//485 487//487 486//486
f 487//487 489//489 488//488
f 488//488 489//489 491//491
f 491//491 493//493 492//492
f 493//493 495//495 494//494
f 495//495 497//497 496//496
f 496//496 497//497 499//499
f 499//499 501//501 500//500
f 501//501 502//502 500//500
usemtl field_material_05
f 503//503 505//505 504//504
f 505//505 503//503 506//506
f 508//508 509//509 511//511
f 511//511 513//513 512//512
f 513//513 515//515 514//514
f 509//509 517//517 511//511
f 517//517 515//515 511//511
f 515//515 517//517 516//516
f 517//517 509//509 507//507
f 516//516 507//507 508//508
f 508//508 510//510 512//512
f 512//512 514//514 508//508
usemtl field_material_23
f 519//519 521//521 520//520
f 521//521 523//523 522//522
f 523//523 525//525 524//524
f 525//525 527//527 526//526
f 526//526 527//527 529//529
f 528//528 529//529 531//531
f 530//530 531//531 533//533
f 533//533 535//535 534//534
usemtl field_material_05
f 538//538 540//540 537//537
f 540//540 538//538 539//539
usemtl field_material_23
f 542//542 544//544 543//543
f 544//544 546//546 545//545
f 545//545 546//546 548//548
f 548//548 550//550 549//549
f 549//549 550//550 552//552
f 552//552 554//554 553//553
f 554//554 556//556 555//555
f 556//556 558//558 557//557
f 558//558 559//559 557//557
usemtl field_material_05
f 560//560 562//562 561//561
f 562//562 560//560 563//563
usemtl field_material_23
f 565//565 567//567 566//566
f 567//567 569//569 568//568
f 569//569 571//571 570//570
f 571//571 573//573 572//572
f 572//572 573//573 575//575
f 575//575 577//577 576//576
f 577//577 579//579 578//578
f 579//579 581//581 580//580
usemtl field_material_05
f 583//583 584//584 586//586
f 585//585 586//586 584//584
f 587//587 588//588 589//589
f 589//589 591//591 590//590
f 591//591 593//593 592//592
f 593//593 596//596 594//594
f 591//591 589//589 588//588
f 596//596 593//593 588//588
f 595//595 596//596 588//588
f 595//595 587//587 592//592
f 587//587 590//590 592//592
usemtl field_material_17
f 598//598 600//600 599//599
f 600//600 602//602 601//601
f 601//601 602//602 604//604
f 603//603 604//604 606//606
f 606//606 608//608 607//607
f 608//608 610//610 609//609
f 610//610 612//612 611//611
f 611//611 612//612 614//614
usemtl field_material_05
f 617//617 619//619 616//616
f 618//618 619//619 617//617
usemtl field_material_17
f 621//621 623//623 622//622
f 622//622 623//623 625//625
f 624//624 625//625 627//627
f 627//627 629//629 628//628
f 628//628 629//629 631//631
f 630//630 631//631 633//633
f 633//633 635//635 634//634
f 635//635 637//637 636//636
usemtl field_material_05
f 639//639 641//641 642//642
f 640//640 641//641 639//639
usemtl field_material_17
f 643//643 644//644 646//646
f 645//645 646//646 648//648
f 647//647 648//648 650//650
f 650//650 652//652 651//651
f 651//651 652//652 654//654
f 654//654 656//656 655//655
f 655//655 656//656 658//658
f 657//657 658//658 660//660
f 660//660 661//661 659//659
usemtl field_material_05
f 662//662 663//663 665//665
f 664//664 665//665 663//663
f 667//667 668//668 666//666
f 668//668 670//670 669//669
f 669//669 670//670 672//672
f 671//671 672//672 674//674
f 670//670 668//668 667//667
f 667//667 676//676 670//670
f 676//676 674//674 670//670
f 674//674 676//676 675//675
f 675//675 676//676 667//667
f 675//675 666//666 671//671
f 666//666 669//669 671//671
usemtl field_material_23
f 678//678 680//680 679//679
f 679//679 680//680 682//682
f 682//682 684//684 683//683
f 683//683 684//684 686//686
f 686//686 688//688 687//687
f 688//688 690//690 689//689
f 690//690 692//692 691//691
f 692//692 694//694 693//693
f 694//694 695//695 693//693
usemtl field_material_05
f 696//696 699//699 697//697
f 698//698 699//699 696//696
usemtl field_material_23
f 701//701 703//703 702//702
f 703//703 705//705 704//704
f 704//704 705//705 707//707
f 706//706 707//707 709//709
f 708//708 709//709 711//711
f 711//711 713//713 712//712
f 712//712 713//713 715//715
f 715//715 717//717 716//716
usemtl field_material_05
f 720//720 722//722 719//719
f 722//722 720//720 721//721
usemtl field_material_23
f 724//724 726//726 725//725
f 725//725 726//726 728//728
f 728//728 730//730 729//729
f 730//730 732//732 731//731
f 732//732 734//734 733//733
f 734//734 736//736 735//735
f 736//736 738//738 737//737
f 737//737 738//738 740//740
f 740//740 741//741 739//739
usemtl field_material_05
f 742//742 743//743 744//744
f 744//744 743//743 745//745
f 747//747 749//749 746//746
f 748//748 749//749 751//751
f 750//750 751//751 752//752
f 749//749 747//747 752//752
f 752//752 747//747 753//753
f 746//746 748//748 750//750
usemtl field_material_13
f 755//755 761//761 756//756
f 762//762 763//763 757//757
f 763//763 764//764 757//757
f 757//757 764//764 765//765
f 766//766 758//758 759//759
f 758//758 769//769 759//759
f 767//767 768//768 762//762
f 762//762 768//768 763//763
f 769//769 770//770 759//759
f 760//760 770//770 771//771
f 755//755 771//771 772//772
f 761//761 772//772 767//767
f 768//768 773//773 763//763
f 773//773 774//774 764//764
f 774//774 775//775 764//764
f 775//775 776//776 766//766
f 776//776 769//769 758//758
f 769//769 777//777 770//770
f 770//770 778//778 771//771
f 771//771 779//779 780//780
f 780//780 781//781 772//772
f 767//767 781//781 782//782
f 774//774 783//783 790//790
f 775//775 790//790 791//791
f 776//776 784//784 769//769
f 787//787 788//788 768//768
f 784//784 785//785 769//769
f 777//777 799//799 786//786
f 778//778 792//792 779//779
f 779//779 792//792 801//801
f 779//779 801//801 780//780
f 780//780 793//793 781//781
f 781//781 793//793 802//802
f 781//781 802//802 782//782
f 782//782 794//794 787//787
f 789//789 795//795 790//790
f 791//791 796//796 784//784
f 785//785 797//797 798//798
f 785//785 798//798 799//799
f 800//800 792//792 778//778
f 794//794 803//803 787//787
f 788//788 803//803 804//804
f 783//783 804//804 795//795
f 796//796 797//797 784//784
f 798//798 806//806 799//799
f 799//799 806//806 800//800
f 800//800 815//815 792//792
f 801//801 817//817 793//793
f 803//803 809//809 804//804
f 795//795 811//811 805//805
f 805//805 812//812 796//796
f 796//796 813//813 797//797
f 806//806 815//815 800//800
f 801//801 807//807 817//817
f 802//802 817//817 808//808
f 794//794 808//808 818//818
f 803//803 818//818 809//809
f 804//804 809//809 810//810
f 805//805 811//811 812//812
f 796//796 812//812 813//813
f 806//806 819//819 820//820
f 820//820 821//821 816//816
f 817//817 821//821 822//822
f 822//822 823//823 818//818
f 810//810 823//823 824//824
f 811//811 824//824 825//825
f 812//812 825//825 819//819
usemtl field_material_05
f 829//829 827//827 828//828
f 826//826 831//831 828//828
f 830//830 832//832 834//834
f 831//831 833//833 832//832
f 834//834 832//832 833//833
f 833//833 827//827 829//829
f 843//843 838//838 836//836
f 837//837 836//836 839//839
f 839//839 838//838 835//835
f 839//839 841//841 842//842
f 835//835 843//843 845//845
f 842//842 841//841 845//845
f 845//845 836//836 837//837
f 850//850 847//847 849//849
f 848//848 851//851 849//849
f 849//849 852//852 853//853
f 852//852 851//851 854//854
f 856//856 852//852 855//855
f 854//854 846//846 855//855
f 855//855 847//847 850//850
f 847//847 846//846 848//848
f 859//859 857//857 862//862
f 860//860 858//858 862//862
f 861//861 857//857 863//863
f 864//864 861//861 865//865
f 863//863 866//866 865//865
f 865//865 866//866 859//859
f 865//865 858//858 860//860
f 870//870 879//879 872//872
f 869//869 868//868 872//872
f 872//872 868//868 874//874
f 872//872 873//873 875//875
f 875//875 873//873 876//876
f 874//874 877//877 876//876
f 876//876 879//879 870//870
f 876//876 877//877 869//869
