# Strawberry URP Gazebo mesh generated by export_gazebo_assets.py
mtllib plant_variant_17.mtl

o field_export_plant_variant_17
v 0.000000000 0.000000000 0.025000000
v 0.000000000 0.026450338 0.020225426
v 0.000000000 0.042797547 0.007725425
v 0.000000000 0.042797547 -0.007725425
v 0.000000000 0.026450338 -0.020225426
v 0.000000000 0.000000000 -0.025000000
v 0.018703211 0.018703211 0.020225426
v 0.030262435 0.030262435 0.007725425
v 0.030262435 0.030262435 -0.007725425
v 0.018703211 0.018703211 -0.020225426
v 0.026450334 0.000000000 0.020225426
v 0.042797547 0.000000000 0.007725425
v 0.042797547 0.000000000 -0.007725425
v 0.026450334 0.000000000 -0.020225426
v 0.018703211 -0.018703211 0.020225426
v 0.030262435 -0.030262435 0.007725425
v 0.030262435 -0.030262435 -0.007725425
v 0.018703211 -0.018703211 -0.020225426
v 0.000000000 -0.026450334 0.020225426
v 0.000000000 -0.042797547 0.007725425
v 0.000000000 -0.042797547 -0.007725425
v 0.000000000 -0.026450334 -0.020225426
v -0.018703211 -0.018703211 0.020225426
v -0.030262435 -0.030262435 0.007725425
v -0.030262435 -0.030262435 -0.007725425
v -0.018703211 -0.018703211 -0.020225426
v -0.026450334 0.000000000 0.020225426
v -0.042797547 0.000000000 0.007725425
v -0.042797547 0.000000000 -0.007725425
v -0.026450334 0.000000000 -0.020225426
v -0.018703211 0.018703211 0.020225426
v -0.030262435 0.030262435 0.007725425
v -0.030262435 0.030262435 -0.007725425
v -0.018703211 0.018703211 -0.020225426
v 0.000541484 -0.004788116 0.005077474
v -0.018406156 0.162757456 0.165095598
v -0.005753039 -0.003075287 0.002538733
v -0.024700679 0.164470285 0.162556857
v -0.006294524 0.001712836 -0.002538733
v -0.025242165 0.169258416 0.157479405
v -0.000541486 0.004788116 -0.005077474
v -0.019489126 0.172333688 0.154940665
v 0.005753038 0.003075287 -0.002538733
v -0.013194603 0.170620859 0.157479405
v 0.006294522 -0.001712836 0.002538733
v -0.012653118 0.165832728 0.162556857
v -0.052189015 0.182408810 0.168769300
v 0.010197700 0.189409465 0.168463364
v -0.054043483 0.191502035 0.172394276
v 0.010000344 0.198744714 0.172160059
v -0.069377296 0.199162841 0.175594270
v 0.023258790 0.209639013 0.175255492
v -0.064191565 0.209210604 0.177997708
v 0.015977651 0.218276903 0.177704528
v -0.076538034 0.217349753 0.179660529
v 0.026206359 0.228969067 0.179284781
v -0.066320896 0.228117317 0.180407703
v 0.013848316 0.237183601 0.180114523
v -0.073635966 0.236976236 0.180414274
v 0.019000120 0.247452408 0.180075496
v -0.060431488 0.248222142 0.179624289
v 0.003612336 0.255464822 0.179390073
v -0.060697343 0.257998914 0.178294450
v 0.001686099 0.265017390 0.178143501
v -0.031685818 0.280969173 0.174494043
v -0.020129515 0.167317972 0.160795957
v -0.031131433 0.266644955 0.173344374
v -0.031255770 0.266965657 0.170572236
v -0.017441729 0.167816341 0.159186184
v -0.028471131 0.267132312 0.171800107
v 0.015762633 0.198288277 0.170621529
v 0.056916006 0.171992555 0.167034313
v 0.019433780 0.204793721 0.174158022
v 0.061723124 0.177843109 0.170602128
v 0.014190597 0.217015848 0.177826524
v 0.075359941 0.178033188 0.172683120
v 0.022443682 0.220631376 0.179397538
v 0.075380921 0.186894953 0.174946323
v 0.019060628 0.231656313 0.180873245
v 0.086904690 0.188419908 0.175168589
v 0.030515356 0.233218849 0.179989740
v 0.083452597 0.199482426 0.175538510
v 0.030333944 0.242190778 0.179010928
v 0.091503292 0.203208119 0.173867509
v 0.043648802 0.242556125 0.175934613
v 0.085938148 0.215605497 0.172378719
v 0.048025541 0.248613089 0.172823846
v 0.089210726 0.222339556 0.169468656
v 0.076207519 0.248301610 0.163581431
v 0.070837960 0.237780064 0.172475621
v 0.027903724 0.173061013 0.158215314
v 0.068257518 0.239609644 0.171461016
v 0.027632261 0.172635034 0.161498666
v -0.093673803 0.156204253 0.169223815
v -0.059324574 0.190973967 0.166201442
v -0.099517837 0.161293551 0.172162354
v -0.064287633 0.197035670 0.169212446
v -0.112773456 0.158818647 0.175116107
v -0.061814796 0.210517794 0.170849219
v -0.114715725 0.167701215 0.176154867
v -0.070615031 0.212442726 0.172462210
v -0.126273766 0.166694105 0.176919490
v -0.069754571 0.224034578 0.172187001
v -0.125390038 0.178170651 0.175524920
v -0.081289344 0.222912163 0.171832263
v -0.134122074 0.179757521 0.173856199
v -0.083163425 0.231456667 0.169589311
v -0.131540775 0.192701861 0.170272499
v -0.096310578 0.228443995 0.167322591
v -0.136351645 0.198062658 0.166666701
v -0.102035820 0.232862830 0.163644314
v -0.129706115 0.225027353 0.156256407
v -0.066791445 0.160985455 0.160567865
v -0.121313594 0.216604888 0.173385352
v -0.066063441 0.162215143 0.158326998
v -0.121157743 0.217433259 0.170326993
v -0.064630128 0.163040221 0.161197379
v 0.003307648 -0.003605045 0.005006298
v -0.145580411 0.158669889 0.220231995
v -0.002813078 -0.005900912 0.002503149
v -0.151701123 0.156374037 0.217728853
v -0.006120741 -0.002295852 -0.002503134
v -0.155008793 0.159979090 0.212722570
v -0.003307678 0.003605075 -0.005006284
v -0.152195722 0.165880024 0.210219413
v 0.002813049 0.005900942 -0.002503134
v -0.146075010 0.168175876 0.212722570
v 0.006120712 0.002295882 0.002503149
v -0.142767340 0.164570823 0.217728853
v -0.184706613 0.154962748 0.226559326
v -0.138415173 0.197368100 0.226066440
v -0.191661894 0.161344707 0.230998069
v -0.144170910 0.204917908 0.230671108
v -0.208645582 0.158602491 0.234794468
v -0.139952347 0.221628875 0.234321535
v -0.210436404 0.169852674 0.237348825
v -0.150987834 0.224397033 0.236939535
v -0.225253850 0.169209853 0.238724232
v -0.149064928 0.239113569 0.238199681
v -0.223366261 0.183955014 0.238671213
v -0.163917691 0.238499373 0.238261938
v -0.234505296 0.186807156 0.237439245
v -0.165812060 0.249833539 0.236966312
v -0.230451450 0.203651696 0.234965235
v -0.182960480 0.247224897 0.234638274
v -0.236391723 0.211337835 0.231782928
v -0.190151155 0.253795683 0.231312975
v -0.226483494 0.246826723 0.223176986
v -0.150178850 0.161126226 0.215007707
v -0.217543006 0.234985724 0.227296710
v -0.148225784 0.163118094 0.213779852
v -0.148065388 0.162813827 0.216551974
v -0.215238750 0.237146944 0.227007717
v -0.139417529 0.206950933 0.228936464
v -0.090548970 0.209955677 0.228078753
v -0.140448853 0.214154080 0.234232590
v -0.090278126 0.217288926 0.233569175
v -0.152045757 0.220749184 0.238783270
v -0.079476416 0.225283593 0.237823680
v -0.147582144 0.228403747 0.241720498
v -0.084779099 0.232327923 0.240890041
v -0.156868607 0.235261545 0.243276820
v -0.076380596 0.240290731 0.242212519
v -0.148495436 0.243287370 0.242981777
v -0.085692398 0.247211531 0.242151335
v -0.153872371 0.250516415 0.241305843
v -0.081303030 0.255050808 0.240346253
v -0.143188775 0.258804917 0.238016441
v -0.093018048 0.261939764 0.237353027
v -0.143069342 0.266478628 0.233920738
v -0.094204992 0.269532204 0.233076617
v -0.119798809 0.283284366 0.222801939
v -0.114982627 0.193764418 0.216782719
v -0.118364356 0.271705240 0.228782684
v -0.113759704 0.194284841 0.213902161
v -0.119642556 0.272069395 0.225902125
v -0.201379403 0.108752534 0.224755377
v -0.194109604 0.157139361 0.222813472
v -0.208611757 0.109308593 0.228274316
v -0.201184064 0.158994675 0.226405561
v -0.217469215 0.099406146 0.231680512
v -0.206725419 0.171274483 0.228977472
v -0.224002078 0.105408914 0.233681366
v -0.214704186 0.167605281 0.231342077
v -0.232629925 0.097794220 0.235294133
v -0.220713794 0.177504703 0.232296109
v -0.238704681 0.107668370 0.235317111
v -0.229406774 0.169864729 0.232977822
v -0.246874392 0.103925049 0.234952003
v -0.236130610 0.175793380 0.232248947
v -0.252719551 0.116086945 0.233181536
v -0.245291829 0.165773019 0.231312782
v -0.260148674 0.117784336 0.231250286
v -0.252937794 0.166178897 0.229325458
v -0.271717846 0.144016221 0.225054860
v -0.183861092 0.128797159 0.214668632
v -0.260437340 0.141998738 0.228706270
v -0.183239594 0.131898746 0.215683237
v -0.260936916 0.142073423 0.225422919
v 0.004765257 0.000538173 0.005099304
v -0.223071918 -0.025192887 0.220726550
v 0.003062949 -0.005754795 0.002549656
v -0.224774227 -0.031485856 0.218176901
v -0.001702294 -0.006292962 -0.002549641
v -0.229539469 -0.032024022 0.213077605
v -0.004765227 -0.000538162 -0.005099289
v -0.232602403 -0.026269224 0.210527956
v -0.003062919 0.005754806 -0.002549641
v -0.230900094 -0.019976255 0.213077605
v 0.001702324 0.006292973 0.002549656
v -0.226134852 -0.019438088 0.218176901
v -0.242820501 -0.059309807 0.224353030
v -0.249802008 0.003052013 0.226235986
v -0.251965284 -0.061307505 0.228297412
v -0.259194672 0.002705699 0.230339170
v -0.259675384 -0.076757461 0.231216863
v -0.270132333 0.015834332 0.234170154
v -0.269761533 -0.071665145 0.233877331
v -0.278811187 0.008465737 0.236433178
v -0.277935237 -0.084060363 0.234960362
v -0.289533257 0.018634900 0.238235921
v -0.288724989 -0.073865205 0.235708296
v -0.297774673 0.006265678 0.238264143
v -0.297602296 -0.081157580 0.234878808
v -0.308059245 0.011434212 0.237832099
v -0.308855653 -0.067907684 0.233790323
v -0.316085070 -0.003894480 0.235832080
v -0.318637252 -0.068095118 0.231526807
v -0.325644910 -0.005744987 0.233622253
v -0.341597021 -0.038885593 0.226631388
v -0.227721348 -0.027298257 0.215120688
v -0.326921850 -0.038198054 0.228811920
v -0.228128299 -0.024699191 0.214181408
v -0.227734014 -0.024971973 0.217191353
v -0.327437162 -0.035856493 0.226734534
v -0.258371085 0.007960000 0.225160062
v -0.232020304 0.049233887 0.225339875
v -0.264792651 0.011252698 0.229070991
v -0.237768546 0.053643208 0.229403943
v -0.276950687 0.005668934 0.232341394
v -0.237861708 0.066984609 0.232822984
v -0.280499250 0.013714787 0.234802306
v -0.246670812 0.066778660 0.235219091
v -0.291500390 0.010209385 0.236150235
v -0.248146087 0.078215733 0.236684367
v -0.293037146 0.021693958 0.236557558
v -0.259208709 0.074757837 0.236974344
v -0.302026480 0.021627277 0.235851899
v -0.262937486 0.082942955 0.236333489
v -0.302406341 0.035190213 0.234336749
v -0.275382251 0.077580720 0.234669685
v -0.308493346 0.039860770 0.232125565
v -0.282189906 0.081162646 0.232327789
v -0.308337957 0.068794861 0.226169810
v -0.233960539 0.019483065 0.216177031
v -0.299233645 0.061974172 0.228947520
v -0.233323321 0.021107009 0.213995352
v -0.299638689 0.062128603 0.226187959
v -0.232276618 0.021944318 0.216806546
v -0.297982633 0.064376518 0.227410257
v -0.216247022 -0.100283906 0.228284776
v -0.251060307 -0.065902971 0.226307616
v -0.221269056 -0.106073275 0.232813984
v -0.257044762 -0.070799299 0.231020764
v -0.218724325 -0.119278878 0.236893550
v -0.270472020 -0.068256907 0.234299749
v -0.227578342 -0.121175364 0.239052624
v -0.272361875 -0.077019878 0.236807883
v -0.226567626 -0.132719964 0.240201369
v -0.283961952 -0.076130562 0.237324521
v -0.238087654 -0.131828487 0.239164144
v -0.282871187 -0.087673001 0.236919403
v -0.239742935 -0.140585124 0.237116590
v -0.291490614 -0.089563146 0.234522790
v -0.252796978 -0.138032630 0.233148545
v -0.288572669 -0.102758661 0.231355309
v -0.258274317 -0.142893285 0.228458688
v -0.293121159 -0.108527727 0.226879627
v -0.285625964 -0.136268064 0.216309592
v -0.221531883 -0.073195718 0.216806546
v -0.276629120 -0.128327474 0.229184255
v -0.223453283 -0.071748041 0.214738593
v -0.276728243 -0.128877088 0.226187959
v -0.278498828 -0.126929313 0.227122977
v 0.001642209 0.003584787 0.005783826
v -0.085616991 -0.186892867 0.148616165
v 0.006332491 -0.000732407 0.002891921
v -0.080926701 -0.191210061 0.145724267
v 0.004690278 -0.004317179 -0.002891906
v -0.082568914 -0.194794834 0.139940441
v -0.001642209 -0.003584757 -0.005783811
v -0.088901401 -0.194062412 0.137048528
v -0.006332491 0.000732437 -0.002891906
v -0.093591690 -0.189745218 0.139940441
v -0.004690278 0.004317209 0.002891921
v -0.091949478 -0.186160445 0.145724267
v -0.067357585 -0.219598591 0.160244241
v -0.124257252 -0.193500027 0.155481204
v -0.070820346 -0.228112385 0.166319847
v -0.129265755 -0.201338112 0.161694273
v -0.061962098 -0.242353961 0.172431231
v -0.146500349 -0.203626350 0.165740594
v -0.071782619 -0.248153090 0.175538480
v -0.144943804 -0.214637399 0.169748247
v -0.065551043 -0.261433423 0.178214252
v -0.159313977 -0.218479931 0.170793533
v -0.079856344 -0.265437841 0.177502751
v -0.153017521 -0.231922150 0.171712533
v -0.078109547 -0.276923418 0.176359802
v -0.162647814 -0.238195822 0.169669166
v -0.095041521 -0.279966593 0.172212690
v -0.153486937 -0.253192306 0.167587131
v -0.099642277 -0.288752198 0.167795658
v -0.156567261 -0.262636930 0.163472876
v -0.135744408 -0.294101745 0.154625475
v -0.087048553 -0.190798357 0.141133547
v -0.127602890 -0.281980276 0.154903352
v -0.087530836 -0.190171897 0.144205838
v -0.130489334 -0.280696124 0.154614359
v -0.132158771 -0.199984834 0.148066387
v -0.153825015 -0.156292781 0.152479514
v -0.138382643 -0.204108983 0.150982976
v -0.160660475 -0.159281686 0.155628413
v -0.139973089 -0.217635617 0.152438372
v -0.172196835 -0.152795255 0.159157738
v -0.148745179 -0.216733158 0.154615209
v -0.176632285 -0.160618931 0.160430297
v -0.151467562 -0.228028119 0.154664934
v -0.187207505 -0.156112462 0.162117511
v -0.162089393 -0.223452955 0.155465707
v -0.189976484 -0.167338744 0.161280796
v -0.166661501 -0.231075227 0.154139370
v -0.198885232 -0.166234866 0.160858750
v -0.178415254 -0.224268407 0.153534487
v -0.200693086 -0.179441109 0.158179909
v -0.185501024 -0.226841733 0.151439503
v -0.207216740 -0.183175996 0.155850753
v -0.210018575 -0.211245984 0.147946835
v -0.129443854 -0.171461329 0.144389346
v -0.199111566 -0.206671476 0.156011641
v -0.130077198 -0.171309724 0.141141251
v -0.200216338 -0.205440760 0.153141245
v -0.130675018 -0.169332162 0.143382117
v -0.200524792 -0.204045415 0.155382112
v -0.017849931 -0.218322083 0.153898612
v -0.065183431 -0.230391681 0.150463745
v -0.015653659 -0.225310609 0.157691881
v -0.064248681 -0.237740934 0.154318497
v -0.003188219 -0.229718655 0.161606222
v -0.073478401 -0.247698456 0.156726807
v -0.006229617 -0.238130510 0.163494080
v -0.067060217 -0.253690630 0.159271330
v 0.004102204 -0.243163154 0.165250674
v -0.073857941 -0.263104916 0.159838825
v -0.002614077 -0.252599627 0.164726824
v -0.063444681 -0.268159747 0.160504073
v 0.004042860 -0.258656859 0.164071709
v -0.066247322 -0.276636690 0.159192294
v -0.004807044 -0.268717945 0.161390111
v -0.053402066 -0.281148255 0.158016726
v -0.003394181 -0.276166230 0.158773303
v -0.050713997 -0.288288414 0.155360386
v -0.022801168 -0.296826929 0.150243655
v -0.043345336 -0.209562257 0.144011632
v -0.024539720 -0.285203278 0.156389341
v -0.045576707 -0.210461408 0.141943678
v -0.024120018 -0.285571724 0.153393045
v -0.026701998 -0.286083698 0.154328063
v -0.002227664 0.004633673 0.004750490
v 0.086327530 -0.179566860 0.225947380
v 0.004349742 0.004943497 0.002375260
v 0.092904940 -0.179257035 0.223572150
v 0.006577387 0.000309847 -0.002375215
v 0.095132582 -0.183890700 0.218821675
v 0.002227627 -0.004633613 -0.004750445
v 0.090782821 -0.188834161 0.216446444
v -0.004349779 -0.004943438 -0.002375215
v 0.084205419 -0.189143986 0.218821675
v -0.006577425 -0.000309788 0.002375260
v 0.081977770 -0.184510320 0.223572150
v 0.124823809 -0.189330295 0.235474944
v 0.068368576 -0.216394112 0.230811104
v 0.129625291 -0.198130295 0.240017623
v 0.071680844 -0.225987345 0.235484362
v 0.146641105 -0.200978965 0.244580418
v 0.062827460 -0.241272718 0.238023281
v 0.145119861 -0.212588921 0.246178016
v 0.072585776 -0.247459993 0.240503341
v 0.159492627 -0.216389969 0.247329369
v 0.066533372 -0.261080533 0.240056738
v 0.153483331 -0.229816049 0.245136827
v 0.080949254 -0.264687121 0.239462152
v 0.163368046 -0.235433206 0.242498055
v 0.079554401 -0.275726974 0.235940918
v 0.154715717 -0.249811679 0.236894086
v 0.096771263 -0.277668715 0.232360825
v 0.158273891 -0.258197039 0.231008455
v 0.101820551 -0.285331339 0.226777628
v 0.138644874 -0.287545353 0.214966372
v 0.088462234 -0.184007183 0.222984090
v 0.089996748 -0.183574870 0.220690325
v 0.132149428 -0.274015546 0.234570369
v 0.087222375 -0.184951991 0.220364988
v 0.131678849 -0.274650842 0.231498092
v 0.066397093 -0.223628014 0.236552268
v 0.018776579 -0.212344021 0.234869719
v 0.065241963 -0.230596632 0.242393956
v 0.016335919 -0.219049245 0.240902022
v 0.074379213 -0.240080684 0.247612894
v 0.003639169 -0.223377973 0.245454878
v 0.067856796 -0.245981291 0.250869274
v 0.006636869 -0.231526420 0.249001682
v 0.074733421 -0.255172789 0.252878278
v -0.003725678 -0.236647516 0.250484765
v 0.064390950 -0.260430276 0.252647430
v 0.003171023 -0.245975405 0.250779837
v 0.067447521 -0.268978655 0.251169205
v -0.003292527 -0.252275944 0.249011189
v 0.054844413 -0.273943573 0.247728422
v 0.005938374 -0.262396187 0.246236488
v 0.052535649 -0.281432211 0.243389308
v 0.004895090 -0.270180583 0.242147937
v 0.025347143 -0.291177183 0.231874451
v 0.047250669 -0.204954296 0.220308229
v 0.029049903 -0.280415058 0.234753892
v 0.045003001 -0.204096705 0.222376183
v 0.027728587 -0.280558407 0.231873333
v 0.154022008 -0.147561386 0.233237743
v 0.133029819 -0.191801593 0.233508900
v 0.160691768 -0.149951771 0.238153383
v 0.139158458 -0.195376977 0.238638431
v 0.171955049 -0.142827630 0.242238119
v 0.140808240 -0.208532855 0.242939711
v 0.176407635 -0.150320992 0.245294645
v 0.149452537 -0.207183659 0.245901823
v 0.186853796 -0.145449668 0.246898249
v 0.152308285 -0.218324542 0.247676402
v 0.189815685 -0.156655446 0.247306034
v 0.162860587 -0.213518128 0.247913212
v 0.198771149 -0.155496553 0.246260881
v 0.167624339 -0.221201777 0.246962473
v 0.200915933 -0.168955147 0.244187534
v 0.179382622 -0.214380354 0.244672582
v 0.207662106 -0.172911152 0.241045743
v 0.186661646 -0.217142358 0.241659597
v 0.211297289 -0.201874629 0.233274236
v 0.131460920 -0.162518665 0.221654430
v 0.201497868 -0.196473569 0.234753877
v 0.130248651 -0.165440395 0.220639825
v 0.201361582 -0.197795630 0.231873333
v -0.003747024 0.000816472 0.005856045
v 0.220570415 -0.048062231 0.156201690
v -0.000582851 0.006331427 0.002928026
v 0.223734587 -0.042547278 0.153273672
v 0.003164172 0.005514953 -0.002928011
v 0.227481619 -0.043363750 0.147417635
v 0.003747024 -0.000816476 -0.005856030
v 0.228064477 -0.049695179 0.144489616
v 0.000582851 -0.006331431 -0.002928011
v 0.224900305 -0.055210136 0.147417635
v -0.003164172 -0.005514957 0.002928026
v 0.221153274 -0.054393660 0.153273672
v 0.249975771 -0.021692464 0.156415820
v 0.236588567 -0.082804486 0.161650509
v 0.259558856 -0.022629647 0.159791112
v 0.245886430 -0.085375994 0.165275916
v 0.272047371 -0.010432556 0.161390200
v 0.252270937 -0.101191916 0.169323698
v 0.280128658 -0.018427037 0.163795009
v 0.263013691 -0.096972093 0.170660824
v 0.291923076 -0.009342365 0.163636938
v 0.269988656 -0.110005245 0.172436118
v 0.298869759 -0.022465492 0.164312422
v 0.281754792 -0.101010546 0.171178237
v 0.309529573 -0.018509461 0.162425026
v 0.289753139 -0.109268822 0.170358524
v 0.315782130 -0.034745004 0.161343336
v 0.302109718 -0.097491354 0.166828156
v 0.324877083 -0.037836257 0.158471361
v 0.311572313 -0.098966926 0.163673013
v 0.336749047 -0.073057935 0.153466105
v 0.224373907 -0.047793735 0.151810825
v 0.322075903 -0.069186963 0.163671941
v 0.224271059 -0.049769748 0.149142414
v 0.322419524 -0.069172285 0.160899803
v 0.321682483 -0.071862772 0.162127674
v 0.242845014 -0.092128068 0.160816312
v 0.204690024 -0.122677423 0.157836452
v 0.248062998 -0.097905211 0.164250165
v 0.208918020 -0.129318208 0.161375567
v 0.261516511 -0.097016931 0.167599589
v 0.204895347 -0.142454207 0.163441628
v 0.262413383 -0.106085762 0.168914557
v 0.213412240 -0.145408139 0.165316179
v 0.274010003 -0.106435224 0.169774607
v 0.211210400 -0.156830534 0.165162936
v 0.271798313 -0.117727749 0.168336213
v 0.222797155 -0.157050133 0.164737821
v 0.280286342 -0.120300904 0.166442886
v 0.223665163 -0.165738180 0.162284926
v 0.276217729 -0.132831171 0.162515104
v 0.237072766 -0.164244175 0.159640506
v 0.280370414 -0.138675436 0.158437803
v 0.242245033 -0.169261396 0.155483112
v 0.270636380 -0.164589256 0.146892786
v 0.214139640 -0.094587669 0.152124748
v 0.262244999 -0.156084299 0.163665920
v 0.215584233 -0.093878835 0.149841383
v 0.264411271 -0.154497892 0.162895426
v 0.213199899 -0.095856085 0.149517536
v 0.263038367 -0.156041667 0.160654560
v 0.237062022 0.025951350 0.156000614
v 0.258991480 -0.017823512 0.156867027
v 0.243555740 0.029991630 0.158311337
v 0.266115248 -0.014924344 0.159307808
v 0.245307952 0.043468334 0.159937873
v 0.277939111 -0.021500293 0.161379203
v 0.254253924 0.042511445 0.161136448
v 0.282493621 -0.013713771 0.162383810
v 0.256985962 0.053802948 0.161228821
v 0.293177783 -0.018254954 0.162827432
v 0.267626494 0.049220707 0.160809442
v 0.295866191 -0.007004512 0.162056804
v 0.272053093 0.056886848 0.159283876
v 0.304684252 -0.008081773 0.160725221
v 0.283673465 0.050119407 0.157330364
v 0.306232989 0.005203435 0.158326820
v 0.290520966 0.052764356 0.154557154
v 0.312480271 0.009010568 0.155618697
v 0.314557821 0.037259322 0.148400009
v 0.233967975 -0.002716219 0.151712909
v 0.304006159 0.031623483 0.163712919
v 0.234702319 -0.003129998 0.148654550
v 0.304112732 0.032459628 0.160654575
v -0.004433870 -0.002185967 0.004956082
v 0.138083875 0.068077341 0.163447648
v -0.004897602 0.004344298 0.002478048
v 0.137620151 0.074607603 0.160969615
v -0.000463746 0.006530251 -0.002478018
v 0.142053992 0.076793551 0.156013548
v 0.004433841 0.002185944 -0.004956052
v 0.146951586 0.072449252 0.153535515
v 0.004897572 -0.004344322 -0.002478018
v 0.147415310 0.065918982 0.156013548
v 0.000463717 -0.006530274 0.002478048
v 0.142981470 0.063733026 0.160969615
v 0.146865442 0.107150897 0.169189081
v 0.174552917 0.050828323 0.167590141
v 0.155453831 0.112221345 0.172902122
v 0.183947265 0.054427043 0.171464369
v 0.157997817 0.129440427 0.176117659
v 0.199212089 0.045843959 0.174038008
v 0.169555202 0.128105849 0.177589238
v 0.205222905 0.055759721 0.175789475
v 0.173183203 0.142552018 0.178023085
v 0.218894720 0.049833633 0.175716504
v 0.186716095 0.136594296 0.176468551
v 0.222383782 0.064248167 0.174668774
v 0.192319587 0.146417320 0.173876286
v 0.233533859 0.062820844 0.171796635
v 0.206936479 0.137686670 0.169540063
v 0.235429913 0.079892375 0.168102294
v 0.215465754 0.141082153 0.164458439
v 0.243220121 0.084785536 0.163229018
v 0.245473877 0.121120289 0.151786938
v 0.142020956 0.070846424 0.160055682
v 0.232369751 0.113733537 0.172055691
v 0.142205477 0.071288951 0.157045737
v 0.143266618 0.068881713 0.157985017
v 0.232127115 0.115010940 0.169162005
v 0.183664486 0.048544805 0.167943284
v 0.172839046 0.000790509 0.167412609
v 0.191227630 0.047477040 0.171496719
v 0.180160910 -0.001561314 0.171127334
v 0.201108500 0.056729458 0.174467772
v 0.185101062 -0.014201976 0.173933461
v 0.207400396 0.050279774 0.176255941
v 0.193547219 -0.011105783 0.175793543
v 0.216673642 0.057265319 0.176957905
v 0.198919475 -0.021406047 0.176365301
v 0.221998006 0.046985123 0.176300526
v 0.208144829 -0.014400434 0.175838128
v 0.230303720 0.050140157 0.174556941
v 0.214296281 -0.020791277 0.174022645
v 0.235020459 0.037593089 0.171630487
v 0.223953739 -0.011445265 0.171261102
v 0.242027983 0.035370722 0.168059468
v 0.231251091 -0.012393016 0.167552769
v 0.250861883 0.008397533 0.158772483
v 0.238990247 0.010265502 0.172048584
v 0.163595200 0.029796593 0.159041360
v 0.163545758 0.028052799 0.156859666
v 0.239698365 0.011390216 0.169168025
v 0.162844583 0.026910434 0.159670874
v 0.105712689 0.135991871 0.166312277
v 0.150148258 0.115421057 0.165853858
v 0.108214848 0.142905354 0.169400230
v 0.153852195 0.121822864 0.169039041
v 0.101137251 0.154298306 0.172099531
v 0.167149290 0.123803571 0.171577081
v 0.108696684 0.158962578 0.173947185
v 0.165824890 0.132571787 0.173495054
v 0.103779390 0.169427395 0.175072938
v 0.176994562 0.135605112 0.174493477
v 0.114958033 0.172494709 0.175221667
v 0.172086239 0.146103919 0.174769536
v 0.113659941 0.181362540 0.174648479
v 0.179671973 0.150867805 0.174126029
v 0.126998886 0.183501720 0.173223659
v 0.172636226 0.162419215 0.172862470
v 0.130741879 0.190081239 0.171381488
v 0.175199866 0.169563070 0.170922160
v 0.159262776 0.193607539 0.166153342
v 0.155019343 0.182699144 0.172048569
v 0.120778896 0.113010593 0.157602921
v 0.154067710 0.183626905 0.169168025
v 0.122810245 0.111721739 0.159670889
v -0.002317498 0.001626285 0.039649393
v 0.199829698 0.161591813 0.083659783
v 0.197188258 0.165581420 0.080947630
v -0.002641439 0.003989585 0.032287858
v 0.197895348 0.166153222 0.075523332
v 0.000707112 0.000571772 0.029575706
v 0.201243907 0.162735403 0.072811171
v 0.003348559 -0.003417835 0.032287858
v 0.002641469 -0.003989629 0.037712160
v 0.203959674 0.157930791 0.078235485
v 0.200536817 0.162163585 -0.007635653
v 0.210502580 0.164833903 -0.002363969
v 0.202255279 0.172751233 -0.001930967
v 0.191500828 0.167380542 -0.002383207
v 0.191232055 0.156791478 -0.001733646
v 0.198818356 0.151575953 -0.001930967
v 0.208301350 0.154399082 -0.001618403
v 0.218291208 0.157720596 0.005409596
v 0.217450917 0.169169664 0.005606841
v 0.209041566 0.177737534 0.004398286
v 0.196097761 0.178730428 0.003729652
v 0.182930574 0.162163585 0.004108693
v 0.185396135 0.151726842 0.005497205
v 0.191782683 0.145935386 0.005649355
v 0.211917982 0.180433691 0.009585335
v 0.195400894 0.189165771 0.016596993
v 0.186123669 0.174809515 0.006609939
v 0.173226297 0.165980354 0.016562963
v 0.200699136 0.142298251 0.007628820
v 0.208556518 0.145888358 0.005288395
v 0.214445636 0.149777323 0.005881377
v 0.228425875 0.165835202 0.016833927
v 0.224689320 0.176108092 0.017002540
v 0.217386588 0.184658363 0.017144840
v 0.204407454 0.190102234 0.016801940
v 0.183489457 0.184494540 0.017131589
v 0.175226405 0.174309775 0.017385691
v 0.174652904 0.151215166 0.017117908
v 0.183449984 0.139696971 0.017417360
v 0.199582234 0.133693218 0.016670402
v 0.219993427 0.141356990 0.016670426
v 0.227120325 0.153078496 0.017359599
v 0.234131247 0.162501022 0.028683474
v 0.209437892 0.194916323 0.029110456
v 0.200536847 0.196073517 0.029281128
v 0.166626900 0.162163585 0.029281169
v 0.191546232 0.129547805 0.028871952
v 0.200536817 0.128253669 0.029281164
v 0.208763763 0.129308224 0.029052369
v 0.217611626 0.132830635 0.029110465
v 0.224549130 0.138248652 0.029251309
v 0.232375145 0.174186960 0.028774640
v 0.221915528 0.188821837 0.028608130
v 0.187065244 0.193597391 0.028619748
v 0.173288286 0.182954788 0.028921213
v 0.167685181 0.170908660 0.029028255
v 0.168639660 0.148951322 0.029064031
v 0.179831594 0.134863824 0.028924458
v 0.232117012 0.149006814 0.028661266
v 0.238048032 0.162270382 0.043413725
v 0.233310163 0.181008980 0.045159116
v 0.219328806 0.194318786 0.041884366
v 0.191142946 0.198565647 0.043764375
v 0.164121255 0.152852133 0.043826692
v 0.168265864 0.143531948 0.041826200
v 0.190707535 0.126240328 0.041884441
v 0.210181296 0.126170009 0.041826248
v 0.236556679 0.171815068 0.041554838
v 0.227410048 0.188457489 0.043876909
v 0.210190102 0.198182881 0.041557673
v 0.200752556 0.199974075 0.045609247
v 0.181946963 0.194821790 0.044166602
v 0.173781186 0.188614920 0.044667900
v 0.167603880 0.180640891 0.046073116
v 0.164148614 0.171913773 0.046559270
v 0.162941992 0.162573233 0.043876845
v 0.173953354 0.135274947 0.045609273
v 0.181911662 0.129473522 0.044667851
v 0.200536802 0.124376185 0.045413386
v 0.219213113 0.129893944 0.041540854
v 0.226945803 0.135429591 0.044166602
v 0.233226895 0.143538445 0.044667825
v 0.237057686 0.152634844 0.045857135
v 0.234440431 0.171031818 0.065849297
v 0.217768475 0.192935467 0.065201372
v 0.209808543 0.195959091 0.065849297
v 0.170225024 0.144663051 0.066069826
v 0.191856667 0.127980381 0.065201394
v 0.209808528 0.128368095 0.065849304
v 0.217768490 0.131391734 0.065201387
v 0.235026568 0.158296108 0.067023389
v 0.224735349 0.186712593 0.067021675
v 0.191562310 0.195405662 0.067189276
v 0.183223754 0.192034245 0.066798195
v 0.176313892 0.186662138 0.067053467
v 0.166060716 0.162285998 0.067014538
v 0.167203784 0.153358772 0.067014560
v 0.224828556 0.137698740 0.067014538
v 0.230335772 0.144959152 0.067226782
v 0.230211347 0.179296181 0.067456141
v 0.200681731 0.196432307 0.067351677
v 0.168633729 0.175671905 0.067232400
v 0.179956853 0.134238541 0.067160547
v 0.200536832 0.127898410 0.067456149
v 0.227440983 0.165705651 0.078239650
v 0.221934915 0.178582877 0.078245386
v 0.210921422 0.187234297 0.078239650
v 0.192563280 0.188379094 0.078259505
v 0.178697377 0.178118378 0.078243040
v 0.173645929 0.165061146 0.078243040
v 0.175618231 0.151841998 0.078245386
v 0.183570936 0.141100004 0.078243040
v 0.199620068 0.134777650 0.078259505
v 0.217056349 0.140634879 0.078239650
v 0.225455418 0.151842013 0.078245386
v 0.200536817 0.162163585 0.079523563
v 0.211041316 0.157275647 0.080569498
v 0.212067947 0.179432333 0.076235481
v 0.212316737 0.174264669 0.072790533
v 0.216643274 0.174820244 0.076235481
v 0.216299489 0.168405175 0.072896592
v 0.216299489 0.168405160 0.079574376
v 0.218033060 0.153055683 0.076235481
v 0.214114130 0.150062501 0.079680435
v 0.212067947 0.144894853 0.076235481
v 0.214114130 0.150062516 0.072790533
v 0.208367720 0.162163585 0.076235481
v 0.211041316 0.157275662 0.071901470
v 0.212316737 0.174264684 0.079680428
v 0.208431587 0.170643508 0.080569498
v 0.192668200 0.177106395 0.079680435
v 0.192668200 0.177106395 0.072790533
v 0.199471638 0.179083541 0.079574369
v 0.199019894 0.177692577 0.071815014
v 0.197281301 0.181618005 0.076235473
v 0.211343884 0.175226033 0.072896607
v 0.221232861 0.169976667 0.076235481
v 0.216241241 0.171336949 0.079680428
v 0.216491908 0.170310542 0.073053502
v 0.211628154 0.166825339 0.076235481
v 0.209437802 0.169359788 0.072896600
v 0.187676579 0.178466693 0.076235481
v 0.189165443 0.164383560 0.080569498
v 0.181057632 0.154970691 0.076235488
v 0.182439715 0.160354137 0.079680435
v 0.182439715 0.160354123 0.072790541
v 0.181028560 0.165079147 0.076235481
v 0.191453278 0.176478192 0.079574369
v 0.199501589 0.184261069 0.076235481
v 0.191453263 0.176478207 0.072896600
v 0.198119491 0.178877622 0.079680435
v 0.199530646 0.174152598 0.076235488
v 0.198119506 0.178877622 0.072790533
v 0.189165428 0.164383546 0.071901470
v 0.189165428 0.159943640 0.080569498
v 0.198119491 0.145449564 0.079680435
v 0.199501589 0.140066117 0.076235481
v 0.198119506 0.145449564 0.072790533
v 0.191453293 0.147848964 0.079574369
v 0.191453278 0.147848964 0.072896600
v 0.181028560 0.159248009 0.076235481
v 0.182439715 0.163973048 0.079680435
v 0.181057617 0.169356495 0.076235481
v 0.182439700 0.163973048 0.072790533
v 0.199530631 0.150174603 0.076235481
v 0.189165428 0.159943640 0.071901470
v 0.199134171 0.150662750 0.080569498
v 0.215685844 0.154699668 0.079680428
v 0.215685844 0.154699668 0.072790541
v 0.211343870 0.149101153 0.079574369
v 0.211343884 0.149101153 0.072896600
v 0.214605615 0.148338184 0.076235481
v 0.193223625 0.145511359 0.072790541
v 0.193223625 0.145511359 0.079680428
v 0.188385770 0.143677860 0.076235481
v 0.194303825 0.151872829 0.076235481
v 0.199134186 0.150662765 0.071901470
v 0.220523685 0.156533167 0.076235481
v 0.042827621 0.208925426 0.093310140
v -0.004798451 0.000310898 0.037669860
v 0.038293861 0.210527554 0.090640284
v -0.004533760 0.001602143 0.032330137
v 0.038558550 0.211818799 0.085300565
v 0.000264695 0.001291260 0.029660277
v 0.004798459 -0.000310868 0.032330133
v 0.045985542 0.210776895 0.083393514
v 0.002439468 -0.001653339 0.039576899
v 0.047626078 0.208614543 0.090640277
v 0.043092318 0.210216686 -0.011437483
v 0.052758642 0.215387836 -0.005331981
v 0.041948140 0.221485943 -0.004827027
v 0.033921260 0.217253909 -0.004347984
v 0.031975701 0.208753169 -0.004871869
v 0.040237710 0.199563161 -0.005339397
v 0.051987823 0.203390926 -0.004871871
v 0.060978137 0.205579117 0.002414269
v 0.058790334 0.219681844 0.001925743
v 0.050166242 0.228573248 0.004404361
v 0.040023323 0.229112610 0.003540918
v 0.030157885 0.224929720 0.004040740
v 0.025118262 0.215488344 0.002496965
v 0.026724180 0.201484397 0.002243513
v 0.035706099 0.192384720 0.003864797
v 0.046117738 0.191024795 0.003922777
v 0.053891394 0.193968579 0.003959132
v 0.065823026 0.212951377 0.009169024
v 0.067437567 0.226086140 0.016785437
v 0.019861232 0.213100284 0.009728578
v 0.015409364 0.201375008 0.016700143
v 0.018786067 0.193934128 0.016490281
v 0.061096199 0.196401849 0.008874201
v 0.072460026 0.214161932 0.017191589
v 0.061360426 0.233726084 0.016855815
v 0.050563812 0.238744333 0.017225100
v 0.039078265 0.239714503 0.017519077
v 0.030762758 0.236333594 0.016379723
v 0.019714074 0.228515595 0.016977098
v 0.013742007 0.214286372 0.017222822
v 0.024537131 0.186854094 0.017043782
v 0.036054134 0.181703448 0.017089637
v 0.046491694 0.180576324 0.017043810
v 0.061056081 0.186559647 0.016981252
v 0.070687100 0.199199155 0.016715677
v 0.068443403 0.235567749 0.031130817
v 0.060910534 0.241221055 0.031229081
v 0.025074711 0.241172627 0.031078424
v 0.012010647 0.228016511 0.031078432
v 0.017528180 0.191083908 0.023026081
v 0.025201878 0.179229498 0.031263638
v 0.037759092 0.174560085 0.030799806
v 0.052278902 0.175657108 0.031229069
v 0.061005879 0.179189458 0.031045012
v 0.072531439 0.197625116 0.023009352
v 0.078743331 0.204321250 0.030917348
v 0.076712146 0.223148435 0.030322870
v 0.052158166 0.244960725 0.030954467
v 0.038268302 0.246068567 0.030873822
v 0.017571170 0.235737830 0.031165894
v 0.007159926 0.215046123 0.031257723
v 0.009467213 0.197294027 0.030323951
v 0.017551523 0.184966266 0.030995151
v 0.071728274 0.188243538 0.030561149
v 0.082687102 0.210103139 0.047656275
v 0.077677585 0.229658544 0.048133962
v 0.015292714 0.238535121 0.048061758
v 0.008631312 0.190430224 0.048567574
v 0.042914368 0.170913622 0.045854919
v 0.062758259 0.176154271 0.045818996
v 0.081703745 0.220326588 0.050188307
v 0.071194395 0.238318741 0.048682764
v 0.062358063 0.244884998 0.048597157
v 0.053150512 0.248767957 0.050472505
v 0.043335348 0.249882475 0.048521604
v 0.032527391 0.248632163 0.050472498
v 0.023145819 0.244424909 0.047914729
v 0.005971655 0.223807082 0.045012284
v 0.003731697 0.210214719 0.045510598
v 0.004595691 0.199862123 0.050700892
v 0.014735077 0.182230383 0.050472546
v 0.023285199 0.175909758 0.047604874
v 0.032906931 0.172196746 0.045510583
v 0.053176891 0.171923518 0.047914747
v 0.070846938 0.181850150 0.048189122
v 0.077856556 0.190712661 0.050721925
v 0.081643574 0.200158462 0.050472528
v 0.009327117 0.229750171 0.059289873
v 0.006998127 0.219888106 0.072559372
v 0.006112104 0.210442409 0.073669121
v 0.033506118 0.174440518 0.073341846
v 0.043059047 0.171261042 0.059843287
v 0.061559871 0.178229943 0.073923528
v 0.079494022 0.210405469 0.074965931
v 0.074668907 0.228292689 0.074999243
v 0.068768889 0.235893220 0.075246550
v 0.061364066 0.241740778 0.074747905
v 0.043226361 0.246600822 0.074999250
v 0.024864446 0.241788313 0.074712202
v 0.017459620 0.236038908 0.074999280
v 0.011645108 0.228372753 0.075246558
v 0.011500492 0.192220598 0.075045153
v 0.025054980 0.178597510 0.074965969
v 0.052527752 0.175003111 0.074712202
v 0.068900511 0.184495836 0.074747905
v 0.078052737 0.219720528 0.075128347
v 0.052730881 0.245127633 0.075295605
v 0.033734400 0.245140940 0.075518936
v 0.008125884 0.201007754 0.075401001
v 0.017525997 0.184650362 0.075518921
v 0.043250572 0.174141705 0.075659610
v 0.074255049 0.192042157 0.075659603
v 0.078145370 0.201108456 0.075295568
v 0.071490720 0.213955402 0.087974258
v 0.065678664 0.227547795 0.087981187
v 0.054053668 0.236679807 0.087974258
v 0.034675900 0.237889469 0.087995403
v 0.017573381 0.223832980 0.087995403
v 0.014883578 0.205824733 0.087978348
v 0.022738090 0.189862475 0.087997504
v 0.038700387 0.182007939 0.087978348
v 0.053393144 0.183591217 0.087978348
v 0.067643844 0.194924787 0.087995403
v 0.043092318 0.210216686 0.089461520
v 0.054147255 0.205049649 0.090303056
v 0.055239964 0.228431135 0.085970394
v 0.060092933 0.223575979 0.085970394
v 0.058211617 0.216864422 0.081550866
v 0.059728265 0.216767296 0.089316115
v 0.061591618 0.210216686 0.085970394
v 0.060092933 0.196857393 0.085970394
v 0.059728261 0.203666121 0.082624674
v 0.057436701 0.197461650 0.089425996
v 0.056474794 0.191969961 0.084936105
v 0.052856646 0.196857393 0.085970394
v 0.053221315 0.203666121 0.082624674
v 0.051357962 0.210216686 0.085970394
v 0.055512883 0.222971737 0.089425996
v 0.055512883 0.222971737 0.082514793
v 0.043032892 0.226754472 0.090303056
v 0.029523175 0.227398366 0.085970387
v 0.035640348 0.230513483 0.085970394
v 0.035394181 0.227800533 0.082514793
v 0.048808917 0.227810562 0.085970394
v 0.064932272 0.218489990 0.085970402
v 0.054463066 0.224014163 0.082624666
v 0.059655756 0.219917476 0.089425996
v 0.052452307 0.217825711 0.089316122
v 0.058815110 0.215374857 0.085970394
v 0.059061263 0.218087822 0.082514793
v 0.045646541 0.218077779 0.085970394
v 0.041594338 0.222327262 0.081637733
v 0.034799729 0.225970864 0.089426003
v 0.027345551 0.215270594 0.090303056
v 0.022558479 0.202621087 0.085970394
v 0.021486131 0.209401503 0.085970394
v 0.028126070 0.221090302 0.085970394
v 0.025783220 0.214695513 0.082624674
v 0.041972864 0.233544335 0.085970394
v 0.038984712 0.228967175 0.089425996
v 0.038984708 0.228967175 0.082514793
v 0.043045208 0.226763919 0.085970394
v 0.038748123 0.221469909 0.089316115
v 0.036405273 0.215075120 0.085970394
v 0.037185792 0.220894843 0.081637733
v 0.025546631 0.207198247 0.089425996
v 0.025546633 0.207198247 0.082514793
v 0.027345549 0.205162793 0.090303056
v 0.041972864 0.186889052 0.085970402
v 0.038984716 0.191466197 0.089425996
v 0.038984708 0.191466197 0.082514793
v 0.028126070 0.199343070 0.085970394
v 0.020560486 0.216360658 0.085970402
v 0.027345551 0.205162793 0.081637733
v 0.025546629 0.213235125 0.089425996
v 0.027340408 0.215285257 0.085970394
v 0.025546638 0.213235110 0.082514793
v 0.036405273 0.205358252 0.085970394
v 0.038748123 0.198963478 0.089316115
v 0.043045212 0.193669453 0.085970394
v 0.038748126 0.198963463 0.082624674
v 0.051422637 0.201299533 0.090303056
v 0.064932279 0.201943383 0.085970402
v 0.059655763 0.200515911 0.089425996
v 0.059655745 0.200515896 0.082514793
v 0.048808917 0.192622811 0.085970394
v 0.042003125 0.192370728 0.089316122
v 0.030286342 0.190686256 0.085970402
v 0.042003144 0.192370728 0.082624666
v 0.034799702 0.194462508 0.089425996
v 0.033404212 0.196802005 0.085970394
v 0.034799714 0.194462508 0.082514793
v 0.045646541 0.202355593 0.085970394
v 0.051422618 0.201299518 0.081637733
v 0.058815110 0.205058515 0.085970394
v 0.075588614 0.213024065 0.030964114
v 0.078567863 0.213345855 0.028793449
v 0.076897949 0.214209527 0.024306301
v 0.078567863 0.211515859 0.024981339
v 0.076897942 0.210652202 0.029468503
v 0.073784657 0.211515844 0.028793456
v 0.075588621 0.211837649 0.022810675
v 0.073784657 0.213345855 0.024981335
v 0.068775691 0.223783255 0.021351261
v 0.070085034 0.224968717 0.014693466
v 0.071754940 0.224105060 0.019180598
v 0.071754940 0.222275048 0.015368506
v 0.070085034 0.221411377 0.019855641
v 0.068775691 0.222596839 0.013197844
v 0.066971734 0.222275034 0.019180600
v 0.066971734 0.224105060 0.015368504
v 0.064636223 0.235311180 0.054239951
v 0.067089602 0.236430034 0.051755477
v 0.065811500 0.235311180 0.046086516
v 0.067615464 0.233802974 0.048257176
v 0.065945551 0.232939303 0.052744333
v 0.062832251 0.233802974 0.052069291
v 0.064178132 0.233657688 0.046844486
v 0.062832251 0.235632971 0.048257176
v 0.050113954 0.243016288 0.034870233
v 0.048480563 0.244669780 0.034112256
v 0.050248004 0.245388165 0.028212432
v 0.051917907 0.244524494 0.032699596
v 0.051392045 0.241897419 0.029201282
v 0.048938666 0.243016288 0.026716817
v 0.047134709 0.242694497 0.032699596
v 0.047134709 0.244524494 0.028887467
v 0.034968775 0.240809247 0.028366126
v 0.035102826 0.243181124 0.021708319
v 0.036772732 0.242317453 0.026195485
v 0.036246870 0.239690378 0.022697171
v 0.033793487 0.240809247 0.020212704
v 0.031989530 0.240487456 0.026195485
v 0.033335388 0.242462754 0.027608145
v 0.031989530 0.242317453 0.022383355
v 0.023693364 0.234811828 0.056975543
v 0.022059971 0.236465320 0.056217562
v 0.025497319 0.236320034 0.054804903
v 0.023827413 0.237183705 0.050317738
v 0.024971457 0.233692959 0.051306590
v 0.020714115 0.234490037 0.054804903
v 0.022518072 0.234811828 0.048822124
v 0.020714113 0.236320034 0.050992776
v 0.014509175 0.223357633 0.056724347
v 0.014643225 0.225729480 0.050066523
v 0.016313132 0.224865824 0.054553702
v 0.015787274 0.222238764 0.051055379
v 0.013333891 0.223357618 0.048570912
v 0.011529932 0.223035827 0.054553699
v 0.012875802 0.225011110 0.055966381
v 0.011529934 0.224865824 0.050741557
v 0.011727875 0.207558244 0.057355225
v 0.010418535 0.209930107 0.055859614
v 0.013531829 0.209066451 0.055184577
v 0.011727873 0.208744645 0.049201805
v 0.013531829 0.207236439 0.051372450
v 0.008748625 0.207236439 0.055184573
v 0.010418531 0.206372783 0.050697424
v 0.008748627 0.209066451 0.051372450
v 0.013239372 0.193595067 0.046914291
v 0.011930031 0.195966944 0.045418680
v 0.015043327 0.195103288 0.044743642
v 0.013697466 0.195248574 0.039518852
v 0.015043327 0.193273261 0.040931527
v 0.010785984 0.192476198 0.044429824
v 0.012064079 0.193595067 0.038760878
v 0.010260124 0.195103273 0.040931527
v 0.021816919 0.183565795 0.036171459
v 0.024270309 0.184684664 0.033686996
v 0.022992210 0.183565795 0.028018039
v 0.024796167 0.182057574 0.030188691
v 0.023126265 0.181193918 0.034675840
v 0.020012962 0.182057574 0.034000810
v 0.021358825 0.181912303 0.028776012
v 0.020012962 0.183887586 0.030188689
v 0.035412584 0.178914011 0.055402752
v 0.036587875 0.178914011 0.047249340
v 0.037865970 0.180032879 0.052918293
v 0.037045971 0.177260518 0.054644778
v 0.038391832 0.177405789 0.049419984
v 0.035278533 0.176542133 0.048744958
v 0.033608630 0.177405789 0.053232107
v 0.033608630 0.179235801 0.049419984
v 0.049560804 0.176903844 0.041708685
v 0.050736096 0.176903844 0.033555266
v 0.052540053 0.177225649 0.039538041
v 0.052540053 0.175395638 0.035725910
v 0.050870147 0.174531966 0.040213071
v 0.049102712 0.175250337 0.034313239
v 0.047756851 0.175395623 0.039538041
v 0.048282713 0.178022712 0.036039729
v 0.066535488 0.183604792 0.043037560
v 0.065226153 0.185976669 0.041541941
v 0.068339452 0.185113013 0.040866904
v 0.066535488 0.184791207 0.034884147
v 0.068339452 0.183282986 0.037054803
v 0.063556239 0.183282986 0.040866904
v 0.065226145 0.182419330 0.036379769
v 0.063556239 0.185113013 0.037054803
v 0.072413035 0.199070707 0.057045959
v 0.073588312 0.199070707 0.048892524
v 0.075392276 0.199392512 0.054875299
v 0.074046403 0.197417229 0.056287989
v 0.075392276 0.197562516 0.051063184
v 0.072278976 0.196698844 0.050388139
v 0.070609070 0.197562516 0.054875303
v 0.071134932 0.200189576 0.051376998
vn 0.000000017 -0.000000007 1.000000000
vn -0.000002043 0.450434566 0.892809451
vn -0.000009648 0.914307833 0.405020088
vn 0.000004780 0.914311528 -0.405011714
vn 0.000000000 0.450433195 -0.892810166
vn 0.000000003 -0.000000007 -1.000000000
vn 0.318503916 0.318506688 0.892809570
vn 0.646506369 0.646520078 0.405020088
vn 0.646513939 0.646507204 -0.405028611
vn 0.318506271 0.318506181 -0.892808795
vn 0.450434536 0.000002026 0.892809570
vn 0.914307833 0.000009595 0.405020177
vn 0.914311528 -0.000004768 -0.405011684
vn 0.450433105 0.000000000 -0.892810166
vn 0.318506718 -0.318503827 0.892809510
vn 0.646520078 -0.646506429 0.405020177
vn 0.646507204 -0.646513939 -0.405028671
vn 0.318506241 -0.318506211 -0.892808795
vn 0.000002031 -0.450434536 0.892809570
vn 0.000009638 -0.914307833 0.405020237
vn -0.000004787 -0.914311528 -0.405011743
vn 0.000000000 -0.450433195 -0.892810166
vn -0.318503857 -0.318506718 0.892809451
vn -0.646506429 -0.646520078 0.405020207
vn -0.646513939 -0.646507204 -0.405028641
vn -0.318506211 -0.318506211 -0.892808795
vn -0.450434536 -0.000002026 0.892809570
vn -0.914307833 -0.000009595 0.405020177
vn -0.914311528 0.000004768 -0.405011684
vn -0.450433105 0.000000000 -0.892810166
vn -0.318506747 0.318503797 0.892809510
vn -0.646520078 0.646506429 0.405020177
vn -0.646507263 0.646513939 -0.405028671
vn -0.318506271 0.318506181 -0.892808795
vn 0.111014001 -0.981676221 0.154880106
vn 0.011580226 -0.102362946 0.994679689
vn -0.601531148 -0.787781000 -0.132518798
vn -0.700972736 0.091520853 0.707291484
vn -0.662823498 -0.245763212 -0.707294524
vn -0.762268841 0.633549094 0.132520258
vn -0.011576256 0.102358893 -0.994680166
vn -0.111016326 0.981677234 -0.154871434
vn 0.700967669 -0.091531821 -0.707295060
vn 0.601531208 0.787780762 0.132520318
vn 0.762269020 -0.633550406 -0.132514074
vn 0.662824571 0.245764732 0.707292974
vn 0.044487108 -0.362578183 0.930890977
vn 0.045733660 -0.366955072 0.929113805
vn 0.041194592 -0.333810568 0.941739678
vn 0.041651938 -0.335427344 0.941144824
vn 0.034510579 -0.274080604 0.961087346
vn 0.034510262 -0.274082065 0.961086929
vn 0.026777755 -0.205143422 0.978365541
vn 0.026777377 -0.205143273 0.978365600
vn 0.017701305 -0.124444298 0.992068708
vn 0.017701115 -0.124442033 0.992068946
vn 0.008439927 -0.042323425 0.999068320
vn 0.008439857 -0.042323958 0.999068379
vn 0.000296732 0.029704474 0.999558687
vn 0.000295546 0.029706556 0.999558687
vn -0.007382351 0.097468585 0.995211303
vn -0.007484982 0.095003910 0.995448828
vn -0.013380264 0.147104338 0.989030421
vn -0.013590532 0.142085940 0.989761114
vn -0.018543625 0.185955882 0.982383132
vn -0.361039728 -0.915330529 0.178382665
vn -0.452731878 0.415514082 0.788911879
vn -0.531922340 0.581246912 -0.615800917
vn 0.555122733 -0.744470298 -0.370948464
vn 0.766340852 0.641950369 0.024928967
vn -0.174656093 -0.393479347 0.902590394
vn -0.178196624 -0.401438951 0.898383439
vn -0.151161686 -0.358726680 0.921121836
vn -0.152493343 -0.361722976 0.919729471
vn -0.099496402 -0.282028079 0.954233050
vn -0.099499650 -0.282030553 0.954231918
vn -0.036326598 -0.186538413 0.981775880
vn -0.036327839 -0.186538860 0.981775761
vn 0.038321331 -0.071376219 0.996713042
vn 0.038318899 -0.071379848 0.996712863
vn 0.113336153 0.046893928 0.992449462
vn 0.113334604 0.046893544 0.992449641
vn 0.176500425 0.148572162 0.973023117
vn 0.176500574 0.148573503 0.973022819
vn 0.230823696 0.238905147 0.943209887
vn 0.229467154 0.235459641 0.944406509
vn 0.268351912 0.303919703 0.914122641
vn 0.265777856 0.297169060 0.917089224
vn 0.295448422 0.349590749 0.889098704
vn 0.868831158 0.397149652 0.295642912
vn -0.398050219 -0.627936125 -0.668769240
vn 0.018083405 0.999095678 -0.038482245
vn -0.488245398 -0.768906415 0.412794560
vn 0.290593535 -0.205853358 0.934440911
vn 0.297576100 -0.216219023 0.929891288
vn 0.261280954 -0.178098381 0.948690295
vn 0.263908833 -0.181950465 0.947230816
vn 0.193849370 -0.110621899 0.974774420
vn 0.193851188 -0.110624067 0.974773824
vn 0.110636309 -0.027055707 0.993492603
vn 0.110636897 -0.027055927 0.993492603
vn 0.011069324 0.071406133 0.997385919
vn 0.011071055 0.071405835 0.997385919
vn -0.090228721 0.169927210 0.981317222
vn -0.090226866 0.169926748 0.981317461
vn -0.176429346 0.252425790 0.951395750
vn -0.176432550 0.252427369 0.951394737
vn -0.247690022 0.320904732 0.914149821
vn -0.252169460 0.323817849 0.911895096
vn -0.295334667 0.367804080 0.881758273
vn -0.304072201 0.373345166 0.876443624
vn -0.341955096 0.410607100 0.845262408
vn -0.110351123 -0.966255009 0.232752755
vn -0.623629391 0.441232324 0.645290911
vn 0.305708766 -0.283793747 -0.908847213
vn -0.566463053 0.721048713 -0.399009317
vn 0.912693799 0.037853628 0.406887323
vn 0.669368386 -0.729549646 0.140368283
vn 0.079493716 -0.086644731 0.993062675
vn -0.023507452 -0.989445686 -0.142984614
vn -0.613375902 -0.346541435 0.709703445
vn -0.397931218 -0.581350803 -0.709705591
vn -0.987808526 0.061557446 0.142986089
vn -0.079496242 0.086640157 -0.993062854
vn -0.669365823 0.729551971 -0.140368760
vn 0.613375843 0.346547246 -0.709700763
vn 0.023502529 0.989444971 0.142990366
vn 0.987807691 -0.061561298 -0.142989978
vn 0.397932559 0.581349611 0.709705770
vn 0.293213367 -0.309569418 0.904540062
vn 0.298988342 -0.318803251 0.899427831
vn 0.267102420 -0.283141345 0.921133637
vn 0.269272596 -0.286583930 0.919435680
vn 0.208031610 -0.219583318 0.953155816
vn 0.208028093 -0.219581619 0.953156948
vn 0.136173829 -0.141057462 0.980591416
vn 0.136172548 -0.141057685 0.980591595
vn 0.050312173 -0.047349308 0.997610509
vn 0.050316066 -0.047353335 0.997610152
vn -0.037317220 0.048161350 0.998142302
vn -0.037315331 0.048160467 0.998142421
vn -0.112761363 0.130291700 0.985042632
vn -0.112760410 0.130290315 0.985042989
vn -0.177169845 0.200329840 0.963576019
vn -0.179551601 0.203972742 0.962370157
vn -0.222571850 0.250688881 0.942134202
vn -0.227231354 0.257871240 0.939078450
vn -0.262440383 0.295988053 0.918431342
vn -0.248774961 -0.962250531 -0.110386193
vn -0.957928360 0.245459765 0.148737803
vn 0.658630669 -0.036423802 -0.751584291
vn 0.729729176 -0.200242251 0.653757095
vn -0.172786027 0.983669877 0.050385844
vn 0.047769230 -0.588680506 0.806953132
vn 0.050892241 -0.599759758 0.798560202
vn 0.044979442 -0.542315543 0.838970006
vn 0.046157133 -0.546621025 0.836107016
vn 0.038864572 -0.431238562 0.901400506
vn 0.038864423 -0.431233138 0.901403069
vn 0.030040836 -0.277568638 0.960236073
vn 0.030040899 -0.277568072 0.960236192
vn 0.018371085 -0.083153255 0.996367395
vn 0.018370561 -0.083153896 0.996367455
vn 0.005712894 0.118694909 0.992914379
vn 0.005712949 0.118694380 0.992914438
vn -0.005227057 0.286405772 0.958094239
vn -0.005226632 0.286408931 0.958093286
vn -0.013940791 0.415575892 0.909451663
vn -0.013191248 0.421682388 0.906647623
vn -0.018707376 0.501788139 0.864788353
vn -0.017236201 0.513052166 0.858184457
vn -0.021601219 0.572280169 0.819773614
vn -0.161743119 -0.915471315 0.368444651
vn 0.171230763 0.763249516 0.623001039
vn 0.260432661 -0.736684918 -0.624075472
vn -0.270008177 0.889202595 -0.369343132
vn 0.435503572 -0.029323915 0.899709225
vn 0.444625407 -0.032612052 0.895122707
vn 0.401319921 -0.024915595 0.915598989
vn 0.404727697 -0.026125070 0.914063990
vn 0.322770149 -0.012656851 0.946392775
vn 0.322773159 -0.012656934 0.946391702
vn 0.227416798 0.002627873 0.973793983
vn 0.227422848 0.002628592 0.973792613
vn 0.113586634 0.020379243 0.993319035
vn 0.113593385 0.020378824 0.993318379
vn -0.003266588 0.038072072 0.999269724
vn -0.003265631 0.038071837 0.999269724
vn -0.104909718 0.053033751 0.993066669
vn -0.104909100 0.053033955 0.993066728
vn -0.193417624 0.065732703 0.978912055
vn -0.197267458 0.066927321 0.978062510
vn -0.257208198 0.075318113 0.963416398
vn -0.264874727 0.077695340 0.961147666
vn -0.314703524 0.084494576 0.945421815
vn 0.715416372 -0.634362638 -0.292854041
vn -0.736181259 0.111566000 0.667525411
vn 0.921012819 0.387372077 0.040967084
vn -0.899898946 0.136349410 -0.414235085
vn 0.980985522 0.110791415 0.159350440
vn 0.097875610 0.011051036 0.995137274
vn 0.788281202 -0.601583362 -0.129268080
vn -0.094823249 -0.701319516 0.706512272
vn 0.248856172 -0.662498832 -0.706516743
vn -0.634257317 -0.762238741 0.129266247
vn -0.097877264 -0.011053792 -0.995137095
vn -0.980986416 -0.110789843 -0.159346431
vn 0.094821557 0.701321900 -0.706510127
vn -0.788283765 0.601579785 0.129268467
vn 0.634258866 0.762236714 -0.129270777
vn -0.248852298 0.662501931 0.706515253
vn 0.393861204 0.015279102 0.919042945
vn 0.399729937 0.017078668 0.916473806
vn 0.359493554 0.010837994 0.933084726
vn 0.361675233 0.011498333 0.932233274
vn 0.286562681 0.001804905 0.958059788
vn 0.286558628 0.001804729 0.958061099
vn 0.200297967 -0.008627502 0.979696989
vn 0.200296447 -0.008627605 0.979697347
vn 0.098422319 -0.020618843 0.994931102
vn 0.098423004 -0.020618569 0.994931042
vn -0.005419682 -0.032490689 0.999457359
vn -0.005421968 -0.032490715 0.999457419
vn -0.095846459 -0.042544290 0.994486511
vn -0.095843092 -0.042544108 0.994486928
vn -0.179253846 -0.051580228 0.982449710
vn -0.176028565 -0.051747460 0.983024001
vn -0.239404052 -0.058441009 0.969159663
vn -0.232931554 -0.058802646 0.970713675
vn -0.285595298 -0.064234391 0.956195295
vn 0.621867001 -0.748726487 -0.229543313
vn -0.740963399 -0.494127423 0.454765171
vn 0.413440764 0.561177909 -0.717039883
vn 0.606235147 0.370835811 0.703533769
vn -0.917623699 0.305243343 -0.254545242
vn 0.401445061 -0.260125458 0.878166616
vn 0.409429133 -0.267595798 0.872215748
vn 0.369675487 -0.241825581 0.897140145
vn 0.372684926 -0.244618207 0.895135760
vn 0.296093076 -0.196102783 0.934811532
vn 0.296095431 -0.196104765 0.934810340
vn 0.205072135 -0.138343334 0.968920290
vn 0.205069304 -0.138343111 0.968920946
vn 0.095314436 -0.068563163 0.993083239
vn 0.095315106 -0.068563282 0.993083119
vn -0.017720906 0.003443653 0.999837101
vn -0.017719630 0.003442973 0.999837101
vn -0.115484357 0.065838084 0.991125047
vn -0.115485668 0.065837011 0.991124868
vn -0.199052587 0.119257919 0.972705305
vn -0.202451974 0.122314908 0.971623540
vn -0.258266330 0.158026859 0.953061402
vn -0.264939308 0.164075792 0.950203240
vn -0.310583413 0.193241000 0.930696428
vn 0.088175036 -0.976803303 0.195142582
vn -0.593442261 -0.099601880 0.798690021
vn 0.416802078 -0.149450317 -0.896627367
vn -0.804866016 -0.033694740 -0.592499375
vn 0.878770888 0.202932134 0.431949347
vn -0.026428288 0.998825014 0.040621907
vn 0.331908017 0.385593474 0.860903561
vn 0.345212936 0.393986762 0.851823092
vn 0.302065939 0.353094727 0.885483086
vn 0.307110935 0.356340498 0.882442236
vn 0.222164050 0.272909522 0.936036050
vn 0.222161442 0.272907495 0.936037362
vn 0.113510072 0.164933294 0.979751229
vn 0.113509886 0.164933279 0.979751229
vn -0.020264672 0.030251577 0.999336958
vn -0.020264858 0.030251427 0.999336958
vn -0.155982241 -0.108288959 0.981805980
vn -0.155981541 -0.108288899 0.981806099
vn -0.266963303 -0.223099470 0.937527180
vn -0.266959637 -0.223097026 0.937528849
vn -0.355245739 -0.316924274 0.879408658
vn -0.352630556 -0.312812686 0.881929636
vn -0.413136899 -0.380914181 0.827177405
vn -0.408426762 -0.373249948 0.832989872
vn -0.451435924 -0.421623975 0.786408842
vn 0.909244895 0.346224785 0.231088892
vn -0.088110089 -0.510809541 0.855166793
vn 0.253737003 0.842382729 -0.475403905
vn -0.094936080 -0.822964549 -0.560104072
vn -0.983369172 0.166798919 -0.071855001
vn 0.395809293 0.864017487 0.311141104
vn -0.024010720 -0.052420251 0.998336494
vn 0.926759303 0.375305086 -0.016231427
vn 0.506925583 -0.541132033 0.670971453
vn 0.740857124 -0.030484864 -0.670970500
vn 0.321033806 -0.946928620 0.016233085
vn 0.024016667 0.052418780 -0.998336375
vn -0.395815283 -0.864014566 -0.311141640
vn -0.506929994 0.541129589 -0.670969963
vn -0.926757097 -0.375309855 0.016237577
vn -0.321028948 0.946930289 -0.016236490
vn -0.740856647 0.030491736 0.670970678
vn 0.171141252 0.525243521 0.833564639
vn 0.179939821 0.536074162 0.824770331
vn 0.154391542 0.487966388 0.859099627
vn 0.157688171 0.492123812 0.856124282
vn 0.109207191 0.395906270 0.911774099
vn 0.109204501 0.395902455 0.911776066
vn 0.049647126 0.274290651 0.960364461
vn 0.049647857 0.274290025 0.960364580
vn -0.022173135 0.123007335 0.992158115
vn -0.022168677 0.123013601 0.992157340
vn -0.094348937 -0.034062974 0.994956315
vn -0.094347388 -0.034061737 0.994956553
vn -0.153925583 -0.167780057 0.973733425
vn -0.153923839 -0.167776421 0.973734379
vn -0.202393413 -0.281721950 0.937907100
vn -0.201352909 -0.277227223 0.939469039
vn -0.234410226 -0.361590654 0.902387977
vn -0.232542276 -0.353002638 0.906263411
vn -0.256809145 -0.415332139 0.872667372
vn 0.430241823 0.648740590 -0.627716243
vn 0.148057476 -0.977472007 0.150424376
vn 0.265092015 0.864492655 0.427058160
vn -0.842672944 -0.536004961 0.051000297
vn 0.372300237 0.091327950 0.923607945
vn 0.381151140 0.094310515 0.919689834
vn 0.342678696 0.073915206 0.936540365
vn 0.345967442 0.075018205 0.935242712
vn 0.273962647 0.036558021 0.961045206
vn 0.273961782 0.036559116 0.961045504
vn 0.190869465 -0.006866379 0.981591403
vn 0.190866441 -0.006866198 0.981592059
vn 0.092126250 -0.057234023 0.994101167
vn 0.092128985 -0.057232432 0.994100988
vn -0.008981017 -0.107487544 0.994165838
vn -0.008978383 -0.107486941 0.994166017
vn -0.096956328 -0.150145397 0.983898282
vn -0.096953116 -0.150144070 0.983898878
vn -0.174020544 -0.185896635 0.967036366
vn -0.177669674 -0.188391581 0.965889215
vn -0.228617653 -0.209733009 0.950655580
vn -0.235908225 -0.214681342 0.947765470
vn -0.281396538 -0.233958840 0.930633783
vn 0.806816399 -0.159801096 0.568780363
vn -0.125849068 -0.808003545 0.575580001
vn 0.492765993 -0.031930618 -0.869575918
vn -0.598490238 -0.317094088 -0.735704303
vn 0.165351063 0.981533170 0.096186027
vn -0.792642474 0.454450339 0.406438977
vn -0.173326433 0.427193761 0.887391388
vn -0.173675761 0.438739449 0.881671309
vn -0.163619608 0.390644401 0.905883789
vn -0.163784236 0.394972563 0.903975427
vn -0.142977461 0.303281873 0.942113400
vn -0.142978609 0.303284228 0.942112446
vn -0.117307119 0.194297969 0.973903179
vn -0.117307089 0.194297418 0.973903239
vn -0.085230194 0.063348502 0.994345486
vn -0.085228436 0.063343823 0.994345903
vn -0.051057886 -0.070742846 0.996187031
vn -0.051057685 -0.070742592 0.996187091
vn -0.020662662 -0.185817897 0.982366920
vn -0.020664059 -0.185814142 0.982367575
vn 0.005847579 -0.283134460 0.959062397
vn 0.006326522 -0.287754089 0.957683504
vn 0.024353173 -0.352186859 0.935612798
vn 0.025306340 -0.361223519 0.932135820
vn 0.040293582 -0.413396060 0.909659326
vn 0.172441021 0.957533002 0.231073171
vn 0.392141074 -0.338994503 0.855165541
vn -0.590713203 0.651970327 -0.475386769
vn 0.656024635 -0.505876720 -0.560107589
vn -0.650185168 -0.756370068 -0.071858086
vn -0.431535095 0.897620678 0.089747533
vn -0.072807886 0.151442334 0.985781014
vn 0.313031673 0.932694077 -0.179145247
vn 0.671762586 0.186516345 0.716900766
vn 0.565204084 0.408161759 -0.716901898
vn 0.923931837 -0.338019133 0.179145649
vn 0.072806209 -0.151441246 -0.985781312
vn 0.431536734 -0.897621334 -0.089733116
vn -0.671759546 -0.186513051 -0.716904521
vn -0.313033581 -0.932693541 0.179144338
vn -0.923933566 0.338014692 -0.179144830
vn -0.565212488 -0.408153862 0.716899753
vn -0.238058686 0.339797020 0.909871459
vn -0.241458729 0.354484171 0.903348684
vn -0.218149617 0.300236970 0.928584158
vn -0.219476342 0.305756778 0.926468074
vn -0.172152683 0.201162383 0.964311779
vn -0.172153607 0.201166660 0.964310706
vn -0.112845533 0.073473439 0.990892291
vn -0.112845093 0.073474370 0.990892291
vn -0.039676130 -0.079561017 0.996040165
vn -0.039679382 -0.079555310 0.996040404
vn 0.035690747 -0.232408643 0.971963227
vn 0.035688985 -0.232408136 0.971963346
vn 0.099414036 -0.357877463 0.928461492
vn 0.099414296 -0.357880652 0.928460181
vn 0.153991535 -0.460692078 0.874099255
vn 0.151303053 -0.457329005 0.876331866
vn 0.192785203 -0.529865026 0.825879395
vn 0.187631279 -0.523649156 0.831014991
vn 0.217977270 -0.576312244 0.787623107
vn -0.310483664 0.572816670 0.758604705
vn 0.456000894 0.789547324 -0.410704643
vn 0.441149592 -0.644898117 0.624094069
vn -0.846479297 0.142674342 -0.512949169
vn 0.280324727 -0.860690475 -0.425005853
vn 0.124166146 0.626757503 0.769258082
vn 0.124386661 0.638217747 0.759740770
vn 0.112998843 0.582570076 0.804887176
vn 0.113123313 0.587059736 0.801600933
vn 0.085358091 0.474694282 0.876001894
vn 0.085358657 0.474696159 0.876000822
vn 0.046895728 0.320838869 0.945972085
vn 0.046895303 0.320834398 0.945973575
vn -0.001401217 0.122296527 0.992492616
vn -0.001401873 0.122296356 0.992492616
vn -0.050695598 -0.086160056 0.994990706
vn -0.050698798 -0.086159669 0.994990528
vn -0.090584837 -0.259425998 0.961505353
vn -0.090586819 -0.259422928 0.961506009
vn -0.121714704 -0.398016781 0.909267962
vn -0.119118229 -0.392102599 0.912176669
vn -0.140241951 -0.488363713 0.861297429
vn -0.135400623 -0.477519482 0.868125498
vn -0.151156157 -0.549342573 0.821811736
vn 0.576331615 0.658555329 -0.483887106
vn 0.039527945 -0.781157851 0.623081088
vn -0.198773339 0.952965081 0.228794068
vn -0.416161180 -0.830832183 -0.369496673
vn -0.515025914 0.249407306 0.820087969
vn -0.525683880 0.257488072 0.810775161
vn -0.478118926 0.234530002 0.846402884
vn -0.482203335 0.237588137 0.843227148
vn -0.387103826 0.193128616 0.901583016
vn -0.387104839 0.193130091 0.901582301
vn -0.266862601 0.136688963 0.953991890
vn -0.266863883 0.136688828 0.953991532
vn -0.117261469 0.066168152 0.990894318
vn -0.117265478 0.066168107 0.990893900
vn 0.038511019 -0.007584014 0.999229372
vn 0.038506418 -0.007583935 0.999229610
vn 0.171289980 -0.070704974 0.982680321
vn 0.171291605 -0.070706464 0.982679963
vn 0.284771919 -0.123948462 0.950548172
vn 0.280289382 -0.122701764 0.952041030
vn 0.364352971 -0.160262182 0.917367399
vn 0.355778396 -0.157918587 0.921131670
vn 0.418001741 -0.186121464 0.889175653
vn -0.549439073 0.834672689 0.037925541
vn 0.771304488 -0.124454245 0.624179900
vn -0.946696997 -0.128850445 -0.295232892
vn 0.726294696 -0.580229580 -0.368550688
vn -0.922774434 0.201068491 0.328722805
vn 0.074437782 -0.016217856 0.997093856
vn -0.564580083 0.825373888 -0.002723909
vn 0.432630062 0.608075440 0.665639162
vn -0.140420139 0.732941270 -0.665642023
vn 0.856792092 0.515654743 0.002732166
vn -0.074437849 0.016219435 -0.997093737
vn 0.922772944 -0.201071754 -0.328725308
vn -0.432627201 -0.608074605 -0.665641785
vn 0.564583719 -0.825371385 0.002730684
vn -0.856790602 -0.515657246 -0.002728512
vn 0.140408784 -0.732946157 0.665639043
vn -0.315999001 0.150615826 0.936728060
vn -0.322669238 0.150724366 0.934433997
vn -0.280012399 0.143981025 0.949137747
vn -0.282484382 0.144036248 0.948396683
vn -0.203778371 0.129232213 0.970450103
vn -0.203776389 0.129232109 0.970450521
vn -0.113820374 0.111100852 0.987269759
vn -0.113819584 0.111100733 0.987269819
vn -0.008312834 0.088874713 0.996008098
vn -0.008311191 0.088874802 0.996008217
vn 0.098264165 0.065389991 0.993009746
vn 0.098261058 0.065390125 0.993010104
vn 0.190086216 0.044311702 0.980766892
vn 0.190081462 0.044312324 0.980767846
vn 0.269478559 0.024725903 0.962688923
vn 0.273703754 0.024408273 0.961504281
vn 0.324833393 0.009773257 0.945720792
vn 0.333245367 0.009116679 0.942796052
vn 0.379018962 -0.003749709 0.925381303
vn -0.797796190 0.499354303 0.337885410
vn 0.541369319 0.295819879 0.787025988
vn -0.833634019 -0.144647002 -0.533039987
vn 0.721341312 0.317374587 -0.615581155
vn 0.364879131 -0.930750251 0.023816256
vn -0.294007480 0.278003514 0.914479971
vn -0.300344080 0.290653795 0.908467889
vn -0.266500920 0.245251760 0.932109833
vn -0.268915772 0.249986708 0.930156469
vn -0.202025503 0.163385689 0.965655625
vn -0.202023566 0.163382843 0.965656579
vn -0.119987689 0.058831844 0.991030633
vn -0.119986303 0.058831610 0.991030812
vn -0.020271197 -0.066030286 0.997611701
vn -0.020274727 -0.066026449 0.997611880
vn 0.081686273 -0.191299960 0.978126645
vn 0.081685439 -0.191300377 0.978126585
vn 0.167725533 -0.295086026 0.940634012
vn 0.167723745 -0.295084298 0.940634847
vn 0.237765759 -0.378160596 0.894685507
vn 0.240282029 -0.382548779 0.892144144
vn 0.285355359 -0.435219765 0.853906274
vn 0.290100634 -0.443531185 0.848010361
vn 0.325424761 -0.484107435 0.812242985
vn -0.450349927 0.512864888 0.730858803
vn -0.147381395 -0.713686168 0.684785247
vn 0.269674212 0.862410843 -0.428396314
vn 0.946592450 0.090567745 0.309451401
vn -0.845902503 -0.058380023 -0.530132711
vn 0.255721390 -0.659291327 -0.707065403
vn -0.268422037 -0.115538925 0.956347406
vn -0.277341485 -0.118332006 0.953456461
vn -0.238140449 -0.098812990 0.966191053
vn -0.241436183 -0.099849649 0.965266168
vn -0.168778181 -0.062948361 0.983641922
vn -0.168779209 -0.062949322 0.983641684
vn -0.086158782 -0.021176839 0.996056378
vn -0.086160488 -0.021177150 0.996056199
vn 0.010677775 0.027538415 0.999563694
vn 0.010673764 0.027536696 0.999563754
vn 0.108530022 0.076498307 0.991145432
vn 0.108527184 0.076498181 0.991145790
vn 0.192750096 0.118419461 0.974076092
vn 0.192742556 0.118418589 0.974077761
vn 0.269415557 0.156396553 0.950239658
vn 0.266239524 0.155433133 0.951292336
vn 0.323853344 0.183828205 0.928076625
vn 0.317535222 0.181943223 0.930627763
vn 0.364991456 0.205215454 0.908112228
vn -0.866604030 -0.298982590 0.399508208
vn 0.721712410 0.226205841 0.654188216
vn -0.612926364 -0.442983299 -0.654283702
vn 0.757756770 0.515878677 -0.399591953
vn -0.889279962 -0.438424796 0.130249411
vn -0.114554040 -0.056480333 0.991810143
vn -0.941772521 0.300807774 -0.150263757
vn -0.167058200 0.682754517 0.711293042
vn -0.439854771 0.548262060 -0.711292148
vn 0.334864974 0.930208325 0.150259376
vn 0.114554033 0.056479476 -0.991810203
vn 0.889280677 0.438423246 -0.130249530
vn 0.167047575 -0.682752848 -0.711297214
vn 0.941772819 -0.300806761 0.150264144
vn -0.334864497 -0.930208087 -0.150261670
vn 0.439861596 -0.548250973 0.711296499
vn -0.301850170 -0.174991623 0.937157691
vn -0.314378142 -0.178473607 0.932369828
vn -0.265255094 -0.155392095 0.951574028
vn -0.269924253 -0.156711295 0.950043380
vn -0.177053973 -0.111616015 0.977851629
vn -0.177055314 -0.111617424 0.977851152
vn -0.067458861 -0.058035806 0.996032774
vn -0.067457199 -0.058035914 0.996032834
vn 0.062325057 0.005899918 0.998038471
vn 0.062328614 0.005900260 0.998038292
vn 0.192357898 0.070486598 0.978790164
vn 0.192361698 0.070486799 0.978789389
vn 0.301276475 0.125017568 0.945305824
vn 0.301275700 0.125016153 0.945306301
vn 0.395109206 0.172347501 0.902322054
vn 0.390874088 0.171091720 0.904403090
vn 0.458924949 0.205622554 0.864353776
vn 0.450776339 0.203251928 0.869188845
vn 0.504722714 0.230662987 0.831895173
vn -0.709143281 -0.012325571 0.704956710
vn 0.789474308 0.151282355 0.594847858
vn -0.652331352 0.251344532 -0.715045333
vn -0.121253870 -0.966136456 -0.227767453
vn 0.707188308 0.587954402 -0.392675847
vn -0.414029479 0.083784468 0.906399369
vn -0.426186651 0.089109868 0.900235832
vn -0.373437464 0.076378293 0.924505711
vn -0.378014654 0.078359313 0.922477543
vn -0.276030809 0.055065323 0.959570050
vn -0.276035696 0.055066038 0.959568739
vn -0.152822301 0.027047139 0.987883508
vn -0.152829066 0.027047437 0.987882495
vn -0.004434886 -0.006531700 0.999968886
vn -0.004438878 -0.006530529 0.999968886
vn 0.146492437 -0.040505689 0.988382220
vn 0.146500841 -0.040505331 0.988380909
vn 0.273866057 -0.069031015 0.959287345
vn 0.273865342 -0.069030084 0.959287584
vn 0.378325075 -0.092315823 0.921058059
vn 0.382927924 -0.094240829 0.918958604
vn 0.450478584 -0.109233722 0.886079609
vn 0.459280401 -0.112974338 0.881077945
vn 0.512530804 -0.124654412 0.849572539
vn 0.687263191 -0.380864471 0.618556142
vn -0.410489857 0.890757978 0.195059657
vn -0.434192091 -0.006946207 -0.900793552
vn 0.930757046 0.002613588 -0.365629047
vn -0.751724124 -0.497592360 0.432796359
vn -0.155087709 -0.355552673 0.921699584
vn -0.160156488 -0.362803757 0.917999625
vn -0.142208084 -0.325189918 0.934894860
vn -0.144080848 -0.327887833 0.933664978
vn -0.111195989 -0.257150263 0.959952712
vn -0.111193493 -0.257148981 0.959953368
vn -0.073595993 -0.176131055 0.981611729
vn -0.073595092 -0.176131308 0.981611729
vn -0.029199159 -0.080277853 0.996344745
vn -0.029200720 -0.080281399 0.996344507
vn 0.016050503 0.017617963 0.999716043
vn 0.016050424 0.017617621 0.999716043
vn 0.055349074 0.102800041 0.993160903
vn 0.055350244 0.102802247 0.993160665
vn 0.090321541 0.177116647 0.980036616
vn 0.091467470 0.181225955 0.979178667
vn 0.115735449 0.229133993 0.966489971
vn 0.118011221 0.237383828 0.964221060
vn 0.139366686 0.280715168 0.949618816
vn 0.510835707 0.591547728 0.623793364
vn -0.697999001 -0.528865218 -0.482803226
vn 0.184341371 0.910855889 -0.369269401
vn 0.002702243 -0.973532856 0.228531182
vn -0.791939795 -0.116921820 0.599300206
vn 0.419777453 0.202722922 0.884697974
vn -0.014127896 0.871085346 0.490928382
vn -0.883268595 0.242464438 -0.401307374
vn 0.087242432 0.953076065 -0.289887667
vn -0.365918756 -0.295896351 -0.882354200
vn 0.624086440 0.368712008 -0.688888609
vn 0.013858645 -0.870455205 -0.492052615
vn -0.117726661 -0.915015340 0.385859489
vn 0.957241595 -0.272890091 0.096019059
vn -0.001355096 -0.002607566 0.999995708
vn -0.548251271 -0.152620763 0.822269678
vn -0.092116408 -0.555393398 0.826470137
vn 0.480772197 -0.293735534 0.826182485
vn 0.499283403 0.304694057 0.811096609
vn 0.094818205 0.579775691 0.809240162
vn -0.416014403 0.407237947 0.813073993
vn -0.700675189 0.162373185 0.694758356
vn -0.663331628 -0.292925537 0.688611567
vn -0.359522730 -0.646195948 0.673182189
vn 0.191590995 -0.694717705 0.693296671
vn 0.734420657 0.004415573 0.678680241
vn 0.613551140 0.436427146 0.658092976
vn 0.354884773 0.634232283 0.686881542
vn -0.401617289 -0.650596499 0.644536912
vn 0.165528238 -0.796041012 0.582167566
vn 0.560262978 -0.488061190 0.669254541
vn 0.828008533 -0.096243173 0.552394092
vn -0.042307768 0.738482594 0.672943890
vn -0.281744719 0.687563896 0.669235229
vn -0.561583817 0.460084647 0.687710583
vn -0.829182029 -0.092912190 0.551202774
vn -0.710223198 -0.458838642 0.533900917
vn -0.509555936 -0.659359813 0.552808702
vn -0.099711560 -0.781696379 0.615636647
vn 0.491864085 -0.659602463 0.568325937
vn 0.749613762 -0.356807381 0.557465374
vn 0.758374572 0.315945208 0.570128679
vn 0.511115611 0.655485034 0.555967867
vn 0.009924532 0.824763358 0.565390944
vn -0.560923755 0.620663524 0.547851622
vn -0.795522273 0.274494678 0.540182531
vn -0.939469397 0.004229106 0.342606872
vn -0.260840088 -0.901606858 0.345061570
vn 0.018114727 -0.943105519 0.331999779
vn 0.932136118 0.009652054 0.361979634
vn 0.267501473 0.897622466 0.350309700
vn 0.001931105 0.948138416 0.317851812
vn -0.241595775 0.899312139 0.364512146
vn -0.454529643 0.815582097 0.358090252
vn -0.692683637 0.641135395 0.330355644
vn -0.866927683 -0.354777426 0.350099087
vn -0.600687683 -0.710815072 0.365945727
vn 0.374397188 -0.857511640 0.352846414
vn 0.740701735 -0.578509986 0.341595143
vn 0.902228832 -0.235397547 0.361346334
vn 0.859119654 0.364207208 0.359536558
vn 0.573953152 0.738580465 0.353661776
vn -0.859002113 0.364252985 0.359771132
vn -0.996748626 -0.010673081 0.079863966
vn -0.866876185 -0.497196138 0.036354624
vn -0.490473151 -0.867123008 0.086797155
vn 0.250663936 -0.966176450 0.060586356
vn 0.967517912 0.248914003 0.044169657
vn 0.854802132 0.509514332 0.098531172
vn 0.264991701 0.957512081 0.113798261
vn -0.264211982 0.959452927 0.098194458
vn -0.964519382 -0.237207368 0.115909949
vn -0.710083246 -0.701480031 0.060889628
vn -0.261298150 -0.958955646 0.110124394
vn -0.013208542 -0.999631166 0.023729170
vn 0.504924715 -0.861666858 0.050805815
vn 0.698944986 -0.713486433 0.049122177
vn 0.870074928 -0.492232502 0.026015725
vn 0.968317032 -0.249350473 0.013660369
vn 0.997937739 -0.008648590 0.063603736
vn 0.715552092 0.698064387 0.026293157
vn 0.475858390 0.878384769 0.044712193
vn -0.000629787 0.999617577 0.027645700
vn -0.492420614 0.864478946 0.100985505
vn -0.704710901 0.707536399 0.052677069
vn -0.859552622 0.508851826 0.047318768
vn -0.968664289 0.247517601 0.020607574
vn -0.917093039 -0.232505649 -0.323854387
vn -0.476332098 -0.824437320 -0.305631936
vn -0.237557486 -0.913774848 -0.329517752
vn 0.807832658 0.485111356 -0.334773540
vn 0.255166858 0.911333263 -0.323050320
vn -0.246189207 0.907078803 -0.341465771
vn -0.467651248 0.827687263 -0.310219437
vn -0.926486790 0.113129996 -0.358920455
vn -0.653384626 -0.663337111 -0.364790976
vn 0.242335483 -0.907156467 -0.344006777
vn 0.478030205 -0.803969204 -0.353724003
vn 0.656758010 -0.659381330 -0.365903229
vn 0.934636652 -0.011355019 -0.355422765
vn 0.905403554 0.224873334 -0.360106319
vn -0.665074289 0.653608918 -0.361208588
vn -0.812343419 0.455548495 -0.364106923
vn -0.801531851 -0.462079197 -0.379512429
vn -0.004729599 -0.922327459 -0.386380196
vn 0.857196212 -0.361667097 -0.366621763
vn 0.543075919 0.749382675 -0.378806233
vn -0.005871261 0.926226139 -0.376922637
vn -0.527102232 -0.073788583 -0.846592307
vn -0.415430248 -0.320158035 -0.851420224
vn -0.198450550 -0.497770429 -0.844299734
vn 0.157360241 -0.514429271 -0.842971146
vn 0.418624341 -0.322664917 -0.848905742
vn 0.525735021 -0.053344458 -0.848974109
vn 0.486204684 0.203533366 -0.849811375
vn 0.326061398 0.424290657 -0.844784856
vn 0.020992694 0.542968810 -0.839490414
vn -0.315702409 0.432632834 -0.844488502
vn -0.485098839 0.203772232 -0.850385785
vn -0.000051677 -0.000013033 -1.000000000
vn -0.469882816 -0.105285332 0.876427531
vn -0.217232183 0.976119936 0.000000824
vn -0.266571164 0.388760298 -0.881932795
vn 0.860123098 0.510086477 -0.000000299
vn 0.654875159 0.099694498 -0.749132574
vn 0.654874623 0.099694304 0.749132991
vn 0.970540881 -0.240936533 -0.000001157
vn 0.231401682 -0.431642711 0.871858835
vn -0.214316979 -0.976764202 -0.000000046
vn 0.231401995 -0.431640536 -0.871859848
vn -0.999302804 0.037337027 0.000000435
vn -0.469881952 -0.105285391 -0.876427948
vn -0.266570836 0.388761014 0.881932557
vn -0.095278546 -0.422682256 0.901255667
vn -0.480331123 -0.136880219 0.866340458
vn -0.494926035 -0.134937704 -0.858393848
vn 0.119688772 0.595870376 0.794111550
vn -0.013577734 0.337509990 -0.941224039
vn -0.027334200 0.999534845 -0.013524578
vn 0.380060017 0.686721981 -0.619651020
vn 0.991710544 -0.124029018 0.033571120
vn 0.484589279 0.133884475 0.864435196
vn 0.412102461 -0.215746373 -0.885226011
vn -0.002030693 -0.999030232 0.043982975
vn -0.132885650 -0.584035754 -0.800777018
vn -0.992213666 0.124547139 -0.000000820
vn 0.379734337 -0.410788804 0.828887463
vn -0.386052549 -0.922476828 -0.000000413
vn -0.440917611 -0.213190213 0.871860921
vn -0.440918565 -0.213189960 -0.871860683
vn -0.924057424 0.382253557 -0.000000514
vn -0.540128291 0.560719550 0.627578735
vn 0.402600497 0.915375829 0.000000849
vn -0.540130258 0.560721040 -0.627575755
vn 0.440346956 0.205962151 0.873884559
vn 0.923460841 -0.383692712 0.000001537
vn 0.440350533 0.205960199 -0.873883247
vn 0.379732937 -0.410788238 -0.828888357
vn 0.379733622 0.410789937 0.828887343
vn 0.440348834 -0.205962077 0.873883665
vn 0.402601361 -0.915375471 -0.000000340
vn 0.440351516 -0.205960318 -0.873882771
vn -0.540126443 -0.560721219 0.627578855
vn -0.540128827 -0.560721219 -0.627576828
vn -0.924056530 -0.382255942 0.000000355
vn -0.440917432 0.213191271 0.871860862
vn -0.386053532 0.922476411 -0.000002131
vn -0.440918863 0.213188484 -0.871860802
vn 0.923460424 0.383693784 0.000000180
vn 0.379734963 0.410788506 -0.828887343
vn -0.171362355 0.397956938 0.901257634
vn 0.308139473 0.393071085 0.866340160
vn 0.308140069 0.393071741 -0.866339624
vn 0.253411233 -0.552419662 0.794112980
vn 0.253412753 -0.552421391 -0.794111192
vn 0.608874977 -0.793266177 0.000001627
vn -0.313343644 -0.393151909 -0.864434719
vn -0.313345045 -0.393152148 0.864434123
vn -0.875922680 -0.482451528 -0.000002295
vn -0.598176539 0.801364362 -0.000000015
vn -0.171362832 0.397958964 -0.901256561
vn 0.875921071 0.482454479 -0.000000623
vn 0.080172218 0.394974977 0.915187001
vn -0.764553547 -0.551456213 0.333697557
vn -0.572406113 0.624946117 0.530842423
vn -0.772123814 -0.349330902 -0.530841529
vn -0.485915214 0.807796955 -0.333692431
vn -0.081699371 -0.394677758 -0.915180147
vn 0.627274334 -0.642476439 -0.440171540
vn 0.545810640 0.636556447 -0.544873178
vn 0.251342177 -0.799959362 0.544878125
vn 0.829463124 0.343858808 0.440172732
vn -0.002301150 0.001464358 0.999996364
vn -0.518900990 -0.287080586 0.805187285
vn 0.035814326 -0.613603592 0.788801610
vn 0.483318061 -0.391888976 0.782832503
vn 0.593643248 0.103379630 0.798060358
vn 0.148510918 0.578723848 0.801887214
vn -0.473606139 0.382382363 0.793398321
vn -0.718609631 0.179129228 0.671947122
vn -0.637723923 -0.394688040 0.661460161
vn -0.290653944 -0.695173264 0.657460630
vn 0.119324647 -0.745778203 0.655420840
vn 0.514907956 -0.563453674 0.646057069
vn 0.761256933 -0.238490075 0.603001177
vn 0.649795949 0.354690164 0.672279775
vn 0.306248695 0.695662975 0.649819016
vn -0.109716609 0.739150405 0.664544225
vn -0.426043212 0.611856103 0.666422844
vn -0.785561562 -0.100275181 0.610604644
vn -0.716290474 -0.443257868 0.538934588
vn 0.779802084 -0.118749380 0.614660323
vn 0.827856243 0.219704702 0.516123950
vn 0.729618549 0.468043119 0.498590440
vn -0.618438482 0.473885566 0.626870275
vn -0.838935554 -0.103671134 0.534265399
vn -0.524396777 -0.657995462 0.540416598
vn -0.204902843 -0.833431900 0.513231218
vn 0.107976742 -0.855191290 0.506940663
vn 0.382459790 -0.765768945 0.517032504
vn 0.676296353 -0.508404613 0.533055425
vn 0.837484479 -0.119739361 0.533181250
vn 0.528372705 0.677507699 0.511669457
vn 0.222934753 0.824022293 0.520852506
vn -0.116865836 0.847682893 0.517470837
vn -0.517591476 0.680524528 0.518638015
vn -0.820160985 0.313579768 0.478543401
vn -0.684208810 -0.660659671 0.308848083
vn -0.472923398 -0.825376153 0.308379084
vn 0.454725444 -0.829087675 0.325328231
vn 0.830718815 -0.453804284 0.322440624
vn 0.729461014 0.550525665 0.405965716
vn 0.463203162 0.825414419 0.322697997
vn 0.143840730 0.935175002 0.323662847
vn -0.234180391 0.918108761 0.319743544
vn -0.473622680 0.820009768 0.321349621
vn -0.836543083 0.352565855 0.419396222
vn -0.931986451 0.152881071 0.328677028
vn -0.884328187 -0.331806540 0.328432709
vn -0.227613688 -0.921355307 0.315113246
vn 0.128233254 -0.938599348 0.320293009
vn 0.666350901 -0.675755441 0.315168291
vn 0.934954226 -0.111127451 0.336914301
vn 0.882946491 0.327419490 0.336454928
vn 0.657761455 0.664497972 0.354672253
vn -0.757817030 0.564572275 0.327065080
vn -0.997070789 -0.004881456 0.076328479
vn -0.863085985 -0.501912117 0.056274705
vn 0.711875856 -0.700042844 0.056328233
vn 0.863276899 0.501595259 0.056172904
vn -0.002630673 0.994349539 0.106123321
vn -0.495843530 0.863076866 0.096112415
vn -0.969152391 -0.245903328 0.016593153
vn -0.704735100 -0.708101332 0.044056818
vn -0.492362469 -0.868703961 0.054154031
vn -0.248285711 -0.968448043 0.021509185
vn -0.017067691 -0.997501433 0.068553403
vn 0.268955052 -0.963037670 0.014885138
vn 0.499102712 -0.864110112 0.064885780
vn 0.931503713 -0.350428611 0.097471461
vn 0.995757937 -0.003925907 0.091928199
vn 0.969155550 0.246356189 0.006796229
vn 0.707183361 0.706928730 0.011976731
vn 0.490036398 0.869238794 0.065484904
vn 0.273473650 0.956569910 0.100926317
vn -0.264202356 0.962895393 0.055042524
vn -0.690277040 0.721651137 0.052318864
vn -0.870315611 0.492101878 0.019663911
vn -0.967761576 0.251048505 0.020304991
vn 0.856773019 -0.507878065 -0.089441970
vn 0.926854193 -0.237645909 -0.290630043
vn 0.948007166 -0.007655919 -0.318156838
vn 0.254900336 0.920737386 -0.295412362
vn 0.002538173 0.994986236 -0.099979326
vn -0.482173353 0.817540944 -0.314858258
vn -0.943849206 0.000668144 -0.330375910
vn -0.821860075 -0.462927967 -0.332029730
vn -0.661015034 -0.670027554 -0.337819695
vn -0.479836643 -0.816181660 -0.321876198
vn -0.009438243 -0.940259516 -0.340327621
vn 0.481626719 -0.812078893 -0.329489797
vn 0.647898436 -0.676338494 -0.350419521
vn 0.807979882 -0.473162740 -0.351120472
vn 0.820021689 0.461057365 -0.339102834
vn 0.465697765 0.816299617 -0.341731936
vn -0.237079680 0.914041102 -0.329123467
vn -0.661735773 0.667979181 -0.340455085
vn -0.905769110 -0.253760040 -0.339393795
vn -0.241986290 -0.907635272 -0.342988163
vn 0.241603807 -0.911322176 -0.333345950
vn 0.901873469 0.249668449 -0.352547735
vn 0.666668892 0.665925980 -0.334806144
vn -0.011693919 0.927286267 -0.374170244
vn -0.817291915 0.468701839 -0.335190177
vn -0.906695485 0.235371932 -0.350004792
vn -0.548561990 -0.063964680 -0.833659530
vn -0.433329999 -0.331357330 -0.838109493
vn -0.202816829 -0.513610482 -0.833708346
vn 0.169123217 -0.531974435 -0.829699039
vn 0.494610161 -0.266420573 -0.827273071
vn 0.547068954 0.079260185 -0.833326817
vn 0.391436398 0.391597301 -0.832724035
vn 0.093560509 0.542300463 -0.834959090
vn -0.210272267 0.510317266 -0.833883703
vn -0.473324209 0.297312915 -0.829197943
vn -0.000018145 -0.000097772 -1.000000000
vn -0.429784596 -0.072748184 0.899996102
vn -0.218858123 0.975756705 0.000000013
vn 0.860114336 0.510078669 -0.004823402
vn 0.363973796 0.097287111 -0.926314354
vn 0.613716543 0.102155574 0.782889783
vn 0.999335408 -0.014250031 0.033553492
vn 0.916275382 -0.400539726 0.002706959
vn 0.459484011 -0.138851002 -0.877265573
vn 0.180774003 -0.389882714 0.902946472
vn -0.019485228 -0.979725778 -0.199393824
vn -0.888555467 -0.453783453 0.067451954
vn -0.508814871 -0.139018357 -0.849577188
vn -0.997318268 0.073103063 0.003493460
vn -0.268496066 0.373994142 0.887715161
vn -0.274799198 0.389124393 -0.879242599
vn 0.063624933 0.431230694 0.899995625
vn -0.997588158 0.068359852 0.012038171
vn -0.156426474 0.985802412 0.061027747
vn -0.271398187 0.319158733 -0.908009231
vn 0.313732386 0.949508190 0.002510843
vn 0.996993482 -0.075721294 0.016440051
vn 0.343175292 0.600855231 -0.721944451
vn 0.438658088 0.139787108 0.887715518
vn -0.092493005 -0.615243316 0.782892525
vn 0.167468175 -0.984436393 0.053285968
vn 0.263506174 -0.319523692 -0.910202861
vn -0.334267229 -0.942459345 -0.005973562
vn -0.244216010 -0.415994763 -0.875960529
vn -0.442915261 -0.136563405 0.886101961
vn -0.390464127 0.193766981 0.899995685
vn -0.396474868 -0.918045580 0.000000026
vn -0.995827079 0.090934403 0.007703856
vn -0.763878465 0.645350814 0.003493491
vn -0.556551158 0.278088629 -0.782890499
vn 0.396474451 0.918045759 0.000002161
vn 0.002611494 0.460384697 0.887715638
vn 0.006990521 0.463437825 -0.886101902
vn 0.995827019 -0.090934955 -0.007705067
vn 0.556552589 -0.278089076 0.782889366
vn 0.763879001 -0.645350039 -0.003492818
vn 0.390463263 -0.193766221 -0.899996221
vn -0.006990286 -0.463435799 0.886102974
vn -0.002610283 -0.460385859 -0.887715101
vn -0.442088872 -0.192999870 0.875961483
vn 0.396476865 -0.918044746 0.000004532
vn 0.002610717 -0.460386783 0.887714565
vn 0.002610411 -0.460387588 -0.887714207
vn -0.785243630 -0.619186938 0.000000845
vn -0.781413078 0.624014139 0.000002185
vn -0.442091018 -0.192999035 -0.875960588
vn -0.031968426 0.417729110 0.908009112
vn 0.495645076 0.868525147 -0.000000800
vn -0.031970046 0.417728633 -0.908009291
vn 0.764685094 0.644404173 -0.000001016
vn 0.556551218 0.278089911 0.782890022
vn 0.996804714 0.079877287 0.000000735
vn 0.556551039 0.278088689 -0.782890618
vn -0.063622661 0.431230068 0.899995983
vn 0.995631039 0.093374915 0.000002582
vn 0.442911834 -0.136562198 0.886103749
vn 0.442913324 -0.136563525 -0.886102796
vn 0.369471192 -0.929242194 -0.000000570
vn 0.075538345 -0.687816083 0.721943974
vn -0.842932820 -0.538018823 0.000002943
vn 0.075538442 -0.687817693 -0.721942365
vn -0.400993168 0.103616655 0.910202265
vn -0.672854364 0.739775002 0.000000414
vn -0.400993735 0.103616908 -0.910202026
vn -0.360156596 0.932891905 0.000000998
vn -0.063622706 0.431229770 -0.899996161
vn 0.210178524 0.977663040 -0.000000261
vn -0.193321407 0.345810622 0.918173134
vn 0.797162533 0.449212343 0.403410494
vn 0.282710135 0.831043541 -0.479000747
vn 0.797160923 -0.449213624 -0.403412461
vn 0.282713413 -0.831040382 0.479004264
vn -0.863576412 -0.405047029 0.300287575
vn -0.193321660 -0.345807910 -0.918174148
vn -0.863576949 0.405042320 -0.300292253
vn -0.193321884 0.345808446 0.918173909
vn 0.282714874 0.831039906 -0.479004234
vn 0.797159135 0.449215651 0.403413713
vn 0.797160029 -0.449212819 -0.403415114
vn 0.282715499 -0.831040859 0.479002118
vn -0.193319470 -0.345811546 -0.918173194
vn -0.863574803 -0.405047655 0.300291598
vn -0.863576353 0.405045599 -0.300289840
vn -0.167613268 0.316889405 0.933534682
vn 0.632936239 0.706930876 0.315658897
vn 0.247581586 0.353571504 -0.902048051
vn 0.849229097 -0.415017754 -0.326450855
vn 0.366197228 -0.779243290 0.508605421
vn -0.862001181 -0.383138597 0.331902057
vn -0.400660425 -0.624810994 -0.670136154
vn -0.808673680 0.496718019 -0.315147698
vn 0.247582585 -0.353567064 0.902049422
vn -0.400665790 0.624812484 0.670131564
vn 0.366198659 0.779244721 -0.508602321
vn 0.849226713 0.415020019 0.326454371
vn 0.632934451 -0.706930578 -0.315663040
vn -0.167617649 -0.316884726 -0.933535457
vn -0.808674037 -0.496716142 0.315149844
vn -0.862001956 0.383141041 -0.331896842
vn 0.247585848 -0.353567570 0.902048349
vn 0.366197258 0.779243231 -0.508605361
vn 0.849228740 0.415019274 0.326450139
vn 0.632933557 -0.706930935 -0.315664083
vn -0.167618185 -0.316885501 -0.933535159
vn -0.808673024 -0.496717095 0.315150827
vn -0.400663018 0.624817312 0.670128763
vn -0.862001896 0.383139819 -0.331898808
vn 0.247585371 -0.353566974 0.902048707
vn -0.400662452 0.624813139 0.670132995
vn 0.849226892 0.415017992 0.326456338
vn 0.366197824 0.779244006 -0.508603871
vn 0.632933378 -0.706930220 -0.315666109
vn -0.808673978 -0.496717036 0.315148592
vn -0.167617962 -0.316883951 -0.933535695
vn -0.862001479 0.383140266 -0.331899196
vn 0.247587159 -0.353566855 0.902048290
vn 0.366201758 0.779241800 -0.508604467
vn 0.849227190 0.415018737 0.326454759
vn 0.632937193 -0.706928551 -0.315661967
vn -0.167611271 -0.316890478 -0.933534682
vn -0.808674693 -0.496718079 0.315145075
vn -0.400660694 0.624813616 0.670133531
vn -0.862000287 0.383139312 -0.331903189
vn 0.193320274 -0.345807672 0.918174446
vn -0.282714754 0.831040800 0.479002863
vn 0.863576949 0.405043572 0.300290763
vn 0.193318814 0.345807433 -0.918174922
vn 0.863576710 -0.405043930 -0.300291091
vn -0.797158718 -0.449213713 0.403416723
vn -0.282716751 -0.831041157 -0.479000986
vn -0.797158062 0.449214518 -0.403417349
vn 0.167614892 -0.316888690 0.933534563
vn -0.366200984 0.779241145 0.508606195
vn 0.862000227 0.383143425 0.331898630
vn 0.400660217 0.624815285 -0.670132220
vn 0.808671832 -0.496721327 -0.315147579
vn -0.632934749 -0.706930518 0.315662652
vn -0.247587025 -0.353566527 -0.902048528
vn -0.849228144 0.415019393 -0.326451331
vn -0.167618766 0.316887200 0.933534324
vn 0.632934868 0.706931412 0.315660328
vn 0.247584507 0.353571653 -0.902047157
vn 0.849225998 -0.415024072 -0.326450944
vn 0.366198838 -0.779243767 0.508603573
vn -0.861997485 -0.383144915 0.331904113
vn -0.400662392 -0.624810636 -0.670135260
vn -0.808672965 0.496719420 -0.315147221
vn -0.255686969 0.337129176 0.906072915
vn 0.183248624 0.331571490 -0.925462246
vn 0.614424527 0.744536757 0.261050701
vn 0.468152016 -0.583130419 0.663922191
vn 0.868680418 -0.388205677 -0.307718486
vn -0.290601999 -0.818706512 -0.495247602
vn -0.838017821 -0.408106923 0.362180680
vn -0.804490149 0.465604872 -0.368792295
vn -0.183250755 0.331566989 0.925463378
vn 0.255683273 0.337134093 -0.906072140
vn 0.804487586 0.465605885 0.368796468
vn 0.838020384 -0.408100307 -0.362182289
vn 0.290602803 -0.818706095 0.495247960
vn -0.468152881 -0.583130300 -0.663921654
vn -0.868680358 -0.388206571 0.307717711
vn -0.614425540 0.744536817 -0.261048406
vn 0.193319634 -0.345810652 0.918173552
vn -0.282714367 0.831040621 0.479003251
vn 0.863576174 0.405044973 0.300291181
vn 0.193322793 0.345805496 -0.918174744
vn 0.863575339 -0.405047715 -0.300290138
vn -0.797159016 -0.449215919 0.403413653
vn -0.282713652 -0.831042230 -0.479000777
vn -0.797158659 0.449214935 -0.403415412
vn -0.247582883 0.353568822 0.902048707
vn 0.167615175 0.316884995 -0.933535874
vn 0.808673918 0.496718317 0.315146685
vn 0.400661528 -0.624810815 0.670135617
vn 0.862002134 -0.383138925 -0.331898987
vn -0.366198540 -0.779243231 -0.508604586
vn -0.849229574 -0.415015727 0.326452553
vn -0.632934511 0.706930935 -0.315662146
usemtl field_material_05
f 5//5 9//9 10//10
f 2//2 8//8 3//3
f 6//6 5//5 10//10
f 3//3 9//9 4//4
f 2//2 1//1 7//7
f 8//8 13//13 9//9
f 7//7 1//1 11//11
f 9//9 14//14 10//10
f 7//7 12//12 8//8
f 6//6 10//10 14//14
f 12//12 17//17 13//13
f 11//11 1//1 15//15
f 14//14 17//17 18//18
f 11//11 16//16 12//12
f 6//6 14//14 18//18
f 16//16 21//21 17//17
f 15//15 1//1 19//19
f 17//17 22//22 18//18
f 15//15 20//20 16//16
f 6//6 18//18 22//22
f 20//20 25//25 21//21
f 19//19 1//1 23//23
f 22//22 25//25 26//26
f 19//19 24//24 20//20
f 6//6 22//22 26//26
f 24//24 29//29 25//25
f 23//23 1//1 27//27
f 25//25 30//30 26//26
f 23//23 28//28 24//24
f 6//6 26//26 30//30
f 28//28 33//33 29//29
f 27//27 1//1 31//31
f 30//30 33//33 34//34
f 27//27 32//32 28//28
f 6//6 30//30 34//34
f 32//32 4//4 33//33
f 31//31 1//1 2//2
f 33//33 5//5 34//34
f 31//31 3//3 32//32
f 6//6 34//34 5//5
f 35//35 38//38 37//37
f 37//37 40//40 39//39
f 39//39 42//42 41//41
f 42//42 43//43 41//41
f 44//44 42//42 40//40
f 44//44 45//45 43//43
f 45//45 36//36 35//35
f 41//41 43//43 45//45
usemtl field_material_23
f 47//47 50//50 49//49
f 50//50 51//51 49//49
f 51//51 54//54 53//53
f 53//53 56//56 55//55
f 55//55 58//58 57//57
f 57//57 60//60 59//59
f 59//59 62//62 61//61
f 62//62 63//63 61//61
f 63//63 64//64 65//65
usemtl field_material_05
f 68//68 69//69 66//66
f 70//70 66//66 69//69
usemtl field_material_23
f 71//71 74//74 73//73
f 74//74 75//75 73//73
f 76//76 77//77 75//75
f 78//78 79//79 77//77
f 80//80 81//81 79//79
f 81//81 84//84 83//83
f 83//83 86//86 85//85
f 85//85 88//88 87//87
f 87//87 88//88 89//89
usemtl field_material_05
f 92//92 91//91 93//93
f 91//91 90//90 93//93
usemtl field_material_23
f 95//95 96//96 94//94
f 97//97 98//98 96//96
f 98//98 101//101 100//100
f 101//101 102//102 100//100
f 102//102 105//105 104//104
f 105//105 106//106 104//104
f 106//106 109//109 108//108
f 108//108 111//111 110//110
usemtl field_material_05
f 114//114 113//113 117//117
f 114//114 115//115 113//113
f 116//116 117//117 115//115
f 113//113 115//115 117//117
f 119//119 120//120 118//118
f 120//120 123//123 122//122
f 123//123 124//124 122//122
f 125//125 126//126 124//124
f 127//127 125//125 123//123
f 126//126 129//129 128//128
f 129//129 118//118 128//128
f 126//126 128//128 120//120
usemtl field_material_07
f 131//131 132//132 130//130
f 132//132 135//135 134//134
f 135//135 136//136 134//134
f 137//137 138//138 136//136
f 139//139 140//140 138//138
f 140//140 143//143 142//142
f 143//143 144//144 142//142
f 145//145 146//146 144//144
usemtl field_material_05
f 150//150 149//149 152//152
f 150//150 151//151 149//149
f 151//151 153//153 152//152
f 149//149 151//151 152//152
usemtl field_material_07
f 154//154 157//157 156//156
f 156//156 159//159 158//158
f 158//158 161//161 160//160
f 161//161 162//162 160//160
f 162//162 165//165 164//164
f 164//164 167//167 166//166
f 166//166 169//169 168//168
f 169//169 170//170 168//168
usemtl field_material_05
f 176//176 175//175 173//173
f 174//174 173//173 175//175
usemtl field_material_07
f 178//178 179//179 177//177
f 180//180 181//181 179//179
f 182//182 183//183 181//181
f 184//184 185//185 183//183
f 186//186 187//187 185//185
f 187//187 190//190 189//189
f 189//189 192//192 191//191
f 192//192 193//193 191//191
usemtl field_material_05
f 197//197 196//196 198//198
f 196//196 199//199 198//198
f 201//201 202//202 200//200
f 202//202 205//205 204//204
f 205//205 206//206 204//204
f 206//206 209//209 208//208
f 209//209 207//207 205//205
f 208//208 211//211 210//210
f 211//211 200//200 210//210
f 208//208 210//210 202//202
usemtl field_material_17
f 212//212 215//215 214//214
f 214//214 217//217 216//216
f 217//217 218//218 216//216
f 219//219 220//220 218//218
f 221//221 222//222 220//220
f 223//223 224//224 222//222
f 225//225 226//226 224//224
f 227//227 228//228 226//226
f 228//228 229//229 230//230
usemtl field_material_05
f 234//234 232//232 231//231
f 235//235 233//233 231//231
f 233//233 235//235 234//234
f 231//231 233//233 234//234
usemtl field_material_17
f 237//237 238//238 236//236
f 239//239 240//240 238//238
f 241//241 242//242 240//240
f 242//242 245//245 244//244
f 245//245 246//246 244//244
f 247//247 248//248 246//246
f 249//249 250//250 248//248
f 251//251 252//252 250//250
usemtl field_material_05
f 256//256 255//255 259//259
f 255//255 258//258 257//257
f 260//260 259//259 257//257
usemtl field_material_17
f 262//262 263//263 261//261
f 263//263 266//266 265//265
f 265//265 268//268 267//267
f 268//268 269//269 267//267
f 269//269 272//272 271//271
f 272//272 273//273 271//271
f 274//274 275//275 273//273
f 275//275 278//278 277//277
f 277//277 278//278 279//279
usemtl field_material_05
f 280//280 283//283 282//282
f 282//282 281//281 280//280
f 286//286 287//287 285//285
f 287//287 290//290 289//289
f 290//290 291//291 289//289
f 292//292 293//293 291//291
f 292//292 290//290 286//286
f 293//293 296//296 295//295
f 296//296 285//285 295//295
f 291//291 293//293 295//295
usemtl field_material_23
f 298//298 299//299 297//297
f 299//299 302//302 301//301
f 302//302 303//303 301//301
f 304//304 305//305 303//303
f 306//306 307//307 305//305
f 308//308 309//309 307//307
f 310//310 311//311 309//309
f 311//311 314//314 313//313
f 313//313 314//314 315//315
usemtl field_material_05
f 317//317 316//316 318//318
f 319//319 318//318 316//316
usemtl field_material_23
f 321//321 322//322 320//320
f 323//323 324//324 322//322
f 325//325 326//326 324//324
f 327//327 328//328 326//326
f 329//329 330//330 328//328
f 331//331 332//332 330//330
f 333//333 334//334 332//332
f 334//334 337//337 336//336
usemtl field_material_05
f 340//340 341//341 339//339
f 342//342 343//343 341//341
f 344//344 339//339 343//343
usemtl field_material_23
f 346//346 347//347 345//345
f 348//348 349//349 347//347
f 350//350 351//351 349//349
f 351//351 354//354 353//353
f 353//353 356//356 355//355
f 355//355 358//358 357//357
f 358//358 359//359 357//357
f 360//360 361//361 359//359
usemtl field_material_05
f 364//364 367//367 366//366
f 365//365 368//368 367//367
f 366//366 365//365 364//364
f 369//369 372//372 371//371
f 372//372 373//373 371//371
f 373//373 376//376 375//375
f 376//376 377//377 375//375
f 378//378 376//376 374//374
f 378//378 379//379 377//377
f 380//380 369//369 379//379
f 375//375 377//377 379//379
usemtl field_material_23
f 382//382 383//383 381//381
f 384//384 385//385 383//383
f 385//385 388//388 387//387
f 388//388 389//389 387//387
f 390//390 391//391 389//389
f 392//392 393//393 391//391
f 393//393 396//396 395//395
f 395//395 398//398 397//397
f 397//397 398//398 399//399
usemtl field_material_05
f 400//400 402//402 401//401
f 404//404 403//403 401//401
f 402//402 400//400 403//403
usemtl field_material_23
f 405//405 408//408 407//407
f 408//408 409//409 407//407
f 409//409 412//412 411//411
f 411//411 414//414 413//413
f 414//414 415//415 413//413
f 416//416 417//417 415//415
f 418//418 419//419 417//417
f 420//420 421//421 419//419
f 421//421 422//422 423//423
usemtl field_material_05
f 425//425 424//424 426//426
f 427//427 426//426 424//424
usemtl field_material_23
f 429//429 430//430 428//428
f 431//431 432//432 430//430
f 432//432 435//435 434//434
f 434//434 437//437 436//436
f 437//437 438//438 436//436
f 438//438 441//441 440//440
f 440//440 443//443 442//442
f 442//442 445//445 444//444
f 444//444 445//445 446//446
usemtl field_material_05
f 450//450 449//449 447//447
f 449//449 448//448 447//447
f 452//452 453//453 451//451
f 453//453 456//456 455//455
f 455//455 458//458 457//457
f 458//458 459//459 457//457
f 460//460 458//458 456//456
f 460//460 461//461 459//459
f 462//462 451//451 461//461
f 453//453 457//457 461//461
usemtl field_material_07
f 463//463 466//466 465//465
f 465//465 468//468 467//467
f 467//467 470//470 469//469
f 470//470 471//471 469//469
f 471//471 474//474 473//473
f 473//473 476//476 475//475
f 476//476 477//477 475//475
f 477//477 480//480 479//479
usemtl field_material_05
f 482//482 485//485 484//484
f 483//483 486//486 485//485
f 486//486 482//482 484//484
usemtl field_material_07
f 488//488 489//489 487//487
f 489//489 492//492 491//491
f 492//492 493//493 491//491
f 494//494 495//495 493//493
f 496//496 497//497 495//495
f 497//497 500//500 499//499
f 500//500 501//501 499//499
f 502//502 503//503 501//501
usemtl field_material_05
f 506//506 509//509 508//508
f 511//511 510//510 508//508
f 507//507 506//506 510//510
usemtl field_material_07
f 513//513 514//514 512//512
f 515//515 516//516 514//514
f 517//517 518//518 516//516
f 519//519 520//520 518//518
f 521//521 522//522 520//520
f 523//523 524//524 522//522
f 525//525 526//526 524//524
f 527//527 528//528 526//526
f 528//528 529//529 530//530
usemtl field_material_05
f 531//531 534//534 533//533
f 533//533 532//532 531//531
f 535//535 538//538 537//537
f 537//537 540//540 539//539
f 540//540 541//541 539//539
f 542//542 543//543 541//541
f 544//544 542//542 540//540
f 544//544 545//545 543//543
f 545//545 536//536 535//535
f 541//541 543//543 545//545
usemtl field_material_17
f 548//548 549//549 547//547
f 550//550 551//551 549//549
f 552//552 553//553 551//551
f 554//554 555//555 553//553
f 555//555 558//558 557//557
f 558//558 559//559 557//557
f 560//560 561//561 559//559
f 562//562 563//563 561//561
f 563//563 564//564 565//565
usemtl field_material_05
f 570//570 568//568 566//566
f 568//568 570//570 569//569
f 567//567 566//566 569//569
f 566//566 568//568 569//569
usemtl field_material_17
f 572//572 573//573 571//571
f 574//574 575//575 573//573
f 576//576 577//577 575//575
f 578//578 579//579 577//577
f 580//580 581//581 579//579
f 582//582 583//583 581//581
f 584//584 585//585 583//583
f 586//586 587//587 585//585
usemtl field_material_05
f 590//590 591//591 594//594
f 591//591 593//593 592//592
f 593//593 594//594 592//592
usemtl field_material_17
f 596//596 597//597 595//595
f 597//597 600//600 599//599
f 599//599 602//602 601//601
f 602//602 603//603 601//601
f 604//604 605//605 603//603
f 606//606 607//607 605//605
f 607//607 610//610 609//609
f 609//609 612//612 611//611
usemtl field_material_05
f 614//614 615//615 617//617
f 616//616 617//617 615//615
f 620//620 621//621 618//618
f 622//622 623//623 621//621
f 624//624 625//625 623//623
f 627//627 624//624 622//622
f 627//627 626//626 625//625
f 626//626 619//619 618//618
f 625//625 626//626 618//618
usemtl field_material_03
f 628//628 629//629 630//630
f 628//628 630//630 631//631
f 628//628 631//631 632//632
f 628//628 632//632 633//633
f 628//628 633//633 634//634
f 628//628 634//634 629//629
f 637//637 630//630 629//629
f 638//638 631//631 630//630
f 631//631 639//639 632//632
f 640//640 633//633 632//632
f 647//647 634//634 633//633
f 634//634 635//635 629//629
f 636//636 642//642 637//637
f 637//637 643//643 638//638
f 635//635 649//649 636//636
f 650//650 642//642 636//636
f 652//652 643//643 642//642
f 643//643 653//653 644//644
f 654//654 645//645 644//644
f 655//655 641//641 640//640
f 641//641 657//657 646//646
f 646//646 658//658 647//647
f 647//647 658//658 648//648
f 648//648 659//659 635//635
f 669//669 650//650 649//649
f 662//662 643//643 652//652
f 663//663 655//655 645//645
f 666//666 658//658 657//657
f 659//659 660//660 649//649
f 669//669 651//651 650//650
f 670//670 661//661 651//651
f 662//662 671//671 643//643
f 671//671 653//653 643//643
f 672//672 654//654 653//653
f 673//673 663//663 654//654
f 663//663 674//674 655//655
f 674//674 656//656 655//655
f 675//675 664//664 656//656
f 668//668 676//676 659//659
f 676//676 660//660 659//659
f 678//678 670//670 669//669
f 679//679 661//661 670//670
f 683//683 665//665 664//664
f 676//676 677//677 660//660
f 677//677 685//685 669//669
f 685//685 678//678 669//669
f 678//678 686//686 670//670
f 686//686 679//679 670//670
f 679//679 687//687 661//661
f 661//661 688//688 662//662
f 688//688 680//680 662//662
f 689//689 672//672 671//671
f 691//691 673//673 672//672
f 673//673 693//693 663//663
f 693//693 681//681 663//663
f 682//682 694//694 675//675
f 695//695 683//683 675//675
f 683//683 696//696 665//665
f 696//696 684//684 665//665
f 697//697 668//668 667//667
f 698//698 676//676 668//668
f 700//700 677//677 676//676
f 702//702 687//687 679//679
f 705//705 696//696 683//683
f 684//684 707//707 697//697
f 708//708 701//701 677//677
f 709//709 702//702 686//686
f 710//710 689//689 680//680
f 711//711 690//690 689//689
f 713//713 681//681 693//693
f 714//714 704//704 681//681
f 715//715 699//699 698//698
f 700//700 708//708 677//677
f 701//701 717//717 678//678
f 717//717 709//709 678//678
f 718//718 710//710 688//688
f 712//712 719//719 691//691
f 691//691 719//719 692//692
f 719//719 713//713 692//692
f 704//704 720//720 694//694
f 705//705 721//721 696//696
f 721//721 706//706 696//696
f 716//716 708//708 700//700
f 722//722 701//701 708//708
f 722//722 717//717 701//701
f 717//717 723//723 709//709
f 709//709 724//724 702//702
f 724//724 703//703 702//702
f 724//724 718//718 703//703
f 725//725 710//710 718//718
f 710//710 725//725 711//711
f 725//725 712//712 711//711
f 726//726 719//719 712//712
f 727//727 713//713 719//719
f 727//727 714//714 713//713
f 728//728 704//704 714//714
f 704//704 729//729 720//720
f 720//720 730//730 705//705
f 730//730 721//721 705//705
f 721//721 730//730 706//706
f 706//706 731//731 707//707
f 731//731 715//715 707//707
f 731//731 716//716 715//715
f 716//716 732//732 708//708
f 722//722 733//733 723//723
f 723//723 733//733 724//724
f 724//724 733//733 725//725
f 725//725 733//733 726//726
f 726//726 733//733 727//727
f 727//727 733//733 728//728
f 728//728 733//733 729//729
f 729//729 733//733 730//730
f 730//730 733//733 731//731
f 731//731 733//733 732//732
f 732//732 733//733 722//722
usemtl field_material_05
f 736//736 737//737 738//738
f 746//746 734//734 739//739
f 745//745 736//736 738//738
f 746//746 737//737 735//735
f 739//739 740//740 737//737
f 740//740 743//743 738//738
f 739//739 734//734 741//741
f 745//745 738//738 743//743
f 740//740 741//741 742//742
f 743//743 742//742 745//745
f 734//734 744//744 742//742
f 744//744 736//736 745//745
f 744//744 746//746 735//735
f 749//749 752//752 751//751
f 748//748 747//747 750//750
f 748//748 752//752 759//759
f 751//751 752//752 753//753
f 750//750 747//747 755//755
f 752//752 755//755 754//754
f 754//754 756//756 753//753
f 751//751 753//753 756//756
f 756//756 757//757 758//758
f 751//751 756//756 758//758
f 755//755 757//757 754//754
f 757//757 749//749 758//758
f 751//751 758//758 749//749
f 757//757 748//748 759//759
f 762//762 764//764 761//761
f 762//762 760//760 765//765
f 771//771 763//763 767//767
f 763//763 764//764 767//767
f 764//764 765//765 766//766
f 766//766 770//770 767//767
f 765//765 760//760 768//768
f 771//771 767//767 770//770
f 768//768 769//769 766//766
f 770//770 769//769 771//771
f 769//769 760//760 761//761
f 761//761 763//763 771//771
f 775//775 774//774 777//777
f 773//773 772//772 776//776
f 783//783 775//775 777//777
f 776//776 778//778 774//774
f 776//776 772//772 779//779
f 783//783 777//777 781//781
f 778//778 781//781 777//777
f 778//778 779//779 780//780
f 781//781 780//780 783//783
f 772//772 782//782 780//780
f 782//782 775//775 783//783
f 782//782 773//773 774//774
f 785//785 784//784 787//787
f 794//794 786//786 788//788
f 785//785 789//789 795//795
f 786//786 789//789 788//788
f 794//794 788//788 790//790
f 789//789 791//791 792//792
f 789//789 790//790 788//788
f 787//787 784//784 791//791
f 790//790 793//793 794//794
f 791//791 793//793 792//792
f 793//793 786//786 794//794
f 793//793 785//785 795//795
f 796//796 797//797 804//804
f 798//798 799//799 797//797
f 800//800 801//801 799//799
f 803//803 802//802 801//801
f 802//802 805//805 804//804
f 801//801 802//802 804//804
usemtl field_material_09
f 806//806 807//807 808//808
f 806//806 808//808 809//809
f 806//806 809//809 810//810
f 806//806 810//810 811//811
f 806//806 811//811 812//812
f 806//806 812//812 807//807
f 815//815 808//808 807//807
f 817//817 809//809 808//808
f 809//809 818//818 810//810
f 819//819 811//811 810//810
f 811//811 822//822 812//812
f 813//813 807//807 812//812
f 813//813 823//823 814//814
f 833//833 817//817 816//816
f 825//825 819//819 818//818
f 827//827 820//820 819//819
f 822//822 828//828 813//813
f 829//829 824//824 823//823
f 830//830 815//815 824//824
f 831//831 816//816 815//815
f 832//832 833//833 816//816
f 833//833 834//834 817//817
f 817//817 835//835 825//825
f 827//827 836//836 820//820
f 837//837 821//821 820//820
f 838//838 822//822 821//821
f 839//839 828//828 822//822
f 828//828 840//840 813//813
f 840//840 823//823 813//813
f 842//842 831//831 830//830
f 845//845 836//836 827//827
f 846//846 837//837 836//836
f 848//848 839//839 838//838
f 839//839 850//850 840//840
f 829//829 852//852 824//824
f 852//852 841//841 824//824
f 842//842 853//853 831//831
f 853//853 832//832 831//831
f 854//854 843//843 832//832
f 843//843 855//855 834//834
f 855//855 844//844 834//834
f 835//835 857//857 826//826
f 857//857 845//845 826//826
f 858//858 846//846 845//845
f 849//849 859//859 839//839
f 859//859 850//850 839//839
f 850//850 851//851 829//829
f 860//860 852//852 851//851
f 861//861 841//841 852//852
f 863//863 858//858 857//857
f 864//864 848//848 847//847
f 860//860 866//866 852//852
f 866//866 861//861 852//852
f 861//861 867//867 841//841
f 867//867 842//842 841//841
f 868//868 853//853 842//842
f 869//869 854//854 853//853
f 871//871 843//843 854//854
f 872//872 862//862 843//843
f 873//873 856//856 844//844
f 874//874 857//857 856//856
f 875//875 863//863 857//857
f 863//863 876//876 858//858
f 858//858 877//877 846//846
f 877//877 847//847 846//846
f 878//878 864//864 847//847
f 864//864 879//879 848//848
f 865//865 880//880 859//859
f 881//881 851//851 859//859
f 882//882 860//860 851//851
f 862//862 883//883 873//873
f 883//883 884//884 873//873
f 884//884 874//874 873//873
f 878//878 887//887 864//864
f 887//887 879//879 864//864
f 889//889 866//866 860//860
f 890//890 867//867 861//861
f 867//867 892//892 868//868
f 893//893 871//871 870//870
f 871//871 894//894 872//872
f 894//894 862//862 872//872
f 895//895 883//883 862//862
f 876//876 898//898 877//877
f 898//898 886//886 877//877
f 887//887 899//899 879//879
f 899//899 888//888 879//879
f 900//900 881//881 880//880
f 882//882 889//889 860//860
f 901//901 890//890 866//866
f 892//892 902//902 869//869
f 902//902 893//893 869//869
f 893//893 903//903 871//871
f 903//903 894//894 871//871
f 904//904 897//897 875//875
f 897//897 905//905 876//876
f 905//905 898//898 876//876
f 906//906 899//899 887//887
f 900//900 907//907 881//881
f 881//881 908//908 882//882
f 908//908 889//889 882//882
f 889//889 909//909 901//901
f 909//909 890//890 901//901
f 910//910 891//891 890//890
f 891//891 911//911 892//892
f 911//911 902//902 892//892
f 911//911 893//893 902//902
f 912//912 903//903 893//893
f 903//903 912//912 894//894
f 912//912 895//895 894//894
f 913//913 896//896 895//895
f 896//896 913//913 884//884
f 913//913 885//885 884//884
f 914//914 904//904 885//885
f 914//914 897//897 904//904
f 915//915 905//905 897//897
f 905//905 915//915 898//898
f 898//898 916//916 886//886
f 916//916 906//906 886//886
f 906//906 917//917 899//899
f 917//917 888//888 899//899
f 888//888 918//918 900//900
f 918//918 907//907 900//900
f 907//907 918//918 908//908
f 908//908 909//909 889//889
f 909//909 919//919 910//910
f 910//910 919//919 911//911
f 911//911 919//919 912//912
f 912//912 919//919 913//913
f 913//913 919//919 914//914
f 914//914 919//919 915//915
f 915//915 919//919 916//916
f 916//916 919//919 917//917
f 917//917 919//919 918//918
f 918//918 919//919 909//909
usemtl field_material_05
f 934//934 922//922 923//923
f 933//933 920//920 924//924
f 933//933 922//922 921//921
f 923//923 925//925 927//927
f 924//924 925//925 922//922
f 924//924 920//920 928//928
f 925//925 928//928 926//926
f 926//926 929//929 927//927
f 923//923 927//927 929//929
f 926//926 928//928 929//929
f 928//928 930//930 929//929
f 929//929 930//930 931//931
f 923//923 929//929 931//931
f 920//920 932//932 930//930
f 923//923 931//931 934//934
f 932//932 933//933 921//921
f 932//932 934//934 931//931
f 948//948 937//937 936//936
f 938//938 939//939 941//941
f 947//947 938//938 941//941
f 935//935 939//939 937//937
f 939//939 942//942 940//940
f 940//940 945//945 941//941
f 947//947 941//941 945//945
f 942//942 935//935 943//943
f 942//942 944//944 940//940
f 943//943 946//946 944//944
f 945//945 946//946 947//947
f 946//946 948//948 936//936
f 943//943 935//935 948//948
f 936//936 938//938 947//947
f 962//962 951//951 953//953
f 960//960 962//962 953//953
f 961//961 951//951 950//950
f 949//949 952//952 951//951
f 952//952 956//956 953//953
f 960//960 953//953 956//956
f 952//952 955//955 954//954
f 956//956 957//957 960//960
f 955//955 949//949 958//958
f 955//955 957//957 954//954
f 958//958 959//959 957//957
f 959//959 961//961 950//950
f 959//959 962//962 960//960
f 958//958 949//949 961//961
f 965//965 967//967 964//964
f 966//966 967//967 969//969
f 967//967 963//963 968//968
f 968//968 972//972 969//969
f 970//970 971//971 968//968
f 972//972 973//973 976//976
f 970//970 963//963 974//974
f 969//969 972//972 976//976
f 970//970 973//973 971//971
f 973//973 974//974 975//975
f 975//975 965//965 964//964
f 975//975 966//966 976//976
f 974//974 963//963 965//965
f 969//969 976//976 966//966
f 980//980 981//981 984//984
f 979//979 977//977 982//982
f 989//989 980//980 984//984
f 979//979 981//981 978//978
f 981//981 982//982 983//983
f 983//983 987//987 984//984
f 982//982 977//977 985//985
f 989//989 984//984 987//987
f 985//985 986//986 983//983
f 985//985 988//988 986//986
f 987//987 988//988 989//989
f 988//988 977//977 990//990
f 990//990 979//979 978//978
f 990//990 980//980 989//989
usemtl field_material_29
f 992//992 994//994 993//993
f 992//992 991//991 995//995
f 997//997 993//993 994//994
f 994//994 995//995 997//997
f 995//995 991//991 996//996
f 996//996 998//998 997//997
f 991//991 993//993 998//998
f 997//997 998//998 993//993
f 1004//1004 1000//1000 1002//1002
f 1001//1001 1002//1002 1000//1000
f 1001//1001 999//999 1003//1003
f 1002//1002 1003//1003 1004//1004
f 1003//1003 999//999 1005//1005
f 1005//1005 1006//1006 1004//1004
f 1004//1004 1006//1006 1000//1000
f 999//999 1000//1000 1006//1006
f 1008//1008 1010//1010 1009//1009
f 1008//1008 1007//1007 1011//1011
f 1010//1010 1011//1011 1013//1013
f 1009//1009 1010//1010 1013//1013
f 1011//1011 1007//1007 1012//1012
f 1012//1012 1014//1014 1013//1013
f 1009//1009 1013//1013 1014//1014
f 1007//1007 1008//1008 1014//1014
f 1014//1014 1008//1008 1009//1009
f 1016//1016 1015//1015 1018//1018
f 1020//1020 1017//1017 1019//1019
f 1018//1018 1019//1019 1017//1017
f 1021//1021 1022//1022 1020//1020
f 1021//1021 1015//1015 1016//1016
f 1020//1020 1022//1022 1017//1017
f 1016//1016 1017//1017 1022//1022
f 1029//1029 1023//1023 1025//1025
f 1025//1025 1026//1026 1024//1024
f 1027//1027 1024//1024 1026//1026
f 1028//1028 1030//1030 1027//1027
f 1028//1028 1023//1023 1029//1029
f 1027//1027 1030//1030 1024//1024
f 1029//1029 1024//1024 1030//1030
f 1032//1032 1031//1031 1033//1033
f 1037//1037 1034//1034 1035//1035
f 1033//1033 1035//1035 1034//1034
f 1036//1036 1038//1038 1037//1037
f 1036//1036 1031//1031 1032//1032
f 1037//1037 1038//1038 1034//1034
f 1032//1032 1034//1034 1038//1038
f 1045//1045 1039//1039 1041//1041
f 1041//1041 1042//1042 1040//1040
f 1043//1043 1040//1040 1042//1042
f 1044//1044 1046//1046 1043//1043
f 1044//1044 1039//1039 1045//1045
f 1043//1043 1046//1046 1040//1040
f 1045//1045 1040//1040 1046//1046
f 1048//1048 1047//1047 1049//1049
f 1049//1049 1051//1051 1050//1050
f 1050//1050 1051//1051 1053//1053
f 1047//1047 1053//1053 1051//1051
f 1052//1052 1054//1054 1053//1053
f 1052//1052 1047//1047 1048//1048
f 1050//1050 1053//1053 1054//1054
f 1054//1054 1048//1048 1050//1050
f 1056//1056 1055//1055 1057//1057
f 1057//1057 1059//1059 1058//1058
f 1061//1061 1058//1058 1059//1059
f 1059//1059 1060//1060 1061//1061
f 1055//1055 1060//1060 1059//1059
f 1060//1060 1062//1062 1061//1061
f 1060//1060 1055//1055 1056//1056
f 1061//1061 1062//1062 1058//1058
f 1062//1062 1056//1056 1058//1058
f 1064//1064 1066//1066 1065//1065
f 1064//1064 1063//1063 1067//1067
f 1065//1065 1066//1066 1069//1069
f 1066//1066 1067//1067 1069//1069
f 1067//1067 1063//1063 1068//1068
f 1068//1068 1070//1070 1069//1069
f 1065//1065 1069//1069 1070//1070
f 1070//1070 1064//1064 1065//1065
f 1063//1063 1064//1064 1070//1070
f 1073//1073 1075//1075 1072//1072
f 1073//1073 1071//1071 1074//1074
f 1074//1074 1076//1076 1075//1075
f 1072//1072 1075//1075 1076//1076
f 1074//1074 1071//1071 1077//1077
f 1072//1072 1076//1076 1078//1078
f 1077//1077 1078//1078 1076//1076
f 1071//1071 1073//1073 1078//1078
f 1078//1078 1073//1073 1072//1072
f 1081//1081 1082//1082 1080//1080
f 1081//1081 1079//1079 1083//1083
f 1080//1080 1082//1082 1084//1084
f 1082//1082 1083//1083 1084//1084
f 1083//1083 1079//1079 1085//1085
f 1085//1085 1086//1086 1084//1084
f 1080//1080 1084//1084 1086//1086
f 1088//1088 1087//1087 1089//1089
f 1089//1089 1091//1091 1090//1090
f 1090//1090 1091//1091 1093//1093
f 1087//1087 1093//1093 1091//1091
f 1090//1090 1093//1093 1094//1094
f 1092//1092 1094//1094 1093//1093
f 1092//1092 1087//1087 1088//1088
f 1094//1094 1088//1088 1090//1090
f 1097//1097 1099//1099 1096//1096
f 1097//1097 1095//1095 1098//1098
f 1096//1096 1099//1099 1100//1100
f 1098//1098 1100//1100 1099//1099
f 1098//1098 1095//1095 1101//1101
f 1101//1101 1102//1102 1100//1100
f 1096//1096 1100//1100 1102//1102
usemtl field_material_05
f 5//5 4//4 9//9
f 2//2 7//7 8//8
f 3//3 8//8 9//9
f 8//8 12//12 13//13
f 9//9 13//13 14//14
f 7//7 11//11 12//12
f 12//12 16//16 17//17
f 14//14 13//13 17//17
f 11//11 15//15 16//16
f 16//16 20//20 21//21
f 17//17 21//21 22//22
f 15//15 19//19 20//20
f 20//20 24//24 25//25
f 22//22 21//21 25//25
f 19//19 23//23 24//24
f 24//24 28//28 29//29
f 25//25 29//29 30//30
f 23//23 27//27 28//28
f 28//28 32//32 33//33
f 30//30 29//29 33//33
f 27//27 31//31 32//32
f 32//32 3//3 4//4
f 33//33 4//4 5//5
f 31//31 2//2 3//3
f 35//35 36//36 38//38
f 37//37 38//38 40//40
f 39//39 40//40 42//42
f 42//42 44//44 43//43
f 40//40 38//38 44//44
f 38//38 36//36 44//44
f 36//36 46//46 44//44
f 44//44 46//46 45//45
f 45//45 46//46 36//36
f 45//45 35//35 41//41
f 35//35 37//37 41//41
f 37//37 39//39 41//41
usemtl field_material_23
f 47//47 48//48 50//50
f 50//50 52//52 51//51
f 51//51 52//52 54//54
f 53//53 54//54 56//56
f 55//55 56//56 58//58
f 57//57 58//58 60//60
f 59//59 60//60 62//62
f 62//62 64//64 63//63
usemtl field_material_05
f 66//66 67//67 68//68
f 68//68 70//70 69//69
f 68//68 67//67 70//70
f 70//70 67//67 66//66
usemtl field_material_23
f 71//71 72//72 74//74
f 74//74 76//76 75//75
f 76//76 78//78 77//77
f 78//78 80//80 79//79
f 80//80 82//82 81//81
f 81//81 82//82 84//84
f 83//83 84//84 86//86
f 85//85 86//86 88//88
usemtl field_material_05
f 93//93 90//90 92//92
f 92//92 90//90 91//91
usemtl field_material_23
f 95//95 97//97 96//96
f 97//97 99//99 98//98
f 98//98 99//99 101//101
f 101//101 103//103 102//102
f 102//102 103//103 105//105
f 105//105 107//107 106//106
f 106//106 107//107 109//109
f 108//108 109//109 111//111
f 111//111 112//112 110//110
usemtl field_material_05
f 114//114 116//116 115//115
f 116//116 114//114 117//117
f 119//119 121//121 120//120
f 120//120 121//121 123//123
f 123//123 125//125 124//124
f 125//125 127//127 126//126
f 123//123 121//121 127//127
f 121//121 119//119 127//127
f 119//119 129//129 127//127
f 126//126 127//127 129//129
f 129//129 119//119 118//118
f 128//128 118//118 120//120
f 120//120 122//122 124//124
f 124//124 126//126 120//120
usemtl field_material_07
f 131//131 133//133 132//132
f 132//132 133//133 135//135
f 135//135 137//137 136//136
f 137//137 139//139 138//138
f 139//139 141//141 140//140
f 140//140 141//141 143//143
f 143//143 145//145 144//144
f 145//145 147//147 146//146
f 147//147 148//148 146//146
usemtl field_material_05
f 150//150 153//153 151//151
f 153//153 150//150 152//152
usemtl field_material_07
f 154//154 155//155 157//157
f 156//156 157//157 159//159
f 158//158 159//159 161//161
f 161//161 163//163 162//162
f 162//162 163//163 165//165
f 164//164 165//165 167//167
f 166//166 167//167 169//169
f 169//169 171//171 170//170
f 171//171 172//172 170//170
usemtl field_material_05
f 174//174 176//176 173//173
f 176//176 174//174 175//175
usemtl field_material_07
f 178//178 180//180 179//179
f 180//180 182//182 181//181
f 182//182 184//184 183//183
f 184//184 186//186 185//185
f 186//186 188//188 187//187
f 187//187 188//188 190//190
f 189//189 190//190 192//192
f 192//192 194//194 193//193
f 194//194 195//195 193//193
usemtl field_material_05
f 196//196 197//197 199//199
f 199//199 197//197 198//198
f 201//201 203//203 202//202
f 202//202 203//203 205//205
f 205//205 207//207 206//206
f 206//206 207//207 209//209
f 205//205 203//203 209//209
f 203//203 201//201 209//209
f 201//201 211//211 209//209
f 208//208 209//209 211//211
f 211//211 201//201 200//200
f 210//210 200//200 202//202
f 202//202 204//204 206//206
f 206//206 208//208 202//202
usemtl field_material_17
f 212//212 213//213 215//215
f 214//214 215//215 217//217
f 217//217 219//219 218//218
f 219//219 221//221 220//220
f 221//221 223//223 222//222
f 223//223 225//225 224//224
f 225//225 227//227 226//226
f 227//227 229//229 228//228
usemtl field_material_05
f 232//232 235//235 231//231
f 235//235 232//232 234//234
usemtl field_material_17
f 237//237 239//239 238//238
f 239//239 241//241 240//240
f 241//241 243//243 242//242
f 242//242 243//243 245//245
f 245//245 247//247 246//246
f 247//247 249//249 248//248
f 249//249 251//251 250//250
f 251//251 253//253 252//252
f 253//253 254//254 252//252
usemtl field_material_05
f 255//255 256//256 258//258
f 258//258 260//260 257//257
f 258//258 256//256 260//260
f 260//260 256//256 259//259
f 259//259 255//255 257//257
usemtl field_material_17
f 262//262 264//264 263//263
f 263//263 264//264 266//266
f 265//265 266//266 268//268
f 268//268 270//270 269//269
f 269//269 270//270 272//272
f 272//272 274//274 273//273
f 274//274 276//276 275//275
f 275//275 276//276 278//278
usemtl field_material_05
f 280//280 281//281 283//283
f 283//283 284//284 282//282
f 283//283 281//281 284//284
f 282//282 284//284 281//281
f 286//286 288//288 287//287
f 287//287 288//288 290//290
f 290//290 292//292 291//291
f 292//292 294//294 293//293
f 290//290 288//288 286//286
f 286//286 296//296 294//294
f 294//294 292//292 286//286
f 293//293 294//294 296//296
f 296//296 286//286 285//285
f 295//295 285//285 291//291
f 285//285 287//287 291//291
f 287//287 289//289 291//291
usemtl field_material_23
f 298//298 300//300 299//299
f 299//299 300//300 302//302
f 302//302 304//304 303//303
f 304//304 306//306 305//305
f 306//306 308//308 307//307
f 308//308 310//310 309//309
f 310//310 312//312 311//311
f 311//311 312//312 314//314
usemtl field_material_05
f 317//317 319//319 316//316
f 319//319 317//317 318//318
usemtl field_material_23
f 321//321 323//323 322//322
f 323//323 325//325 324//324
f 325//325 327//327 326//326
f 327//327 329//329 328//328
f 329//329 331//331 330//330
f 331//331 333//333 332//332
f 333//333 335//335 334//334
f 334//334 335//335 337//337
f 337//337 338//338 336//336
usemtl field_material_05
f 340//340 342//342 341//341
f 340//340 344//344 342//342
f 342//342 344//344 343//343
f 344//344 340//340 339//339
f 343//343 339//339 341//341
usemtl field_material_23
f 346//346 348//348 347//347
f 348//348 350//350 349//349
f 350//350 352//352 351//351
f 351//351 352//352 354//354
f 353//353 354//354 356//356
f 355//355 356//356 358//358
f 358//358 360//360 359//359
f 360//360 362//362 361//361
f 362//362 363//363 361//361
usemtl field_material_05
f 364//364 365//365 367//367
f 367//367 368//368 366//366
f 366//366 368//368 365//365
f 369//369 370//370 372//372
f 372//372 374//374 373//373
f 373//373 374//374 376//376
f 376//376 378//378 377//377
f 374//374 372//372 370//370
f 370//370 380//380 374//374
f 380//380 378//378 374//374
f 378//378 380//380 379//379
f 380//380 370//370 369//369
f 379//379 369//369 375//375
f 369//369 371//371 375//375
f 371//371 373//373 375//375
usemtl field_material_23
f 382//382 384//384 383//383
f 384//384 386//386 385//385
f 385//385 386//386 388//388
f 388//388 390//390 389//389
f 390//390 392//392 391//391
f 392//392 394//394 393//393
f 393//393 394//394 396//396
f 395//395 396//396 398//398
usemtl field_material_05
f 402//402 404//404 401//401
f 404//404 402//402 403//403
f 400//400 401//401 403//403
usemtl field_material_23
f 405//405 406//406 408//408
f 408//408 410//410 409//409
f 409//409 410//410 412//412
f 411//411 412//412 414//414
f 414//414 416//416 415//415
f 416//416 418//418 417//417
f 418//418 420//420 419//419
f 420//420 422//422 421//421
usemtl field_material_05
f 424//424 425//425 427//427
f 426//426 427//427 425//425
usemtl field_material_23
f 429//429 431//431 430//430
f 431//431 433//433 432//432
f 432//432 433//433 435//435
f 434//434 435//435 437//437
f 437//437 439//439 438//438
f 438//438 439//439 441//441
f 440//440 441//441 443//443
f 442//442 443//443 445//445
usemtl field_material_05
f 447//447 448//448 450//450
f 449//449 450//450 448//448
f 452//452 454//454 453//453
f 453//453 454//454 456//456
f 455//455 456//456 458//458
f 458//458 460//460 459//459
f 456//456 454//454 452//452
f 452//452 462//462 456//456
f 462//462 460//460 456//456
f 460//460 462//462 461//461
f 462//462 452//452 451//451
f 461//461 451//451 453//453
f 453//453 455//455 457//457
f 457//457 459//459 461//461
usemtl field_material_07
f 463//463 464//464 466//466
f 465//465 466//466 468//468
f 467//467 468//468 470//470
f 470//470 472//472 471//471
f 471//471 472//472 474//474
f 473//473 474//474 476//476
f 476//476 478//478 477//477
f 477//477 478//478 480//480
f 480//480 481//481 479//479
usemtl field_material_05
f 482//482 483//483 485//485
f 485//485 486//486 484//484
f 486//486 483//483 482//482
usemtl field_material_07
f 488//488 490//490 489//489
f 489//489 490//490 492//492
f 492//492 494//494 493//493
f 494//494 496//496 495//495
f 496//496 498//498 497//497
f 497//497 498//498 500//500
f 500//500 502//502 501//501
f 502//502 504//504 503//503
f 504//504 505//505 503//503
usemtl field_material_05
f 506//506 507//507 509//509
f 509//509 511//511 508//508
f 511//511 509//509 507//507
f 511//511 507//507 510//510
f 510//510 506//506 508//508
usemtl field_material_07
f 513//513 515//515 514//514
f 515//515 517//517 516//516
f 517//517 519//519 518//518
f 519//519 521//521 520//520
f 521//521 523//523 522//522
f 523//523 525//525 524//524
f 525//525 527//527 526//526
f 527//527 529//529 528//528
usemtl field_material_05
f 531//531 532//532 534//534
f 533//533 534//534 532//532
f 535//535 536//536 538//538
f 537//537 538//538 540//540
f 540//540 542//542 541//541
f 542//542 544//544 543//543
f 540//540 538//538 544//544
f 538//538 536//536 544//544
f 536//536 546//546 544//544
f 544//544 546//546 545//545
f 545//545 546//546 536//536
f 545//545 535//535 537//537
f 537//537 539//539 545//545
f 539//539 541//541 545//545
usemtl field_material_17
f 548//548 550//550 549//549
f 550//550 552//552 551//551
f 552//552 554//554 553//553
f 554//554 556//556 555//555
f 555//555 556//556 558//558
f 558//558 560//560 559//559
f 560//560 562//562 561//561
f 562//562 564//564 563//563
usemtl field_material_05
f 567//567 570//570 566//566
f 570//570 567//567 569//569
usemtl field_material_17
f 572//572 574//574 573//573
f 574//574 576//576 575//575
f 576//576 578//578 577//577
f 578//578 580//580 579//579
f 580//580 582//582 581//581
f 582//582 584//584 583//583
f 584//584 586//586 585//585
f 586//586 588//588 587//587
f 588//588 589//589 587//587
usemtl field_material_05
f 590//590 593//593 591//591
f 593//593 590//590 594//594
f 594//594 591//591 592//592
usemtl field_material_17
f 596//596 598//598 597//597
f 597//597 598//598 600//600
f 599//599 600//600 602//602
f 602//602 604//604 603//603
f 604//604 606//606 605//605
f 606//606 608//608 607//607
f 607//607 608//608 610//610
f 609//609 610//610 612//612
f 612//612 613//613 611//611
usemtl field_material_05
f 614//614 616//616 615//615
f 616//616 614//614 617//617
f 619//619 620//620 618//618
f 620//620 622//622 621//621
f 622//622 624//624 623//623
f 624//624 627//627 625//625
f 622//622 620//620 619//619
f 619//619 627//627 622//622
f 626//626 627//627 619//619
f 618//618 621//621 623//623
f 623//623 625//625 618//618
usemtl field_material_03
f 629//629 635//635 636//636
f 636//636 637//637 629//629
f 630//630 637//637 638//638
f 638//638 644//644 631//631
f 631//631 644//644 639//639
f 639//639 640//640 632//632
f 640//640 641//641 633//633
f 641//641 646//646 633//633
f 633//633 646//646 647//647
f 634//634 647//647 648//648
f 648//648 635//635 634//634
f 637//637 642//642 643//643
f 643//643 644//644 638//638
f 644//644 645//645 639//639
f 645//645 640//640 639//639
f 636//636 649//649 650//650
f 650//650 651//651 642//642
f 651//651 652//652 642//642
f 644//644 653//653 654//654
f 645//645 655//655 640//640
f 655//655 656//656 641//641
f 641//641 656//656 657//657
f 646//646 657//657 658//658
f 648//648 658//658 659//659
f 659//659 649//649 635//635
f 660//660 669//669 649//649
f 651//651 661//661 652//652
f 652//652 661//661 662//662
f 645//645 654//654 663//663
f 656//656 664//664 657//657
f 657//657 664//664 665//665
f 665//665 666//666 657//657
f 666//666 667//667 658//658
f 658//658 667//667 668//668
f 668//668 659//659 658//658
f 669//669 670//670 651//651
f 671//671 672//672 653//653
f 672//672 673//673 654//654
f 674//674 675//675 656//656
f 660//660 677//677 669//669
f 662//662 680//680 671//671
f 663//663 681//681 674//674
f 681//681 682//682 674//674
f 674//674 682//682 675//675
f 675//675 683//683 664//664
f 665//665 684//684 666//666
f 666//666 684//684 667//667
f 661//661 687//687 688//688
f 680//680 689//689 671//671
f 689//689 690//690 672//672
f 690//690 691//691 672//672
f 691//691 692//692 673//673
f 673//673 692//692 693//693
f 694//694 695//695 675//675
f 684//684 697//697 667//667
f 697//697 698//698 668//668
f 698//698 699//699 676//676
f 699//699 700//700 676//676
f 677//677 701//701 685//685
f 685//685 701//701 678//678
f 686//686 702//702 679//679
f 702//702 703//703 687//687
f 687//687 703//703 688//688
f 681//681 704//704 682//682
f 682//682 704//704 694//694
f 695//695 705//705 683//683
f 696//696 706//706 684//684
f 684//684 706//706 707//707
f 697//697 707//707 698//698
f 678//678 709//709 686//686
f 688//688 710//710 680//680
f 710//710 711//711 689//689
f 711//711 712//712 690//690
f 690//690 712//712 691//691
f 692//692 713//713 693//693
f 713//713 714//714 681//681
f 694//694 720//720 695//695
f 695//695 720//720 705//705
f 707//707 715//715 698//698
f 715//715 716//716 699//699
f 699//699 716//716 700//700
f 703//703 718//718 688//688
f 722//722 723//723 717//717
f 709//709 723//723 724//724
f 724//724 725//725 718//718
f 725//725 726//726 712//712
f 726//726 727//727 719//719
f 727//727 728//728 714//714
f 704//704 728//728 729//729
f 720//720 729//729 730//730
f 706//706 730//730 731//731
f 731//731 732//732 716//716
f 708//708 732//732 722//722
usemtl field_material_05
f 736//736 735//735 737//737
f 746//746 739//739 737//737
f 738//738 737//737 740//740
f 740//740 739//739 741//741
f 740//740 742//742 743//743
f 741//741 734//734 742//742
f 745//745 742//742 744//744
f 744//744 735//735 736//736
f 744//744 734//734 746//746
f 749//749 759//759 752//752
f 748//748 750//750 752//752
f 752//752 750//750 755//755
f 752//752 754//754 753//753
f 756//756 754//754 757//757
f 755//755 747//747 757//757
f 757//757 759//759 749//749
f 757//757 747//747 748//748
f 763//763 761//761 764//764
f 762//762 765//765 764//764
f 764//764 766//766 767//767
f 766//766 765//765 768//768
f 770//770 766//766 769//769
f 768//768 760//760 769//769
f 769//769 761//761 771//771
f 761//761 760//760 762//762
f 773//773 776//776 774//774
f 777//777 774//774 778//778
f 778//778 776//776 779//779
f 778//778 780//780 781//781
f 779//779 772//772 780//780
f 783//783 780//780 782//782
f 782//782 772//772 773//773
f 782//782 774//774 775//775
f 785//785 787//787 789//789
f 786//786 795//795 789//789
f 789//789 787//787 791//791
f 789//789 792//792 790//790
f 790//790 792//792 793//793
f 791//791 784//784 793//793
f 793//793 795//795 786//786
f 793//793 784//784 785//785
f 796//796 798//798 797//797
f 798//798 800//800 799//799
f 800//800 803//803 801//801
f 800//800 798//798 803//803
f 798//798 796//796 803//803
f 796//796 805//805 803//803
f 802//802 803//803 805//805
f 805//805 796//796 804//804
f 804//804 797//797 801//801
f 797//797 799//799 801//801
usemtl field_material_09
f 807//807 813//813 814//814
f 814//814 815//815 807//807
f 815//815 816//816 808//808
f 816//816 817//817 808//808
f 817//817 818//818 809//809
f 810//810 818//818 819//819
f 811//811 819//819 820//820
f 820//820 821//821 811//811
f 811//811 821//821 822//822
f 812//812 822//822 813//813
f 814//814 823//823 824//824
f 814//814 824//824 815//815
f 818//818 817//817 825//825
f 825//825 826//826 819//819
f 826//826 827//827 819//819
f 830//830 831//831 815//815
f 831//831 832//832 816//816
f 817//817 834//834 835//835
f 825//825 835//835 826//826
f 820//820 836//836 837//837
f 837//837 838//838 821//821
f 822//822 838//838 839//839
f 828//828 839//839 840//840
f 840//840 829//829 823//823
f 824//824 841//841 830//830
f 830//830 841//841 842//842
f 832//832 843//843 833//833
f 833//833 843//843 834//834
f 834//834 844//844 835//835
f 826//826 845//845 827//827
f 836//836 845//845 846//846
f 837//837 847//847 838//838
f 838//838 847//847 848//848
f 848//848 849//849 839//839
f 840//840 850//850 829//829
f 829//829 851//851 852//852
f 853//853 854//854 832//832
f 844//844 856//856 835//835
f 835//835 856//856 857//857
f 857//857 858//858 845//845
f 846//846 847//847 837//837
f 859//859 851//851 850//850
f 843//843 862//862 855//855
f 855//855 862//862 844//844
f 848//848 865//865 849//849
f 849//849 865//865 859//859
f 867//867 868//868 842//842
f 868//868 869//869 853//853
f 869//869 870//870 854//854
f 870//870 871//871 854//854
f 871//871 872//872 843//843
f 862//862 873//873 844//844
f 873//873 874//874 856//856
f 874//874 875//875 857//857
f 858//858 876//876 877//877
f 877//877 878//878 847//847
f 848//848 879//879 865//865
f 880//880 881//881 859//859
f 881//881 882//882 851//851
f 884//884 885//885 874//874
f 874//874 885//885 875//875
f 877//877 886//886 878//878
f 878//878 886//886 887//887
f 879//879 888//888 865//865
f 865//865 888//888 880//880
f 866//866 890//890 861//861
f 890//890 891//891 867//867
f 867//867 891//891 892//892
f 868//868 892//892 869//869
f 869//869 893//893 870//870
f 894//894 895//895 862//862
f 895//895 896//896 883//883
f 883//883 896//896 884//884
f 875//875 897//897 863//863
f 863//863 897//897 876//876
f 888//888 900//900 880//880
f 889//889 901//901 866//866
f 885//885 904//904 875//875
f 886//886 906//906 887//887
f 881//881 907//907 908//908
f 909//909 910//910 890//890
f 891//891 910//910 911//911
f 911//911 912//912 893//893
f 912//912 913//913 895//895
f 913//913 914//914 885//885
f 914//914 915//915 897//897
f 898//898 915//915 916//916
f 906//906 916//916 917//917
f 888//888 917//917 918//918
f 908//908 918//918 909//909
usemtl field_material_05
f 934//934 921//921 922//922
f 933//933 924//924 922//922
f 923//923 922//922 925//925
f 925//925 926//926 927//927
f 925//925 924//924 928//928
f 928//928 920//920 930//930
f 931//931 930//930 932//932
f 932//932 920//920 933//933
f 932//932 921//921 934//934
f 938//938 936//936 937//937
f 948//948 935//935 937//937
f 938//938 937//937 939//939
f 939//939 940//940 941//941
f 939//939 935//935 942//942
f 945//945 940//940 944//944
f 942//942 943//943 944//944
f 945//945 944//944 946//946
f 946//946 943//943 948//948
f 946//946 936//936 947//947
f 962//962 950//950 951//951
f 961//961 949//949 951//951
f 953//953 951//951 952//952
f 952//952 954//954 956//956
f 952//952 949//949 955//955
f 956//956 954//954 957//957
f 955//955 958//958 957//957
f 960//960 957//957 959//959
f 959//959 958//958 961//961
f 959//959 950//950 962//962
f 965//965 963//963 967//967
f 966//966 964//964 967//967
f 967//967 968//968 969//969
f 968//968 963//963 970//970
f 972//972 968//968 971//971
f 972//972 971//971 973//973
f 970//970 974//974 973//973
f 973//973 975//975 976//976
f 975//975 974//974 965//965
f 975//975 964//964 966//966
f 980//980 978//978 981//981
f 979//979 982//982 981//981
f 981//981 983//983 984//984
f 983//983 982//982 985//985
f 987//987 983//983 986//986
f 985//985 977//977 988//988
f 987//987 986//986 988//988
f 988//988 990//990 989//989
f 990//990 977//977 979//979
f 990//990 978//978 980//980
usemtl field_material_29
f 993//993 991//991 992//992
f 992//992 995//995 994//994
f 995//995 996//996 997//997
f 996//996 991//991 998//998
f 1000//1000 999//999 1001//1001
f 1001//1001 1003//1003 1002//1002
f 1003//1003 1005//1005 1004//1004
f 1005//1005 999//999 1006//1006
f 1008//1008 1011//1011 1010//1010
f 1011//1011 1012//1012 1013//1013
f 1012//1012 1007//1007 1014//1014
f 1017//1017 1016//1016 1018//1018
f 1018//1018 1015//1015 1019//1019
f 1019//1019 1015//1015 1021//1021
f 1019//1019 1021//1021 1020//1020
f 1021//1021 1016//1016 1022//1022
f 1024//1024 1029//1029 1025//1025
f 1025//1025 1023//1023 1026//1026
f 1026//1026 1023//1023 1028//1028
f 1026//1026 1028//1028 1027//1027
f 1028//1028 1029//1029 1030//1030
f 1034//1034 1032//1032 1033//1033
f 1033//1033 1031//1031 1035//1035
f 1035//1035 1036//1036 1037//1037
f 1035//1035 1031//1031 1036//1036
f 1036//1036 1032//1032 1038//1038
f 1040//1040 1045//1045 1041//1041
f 1041//1041 1039//1039 1042//1042
f 1042//1042 1039//1039 1044//1044
f 1042//1042 1044//1044 1043//1043
f 1044//1044 1045//1045 1046//1046
f 1048//1048 1049//1049 1050//1050
f 1049//1049 1047//1047 1051//1051
f 1053//1053 1047//1047 1052//1052
f 1052//1052 1048//1048 1054//1054
f 1056//1056 1057//1057 1058//1058
f 1057//1057 1055//1055 1059//1059
f 1060//1060 1056//1056 1062//1062
f 1064//1064 1067//1067 1066//1066
f 1067//1067 1068//1068 1069//1069
f 1068//1068 1063//1063 1070//1070
f 1073//1073 1074//1074 1075//1075
f 1076//1076 1074//1074 1077//1077
f 1077//1077 1071//1071 1078//1078
f 1086//1086 1079//1079 1081//1081
f 1086//1086 1081//1081 1080//1080
f 1081//1081 1083//1083 1082//1082
f 1083//1083 1085//1085 1084//1084
f 1085//1085 1079//1079 1086//1086
f 1088//1088 1089//1089 1090//1090
f 1089//1089 1087//1087 1091//1091
f 1093//1093 1087//1087 1092//1092
f 1092//1092 1088//1088 1094//1094
f 1102//1102 1095//1095 1097//1097
f 1102//1102 1097//1097 1096//1096
f 1097//1097 1098//1098 1099//1099
f 1100//1100 1098//1098 1101//1101
f 1101//1101 1095//1095 1102//1102
