# Strawberry URP Gazebo mesh generated by export_gazebo_assets.py
mtllib plant_variant_07.mtl

o field_export_plant_variant_07
v 0.000000000 0.000000000 0.025000000
v 0.000000000 0.026450338 0.020225426
v 0.000000000 0.042797547 0.007725425
v 0.000000000 0.042797547 -0.007725425
v 0.000000000 0.026450338 -0.020225426
v 0.000000000 0.000000000 -0.025000000
v 0.018703211 0.018703211 0.020225426
v 0.030262435 0.030262435 0.007725425
v 0.030262435 0.030262435 -0.007725425
v 0.018703211 0.018703211 -0.020225426
v 0.026450334 0.000000000 0.020225426
v 0.042797547 0.000000000 0.007725425
v 0.042797547 0.000000000 -0.007725425
v 0.026450334 0.000000000 -0.020225426
v 0.018703211 -0.018703211 0.020225426
v 0.030262435 -0.030262435 0.007725425
v 0.030262435 -0.030262435 -0.007725425
v 0.018703211 -0.018703211 -0.020225426
v 0.000000000 -0.026450334 0.020225426
v 0.000000000 -0.042797547 0.007725425
v 0.000000000 -0.042797547 -0.007725425
v 0.000000000 -0.026450334 -0.020225426
v -0.018703211 -0.018703211 0.020225426
v -0.030262435 -0.030262435 0.007725425
v -0.030262435 -0.030262435 -0.007725425
v -0.018703211 -0.018703211 -0.020225426
v -0.026450334 0.000000000 0.020225426
v -0.042797547 0.000000000 0.007725425
v -0.042797547 0.000000000 -0.007725425
v -0.026450334 0.000000000 -0.020225426
v -0.018703211 0.018703211 0.020225426
v -0.030262435 0.030262435 0.007725425
v -0.030262435 0.030262435 -0.007725425
v -0.018703211 0.018703211 -0.020225426
v 0.001052881 -0.003487699 0.005977258
v -0.057334505 0.189921796 0.129114985
v -0.005277054 -0.003495842 0.002988629
v -0.063664444 0.189913660 0.126126349
v -0.006329931 -0.000008158 -0.002988622
v -0.064717323 0.193401337 0.120149098
v -0.001052877 0.003487669 -0.005977251
v -0.059440263 0.196897179 0.117160469
v 0.005277060 0.003495812 -0.002988622
v -0.053110331 0.196905315 0.120149098
v 0.006329935 0.000008129 0.002988629
v -0.052057452 0.193417639 0.126126349
v -0.093827747 0.202584535 0.136460245
v -0.033709653 0.220657736 0.135710180
v -0.097319655 0.211428687 0.141597152
v -0.035619907 0.230054900 0.141023993
v -0.113809437 0.216401041 0.145961016
v -0.024563942 0.243342891 0.145131975
v -0.110538565 0.227359012 0.148740947
v -0.033303641 0.250675052 0.148023471
v -0.124166965 0.233237892 0.150115967
v -0.025183138 0.263119608 0.149196446
v -0.116066679 0.245699644 0.149672106
v -0.038831752 0.269015700 0.148954630
v -0.124865651 0.253082275 0.147823334
v -0.035620157 0.280024141 0.146994293
v -0.113903970 0.266450554 0.144390628
v -0.052204221 0.285076767 0.143817469
v -0.115928680 0.275917232 0.140153229
v -0.055833176 0.294056833 0.139376894
v -0.091605440 0.303385377 0.128739268
v -0.086522423 0.289177299 0.136701807
v -0.060007084 0.192851275 0.123690002
v -0.088907376 0.288584113 0.135689989
v -0.058757514 0.193510681 0.121438928
v -0.087035395 0.289431423 0.133438915
v -0.057131745 0.193640038 0.124322399
v -0.029599365 0.229397118 0.134881660
v 0.015507372 0.210966498 0.130021051
v -0.027104845 0.236266851 0.138700828
v 0.019235309 0.217390820 0.133837283
v -0.034388985 0.247180909 0.142937958
v 0.032639649 0.219877690 0.135903090
v -0.026889764 0.252112091 0.144673988
v 0.031118225 0.228483319 0.138585865
v -0.032147631 0.262283117 0.146689832
v 0.042195071 0.232000634 0.138887346
v -0.021153001 0.265878886 0.145903513
v 0.036854990 0.242250115 0.139815390
v -0.022915462 0.274714500 0.145397007
v 0.044113170 0.247411296 0.138362154
v -0.009894557 0.277567267 0.142389417
v 0.036445599 0.258691221 0.137525871
v -0.006672582 0.284443259 0.139634952
v 0.038467057 0.266034603 0.135019109
v 0.021058686 0.289548337 0.130522683
v -0.015010282 0.207560062 0.123687491
v 0.015605824 0.279176027 0.136504963
v -0.013595871 0.207356185 0.121446632
v 0.016431006 0.279347926 0.133446619
v -0.012286436 0.206345990 0.124317013
v -0.128675938 0.168091685 0.132969067
v -0.101149328 0.208472997 0.129882902
v -0.134853721 0.171764344 0.136437252
v -0.106619000 0.213247195 0.133380786
v -0.147043407 0.166729733 0.140084356
v -0.106203355 0.226732537 0.135663345
v -0.150260866 0.174991801 0.142014652
v -0.114917025 0.226919502 0.138188601
v -0.161290318 0.171904102 0.143959031
v -0.115993872 0.238454327 0.139055595
v -0.162457854 0.183437958 0.143974945
v -0.127114028 0.235365644 0.140148908
v -0.171437413 0.183622032 0.144004956
v -0.130597353 0.243624836 0.139583945
v -0.171444714 0.197102785 0.142318144
v -0.143209994 0.238585651 0.139261678
v -0.177430347 0.201853439 0.140779376
v -0.149951771 0.242265522 0.137695134
v -0.176565707 0.230463296 0.134915307
v -0.104381539 0.178416848 0.122920722
v -0.168426886 0.222563654 0.136317000
v -0.102969557 0.180825561 0.121698432
v -0.168070570 0.223855808 0.133505806
v -0.102667823 0.180514365 0.124457985
v -0.166829854 0.225082159 0.135687485
v 0.003174737 -0.003162339 0.005377799
v -0.113052726 0.112611711 0.142071009
v -0.002690852 -0.005876139 0.002688907
v -0.118918315 0.109897912 0.139382124
v -0.005865578 -0.002713796 -0.002688892
v -0.122093044 0.113060251 0.134004325
v -0.003174722 0.003162354 -0.005377784
v -0.119402185 0.118936405 0.131315425
v 0.002690867 0.005876157 -0.002688892
v -0.113536596 0.121650204 0.134004325
v 0.005865596 0.002713811 0.002688907
v -0.110361874 0.118487865 0.139382124
v -0.152164787 0.106369860 0.146251455
v -0.107896805 0.150741652 0.149836868
v -0.159607574 0.112225652 0.150734708
v -0.114203878 0.157807171 0.154601708
v -0.176607162 0.108565733 0.153674453
v -0.110933058 0.174497023 0.159267873
v -0.179030553 0.119594708 0.156683892
v -0.122194804 0.176653042 0.161524564
v -0.193851084 0.118240029 0.157330558
v -0.121010743 0.191365644 0.163534328
v -0.192641854 0.133042157 0.157989457
v -0.135806099 0.190100476 0.162830129
v -0.203829750 0.135460615 0.156285584
v -0.138155654 0.201391906 0.161879018
v -0.200441465 0.152567983 0.154651418
v -0.155037761 0.198149472 0.158518419
v -0.206580266 0.160137609 0.151426896
v -0.162358135 0.204551667 0.155015469
v -0.197909266 0.196392611 0.144539461
v -0.116799586 0.114974156 0.138019502
v -0.186924249 0.186195090 0.150480390
v -0.116601288 0.115687624 0.134994417
v -0.188224420 0.185335174 0.147861287
v -0.114972360 0.116940156 0.137245491
v -0.186011061 0.187501892 0.148186639
v -0.109053209 0.161512330 0.150031030
v -0.060364034 0.166729584 0.149866104
v -0.110520758 0.168966100 0.155183226
v -0.060537316 0.174352646 0.155281723
v -0.122494712 0.175262332 0.159397900
v -0.050196264 0.183053702 0.159540385
v -0.118440807 0.183262080 0.162150621
v -0.055872198 0.190004885 0.162273943
v -0.128055215 0.189762324 0.163210616
v -0.047867667 0.198403865 0.163368642
v -0.120044410 0.198134542 0.162580743
v -0.057475805 0.204877362 0.162704051
v -0.125701934 0.205007270 0.160258114
v -0.053403471 0.212798640 0.160400599
v -0.115331575 0.213583499 0.156473562
v -0.065348133 0.218970060 0.156572074
v -0.115468152 0.221023664 0.151659325
v -0.066781729 0.226254821 0.151544780
v -0.092743166 0.238230661 0.139285997
v -0.083771214 0.148755252 0.138250217
v -0.091386527 0.226351827 0.150472298
v -0.084134094 0.149179757 0.135253921
v -0.092947520 0.226587057 0.147865072
v -0.081554085 0.149363250 0.135865062
v -0.089701667 0.226842269 0.148476213
v -0.166551381 0.059209280 0.142972663
v -0.161464587 0.107828610 0.145831913
v -0.173916757 0.059130486 0.146064788
v -0.168735132 0.109042764 0.149111897
v -0.182418540 0.048588958 0.148045376
v -0.174923599 0.120784476 0.152452856
v -0.189286456 0.054095425 0.150256440
v -0.182800174 0.116574943 0.154070765
v -0.197602212 0.046000920 0.150801510
v -0.189289436 0.126074299 0.155689925
v -0.204122797 0.055556137 0.151558906
v -0.197636515 0.118035659 0.155373245
v -0.212091208 0.051510379 0.150650322
v -0.204596266 0.123705894 0.155057803
v -0.218425751 0.063512623 0.149972200
v -0.213244140 0.113424897 0.153019309
v -0.225855097 0.065051511 0.148153394
v -0.220824972 0.113675050 0.151011974
v -0.238397777 0.091201395 0.144520387
v -0.149489090 0.080763683 0.137242988
v -0.226752952 0.090505891 0.150173783
v -0.149646163 0.082501091 0.135061309
v -0.227255374 0.090558052 0.146890432
v -0.149084970 0.083718345 0.137872517
v 0.004333533 0.000612162 0.005463146
v -0.203956634 -0.028810717 0.173982412
v 0.003014684 -0.005696498 0.002731577
v -0.205275491 -0.035119377 0.171250850
v -0.001318850 -0.006308647 -0.002731554
v -0.209609032 -0.035731524 0.165787727
v -0.004333533 -0.000612136 -0.005463116
v -0.212623715 -0.030035015 0.163056165
v -0.003014684 0.005696524 -0.002731547
v -0.211304858 -0.023726355 0.165787727
v 0.001318850 0.006308673 0.002731584
v -0.206971318 -0.023114206 0.171250850
v -0.223583132 -0.063101128 0.178115323
v -0.232295707 -0.000944561 0.176700607
v -0.233180270 -0.065230027 0.181499511
v -0.242193475 -0.001423800 0.180214435
v -0.240866184 -0.080789261 0.184456125
v -0.253903329 0.011503145 0.182597339
v -0.251363695 -0.075906463 0.185891837
v -0.262646288 0.003965326 0.184283212
v -0.259308785 -0.088492364 0.186442226
v -0.273768485 0.013870843 0.184380606
v -0.270341307 -0.078599967 0.185259089
v -0.281623930 0.001271823 0.183650449
v -0.278821439 -0.086176269 0.183190614
v -0.291858554 0.006116137 0.181331828
v -0.290113151 -0.073310539 0.179601237
v -0.299126357 -0.009504313 0.178316161
v -0.299446851 -0.073866285 0.175376505
v -0.308213234 -0.011713178 0.174266413
v -0.322131902 -0.045526654 0.164741725
v -0.207996830 -0.030361565 0.169845551
v -0.306983113 -0.044446882 0.181984395
v -0.208446562 -0.029773252 0.166820467
v -0.208463997 -0.027718514 0.169071540
v -0.307573289 -0.042558257 0.179316014
v -0.239945799 0.003821200 0.181922838
v -0.214766949 0.045809515 0.180964306
v -0.246570736 0.007118667 0.187020466
v -0.220740631 0.050242126 0.186284512
v -0.258645505 0.001343589 0.191417739
v -0.221283585 0.063719437 0.190353245
v -0.262474835 0.009388888 0.194186822
v -0.230141059 0.063370258 0.193265572
v -0.273409307 0.005633122 0.195604324
v -0.231970519 0.074815333 0.194423661
v -0.275278687 0.017074669 0.195154727
v -0.242944926 0.071056038 0.194233492
v -0.284253210 0.016715150 0.193353578
v -0.246891305 0.079090998 0.192289069
v -0.284982324 0.030176014 0.189924210
v -0.259152234 0.073299475 0.189188272
v -0.291169196 0.034569740 0.185512736
v -0.266011357 0.076576777 0.184992790
v -0.291602194 0.063256525 0.174338639
v -0.215780511 0.015650112 0.168302283
v -0.282274872 0.056014013 0.181698546
v -0.214510381 0.018136553 0.167079970
v -0.281993985 0.057324637 0.178887352
v -0.214191124 0.017843332 0.169839516
v -0.280826390 0.058620770 0.181069031
v -0.193748966 -0.104409240 0.177364886
v -0.229442209 -0.071067274 0.180864379
v -0.198250577 -0.110641986 0.181409314
v -0.234913424 -0.076455101 0.185212165
v -0.195068926 -0.124009624 0.183901280
v -0.248099834 -0.074560061 0.189401895
v -0.203675956 -0.126321420 0.186390430
v -0.249570012 -0.083526731 0.191150784
v -0.202293202 -0.137877762 0.186476439
v -0.261110753 -0.083032340 0.192577273
v -0.213875800 -0.137271285 0.186492071
v -0.259769857 -0.094476596 0.191252425
v -0.215468615 -0.145909369 0.184104547
v -0.268499523 -0.096459806 0.189605176
v -0.228850126 -0.143491611 0.181714222
v -0.265512973 -0.109304711 0.185517058
v -0.234554619 -0.148180753 0.177526891
v -0.270258248 -0.114893556 0.181400359
v -0.262925535 -0.141586915 0.169147879
v -0.200662062 -0.076928996 0.168589950
v -0.255481958 -0.132197380 0.181839511
v -0.253600955 -0.134113416 0.181069031
v -0.203002632 -0.074806996 0.168302268
v -0.255325884 -0.132976383 0.178828165
v 0.002072852 0.003938407 0.005403012
v -0.077987179 -0.148175046 0.146997467
v 0.006400954 -0.000854239 0.002701513
v -0.073659077 -0.152967691 0.144295961
v 0.004328106 -0.004792631 -0.002701484
v -0.075731933 -0.156906083 0.138892978
v -0.002072845 -0.003938377 -0.005402982
v -0.082132876 -0.156051829 0.136191472
v -0.006400947 0.000854269 -0.002701484
v -0.086460978 -0.151259184 0.138892978
v -0.004328098 0.004792660 0.002701513
v -0.084388137 -0.147320792 0.144295961
v -0.061440632 -0.184249684 0.148484096
v -0.116964415 -0.154953286 0.148821294
v -0.065231048 -0.193282709 0.151138633
v -0.122264653 -0.163264900 0.151610151
v -0.057030700 -0.208624870 0.153116465
v -0.139526874 -0.165205657 0.153798491
v -0.067088410 -0.214284211 0.154340848
v -0.138482332 -0.176708311 0.154931083
v -0.061515797 -0.228088334 0.154427290
v -0.153013811 -0.179931283 0.155183733
v -0.076019168 -0.231241494 0.153635412
v -0.147413090 -0.193665594 0.154225647
v -0.074892208 -0.242539436 0.151705593
v -0.157388374 -0.199120224 0.152387604
v -0.092023313 -0.244154572 0.149022311
v -0.149056911 -0.214136764 0.149493828
v -0.097134829 -0.252018511 0.145619035
v -0.152694166 -0.222794116 0.145960554
v -0.133595586 -0.253857583 0.137383208
v -0.079960138 -0.151923642 0.143381670
v -0.127691299 -0.239888504 0.154779136
v -0.078755416 -0.152912885 0.140762553
v -0.125089064 -0.241343856 0.154146746
v -0.081477933 -0.151435867 0.141087905
v -0.126726449 -0.240779281 0.151955128
v -0.125130653 -0.158932194 0.151835561
v -0.144439250 -0.113980144 0.153941900
v -0.131497592 -0.162608206 0.156297505
v -0.151344910 -0.116479456 0.158662096
v -0.133738250 -0.175968766 0.159539387
v -0.162446350 -0.109245926 0.162959650
v -0.142403305 -0.174509227 0.162366793
v -0.167247906 -0.116765872 0.165326744
v -0.145708010 -0.185632378 0.163239568
v -0.177548707 -0.111628830 0.167033046
v -0.156080708 -0.180456862 0.163592026
v -0.180925310 -0.122713506 0.166551992
v -0.161093056 -0.187864035 0.161989868
v -0.189801157 -0.121141195 0.165410116
v -0.172529817 -0.180451110 0.159973219
v -0.192377120 -0.134322360 0.162337810
v -0.179842591 -0.182718977 0.156686187
v -0.199175864 -0.137779981 0.158805221
v -0.203651711 -0.165942952 0.148951903
v -0.120983072 -0.131316960 0.142773762
v -0.192787036 -0.161638677 0.155151471
v -0.121881768 -0.130322486 0.139962569
v -0.193085849 -0.162110493 0.152155176
v -0.122250043 -0.128617316 0.142144248
v -0.193992510 -0.159639314 0.153090194
v -0.011954451 -0.183743268 0.150611252
v -0.059950083 -0.193196744 0.148386508
v -0.010031667 -0.190830573 0.153852358
v -0.059300020 -0.200588197 0.151664391
v 0.002284497 -0.195915595 0.157047182
v -0.068979621 -0.210029483 0.153882399
v -0.001153663 -0.204149872 0.158760563
v -0.062827125 -0.216364324 0.156021684
v 0.008930314 -0.209738597 0.160202444
v -0.070110038 -0.225392565 0.156692326
v 0.001692314 -0.218791574 0.159972340
v -0.059981152 -0.231006026 0.157233462
v 0.007976450 -0.225198954 0.159470737
v -0.063287668 -0.239312857 0.156305954
v -0.001493730 -0.234755635 0.157487690
v -0.050762087 -0.244513258 0.155299723
v -0.000581422 -0.242258430 0.155428752
v -0.048561059 -0.251782209 0.153196663
v -0.021361802 -0.261825293 0.148881018
v -0.037259635 -0.173579127 0.142773777
v -0.023368478 -0.250248939 0.155373544
v -0.039536990 -0.174354479 0.140705809
v -0.021614023 -0.250214547 0.153377458
v -0.024788264 -0.250939041 0.152766317
v 0.000211412 0.004554249 0.005311713
v -0.007451971 -0.160530835 0.147160247
v 0.006161363 0.001996018 0.002655856
v -0.001502021 -0.163089067 0.144504398
v 0.005949952 -0.002558224 -0.002655841
v -0.001713432 -0.167643309 0.139192700
v -0.000211411 -0.004554234 -0.005311698
v -0.007874794 -0.169639319 0.136536837
v -0.006161362 -0.001996003 -0.002655841
v -0.013824745 -0.167081088 0.139192700
v -0.005949951 0.002558239 0.002655856
v -0.013613334 -0.162526846 0.144504398
v 0.023590006 -0.186070070 0.148925334
v -0.038859241 -0.183094263 0.154634342
v 0.024332969 -0.195771888 0.152725369
v -0.039770115 -0.192796156 0.158730641
v 0.038486667 -0.206118926 0.154521376
v -0.054235123 -0.201814696 0.163207680
v 0.031986319 -0.215473503 0.157097161
v -0.048257068 -0.211748526 0.164614469
v 0.042905543 -0.225599140 0.156752676
v -0.059933912 -0.220825240 0.166386813
v 0.031106884 -0.234631285 0.157202631
v -0.049136505 -0.230906323 0.164719939
v 0.036727786 -0.244434506 0.154732317
v -0.055994004 -0.240130275 0.163418621
v 0.021694643 -0.253245264 0.153041795
v -0.042408440 -0.250269532 0.159047052
v 0.020068929 -0.262637466 0.149307504
v -0.042383611 -0.259751797 0.155002728
v -0.012882193 -0.280000061 0.142494902
v -0.007653438 -0.164870843 0.143635720
v -0.006142858 -0.165255621 0.141016617
v -0.011026551 -0.264894366 0.155033201
v -0.009234816 -0.165073007 0.141341954
v -0.012309594 -0.265174061 0.152209193
v -0.014007458 -0.264831930 0.154400811
v -0.045973442 -0.191200107 0.151164472
v -0.082463250 -0.158724740 0.154596612
v -0.050331723 -0.197559953 0.155372605
v -0.087810248 -0.164262816 0.159118116
v -0.046833333 -0.210862130 0.158007577
v -0.101044074 -0.162699535 0.163425282
v -0.055386011 -0.213388920 0.160566360
v -0.102301128 -0.171707988 0.165254936
v -0.053726792 -0.224911541 0.160676286
v -0.113852933 -0.171493515 0.166685149
v -0.065321498 -0.224579483 0.160632133
v -0.112236619 -0.182898551 0.165320709
v -0.066704303 -0.233243257 0.158139125
v -0.120915055 -0.185080662 0.163556814
v -0.080138192 -0.231131643 0.155569911
v -0.117616713 -0.197834492 0.159315437
v -0.085724339 -0.235936016 0.151170850
v -0.122224368 -0.203518510 0.154997408
v -0.114237078 -0.229971543 0.142262608
v -0.053898498 -0.163219854 0.143405542
v -0.105349407 -0.221923783 0.155027837
v -0.053968944 -0.163773894 0.140409261
v -0.055838853 -0.161986828 0.141020402
v -0.106834166 -0.221195385 0.152157441
v -0.107641958 -0.220016554 0.154398307
v 0.068041928 -0.164693624 0.151916757
v 0.028561067 -0.193651527 0.152721405
v 0.073048890 -0.170271248 0.156017125
v 0.032542568 -0.200029731 0.157036841
v 0.086570591 -0.169609249 0.159199014
v 0.027980290 -0.212653339 0.160673976
v 0.087089710 -0.178500935 0.161567658
v 0.036384430 -0.215752199 0.162844121
v 0.098670334 -0.179267481 0.162385687
v 0.033686746 -0.227008462 0.164021596
v 0.095951773 -0.190540448 0.162246674
v 0.045246493 -0.227791697 0.163523138
v 0.104294717 -0.193688273 0.160557047
v 0.045704417 -0.236732349 0.162032008
v 0.099635094 -0.206389770 0.158054188
v 0.059128761 -0.236148238 0.159073904
v 0.103475198 -0.212847799 0.154406071
v 0.064019412 -0.241825566 0.155554771
v 0.092390433 -0.239500329 0.145936251
v 0.040698178 -0.166268513 0.141631559
v 0.086381756 -0.229226887 0.155027822
v 0.038564511 -0.168069363 0.140409261
v 0.085615382 -0.230326578 0.152216613
v 0.038383678 -0.167675421 0.143168822
v 0.084037043 -0.231069624 0.154398307
v -0.002562296 0.002963439 0.005801104
v 0.117275193 -0.135635152 0.129533827
v 0.003304575 0.005446710 0.002900552
v 0.123142064 -0.133151889 0.126633286
v 0.005866867 0.002483279 -0.002900548
v 0.125704363 -0.136115313 0.120832175
v 0.002562288 -0.002963424 -0.005801097
v 0.122399777 -0.141562015 0.117931627
v -0.003304582 -0.005446695 -0.002900548
v 0.116532907 -0.144045293 0.120832175
v -0.005866874 -0.002483264 0.002900552
v 0.113970622 -0.141081855 0.126633286
v 0.154849678 -0.132764801 0.136625186
v 0.107556388 -0.173595637 0.130504161
v 0.161236227 -0.139476448 0.140755013
v 0.112703837 -0.181439340 0.134603053
v 0.177924991 -0.137391999 0.145612970
v 0.107725412 -0.198089167 0.136714488
v 0.179167390 -0.148756102 0.147604153
v 0.118415199 -0.201284707 0.139903218
v 0.193810940 -0.148636833 0.150280431
v 0.115951292 -0.215957165 0.140410960
v 0.191475123 -0.163305983 0.149755016
v 0.130722925 -0.215834588 0.142054081
v 0.202540442 -0.166491777 0.149914682
v 0.132340878 -0.227188945 0.141016200
v 0.198159412 -0.183126092 0.147207573
v 0.149627030 -0.225088999 0.141055629
v 0.204070553 -0.190937385 0.145063072
v 0.156766966 -0.231785327 0.139159486
v 0.193633407 -0.225907564 0.136650175
v 0.121161513 -0.137488335 0.123514749
v 0.186319977 -0.213300839 0.135803714
v 0.119150624 -0.139421806 0.122286886
v 0.118999258 -0.139112934 0.125059009
v 0.183953032 -0.215393230 0.135514706
v 0.109213717 -0.183433250 0.132505208
v 0.060271438 -0.185003579 0.132167622
v 0.110093683 -0.190833047 0.135920689
v 0.059848405 -0.192488253 0.135718286
v 0.121543586 -0.197913095 0.138809755
v 0.048866399 -0.200307265 0.138516992
v 0.116891026 -0.205530673 0.140723079
v 0.053994656 -0.207602620 0.140469715
v 0.125988841 -0.212703139 0.141675845
v 0.045381229 -0.215358540 0.141351134
v 0.117379919 -0.220467061 0.141505495
v 0.054483548 -0.222539008 0.141252130
v 0.122521371 -0.227785885 0.140374601
v 0.049844179 -0.230180040 0.140081823
v 0.111560352 -0.235642225 0.138267949
v 0.061315071 -0.237297416 0.138065547
v 0.111164168 -0.243156284 0.135460153
v 0.062223230 -0.244750991 0.135379329
v 0.087173760 -0.258931160 0.128440410
v 0.085247710 -0.169104144 0.125052974
v 0.087219693 -0.247074261 0.137099966
v 0.084617883 -0.169588432 0.122041635
v 0.086536199 -0.247567534 0.134041622
v 0.082570657 -0.169310927 0.124282494
v 0.173751086 -0.086496972 0.136182874
v 0.165065289 -0.134677559 0.135119766
v 0.180943131 -0.087214805 0.140960574
v 0.172049731 -0.136687040 0.140080214
v 0.190057635 -0.077524573 0.145178124
v 0.177193776 -0.149083570 0.143904731
v 0.196393520 -0.083684333 0.147902995
v 0.185260877 -0.145613000 0.146800965
v 0.205243036 -0.076300010 0.149518579
v 0.190975487 -0.155667439 0.148106232
v 0.211041063 -0.086344562 0.149426103
v 0.199908406 -0.148273230 0.148324087
v 0.219352692 -0.082845025 0.148224369
v 0.206488833 -0.154404029 0.146950960
v 0.224885732 -0.095195487 0.145529941
v 0.215992332 -0.144667715 0.144649565
v 0.232347175 -0.097139813 0.142032206
v 0.223671570 -0.145327464 0.141341865
v 0.243219450 -0.123868309 0.132880330
v 0.155610204 -0.106158212 0.124282494
v 0.231886774 -0.121989727 0.137099966
v 0.155589104 -0.108224049 0.122041635
v 0.232473597 -0.121384636 0.134041622
v 0.155018941 -0.108777329 0.125052974
v -0.003441840 -0.000465936 0.006077573
v 0.217064083 0.029385116 0.133242697
v -0.002534173 0.005774415 0.003038794
v 0.217971742 0.035625465 0.130203918
v 0.000907660 0.006240354 -0.003038764
v 0.221413583 0.036091406 0.124126360
v 0.003441826 0.000465943 -0.006077543
v 0.223947749 0.030316994 0.121087581
v 0.002534159 -0.005774408 -0.003038764
v 0.223040074 0.024076644 0.124126360
v -0.000907674 -0.006240346 0.003038794
v 0.219598249 0.023610704 0.130203918
v 0.235635325 0.063389793 0.135332614
v 0.243995160 0.001190498 0.133712977
v 0.245099053 0.065442964 0.138204888
v 0.253742963 0.001591401 0.136661023
v 0.252763569 0.080939315 0.140851378
v 0.265266567 -0.011418669 0.138618261
v 0.263164908 0.075983956 0.142141551
v 0.273985267 -0.003944581 0.140208960
v 0.271163493 0.088515110 0.142893270
v 0.285030782 -0.013920834 0.140416473
v 0.282169670 0.078557588 0.142106086
v 0.292990029 -0.001370952 0.140173510
v 0.290773094 0.086086579 0.140780479
v 0.303276062 -0.006271405 0.138547361
v 0.302113295 0.073163860 0.138098523
v 0.310757220 0.009312294 0.136554658
v 0.311588258 0.073674165 0.135148197
v 0.320027560 0.011487506 0.133534074
v 0.334507525 0.045330439 0.126974434
v 0.220210597 0.031538587 0.127717420
v 0.319314092 0.044206612 0.140491411
v 0.220700860 0.029877439 0.125525802
v 0.319631994 0.044337951 0.137719288
v 0.220535249 0.028574755 0.128349811
v 0.319859684 0.041557644 0.138947159
v 0.252020270 -0.003155855 0.135084465
v 0.226589635 -0.044990614 0.136104837
v 0.258606136 -0.006299004 0.138502315
v 0.232531801 -0.049265563 0.139673904
v 0.270718247 -0.000446109 0.141169265
v 0.233003065 -0.062595002 0.142863929
v 0.274502128 -0.008406483 0.143407926
v 0.241862610 -0.062191442 0.144874513
v 0.285452843 -0.004656888 0.144429475
v 0.243622243 -0.073587373 0.146309048
v 0.287247151 -0.016099159 0.144935772
v 0.254607618 -0.069884121 0.146402359
v 0.296208262 -0.015831463 0.144224972
v 0.258493096 -0.077980354 0.145919621
v 0.296841204 -0.029377036 0.143085867
v 0.270766854 -0.072343588 0.144257456
v 0.302979469 -0.033923723 0.141044125
v 0.277562231 -0.075758815 0.142282873
v 0.303241581 -0.062900200 0.136345878
v 0.227626845 -0.015216721 0.127714917
v 0.293996155 -0.056011502 0.140344426
v 0.227202103 -0.016581174 0.125474066
v 0.225997731 -0.017714592 0.128344432
v 0.293031007 -0.058215152 0.138276473
v 0.205894038 0.104678445 0.138067439
v 0.241376802 0.071130969 0.141733989
v 0.210219190 0.110788837 0.143040419
v 0.246674165 0.076400168 0.147018254
v 0.206945926 0.124101341 0.146297529
v 0.259676158 0.074359924 0.152051255
v 0.215447456 0.126323819 0.149438798
v 0.261081308 0.083276540 0.154418200
v 0.214074910 0.137880012 0.149940386
v 0.272558987 0.082710885 0.156321958
v 0.225655302 0.137237474 0.150238007
v 0.271289170 0.094190195 0.155217409
v 0.227361634 0.145928651 0.147895962
v 0.280091882 0.096187234 0.153649688
v 0.240842745 0.143529803 0.145438045
v 0.277297735 0.109141141 0.149415880
v 0.246733576 0.148305148 0.141008273
v 0.282223672 0.114811234 0.145056486
v 0.275454730 0.141820222 0.131979123
v 0.212897450 0.077539377 0.127714917
v 0.266878307 0.133683309 0.140485406
v 0.214373052 0.076608837 0.125533238
v 0.267105967 0.134052187 0.137725845
v 0.214999154 0.075423665 0.128344432
v 0.269003332 0.132003859 0.138948143
v -0.002680831 -0.004010066 0.005072758
v 0.123937488 0.185389310 0.221710250
v -0.006380133 0.001364142 0.002536386
v 0.120238200 0.190763518 0.219173878
v -0.003699303 0.005374193 -0.002536342
v 0.122919023 0.194773570 0.214101151
v 0.002680819 0.004010051 -0.005072713
v 0.129299134 0.193409428 0.211564779
v 0.006380115 -0.001364157 -0.002536342
v 0.132998437 0.188035220 0.214101151
v 0.003699288 -0.005374208 0.002536386
v 0.130317613 0.184025168 0.219173878
v 0.110846594 0.222210914 0.228266239
v 0.163011789 0.187282935 0.227845520
v 0.115325384 0.230375975 0.232894555
v 0.168906659 0.194555521 0.232637972
v 0.108576611 0.246139869 0.236881733
v 0.186079144 0.194327429 0.236510605
v 0.119038895 0.250482142 0.239674956
v 0.186111212 0.205642566 0.239353776
v 0.114881888 0.264691919 0.241298437
v 0.200841382 0.207225800 0.240886807
v 0.129652843 0.266345382 0.241547793
v 0.196725160 0.221505791 0.241226614
v 0.129804507 0.277866334 0.240627393
v 0.207307041 0.226053894 0.240256265
v 0.147167221 0.277965665 0.238513052
v 0.200748503 0.242145225 0.238256469
v 0.153277397 0.285622507 0.235691875
v 0.205481678 0.250756651 0.235295042
v 0.190239042 0.284579873 0.227890760
v 0.182076067 0.272354722 0.230424687
v 0.126461372 0.189749509 0.214938700
v 0.180981457 0.273464531 0.227805600
v 0.126837865 0.189054325 0.218010977
v 0.183534488 0.271710813 0.228130937
v 0.171528935 0.191568479 0.229768515
v 0.186043307 0.144870162 0.232314989
v 0.178025559 0.194614083 0.235473067
v 0.192930087 0.146687910 0.238355160
v 0.181453481 0.207703635 0.239661425
v 0.203012109 0.138380915 0.243830219
v 0.189781636 0.205379248 0.243292376
v 0.208438903 0.145385921 0.246900141
v 0.194168866 0.216109589 0.244482726
v 0.218079939 0.139222473 0.249106407
v 0.203951359 0.209887296 0.244978577
v 0.222608641 0.149893954 0.248586327
v 0.209792942 0.216719702 0.243033797
v 0.231351554 0.147396997 0.247202590
v 0.220534772 0.208138198 0.240531623
v 0.235439286 0.160212025 0.243413717
v 0.228236884 0.209602579 0.236423835
v 0.242760003 0.162911251 0.239021212
v 0.250621438 0.190373287 0.226756826
v 0.165209949 0.164937869 0.216420501
v 0.239622548 0.187598690 0.229816794
v 0.166216746 0.162333652 0.215198204
v 0.165785372 0.162291154 0.217957765
v 0.240634471 0.185416147 0.227748841
v 0.061550330 0.227711260 0.225305796
v 0.110299885 0.232094616 0.226787746
v 0.060122829 0.234857410 0.229104981
v 0.110162251 0.239409074 0.230750486
v 0.048185229 0.241113782 0.231963798
v 0.120564654 0.247697517 0.234343931
v 0.052313674 0.248881578 0.234424710
v 0.114952348 0.254579306 0.236484528
v 0.042781029 0.255462587 0.235403299
v 0.123058394 0.262764722 0.238043144
v 0.050916698 0.263708532 0.235893384
v 0.113555372 0.269406229 0.237953201
v 0.045391280 0.270767689 0.234901160
v 0.117770702 0.277351409 0.237281293
v 0.055931900 0.279338270 0.233511031
v 0.105971321 0.283889920 0.235156536
v 0.055968631 0.286981225 0.231160134
v 0.104711279 0.291427970 0.232622072
v 0.079122290 0.304449141 0.225459918
v 0.085974619 0.215455547 0.216133222
v 0.079232663 0.292904258 0.229816779
v 0.088579103 0.215836912 0.215198204
v 0.088306852 0.215349287 0.218194500
v 0.081578635 0.293437093 0.227748841
v 0.000000373 0.000000066 0.040500022
v 0.183203027 0.028005335 0.040486693
v -0.000719577 0.004708481 0.037750021
v 0.182483077 0.032713749 0.037736692
v -0.000719965 0.004708421 0.032250021
v 0.182482690 0.032713689 0.032236692
v -0.000000402 -0.000000053 0.029500023
v 0.183202252 0.028005216 0.029486693
v 0.000719547 -0.004708468 0.032250024
v 0.183922201 0.023296800 0.032236695
v 0.000719935 -0.004708408 0.037750024
v 0.183922589 0.023296859 0.037736695
v 0.183202624 0.028005281 -0.029783010
v 0.191503778 0.030229554 -0.025245361
v 0.187724873 0.037813704 -0.023638319
v 0.180021957 0.035684127 -0.025509097
v 0.177277222 0.022456234 -0.025816694
v 0.187613234 0.021821622 -0.026329624
v 0.197068691 0.031400222 -0.020002060
v 0.192468032 0.038668219 -0.020265633
v 0.181509122 0.042441733 -0.019538833
v 0.173563734 0.038408741 -0.020073863
v 0.172140867 0.030148234 -0.023361241
v 0.170476854 0.020641182 -0.019521838
v 0.177837431 0.014637252 -0.019690448
v 0.185279995 0.013320908 -0.019155674
v 0.192012727 0.016523737 -0.019590838
v 0.196711317 0.022462951 -0.019441186
v 0.197737455 0.043960504 -0.011405534
v 0.166806340 0.032817222 -0.016494399
v 0.203794196 0.035970502 -0.011325743
v 0.191660240 0.048423778 -0.010851617
v 0.183202639 0.049839560 -0.011191561
v 0.174745008 0.048423775 -0.010851619
v 0.165844262 0.041529093 -0.011101259
v 0.161477536 0.030865453 -0.011246392
v 0.162935510 0.019434938 -0.011101255
v 0.170007750 0.010393725 -0.011080364
v 0.180389106 0.006084371 -0.011095710
v 0.193698168 0.008332043 -0.011449938
v 0.204380676 0.021448918 -0.011500117
v 0.209614277 0.030914688 -0.002390697
v 0.206192389 0.041278403 -0.001927811
v 0.193313017 0.003266214 -0.002116343
v 0.208842278 0.021135176 -0.002092685
v 0.199299186 0.049485538 -0.002358676
v 0.190292925 0.053708300 -0.002019975
v 0.179984227 0.054650415 -0.002361049
v 0.166982323 0.049447831 -0.002195187
v 0.160011470 0.041132115 -0.002082900
v 0.156553328 0.031587075 -0.001955498
v 0.158288211 0.018016675 -0.002358674
v 0.166961193 0.006638486 -0.002196869
v 0.179664910 0.001464907 -0.002184782
v 0.204630211 0.011872852 -0.002056005
v 0.211682752 0.035564642 0.009317408
v 0.203816682 0.049004305 0.008987333
v 0.175653562 0.056178775 0.007525197
v 0.162245020 0.048962880 0.010247967
v 0.157934204 0.013448560 0.007503557
v 0.204090133 0.007045069 0.010040072
v 0.212628871 0.027684793 0.009073040
v 0.208480671 0.042599607 0.007319733
v 0.195544496 0.054594882 0.006997109
v 0.183202624 0.057380401 0.008690797
v 0.168263704 0.053491913 0.010569318
v 0.157521814 0.042607874 0.010569300
v 0.154838532 0.035791453 0.009292378
v 0.153661087 0.027811129 0.010569338
v 0.154922947 0.019930366 0.009341345
v 0.162233204 0.007259206 0.011268364
v 0.168607101 0.002728005 0.007321947
v 0.175202265 -0.000448216 0.010732454
v 0.186570361 -0.001355660 0.007949331
v 0.198294699 0.002591965 0.010732464
v 0.208526239 0.013014589 0.009073001
v 0.211683929 0.020373784 0.011100429
v 0.194212615 0.055024412 0.016433416
v 0.206931308 0.041705035 0.025800079
v 0.176111102 0.054471180 0.025800088
v 0.159542292 0.013924943 0.025546102
v 0.167589486 0.005515905 0.026196048
v 0.190294147 0.001539385 0.025800094
v 0.210205704 0.025118718 0.026624439
v 0.209292829 0.034996115 0.026380086
v 0.202219054 0.047155008 0.026517956
v 0.193247154 0.053234950 0.026539484
v 0.183337241 0.055005535 0.026496733
v 0.157983229 0.038106523 0.026624700
v 0.156380162 0.024272000 0.026754949
v 0.180494875 0.001068792 0.026684282
v 0.206570312 0.014572668 0.026649518
v 0.166943982 0.049624100 0.026700431
v 0.199748978 0.006441631 0.026495695
v 0.204261273 0.030777749 0.034990098
v 0.195823774 0.045813248 0.035033647
v 0.176961571 0.048524510 0.035005573
v 0.164280236 0.038101442 0.035005573
v 0.162284553 0.024748176 0.034992605
v 0.170000970 0.010800537 0.035030130
v 0.188783869 0.007175758 0.035004385
v 0.201687604 0.017332995 0.035006408
v 0.183202624 0.028005281 0.035958253
v 0.194305480 0.032623481 0.037412155
v 0.192297027 0.041559838 0.032986712
v 0.195809722 0.037912101 0.032986708
v 0.194305480 0.032623503 0.028561264
v 0.196897179 0.020760663 0.032986708
v 0.195546016 0.023022037 0.036300123
v 0.195546001 0.023022007 0.029673291
v 0.192297027 0.014450729 0.032986712
v 0.191929534 0.019607071 0.036775146
v 0.189332142 0.028005281 0.032986708
v 0.191929549 0.019607062 0.029198274
v 0.192460984 0.037529968 0.036387257
v 0.192460984 0.037529964 0.029586159
v 0.183205321 0.040099863 0.037329700
v 0.173634544 0.042421144 0.032986712
v 0.177005112 0.039753791 0.029586155
v 0.182241395 0.039991837 0.028561262
v 0.187441871 0.041052323 0.032986708
v 0.199416816 0.034043971 0.032986712
v 0.195533514 0.035133347 0.036387261
v 0.194626436 0.035986863 0.029198276
v 0.194862127 0.031830415 0.032986708
v 0.190261096 0.033602681 0.036300130
v 0.178214088 0.036096286 0.032986712
v 0.190261096 0.033602681 0.029673288
v 0.177005112 0.039753791 0.036387261
v 0.171700835 0.031745281 0.037329704
v 0.170114011 0.025741585 0.036387265
v 0.166535616 0.023360213 0.032986712
v 0.169036970 0.026524082 0.029586159
v 0.176091462 0.037788447 0.028643718
v 0.176381811 0.041915789 0.032986715
v 0.180233881 0.041935343 0.036387265
v 0.183812276 0.044316713 0.032986712
v 0.181310922 0.041152842 0.029586157
v 0.180060357 0.036447950 0.036300130
v 0.173966080 0.025761142 0.032986712
v 0.174202129 0.028384797 0.029673284
v 0.176091447 0.018222129 0.037329700
v 0.181310922 0.014857739 0.036387261
v 0.180233896 0.014075214 0.029586159
v 0.182469964 0.010718614 0.032986712
v 0.171700805 0.024265306 0.028643722
v 0.167865187 0.025816912 0.032986712
v 0.169036955 0.029486468 0.036387261
v 0.167877927 0.033625588 0.032986712
v 0.170113996 0.030268993 0.029586161
v 0.174202129 0.027625773 0.036300123
v 0.182482705 0.018527299 0.032986712
v 0.180060387 0.019562595 0.029673293
v 0.189333320 0.021223292 0.037329700
v 0.199416816 0.021966601 0.032986712
v 0.195533514 0.020877222 0.036387261
v 0.195533514 0.020877225 0.029586155
v 0.180544406 0.012742273 0.032986708
v 0.182277530 0.014726106 0.036300130
v 0.182277530 0.014726105 0.029673290
v 0.173121825 0.015167395 0.032986712
v 0.177005112 0.016256770 0.036387261
v 0.177005112 0.016256770 0.029586155
v 0.191994220 0.024391718 0.032986708
v 0.189333320 0.021223297 0.028643720
v -0.000183508 0.000021050 0.040496916
v 0.250068128 -0.028700538 0.048960760
v 0.000451341 0.004742596 0.037748471
v 0.000634834 0.004721539 0.032251570
v 0.250872314 -0.023313509 0.043463860
v -0.000153080 -0.002722102 0.030288395
v 0.250435114 -0.028742654 0.037966967
v 0.249800280 -0.033464201 0.040715411
v -0.000634864 -0.004721555 0.037748467
v 0.249616787 -0.033443145 0.046212312
v 0.250251621 -0.028721604 -0.022901978
v 0.258517921 -0.030063579 -0.018493578
v 0.249408394 -0.020389667 -0.018493578
v 0.242383778 -0.026613403 -0.018843899
v 0.253222585 -0.036551394 -0.018493578
v 0.263619334 -0.025615904 -0.013769392
v 0.257612109 -0.020247838 -0.016335269
v 0.251800954 -0.014232964 -0.012304587
v 0.244349062 -0.015399409 -0.012304587
v 0.238770440 -0.019986160 -0.012474867
v 0.236173078 -0.026163166 -0.012801774
v 0.236516982 -0.033107534 -0.012576165
v 0.240573525 -0.039313413 -0.012671467
v 0.244923204 -0.037441537 -0.017170958
v 0.250896543 -0.043316036 -0.012296634
v 0.258163452 -0.040491302 -0.012906342
v 0.263025522 -0.035163626 -0.012852375
v 0.262527287 -0.017242409 -0.009592864
v 0.269362152 -0.038544253 -0.004169134
v 0.272027344 -0.031588446 -0.003990583
v 0.271275580 -0.024502162 -0.004242863
v 0.267507285 -0.015160700 -0.003747060
v 0.259650469 -0.008754410 -0.003247605
v 0.249437898 -0.006624423 -0.004104208
v 0.234043807 -0.013679100 -0.004166192
v 0.228405803 -0.025774699 -0.003758083
v 0.229216859 -0.034357861 -0.003858126
v 0.234501481 -0.044678118 -0.003776442
v 0.247243121 -0.050452676 -0.003734764
v 0.255783111 -0.049837258 -0.003742001
v 0.263490438 -0.046215139 -0.003734785
v 0.276658863 -0.032198209 0.005402194
v 0.254424632 -0.002474844 0.005159311
v 0.239828289 -0.004095519 0.005676322
v 0.231445670 -0.010049182 0.005499204
v 0.228784710 -0.044292573 0.005152338
v 0.273224324 -0.041984849 0.005533675
v 0.274921834 -0.018502858 0.005143870
v 0.266637087 -0.007486833 0.005609167
v 0.225399554 -0.018756969 0.005197472
v 0.223686278 -0.031874705 0.005430476
v 0.240032896 -0.053391844 0.005143916
v 0.253144294 -0.055247232 0.005107069
v 0.266637087 -0.049956374 0.005609170
v 0.279597521 -0.028385241 0.016871126
v 0.224740490 -0.013816520 0.017990386
v 0.222160012 -0.036248755 0.015278133
v 0.229342833 -0.049557555 0.017901160
v 0.257629573 -0.056849867 0.015370093
v 0.278674066 -0.036056325 0.016823018
v 0.278545856 -0.020954432 0.017134286
v 0.275467098 -0.014163520 0.015115078
v 0.271081835 -0.007851435 0.018594544
v 0.262572676 -0.001878746 0.016276447
v 0.246474192 0.000358808 0.015351903
v 0.235483810 -0.003199591 0.018594496
v 0.229361072 -0.008068648 0.017521910
v 0.221867949 -0.020740736 0.018608421
v 0.220897898 -0.028401785 0.016910233
v 0.224752426 -0.043236461 0.017134327
v 0.235553175 -0.054180071 0.017240893
v 0.242689759 -0.056834172 0.015096349
v 0.250419617 -0.058097295 0.017521873
v 0.264503121 -0.054365009 0.017184645
v 0.270952374 -0.049696378 0.018441470
v 0.275710166 -0.043419983 0.017240910
v 0.273867100 -0.014899422 0.033888210
v 0.253988653 0.000078386 0.025256868
v 0.243158594 -0.002250019 0.033669125
v 0.223544136 -0.035877883 0.033139847
v 0.243653208 -0.055416308 0.033611022
v 0.257554144 -0.055228230 0.033626389
v 0.277096182 -0.032548256 0.034857269
v 0.276233733 -0.021812288 0.034925248
v 0.265907258 -0.006739541 0.035064075
v 0.233388677 -0.007762139 0.035293926
v 0.223366603 -0.028772352 0.034925312
v 0.226993874 -0.042208083 0.034925278
v 0.234225288 -0.050499216 0.034977313
v 0.250251621 -0.055663906 0.034648940
v 0.273471832 -0.042302966 0.034820292
v 0.254228413 -0.002097039 0.035190679
v 0.225226685 -0.018637080 0.034979161
v 0.266249061 -0.050480861 0.035029005
v 0.270669729 -0.036285318 0.043510512
v 0.268411636 -0.017410321 0.043482650
v 0.252273023 -0.007041624 0.043510512
v 0.237431541 -0.012014093 0.043471575
v 0.229782835 -0.022495883 0.043482650
v 0.231375769 -0.038793012 0.043482650
v 0.241712734 -0.048036076 0.043469772
v 0.255819172 -0.049500048 0.043481264
v 0.250251621 -0.028721604 0.044459369
v 0.261326015 -0.033325102 0.045889381
v 0.259324104 -0.015200295 0.041463874
v 0.262827486 -0.018839339 0.041463874
v 0.260814697 -0.019220037 0.038063738
v 0.262564480 -0.023749905 0.044777084
v 0.263912231 -0.035949294 0.041463874
v 0.262564480 -0.033693325 0.038150664
v 0.259487361 -0.038223177 0.044864006
v 0.259487361 -0.038223170 0.038063738
v 0.259324104 -0.042242914 0.041463878
v 0.258957207 -0.020343117 0.045251422
v 0.256365955 -0.028721604 0.041463874
v 0.258576810 -0.024997482 0.037120767
v 0.258052021 -0.019611796 0.045889374
v 0.240706742 -0.014341939 0.041463878
v 0.244479299 -0.015739378 0.038063742
v 0.249328122 -0.015475057 0.044777080
v 0.254480362 -0.015706895 0.041463874
v 0.266425759 -0.022698559 0.041463871
v 0.257339001 -0.018960342 0.037120771
v 0.262142152 -0.022874042 0.044864006
v 0.261882246 -0.024905948 0.041463874
v 0.262142122 -0.022874041 0.038063742
v 0.244973361 -0.017853016 0.045251410
v 0.247836560 -0.020065678 0.038150672
v 0.245274529 -0.020650350 0.041463882
v 0.245705366 -0.020815330 0.045806978
v 0.234964222 -0.034327898 0.041463878
v 0.234951645 -0.026539406 0.041463874
v 0.237368032 -0.025506496 0.044777077
v 0.237368017 -0.025506515 0.038150672
v 0.249521449 -0.011477863 0.041463882
v 0.243998110 -0.018487941 0.037038375
v 0.247290790 -0.014825865 0.044864006
v 0.248364612 -0.015606070 0.038063738
v 0.249534041 -0.019266333 0.041463882
v 0.238283902 -0.030382948 0.037676334
v 0.237194881 -0.030979898 0.044864006
v 0.245705366 -0.036627866 0.045806978
v 0.249521434 -0.045965340 0.041463882
v 0.247290775 -0.042617332 0.044864010
v 0.243998110 -0.038955271 0.037038375
v 0.239180639 -0.036765136 0.041463874
v 0.237368032 -0.031936713 0.044777077
v 0.233626217 -0.024087435 0.041463878
v 0.236352235 -0.028463701 0.037676334
v 0.237194881 -0.026463319 0.044864010
v 0.238599464 -0.024972234 0.041463874
v 0.241273031 -0.029099546 0.038150668
v 0.249534041 -0.038176864 0.041463882
v 0.248364612 -0.041837133 0.038063738
v 0.257339031 -0.038482867 0.045806974
v 0.266425759 -0.034744650 0.041463871
v 0.262142122 -0.034569170 0.038063742
v 0.257339001 -0.038482875 0.037120771
v 0.254480362 -0.041736312 0.041463874
v 0.240706742 -0.043101270 0.041463874
v 0.244479284 -0.041703835 0.044864006
v 0.244479299 -0.041703835 0.038063742
v 0.245274529 -0.036792859 0.041463874
v 0.247836560 -0.037377533 0.044777077
v 0.247836560 -0.037377529 0.038150672
v 0.262142152 -0.034569170 0.044864006
v 0.261882246 -0.032537259 0.041463874
v -0.001329043 -0.002893235 0.039415408
v -0.115159936 0.175121710 0.118441723
v -0.121745504 0.171498433 0.116601974
v -0.004485290 -0.001870371 0.032424372
v -0.122825243 0.173094809 0.111450687
v 0.001329042 0.002893183 0.030584628
v -0.119419679 0.176561549 0.108875051
v -0.114934385 0.178431898 0.111450687
v 0.004485302 0.001870327 0.037575658
v -0.118339941 0.174965143 -0.003894977
v -0.105504856 0.174965143 0.003355690
v -0.111295424 0.186475530 0.004283415
v -0.123504609 0.187433764 0.004013174
v -0.131243646 0.178422660 0.004212086
v -0.129161224 0.167160943 0.003947164
v -0.120117106 0.161466077 0.004514934
v -0.111295432 0.163454771 0.004283411
v -0.094997175 0.172127411 0.015402516
v -0.097783171 0.183720797 0.013723009
v -0.107476778 0.194233775 0.012565584
v -0.124224655 0.195708692 0.012055654
v -0.135975823 0.188497677 0.013141444
v -0.139754891 0.177784488 0.012398736
v -0.135405272 0.161218464 0.012775735
v -0.123982124 0.153908268 0.012399445
v -0.110256121 0.154734060 0.012579235
v -0.097131424 0.191618934 0.020549238
v -0.107403859 0.200186983 0.021215864
v -0.121909879 0.202081174 0.020884475
v -0.134898186 0.196544319 0.020899750
v -0.143734321 0.185705110 0.021213152
v -0.145112664 0.171744436 0.020549271
v -0.140790105 0.167115316 0.015708584
v -0.131720394 0.151789472 0.019923396
v -0.114943825 0.147602990 0.021213159
v -0.102164388 0.153389633 0.020549277
v -0.100286454 0.161334515 0.014037400
v -0.083695352 0.170782834 0.029506015
v -0.085861675 0.188188657 0.029667856
v -0.094189733 0.200118810 0.030632226
v -0.105362453 0.207466528 0.029501393
v -0.122904547 0.209636375 0.029707607
v -0.135666594 0.204975814 0.029903833
v -0.146655798 0.195649341 0.029708920
v -0.152984530 0.179147452 0.029506007
v -0.151735663 0.165728718 0.030306395
v -0.148529947 0.157534957 0.030429164
v -0.142514437 0.150115564 0.030149678
v -0.132145375 0.142806724 0.029501388
v -0.114188373 0.140430719 0.029562926
v -0.096901268 0.147317588 0.029815037
v -0.088163219 0.157769307 0.030102758
v -0.076481484 0.173869967 0.045985352
v -0.083352678 0.189604387 0.037511002
v -0.102995291 0.209669933 0.037615303
v -0.117923081 0.216709420 0.045925234
v -0.128755242 0.215846896 0.046677586
v -0.148712799 0.203789115 0.045985375
v -0.153044701 0.190309837 0.037615284
v -0.160084218 0.175382063 0.045925215
v -0.132371604 0.139960244 0.036967132
v -0.108113788 0.134133652 0.046446141
v -0.088820040 0.145021617 0.046205774
v -0.077635884 0.164145142 0.046714682
v -0.077417754 0.185679913 0.046439268
v -0.081679009 0.196187884 0.046520349
v -0.088506959 0.204895511 0.046435867
v -0.096980087 0.211477995 0.046439268
v -0.107423492 0.215895087 0.046520360
v -0.139725640 0.211451903 0.046391185
v -0.155044600 0.196156636 0.046628971
v -0.159261987 0.185643137 0.046391185
v -0.157868072 0.158826634 0.046331614
v -0.148258850 0.144977033 0.046520319
v -0.139187858 0.138136223 0.046516951
v -0.128997833 0.133986592 0.046624389
v -0.118062690 0.132673830 0.046391219
v -0.096954182 0.138478413 0.046391204
v -0.081666000 0.153791443 0.046455622
v -0.072047971 0.174755529 0.064067073
v -0.118228063 0.221768767 0.067284882
v -0.151221544 0.207550272 0.064067043
v -0.164640799 0.175210267 0.064103350
v -0.158429354 0.151768923 0.063985154
v -0.106223501 0.129745871 0.067185849
v -0.085323893 0.141790897 0.067284860
v -0.073237300 0.186842963 0.066510297
v -0.078218356 0.198177993 0.063625768
v -0.088653862 0.210834548 0.063395321
v -0.106344998 0.219731003 0.063594088
v -0.130377620 0.219727546 0.063625783
v -0.142356738 0.215033308 0.067319624
v -0.158461541 0.198178008 0.063625768
v -0.163393274 0.187333494 0.067229949
v -0.163120136 0.162966326 0.063655004
v -0.151750788 0.142275110 0.066835701
v -0.141555026 0.134844780 0.063621715
v -0.130336478 0.130184442 0.063658968
v -0.118338168 0.128620192 0.063596644
v -0.094846465 0.134673864 0.066510268
v -0.078191124 0.151785210 0.063655019
v -0.073286608 0.162596822 0.067229964
v -0.095402136 0.214774430 0.080004476
v -0.072453745 0.174965143 0.080587633
v -0.078584239 0.197862715 0.080688208
v -0.085868225 0.207381472 0.080660947
v -0.106463730 0.219287813 0.080587700
v -0.130167723 0.219292551 0.080688141
v -0.150786370 0.207411602 0.080587670
v -0.158056021 0.197940692 0.080660142
v -0.164224371 0.174961463 0.080598660
v -0.162665531 0.163136080 0.080697060
v -0.158095643 0.152067572 0.080688186
v -0.141237512 0.135209426 0.080688164
v -0.129630595 0.132827938 0.096676692
v -0.118339948 0.129078954 0.080587663
v -0.078586303 0.152066842 0.080697089
v -0.076984309 0.186276987 0.098601557
v -0.096713565 0.211925656 0.098695636
v -0.118339941 0.217733726 0.098934621
v -0.139734566 0.212167233 0.098342858
v -0.159692258 0.186209351 0.098641105
v -0.148753881 0.144775078 0.098641068
v -0.107497104 0.133537948 0.098695613
v -0.097095773 0.137723610 0.098601557
v -0.088236153 0.144509569 0.098695613
v -0.076987624 0.163720965 0.098641120
v -0.075755313 0.174965143 0.099258281
v -0.081755310 0.196702838 0.099170148
v -0.088277258 0.205247253 0.098795123
v -0.106987290 0.216083020 0.098993272
v -0.129868150 0.215929300 0.099170156
v -0.148272783 0.205355778 0.098993242
v -0.155130178 0.196416751 0.099118657
v -0.160924584 0.174965143 0.099258244
v -0.159304112 0.163436949 0.099170148
v -0.155215874 0.153495684 0.098795094
v -0.139745787 0.138262108 0.099425547
v -0.118663676 0.132310033 0.098993279
v -0.081755310 0.153227463 0.099170141
v -0.085094839 0.179341957 0.114039078
v -0.091574654 0.195502907 0.114030831
v -0.106207408 0.206325218 0.114035703
v -0.128253013 0.207558900 0.114055753
v -0.145491302 0.194800913 0.114035703
v -0.151585057 0.179341882 0.114039078
v -0.149508789 0.162054569 0.114030831
v -0.134377614 0.144908279 0.114055753
v -0.113166988 0.141740263 0.114035703
v -0.097247563 0.148778036 0.114035703
v -0.086979873 0.162832573 0.114035703
v -0.118339941 0.174965143 0.115795165
v -0.104707226 0.166964680 0.116443366
v -0.102577776 0.190700009 0.115208320
v -0.102577776 0.196526945 0.111087725
v -0.098316252 0.190700009 0.112026341
v -0.098752663 0.182525590 0.115395360
v -0.096551068 0.174965143 0.112026341
v -0.098752663 0.182525560 0.108657330
v -0.101392880 0.160010144 0.115515739
v -0.098316252 0.159230277 0.112026341
v -0.101392880 0.160010144 0.108536959
v -0.102577776 0.152712673 0.112026341
v -0.106839299 0.159230277 0.112026341
v -0.104707234 0.166964710 0.107609324
v -0.106402896 0.182525590 0.115395360
v -0.108604483 0.174965143 0.112026341
v -0.106402896 0.182525560 0.108657330
v -0.106839299 0.190700009 0.112026341
v -0.105202287 0.189508811 0.116443373
v -0.133975655 0.196618810 0.112964965
v -0.127117038 0.198871136 0.112026341
v -0.119477555 0.195930079 0.115395352
v -0.111606814 0.195687592 0.112026341
v -0.119477533 0.195930064 0.108657338
v -0.097187534 0.189146459 0.112026341
v -0.099612311 0.184207603 0.115515739
v -0.092305817 0.183079451 0.112026341
v -0.098879986 0.186461419 0.108536951
v -0.099821307 0.181040555 0.112026341
v -0.108574703 0.185371950 0.107696325
v -0.121841565 0.188654244 0.115395367
v -0.115331523 0.184224099 0.112026341
v -0.129750803 0.190765232 0.112026341
v -0.128058374 0.193450287 0.108536951
v -0.129826456 0.190815270 0.116356365
v -0.144171476 0.166227281 0.112026341
v -0.140840724 0.172827542 0.115515739
v -0.143788174 0.174005002 0.112026341
v -0.137517095 0.179009110 0.107609317
v -0.135967508 0.187772319 0.112026341
v -0.125290722 0.199464545 0.112026341
v -0.129742503 0.192594752 0.108657330
v -0.121342875 0.195632294 0.115515739
v -0.118418112 0.201673776 0.111087725
v -0.118395433 0.194454819 0.112026341
v -0.123553321 0.188098058 0.108657330
v -0.132441089 0.175865084 0.115395360
v -0.126216099 0.180687502 0.112026341
v -0.136892885 0.168995276 0.112026341
v -0.138923526 0.171434596 0.108536951
v -0.137517124 0.170921221 0.116443366
v -0.121843077 0.152970597 0.115208320
v -0.118418105 0.148256525 0.111087725
v -0.125290722 0.150465742 0.112026341
v -0.129742503 0.157335550 0.115395360
v -0.135967508 0.162157968 0.112026341
v -0.129742503 0.157335535 0.108657330
v -0.143788174 0.175925285 0.112026341
v -0.137517110 0.170921206 0.107609324
v -0.138923541 0.178495705 0.115515731
v -0.144171476 0.183702990 0.112026341
v -0.138923526 0.178495705 0.108536959
v -0.136892885 0.180935010 0.112026341
v -0.123553321 0.161832228 0.115395360
v -0.126216099 0.169242784 0.112026341
v -0.123553321 0.161832243 0.108657330
v -0.118395433 0.155475467 0.112026341
v -0.120123245 0.160806000 0.116356365
v -0.092305817 0.166850835 0.112026341
v -0.097187534 0.160783827 0.112026341
v -0.098879978 0.163468882 0.108536951
v -0.105096757 0.158672839 0.115395360
v -0.111606814 0.154242694 0.112026341
v -0.127117038 0.151059151 0.112026341
v -0.119477518 0.154000238 0.108657330
v -0.127326056 0.154226199 0.115515739
v -0.134632513 0.153098047 0.112026341
v -0.129750803 0.159165055 0.112026341
v -0.128058374 0.156479999 0.108536951
v -0.115331523 0.165706187 0.112026341
v -0.108574688 0.164558351 0.107696325
v -0.099612303 0.165722698 0.115515739
v -0.099821307 0.168889731 0.112026341
v -0.081234001 0.170801476 0.079406470
v -0.081099950 0.173173323 0.072748646
v -0.079430036 0.172309667 0.077235810
v -0.079430029 0.170479670 0.073423691
v -0.082409278 0.170801461 0.071253031
v -0.083687380 0.169682607 0.076921992
v -0.082867362 0.172454953 0.078648500
v -0.084213242 0.172309667 0.073423691
v -0.081930973 0.193842381 0.057510212
v -0.083240308 0.196214244 0.056014597
v -0.080127016 0.195350587 0.055339556
v -0.081930973 0.195028782 0.049356792
v -0.080127016 0.193520576 0.051527448
v -0.084910221 0.193520576 0.055339552
v -0.083240308 0.192656919 0.050852410
v -0.084910221 0.195350587 0.051527448
v -0.092827290 0.205514207 0.049417894
v -0.094136618 0.207886085 0.047922283
v -0.092827290 0.206700623 0.041264482
v -0.091023326 0.207022429 0.047247238
v -0.091023326 0.205192402 0.043435134
v -0.094136626 0.204328746 0.042760100
v -0.095806532 0.205192402 0.047247238
v -0.095806532 0.207022414 0.043435138
v -0.106786065 0.211848259 0.043073557
v -0.103806816 0.212170064 0.040902898
v -0.105476730 0.213033721 0.036415756
v -0.103806816 0.210340038 0.037090797
v -0.105476730 0.209476382 0.041577939
v -0.108590037 0.210340038 0.040902898
v -0.106786065 0.210661843 0.034920137
v -0.108590037 0.212170064 0.037090797
v -0.121519916 0.212529138 0.074976802
v -0.119715951 0.214037329 0.072806142
v -0.121385865 0.214900985 0.068318978
v -0.119715944 0.212207332 0.068994023
v -0.123973295 0.211410269 0.072492324
v -0.122695193 0.212529123 0.066823363
v -0.123153277 0.214182615 0.074218832
v -0.124499157 0.214037329 0.068994023
v -0.139321566 0.202310488 0.035894584
v -0.140630916 0.204682365 0.034398962
v -0.137517616 0.203818694 0.033723962
v -0.139321551 0.203496903 0.027741168
v -0.137517616 0.201988697 0.029911797
v -0.142300814 0.201988697 0.033723958
v -0.140630916 0.201125026 0.029236780
v -0.142300814 0.203818694 0.029911809
v -0.152938932 0.192664579 0.070018910
v -0.151134983 0.194172770 0.067848288
v -0.152804881 0.195036426 0.063361093
v -0.151660845 0.191545710 0.064349942
v -0.155918181 0.192342773 0.067848273
v -0.154114217 0.192664564 0.061865482
v -0.154572308 0.194318056 0.069260947
v -0.155918181 0.194172770 0.064036123
v -0.155525774 0.172032133 0.041833144
v -0.156835124 0.174404010 0.040337533
v -0.155525774 0.173218548 0.033679731
v -0.153721824 0.173540354 0.039662514
v -0.153721824 0.171710327 0.035850361
v -0.156835124 0.170846671 0.035175350
v -0.158505023 0.171710327 0.039662506
v -0.158505023 0.173540339 0.035850365
v -0.151012242 0.161970288 0.036293179
v -0.152321577 0.164342150 0.034797564
v -0.151012242 0.163156688 0.028139748
v -0.149208292 0.163478494 0.034122545
v -0.149208292 0.161648482 0.030310377
v -0.152321577 0.160784826 0.029635359
v -0.153991491 0.161648497 0.034122542
v -0.153991491 0.163478494 0.030310387
v -0.137311161 0.140689895 0.072934084
v -0.138620511 0.143061757 0.071438462
v -0.135507211 0.142198101 0.070763454
v -0.137311161 0.141876310 0.064780660
v -0.135507211 0.140368104 0.066951290
v -0.140290409 0.140368104 0.070763446
v -0.138620511 0.139504433 0.066276275
v -0.140290409 0.142198101 0.066951297
v -0.126243025 0.135867879 0.047241852
v -0.127552375 0.138239741 0.045746237
v -0.124439068 0.137376085 0.045071214
v -0.126243025 0.137054294 0.039088432
v -0.124439068 0.135546088 0.041259069
v -0.129222274 0.135546088 0.045071222
v -0.127552375 0.134682417 0.040584046
v -0.129222274 0.137376085 0.041259065
v -0.107160002 0.137942463 0.047175605
v -0.108438104 0.139061317 0.041506652
v -0.105984718 0.137942463 0.039022177
v -0.104180761 0.138264254 0.045004953
v -0.105526634 0.136288971 0.046417635
v -0.104180761 0.136434257 0.041192833
v -0.107294060 0.135570586 0.040517796
v -0.108963966 0.136434257 0.045004949
v -0.089917578 0.146276474 0.070517443
v -0.089783512 0.148648351 0.063859642
v -0.088113606 0.147784680 0.068346784
v -0.088113606 0.145954683 0.064534672
v -0.091092847 0.146276489 0.062364016
v -0.092370950 0.145157620 0.068032973
v -0.091550939 0.147929966 0.069759473
v -0.092896804 0.147784680 0.064534679
v -0.082258269 0.157689720 0.058421943
v -0.080948934 0.158875182 0.051764131
v -0.079279020 0.158011511 0.056251287
v -0.079279020 0.156181514 0.052439176
v -0.080948934 0.155317843 0.056926325
v -0.082258269 0.156503305 0.050268516
v -0.084062234 0.156181514 0.056251291
v -0.084062234 0.158011511 0.052439176
vn 0.000000017 -0.000000007 1.000000000
vn -0.000002043 0.450434566 0.892809451
vn -0.000009648 0.914307833 0.405020088
vn 0.000004780 0.914311528 -0.405011714
vn 0.000000000 0.450433195 -0.892810166
vn 0.000000003 -0.000000007 -1.000000000
vn 0.318503916 0.318506688 0.892809570
vn 0.646506369 0.646520078 0.405020088
vn 0.646513939 0.646507204 -0.405028611
vn 0.318506271 0.318506181 -0.892808795
vn 0.450434536 0.000002026 0.892809570
vn 0.914307833 0.000009595 0.405020177
vn 0.914311528 -0.000004768 -0.405011684
vn 0.450433165 0.000000000 -0.892810166
vn 0.318506718 -0.318503827 0.892809510
vn 0.646520078 -0.646506429 0.405020177
vn 0.646507204 -0.646513939 -0.405028671
vn 0.318506241 -0.318506211 -0.892808914
vn 0.000002031 -0.450434536 0.892809570
vn 0.000009638 -0.914307833 0.405020237
vn -0.000004787 -0.914311528 -0.405011743
vn 0.000000005 -0.450433195 -0.892810166
vn -0.318503857 -0.318506718 0.892809451
vn -0.646506429 -0.646520078 0.405020207
vn -0.646513939 -0.646507204 -0.405028641
vn -0.318506211 -0.318506211 -0.892808795
vn -0.450434536 -0.000002026 0.892809570
vn -0.914307833 -0.000009595 0.405020177
vn -0.914311528 0.000004768 -0.405011684
vn -0.450433165 0.000000000 -0.892810166
vn -0.318506747 0.318503797 0.892809510
vn -0.646520078 0.646506429 0.405020177
vn -0.646507263 0.646513939 -0.405028671
vn -0.318506271 0.318506181 -0.892808795
vn 0.269719094 -0.893450975 0.359161586
vn -0.031345882 0.103833750 0.994100630
vn -0.446838349 -0.894371927 0.020843694
vn -0.747897983 0.102913484 0.655787706
vn -0.566027284 -0.499560595 -0.655783832
vn -0.867088974 0.497716993 -0.020847002
vn 0.031344485 -0.103829361 -0.994101107
vn -0.269719899 0.893453777 -0.359153926
vn 0.747899354 -0.102916814 -0.655785620
vn 0.446838439 0.894371808 -0.020847723
vn 0.867088377 -0.497718126 0.020843234
vn 0.566028059 0.499556273 0.655786335
vn 0.145597994 -0.454504371 0.878764510
vn 0.150188103 -0.463332921 0.873364866
vn 0.132703662 -0.411843956 0.901540041
vn 0.134430632 -0.415201157 0.899742424
vn 0.103992932 -0.315454900 0.943225145
vn 0.103992455 -0.315451980 0.943226218
vn 0.067273080 -0.192718983 0.978945255
vn 0.067272149 -0.192717910 0.978945494
vn 0.022513615 -0.043843258 0.998784721
vn 0.022515051 -0.043848552 0.998784423
vn -0.023393784 0.108075626 0.993867397
vn -0.023392949 0.108073436 0.993867636
vn -0.062409826 0.236572057 0.969607472
vn -0.062409181 0.236567616 0.969608605
vn -0.093365557 0.341706306 0.935157597
vn -0.096102744 0.347046942 0.932910860
vn -0.112896465 0.412702650 0.903842330
vn -0.118225910 0.422927618 0.898417950
vn -0.133259386 0.478623182 0.867848933
vn 0.344256759 0.599113703 0.722876310
vn -0.554650784 -0.791869998 0.255547255
vn -0.926589429 0.281390101 0.249503136
vn 0.148439452 -0.429312974 -0.890873790
vn 0.051464442 0.688254774 -0.723641336
vn 0.815553904 -0.389455557 0.428014249
vn -0.093827479 -0.458505750 0.883724451
vn -0.095921114 -0.466630638 0.879235387
vn -0.076792970 -0.421355367 0.903638482
vn -0.077578761 -0.424420625 0.902135730
vn -0.039528694 -0.339209765 0.939879835
vn -0.039531030 -0.339211494 0.939879239
vn 0.005523779 -0.236767381 0.971550643
vn 0.005522446 -0.236768141 0.971550524
vn 0.058176510 -0.112752743 0.991918504
vn 0.058174603 -0.112757325 0.991918087
vn 0.110500991 0.015227970 0.993759394
vn 0.110499948 0.015227831 0.993759453
vn 0.154126957 0.125871763 0.980000556
vn 0.154126555 0.125873685 0.980000436
vn 0.191842929 0.224821523 0.955327928
vn 0.189637765 0.221023977 0.956653535
vn 0.216967106 0.294781178 0.930607021
vn 0.212674499 0.287322402 0.933924735
vn 0.234446749 0.347207457 0.908009768
vn -0.935289741 -0.266580433 0.232740149
vn 0.170151412 0.744909644 0.645103157
vn -0.145713225 -0.390850365 -0.908847451
vn 0.450425625 0.798542082 -0.399308473
vn 0.383148938 -0.829239607 0.406888962
vn 0.388745964 -0.196192786 0.900213838
vn 0.394828737 -0.202506542 0.896159351
vn 0.361787200 -0.178135499 0.915083468
vn 0.364062220 -0.180470943 0.913722634
vn 0.301367611 -0.135580018 0.943819702
vn 0.301363140 -0.135578677 0.943821371
vn 0.228903189 -0.084344149 0.969788373
vn 0.228899851 -0.084344044 0.969789207
vn 0.142368644 -0.023992620 0.989522874
vn 0.142368272 -0.023993250 0.989522994
vn 0.053153791 0.037346676 0.997887671
vn 0.053150266 0.037346251 0.997887909
vn -0.025129370 0.090460271 0.995583057
vn -0.025133422 0.090459168 0.995583057
vn -0.093776472 0.137309223 0.986079216
vn -0.097718477 0.139118165 0.985442638
vn -0.141948789 0.170932531 0.975003898
vn -0.149898037 0.174526751 0.973175704
vn -0.190198362 0.202640429 0.960604727
vn -0.014898242 -0.991487265 -0.129348516
vn -0.752985656 -0.265915483 0.601914883
vn 0.633032024 0.126870394 -0.763658583
vn -0.618412435 0.302321494 -0.725374281
vn 0.777547836 -0.041734997 0.627437353
vn 0.012640106 0.930413187 0.366294384
vn 0.691402316 -0.688705564 0.218283057
vn 0.027365746 -0.027259080 0.999253750
vn 0.027405355 -0.995910406 -0.086089842
vn -0.636628687 -0.334455639 0.694869280
vn -0.331967831 -0.637927651 -0.694870949
vn -0.996009171 0.023514552 0.086097740
vn -0.027364710 0.027257677 -0.999253809
vn -0.691399097 0.688703060 -0.218301177
vn 0.636624813 0.334458828 -0.694871306
vn -0.027407171 0.995909572 0.086097963
vn 0.996009827 -0.023513382 -0.086090624
vn 0.331964105 0.637930691 0.694869936
vn 0.271399170 -0.343417645 0.899114430
vn 0.278007925 -0.352418065 0.893595636
vn 0.242894158 -0.318617612 0.916234314
vn 0.245369375 -0.321987748 0.914394796
vn 0.178160295 -0.258023977 0.949569643
vn 0.178161889 -0.258026242 0.949568748
vn 0.099484436 -0.182088539 0.978236496
vn 0.099486612 -0.182088688 0.978236198
vn 0.006036988 -0.090501532 0.995878041
vn 0.006038185 -0.090501867 0.995877981
vn -0.088557594 0.003708682 0.996064186
vn -0.088558041 0.003708510 0.996064186
vn -0.169196919 0.085235275 0.981889725
vn -0.169197679 0.085237563 0.981889367
vn -0.236411124 0.155341417 0.959155321
vn -0.240594983 0.158417091 0.957610667
vn -0.281670123 0.204712659 0.937419176
vn -0.289884329 0.210755721 0.933568001
vn -0.326185077 0.251140833 0.911335051
vn 0.049325224 -0.843033671 0.535594285
vn -0.346605837 0.302636892 0.887848794
vn 0.173465386 -0.474480569 -0.863005280
vn -0.922016323 -0.065369934 -0.381592244
vn 0.975767851 0.151104897 0.158254668
vn 0.105581351 0.954752862 -0.278028190
vn 0.062710084 -0.559102356 0.826723754
vn 0.060832068 -0.575173616 0.815766394
vn 0.055218432 -0.515509069 0.855103076
vn 0.054545354 -0.521709085 0.851378024
vn 0.041232288 -0.399357378 0.915867686
vn 0.041232519 -0.399356902 0.915867865
vn 0.023484655 -0.235689521 0.971544683
vn 0.023484986 -0.235690087 0.971544504
vn 0.001113422 -0.028613195 0.999589920
vn 0.001113658 -0.028611990 0.999589980
vn -0.021802161 0.184336334 0.982621372
vn -0.021801714 0.184336349 0.982621431
vn -0.040398221 0.357805938 0.932921708
vn -0.040398508 0.357809335 0.932920456
vn -0.054226626 0.487246454 0.871579230
vn -0.053637303 0.493368596 0.868165016
vn -0.061931927 0.571814656 0.818041801
vn -0.060721960 0.582883596 0.810283601
vn -0.066880047 0.639224648 0.766106367
vn -0.193135127 -0.692750692 0.694834709
vn -0.117071971 0.418771297 0.900513709
vn -0.490347505 -0.514765978 -0.703260481
vn -0.741448820 0.545076132 -0.391338348
vn 0.846399724 -0.422577769 -0.324091911
vn 0.719156504 0.669964731 -0.184285834
vn 0.386219770 -0.094369419 0.917566776
vn 0.394887537 -0.096603878 0.913636506
vn 0.352928638 -0.092901550 0.931026757
vn 0.356151015 -0.093732059 0.929715514
vn 0.277468532 -0.087215357 0.956767857
vn 0.277467757 -0.087215066 0.956768095
vn 0.187229156 -0.079211637 0.979117393
vn 0.187231168 -0.079211511 0.979117036
vn 0.080451533 -0.069057263 0.994363487
vn 0.080451831 -0.069057055 0.994363427
vn -0.028552074 -0.057958037 0.997910678
vn -0.028550096 -0.057957649 0.997910798
vn -0.123277649 -0.047715977 0.991224468
vn -0.123271734 -0.047716081 0.991225123
vn -0.205953225 -0.037621103 0.977838457
vn -0.210276261 -0.037809722 0.976910591
vn -0.264036894 -0.029362783 0.964065552
vn -0.272694737 -0.029727135 0.961641312
vn -0.321047038 -0.022449702 0.946797132
vn 0.512733161 -0.836225629 0.194503501
vn -0.744888902 0.079575948 0.662425995
vn 0.432720989 0.055219814 -0.899835169
vn -0.906147718 0.096458286 -0.411815584
vn 0.690709174 0.579643965 0.432358414
vn 0.961948574 0.135878965 0.237048313
vn 0.019174496 0.002712867 0.999812424
vn 0.812650621 -0.578265309 -0.072167620
vn -0.130112424 -0.711439729 0.690597057
vn 0.322096646 -0.647555172 -0.690598309
vn -0.620680690 -0.780735552 0.072162919
vn -0.019172763 -0.002709858 -0.999812543
vn -0.961948752 -0.135881051 -0.237046584
vn 0.130112112 0.711443722 -0.690593064
vn -0.812653303 0.578261673 0.072167955
vn 0.620683491 0.780733347 -0.072161794
vn -0.322095752 0.647557616 0.690596461
vn 0.318734884 0.066198029 0.945529461
vn 0.329806030 0.065763727 0.941755295
vn 0.281141877 0.059708282 0.957807004
vn 0.285251170 0.059560891 0.956600428
vn 0.193983793 0.047136549 0.979871690
vn 0.193985403 0.047136951 0.979871392
vn 0.088574938 0.032562200 0.995537162
vn 0.088575751 0.032562181 0.995537102
vn -0.035510372 0.015109105 0.999255121
vn -0.035507951 0.015109604 0.999255180
vn -0.160337955 -0.002769630 0.987058342
vn -0.160340682 -0.002769736 0.987057924
vn -0.266523689 -0.018240709 0.963655770
vn -0.266522110 -0.018240483 0.963656187
vn -0.360863537 -0.032202963 0.932062507
vn -0.357007802 -0.032291353 0.933543086
vn -0.426849455 -0.042744990 0.903311849
vn -0.419299662 -0.042944025 0.906831622
vn -0.475871414 -0.051436789 0.878009498
vn 0.697942615 -0.472470433 0.538189411
vn -0.728367031 -0.427251130 0.535665870
vn 0.479652286 -0.151054874 -0.864358902
vn 0.465446115 0.870425344 0.160373986
vn -0.923331738 0.188685045 -0.334449440
vn 0.495018542 -0.278051287 0.823191524
vn 0.506067216 -0.288775146 0.812714636
vn 0.457190841 -0.257869065 0.851163924
vn 0.461475849 -0.261948496 0.847598433
vn 0.361191660 -0.200805724 0.910613894
vn 0.361188829 -0.200803116 0.910615623
vn 0.229262874 -0.120840907 0.965834379
vn 0.229264304 -0.120840691 0.965834141
vn 0.062866427 -0.020626700 0.997808814
vn 0.062871605 -0.020630913 0.997808337
vn -0.109495372 0.082491532 0.990558326
vn -0.109499499 0.082491346 0.990557969
vn -0.252561450 0.167542964 0.952964962
vn -0.252565235 0.167545453 0.952963531
vn -0.368545741 0.236096665 0.899128675
vn -0.364000857 0.232057810 0.902026951
vn -0.445119619 0.279733032 0.850657403
vn -0.436766058 0.272189051 0.857408047
vn -0.497911751 0.308231801 0.810602903
vn 0.042540926 -0.990687370 -0.129340202
vn -0.736319065 -0.309078425 0.601917624
vn 0.624622762 0.163316220 -0.763658404
vn -0.634882569 0.265999228 -0.725374758
vn 0.778661549 0.003358868 0.627435327
vn -0.041264351 0.929582775 0.366296470
vn 0.369373083 0.303224832 0.878418028
vn 0.380947024 0.312233865 0.870281219
vn 0.342752397 0.269047171 0.900074720
vn 0.347147435 0.272467405 0.897357345
vn 0.272307694 0.187038958 0.943856418
vn 0.272311598 0.187041461 0.943854868
vn 0.177495643 0.081253991 0.980761528
vn 0.177494913 0.081254341 0.980761588
vn 0.059884530 -0.046693355 0.997112632
vn 0.059889842 -0.046688620 0.997112513
vn -0.061790578 -0.175558358 0.982527971
vn -0.061786026 -0.175557047 0.982528448
vn -0.164501235 -0.281570733 0.945334494
vn -0.164496660 -0.281568140 0.945336044
vn -0.251132756 -0.368868053 0.894912660
vn -0.246606871 -0.365785897 0.897432864
vn -0.308781773 -0.427175701 0.849808753
vn -0.300147146 -0.421510339 0.855710566
vn -0.348626316 -0.468402743 0.811824322
vn 0.966443896 0.244788900 -0.077875651
vn -0.722692609 0.047193833 0.689556539
vn 0.233862802 -0.920815587 0.312100977
vn 0.164755866 0.970454156 -0.176279366
vn -0.613399863 -0.347352535 -0.709286213
vn 0.453935444 0.862472415 0.223794863
vn 0.015360265 0.029185221 0.999455988
vn 0.943880081 0.319942117 -0.082020819
vn 0.505309641 -0.513345420 0.693641663
vn 0.709232807 -0.125901774 -0.693640828
vn 0.270655841 -0.959175766 0.082021035
vn -0.015360747 -0.029184762 -0.999455988
vn -0.453935146 -0.862472236 -0.223795682
vn -0.505308151 0.513344467 -0.693643391
vn -0.943879962 -0.319942892 0.082020231
vn -0.270656317 0.959175587 -0.082021371
vn -0.709234178 0.125901997 0.693639338
vn 0.127278402 0.230119199 0.964803278
vn 0.132606968 0.237163633 0.962376654
vn 0.112618215 0.199825838 0.973338008
vn 0.114582911 0.202427059 0.972570837
vn 0.078169584 0.133001029 0.988028467
vn 0.078170054 0.133002639 0.988028228
vn 0.037157357 0.054924734 0.997798860
vn 0.037156530 0.054924320 0.997798979
vn -0.010677032 -0.035983019 0.999295354
vn -0.010677105 -0.035983019 0.999295413
vn -0.058814730 -0.127299905 0.990119040
vn -0.058815032 -0.127299860 0.990118980
vn -0.100247741 -0.205759019 0.973454535
vn -0.100245103 -0.205756962 0.973455191
vn -0.136353835 -0.274023682 0.952007651
vn -0.138408571 -0.276731342 0.950927436
vn -0.162857726 -0.322929323 0.932305694
vn -0.166975349 -0.328307390 0.929695308
vn -0.187333032 -0.366793543 0.911245763
vn 0.332032531 0.567550659 0.753419220
vn -0.799474478 -0.135211796 0.585284889
vn 0.849061906 0.118670061 -0.514792562
vn 0.443011314 -0.826055467 0.348386705
vn -0.424253494 0.806429207 -0.411923409
vn -0.392308623 -0.534077168 -0.748902857
vn 0.496174932 0.173262119 0.850758910
vn 0.509478033 0.176388517 0.842210948
vn 0.459846765 0.154144704 0.874517262
vn 0.464902610 0.155348346 0.871626377
vn 0.367373914 0.110728472 0.923458517
vn 0.367374510 0.110729098 0.923458219
vn 0.245007440 0.055799842 0.967914104
vn 0.245003179 0.055799562 0.967915297
vn 0.093719490 -0.010708580 0.995541036
vn 0.093721122 -0.010708078 0.995540917
vn -0.062983975 -0.078100719 0.994953871
vn -0.062979735 -0.078100726 0.994954169
vn -0.196098417 -0.134165585 0.971362472
vn -0.196100324 -0.134167045 0.971361876
vn -0.304432511 -0.177706882 0.935810447
vn -0.309846789 -0.181159839 0.933368206
vn -0.377415299 -0.204951063 0.903079569
vn -0.387734771 -0.211557418 0.897165120
vn -0.444549173 -0.232046396 0.865176558
vn 0.834129751 -0.342219323 0.432566196
vn -0.280218661 -0.445894331 0.850091636
vn 0.434168488 0.080235183 -0.897251487
vn -0.399023086 -0.727337122 -0.558355868
vn 0.242322698 0.950295985 0.195492446
vn -0.853338301 0.516166687 -0.073388480
vn -0.117436521 0.387250096 0.914464891
vn -0.119784072 0.393653333 0.911421299
vn -0.110833839 0.351147383 0.929737210
vn -0.111707263 0.353536159 0.928726971
vn -0.096705899 0.273711056 0.956937969
vn -0.096704751 0.273708165 0.956938982
vn -0.079374187 0.180965632 0.980281234
vn -0.079373389 0.180966169 0.980281174
vn -0.058289539 0.071034782 0.995769262
vn -0.058289222 0.071030997 0.995769620
vn -0.036187325 -0.041177336 0.998496354
vn -0.036187280 -0.041177392 0.998496294
vn -0.016555006 -0.138455242 0.990230322
vn -0.016554371 -0.138451666 0.990230799
vn 0.000909771 -0.223168924 0.974779367
vn 0.001085266 -0.227039665 0.973884881
vn 0.013139687 -0.284386873 0.958619595
vn 0.013492974 -0.292100787 0.956292331
vn 0.023709463 -0.339802802 0.940197825
vn 0.226080388 0.947868109 0.224574849
vn 0.006376707 -0.437521547 0.899185419
vn -0.551967621 0.680455565 -0.481987506
vn 0.883006990 -0.429909736 -0.188352004
vn -0.551148176 -0.735617220 -0.393831253
vn 0.045396131 0.977917790 0.203999951
vn 0.002467710 0.053168628 0.998582482
vn 0.718934715 0.688325346 -0.096649483
vn 0.676015735 -0.236412525 0.697933972
vn 0.695004880 0.172779098 -0.697936654
vn 0.652075291 -0.751968563 0.096649095
vn -0.002471626 -0.053172074 -0.998582304
vn -0.045393571 -0.977918446 -0.203997731
vn -0.676012456 0.236418322 -0.697935224
vn -0.718938410 -0.688322246 0.096643828
vn -0.652078927 0.751965523 -0.096648514
vn -0.695001245 -0.172779530 0.697940171
vn 0.103511520 0.370525688 0.923036397
vn 0.102139071 0.378779560 0.919833481
vn 0.103211306 0.329185903 0.938607574
vn 0.102722913 0.332271457 0.937573254
vn 0.101571187 0.239393562 0.965595186
vn 0.101571172 0.239390016 0.965596080
vn 0.098474227 0.130359516 0.986564338
vn 0.098474212 0.130358726 0.986564457
vn 0.093325660 0.001147853 0.995634973
vn 0.093325950 0.001147636 0.995635033
vn 0.086526513 -0.129496172 0.987797558
vn 0.086527012 -0.129496783 0.987797320
vn 0.079434633 -0.240894556 0.967295110
vn 0.079434797 -0.240898386 0.967294216
vn 0.072450444 -0.335063756 0.939405739
vn 0.071393669 -0.339270413 0.937975705
vn 0.066210382 -0.401630878 0.913405180
vn 0.064039402 -0.409844548 0.909904599
vn 0.059494637 -0.460434586 0.885697722
vn 0.060103279 0.654633224 0.753553569
vn 0.718799293 0.467314661 -0.514727771
vn 0.620643198 -0.521665335 0.585377932
vn -0.726207912 0.550394118 -0.411932409
vn 0.067262806 -0.658952355 -0.749171197
vn -0.800722420 -0.487560540 0.348034948
vn 0.369570106 0.323183209 0.871189177
vn 0.381297916 0.332712561 0.862504661
vn 0.343547791 0.287852794 0.893932700
vn 0.348010868 0.291482657 0.891025424
vn 0.273521155 0.202087179 0.940397263
vn 0.273523003 0.202088475 0.940396428
vn 0.177901000 0.090013050 0.979922891
vn 0.177900627 0.090012379 0.979923069
vn 0.058539402 -0.046283949 0.997211576
vn 0.058537360 -0.046284165 0.997211695
vn -0.065130822 -0.183642507 0.980832994
vn -0.065132916 -0.183642313 0.980832994
vn -0.169062272 -0.296041310 0.940094411
vn -0.169062436 -0.296043128 0.940093756
vn -0.255684525 -0.387426436 0.885734797
vn -0.251074404 -0.384158283 0.888472855
vn -0.312759519 -0.447888523 0.837602198
vn -0.304023832 -0.441931754 0.843958557
vn -0.351705760 -0.490139097 0.797538042
vn 0.645103574 0.323269755 0.692342401
vn 0.181720123 -0.796757042 0.576329827
vn 0.715250432 -0.013889868 -0.698730230
vn -0.247054711 0.914150059 -0.321393549
vn -0.439288676 -0.521105587 -0.731761158
vn -0.904770851 0.122412048 0.407927722
vn -0.273931444 0.397804767 0.875621438
vn -0.279857308 0.410154015 0.868017018
vn -0.247452006 0.365892529 0.897156656
vn -0.249713302 0.370558292 0.894611537
vn -0.185474902 0.284689695 0.940505624
vn -0.185476646 0.284692824 0.940504313
vn -0.106482573 0.178457275 0.978169024
vn -0.106480427 0.178457141 0.978169143
vn -0.010482222 0.048491124 0.998768687
vn -0.010477431 0.048486546 0.998768926
vn 0.087485120 -0.085071266 0.992526770
vn 0.087485045 -0.085071683 0.992526650
vn 0.169817910 -0.198071375 0.965364993
vn 0.169819862 -0.198073849 0.965364158
vn 0.239813417 -0.294731289 0.924998999
vn 0.237561733 -0.290024400 0.927065432
vn 0.287948787 -0.359973907 0.887414336
vn 0.283723861 -0.350940287 0.892379761
vn 0.323091060 -0.406029850 0.854840398
vn 0.344294816 0.929908693 -0.129348025
vn 0.798562109 -0.000079759 0.601912498
vn -0.639143109 0.091229945 -0.763657749
vn 0.482399195 -0.491045743 -0.725372434
vn -0.719243586 0.298350126 0.627435923
vn -0.321819663 -0.873074472 0.366296321
vn -0.620693564 0.717859566 0.315305024
vn 0.040582929 -0.046932098 0.998073339
vn 0.043443352 0.998970866 -0.013035007
vn 0.704717934 0.234182581 0.669724703
vn 0.333497286 0.663510501 -0.669726372
vn 0.994771600 -0.101290144 0.013034841
vn -0.040579248 0.046936065 -0.998073280
vn 0.620688617 -0.717863619 -0.315305471
vn -0.704715788 -0.234185562 -0.669725955
vn -0.043443810 -0.998970747 0.013040867
vn -0.994771421 0.101290971 -0.013039900
vn -0.333498269 -0.663505912 0.669730425
vn -0.330469310 0.246183082 0.911144316
vn -0.334487587 0.253555119 0.907649636
vn -0.309790730 0.221940055 0.924538970
vn -0.311298370 0.224662870 0.923374295
vn -0.264266998 0.166367829 0.949991941
vn -0.264267296 0.166365921 0.949992180
vn -0.210118175 0.100440279 0.972503066
vn -0.210118160 0.100440271 0.972503066
vn -0.145411894 0.023169843 0.989099860
vn -0.145413548 0.023172604 0.989099562
vn -0.078607351 -0.055014383 0.995386541
vn -0.078608826 -0.055013914 0.995386481
vn -0.019707140 -0.122676127 0.992251098
vn -0.019709907 -0.122673817 0.992251277
vn 0.035423476 -0.184330866 0.982225776
vn 0.033366721 -0.182646140 0.982612371
vn 0.076750778 -0.229123592 0.970366836
vn 0.072587669 -0.225764930 0.971473813
vn 0.107146792 -0.262668967 0.958918512
vn 0.277022004 0.954502702 -0.110378809
vn 0.950289309 -0.273550272 0.148729488
vn -0.657268882 0.055811238 -0.751586854
vn -0.723513901 0.221657857 0.653754950
vn 0.143611386 -0.988352120 0.050358187
vn -0.019648878 0.417068154 0.908662796
vn -0.017966306 0.428148776 0.903529763
vn -0.016971692 0.379507333 0.925033152
vn -0.016357688 0.383654386 0.923331916
vn -0.013446324 0.291198313 0.956568241
vn -0.013446139 0.291201234 0.956567347
vn -0.009965773 0.182277337 0.983196676
vn -0.009965442 0.182277247 0.983196676
vn -0.005737934 0.052055955 0.998627663
vn -0.005738059 0.052060742 0.998627484
vn -0.001349255 -0.080928504 0.996718943
vn -0.001348973 -0.080928184 0.996719003
vn 0.002476835 -0.195122227 0.980775893
vn 0.002477315 -0.195125386 0.980775177
vn 0.005939831 -0.297060609 0.954840183
vn 0.006496400 -0.292903602 0.956119955
vn 0.009080571 -0.368676066 0.929513574
vn 0.010206579 -0.360512108 0.932698667
vn 0.012254149 -0.422025144 0.906501412
vn 0.547025442 0.658483803 0.516877532
vn 0.150344297 -0.746938109 0.647672832
vn 0.205380097 0.428809375 -0.879739463
vn -0.083779886 -0.913799047 -0.397432148
vn -0.815417111 0.561571836 0.140471324
vn -0.546008825 0.080030724 0.833948195
vn -0.558819890 0.085433811 0.824876606
vn -0.505578399 0.074505113 0.859557688
vn -0.510477901 0.076525323 0.856478930
vn -0.404396951 0.056452226 0.912839770
vn -0.404396355 0.056453031 0.912839890
vn -0.270049155 0.031420335 0.962333679
vn -0.270047873 0.031420648 0.962334096
vn -0.103154629 0.000844148 0.994664967
vn -0.103159912 0.000844294 0.994664431
vn 0.069978513 -0.030322075 0.997087538
vn 0.069973566 -0.030322183 0.997087896
vn 0.216696605 -0.056298103 0.974614322
vn 0.216693029 -0.056297537 0.974615157
vn 0.341129392 -0.077993795 0.936775208
vn 0.335873693 -0.076068260 0.938830376
vn 0.425543904 -0.091497913 0.900300205
vn 0.415557593 -0.087786093 0.905320764
vn 0.485557437 -0.099861212 0.868482471
vn -0.437914371 0.887974560 0.140471265
vn 0.717378795 -0.256631404 0.647694409
vn -0.453977883 -0.141290650 -0.879739165
vn 0.916337192 -0.049125116 -0.397382766
vn -0.730584264 -0.446188837 0.516877413
vn -0.914441705 -0.123795874 0.385319293
vn 0.135198489 0.018306000 0.990649402
vn -0.811693370 0.582619607 0.041331392
vn 0.237955526 0.724718034 0.646653652
vn -0.422073662 0.635365188 -0.646656811
vn 0.627569616 0.777462661 -0.041329894
vn -0.135202974 -0.018305669 -0.990648806
vn 0.914442182 0.123795211 -0.385318607
vn -0.237946421 -0.724719763 -0.646655023
vn 0.811689079 -0.582625389 -0.041333396
vn -0.627569258 -0.777463138 0.041327737
vn 0.422075748 -0.635361731 0.646658778
vn -0.277467787 -0.062257078 0.958715677
vn -0.285728335 -0.061946616 0.956306398
vn -0.245676130 -0.057156235 0.967665434
vn -0.248724297 -0.057049401 0.966892779
vn -0.174738094 -0.047434643 0.983471692
vn -0.174737811 -0.047434200 0.983471751
vn -0.091714226 -0.036476675 0.995117128
vn -0.091714375 -0.036476679 0.995117068
vn 0.005074132 -0.023485057 0.999711394
vn 0.005073457 -0.023485191 0.999711335
vn 0.102616340 -0.010158208 0.994669199
vn 0.102616891 -0.010158272 0.994669139
vn 0.186872438 0.001545275 0.982382953
vn 0.186878726 0.001545546 0.982381761
vn 0.260812014 0.011967489 0.965315402
vn 0.264078975 0.011905203 0.964427650
vn 0.314447552 0.019114606 0.949082375
vn 0.320981473 0.018982366 0.946895301
vn 0.363217354 0.025117312 0.931365788
vn -0.690410793 0.690646529 0.215268061
vn 0.413147748 0.462933898 0.784220099
vn -0.442363173 -0.159142867 -0.882603168
vn 0.571766138 0.543185890 -0.614843607
vn -0.523686945 -0.721281350 0.453326911
vn 0.664844513 -0.746655643 0.022071216
vn -0.355434358 0.238109976 0.903863966
vn -0.362721980 0.244421005 0.899272501
vn -0.325090110 0.221613169 0.919349730
vn -0.327816010 0.223961607 0.917811453
vn -0.256442785 0.181509182 0.949363768
vn -0.256443948 0.181510285 0.949363232
vn -0.173691317 0.132015899 0.975911498
vn -0.173691213 0.132015780 0.975911558
vn -0.075234249 0.072773926 0.994506776
vn -0.075234935 0.072773941 0.994506776
vn 0.025509223 0.011776653 0.999605298
vn 0.025508789 0.011776487 0.999605298
vn 0.112889841 -0.041436702 0.992743134
vn 0.112891085 -0.041438065 0.992742896
vn 0.192540750 -0.090199843 0.977134645
vn 0.189727947 -0.087774850 0.977905393
vn 0.249747351 -0.124704674 0.960247397
vn 0.244152650 -0.119842693 0.962303102
vn 0.293572038 -0.150409698 0.944029808
vn -0.120375186 0.964786232 0.233874589
vn 0.874871552 -0.052473336 0.481504291
vn -0.368528038 0.206980661 -0.906281471
vn -0.879947782 -0.245280385 0.406853080
vn 0.544906974 -0.807380259 -0.226303741
vn -0.434128761 -0.365424305 0.823405921
vn -0.439716727 -0.375936061 0.815672338
vn -0.403597772 -0.329097778 0.853699863
vn -0.405811876 -0.333122313 0.851085305
vn -0.329507202 -0.243797019 0.912133813
vn -0.329503804 -0.243794709 0.912135601
vn -0.226169065 -0.128060654 0.965633512
vn -0.226166561 -0.128061295 0.965634048
vn -0.094131298 0.015359862 0.995441318
vn -0.094133243 0.015354889 0.995441258
vn 0.044430807 0.161146358 0.985929906
vn 0.044430956 0.161146000 0.985930026
vn 0.160803333 0.279943794 0.946453333
vn 0.160805032 0.279946238 0.946452320
vn 0.254997998 0.374843687 0.891329527
vn 0.252143890 0.370691478 0.893874347
vn 0.317888916 0.438439965 0.840664625
vn 0.312641561 0.430808038 0.846557558
vn 0.359830230 0.478112698 0.801205635
vn -0.976003647 0.096624427 0.195142671
vn 0.013487549 0.601584315 0.798695445
vn -0.224981874 -0.381369591 -0.896627247
vn 0.117882088 0.796896100 -0.592503488
vn 0.034497067 -0.901235044 0.431955367
vn 0.986051857 -0.161406204 0.040617235
vn -0.549146295 -0.821434438 0.153895527
vn -0.057799477 -0.086451292 0.994578063
vn -0.967913449 -0.213064507 -0.133218080
vn -0.476552814 0.521915376 0.707461536
vn -0.664439917 0.240881085 -0.707457364
vn -0.173089191 0.975854993 0.133218363
vn 0.057794008 0.086454682 -0.994578063
vn 0.549151003 0.821430862 -0.153897777
vn 0.476559788 -0.521912873 -0.707458615
vn 0.967912018 0.213067889 0.133223459
vn 0.173086137 -0.975854933 -0.133223265
vn 0.664440155 -0.240886003 0.707455456
vn -0.243162408 -0.373945743 0.895006597
vn -0.250509709 -0.381464452 0.889791965
vn -0.224139661 -0.343066365 0.912177026
vn -0.226876870 -0.345889509 0.910432577
vn -0.177620739 -0.272464991 0.945628762
vn -0.177623674 -0.272468030 0.945627332
vn -0.119925782 -0.186373144 0.975132167
vn -0.119925708 -0.186373338 0.975132227
vn -0.050954454 -0.083347827 0.995217025
vn -0.050954681 -0.083347775 0.995216966
vn 0.019565901 0.022107380 0.999564171
vn 0.019565793 0.022107737 0.999564171
vn 0.080471627 0.113278471 0.990299106
vn 0.080470458 0.113277100 0.990299404
vn 0.132733911 0.191580340 0.972460210
vn 0.135666758 0.194720969 0.971431136
vn 0.170693129 0.247268945 0.953793466
vn 0.176509708 0.253458232 0.951106310
vn 0.205217242 0.296655923 0.932674289
vn 0.225366339 0.394040197 0.891034484
vn -0.528586388 -0.574264348 -0.625153542
vn -0.247901604 0.890639544 -0.381190240
vn -0.400819063 -0.812320352 0.423650742
vn 0.957617819 0.077441700 -0.277436316
vn -0.612456322 -0.148015663 0.776523411
vn -0.627436042 -0.149643615 0.764153659
vn -0.574090242 -0.131335571 0.808190167
vn -0.579904139 -0.131998330 0.803920150
vn -0.469410777 -0.093180262 0.878049612
vn -0.469412804 -0.093179233 0.878048599
vn -0.318895966 -0.042234175 0.946848273
vn -0.318900496 -0.042234432 0.946846783
vn -0.124523759 0.020929188 0.991995931
vn -0.124521777 0.020929592 0.991996109
vn 0.079761773 0.084533185 0.993223131
vn 0.079760209 0.084533229 0.993223310
vn 0.249748185 0.135327503 0.958807826
vn 0.249746248 0.135328278 0.958808243
vn 0.379135251 0.172576517 0.909106076
vn 0.385543793 0.173110887 0.906304955
vn 0.465305835 0.195269912 0.863342345
vn 0.477086842 0.196053267 0.856709659
vn 0.535212219 0.211962745 0.817691684
vn -0.762063861 0.633804083 -0.132480517
vn 0.618570149 0.621051967 0.481316358
vn -0.286417305 -0.573415101 -0.767567694
vn -0.513004720 -0.584565401 0.628577292
vn 0.965999067 -0.125163376 -0.226230085
vn 0.013700635 -0.468170643 0.883531868
vn 0.016075941 -0.476057112 0.879267454
vn 0.009247550 -0.428323299 0.903578162
vn 0.010123644 -0.431298196 0.902152658
vn 0.000053072 -0.340500981 0.940244198
vn 0.000053589 -0.340502828 0.940243483
vn -0.010908690 -0.231731459 0.972718656
vn -0.010908421 -0.231730148 0.972718954
vn -0.023550233 -0.100674212 0.994640708
vn -0.023550408 -0.100673765 0.994640708
vn -0.035946034 0.034109708 0.998771429
vn -0.035946410 0.034109883 0.998771429
vn -0.046159856 0.150454268 0.987538755
vn -0.046159942 0.150457069 0.987538278
vn -0.053599644 0.249438390 0.966906190
vn -0.054908399 0.254608423 0.965484202
vn -0.057385772 0.317888170 0.946389973
vn -0.059973370 0.328059822 0.942751288
vn -0.062636890 0.383680820 0.921339035
vn -0.762265146 -0.597744882 -0.248300225
vn -0.477668852 0.734794974 0.481569111
vn 0.549627304 -0.401104391 -0.732819974
vn 0.360134393 -0.637961328 0.680667758
vn 0.325078636 0.918262541 -0.226092517
vn -0.602933586 -0.092170306 0.792449176
vn 0.603043139 0.092187248 0.792363942
vn -0.706654489 0.586194813 0.396251231
vn 0.499309838 0.770549953 0.396159887
vn -0.706716537 0.586184204 -0.396156430
vn 0.499261290 0.770534992 -0.396249980
vn -0.603041112 -0.092181176 -0.792366087
vn 0.602934837 0.092162259 -0.792449176
vn -0.499320447 -0.770541966 -0.396161884
vn 0.706658304 -0.586194873 -0.396244407
vn -0.499257326 -0.770539522 0.396245956
vn 0.706717193 -0.586178899 0.396162987
vn 0.005107554 -0.008044208 0.999954641
vn -0.554163694 -0.129374593 0.822292328
vn -0.252166688 -0.568647683 0.782976329
vn 0.226231501 -0.511408389 0.829024017
vn 0.381811649 0.398224831 0.834048450
vn -0.297098219 0.443443179 0.845630467
vn -0.691738784 -0.151307642 0.706118643
vn -0.474685341 -0.548838079 0.688077509
vn 0.094088078 -0.711840689 0.696010292
vn 0.479908258 -0.524678409 0.703136265
vn 0.643332303 -0.111663669 0.757399976
vn 0.632739842 0.339869171 0.695793927
vn 0.257190555 0.645609975 0.719055533
vn -0.083855256 0.695548952 0.713568449
vn -0.453849435 0.559246242 0.693732202
vn -0.650659382 0.270693272 0.709484041
vn -0.565483272 -0.593083024 0.573132813
vn 0.716117501 -0.181068256 0.674084544
vn -0.773003280 -0.291649461 0.563388407
vn -0.298890799 -0.769344270 0.564600527
vn -0.021411566 -0.825834632 0.563505888
vn 0.329297543 -0.756884813 0.564525008
vn 0.652070522 -0.499707222 0.570172668
vn 0.809674919 -0.093573272 0.579370856
vn 0.759443223 0.317688823 0.567732155
vn 0.500510395 0.661056399 0.559011459
vn 0.103125185 0.825740874 0.554542482
vn -0.398447722 0.723295987 0.563987911
vn -0.778173506 0.249735564 0.576262236
vn -0.924167693 -0.105697401 0.367072225
vn -0.809696257 -0.465576947 0.357253522
vn -0.356257677 0.865713418 0.351597279
vn -0.910880148 0.239462331 0.336088061
vn -0.574070156 -0.730345249 0.370188236
vn -0.224760294 -0.902527571 0.367323875
vn 0.115242191 -0.922344029 0.368782729
vn 0.555953741 -0.750346720 0.357624650
vn 0.820365250 -0.452940375 0.349064380
vn 0.929162741 -0.111601315 0.352422714
vn 0.862466216 0.343200177 0.371975303
vn 0.562556088 0.741295695 0.366075546
vn 0.132117406 0.921531141 0.365137637
vn -0.730257273 0.577311456 0.365288585
vn -0.963792503 -0.262545139 0.046627019
vn -0.704459369 -0.708023548 0.049393188
vn 0.271107256 -0.957083941 0.102426372
vn 0.717856646 -0.695556641 0.029713178
vn 0.849404395 0.515557289 0.112751171
vn -0.703227997 0.709222674 0.049736191
vn -0.997887671 0.009976703 0.064193696
vn -0.859526753 -0.497707278 0.116194956
vn -0.402697086 -0.907020509 0.123081304
vn -0.018898826 -0.998338401 0.054435883
vn 0.480666369 -0.876645863 0.021259701
vn 0.870453179 -0.491586536 0.025571641
vn 0.959542453 -0.271852225 0.073311806
vn 0.999729991 0.007886651 0.021859938
vn 0.961627007 0.268641204 0.055726908
vn 0.711533189 0.702638149 0.004485549
vn 0.468834609 0.871890128 0.141427621
vn 0.270797402 0.962468863 0.017954007
vn -0.118878022 0.988753855 0.090739809
vn -0.486220509 0.873088360 0.036145639
vn -0.868427634 0.491504818 0.065241970
vn -0.963620067 0.267126352 0.008934664
vn -0.371904194 -0.921450853 -0.112319119
vn -0.809142530 -0.464872241 -0.359419256
vn 0.252730072 -0.909621894 -0.329720527
vn 0.807601154 0.471590489 -0.354094326
vn 0.515498042 0.780668616 -0.353296310
vn -0.245053723 0.911263287 -0.330980450
vn -0.921514392 0.102585725 -0.374549806
vn -0.902940929 -0.227143019 -0.364833862
vn -0.650924921 -0.670309842 -0.356344730
vn -0.324069202 -0.860860109 -0.392299652
vn -0.036343452 -0.918924570 -0.392755419
vn 0.863360941 -0.337643653 -0.374972850
vn 0.916776419 0.104411386 -0.385511726
vn 0.117573224 0.911035895 -0.395209044
vn -0.808294833 0.461862981 -0.365160286
vn 0.576586008 -0.717722654 -0.390413642
vn -0.567514300 0.726576209 -0.387317270
vn -0.517337978 -0.082612514 -0.851784408
vn -0.311810970 -0.447354347 -0.838241041
vn 0.145337477 -0.511184931 -0.847093225
vn 0.475556523 -0.255045116 -0.841901422
vn 0.522651792 0.080749325 -0.848713636
vn 0.326713890 0.434534222 -0.839308083
vn -0.133369103 0.518783569 -0.844438434
vn -0.454473048 0.269464791 -0.849024713
vn -0.000046373 0.000041544 -1.000000000
vn 0.363870203 0.110805251 0.924835563
vn -0.211685792 0.977337778 0.000000464
vn 0.885218799 0.465174943 -0.000000084
vn 0.363869786 0.110804975 -0.924835742
vn 0.925994277 -0.377537429 0.000000151
vn 0.670266092 -0.154784933 0.725799620
vn 0.670263588 -0.154785708 -0.725801766
vn -0.128964633 -0.991649210 -0.000000764
vn -0.328094095 -0.431870669 0.840144038
vn -0.999662936 0.025961788 -0.000001189
vn -0.328091651 -0.431870073 -0.840145290
vn -0.254826277 0.464656264 0.848031878
vn -0.254827380 0.464656919 -0.848031223
vn 0.034000415 0.467042744 0.883580863
vn -0.864461005 0.502699673 0.000435756
vn -0.529058218 -0.053891193 -0.846872568
vn -0.012214819 0.416624516 -0.908996582
vn 0.318272680 0.947997272 -0.001925199
vn 0.992969990 -0.116277047 -0.022140536
vn 0.513029039 0.101136014 0.852392435
vn 0.500424147 0.212078974 -0.839403450
vn 0.223518729 -0.973985136 -0.037313852
vn -0.099044010 -0.686303318 0.720540106
vn -0.537956417 -0.842972696 0.000000465
vn -0.086802274 -0.705197394 -0.703677475
vn -0.518687427 -0.041188169 0.853971243
vn -0.488204479 0.208162114 0.847540498
vn -0.121108137 -0.506028175 0.853972077
vn -0.743395090 -0.668260515 -0.028134784
vn -0.500167310 -0.233279422 -0.833914459
vn -0.314557433 0.292692155 -0.902986705
vn -0.617397189 0.786438823 -0.018295277
vn 0.102234729 0.508512318 0.854963899
vn 0.735026300 0.676862597 -0.039917406
vn 0.499209255 0.240205839 -0.832521141
vn 0.711228073 -0.334783316 0.618121922
vn 0.608713508 -0.793352664 0.007708034
vn 0.471821904 -0.456323743 -0.754422128
vn -0.348837644 -0.399984866 0.847540319
vn 0.443834007 -0.271554053 0.853972971
vn 0.067297243 -0.547777176 -0.833913267
vn 0.405830204 -0.913515449 -0.028134424
vn -0.375573248 -0.208717644 -0.902984858
vn -0.938734710 -0.344154626 -0.018296169
vn -0.452030927 0.254369527 0.854964554
vn -0.416597843 0.908213973 -0.039920367
vn -0.074181356 0.549005568 -0.832520247
vn 0.538179219 0.572966218 0.618120492
vn 0.942627072 0.333758831 0.007708414
vn 0.579791546 0.307720095 -0.754420459
vn -0.082442909 0.421685249 0.902986526
vn 0.992168546 0.124906465 -0.000000715
vn 0.545057952 -0.099098958 0.832521021
vn 0.545057535 -0.099098988 -0.832521260
vn -0.016462579 -0.999864459 -0.000000395
vn 0.113492198 -0.646504462 0.754421353
vn 0.113492325 -0.646504700 -0.754421055
vn -0.992168427 -0.124907412 0.000000179
vn -0.541763663 0.105266422 0.833913147
vn -0.541763306 0.105266877 -0.833913326
vn 0.001505021 0.999998808 -0.000000260
vn -0.082443371 0.421685904 -0.902986228
vn -0.632112920 0.072545059 0.771472931
vn 0.574623346 0.040401313 0.817420185
vn -0.541283429 0.752159774 0.375856251
vn -0.500720918 0.699100852 -0.510427892
vn 0.669541538 0.742518485 0.019505318
vn -0.599618018 -0.340861201 -0.724066257
vn 0.628500223 0.034848616 -0.777028322
vn 0.541163206 -0.752834558 -0.374676526
vn -0.684267879 -0.670220554 0.287370831
vn 0.514213443 -0.749759912 0.416466832
vn 0.002767360 0.000329271 0.999996185
vn -0.555425167 0.095672026 0.826044679
vn 0.088209294 -0.568626940 0.817852497
vn 0.533350050 -0.138468504 0.834484458
vn -0.216792434 0.533864081 0.817306638
vn -0.706252575 -0.150433704 0.691792667
vn -0.422167003 -0.503005683 0.754161954
vn -0.110800892 -0.718742013 0.686391354
vn 0.300862134 -0.655523181 0.692655325
vn 0.554170549 -0.441705883 0.705542982
vn 0.718990505 -0.131081983 0.682546854
vn 0.679707646 0.239577398 0.693253398
vn 0.534148037 0.500689566 0.681172490
vn 0.336262763 0.512101829 0.790366530
vn -0.029586948 0.725245416 0.687854469
vn -0.400309175 0.592511356 0.699058592
vn -0.653953493 0.311358780 0.689493001
vn -0.538300931 -0.531576276 0.653956354
vn -0.733843803 0.370250553 0.569550514
vn -0.621013343 0.085391112 0.779134631
vn -0.800673544 -0.155940235 0.578450084
vn -0.649451196 -0.505411506 0.568130672
vn -0.361015052 -0.748062611 0.556839705
vn 0.056970574 -0.829588175 0.555461943
vn 0.592792392 -0.575004280 0.563885927
vn 0.819791257 -0.125298008 0.558786809
vn 0.794097781 0.237598002 0.559424639
vn 0.578596354 0.596227586 0.556541920
vn 0.139596820 0.815161467 0.562160552
vn -0.235584021 0.807866871 0.540232599
vn -0.508242548 0.667955816 0.543621659
vn -0.929461002 0.109765016 0.352212667
vn -0.142365456 -0.927876174 0.344641805
vn 0.358097434 -0.862538695 0.357481748
vn 0.662425578 -0.673112035 0.328804761
vn 0.760205686 0.550404549 0.345169812
vn -0.809226811 0.470166653 0.352271616
vn -0.865066230 -0.348123968 0.361206740
vn -0.575827777 -0.738409340 0.350961626
vn 0.872280896 -0.341935992 0.349579632
vn 0.929311752 0.117831290 0.349993527
vn 0.369933665 0.856468737 0.360014439
vn -0.115783401 0.926183105 0.358858109
vn -0.561993659 0.748478115 0.352056324
vn -0.997772217 -0.023749180 0.062343851
vn 0.855013669 -0.517642200 0.031595025
vn 0.956974804 0.268946648 0.108935580
vn 0.706344128 0.706414282 0.045353461
vn -0.267142177 0.957349598 0.110076331
vn -0.964036644 0.260030478 0.054932233
vn -0.964094937 -0.261883527 0.044022392
vn -0.853386343 -0.509243369 0.111368991
vn -0.708844602 -0.705257714 0.012286291
vn -0.398009181 -0.913877904 0.080098741
vn 0.118169092 -0.986627400 0.112261191
vn 0.485884070 -0.873677075 0.024597436
vn 0.705893695 -0.706266165 0.053871967
vn 0.967702687 -0.251593530 0.015879188
vn 0.998108208 -0.008821425 0.060845472
vn 0.875151753 0.480735779 0.054795716
vn 0.496948302 0.865945280 0.056402750
vn 0.243702948 0.963812947 0.108044215
vn -0.001647973 0.999468863 0.032546967
vn -0.471311778 0.880246222 0.055061352
vn -0.706398606 0.707473814 0.021951074
vn -0.866277993 0.496687949 0.053513076
vn -0.809314847 -0.492547363 -0.320010364
vn -0.137273014 -0.984212518 -0.111721955
vn 0.259986430 -0.897012353 -0.357457519
vn 0.920697153 0.242176265 -0.306051433
vn 0.232162297 0.913449049 -0.334232688
vn -0.261388332 0.914829254 -0.307837069
vn -0.926364005 0.111934580 -0.359611452
vn -0.899326205 -0.199811712 -0.388957411
vn -0.523214996 -0.756322801 -0.392710745
vn 0.580180228 -0.711390674 -0.396628469
vn 0.921362281 -0.007423751 -0.388633996
vn 0.791592062 0.490987331 -0.363749295
vn 0.556989431 0.740789771 -0.375490665
vn 0.016698297 0.919744492 -0.392162234
vn -0.801538587 0.486320168 -0.347891837
vn -0.156369165 -0.914671838 -0.372725338
vn 0.851781666 -0.374246687 -0.366616309
vn -0.559558451 0.727753103 -0.396572500
vn -0.514933527 0.191592321 -0.835545242
vn -0.458325952 -0.283155173 -0.842472851
vn -0.046465155 -0.551041007 -0.833183587
vn 0.312549204 -0.440967262 -0.841344595
vn 0.516739726 -0.155250490 -0.841948628
vn 0.480144471 0.246227056 -0.841922581
vn 0.205454543 0.489864677 -0.847243309
vn -0.146625832 0.522980690 -0.839638114
vn -0.000046568 0.000207977 -1.000000000
vn 0.298960000 -0.128681779 0.945549548
vn -0.220700845 0.974698424 0.035413478
vn 0.889153421 0.452175319 0.070312001
vn 0.212288052 0.422108620 -0.881338775
vn 0.710092127 0.155553684 0.686711133
vn 0.942531943 -0.333611518 0.018359417
vn 0.650380313 -0.092072293 -0.754008055
vn -0.219555497 -0.492470354 0.842180729
vn -0.218563125 -0.486605018 -0.845840275
vn -0.161459774 -0.986879349 0.000000013
vn -0.359977216 0.405942827 0.840016007
vn -0.998293042 -0.026253575 0.052170087
vn -0.454457521 0.112056360 -0.883692145
vn 0.258729160 0.312288165 0.914076209
vn -0.882138550 0.470855385 -0.011265588
vn -0.395246744 0.358234167 -0.845841765
vn 0.052912738 0.753668189 0.655121803
vn 0.319783390 0.946760416 -0.037193879
vn 0.998512626 -0.054520573 -0.000371051
vn 0.247005582 0.397589177 -0.883691847
vn 0.333644599 -0.348480463 0.875923991
vn 0.078562766 -0.996909201 0.000000676
vn 0.335845739 -0.332337767 -0.881339431
vn -0.461118132 -0.182680354 0.868330657
vn -0.288544536 -0.590094507 -0.754009604
vn -0.557071626 -0.830437839 -0.006645820
vn 0.375535011 -0.208539024 0.903042138
vn -0.439712793 -0.897862792 -0.022248955
vn -0.961962700 0.272017539 -0.025186330
vn -0.580286384 0.307795137 0.754009187
vn -0.633787096 0.268834352 -0.725287557
vn 0.403935164 0.914362311 0.027893292
vn -0.274446577 0.372087330 -0.886696160
vn 0.074725203 0.549452484 0.832176745
vn 0.458779573 0.255709589 -0.850960612
vn 0.934520900 -0.355902284 -0.002082786
vn 0.050917219 -0.575381637 -0.816298604
vn -0.067809083 -0.548256516 0.833556771
vn 0.375535965 0.208539218 0.903041661
vn 0.424940616 -0.904999197 0.020049643
vn 0.115154974 -0.522541463 0.844801724
vn -0.234711349 -0.344164759 -0.909099102
vn -0.788831592 -0.614426553 -0.014992583
vn -0.662386835 -0.292729348 0.689603746
vn -0.744351804 0.666289866 -0.044701885
vn -0.529728770 0.123192914 -0.839172781
vn -0.055190030 0.467828900 0.882094204
vn 0.453555465 0.888450086 -0.070312977
vn 0.484811485 0.519849002 -0.703359663
vn 0.942260385 0.334478199 0.016422283
vn 0.459669113 -0.268041074 -0.846674860
vn 0.247006312 -0.397590667 0.883690834
vn 0.998448849 0.055678196 0.000000259
vn 0.335845411 0.332337528 -0.881339669
vn 0.247005820 -0.397590727 -0.883691013
vn 0.283585250 -0.958947062 0.000000512
vn -0.888684452 -0.458519518 -0.000000627
vn -0.395246893 -0.358233154 0.845842123
vn -0.395245999 -0.358233869 -0.845842242
vn -0.605731845 0.795668840 0.000000426
vn -0.288543671 0.590094864 0.754009783
vn -0.288544208 0.590096772 -0.754008114
vn 0.335848957 0.332335711 0.881339014
vn 0.078563139 0.996909201 0.000000546
vn 0.106270991 -0.883325219 0.456555665
vn 0.170500174 0.474132270 0.863787293
vn -0.743804038 -0.039505754 0.667229295
vn -0.359865427 -0.727046371 -0.584722638
vn -0.966293573 0.203769207 -0.157336533
vn 0.503649294 -0.018395675 -0.863712311
vn -0.476501882 0.703142285 -0.527766049
vn 0.243894637 0.966576219 -0.079030059
vn 0.968649685 -0.172981232 0.178312272
vn -0.000255467 -0.001738218 0.999998510
vn -0.606336236 0.001758674 0.795206487
vn -0.323214322 -0.529005647 0.784656346
vn 0.221973613 -0.568408728 0.792236865
vn 0.592765391 -0.154248938 0.790465951
vn 0.503466070 0.351632386 0.789225280
vn 0.088868223 0.615671217 0.782976091
vn -0.348742068 0.509514213 0.786622167
vn -0.758993804 0.095354840 0.644077599
vn -0.690862119 -0.296360731 0.659454167
vn -0.365278423 -0.673406661 0.642724812
vn 0.185926378 -0.742305160 0.643750370
vn 0.608884454 -0.483220279 0.629092872
vn 0.761674881 -0.080233127 0.642972767
vn 0.639270782 0.514671087 0.571354985
vn 0.197604820 0.751529574 0.629408956
vn -0.285652518 0.718382537 0.634294271
vn -0.586378217 -0.538252294 0.605347097
vn -0.304469019 -0.726310015 0.616256714
vn 0.088533506 -0.779510856 0.620100498
vn 0.473311633 -0.633379042 0.612214863
vn 0.727394998 -0.304888576 0.614767909
vn 0.794432044 0.039265111 0.606082499
vn 0.730285168 0.274816483 0.625427425
vn 0.398735046 0.678114653 0.617390335
vn -0.090518057 0.785391092 0.612345755
vn -0.388824910 0.683593452 0.617669225
vn -0.612385869 0.439446896 0.657168210
vn -0.847908139 0.096619345 0.521264195
vn -0.802414358 -0.337009072 0.492499888
vn -0.593793154 -0.619036555 0.514007211
vn -0.319381624 -0.791031659 0.521789551
vn 0.103586443 -0.839333117 0.533657014
vn 0.421215147 -0.735241294 0.531034946
vn 0.687186718 -0.500509918 0.526558876
vn 0.845359504 -0.103178389 0.524138808
vn 0.833022714 0.205661505 0.513591945
vn 0.732171357 0.447378159 0.513593078
vn 0.596678615 0.614388108 0.516238332
vn 0.328211814 0.802887499 0.497643083
vn -0.100966431 0.837199271 0.537497163
vn -0.501639724 0.686545372 0.526320398
vn -0.747708678 0.421653628 0.512971640
vn -0.944575548 0.008414446 0.328186244
vn -0.841417313 -0.352727324 0.409390271
vn -0.382224470 -0.831744969 0.402622372
vn -0.017977163 -0.944681048 0.327497303
vn 0.227466255 -0.921144664 0.315834850
vn 0.680926204 -0.652097702 0.333328843
vn 0.839349091 -0.349707663 0.416170269
vn 0.942226768 0.007303195 0.334896207
vn 0.329480082 0.847556114 0.416042626
vn -0.249514773 0.913881838 0.320253611
vn -0.673338413 0.668998539 0.314732313
vn -0.918641984 0.244417995 0.310413837
vn -0.910986543 -0.208798125 0.355678201
vn -0.815246940 -0.475093782 0.331146955
vn -0.663283825 -0.667143345 0.339078814
vn -0.479219228 -0.805158854 0.349382818
vn -0.212155238 -0.908027828 0.361214340
vn 0.481430113 -0.814655364 0.323360085
vn 0.804794967 -0.483350337 0.344496161
vn 0.908047915 -0.208562165 0.363250405
vn 0.877591193 0.348760545 0.328937262
vn 0.668409526 0.666245222 0.330675244
vn 0.477377117 0.807465434 0.346569926
vn 0.224096939 0.911643863 0.344508231
vn 0.003899184 0.943913996 0.330168486
vn -0.464048207 0.826080978 0.319764704
vn -0.820752621 0.471552074 0.322496384
vn -0.993210018 0.006843722 0.116134085
vn -0.000753511 -0.998550594 0.053816341
vn 0.707725763 -0.698078871 0.108674206
vn 0.993530571 0.002461124 0.113539010
vn 0.860985637 0.498526424 0.100872010
vn -0.266423225 0.962670267 0.047797896
vn -0.700750768 0.711942315 0.045678593
vn -0.965886295 -0.252788961 0.056227434
vn -0.855402112 -0.506811619 0.106907494
vn -0.626999021 -0.771927893 0.104878992
vn -0.279212266 -0.953519821 0.113316208
vn 0.258349329 -0.958387017 0.121449351
vn 0.510515809 -0.858557403 0.047463685
vn 0.858022213 -0.501672506 0.110102341
vn 0.964238167 -0.260722756 0.047628138
vn 0.964272797 0.242753059 0.106061138
vn 0.710632384 0.701457500 0.054397058
vn 0.500230491 0.858605802 0.112096019
vn 0.257895589 0.961924493 0.090504766
vn 0.001482894 0.993642151 0.112575218
vn -0.501211166 0.863667428 0.053536065
vn -0.859585464 0.496316105 0.121586479
vn -0.964242339 0.259808481 0.052309852
vn -0.491874635 -0.866006732 -0.089953005
vn -0.994109452 -0.002705593 -0.108347729
vn -0.870627046 -0.480758458 -0.104306333
vn -0.708240747 -0.698406279 -0.103071295
vn -0.244089797 -0.963939071 -0.106026798
vn 0.258294702 -0.959707856 -0.110655718
vn 0.694301665 -0.711943090 -0.105272554
vn 0.867410719 -0.486153752 -0.106081940
vn 0.994421303 -0.014974909 -0.104412630
vn 0.961253941 0.256300867 -0.101492248
vn 0.854682446 0.508313477 -0.105524428
vn 0.494219899 0.863484979 -0.100699417
vn 0.243273303 0.920727551 -0.305088371
vn 0.006579533 0.994885802 -0.100791797
vn -0.861201644 0.495731533 -0.112169474
vn -0.905896604 -0.255440980 -0.337788999
vn -0.479083270 -0.805491686 -0.348801613
vn -0.004528541 -0.936580837 -0.350422353
vn 0.478293359 -0.810768902 -0.337475121
vn 0.906375110 -0.252832413 -0.338467002
vn 0.670031369 0.656557083 -0.346396804
vn -0.248371333 0.909443438 -0.333503038
vn -0.462767035 0.823888659 -0.327191263
vn -0.664763749 0.669611692 -0.331223935
vn -0.909911811 0.244111270 -0.335365742
vn -0.932836056 0.006004330 -0.360251188
vn -0.806187272 -0.472039461 -0.356708527
vn -0.657873988 -0.667673588 -0.348444849
vn -0.242971897 -0.904166400 -0.351351380
vn 0.250586241 -0.905551851 -0.342319101
vn 0.649369597 -0.669634819 -0.360428005
vn 0.809299886 -0.468108058 -0.354836196
vn 0.933365941 0.011237721 -0.358750314
vn 0.902901888 0.245529577 -0.352822155
vn 0.808054447 0.474720776 -0.348838449
vn 0.473232657 0.806029141 -0.355482519
vn 0.014182724 0.929244816 -0.369192392
vn -0.799794137 0.480540752 -0.359736055
vn -0.541600168 -0.074002057 -0.837372661
vn -0.438553393 -0.337939739 -0.832747102
vn -0.192630291 -0.515139163 -0.835179746
vn 0.164757073 -0.535173833 -0.828519225
vn 0.439458877 -0.332713157 -0.834372818
vn 0.541960359 -0.071078882 -0.837392926
vn 0.507396281 0.220925406 -0.832911253
vn 0.263470948 0.495829463 -0.827487886
vn -0.076644398 0.545972288 -0.834290087
vn -0.344511360 0.428395748 -0.835337639
vn -0.511956036 0.199066982 -0.835627496
vn 0.000028148 0.000000013 -1.000000000
vn -0.361503363 -0.094904356 0.927528143
vn 0.000147996 0.400311053 0.916379392
vn -0.000617542 0.984301150 -0.176496491
vn 0.896195650 0.443537802 0.010369089
vn 0.579036236 0.088657789 0.810467064
vn 0.997332513 -0.072992645 -0.000000636
vn 0.490316212 0.124870263 -0.862552881
vn 0.193563089 -0.302978128 0.933133245
vn 0.943757832 -0.330637515 -0.000000447
vn 0.193563446 -0.302977085 -0.933133543
vn -0.045849424 -0.998948336 0.000000815
vn -0.897505939 -0.441002399 -0.000000696
vn -0.361282021 -0.089082390 -0.928191602
vn -0.588615179 0.100463822 0.802146673
vn -0.999226809 -0.039316434 -0.000000940
vn -0.441313922 0.123405688 -0.888826787
vn -0.896195114 0.443539083 0.010368030
vn 0.196364835 0.316070586 0.928192019
vn -0.930160165 0.327062100 0.166830525
vn -0.168313339 0.984394252 -0.051368058
vn 0.019007286 0.457851231 0.888825595
vn 0.361236513 0.931795001 -0.035583377
vn 0.092990920 0.585642397 -0.805217743
vn 0.647051096 0.759246767 0.069779992
vn 0.228334576 -0.277717024 0.933132648
vn 0.951054633 -0.309022903 -0.000001864
vn 0.336114377 0.085117616 -0.937967002
vn 0.077329941 -0.994267702 -0.073836386
vn -0.067537129 -0.424488306 -0.902911186
vn -0.270273954 -0.427729875 0.862553835
vn -0.302015781 -0.953302920 -0.000050951
vn -0.663593829 -0.747973621 0.013366639
vn -0.377965689 -0.067019105 -0.923390687
vn -0.304148227 0.303722143 0.902910233
vn -0.587786615 -0.809015930 -0.000001049
vn -0.319336146 -0.125259072 0.939326644
vn -0.969748974 0.233918041 -0.069779962
vn -0.344644129 0.140287727 -0.928191721
vn -0.836068332 0.547466457 0.035639506
vn -0.450251907 0.891118050 0.056407947
vn -0.284494102 0.359233677 -0.888827562
vn 0.347765416 0.171422109 0.921777427
vn 0.560271561 0.811334193 -0.166831061
vn 0.976506829 -0.215071350 -0.013368661
vn 0.470073551 -0.187178582 -0.862551570
vn 0.419463664 -0.419135928 0.805217683
vn 0.809017241 -0.587784886 -0.000000151
vn 0.514394641 -0.854773939 0.068990059
vn -0.021489032 -0.358887523 -0.933133423
vn -0.348245710 -0.135707557 0.927528143
vn 0.235415325 -0.323772103 0.916379452
vn 0.578055620 -0.796680689 -0.176498562
vn -0.464332789 -0.885600150 0.010367738
vn -0.417147100 -0.427255541 0.802147865
vn -0.831501126 -0.555523157 0.000000242
vn -0.284497201 -0.359233290 -0.888826668
vn -0.985312521 -0.170760617 -0.000000928
vn -0.344645917 -0.140287176 -0.928191066
vn -0.021490041 0.358890653 0.933132172
vn -0.624256015 0.781219840 0.000000407
vn -0.021487942 0.358890265 -0.933132470
vn 0.569172919 0.822217941 0.000000491
vn 0.520561218 0.268623859 0.810467422
vn 0.763954401 0.645270288 0.000000758
vn 0.470072627 0.187177017 -0.862552345
vn 0.985742450 0.167941332 0.010367821
vn -0.194869176 0.383114368 0.902911544
vn 0.951055706 0.309019655 -0.000001282
vn 0.653983712 -0.753356338 0.068989612
vn 0.336114734 -0.085115768 -0.937967062
vn 0.269000381 -0.528450727 0.805219650
vn 0.309017032 -0.951056480 0.000002088
vn -0.086270973 -0.993880033 -0.068991281
vn 0.092991285 -0.585641980 -0.805218160
vn -0.221893445 -0.266425639 0.937966347
vn -0.951056123 -0.309018165 0.000001252
vn -0.646977782 0.758925855 0.073834188
vn -0.331973881 0.086364709 -0.939326584
vn -0.309016913 0.951056540 0.000001359
vn -0.067537434 0.424490541 -0.902910054
vn 0.217809156 0.265002251 0.939325809
vn 0.077330351 0.994267762 -0.073835261
vn 0.255683333 -0.337128013 0.906074286
vn 0.290599942 0.818704784 -0.495251715
vn 0.838020444 0.408104748 0.362177253
vn 0.804490328 -0.465603471 -0.368793547
vn -0.183245450 -0.331572950 -0.925462306
vn -0.614426911 -0.744535029 0.261050075
vn -0.468151867 0.583131731 0.663921118
vn -0.868683040 0.388201535 -0.307716459
vn 0.193322092 -0.345806539 0.918174505
vn -0.282712758 0.831041038 0.479003400
vn 0.863577127 0.405044973 0.300288498
vn 0.193320811 0.345807552 -0.918174386
vn 0.863577127 -0.405043602 -0.300290406
vn -0.797157705 -0.449214518 0.403417796
vn -0.282713145 -0.831042171 -0.479001254
vn -0.797160089 0.449213862 -0.403413862
vn 0.193320066 -0.345813274 0.918172359
vn -0.282713205 0.831040442 0.479004413
vn 0.193323225 0.345807701 -0.918173909
vn 0.863578081 0.405042797 0.300288677
vn 0.863574445 -0.405047029 -0.300293624
vn -0.282711267 -0.831041873 -0.479002893
vn -0.797161043 -0.449216247 0.403409213
vn -0.797160983 0.449214429 -0.403411388
vn -0.193323478 0.345803946 0.918175280
vn 0.797159314 0.449214429 0.403414756
vn 0.282714576 0.831040621 -0.479003042
vn 0.797158659 -0.449215531 -0.403415054
vn 0.282712281 -0.831043065 0.479000270
vn -0.863574088 -0.405048728 0.300291985
vn -0.193320394 -0.345806599 -0.918174922
vn -0.863574684 0.405047953 -0.300291568
vn 0.255684227 -0.337129474 0.906073570
vn 0.838019967 0.408103436 0.362179965
vn 0.290600121 0.818705916 -0.495249629
vn 0.804490745 -0.465603322 -0.368793100
vn -0.614425004 -0.744536579 0.261050224
vn -0.183246061 -0.331570506 -0.925463080
vn -0.468152612 0.583130002 0.663922131
vn -0.868682206 0.388202310 -0.307717741
vn 0.193323597 -0.345811367 0.918172419
vn -0.282714725 0.831041038 0.479002446
vn 0.863578498 0.405036807 0.300295711
vn 0.193325952 0.345812201 -0.918171585
vn 0.863576591 -0.405042738 -0.300293028
vn -0.797159433 -0.449211091 0.403417975
vn -0.282715261 -0.831039131 -0.479005247
vn -0.797158778 0.449214667 -0.403415620
vn 0.247580484 -0.353570133 0.902048826
vn 0.849225819 0.415021360 0.326454848
vn 0.366199464 0.779243410 -0.508603632
vn 0.632937968 -0.706927240 -0.315663576
vn -0.808673322 -0.496716797 0.315150559
vn -0.167615190 -0.316885471 -0.933535635
vn -0.400666982 0.624810278 0.670132935
vn -0.861999512 0.383142054 -0.331902117
vn 0.193326309 -0.345812798 0.918171287
vn -0.282716870 0.831038117 0.479006022
vn 0.193325937 0.345810622 -0.918172121
vn 0.863575935 0.405044228 0.300293118
vn 0.863574684 -0.405043960 -0.300296754
vn -0.282713175 -0.831040859 -0.479003489
vn -0.797157586 -0.449219555 0.403412461
vn -0.797160685 0.449211150 -0.403415918
vn 0.193324640 -0.345808506 0.918173194
vn -0.282710135 0.831042469 0.479002595
vn 0.193320990 0.345808655 -0.918173969
vn 0.863576591 0.405042708 0.300293297
vn 0.863577724 -0.405042410 -0.300290167
vn -0.282714784 -0.831042349 -0.479000032
vn -0.797160208 -0.449209839 0.403418094
vn -0.797157526 0.449213684 -0.403419018
vn 0.193322092 -0.345812768 0.918172181
vn -0.282717437 0.831040263 0.479002029
vn 0.863577902 0.405039728 0.300293326
vn 0.193325043 0.345812410 -0.918171763
vn 0.863577485 -0.405038327 -0.300296634
vn -0.797160745 -0.449211419 0.403415233
vn -0.282712191 -0.831041396 -0.479003161
vn -0.797159851 0.449215025 -0.403413087
vn 0.193326280 -0.345806152 0.918173730
vn -0.282713711 0.831042230 0.479000837
vn 0.863576651 0.405044675 0.300290108
vn 0.193325728 0.345807910 -0.918173254
vn 0.863576949 -0.405041188 -0.300294012
vn -0.797159433 -0.449210465 0.403418958
vn -0.282712162 -0.831043720 -0.478999197
vn -0.797159791 0.449213564 -0.403414965
vn -0.247588485 0.353568435 0.902047217
vn -0.632936656 0.706928790 -0.315662503
vn 0.167616785 0.316887200 -0.933534682
vn 0.808672905 0.496719062 0.315148145
vn 0.400657743 -0.624812782 0.670136094
vn 0.862000942 -0.383140534 -0.331900150
vn -0.366198570 -0.779243529 -0.508604050
vn -0.849228263 -0.415019989 0.326450020
vn 0.255679429 -0.337131739 0.906074166
vn 0.290598631 0.818708181 -0.495246708
vn 0.838021159 0.408103049 0.362177551
vn 0.804488659 -0.465604514 -0.368795872
vn -0.183248296 -0.331564695 -0.925464690
vn -0.614428937 -0.744534552 0.261046767
vn -0.468153745 0.583131969 0.663919628
vn -0.868683040 0.388201237 -0.307716787
vn -0.193323493 0.345807552 0.918173909
vn 0.282711446 0.831040978 -0.479004294
vn 0.797160625 0.449214429 0.403412133
vn 0.797161102 -0.449210942 -0.403415054
vn 0.282711178 -0.831042707 0.479001492
vn -0.193321094 -0.345807999 -0.918174088
vn -0.863576412 -0.405043155 0.300292999
vn -0.863577902 0.405041933 -0.300290525
usemtl field_material_05
f 5//5 9//9 10//10
f 2//2 8//8 3//3
f 6//6 5//5 10//10
f 3//3 9//9 4//4
f 2//2 1//1 7//7
f 6//6 10//10 14//14
f 8//8 13//13 9//9
f 7//7 1//1 11//11
f 9//9 14//14 10//10
f 7//7 12//12 8//8
f 6//6 14//14 18//18
f 12//12 17//17 13//13
f 11//11 1//1 15//15
f 14//14 17//17 18//18
f 11//11 16//16 12//12
f 6//6 18//18 22//22
f 16//16 21//21 17//17
f 15//15 1//1 19//19
f 17//17 22//22 18//18
f 15//15 20//20 16//16
f 6//6 22//22 26//26
f 20//20 25//25 21//21
f 19//19 1//1 23//23
f 22//22 25//25 26//26
f 19//19 24//24 20//20
f 6//6 26//26 30//30
f 24//24 29//29 25//25
f 23//23 1//1 27//27
f 25//25 30//30 26//26
f 23//23 28//28 24//24
f 6//6 30//30 34//34
f 28//28 33//33 29//29
f 27//27 1//1 31//31
f 30//30 33//33 34//34
f 27//27 32//32 28//28
f 6//6 34//34 5//5
f 32//32 4//4 33//33
f 31//31 1//1 2//2
f 33//33 5//5 34//34
f 31//31 3//3 32//32
f 35//35 38//38 37//37
f 37//37 40//40 39//39
f 40//40 41//41 39//39
f 41//41 44//44 43//43
f 44//44 42//42 40//40
f 44//44 45//45 43//43
f 46//46 35//35 45//45
f 41//41 43//43 45//45
usemtl field_material_23
f 47//47 50//50 49//49
f 49//49 52//52 51//51
f 52//52 53//53 51//51
f 54//54 55//55 53//53
f 56//56 57//57 55//55
f 58//58 59//59 57//57
f 60//60 61//61 59//59
f 61//61 64//64 63//63
usemtl field_material_05
f 66//66 67//67 71//71
f 68//68 69//69 67//67
f 70//70 71//71 69//69
f 67//67 69//69 71//71
usemtl field_material_23
f 72//72 75//75 74//74
f 75//75 76//76 74//74
f 77//77 78//78 76//76
f 79//79 80//80 78//78
f 81//81 82//82 80//80
f 83//83 84//84 82//82
f 84//84 87//87 86//86
f 87//87 88//88 86//86
f 88//88 89//89 90//90
usemtl field_material_05
f 92//92 91//91 95//95
f 92//92 93//93 91//91
f 94//94 95//95 93//93
f 91//91 93//93 95//95
usemtl field_material_23
f 97//97 98//98 96//96
f 98//98 101//101 100//100
f 100//100 103//103 102//102
f 102//102 105//105 104//104
f 105//105 106//106 104//104
f 107//107 108//108 106//106
f 109//109 110//110 108//108
f 110//110 113//113 112//112
usemtl field_material_05
f 116//116 115//115 119//119
f 118//118 117//117 115//115
f 117//117 120//120 119//119
f 122//122 123//123 121//121
f 123//123 126//126 125//125
f 125//125 128//128 127//127
f 128//128 129//129 127//127
f 128//128 126//126 122//122
f 130//130 131//131 129//129
f 131//131 122//122 121//121
f 123//123 127//127 131//131
usemtl field_material_07
f 134//134 135//135 133//133
f 136//136 137//137 135//135
f 138//138 139//139 137//137
f 140//140 141//141 139//139
f 141//141 144//144 143//143
f 143//143 146//146 145//145
f 145//145 148//148 147//147
f 147//147 150//150 149//149
usemtl field_material_05
f 155//155 154//154 152//152
f 157//157 156//156 154//154
f 156//156 153//153 152//152
usemtl field_material_07
f 159//159 160//160 158//158
f 160//160 163//163 162//162
f 162//162 165//165 164//164
f 165//165 166//166 164//164
f 166//166 169//169 168//168
f 169//169 170//170 168//168
f 170//170 173//173 172//172
f 173//173 174//174 172//172
usemtl field_material_05
f 180//180 179//179 177//177
f 180//180 181//181 179//179
f 182//182 177//177 181//181
f 177//177 179//179 181//181
usemtl field_material_07
f 184//184 185//185 183//183
f 185//185 188//188 187//187
f 188//188 189//189 187//187
f 190//190 191//191 189//189
f 191//191 194//194 193//193
f 193//193 196//196 195//195
f 196//196 197//197 195//195
f 197//197 200//200 199//199
usemtl field_material_05
f 203//203 202//202 206//206
f 202//202 205//205 204//204
f 205//205 206//206 204//204
f 207//207 210//210 209//209
f 209//209 212//212 211//211
f 212//212 213//213 211//211
f 214//214 215//215 213//213
f 216//216 214//214 212//212
f 215//215 218//218 217//217
f 217//217 208//208 207//207
f 215//215 217//217 209//209
usemtl field_material_17
f 220//220 221//221 219//219
f 222//222 223//223 221//221
f 224//224 225//225 223//223
f 226//226 227//227 225//225
f 228//228 229//229 227//227
f 230//230 231//231 229//229
f 232//232 233//233 231//231
f 234//234 235//235 233//233
f 235//235 236//236 237//237
usemtl field_material_05
f 239//239 240//240 238//238
f 242//242 241//241 240//240
f 241//241 239//239 238//238
f 238//238 240//240 241//241
usemtl field_material_17
f 244//244 245//245 243//243
f 245//245 248//248 247//247
f 248//248 249//249 247//247
f 250//250 251//251 249//249
f 252//252 253//253 251//251
f 254//254 255//255 253//253
f 255//255 258//258 257//257
f 258//258 259//259 257//257
f 259//259 260//260 261//261
usemtl field_material_05
f 263//263 262//262 266//266
f 265//265 264//264 262//262
f 264//264 267//267 266//266
usemtl field_material_17
f 269//269 270//270 268//268
f 271//271 272//272 270//270
f 272//272 275//275 274//274
f 275//275 276//276 274//274
f 277//277 278//278 276//276
f 278//278 281//281 280//280
f 281//281 282//282 280//280
f 283//283 284//284 282//282
f 284//284 285//285 286//286
usemtl field_material_05
f 287//287 291//291 290//290
f 290//290 288//288 287//287
f 292//292 295//295 294//294
f 295//295 296//296 294//294
f 296//296 299//299 298//298
f 299//299 300//300 298//298
f 301//301 299//299 297//297
f 300//300 303//303 302//302
f 303//303 292//292 302//302
f 298//298 300//300 302//302
usemtl field_material_23
f 305//305 306//306 304//304
f 307//307 308//308 306//306
f 308//308 311//311 310//310
f 310//310 313//313 312//312
f 313//313 314//314 312//312
f 315//315 316//316 314//314
f 317//317 318//318 316//316
f 319//319 320//320 318//318
usemtl field_material_05
f 323//323 326//326 325//325
f 325//325 328//328 327//327
f 324//324 323//323 327//327
usemtl field_material_23
f 330//330 331//331 329//329
f 332//332 333//333 331//331
f 333//333 336//336 335//335
f 335//335 338//338 337//337
f 338//338 339//339 337//337
f 339//339 342//342 341//341
f 341//341 344//344 343//343
f 343//343 346//346 345//345
usemtl field_material_05
f 348//348 351//351 350//350
f 349//349 353//353 351//351
f 353//353 352//352 350//350
f 352//352 349//349 348//348
usemtl field_material_23
f 354//354 357//357 356//356
f 356//356 359//359 358//358
f 358//358 361//361 360//360
f 360//360 363//363 362//362
f 362//362 365//365 364//364
f 364//364 367//367 366//366
f 367//367 368//368 366//366
f 369//369 370//370 368//368
usemtl field_material_05
f 373//373 376//376 375//375
f 375//375 374//374 373//373
f 378//378 381//381 380//380
f 381//381 382//382 380//380
f 382//382 385//385 384//384
f 384//384 387//387 386//386
f 387//387 385//385 383//383
f 387//387 388//388 386//386
f 389//389 378//378 388//388
f 386//386 388//388 380//380
usemtl field_material_23
f 390//390 393//393 392//392
f 392//392 395//395 394//394
f 395//395 396//396 394//394
f 396//396 399//399 398//398
f 399//399 400//400 398//398
f 401//401 402//402 400//400
f 402//402 405//405 404//404
f 405//405 406//406 404//404
usemtl field_material_05
f 409//409 411//411 410//410
f 410//410 413//413 412//412
f 414//414 409//409 412//412
usemtl field_material_23
f 416//416 417//417 415//415
f 418//418 419//419 417//417
f 420//420 421//421 419//419
f 421//421 424//424 423//423
f 424//424 425//425 423//423
f 425//425 428//428 427//427
f 427//427 430//430 429//429
f 430//430 431//431 429//429
f 431//431 432//432 433//433
usemtl field_material_05
f 435//435 436//436 434//434
f 438//438 437//437 436//436
f 435//435 439//439 438//438
f 439//439 434//434 437//437
usemtl field_material_23
f 441//441 442//442 440//440
f 443//443 444//444 442//442
f 445//445 446//446 444//444
f 446//446 449//449 448//448
f 448//448 451//451 450//450
f 451//451 452//452 450//450
f 452//452 455//455 454//454
f 455//455 456//456 454//454
f 456//456 457//457 458//458
usemtl field_material_05
f 460//460 459//459 463//463
f 462//462 461//461 459//459
f 461//461 464//464 463//463
f 459//459 461//461 463//463
f 466//466 467//467 465//465
f 468//468 469//469 467//467
f 470//470 471//471 469//469
f 472//472 473//473 471//471
f 474//474 472//472 470//470
f 473//473 476//476 475//475
f 476//476 465//465 475//475
f 473//473 475//475 467//467
usemtl field_material_07
f 478//478 479//479 477//477
f 479//479 482//482 481//481
f 482//482 483//483 481//481
f 484//484 485//485 483//483
f 486//486 487//487 485//485
f 488//488 489//489 487//487
f 490//490 491//491 489//489
f 491//491 494//494 493//493
f 493//493 494//494 495//495
usemtl field_material_05
f 497//497 496//496 499//499
f 497//497 498//498 496//496
f 498//498 500//500 499//499
usemtl field_material_07
f 502//502 503//503 501//501
f 504//504 505//505 503//503
f 505//505 508//508 507//507
f 508//508 509//509 507//507
f 510//510 511//511 509//509
f 511//511 514//514 513//513
f 513//513 516//516 515//515
f 516//516 517//517 515//515
f 517//517 518//518 519//519
usemtl field_material_05
f 521//521 522//522 520//520
f 523//523 524//524 522//522
f 524//524 521//521 520//520
usemtl field_material_07
f 526//526 527//527 525//525
f 528//528 529//529 527//527
f 529//529 532//532 531//531
f 532//532 533//533 531//531
f 533//533 536//536 535//535
f 535//535 538//538 537//537
f 538//538 539//539 537//537
f 540//540 541//541 539//539
f 541//541 542//542 543//543
usemtl field_material_05
f 545//545 544//544 548//548
f 544//544 547//547 546//546
f 546//546 545//545 548//548
f 550//550 551//551 549//549
f 552//552 553//553 551//551
f 553//553 556//556 555//555
f 555//555 558//558 557//557
f 550//550 558//558 554//554
f 558//558 559//559 557//557
f 560//560 549//549 559//559
f 557//557 559//559 551//551
usemtl field_material_07
f 562//562 563//563 561//561
f 563//563 566//566 565//565
f 566//566 567//567 565//565
f 567//567 570//570 569//569
f 570//570 571//571 569//569
f 572//572 573//573 571//571
f 573//573 576//576 575//575
f 576//576 577//577 575//575
usemtl field_material_05
f 581//581 580//580 584//584
f 580//580 583//583 582//582
f 581//581 585//585 583//583
f 585//585 584//584 582//582
usemtl field_material_07
f 587//587 588//588 586//586
f 589//589 590//590 588//588
f 591//591 592//592 590//590
f 593//593 594//594 592//592
f 594//594 597//597 596//596
f 596//596 599//599 598//598
f 598//598 601//601 600//600
f 601//601 602//602 600//600
f 602//602 603//603 604//604
usemtl field_material_05
f 606//606 605//605 608//608
f 606//606 607//607 605//605
f 609//609 608//608 607//607
f 605//605 607//607 608//608
usemtl field_material_07
f 610//610 613//613 612//612
f 612//612 615//615 614//614
f 615//615 616//616 614//614
f 617//617 618//618 616//616
f 619//619 620//620 618//618
f 621//621 622//622 620//620
f 622//622 625//625 624//624
f 624//624 627//627 626//626
f 626//626 627//627 628//628
usemtl field_material_05
f 630//630 629//629 633//633
f 629//629 632//632 631//631
f 630//630 634//634 632//632
f 634//634 633//633 631//631
f 636//636 637//637 635//635
f 637//637 640//640 639//639
f 640//640 641//641 639//639
f 642//642 643//643 641//641
f 644//644 642//642 640//640
f 643//643 646//646 645//645
f 646//646 635//635 645//645
f 641//641 643//643 645//645
usemtl field_material_23
f 648//648 649//649 647//647
f 650//650 651//651 649//649
f 651//651 654//654 653//653
f 654//654 655//655 653//653
f 655//655 658//658 657//657
f 658//658 659//659 657//657
f 660//660 661//661 659//659
f 662//662 663//663 661//661
usemtl field_material_05
f 668//668 667//667 669//669
f 670//670 669//669 667//667
usemtl field_material_23
f 672//672 673//673 671//671
f 673//673 676//676 675//675
f 676//676 677//677 675//675
f 678//678 679//679 677//677
f 679//679 682//682 681//681
f 682//682 683//683 681//681
f 683//683 686//686 685//685
f 686//686 687//687 685//685
usemtl field_material_05
f 691//691 690//690 693//693
f 694//694 692//692 690//690
f 692//692 694//694 693//693
usemtl field_material_23
f 695//695 698//698 697//697
f 698//698 699//699 697//697
f 699//699 702//702 701//701
f 702//702 703//703 701//701
f 703//703 706//706 705//705
f 706//706 707//707 705//705
f 707//707 710//710 709//709
f 709//709 712//712 711//711
usemtl field_material_05
f 717//717 715//715 714//714
f 718//718 716//716 714//714
f 716//716 718//718 717//717
f 720//720 721//721 719//719
f 722//722 723//723 721//721
f 724//724 725//725 723//723
f 726//726 727//727 725//725
f 728//728 726//726 724//724
f 728//728 729//729 727//727
f 730//730 719//719 729//729
f 721//721 725//725 729//729
usemtl field_material_13
f 731//731 732//732 733//733
f 731//731 733//733 734//734
f 731//731 734//734 741//741
f 731//731 741//741 735//735
f 731//731 735//735 736//736
f 731//731 736//736 732//732
f 732//732 738//738 733//733
f 733//733 739//739 734//734
f 740//740 741//741 734//734
f 743//743 736//736 735//735
f 746//746 732//732 736//736
f 747//747 733//733 738//738
f 748//748 741//741 740//740
f 749//749 738//738 737//737
f 750//750 733//733 747//747
f 733//733 751//751 739//739
f 752//752 740//740 739//739
f 740//740 753//753 748//748
f 754//754 742//742 748//748
f 756//756 743//743 742//742
f 757//757 744//744 743//743
f 758//758 745//745 744//744
f 745//745 759//759 746//746
f 746//746 759//759 737//737
f 760//760 749//749 759//759
f 761//761 747//747 749//749
f 773//773 759//759 758//758
f 761//761 764//764 747//747
f 764//764 750//750 747//747
f 750//750 766//766 751//751
f 766//766 752//752 751//751
f 752//752 767//767 753//753
f 768//768 754//754 753//753
f 754//754 770//770 755//755
f 770//770 756//756 755//755
f 771//771 772//772 756//756
f 772//772 762//762 757//757
f 773//773 763//763 759//759
f 774//774 761//761 760//760
f 780//780 774//774 760//760
f 774//774 781//781 761//761
f 781//781 775//775 761//761
f 775//775 782//782 764//764
f 764//764 782//782 765//765
f 765//765 783//783 766//766
f 783//783 776//776 766//766
f 784//784 777//777 767//767
f 785//785 769//769 768//768
f 787//787 770//770 769//769
f 788//788 778//778 770//770
f 771//771 791//791 772//772
f 792//792 762//762 772//772
f 793//793 779//779 762//762
f 779//779 794//794 773//773
f 794//794 763//763 773//773
f 763//763 780//780 760//760
f 796//796 783//783 782//782
f 775//775 796//796 782//782
f 799//799 789//789 778//778
f 802//802 774//774 780//780
f 797//797 804//804 775//775
f 796//796 806//806 783//783
f 806//806 798//798 783//783
f 807//807 787//787 786//786
f 787//787 808//808 788//788
f 791//791 809//809 792//792
f 809//809 801//801 792//792
f 810//810 795//795 794//794
f 804//804 805//805 796//796
f 798//798 811//811 784//784
f 811//811 777//777 784//784
f 777//777 807//807 785//785
f 807//807 808//808 787//787
f 801//801 812//812 793//793
f 793//793 812//812 779//779
f 812//812 810//810 779//779
f 810//810 802//802 795//795
f 802//802 813//813 803//803
f 813//813 797//797 803//803
f 797//797 814//814 804//804
f 804//804 814//814 805//805
f 814//814 806//806 805//805
f 815//815 798//798 806//806
f 798//798 815//815 811//811
f 816//816 807//807 811//811
f 816//816 808//808 807//807
f 817//817 799//799 808//808
f 799//799 818//818 800//800
f 800//800 818//818 809//809
f 819//819 801//801 809//809
f 801//801 819//819 812//812
f 820//820 810//810 812//812
f 810//810 820//820 802//802
f 813//813 821//821 814//814
f 814//814 821//821 815//815
f 815//815 821//821 816//816
f 816//816 821//821 817//817
f 817//817 821//821 818//818
f 818//818 821//821 819//819
f 819//819 821//821 820//820
f 820//820 821//821 813//813
usemtl field_material_05
f 834//834 824//824 825//825
f 833//833 824//824 823//823
f 825//825 826//826 828//828
f 822//822 826//826 824//824
f 826//826 832//832 828//828
f 827//827 822//822 830//830
f 825//825 828//828 832//832
f 826//826 830//830 829//829
f 830//830 831//831 829//829
f 831//831 833//833 823//823
f 831//831 834//834 832//832
f 830//830 822//822 833//833
f 825//825 832//832 834//834
f 837//837 836//836 838//838
f 835//835 839//839 836//836
f 838//838 839//839 842//842
f 839//839 841//841 840//840
f 842//842 843//843 846//846
f 841//841 835//835 844//844
f 838//838 842//842 846//846
f 841//841 843//843 840//840
f 844//844 845//845 843//843
f 845//845 837//837 846//846
f 844//844 835//835 847//847
f 838//838 846//846 837//837
f 845//845 847//847 836//836
f 848//848 853//853 850//850
f 851//851 853//853 852//852
f 853//853 856//856 852//852
f 853//853 854//854 855//855
f 854//854 848//848 857//857
f 856//856 858//858 859//859
f 852//852 856//856 859//859
f 857//857 858//858 855//855
f 857//857 848//848 849//849
f 858//858 851//851 859//859
f 852//852 859//859 851//851
f 858//858 849//849 850//850
f 860//860 865//865 863//863
f 862//862 865//865 864//864
f 865//865 866//866 867//867
f 865//865 868//868 864//864
f 866//866 860//860 869//869
f 868//868 870//870 871//871
f 864//864 868//868 871//871
f 869//869 870//870 867//867
f 869//869 860//860 861//861
f 870//870 862//862 871//871
f 864//864 871//871 862//862
f 870//870 861//861 863//863
f 875//875 876//876 878//878
f 874//874 872//872 877//877
f 883//883 875//875 878//878
f 874//874 876//876 873//873
f 876//876 881//881 878//878
f 877//877 872//872 880//880
f 883//883 878//878 881//881
f 876//876 880//880 879//879
f 881//881 882//882 883//883
f 880//880 882//882 879//879
f 882//882 874//874 873//873
f 882//882 875//875 883//883
f 885//885 886//886 884//884
f 888//888 887//887 886//886
f 887//887 890//890 889//889
f 890//890 888//888 885//885
f 891//891 892//892 889//889
f 893//893 884//884 892//892
usemtl field_material_13
f 894//894 895//895 900//900
f 894//894 900//900 896//896
f 894//894 896//896 897//897
f 894//894 897//897 907//907
f 894//894 907//907 898//898
f 894//894 898//898 895//895
f 899//899 900//900 895//895
f 902//902 897//897 896//896
f 897//897 905//905 907//907
f 909//909 895//895 898//898
f 911//911 900//900 899//899
f 912//912 899//899 910//910
f 916//916 901//901 911//911
f 917//917 902//902 901//901
f 918//918 903//903 902//902
f 903//903 918//918 904//904
f 919//919 905//905 904//904
f 920//920 906//906 905//905
f 921//921 907//907 906//906
f 907//907 922//922 908//908
f 908//908 923//923 909//909
f 924//924 910//910 909//909
f 913//913 914//914 912//912
f 925//925 914//914 913//913
f 917//917 927//927 918//918
f 912//912 925//925 913//913
f 925//925 931//931 914//914
f 931//931 915//915 914//914
f 932//932 916//916 915//915
f 928//928 933//933 918//918
f 918//918 933//933 919//919
f 933//933 934//934 919//919
f 934//934 929//929 920//920
f 929//929 935//935 921//921
f 935//935 922//922 921//921
f 922//922 936//936 923//923
f 936//936 924//924 923//923
f 948//948 927//927 926//926
f 941//941 935//935 929//929
f 942//942 937//937 936//936
f 938//938 944//944 931//931
f 945//945 932//932 931//931
f 947//947 926//926 932//932
f 947//947 948//948 926//926
f 949//949 928//928 927//927
f 950//950 939//939 928//928
f 939//939 951//951 933//933
f 933//933 952//952 934//934
f 952//952 940//940 934//934
f 953//953 941//941 929//929
f 941//941 954//954 935//935
f 955//955 936//936 935//935
f 956//956 942//942 936//936
f 942//942 957//957 937//937
f 937//937 959//959 930//930
f 959//959 943//943 930//930
f 952//952 963//963 940//940
f 963//963 953//953 940//940
f 964//964 956//956 955//955
f 965//965 957//957 942//942
f 938//938 967//967 944//944
f 968//968 961//961 947//947
f 970//970 963//963 952//952
f 971//971 941//941 953//953
f 977//977 958//958 957//957
f 959//959 966//966 943//943
f 943//943 966//966 938//938
f 976//976 951//951 939//939
f 976//976 970//970 951//951
f 971//971 972//972 941//941
f 977//977 974//974 958//958
f 978//978 967//967 966//966
f 967//967 979//979 960//960
f 960//960 979//979 968//968
f 968//968 980//980 975//975
f 975//975 980//980 962//962
f 980//980 969//969 962//962
f 969//969 982//982 976//976
f 982//982 970//970 976//976
f 970//970 983//983 963//963
f 983//983 971//971 963//963
f 971//971 983//983 972//972
f 972//972 984//984 964//964
f 964//964 985//985 973//973
f 985//985 965//965 973//973
f 985//985 977//977 965//965
f 978//978 974//974 977//977
f 978//978 966//966 974//974
f 978//978 986//986 979//979
f 979//979 986//986 980//980
f 980//980 986//986 981//981
f 981//981 986//986 982//982
f 982//982 986//986 983//983
f 983//983 986//986 984//984
f 984//984 986//986 985//985
f 985//985 986//986 978//978
usemtl field_material_05
f 997//997 989//989 988//988
f 997//997 987//987 991//991
f 990//990 992//992 993//993
f 999//999 990//990 993//993
f 991//991 992//992 989//989
f 992//992 994//994 996//996
f 992//992 995//995 993//993
f 999//999 993//993 995//995
f 994//994 998//998 996//996
f 995//995 998//998 999//999
f 994//994 987//987 997//997
f 998//998 997//997 988//988
f 988//988 990//990 999//999
f 1010//1010 1000//1000 1003//1003
f 1002//1002 1004//1004 1006//1006
f 1003//1003 1004//1004 1001//1001
f 1004//1004 1000//1000 1005//1005
f 1005//1005 1009//1009 1006//1006
f 1007//1007 1008//1008 1005//1005
f 1006//1006 1009//1009 1011//1011
f 1007//1007 1012//1012 1008//1008
f 1009//1009 1012//1012 1011//1011
f 1007//1007 1000//1000 1010//1010
f 1006//1006 1011//1011 1002//1002
f 1012//1012 1010//1010 1001//1001
f 1012//1012 1002//1002 1011//1011
f 1023//1023 1015//1015 1017//1017
f 1024//1024 1013//1013 1016//1016
f 1019//1019 1023//1023 1017//1017
f 1024//1024 1015//1015 1014//1014
f 1015//1015 1019//1019 1017//1017
f 1016//1016 1013//1013 1020//1020
f 1015//1015 1020//1020 1018//1018
f 1018//1018 1021//1021 1019//1019
f 1020//1020 1022//1022 1018//1018
f 1021//1021 1022//1022 1023//1023
f 1019//1019 1021//1021 1023//1023
f 1022//1022 1024//1024 1014//1014
f 1037//1037 1026//1026 1028//1028
f 1028//1028 1029//1029 1032//1032
f 1027//1027 1025//1025 1030//1030
f 1027//1027 1029//1029 1026//1026
f 1029//1029 1030//1030 1031//1031
f 1030//1030 1025//1025 1033//1033
f 1032//1032 1034//1034 1035//1035
f 1028//1028 1032//1032 1035//1035
f 1033//1033 1034//1034 1031//1031
f 1033//1033 1036//1036 1034//1034
f 1036//1036 1037//1037 1035//1035
f 1028//1028 1035//1035 1037//1037
f 1036//1036 1027//1027 1026//1026
f 1040//1040 1039//1039 1041//1041
f 1038//1038 1042//1042 1039//1039
f 1042//1042 1045//1045 1041//1041
f 1042//1042 1044//1044 1043//1043
f 1045//1045 1046//1046 1048//1048
f 1044//1044 1038//1038 1047//1047
f 1041//1041 1045//1045 1048//1048
f 1044//1044 1046//1046 1043//1043
f 1046//1046 1040//1040 1048//1048
f 1047//1047 1038//1038 1049//1049
f 1041//1041 1048//1048 1040//1040
f 1046//1046 1049//1049 1050//1050
f 1050//1050 1049//1049 1039//1039
f 1053//1053 1054//1054 1051//1051
f 1054//1054 1057//1057 1056//1056
f 1058//1058 1057//1057 1055//1055
f 1058//1058 1059//1059 1056//1056
f 1059//1059 1052//1052 1051//1051
f 1056//1056 1059//1059 1051//1051
usemtl field_material_09
f 1060//1060 1061//1061 1062//1062
f 1060//1060 1062//1062 1063//1063
f 1060//1060 1063//1063 1064//1064
f 1060//1060 1064//1064 1065//1065
f 1060//1060 1065//1065 1066//1066
f 1060//1060 1066//1066 1067//1067
f 1060//1060 1067//1067 1061//1061
f 1069//1069 1062//1062 1061//1061
f 1070//1070 1063//1063 1062//1062
f 1063//1063 1072//1072 1064//1064
f 1073//1073 1065//1065 1064//1064
f 1075//1075 1066//1066 1065//1065
f 1066//1066 1076//1076 1067//1067
f 1067//1067 1087//1087 1061//1061
f 1077//1077 1070//1070 1069//1069
f 1070//1070 1079//1079 1071//1071
f 1080//1080 1072//1072 1071//1071
f 1072//1072 1081//1081 1073//1073
f 1082//1082 1083//1083 1073//1073
f 1074//1074 1084//1084 1075//1075
f 1085//1085 1076//1076 1075//1075
f 1086//1086 1087//1087 1076//1076
f 1088//1088 1069//1069 1068//1068
f 1069//1069 1089//1089 1077//1077
f 1077//1077 1091//1091 1078//1078
f 1091//1091 1079//1079 1078//1078
f 1079//1079 1093//1093 1080//1080
f 1094//1094 1081//1081 1080//1080
f 1095//1095 1082//1082 1081//1081
f 1096//1096 1083//1083 1082//1082
f 1083//1083 1098//1098 1084//1084
f 1099//1099 1085//1085 1084//1084
f 1100//1100 1086//1086 1085//1085
f 1101//1101 1087//1087 1086//1086
f 1102//1102 1068//1068 1087//1087
f 1103//1103 1089//1089 1088//1088
f 1104//1104 1090//1090 1089//1089
f 1090//1090 1105//1105 1091//1091
f 1091//1091 1106//1106 1092//1092
f 1107//1107 1093//1093 1092//1092
f 1093//1093 1108//1108 1094//1094
f 1094//1094 1109//1109 1095//1095
f 1110//1110 1096//1096 1095//1095
f 1111//1111 1100//1100 1099//1099
f 1112//1112 1101//1101 1100//1100
f 1102//1102 1114//1114 1088//1088
f 1116//1116 1090//1090 1104//1104
f 1117//1117 1105//1105 1090//1090
f 1119//1119 1106//1106 1105//1105
f 1107//1107 1120//1120 1093//1093
f 1120//1120 1108//1108 1093//1093
f 1122//1122 1110//1110 1109//1109
f 1096//1096 1123//1123 1097//1097
f 1123//1123 1098//1098 1097//1097
f 1124//1124 1111//1111 1098//1098
f 1111//1111 1127//1127 1100//1100
f 1127//1127 1112//1112 1100//1100
f 1112//1112 1128//1128 1101//1101
f 1128//1128 1113//1113 1101//1101
f 1113//1113 1129//1129 1102//1102
f 1129//1129 1114//1114 1102//1102
f 1130//1130 1115//1115 1103//1103
f 1131//1131 1107//1107 1106//1106
f 1120//1120 1132//1132 1108//1108
f 1133//1133 1123//1123 1110//1110
f 1136//1136 1129//1129 1113//1113
f 1130//1130 1137//1137 1115//1115
f 1115//1115 1138//1138 1116//1116
f 1138//1138 1117//1117 1116//1116
f 1117//1117 1139//1139 1118//1118
f 1118//1118 1140//1140 1119//1119
f 1140//1140 1131//1131 1119//1119
f 1131//1131 1141//1141 1107//1107
f 1141//1141 1120//1120 1107//1107
f 1142//1142 1132//1132 1120//1120
f 1132//1132 1143//1143 1121//1121
f 1143//1143 1122//1122 1121//1121
f 1144//1144 1133//1133 1122//1122
f 1133//1133 1145//1145 1123//1123
f 1145//1145 1134//1134 1123//1123
f 1134//1134 1146//1146 1124//1124
f 1146//1146 1125//1125 1124//1124
f 1147//1147 1126//1126 1125//1125
f 1148//1148 1127//1127 1126//1126
f 1149//1149 1135//1135 1127//1127
f 1150//1150 1136//1136 1128//1128
f 1136//1136 1151//1151 1129//1129
f 1151//1151 1114//1114 1129//1129
f 1152//1152 1130//1130 1114//1114
f 1153//1153 1140//1140 1139//1139
f 1154//1154 1137//1137 1130//1130
f 1137//1137 1155//1155 1138//1138
f 1138//1138 1156//1156 1139//1139
f 1156//1156 1153//1153 1139//1139
f 1153//1153 1157//1157 1140//1140
f 1157//1157 1131//1131 1140//1140
f 1131//1131 1158//1158 1141//1141
f 1142//1142 1159//1159 1132//1132
f 1159//1159 1143//1143 1132//1132
f 1160//1160 1144//1144 1143//1143
f 1161//1161 1145//1145 1133//1133
f 1145//1145 1163//1163 1134//1134
f 1164//1164 1148//1148 1147//1147
f 1148//1148 1166//1166 1149//1149
f 1166//1166 1135//1135 1149//1149
f 1152//1152 1154//1154 1130//1130
f 1154//1154 1168//1168 1137//1137
f 1168//1168 1155//1155 1137//1137
f 1158//1158 1171//1171 1142//1142
f 1172//1172 1161//1161 1144//1144
f 1173//1173 1164//1164 1146//1146
f 1135//1135 1175//1175 1150//1150
f 1175//1175 1136//1136 1150//1150
f 1177//1177 1154//1154 1152//1152
f 1178//1178 1168//1168 1154//1154
f 1179//1179 1156//1156 1155//1155
f 1180//1180 1169//1169 1156//1156
f 1169//1169 1181//1181 1157//1157
f 1181//1181 1170//1170 1157//1157
f 1182//1182 1171//1171 1158//1158
f 1171//1171 1183//1183 1159//1159
f 1183//1183 1160//1160 1159//1159
f 1184//1184 1172//1172 1160//1160
f 1172//1172 1185//1185 1161//1161
f 1185//1185 1162//1162 1161//1161
f 1186//1186 1163//1163 1162//1162
f 1187//1187 1173//1173 1163//1163
f 1173//1173 1188//1188 1164//1164
f 1165//1165 1189//1189 1166//1166
f 1189//1189 1174//1174 1166//1166
f 1176//1176 1190//1190 1167//1167
f 1177//1177 1178//1178 1154//1154
f 1178//1178 1191//1191 1168//1168
f 1168//1168 1192//1192 1179//1179
f 1179//1179 1192//1192 1180//1180
f 1192//1192 1169//1169 1180//1180
f 1193//1193 1181//1181 1169//1169
f 1193//1193 1170//1170 1181//1181
f 1170//1170 1194//1194 1182//1182
f 1182//1182 1194//1194 1171//1171
f 1194//1194 1183//1183 1171//1171
f 1195//1195 1184//1184 1183//1183
f 1195//1195 1172//1172 1184//1184
f 1196//1196 1185//1185 1172//1172
f 1185//1185 1197//1197 1186//1186
f 1186//1186 1197//1197 1187//1187
f 1197//1197 1173//1173 1187//1187
f 1198//1198 1188//1188 1173//1173
f 1188//1188 1198//1198 1165//1165
f 1198//1198 1189//1189 1165//1165
f 1199//1199 1174//1174 1189//1189
f 1199//1199 1175//1175 1174//1174
f 1200//1200 1176//1176 1175//1175
f 1200//1200 1190//1190 1176//1176
f 1201//1201 1177//1177 1190//1190
f 1201//1201 1178//1178 1177//1177
f 1191//1191 1202//1202 1192//1192
f 1192//1192 1202//1202 1193//1193
f 1193//1193 1202//1202 1194//1194
f 1194//1194 1202//1202 1195//1195
f 1195//1195 1202//1202 1196//1196
f 1196//1196 1202//1202 1197//1197
f 1197//1197 1202//1202 1198//1198
f 1198//1198 1202//1202 1199//1199
f 1199//1199 1202//1202 1200//1200
f 1200//1200 1202//1202 1201//1201
f 1201//1201 1202//1202 1191//1191
usemtl field_material_05
f 1215//1215 1205//1205 1209//1209
f 1204//1204 1206//1206 1205//1205
f 1205//1205 1206//1206 1209//1209
f 1204//1204 1203//1203 1207//1207
f 1207//1207 1208//1208 1206//1206
f 1208//1208 1210//1210 1211//1211
f 1208//1208 1212//1212 1209//1209
f 1207//1207 1203//1203 1210//1210
f 1215//1215 1209//1209 1212//1212
f 1211//1211 1210//1210 1213//1213
f 1210//1210 1214//1214 1213//1213
f 1212//1212 1214//1214 1215//1215
f 1203//1203 1217//1217 1214//1214
f 1215//1215 1217//1217 1218//1218
f 1217//1217 1216//1216 1219//1219
f 1216//1216 1203//1203 1204//1204
f 1215//1215 1218//1218 1205//1205
f 1219//1219 1204//1204 1205//1205
f 1219//1219 1205//1205 1218//1218
f 1235//1235 1222//1222 1225//1225
f 1221//1221 1220//1220 1223//1223
f 1231//1231 1235//1235 1225//1225
f 1223//1223 1224//1224 1222//1222
f 1224//1224 1229//1229 1225//1225
f 1231//1231 1225//1225 1229//1229
f 1224//1224 1220//1220 1226//1226
f 1226//1226 1227//1227 1228//1228
f 1227//1227 1230//1230 1228//1228
f 1229//1229 1230//1230 1231//1231
f 1227//1227 1233//1233 1230//1230
f 1227//1227 1220//1220 1232//1232
f 1233//1233 1232//1232 1234//1234
f 1233//1233 1235//1235 1231//1231
f 1232//1232 1220//1220 1221//1221
f 1251//1251 1239//1239 1240//1240
f 1238//1238 1239//1239 1237//1237
f 1240//1240 1241//1241 1243//1243
f 1238//1238 1241//1241 1239//1239
f 1241//1241 1236//1236 1242//1242
f 1242//1242 1245//1245 1243//1243
f 1240//1240 1243//1243 1245//1245
f 1242//1242 1244//1244 1245//1245
f 1244//1244 1246//1246 1245//1245
f 1245//1245 1246//1246 1247//1247
f 1240//1240 1245//1245 1247//1247
f 1244//1244 1249//1249 1246//1246
f 1244//1244 1236//1236 1248//1248
f 1240//1240 1247//1247 1251//1251
f 1249//1249 1248//1248 1250//1250
f 1249//1249 1251//1251 1247//1247
f 1250//1250 1238//1238 1237//1237
f 1248//1248 1236//1236 1238//1238
f 1253//1253 1255//1255 1254//1254
f 1254//1254 1255//1255 1258//1258
f 1253//1253 1252//1252 1256//1256
f 1260//1260 1254//1254 1258//1258
f 1256//1256 1257//1257 1255//1255
f 1257//1257 1260//1260 1258//1258
f 1257//1257 1252//1252 1259//1259
f 1259//1259 1261//1261 1262//1262
f 1259//1259 1263//1263 1260//1260
f 1261//1261 1264//1264 1262//1262
f 1260//1260 1263//1263 1267//1267
f 1261//1261 1266//1266 1264//1264
f 1263//1263 1266//1266 1267//1267
f 1261//1261 1252//1252 1265//1265
f 1266//1266 1265//1265 1268//1268
f 1260//1260 1267//1267 1254//1254
f 1268//1268 1253//1253 1254//1254
f 1268//1268 1254//1254 1267//1267
f 1265//1265 1252//1252 1253//1253
f 1283//1283 1269//1269 1273//1273
f 1283//1283 1271//1271 1270//1270
f 1272//1272 1274//1274 1276//1276
f 1282//1282 1272//1272 1276//1276
f 1273//1273 1274//1274 1271//1271
f 1273//1273 1269//1269 1277//1277
f 1274//1274 1277//1277 1275//1275
f 1275//1275 1280//1280 1276//1276
f 1282//1282 1276//1276 1280//1280
f 1275//1275 1277//1277 1278//1278
f 1277//1277 1279//1279 1278//1278
f 1269//1269 1281//1281 1279//1279
f 1280//1280 1281//1281 1282//1282
f 1281//1281 1283//1283 1284//1284
f 1284//1284 1283//1283 1270//1270
f 1284//1284 1272//1272 1282//1282
usemtl field_material_29
f 1291//1291 1285//1285 1287//1287
f 1287//1287 1288//1288 1286//1286
f 1289//1289 1286//1286 1288//1288
f 1285//1285 1290//1290 1288//1288
f 1288//1288 1290//1290 1289//1289
f 1290//1290 1292//1292 1289//1289
f 1290//1290 1285//1285 1291//1291
f 1289//1289 1292//1292 1286//1286
f 1291//1291 1286//1286 1292//1292
f 1294//1294 1293//1293 1295//1295
f 1295//1295 1297//1297 1296//1296
f 1296//1296 1297//1297 1299//1299
f 1293//1293 1299//1299 1297//1297
f 1298//1298 1300//1300 1299//1299
f 1298//1298 1293//1293 1294//1294
f 1296//1296 1299//1299 1300//1300
f 1300//1300 1294//1294 1296//1296
f 1302//1302 1301//1301 1304//1304
f 1304//1304 1305//1305 1303//1303
f 1301//1301 1306//1306 1305//1305
f 1303//1303 1305//1305 1306//1306
f 1303//1303 1306//1306 1308//1308
f 1307//1307 1308//1308 1306//1306
f 1307//1307 1301//1301 1302//1302
f 1308//1308 1302//1302 1303//1303
f 1310//1310 1309//1309 1313//1313
f 1315//1315 1311//1311 1312//1312
f 1310//1310 1312//1312 1311//1311
f 1312//1312 1313//1313 1315//1315
f 1313//1313 1309//1309 1314//1314
f 1314//1314 1316//1316 1315//1315
f 1315//1315 1316//1316 1311//1311
f 1309//1309 1311//1311 1316//1316
f 1323//1323 1317//1317 1318//1318
f 1318//1318 1320//1320 1319//1319
f 1322//1322 1319//1319 1320//1320
f 1320//1320 1321//1321 1322//1322
f 1317//1317 1321//1321 1320//1320
f 1321//1321 1324//1324 1322//1322
f 1321//1321 1317//1317 1323//1323
f 1322//1322 1324//1324 1319//1319
f 1323//1323 1319//1319 1324//1324
f 1326//1326 1325//1325 1327//1327
f 1327//1327 1329//1329 1328//1328
f 1328//1328 1329//1329 1331//1331
f 1325//1325 1331//1331 1329//1329
f 1330//1330 1332//1332 1331//1331
f 1330//1330 1325//1325 1326//1326
f 1328//1328 1331//1331 1332//1332
f 1332//1332 1326//1326 1328//1328
f 1339//1339 1333//1333 1334//1334
f 1334//1334 1336//1336 1335//1335
f 1338//1338 1335//1335 1336//1336
f 1337//1337 1340//1340 1338//1338
f 1337//1337 1333//1333 1339//1339
f 1338//1338 1340//1340 1335//1335
f 1339//1339 1335//1335 1340//1340
f 1342//1342 1341//1341 1344//1344
f 1344//1344 1345//1345 1343//1343
f 1343//1343 1345//1345 1346//1346
f 1341//1341 1346//1346 1345//1345
f 1347//1347 1348//1348 1346//1346
f 1347//1347 1341//1341 1342//1342
f 1343//1343 1346//1346 1348//1348
f 1348//1348 1342//1342 1343//1343
f 1350//1350 1349//1349 1352//1352
f 1352//1352 1353//1353 1351//1351
f 1351//1351 1353//1353 1354//1354
f 1349//1349 1354//1354 1353//1353
f 1355//1355 1356//1356 1354//1354
f 1355//1355 1349//1349 1350//1350
f 1351//1351 1354//1354 1356//1356
f 1356//1356 1350//1350 1351//1351
f 1358//1358 1357//1357 1359//1359
f 1359//1359 1361//1361 1360//1360
f 1360//1360 1361//1361 1363//1363
f 1357//1357 1363//1363 1361//1361
f 1362//1362 1364//1364 1363//1363
f 1362//1362 1357//1357 1358//1358
f 1360//1360 1363//1363 1364//1364
f 1364//1364 1358//1358 1360//1360
f 1366//1366 1365//1365 1367//1367
f 1367//1367 1369//1369 1368//1368
f 1368//1368 1369//1369 1371//1371
f 1365//1365 1371//1371 1369//1369
f 1370//1370 1372//1372 1371//1371
f 1370//1370 1365//1365 1366//1366
f 1368//1368 1371//1371 1372//1372
f 1372//1372 1366//1366 1368//1368
f 1376//1376 1378//1378 1375//1375
f 1376//1376 1373//1373 1377//1377
f 1377//1377 1379//1379 1378//1378
f 1375//1375 1378//1378 1379//1379
f 1377//1377 1373//1373 1380//1380
f 1375//1375 1379//1379 1374//1374
f 1380//1380 1374//1374 1379//1379
f 1387//1387 1381//1381 1383//1383
f 1383//1383 1384//1384 1382//1382
f 1385//1385 1382//1382 1384//1384
f 1381//1381 1386//1386 1384//1384
f 1384//1384 1386//1386 1385//1385
f 1386//1386 1388//1388 1385//1385
f 1386//1386 1381//1381 1387//1387
f 1385//1385 1388//1388 1382//1382
f 1387//1387 1382//1382 1388//1388
f 1394//1394 1390//1390 1392//1392
f 1391//1391 1392//1392 1390//1390
f 1391//1391 1389//1389 1393//1393
f 1392//1392 1393//1393 1394//1394
f 1393//1393 1389//1389 1395//1395
f 1395//1395 1396//1396 1394//1394
f 1394//1394 1396//1396 1390//1390
f 1389//1389 1390//1390 1396//1396
usemtl field_material_05
f 5//5 4//4 9//9
f 2//2 7//7 8//8
f 3//3 8//8 9//9
f 8//8 12//12 13//13
f 9//9 13//13 14//14
f 7//7 11//11 12//12
f 12//12 16//16 17//17
f 14//14 13//13 17//17
f 11//11 15//15 16//16
f 16//16 20//20 21//21
f 17//17 21//21 22//22
f 15//15 19//19 20//20
f 20//20 24//24 25//25
f 22//22 21//21 25//25
f 19//19 23//23 24//24
f 24//24 28//28 29//29
f 25//25 29//29 30//30
f 23//23 27//27 28//28
f 28//28 32//32 33//33
f 30//30 29//29 33//33
f 27//27 31//31 32//32
f 32//32 3//3 4//4
f 33//33 4//4 5//5
f 31//31 2//2 3//3
f 35//35 36//36 38//38
f 37//37 38//38 40//40
f 40//40 42//42 41//41
f 41//41 42//42 44//44
f 40//40 38//38 36//36
f 36//36 46//46 40//40
f 46//46 44//44 40//40
f 44//44 46//46 45//45
f 46//46 36//36 35//35
f 45//45 35//35 37//37
f 37//37 39//39 45//45
f 39//39 41//41 45//45
usemtl field_material_23
f 47//47 48//48 50//50
f 49//49 50//50 52//52
f 52//52 54//54 53//53
f 54//54 56//56 55//55
f 56//56 58//58 57//57
f 58//58 60//60 59//59
f 60//60 62//62 61//61
f 61//61 62//62 64//64
f 64//64 65//65 63//63
usemtl field_material_05
f 66//66 68//68 67//67
f 68//68 70//70 69//69
f 70//70 68//68 66//66
f 70//70 66//66 71//71
usemtl field_material_23
f 72//72 73//73 75//75
f 75//75 77//77 76//76
f 77//77 79//79 78//78
f 79//79 81//81 80//80
f 81//81 83//83 82//82
f 83//83 85//85 84//84
f 84//84 85//85 87//87
f 87//87 89//89 88//88
usemtl field_material_05
f 92//92 94//94 93//93
f 94//94 92//92 95//95
usemtl field_material_23
f 97//97 99//99 98//98
f 98//98 99//99 101//101
f 100//100 101//101 103//103
f 102//102 103//103 105//105
f 105//105 107//107 106//106
f 107//107 109//109 108//108
f 109//109 111//111 110//110
f 110//110 111//111 113//113
f 113//113 114//114 112//112
usemtl field_material_05
f 116//116 118//118 115//115
f 116//116 120//120 118//118
f 117//117 118//118 120//120
f 120//120 116//116 119//119
f 119//119 115//115 117//117
f 122//122 124//124 123//123
f 123//123 124//124 126//126
f 125//125 126//126 128//128
f 128//128 130//130 129//129
f 126//126 124//124 122//122
f 122//122 132//132 130//130
f 130//130 128//128 122//122
f 130//130 132//132 131//131
f 131//131 132//132 122//122
f 131//131 121//121 123//123
f 123//123 125//125 127//127
f 127//127 129//129 131//131
usemtl field_material_07
f 134//134 136//136 135//135
f 136//136 138//138 137//137
f 138//138 140//140 139//139
f 140//140 142//142 141//141
f 141//141 142//142 144//144
f 143//143 144//144 146//146
f 145//145 146//146 148//148
f 147//147 148//148 150//150
f 150//150 151//151 149//149
usemtl field_material_05
f 153//153 155//155 152//152
f 155//155 157//157 154//154
f 153//153 157//157 155//155
f 156//156 157//157 153//153
f 152//152 154//154 156//156
usemtl field_material_07
f 159//159 161//161 160//160
f 160//160 161//161 163//163
f 162//162 163//163 165//165
f 165//165 167//167 166//166
f 166//166 167//167 169//169
f 169//169 171//171 170//170
f 170//170 171//171 173//173
f 173//173 175//175 174//174
f 175//175 176//176 174//174
usemtl field_material_05
f 178//178 180//180 177//177
f 180//180 182//182 181//181
f 180//180 178//178 182//182
f 182//182 178//178 177//177
usemtl field_material_07
f 184//184 186//186 185//185
f 185//185 186//186 188//188
f 188//188 190//190 189//189
f 190//190 192//192 191//191
f 191//191 192//192 194//194
f 193//193 194//194 196//196
f 196//196 198//198 197//197
f 197//197 198//198 200//200
f 200//200 201//201 199//199
usemtl field_material_05
f 202//202 203//203 205//205
f 205//205 203//203 206//206
f 202//202 204//204 206//206
f 207//207 208//208 210//210
f 209//209 210//210 212//212
f 212//212 214//214 213//213
f 214//214 216//216 215//215
f 212//212 210//210 216//216
f 210//210 208//208 216//216
f 208//208 218//218 216//216
f 215//215 216//216 218//218
f 217//217 218//218 208//208
f 217//217 207//207 209//209
f 209//209 211//211 213//213
f 213//213 215//215 209//209
usemtl field_material_17
f 220//220 222//222 221//221
f 222//222 224//224 223//223
f 224//224 226//226 225//225
f 226//226 228//228 227//227
f 228//228 230//230 229//229
f 230//230 232//232 231//231
f 232//232 234//234 233//233
f 234//234 236//236 235//235
usemtl field_material_05
f 239//239 242//242 240//240
f 241//241 242//242 239//239
usemtl field_material_17
f 244//244 246//246 245//245
f 245//245 246//246 248//248
f 248//248 250//250 249//249
f 250//250 252//252 251//251
f 252//252 254//254 253//253
f 254//254 256//256 255//255
f 255//255 256//256 258//258
f 258//258 260//260 259//259
usemtl field_material_05
f 263//263 265//265 262//262
f 263//263 267//267 265//265
f 264//264 265//265 267//267
f 267//267 263//263 266//266
f 266//266 262//262 264//264
usemtl field_material_17
f 269//269 271//271 270//270
f 271//271 273//273 272//272
f 272//272 273//273 275//275
f 275//275 277//277 276//276
f 277//277 279//279 278//278
f 278//278 279//279 281//281
f 281//281 283//283 282//282
f 283//283 285//285 284//284
usemtl field_material_05
f 287//287 288//288 289//289
f 289//289 291//291 287//287
f 291//291 289//289 288//288
f 291//291 288//288 290//290
f 292//292 293//293 295//295
f 295//295 297//297 296//296
f 296//296 297//297 299//299
f 299//299 301//301 300//300
f 297//297 295//295 293//293
f 293//293 303//303 297//297
f 303//303 301//301 297//297
f 300//300 301//301 303//303
f 303//303 293//293 292//292
f 302//302 292//292 294//294
f 294//294 296//296 302//302
f 296//296 298//298 302//302
usemtl field_material_23
f 305//305 307//307 306//306
f 307//307 309//309 308//308
f 308//308 309//309 311//311
f 310//310 311//311 313//313
f 313//313 315//315 314//314
f 315//315 317//317 316//316
f 317//317 319//319 318//318
f 319//319 321//321 320//320
f 321//321 322//322 320//320
usemtl field_material_05
f 323//323 324//324 326//326
f 326//326 328//328 325//325
f 328//328 326//326 324//324
f 327//327 328//328 324//324
f 327//327 323//323 325//325
usemtl field_material_23
f 330//330 332//332 331//331
f 332//332 334//334 333//333
f 333//333 334//334 336//336
f 335//335 336//336 338//338
f 338//338 340//340 339//339
f 339//339 340//340 342//342
f 341//341 342//342 344//344
f 343//343 344//344 346//346
f 346//346 347//347 345//345
usemtl field_material_05
f 348//348 349//349 351//351
f 351//351 353//353 350//350
f 352//352 353//353 349//349
f 352//352 348//348 350//350
usemtl field_material_23
f 354//354 355//355 357//357
f 356//356 357//357 359//359
f 358//358 359//359 361//361
f 360//360 361//361 363//363
f 362//362 363//363 365//365
f 364//364 365//365 367//367
f 367//367 369//369 368//368
f 369//369 371//371 370//370
f 371//371 372//372 370//370
usemtl field_material_05
f 373//373 374//374 376//376
f 375//375 376//376 377//377
f 376//376 374//374 377//377
f 375//375 377//377 374//374
f 378//378 379//379 381//381
f 381//381 383//383 382//382
f 382//382 383//383 385//385
f 384//384 385//385 387//387
f 383//383 381//381 387//387
f 381//381 379//379 387//387
f 379//379 389//389 387//387
f 387//387 389//389 388//388
f 389//389 379//379 378//378
f 388//388 378//378 380//380
f 380//380 382//382 384//384
f 384//384 386//386 380//380
usemtl field_material_23
f 390//390 391//391 393//393
f 392//392 393//393 395//395
f 395//395 397//397 396//396
f 396//396 397//397 399//399
f 399//399 401//401 400//400
f 401//401 403//403 402//402
f 402//402 403//403 405//405
f 405//405 407//407 406//406
f 407//407 408//408 406//406
usemtl field_material_05
f 411//411 413//413 410//410
f 411//411 414//414 413//413
f 412//412 413//413 414//414
f 414//414 411//411 409//409
f 409//409 410//410 412//412
usemtl field_material_23
f 416//416 418//418 417//417
f 418//418 420//420 419//419
f 420//420 422//422 421//421
f 421//421 422//422 424//424
f 424//424 426//426 425//425
f 425//425 426//426 428//428
f 427//427 428//428 430//430
f 430//430 432//432 431//431
usemtl field_material_05
f 435//435 438//438 436//436
f 438//438 439//439 437//437
f 439//439 435//435 434//434
f 434//434 436//436 437//437
usemtl field_material_23
f 441//441 443//443 442//442
f 443//443 445//445 444//444
f 445//445 447//447 446//446
f 446//446 447//447 449//449
f 448//448 449//449 451//451
f 451//451 453//453 452//452
f 452//452 453//453 455//455
f 455//455 457//457 456//456
usemtl field_material_05
f 460//460 462//462 459//459
f 460//460 464//464 462//462
f 461//461 462//462 464//464
f 464//464 460//460 463//463
f 466//466 468//468 467//467
f 468//468 470//470 469//469
f 470//470 472//472 471//471
f 472//472 474//474 473//473
f 470//470 468//468 474//474
f 468//468 466//466 474//474
f 466//466 476//476 474//474
f 473//473 474//474 476//476
f 476//476 466//466 465//465
f 475//475 465//465 467//467
f 467//467 469//469 471//471
f 471//471 473//473 467//467
usemtl field_material_07
f 478//478 480//480 479//479
f 479//479 480//480 482//482
f 482//482 484//484 483//483
f 484//484 486//486 485//485
f 486//486 488//488 487//487
f 488//488 490//490 489//489
f 490//490 492//492 491//491
f 491//491 492//492 494//494
usemtl field_material_05
f 497//497 500//500 498//498
f 500//500 497//497 499//499
f 499//499 496//496 498//498
usemtl field_material_07
f 502//502 504//504 503//503
f 504//504 506//506 505//505
f 505//505 506//506 508//508
f 508//508 510//510 509//509
f 510//510 512//512 511//511
f 511//511 512//512 514//514
f 513//513 514//514 516//516
f 516//516 518//518 517//517
usemtl field_material_05
f 521//521 523//523 522//522
f 523//523 521//521 524//524
f 524//524 520//520 522//522
usemtl field_material_07
f 526//526 528//528 527//527
f 528//528 530//530 529//529
f 529//529 530//530 532//532
f 532//532 534//534 533//533
f 533//533 534//534 536//536
f 535//535 536//536 538//538
f 538//538 540//540 539//539
f 540//540 542//542 541//541
usemtl field_material_05
f 544//544 545//545 547//547
f 546//546 547//547 545//545
f 548//548 544//544 546//546
f 550//550 552//552 551//551
f 552//552 554//554 553//553
f 553//553 554//554 556//556
f 555//555 556//556 558//558
f 554//554 552//552 550//550
f 550//550 560//560 558//558
f 558//558 556//556 554//554
f 558//558 560//560 559//559
f 560//560 550//550 549//549
f 559//559 549//549 551//551
f 551//551 553//553 555//555
f 555//555 557//557 551//551
usemtl field_material_07
f 562//562 564//564 563//563
f 563//563 564//564 566//566
f 566//566 568//568 567//567
f 567//567 568//568 570//570
f 570//570 572//572 571//571
f 572//572 574//574 573//573
f 573//573 574//574 576//576
f 576//576 578//578 577//577
f 578//578 579//579 577//577
usemtl field_material_05
f 580//580 581//581 583//583
f 583//583 585//585 582//582
f 585//585 581//581 584//584
f 580//580 582//582 584//584
usemtl field_material_07
f 587//587 589//589 588//588
f 589//589 591//591 590//590
f 591//591 593//593 592//592
f 593//593 595//595 594//594
f 594//594 595//595 597//597
f 596//596 597//597 599//599
f 598//598 599//599 601//601
f 601//601 603//603 602//602
usemtl field_material_05
f 606//606 609//609 607//607
f 609//609 606//606 608//608
usemtl field_material_07
f 610//610 611//611 613//613
f 612//612 613//613 615//615
f 615//615 617//617 616//616
f 617//617 619//619 618//618
f 619//619 621//621 620//620
f 621//621 623//623 622//622
f 622//622 623//623 625//625
f 624//624 625//625 627//627
usemtl field_material_05
f 629//629 630//630 632//632
f 632//632 634//634 631//631
f 634//634 630//630 633//633
f 629//629 631//631 633//633
f 636//636 638//638 637//637
f 637//637 638//638 640//640
f 640//640 642//642 641//641
f 642//642 644//644 643//643
f 640//640 638//638 636//636
f 636//636 646//646 640//640
f 646//646 644//644 640//640
f 643//643 644//644 646//646
f 646//646 636//636 635//635
f 645//645 635//635 637//637
f 637//637 639//639 645//645
f 639//639 641//641 645//645
usemtl field_material_23
f 648//648 650//650 649//649
f 650//650 652//652 651//651
f 651//651 652//652 654//654
f 654//654 656//656 655//655
f 655//655 656//656 658//658
f 658//658 660//660 659//659
f 660//660 662//662 661//661
f 662//662 664//664 663//663
f 664//664 665//665 663//663
usemtl field_material_05
f 666//666 668//668 669//669
f 668//668 670//670 667//667
f 666//666 670//670 668//668
f 669//669 670//670 666//666
usemtl field_material_23
f 672//672 674//674 673//673
f 673//673 674//674 676//676
f 676//676 678//678 677//677
f 678//678 680//680 679//679
f 679//679 680//680 682//682
f 682//682 684//684 683//683
f 683//683 684//684 686//686
f 686//686 688//688 687//687
f 688//688 689//689 687//687
usemtl field_material_05
f 691//691 694//694 690//690
f 694//694 691//691 693//693
f 693//693 690//690 692//692
usemtl field_material_23
f 695//695 696//696 698//698
f 698//698 700//700 699//699
f 699//699 700//700 702//702
f 702//702 704//704 703//703
f 703//703 704//704 706//706
f 706//706 708//708 707//707
f 707//707 708//708 710//710
f 709//709 710//710 712//712
f 712//712 713//713 711//711
usemtl field_material_05
f 715//715 718//718 714//714
f 718//718 715//715 717//717
f 717//717 714//714 716//716
f 720//720 722//722 721//721
f 722//722 724//724 723//723
f 724//724 726//726 725//725
f 726//726 728//728 727//727
f 724//724 722//722 728//728
f 722//722 720//720 728//728
f 720//720 730//730 728//728
f 728//728 730//730 729//729
f 730//730 720//720 719//719
f 729//729 719//719 721//721
f 721//721 723//723 725//725
f 725//725 727//727 729//729
usemtl field_material_13
f 732//732 737//737 738//738
f 734//734 739//739 740//740
f 741//741 742//742 735//735
f 735//735 742//742 743//743
f 743//743 744//744 736//736
f 736//736 744//744 745//745
f 745//745 746//746 736//736
f 746//746 737//737 732//732
f 741//741 748//748 742//742
f 737//737 759//759 749//749
f 738//738 749//749 747//747
f 733//733 750//750 751//751
f 751//751 752//752 739//739
f 740//740 752//752 753//753
f 748//748 753//753 754//754
f 754//754 755//755 742//742
f 755//755 756//756 742//742
f 756//756 757//757 743//743
f 744//744 757//757 758//758
f 745//745 758//758 759//759
f 749//749 760//760 761//761
f 756//756 772//772 757//757
f 757//757 762//762 758//758
f 762//762 773//773 758//758
f 759//759 763//763 760//760
f 764//764 765//765 750//750
f 750//750 765//765 766//766
f 766//766 767//767 752//752
f 767//767 768//768 753//753
f 768//768 769//769 754//754
f 754//754 769//769 770//770
f 770//770 771//771 756//756
f 761//761 775//775 764//764
f 766//766 776//776 767//767
f 767//767 777//777 768//768
f 770//770 778//778 771//771
f 762//762 779//779 773//773
f 765//765 782//782 783//783
f 776//776 784//784 767//767
f 777//777 785//785 768//768
f 785//785 786//786 769//769
f 786//786 787//787 769//769
f 787//787 788//788 770//770
f 778//778 789//789 771//771
f 771//771 789//789 790//790
f 771//771 790//790 791//791
f 772//772 791//791 792//792
f 792//792 793//793 762//762
f 794//794 795//795 763//763
f 763//763 795//795 780//780
f 774//774 797//797 781//781
f 781//781 797//797 775//775
f 783//783 798//798 776//776
f 776//776 798//798 784//784
f 788//788 799//799 778//778
f 789//789 800//800 790//790
f 790//790 800//800 791//791
f 792//792 801//801 793//793
f 802//802 803//803 774//774
f 774//774 803//803 797//797
f 775//775 804//804 796//796
f 796//796 805//805 806//806
f 785//785 807//807 786//786
f 788//788 808//808 799//799
f 779//779 810//810 794//794
f 795//795 802//802 780//780
f 777//777 811//811 807//807
f 799//799 800//800 789//789
f 800//800 809//809 791//791
f 813//813 814//814 797//797
f 814//814 815//815 806//806
f 815//815 816//816 811//811
f 816//816 817//817 808//808
f 817//817 818//818 799//799
f 809//809 818//818 819//819
f 819//819 820//820 812//812
f 802//802 820//820 813//813
usemtl field_material_05
f 834//834 823//823 824//824
f 833//833 822//822 824//824
f 825//825 824//824 826//826
f 822//822 827//827 826//826
f 826//826 829//829 832//832
f 826//826 827//827 830//830
f 832//832 829//829 831//831
f 831//831 830//830 833//833
f 831//831 823//823 834//834
f 847//847 835//835 836//836
f 838//838 836//836 839//839
f 839//839 840//840 842//842
f 839//839 835//835 841//841
f 842//842 840//840 843//843
f 841//841 844//844 843//843
f 846//846 843//843 845//845
f 845//845 844//844 847//847
f 845//845 836//836 837//837
f 849//849 848//848 850//850
f 851//851 850//850 853//853
f 853//853 848//848 854//854
f 853//853 855//855 856//856
f 854//854 857//857 855//855
f 856//856 855//855 858//858
f 858//858 857//857 849//849
f 858//858 850//850 851//851
f 861//861 860//860 863//863
f 862//862 863//863 865//865
f 865//865 860//860 866//866
f 865//865 867//867 868//868
f 866//866 869//869 867//867
f 868//868 867//867 870//870
f 870//870 869//869 861//861
f 870//870 863//863 862//862
f 875//875 873//873 876//876
f 874//874 877//877 876//876
f 876//876 879//879 881//881
f 876//876 877//877 880//880
f 881//881 879//879 882//882
f 880//880 872//872 882//882
f 882//882 872//872 874//874
f 882//882 873//873 875//875
f 885//885 888//888 886//886
f 887//887 888//888 890//890
f 890//890 891//891 889//889
f 885//885 893//893 891//891
f 891//891 890//890 885//885
f 891//891 893//893 892//892
f 893//893 885//885 884//884
f 892//892 884//884 889//889
f 884//884 886//886 889//889
f 886//886 887//887 889//889
usemtl field_material_13
f 900//900 901//901 896//896
f 901//901 902//902 896//896
f 902//902 903//903 897//897
f 897//897 903//903 904//904
f 904//904 905//905 897//897
f 907//907 905//905 906//906
f 907//907 908//908 898//898
f 898//898 908//908 909//909
f 909//909 910//910 895//895
f 895//895 910//910 899//899
f 899//899 914//914 911//911
f 900//900 911//911 901//901
f 912//912 914//914 899//899
f 914//914 915//915 911//911
f 915//915 916//916 911//911
f 916//916 917//917 901//901
f 917//917 918//918 902//902
f 918//918 919//919 904//904
f 905//905 919//919 920//920
f 920//920 921//921 906//906
f 907//907 921//921 922//922
f 908//908 922//922 923//923
f 909//909 923//923 924//924
f 910//910 924//924 912//912
f 917//917 916//916 926//926
f 927//927 928//928 918//918
f 919//919 934//934 920//920
f 920//920 929//929 921//921
f 924//924 930//930 912//912
f 912//912 930//930 925//925
f 931//931 932//932 915//915
f 916//916 932//932 926//926
f 926//926 927//927 917//917
f 935//935 936//936 922//922
f 936//936 937//937 924//924
f 924//924 937//937 930//930
f 925//925 938//938 931//931
f 928//928 939//939 933//933
f 934//934 940//940 929//929
f 930//930 943//943 925//925
f 925//925 943//943 938//938
f 931//931 944//944 945//945
f 945//945 946//946 932//932
f 946//946 947//947 932//932
f 948//948 949//949 927//927
f 949//949 950//950 928//928
f 933//933 951//951 952//952
f 940//940 953//953 929//929
f 954//954 955//955 935//935
f 955//955 956//956 936//936
f 937//937 957//957 958//958
f 937//937 958//958 959//959
f 947//947 961//961 948//948
f 944//944 960//960 945//945
f 945//945 960//960 946//946
f 961//961 962//962 948//948
f 948//948 962//962 949//949
f 954//954 964//964 955//955
f 956//956 965//965 942//942
f 938//938 966//966 967//967
f 944//944 967//967 960//960
f 946//946 968//968 947//947
f 968//968 975//975 961//961
f 949//949 969//969 950//950
f 950//950 969//969 939//939
f 951//951 970//970 952//952
f 963//963 971//971 953//953
f 941//941 972//972 954//954
f 954//954 972//972 964//964
f 964//964 973//973 956//956
f 956//956 973//973 965//965
f 965//965 977//977 957//957
f 958//958 974//974 959//959
f 959//959 974//974 966//966
f 960//960 968//968 946//946
f 961//961 975//975 962//962
f 962//962 969//969 949//949
f 969//969 976//976 939//939
f 978//978 979//979 967//967
f 979//979 980//980 968//968
f 980//980 981//981 969//969
f 969//969 981//981 982//982
f 970//970 982//982 983//983
f 972//972 983//983 984//984
f 964//964 984//984 985//985
f 985//985 978//978 977//977
usemtl field_material_05
f 997//997 991//991 989//989
f 990//990 988//988 989//989
f 990//990 989//989 992//992
f 992//992 991//991 987//987
f 992//992 987//987 994//994
f 992//992 996//996 995//995
f 994//994 997//997 998//998
f 995//995 996//996 998//998
f 998//998 988//988 999//999
f 1010//1010 1003//1003 1001//1001
f 1002//1002 1001//1001 1004//1004
f 1004//1004 1005//1005 1006//1006
f 1004//1004 1003//1003 1000//1000
f 1005//1005 1000//1000 1007//1007
f 1009//1009 1005//1005 1008//1008
f 1007//1007 1010//1010 1012//1012
f 1009//1009 1008//1008 1012//1012
f 1012//1012 1001//1001 1002//1002
f 1023//1023 1014//1014 1015//1015
f 1024//1024 1016//1016 1015//1015
f 1015//1015 1018//1018 1019//1019
f 1015//1015 1016//1016 1020//1020
f 1021//1021 1018//1018 1022//1022
f 1020//1020 1013//1013 1022//1022
f 1022//1022 1013//1013 1024//1024
f 1022//1022 1014//1014 1023//1023
f 1028//1028 1026//1026 1029//1029
f 1027//1027 1030//1030 1029//1029
f 1029//1029 1031//1031 1032//1032
f 1031//1031 1030//1030 1033//1033
f 1032//1032 1031//1031 1034//1034
f 1035//1035 1034//1034 1036//1036
f 1033//1033 1025//1025 1036//1036
f 1036//1036 1025//1025 1027//1027
f 1036//1036 1026//1026 1037//1037
f 1049//1049 1038//1038 1039//1039
f 1041//1041 1039//1039 1042//1042
f 1042//1042 1043//1043 1045//1045
f 1042//1042 1038//1038 1044//1044
f 1045//1045 1043//1043 1046//1046
f 1044//1044 1047//1047 1046//1046
f 1046//1046 1050//1050 1040//1040
f 1046//1046 1047//1047 1049//1049
f 1050//1050 1039//1039 1040//1040
f 1051//1051 1052//1052 1053//1053
f 1053//1053 1055//1055 1054//1054
f 1054//1054 1055//1055 1057//1057
f 1057//1057 1058//1058 1056//1056
f 1055//1055 1053//1053 1058//1058
f 1053//1053 1052//1052 1058//1058
f 1058//1058 1052//1052 1059//1059
f 1051//1051 1054//1054 1056//1056
usemtl field_material_09
f 1061//1061 1068//1068 1069//1069
f 1069//1069 1070//1070 1062//1062
f 1070//1070 1071//1071 1063//1063
f 1071//1071 1072//1072 1063//1063
f 1064//1064 1072//1072 1073//1073
f 1073//1073 1083//1083 1065//1065
f 1083//1083 1074//1074 1065//1065
f 1074//1074 1075//1075 1065//1065
f 1066//1066 1075//1075 1076//1076
f 1076//1076 1087//1087 1067//1067
f 1087//1087 1068//1068 1061//1061
f 1070//1070 1077//1077 1078//1078
f 1070//1070 1078//1078 1079//1079
f 1079//1079 1080//1080 1071//1071
f 1072//1072 1080//1080 1081//1081
f 1081//1081 1082//1082 1073//1073
f 1083//1083 1084//1084 1074//1074
f 1075//1075 1084//1084 1085//1085
f 1085//1085 1086//1086 1076//1076
f 1088//1088 1089//1089 1069//1069
f 1089//1089 1090//1090 1077//1077
f 1077//1077 1090//1090 1091//1091
f 1091//1091 1092//1092 1079//1079
f 1079//1079 1092//1092 1093//1093
f 1093//1093 1094//1094 1080//1080
f 1094//1094 1095//1095 1081//1081
f 1095//1095 1096//1096 1082//1082
f 1096//1096 1097//1097 1083//1083
f 1083//1083 1097//1097 1098//1098
f 1084//1084 1098//1098 1099//1099
f 1099//1099 1100//1100 1085//1085
f 1100//1100 1101//1101 1086//1086
f 1101//1101 1102//1102 1087//1087
f 1102//1102 1088//1088 1068//1068
f 1103//1103 1104//1104 1089//1089
f 1091//1091 1105//1105 1106//1106
f 1106//1106 1107//1107 1092//1092
f 1094//1094 1108//1108 1109//1109
f 1095//1095 1109//1109 1110//1110
f 1098//1098 1111//1111 1099//1099
f 1101//1101 1113//1113 1102//1102
f 1114//1114 1103//1103 1088//1088
f 1103//1103 1115//1115 1104//1104
f 1115//1115 1116//1116 1104//1104
f 1116//1116 1117//1117 1090//1090
f 1117//1117 1118//1118 1105//1105
f 1118//1118 1119//1119 1105//1105
f 1108//1108 1121//1121 1109//1109
f 1109//1109 1121//1121 1122//1122
f 1110//1110 1123//1123 1096//1096
f 1123//1123 1124//1124 1098//1098
f 1124//1124 1125//1125 1111//1111
f 1125//1125 1126//1126 1111//1111
f 1111//1111 1126//1126 1127//1127
f 1119//1119 1131//1131 1106//1106
f 1108//1108 1132//1132 1121//1121
f 1122//1122 1133//1133 1110//1110
f 1123//1123 1134//1134 1124//1124
f 1127//1127 1135//1135 1112//1112
f 1112//1112 1135//1135 1128//1128
f 1128//1128 1136//1136 1113//1113
f 1114//1114 1130//1130 1103//1103
f 1115//1115 1137//1137 1138//1138
f 1138//1138 1139//1139 1117//1117
f 1118//1118 1139//1139 1140//1140
f 1141//1141 1142//1142 1120//1120
f 1143//1143 1144//1144 1122//1122
f 1146//1146 1147//1147 1125//1125
f 1147//1147 1148//1148 1126//1126
f 1148//1148 1149//1149 1127//1127
f 1135//1135 1150//1150 1128//1128
f 1151//1151 1152//1152 1114//1114
f 1138//1138 1155//1155 1156//1156
f 1141//1141 1158//1158 1142//1142
f 1159//1159 1160//1160 1143//1143
f 1144//1144 1161//1161 1133//1133
f 1161//1161 1162//1162 1145//1145
f 1145//1145 1162//1162 1163//1163
f 1134//1134 1163//1163 1146//1146
f 1146//1146 1164//1164 1147//1147
f 1164//1164 1165//1165 1148//1148
f 1148//1148 1165//1165 1166//1166
f 1136//1136 1167//1167 1151//1151
f 1151//1151 1167//1167 1152//1152
f 1156//1156 1169//1169 1153//1153
f 1153//1153 1169//1169 1157//1157
f 1157//1157 1170//1170 1131//1131
f 1131//1131 1170//1170 1158//1158
f 1142//1142 1171//1171 1159//1159
f 1160//1160 1172//1172 1144//1144
f 1163//1163 1173//1173 1146//1146
f 1166//1166 1174//1174 1135//1135
f 1135//1135 1174//1174 1175//1175
f 1175//1175 1176//1176 1136//1136
f 1136//1136 1176//1176 1167//1167
f 1167//1167 1177//1177 1152//1152
f 1168//1168 1179//1179 1155//1155
f 1179//1179 1180//1180 1156//1156
f 1170//1170 1182//1182 1158//1158
f 1183//1183 1184//1184 1160//1160
f 1185//1185 1186//1186 1162//1162
f 1186//1186 1187//1187 1163//1163
f 1164//1164 1188//1188 1165//1165
f 1167//1167 1190//1190 1177//1177
f 1168//1168 1191//1191 1192//1192
f 1192//1192 1193//1193 1169//1169
f 1193//1193 1194//1194 1170//1170
f 1194//1194 1195//1195 1183//1183
f 1195//1195 1196//1196 1172//1172
f 1185//1185 1196//1196 1197//1197
f 1197//1197 1198//1198 1173//1173
f 1198//1198 1199//1199 1189//1189
f 1199//1199 1200//1200 1175//1175
f 1200//1200 1201//1201 1190//1190
f 1201//1201 1191//1191 1178//1178
usemtl field_material_05
f 1204//1204 1207//1207 1206//1206
f 1209//1209 1206//1206 1208//1208
f 1208//1208 1207//1207 1210//1210
f 1208//1208 1211//1211 1212//1212
f 1211//1211 1213//1213 1212//1212
f 1210//1210 1203//1203 1214//1214
f 1212//1212 1213//1213 1214//1214
f 1203//1203 1216//1216 1217//1217
f 1215//1215 1214//1214 1217//1217
f 1217//1217 1219//1219 1218//1218
f 1219//1219 1216//1216 1204//1204
f 1221//1221 1223//1223 1222//1222
f 1235//1235 1221//1221 1222//1222
f 1225//1225 1222//1222 1224//1224
f 1224//1224 1226//1226 1229//1229
f 1224//1224 1223//1223 1220//1220
f 1226//1226 1220//1220 1227//1227
f 1226//1226 1228//1228 1229//1229
f 1229//1229 1228//1228 1230//1230
f 1227//1227 1232//1232 1233//1233
f 1231//1231 1230//1230 1233//1233
f 1233//1233 1234//1234 1235//1235
f 1234//1234 1232//1232 1221//1221
f 1234//1234 1221//1221 1235//1235
f 1251//1251 1237//1237 1239//1239
f 1240//1240 1239//1239 1241//1241
f 1238//1238 1236//1236 1241//1241
f 1241//1241 1242//1242 1243//1243
f 1242//1242 1236//1236 1244//1244
f 1244//1244 1248//1248 1249//1249
f 1247//1247 1246//1246 1249//1249
f 1249//1249 1250//1250 1251//1251
f 1250//1250 1248//1248 1238//1238
f 1250//1250 1237//1237 1251//1251
f 1253//1253 1256//1256 1255//1255
f 1258//1258 1255//1255 1257//1257
f 1257//1257 1259//1259 1260//1260
f 1257//1257 1256//1256 1252//1252
f 1259//1259 1252//1252 1261//1261
f 1259//1259 1262//1262 1263//1263
f 1263//1263 1262//1262 1264//1264
f 1261//1261 1265//1265 1266//1266
f 1263//1263 1264//1264 1266//1266
f 1266//1266 1268//1268 1267//1267
f 1268//1268 1265//1265 1253//1253
f 1272//1272 1270//1270 1271//1271
f 1283//1283 1273//1273 1271//1271
f 1272//1272 1271//1271 1274//1274
f 1274//1274 1275//1275 1276//1276
f 1274//1274 1273//1273 1277//1277
f 1275//1275 1278//1278 1280//1280
f 1277//1277 1269//1269 1279//1279
f 1280//1280 1278//1278 1279//1279
f 1280//1280 1279//1279 1281//1281
f 1281//1281 1269//1269 1283//1283
f 1281//1281 1284//1284 1282//1282
f 1284//1284 1270//1270 1272//1272
usemtl field_material_29
f 1286//1286 1291//1291 1287//1287
f 1287//1287 1285//1285 1288//1288
f 1290//1290 1291//1291 1292//1292
f 1294//1294 1295//1295 1296//1296
f 1295//1295 1293//1293 1297//1297
f 1299//1299 1293//1293 1298//1298
f 1298//1298 1294//1294 1300//1300
f 1302//1302 1304//1304 1303//1303
f 1304//1304 1301//1301 1305//1305
f 1306//1306 1301//1301 1307//1307
f 1307//1307 1302//1302 1308//1308
f 1311//1311 1309//1309 1310//1310
f 1310//1310 1313//1313 1312//1312
f 1313//1313 1314//1314 1315//1315
f 1314//1314 1309//1309 1316//1316
f 1319//1319 1323//1323 1318//1318
f 1318//1318 1317//1317 1320//1320
f 1321//1321 1323//1323 1324//1324
f 1326//1326 1327//1327 1328//1328
f 1327//1327 1325//1325 1329//1329
f 1331//1331 1325//1325 1330//1330
f 1330//1330 1326//1326 1332//1332
f 1335//1335 1339//1339 1334//1334
f 1334//1334 1333//1333 1336//1336
f 1336//1336 1337//1337 1338//1338
f 1336//1336 1333//1333 1337//1337
f 1337//1337 1339//1339 1340//1340
f 1342//1342 1344//1344 1343//1343
f 1344//1344 1341//1341 1345//1345
f 1346//1346 1341//1341 1347//1347
f 1347//1347 1342//1342 1348//1348
f 1350//1350 1352//1352 1351//1351
f 1352//1352 1349//1349 1353//1353
f 1354//1354 1349//1349 1355//1355
f 1355//1355 1350//1350 1356//1356
f 1358//1358 1359//1359 1360//1360
f 1359//1359 1357//1357 1361//1361
f 1363//1363 1357//1357 1362//1362
f 1362//1362 1358//1358 1364//1364
f 1366//1366 1367//1367 1368//1368
f 1367//1367 1365//1365 1369//1369
f 1371//1371 1365//1365 1370//1370
f 1370//1370 1366//1366 1372//1372
f 1374//1374 1373//1373 1376//1376
f 1374//1374 1376//1376 1375//1375
f 1376//1376 1377//1377 1378//1378
f 1379//1379 1377//1377 1380//1380
f 1380//1380 1373//1373 1374//1374
f 1382//1382 1387//1387 1383//1383
f 1383//1383 1381//1381 1384//1384
f 1386//1386 1387//1387 1388//1388
f 1390//1390 1389//1389 1391//1391
f 1391//1391 1393//1393 1392//1392
f 1393//1393 1395//1395 1394//1394
f 1395//1395 1389//1389 1396//1396
