# Strawberry URP Gazebo mesh generated by export_gazebo_assets.py
mtllib plant_variant_04.mtl

o field_export_plant_variant_04
v 0.000000000 0.000000000 0.025000000
v 0.000000000 0.026450338 0.020225426
v 0.000000000 0.042797547 0.007725425
v 0.000000000 0.042797547 -0.007725425
v 0.000000000 0.026450338 -0.020225426
v 0.000000000 0.000000000 -0.025000000
v 0.018703211 0.018703211 0.020225426
v 0.030262435 0.030262435 0.007725425
v 0.030262435 0.030262435 -0.007725425
v 0.018703211 0.018703211 -0.020225426
v 0.026450334 0.000000000 0.020225426
v 0.042797547 0.000000000 0.007725425
v 0.042797547 0.000000000 -0.007725425
v 0.026450334 0.000000000 -0.020225426
v 0.018703211 -0.018703211 0.020225426
v 0.030262435 -0.030262435 0.007725425
v 0.030262435 -0.030262435 -0.007725425
v 0.018703211 -0.018703211 -0.020225426
v 0.000000000 -0.026450334 0.020225426
v 0.000000000 -0.042797547 0.007725425
v 0.000000000 -0.042797547 -0.007725425
v 0.000000000 -0.026450334 -0.020225426
v -0.018703211 -0.018703211 0.020225426
v -0.030262435 -0.030262435 0.007725425
v -0.030262435 -0.030262435 -0.007725425
v -0.018703211 -0.018703211 -0.020225426
v -0.026450334 0.000000000 0.020225426
v -0.042797547 0.000000000 0.007725425
v -0.042797547 0.000000000 -0.007725425
v -0.026450334 0.000000000 -0.020225426
v -0.018703211 0.018703211 0.020225426
v -0.030262435 0.030262435 0.007725425
v -0.030262435 0.030262435 -0.007725425
v -0.018703211 0.018703211 -0.020225426
v 0.001984358 0.004358724 0.005105272
v -0.085050628 -0.186816528 0.202154920
v 0.006509487 -0.000332467 0.002552643
v -0.080525503 -0.191507727 0.199602291
v 0.004525114 -0.004691198 -0.002552629
v -0.082509875 -0.195866451 0.194497019
v -0.001984380 -0.004358739 -0.005105257
v -0.089019366 -0.195533991 0.191944391
v -0.006509509 0.000332452 -0.002552629
v -0.093544498 -0.190842807 0.194497019
v -0.004525136 0.004691184 0.002552643
v -0.091560125 -0.186484069 0.199602291
v -0.066542685 -0.221902937 0.204242721
v -0.123651139 -0.195829138 0.204067022
v -0.069780953 -0.231018320 0.207022339
v -0.128440410 -0.204312846 0.206930026
v -0.060695022 -0.245776221 0.209273815
v -0.145542905 -0.207148135 0.209140301
v -0.070399642 -0.251947820 0.210667163
v -0.143828779 -0.218518242 0.210551605
v -0.064041756 -0.265396714 0.211161613
v -0.158148110 -0.222553596 0.211013526
v -0.078346036 -0.269402325 0.210666806
v -0.151775181 -0.235972762 0.210551262
v -0.076587819 -0.280685246 0.209273130
v -0.161435694 -0.242057174 0.209139600
v -0.093620144 -0.283381879 0.207021296
v -0.152279615 -0.256676406 0.206928983
v -0.098301940 -0.291657716 0.204232514
v -0.155443221 -0.265661061 0.204022437
v -0.134668499 -0.295900196 0.197068661
v -0.085715547 -0.191715375 0.197509229
v -0.127715677 -0.282324225 0.210613698
v -0.127578378 -0.282783568 0.207603768
v -0.088641644 -0.190517619 0.196490005
v -0.129923776 -0.281591982 0.208543032
v -0.132552922 -0.200941399 0.202222928
v -0.154348060 -0.157224968 0.205652580
v -0.139030665 -0.205117077 0.204792812
v -0.161450803 -0.160268575 0.208442241
v -0.140799135 -0.218683630 0.206058875
v -0.173228711 -0.153812602 0.211337566
v -0.149726182 -0.217790276 0.207642674
v -0.177791417 -0.161649525 0.212210968
v -0.152487963 -0.229073405 0.207277671
v -0.188456208 -0.157123744 0.213132381
v -0.163120061 -0.224451214 0.207215160
v -0.191185296 -0.168310463 0.211783454
v -0.167586908 -0.232005477 0.205203846
v -0.200016484 -0.167134449 0.210482553
v -0.179212332 -0.225099862 0.203510284
v -0.201632470 -0.180251375 0.207159698
v -0.186090499 -0.227560282 0.200467721
v -0.207938075 -0.183872864 0.203908235
v -0.210134313 -0.211693168 0.194497615
v -0.129264325 -0.172258303 0.198606625
v -0.199696392 -0.205807209 0.210606620
v -0.129535645 -0.172746465 0.195610344
v -0.198945791 -0.208017945 0.208545327
v -0.130582228 -0.170331225 0.196545362
v -0.200249702 -0.205731302 0.207610324
v -0.017641965 -0.219691008 0.211247101
v -0.064927571 -0.231838658 0.207452178
v -0.015445458 -0.227005854 0.216076434
v -0.063990213 -0.239545122 0.212396428
v -0.002980486 -0.231652260 0.220783681
v -0.073197946 -0.249789655 0.215460747
v -0.005988535 -0.240243956 0.222894609
v -0.066756211 -0.255940437 0.218288034
v 0.004382618 -0.245322406 0.224432215
v -0.073496878 -0.265438944 0.218528450
v -0.002256170 -0.254735202 0.223036766
v -0.063023850 -0.270431697 0.218430191
v 0.004484240 -0.260634750 0.221067980
v -0.065733224 -0.278772146 0.215745047
v -0.004248373 -0.270479590 0.216502875
v -0.052793130 -0.283018887 0.212822884
v -0.002712275 -0.277646035 0.211754426
v -0.049985200 -0.289840758 0.207970440
v -0.021816658 -0.297518402 0.197920054
v -0.044327810 -0.210384429 0.198828712
v -0.025742428 -0.286216766 0.210369885
v -0.042719547 -0.210331827 0.196545348
v -0.023115620 -0.285660654 0.209599391
v -0.045705780 -0.211154640 0.196221501
v -0.025001649 -0.286503911 0.207358524
v -0.003465086 0.003647178 0.004867390
v 0.101432160 -0.106762588 0.162274808
v 0.002662368 0.005999081 0.002433702
v 0.107559614 -0.104410686 0.159841120
v 0.006127451 0.002351906 -0.002433673
v 0.111024693 -0.108057857 0.154973745
v 0.003465071 -0.003647171 -0.004867360
v 0.108362317 -0.114056937 0.152540058
v -0.002662383 -0.005999073 -0.002433673
v 0.102234863 -0.116408840 0.154973745
v -0.006127466 -0.002351899 0.002433702
v 0.098769784 -0.112761661 0.159841120
v 0.140425161 -0.101935431 0.170461118
v 0.094888061 -0.145146936 0.171188429
v 0.147438720 -0.107990794 0.175845325
v 0.100717686 -0.152379155 0.176815838
v 0.164322779 -0.104776338 0.180198297
v 0.096743219 -0.168981805 0.181602105
v 0.166277170 -0.115869455 0.183526441
v 0.107792407 -0.171434224 0.184741318
v 0.181065857 -0.114906617 0.185099006
v 0.106112130 -0.186118096 0.186655998
v 0.179439858 -0.129681334 0.185471073
v 0.120955087 -0.185246095 0.186685950
v 0.190648139 -0.132400095 0.184087545
v 0.123068571 -0.196605563 0.185491353
v 0.186926752 -0.149426430 0.181679189
v 0.140205711 -0.193814784 0.182649717
v 0.193053335 -0.157164618 0.178158760
v 0.147560373 -0.200418770 0.178921282
v 0.183887303 -0.193202540 0.169086471
v 0.106072873 -0.109430507 0.156575531
v 0.174184099 -0.182259470 0.170971513
v 0.104249701 -0.111264274 0.155961603
v 0.174151018 -0.182830974 0.167708620
v 0.104229502 -0.110785246 0.158971548
v 0.172488213 -0.184038162 0.169959694
v 0.095789403 -0.156038299 0.166267321
v 0.047153033 -0.159880266 0.162067443
v 0.096814930 -0.163514063 0.168961659
v 0.046877123 -0.167507619 0.164762095
v 0.108383745 -0.170160502 0.172055051
v 0.036151309 -0.175936967 0.165980577
v 0.104006767 -0.178057656 0.173037022
v 0.041495293 -0.183056742 0.167780057
v 0.113360852 -0.184829444 0.174314439
v 0.033246513 -0.191236228 0.167577133
v 0.105183646 -0.192974955 0.173227951
v 0.042672180 -0.197974026 0.167970970
v 0.110737517 -0.199995071 0.172436878
v 0.038505081 -0.205771536 0.166362405
v 0.100345589 -0.208265930 0.169534415
v 0.050407786 -0.212259471 0.165334836
v 0.100501291 -0.215673268 0.166889921
v 0.051851962 -0.219546363 0.162892625
v 0.077845953 -0.232268423 0.158564776
v 0.071774714 -0.142502442 0.158727691
v 0.077019513 -0.220261201 0.171186507
v 0.071168274 -0.143015698 0.155716345
v 0.078573436 -0.220539331 0.168579295
v 0.069110289 -0.142834425 0.157957211
v 0.075482205 -0.220736548 0.168903157
v 0.157782435 -0.055371638 0.168329701
v 0.151346371 -0.103886984 0.169987783
v 0.165588036 -0.055568933 0.172801837
v 0.159026250 -0.105373695 0.174750611
v 0.174713612 -0.045318179 0.176007390
v 0.165222332 -0.117358178 0.178826183
v 0.181645155 -0.051075242 0.178442031
v 0.173431188 -0.113420181 0.180881470
v 0.190270782 -0.043254390 0.178786933
v 0.179743826 -0.123155288 0.181913301
v 0.196478784 -0.053038768 0.178207248
v 0.188264817 -0.115383700 0.180646703
v 0.204380870 -0.049245216 0.175537840
v 0.194889575 -0.121285215 0.178356647
v 0.210088909 -0.061459489 0.172097519
v 0.203527123 -0.111264244 0.174046293
v 0.217102259 -0.063239545 0.167108059
v 0.210731104 -0.111745194 0.169203043
v 0.227906093 -0.089876167 0.156019002
v 0.138699606 -0.078001492 0.159186527
v 0.139229745 -0.076328702 0.157190442
v 0.216288537 -0.086944193 0.170586720
v 0.138897866 -0.079567604 0.156579301
v 0.216518164 -0.088581987 0.167716339
v 0.215995222 -0.089911900 0.169957191
v -0.003983758 -0.001202658 0.005628817
v 0.204672337 0.061787896 0.166762710
v -0.003743879 0.005202156 0.002814420
v 0.204912215 0.068192706 0.163948298
v 0.000239879 0.006404798 -0.002814375
v 0.208895966 0.069395348 0.158319503
v 0.003983758 0.001202628 -0.005628772
v 0.212639838 0.064193182 0.155505121
v 0.003743879 -0.005202185 -0.002814375
v 0.212399960 0.057788368 0.158319503
v -0.000239879 -0.006404828 0.002814420
v 0.208416209 0.056585725 0.163948298
v 0.218486741 0.099395745 0.168904856
v 0.236525849 0.039407842 0.173078433
v 0.227589130 0.103282973 0.172580689
v 0.246171221 0.041729864 0.177057788
v 0.232775271 0.120056868 0.174549714
v 0.259653300 0.031023480 0.181025594
v 0.243861169 0.116993383 0.176729202
v 0.267121971 0.039942019 0.182333574
v 0.249800041 0.130651027 0.176317886
v 0.279610962 0.031902455 0.183500409
v 0.262223423 0.122488797 0.176070571
v 0.285484225 0.045437440 0.181674927
v 0.269499749 0.131047711 0.173232436
v 0.296377778 0.042014319 0.179708332
v 0.282675862 0.119769230 0.170604765
v 0.301257968 0.058216117 0.175081864
v 0.291899592 0.121342599 0.166036054
v 0.309988350 0.061397061 0.170557708
v 0.318809807 0.095897324 0.157206014
v 0.208191574 0.064338438 0.161593512
v 0.304516971 0.090915903 0.174460158
v 0.303830653 0.093510687 0.173686162
v 0.209221736 0.061349228 0.160574272
v 0.304677993 0.091638707 0.171435088
v 0.245329916 0.035061769 0.168676615
v 0.226817027 -0.010272237 0.168745309
v 0.252464354 0.032869682 0.171688899
v 0.233499587 -0.013688561 0.171879679
v 0.263614476 0.040455472 0.174158618
v 0.236182913 -0.026888605 0.174434572
v 0.268687248 0.033112749 0.175891787
v 0.244947404 -0.025168233 0.176130593
v 0.278950542 0.038502846 0.176683038
v 0.248525694 -0.036189724 0.176989108
v 0.282531053 0.027476681 0.176620439
v 0.258791208 -0.030804303 0.176859260
v 0.291302085 0.029183334 0.175615937
v 0.263870507 -0.038160741 0.175891891
v 0.293995738 0.015961470 0.173874870
v 0.275030971 -0.030596770 0.174065650
v 0.300677419 0.012522929 0.171442404
v 0.282186925 -0.032817610 0.171725780
v 0.305267245 -0.015846621 0.165520057
v 0.222417310 0.018971555 0.162454158
v 0.293922126 -0.012250695 0.174454138
v 0.295043796 -0.009811193 0.173683658
v 0.222843498 0.018892441 0.159694612
v 0.221618474 0.016383477 0.160916895
v 0.294594675 -0.011827725 0.171442792
v 0.183946878 0.134285137 0.172044918
v 0.224348396 0.106728695 0.169533893
v 0.187867984 0.140885592 0.175786510
v 0.229380906 0.112630539 0.173399344
v 0.183017790 0.153427407 0.179328144
v 0.243064076 0.112557933 0.175875232
v 0.191397369 0.156894162 0.180968851
v 0.243362695 0.121524863 0.177980632
v 0.188333586 0.168071091 0.181995928
v 0.254932016 0.122742005 0.178166240
v 0.199813560 0.169267729 0.180870116
v 0.251778871 0.133898437 0.177881896
v 0.199850157 0.178174525 0.179130673
v 0.259896427 0.137305066 0.175677747
v 0.213116527 0.178006291 0.175490290
v 0.254629433 0.149751231 0.173103124
v 0.217593595 0.183762819 0.171424389
v 0.258026987 0.156228408 0.169235706
v 0.245592579 0.182162017 0.160553485
v 0.194918871 0.107758664 0.162912965
v 0.239648983 0.171752244 0.174454138
v 0.193882376 0.108949341 0.160305753
v 0.237498179 0.173359528 0.173683658
v 0.196414664 0.107165508 0.160629630
v 0.239376083 0.172498390 0.171442777
v -0.001979366 -0.004593909 0.004896745
v 0.068709850 0.159468427 0.187386841
v -0.006557062 0.000101849 0.002448373
v 0.064132154 0.164164186 0.184938461
v -0.004577693 0.004695758 -0.002448373
v 0.066111520 0.168758094 0.180041730
v 0.001979373 0.004593909 -0.004896745
v 0.072668590 0.168656245 0.177593350
v 0.006557070 -0.000101849 -0.002448373
v 0.077246286 0.163960487 0.180041730
v 0.004577700 -0.004695758 0.002448373
v 0.075266913 0.159366578 0.184938461
v 0.049494293 0.193234310 0.194199264
v 0.107093461 0.168368012 0.191894978
v 0.052516740 0.201976389 0.198563263
v 0.111673526 0.176487610 0.196345076
v 0.043114163 0.216167554 0.202782243
v 0.128681391 0.179299355 0.199573770
v 0.052675091 0.222273931 0.205318496
v 0.126726776 0.190367416 0.202541798
v 0.046052568 0.235449150 0.207377791
v 0.140956759 0.194557950 0.203819215
v 0.060283151 0.239738703 0.207533181
v 0.134334832 0.207832187 0.204756498
v 0.058330275 0.251097083 0.207211614
v 0.143897504 0.214228898 0.204003140
v 0.075340912 0.254370689 0.205207318
v 0.134497702 0.228881910 0.202989146
v 0.079907462 0.263046563 0.203018546
v 0.137533188 0.238247156 0.200715482
v 0.116284348 0.268843353 0.195797160
v 0.069932871 0.164183870 0.184054151
v 0.110867091 0.255434066 0.196054146
v 0.069786221 0.164640337 0.181044206
v 0.108841188 0.256577522 0.193983480
v 0.072155431 0.163496807 0.181983486
v 0.111299582 0.255640984 0.193044201
v 0.114243716 0.174309447 0.193268448
v 0.136959761 0.131062105 0.196673021
v 0.119961232 0.178468943 0.198275238
v 0.143289223 0.134090632 0.201981857
v 0.120871112 0.191951200 0.201762125
v 0.154613853 0.127760276 0.207123548
v 0.129407376 0.191185355 0.205234095
v 0.158609048 0.135633171 0.209873989
v 0.131727234 0.202535436 0.206350178
v 0.169151917 0.131340086 0.212296635
v 0.142441556 0.198216453 0.207383648
v 0.171643227 0.142664284 0.212023526
v 0.146939471 0.206013426 0.206061214
v 0.180682212 0.141822502 0.211422637
v 0.159063786 0.199562281 0.204723895
v 0.182391778 0.155183971 0.208430499
v 0.166390955 0.202432856 0.201814979
v 0.189126164 0.159198731 0.205235198
v 0.191988170 0.187679932 0.195388347
v 0.113610789 0.145337060 0.184269145
v 0.183167070 0.180803731 0.195810318
v 0.113191083 0.146890476 0.181985781
v 0.182023883 0.183233231 0.195039824
v 0.114676259 0.144172236 0.181661919
v 0.183276832 0.181590602 0.192798957
v 0.000595527 0.191561654 0.196122825
v 0.047609635 0.204685777 0.192206457
v -0.001816547 0.199008524 0.200618938
v 0.046455845 0.212533176 0.196846828
v -0.014424257 0.203528389 0.205044761
v 0.055399254 0.223091096 0.199588597
v -0.011632506 0.212257087 0.206854463
v 0.048794232 0.229187071 0.202132598
v -0.022130128 0.217144579 0.208126903
v 0.055312421 0.238841936 0.202075377
v -0.015697945 0.226653323 0.206445068
v 0.044728793 0.243583292 0.201723188
v -0.022555128 0.232320860 0.204225957
v 0.047268379 0.251883566 0.198769808
v -0.014012858 0.242197230 0.199390724
v 0.034259535 0.255721867 0.195618615
v -0.015672859 0.249152273 0.194397807
v 0.031336822 0.262299776 0.190525770
v 0.003086049 0.268959314 0.180053473
v 0.007752769 0.257935673 0.195669338
v 0.025992373 0.182311311 0.181985781
v 0.004856566 0.257224768 0.195039824
v 0.028484426 0.183158904 0.181050763
v 0.006414442 0.258009851 0.192858160
v 0.028305177 0.182629973 0.184047058
v 0.003802449 -0.003967576 0.004335880
v -0.107443891 0.112109751 0.208113834
v -0.002475493 -0.006178353 0.002167948
v -0.113721833 0.109898970 0.205945909
v -0.006277941 -0.002210774 -0.002167918
v -0.117524281 0.113866553 0.201610029
v -0.003802449 0.003967576 -0.004335850
v -0.115048788 0.120044902 0.199442104
v 0.002475493 0.006178353 -0.002167918
v -0.108770847 0.122255683 0.201610029
v 0.006277941 0.002210774 0.002167948
v -0.104968399 0.118288100 0.205945909
v -0.147020608 0.109446399 0.215842426
v -0.101837263 0.152633518 0.209951848
v -0.154191062 0.116190419 0.219383433
v -0.107853942 0.160599053 0.213478461
v -0.171147287 0.113538377 0.223417997
v -0.104123041 0.177773163 0.214876771
v -0.173265785 0.124984838 0.224405825
v -0.115261585 0.180574968 0.217014059
v -0.188078791 0.124129355 0.225722134
v -0.113740958 0.195373341 0.216248900
v -0.186576456 0.138769656 0.223624587
v -0.128572255 0.194359794 0.216232821
v -0.197768629 0.141108006 0.221855521
v -0.130744383 0.205342799 0.213314280
v -0.194123074 0.157544881 0.217039704
v -0.147785947 0.201953501 0.211134732
v -0.200225607 0.164547741 0.212699458
v -0.155100301 0.207787216 0.206771806
v -0.191125214 0.198724732 0.199115708
v -0.111097947 0.115922496 0.205565155
v -0.112511791 0.114900783 0.203559995
v -0.181256264 0.187293947 0.216962650
v -0.110213108 0.117205836 0.202946067
v -0.180345044 0.188646525 0.214079186
v -0.179156885 0.189411074 0.216330260
v -0.103442475 0.161896154 0.207309127
v -0.054843705 0.165936440 0.211749628
v -0.104930937 0.169415250 0.209450603
v -0.055049565 0.173622698 0.214089036
v -0.116865776 0.176055953 0.210143998
v -0.044714965 0.182141811 0.216853246
v -0.112740144 0.183998883 0.211605474
v -0.050299309 0.189265713 0.217411801
v -0.122182064 0.190738857 0.210996285
v -0.042158261 0.197488815 0.218437642
v -0.113959305 0.198908255 0.211192131
v -0.051518470 0.204175100 0.216998458
v -0.119304091 0.205874726 0.209317312
v -0.047153279 0.211960584 0.216026574
v -0.108588412 0.214143410 0.208210588
v -0.058707044 0.218350857 0.212849021
v -0.108300112 0.221489698 0.205541953
v -0.059721760 0.225572318 0.210146561
v -0.084594652 0.238038525 0.201316729
v -0.078562677 0.148310319 0.204957262
v -0.083850503 0.226094767 0.217258543
v -0.077334814 0.148847908 0.202146068
v -0.083892964 0.226598099 0.213975191
v -0.075600758 0.148657352 0.204327747
v -0.162740543 0.061324257 0.212665007
v -0.156519681 0.109877437 0.211325586
v -0.170054823 0.061684415 0.216012865
v -0.163706899 0.111539245 0.214760348
v -0.178756610 0.051554255 0.219121873
v -0.169574663 0.123666681 0.217310190
v -0.185462594 0.057390191 0.221029922
v -0.177516341 0.119797803 0.219462052
v -0.193948776 0.049570058 0.222388938
v -0.183764920 0.129551277 0.220379561
v -0.200242460 0.059306085 0.222383305
v -0.192296207 0.121713698 0.220815420
v -0.208316356 0.055386044 0.221828640
v -0.199134409 0.127498478 0.220016941
v -0.214394450 0.067432098 0.220073000
v -0.208046526 0.117286928 0.218820482
v -0.221817344 0.068983160 0.218031794
v -0.215656176 0.117542624 0.216707975
v -0.233840361 0.095012337 0.211913005
v -0.222222865 0.094115473 0.217334956
v -0.145430312 0.081847273 0.203560978
v -0.222873494 0.091910489 0.214949816
v -0.145264983 0.084634431 0.202338696
v -0.222640291 0.094486475 0.214338675
v -0.144838735 0.084792539 0.204957277
v 0.003606625 0.000171674 0.005996920
v -0.226777524 -0.010795346 0.144866884
v 0.002091564 -0.005969489 0.002998464
v -0.228292584 -0.016936509 0.141868412
v -0.001515046 -0.006141175 -0.002998434
v -0.231899187 -0.017108195 0.135871530
v -0.003606610 -0.000171696 -0.005996890
v -0.233990759 -0.011138716 0.132873058
v -0.002091549 0.005969468 -0.002998434
v -0.232475698 -0.004997552 0.135871530
v 0.001515061 0.006141154 0.002998464
v -0.228869081 -0.004825866 0.141868412
v -0.246975794 -0.043539133 0.150498599
v -0.249921590 0.019150343 0.152146637
v -0.256042838 -0.044952780 0.155558169
v -0.259106189 0.019399386 0.157439262
v -0.264564633 -0.059883300 0.159494862
v -0.268995643 0.033198770 0.162215769
v -0.274177641 -0.054156478 0.162866503
v -0.278012335 0.026398707 0.165221214
v -0.283074468 -0.066002741 0.164420724
v -0.287988961 0.037236299 0.167438507
v -0.293177247 -0.055131737 0.165289268
v -0.297011912 0.025423449 0.167643979
v -0.302563816 -0.061833818 0.164340392
v -0.306994826 0.031248253 0.167061284
v -0.313041627 -0.047878563 0.162826464
v -0.316104978 0.016473599 0.164707556
v -0.322964698 -0.047426626 0.159963414
v -0.325913787 0.015251011 0.161943749
v -0.344346762 -0.016761431 0.153422296
v -0.230236515 -0.012673857 0.139422253
v -0.330065906 -0.016683819 0.152196258
v -0.230580598 -0.010976397 0.137230620
v -0.330394000 -0.016787052 0.149424121
v -0.230302438 -0.009693019 0.140054658
v -0.330379277 -0.013997470 0.150651991
v -0.258225560 0.024894351 0.150252357
v -0.229265913 0.064332984 0.148285732
v -0.264232934 0.028690144 0.154537693
v -0.234536991 0.069211468 0.152655363
v -0.276571006 0.023997709 0.158593550
v -0.233617395 0.082609698 0.155870855
v -0.279482633 0.032317039 0.161067411
v -0.242309660 0.083041087 0.158711135
v -0.290621787 0.029575659 0.162964746
v -0.242981121 0.094583303 0.159944966
v -0.291400284 0.041143812 0.163068593
v -0.254227310 0.091867864 0.160712317
v -0.300406337 0.041651256 0.162595898
v -0.257452697 0.100263238 0.159873202
v -0.299985856 0.055170469 0.160541207
v -0.270289928 0.095691785 0.158658877
v -0.305863380 0.060178023 0.158215284
v -0.276960701 0.099656336 0.156249866
v -0.304125667 0.088883772 0.150888368
v -0.233028784 0.035076920 0.140190229
v -0.295312345 0.081924483 0.152649045
v -0.233020961 0.035871360 0.137178883
v -0.296538413 0.080930077 0.150041819
v -0.231538802 0.037310593 0.139419749
v -0.294667482 0.083398737 0.150365695
v -0.222361222 -0.086369082 0.144487187
v -0.254771322 -0.049917858 0.148821130
v -0.227185562 -0.091919176 0.147601187
v -0.260481954 -0.054530416 0.152161896
v -0.225076184 -0.105335727 0.149288118
v -0.273237675 -0.051254831 0.155884951
v -0.233713150 -0.106741659 0.151694879
v -0.275393128 -0.059938915 0.157403916
v -0.233322412 -0.118347928 0.152026176
v -0.286739230 -0.058365807 0.159342840
v -0.244752839 -0.116745405 0.153108150
v -0.286432832 -0.069942653 0.158817187
v -0.247155562 -0.125343204 0.152114674
v -0.295317054 -0.071262315 0.158711508
v -0.260304630 -0.121930405 0.151841015
v -0.293601036 -0.084541641 0.156401724
v -0.266492099 -0.126353115 0.150111049
v -0.298943579 -0.089940965 0.154444665
v -0.294347942 -0.117949814 0.147360772
v -0.226947635 -0.059136070 0.139419749
v -0.285602182 -0.110377856 0.152190238
v -0.228336826 -0.058080845 0.137238070
v -0.285861015 -0.110725552 0.149430677
v -0.228857577 -0.056845762 0.140049249
v -0.287573248 -0.108520128 0.150652960
v -0.000356734 0.000458270 0.040469259
v 0.164940044 -0.211891443 0.069043308
v 0.003580257 0.003154919 0.037734628
v 0.168877035 -0.209194794 0.066308677
v 0.003936984 0.002696648 0.032265376
v 0.169233769 -0.209653065 0.060839426
v 0.000356719 -0.000458270 0.029530749
v 0.165653497 -0.212807983 0.058104798
v -0.003580272 -0.003154919 0.032265376
v 0.161716506 -0.215504631 0.060839429
v -0.003936999 -0.002696648 0.037734631
v 0.161359787 -0.215046361 0.066308677
v 0.165296763 -0.212349713 -0.013243452
v 0.174119055 -0.208381012 -0.008140681
v 0.164990857 -0.202997506 -0.008536265
v 0.156696111 -0.207676947 -0.007918268
v 0.157238424 -0.217002213 -0.008528197
v 0.166573688 -0.222048923 -0.008099966
v 0.173897430 -0.217022493 -0.007918262
v 0.181610018 -0.215351135 -0.001493960
v 0.176807612 -0.200866953 -0.001911954
v 0.167899892 -0.195720822 -0.000977624
v 0.157834843 -0.198362827 -0.002672584
v 0.149958223 -0.208239749 -0.002737468
v 0.151841119 -0.220731765 -0.002672590
v 0.176920697 -0.223122537 -0.002465964
v 0.182927147 -0.207648948 0.000652579
v 0.157871366 -0.188636020 0.008534347
v 0.149516582 -0.200058237 0.003111032
v 0.142338410 -0.221859366 0.008409576
v 0.148932829 -0.230945289 0.008355664
v 0.160111651 -0.228271142 -0.001184823
v 0.168671772 -0.228400245 -0.001589691
v 0.190607652 -0.212349713 0.009154553
v 0.189023912 -0.203171656 0.008647066
v 0.180961445 -0.192417428 0.008927349
v 0.168849364 -0.187221929 0.008729089
v 0.149435073 -0.192391858 0.008764479
v 0.141727999 -0.202775240 0.008617385
v 0.140577763 -0.210771576 0.008353353
v 0.155541584 -0.235737592 0.008915571
v 0.168943241 -0.237476110 0.008511450
v 0.180915803 -0.232274473 0.008514432
v 0.188987106 -0.221978202 0.008765506
v 0.194838017 -0.204321310 0.019630106
v 0.191737533 -0.197012320 0.019757006
v 0.169273347 -0.181756318 0.019483723
v 0.153894067 -0.183676019 0.019556290
v 0.143670574 -0.190723509 0.019591268
v 0.138856009 -0.197012290 0.019757031
v 0.135753602 -0.220265821 0.019783696
v 0.165296763 -0.242899075 0.019731116
v 0.174679816 -0.241304725 0.019107535
v 0.183512688 -0.237132221 0.019438779
v 0.191620588 -0.227982551 0.019726980
v 0.195968986 -0.216088057 0.019503240
v 0.184073225 -0.187613532 0.019609174
v 0.134931237 -0.207491264 0.019309709
v 0.141418368 -0.231655151 0.019243110
v 0.153630689 -0.240966633 0.019462699
v 0.189362481 -0.188397512 0.033128899
v 0.148376524 -0.183043063 0.032349680
v 0.131705955 -0.212172315 0.031055806
v 0.135688871 -0.229311749 0.034145605
v 0.189404413 -0.236531258 0.034279991
v 0.197745696 -0.221077368 0.030978104
v 0.199254438 -0.212349728 0.033221215
v 0.198119923 -0.203323036 0.034610637
v 0.194752038 -0.195582971 0.033097818
v 0.182114944 -0.183223233 0.030763328
v 0.174429595 -0.179692924 0.032838486
v 0.165102705 -0.178416550 0.033546455
v 0.156270102 -0.179526553 0.034610648
v 0.141330451 -0.188383415 0.034073234
v 0.136067122 -0.195306495 0.032626897
v 0.132822320 -0.203616425 0.030741656
v 0.132496193 -0.221138611 0.033221222
v 0.140919164 -0.236134753 0.034803782
v 0.147905827 -0.241633683 0.034803852
v 0.160087183 -0.245798677 0.030602057
v 0.174429595 -0.245006517 0.032838468
v 0.182114929 -0.241476223 0.030763313
v 0.194704950 -0.229328573 0.033221178
v 0.161106229 -0.245666012 0.042155441
v 0.181081399 -0.185009927 0.052688383
v 0.134562507 -0.204345390 0.052188076
v 0.133576557 -0.212767094 0.052388337
v 0.181263402 -0.239628762 0.052491046
v 0.196031034 -0.220354050 0.052188057
v 0.192162648 -0.196770936 0.053691119
v 0.187303424 -0.190343082 0.053371228
v 0.173305616 -0.182257354 0.053341370
v 0.165296778 -0.181314752 0.053724606
v 0.152762979 -0.183665767 0.053542893
v 0.143351734 -0.190404683 0.053724580
v 0.138314903 -0.196771756 0.053314257
v 0.135327771 -0.220561430 0.053569619
v 0.153982520 -0.241415635 0.053854104
v 0.165121391 -0.243422896 0.053569619
v 0.173278004 -0.242362618 0.053691104
v 0.196338922 -0.208895415 0.053751376
v 0.140754774 -0.231559455 0.053753592
v 0.190510124 -0.230769858 0.053670462
v 0.189550474 -0.214963034 0.063580871
v 0.186274216 -0.199283585 0.063595735
v 0.174098372 -0.189598843 0.063580871
v 0.158105224 -0.188705295 0.063595735
v 0.142209440 -0.202786624 0.063624144
v 0.142684788 -0.221715927 0.063577846
v 0.153662786 -0.234154031 0.063595735
v 0.171662509 -0.236107036 0.063596874
v 0.184714094 -0.227249190 0.063577853
v 0.165296763 -0.212349713 0.064726323
v 0.178636104 -0.207969591 0.065911293
v 0.175732911 -0.196754798 0.061574046
v 0.181076959 -0.204073578 0.061574049
v 0.178636104 -0.207969636 0.057236813
v 0.177731067 -0.227944657 0.061574046
v 0.177522525 -0.223291412 0.064999469
v 0.177522525 -0.223291412 0.058148637
v 0.173947603 -0.218033195 0.064901099
v 0.173947603 -0.218033165 0.058247007
v 0.172387034 -0.220625833 0.061574049
v 0.175941452 -0.201408029 0.064999469
v 0.175941452 -0.201408014 0.058148637
v 0.163146198 -0.201120019 0.065996476
v 0.154307514 -0.195704877 0.061574053
v 0.158668578 -0.197341144 0.064999469
v 0.158668578 -0.197341144 0.058148634
v 0.178044170 -0.199899316 0.061574049
v 0.175096139 -0.200582325 0.064901091
v 0.175096154 -0.200582325 0.058247011
v 0.179687157 -0.205001727 0.064756028
v 0.173375309 -0.205878556 0.064901099
v 0.183353379 -0.207243457 0.061574046
v 0.178992346 -0.205607191 0.058148641
v 0.164076343 -0.201931566 0.057236813
v 0.159616709 -0.203049019 0.061574053
v 0.151654974 -0.209255889 0.065996476
v 0.147687286 -0.218832061 0.061574049
v 0.147665754 -0.209769845 0.061574053
v 0.150452211 -0.208589599 0.058247011
v 0.157133520 -0.199393600 0.064901091
v 0.164403662 -0.192424446 0.061574049
v 0.162755281 -0.196392968 0.064756028
v 0.161837280 -0.196311563 0.058148637
v 0.161638752 -0.202666849 0.064901091
v 0.160160482 -0.203203917 0.057236817
v 0.164425194 -0.201486662 0.061574053
v 0.150253668 -0.214944944 0.064999469
v 0.150253668 -0.214944944 0.058148637
v 0.155011386 -0.214408427 0.065911286
v 0.166020215 -0.231100500 0.061574049
v 0.157394916 -0.228320628 0.061574049
v 0.161837295 -0.228387892 0.058148637
v 0.157133520 -0.225305840 0.064901091
v 0.146070734 -0.207041875 0.061574049
v 0.151930466 -0.216646850 0.057236817
v 0.148974553 -0.210683838 0.064999469
v 0.150253683 -0.209754497 0.058148637
v 0.154696032 -0.209821746 0.061574046
v 0.161638752 -0.222032577 0.058247015
v 0.163116410 -0.227458537 0.064999469
v 0.164076373 -0.222767860 0.065911293
v 0.183353364 -0.217455983 0.061574049
v 0.179687157 -0.219697699 0.058392070
v 0.178044155 -0.224800125 0.061574046
v 0.175096110 -0.224117100 0.064901099
v 0.175096124 -0.224117100 0.058247011
v 0.154307514 -0.228994563 0.061574053
v 0.158668563 -0.227358297 0.064999469
v 0.158668548 -0.227358297 0.058148641
v 0.163146198 -0.223579422 0.057151627
v 0.159616739 -0.221650422 0.061574049
v 0.173375279 -0.218820885 0.058247007
v 0.178992301 -0.219092250 0.064999469
v -0.002255555 -0.001652131 0.039670750
v -0.079131380 0.186413378 0.068275526
v -0.083661586 0.184895545 0.065550938
v -0.004530206 -0.001517840 0.032275438
v -0.083953083 0.185582250 0.060101762
v -0.000291489 0.000686683 0.029550850
v -0.079714365 0.187786758 0.057377178
v 0.004238721 0.002204515 0.032275438
v -0.075184152 0.189304590 0.060101762
v 0.004530214 0.001517825 0.037724614
v -0.074892662 0.188617915 0.065550938
v -0.079422869 0.187100068 -0.016336940
v -0.069806583 0.189676762 -0.010789210
v -0.073508248 0.198499501 -0.008644929
v -0.084100202 0.195201457 -0.011475760
v -0.092018105 0.187827498 -0.008806117
v -0.084100194 0.178998694 -0.011475762
v -0.072990812 0.180234060 -0.011483230
v -0.062913924 0.190549940 -0.003878887
v -0.087088503 0.201936081 -0.004097417
v -0.097150743 0.182891503 -0.002065335
v -0.086025141 0.171160862 -0.003232145
v -0.075055853 0.171972305 -0.005695384
v -0.066920109 0.176295862 -0.004328096
v -0.062092025 0.182879969 -0.002576550
v -0.066755787 0.197951719 -0.004139681
v -0.079422869 0.204940900 -0.002653649
v -0.093452021 0.196169749 -0.004074345
v -0.092184432 0.177145705 -0.004662499
v -0.076653205 0.167185798 0.000517376
v -0.054134317 0.190406397 0.006207357
v -0.059396710 0.202801719 0.006085517
v -0.069733299 0.210780069 0.006752199
v -0.082683541 0.212356836 0.006489236
v -0.094702780 0.207449839 0.006085503
v -0.102912724 0.196879163 0.006142200
v -0.104706779 0.183771402 0.006221198
v -0.099774428 0.171483785 0.006219246
v -0.089182056 0.163539201 0.006221202
v -0.081357084 0.161726221 0.006722374
v -0.069733307 0.163420081 0.006752204
v -0.061931740 0.168904662 0.006404802
v -0.055827018 0.177207351 0.006752213
v -0.053614523 0.197083235 0.011530132
v -0.060673110 0.211919531 0.017699488
v -0.094837829 0.213675246 0.017663227
v -0.109171681 0.194958195 0.017535243
v -0.109876625 0.187405646 0.017138572
v -0.108523823 0.177665025 0.016995793
v -0.100912273 0.165074915 0.017633738
v -0.094730146 0.160462752 0.017663199
v -0.048620690 0.187100068 0.017386178
v -0.050792407 0.199148938 0.017365791
v -0.075565755 0.218000889 0.017380944
v -0.087415919 0.216930419 0.017469164
v -0.104205951 0.205743849 0.017451195
v -0.106088243 0.171646699 0.017460842
v -0.087209105 0.157256171 0.017427461
v -0.075795084 0.156113118 0.017680734
v -0.060691904 0.162307009 0.017377730
v -0.050887220 0.174636796 0.017439403
v -0.055307347 0.211078495 0.030724213
v -0.070297353 0.219938934 0.031047460
v -0.103283316 0.211005792 0.029234398
v -0.113497123 0.187490821 0.031104881
v -0.070712030 0.154466867 0.029234424
v -0.046584003 0.177974582 0.031047419
v -0.045390412 0.186724201 0.031934690
v -0.046767559 0.195850044 0.029010996
v -0.049902018 0.204403833 0.032974862
v -0.062491067 0.216355473 0.028998133
v -0.079197794 0.221317768 0.032974917
v -0.088257313 0.220070675 0.031544816
v -0.096935377 0.216318443 0.031477351
v -0.109091371 0.204229176 0.032566339
v -0.112064749 0.195880249 0.028988630
v -0.112081133 0.178381190 0.028991345
v -0.109103791 0.170175448 0.033826265
v -0.103786148 0.163262039 0.031150671
v -0.096336789 0.157354146 0.032974888
v -0.088062458 0.154102728 0.031879239
v -0.079276994 0.153089613 0.030932583
v -0.058701426 0.160040572 0.028960256
v -0.050144121 0.170197964 0.029013649
v -0.048688591 0.195335314 0.051152315
v -0.063654453 0.214854836 0.051102299
v -0.102150753 0.209514648 0.051102314
v -0.110416032 0.194760963 0.051083960
v -0.110194646 0.178421155 0.050816994
v -0.070560783 0.156428769 0.051083963
v -0.062924437 0.159767538 0.051083934
v -0.056412444 0.164968967 0.051083948
v -0.051815141 0.171380386 0.051413421
v -0.048207991 0.187159061 0.052645937
v -0.054732550 0.206532165 0.052686878
v -0.087496392 0.217230842 0.052680656
v -0.095026873 0.214232624 0.052285124
v -0.110671856 0.186874494 0.052491341
v -0.103882737 0.167490229 0.052813288
v -0.091045216 0.157986253 0.052893639
v -0.079264253 0.155830383 0.052458525
v -0.049176227 0.179050192 0.052285139
v -0.074692950 0.218097553 0.052769933
v -0.106323987 0.202631459 0.052893110
v -0.055194519 0.190872476 0.062833205
v -0.060326718 0.202481270 0.062833205
v -0.076144107 0.212004796 0.062876724
v -0.096391372 0.205243915 0.062848084
v -0.103651218 0.190872446 0.062833205
v -0.102151856 0.177685425 0.062830053
v -0.094308525 0.167700693 0.062835388
v -0.080253974 0.162271887 0.062848084
v -0.064958289 0.167300582 0.062833205
v -0.056693885 0.177685425 0.062830053
v -0.079422869 0.187100068 0.064013809
v -0.066499285 0.192650288 0.065248676
v -0.068934500 0.202774674 0.060826365
v -0.067928538 0.198574498 0.057644375
v -0.063561112 0.195416078 0.060826357
v -0.065129891 0.192810401 0.057498757
v -0.065129884 0.181389764 0.064153947
v -0.067928538 0.175625637 0.064008333
v -0.066922583 0.171425477 0.060826361
v -0.067132965 0.176103130 0.057399992
v -0.070727199 0.181389764 0.064153947
v -0.069357790 0.181549832 0.056404032
v -0.072295971 0.178784072 0.060826354
v -0.070727184 0.192810416 0.057498757
v -0.068724111 0.198097035 0.064252712
v -0.080652349 0.197569862 0.065163411
v -0.086783752 0.201577619 0.057644375
v -0.086083792 0.202186704 0.064252712
v -0.090467498 0.203832269 0.060826357
v -0.080436915 0.202458084 0.057498753
v -0.069575273 0.198928937 0.064153947
v -0.074512824 0.202211618 0.060826354
v -0.065166377 0.195390224 0.057399992
v -0.060652640 0.194144830 0.060826357
v -0.065658055 0.193876952 0.064252712
v -0.065918416 0.191530481 0.060826354
v -0.071034007 0.194957420 0.056404028
v -0.085129507 0.196447939 0.060826361
v -0.082166575 0.197134733 0.057498753
v -0.089760169 0.189166114 0.065163411
v -0.095829442 0.185427204 0.064252719
v -0.095829435 0.185427204 0.057399988
v -0.087629683 0.200121045 0.064153947
v -0.097143315 0.189695612 0.060826361
v -0.087629691 0.200121030 0.057498761
v -0.080322519 0.207128584 0.060826357
v -0.081614517 0.202285349 0.057399984
v -0.081614509 0.202285349 0.064252719
v -0.080300637 0.198016942 0.060826357
v -0.097121425 0.180583984 0.060826357
v -0.089760154 0.189166129 0.056489296
v -0.084582172 0.177907124 0.065163411
v -0.082901761 0.170979530 0.064252712
v -0.082901768 0.170979530 0.057399992
v -0.080322511 0.167071566 0.060826357
v -0.094342604 0.183318645 0.064153947
v -0.094342597 0.183318645 0.057498757
v -0.097143337 0.184504554 0.060826354
v -0.094542198 0.189708218 0.064252712
v -0.094542190 0.189708218 0.057399992
v -0.097121440 0.193616167 0.060826357
v -0.080300622 0.176183194 0.060826354
v -0.084582172 0.177907139 0.056489293
v -0.072274223 0.179352507 0.065163411
v -0.065166362 0.178809926 0.064252712
v -0.064958096 0.179714099 0.057644375
v -0.080436915 0.171742052 0.064153939
v -0.066612348 0.174584419 0.060826354
v -0.069575243 0.175271228 0.057498764
v -0.085823432 0.169666961 0.060826354
v -0.080707848 0.173093900 0.056404032
v -0.086575493 0.173526704 0.064252712
v -0.086575478 0.173526704 0.057399992
v -0.091089211 0.172281325 0.060826357
v -0.077229023 0.180348098 0.060826354
v -0.071304917 0.180594563 0.057498757
v -0.061274357 0.181968749 0.060826354
v -0.000430595 0.000942834 0.040401459
v 0.103867158 -0.227426380 0.088577293
v 0.004117370 0.002450183 0.037700735
v 0.108415119 -0.225919038 0.085876569
v 0.004547961 0.001507364 0.032299280
v 0.108845711 -0.226861864 0.080475114
v 0.000430588 -0.000942804 0.029598555
v 0.104728341 -0.229312032 0.077774391
v -0.004117377 -0.002450153 0.032299280
v 0.100180373 -0.230819374 0.080475114
v -0.004547969 -0.001507334 0.037700735
v 0.099749781 -0.229876548 0.085876569
v 0.104297742 -0.228369191 -0.027575985
v 0.117162526 -0.231816307 -0.019812578
v 0.112907015 -0.219181806 -0.020778514
v 0.098039322 -0.217529312 -0.020770207
v 0.091249637 -0.230087012 -0.020152746
v 0.097782582 -0.239653736 -0.019962624
v 0.108916551 -0.240533546 -0.020213583
v 0.125795677 -0.225538969 -0.011575998
v 0.119384646 -0.213713706 -0.012595294
v 0.107587248 -0.207248405 -0.011918992
v 0.099032573 -0.206506073 -0.010106442
v 0.083395347 -0.220062658 -0.010091471
v 0.081824094 -0.231644079 -0.009746501
v 0.086652875 -0.242317930 -0.010091481
v 0.093306124 -0.248431921 -0.009247256
v 0.101078555 -0.251090437 -0.009438591
v 0.112431318 -0.249466091 -0.009915745
v 0.122332610 -0.239245817 -0.012687903
v 0.130400285 -0.232132897 -0.004630261
v 0.129237637 -0.218517199 -0.003992689
v 0.117766209 -0.205586001 -0.005029933
v 0.094144322 -0.203856722 -0.004288976
v 0.090700977 -0.211024806 -0.010656184
v 0.125347093 -0.244520918 -0.004289006
v 0.138117909 -0.223916680 0.003983581
v 0.133186221 -0.210919857 0.004219969
v 0.125618428 -0.201530024 0.004155032
v 0.109561689 -0.194571435 0.003984836
v 0.095581591 -0.195840016 0.004259786
v 0.087189160 -0.199118108 0.004369262
v 0.076876365 -0.207626581 0.004156546
v 0.070504248 -0.224284753 0.003794017
v 0.071443088 -0.237172574 0.004680041
v 0.077075191 -0.249257773 0.003980851
v 0.091606021 -0.259954065 0.003794034
v 0.104986615 -0.262388438 0.004876474
v 0.116989464 -0.259954065 0.003794021
v 0.131520301 -0.249257788 0.003980852
v 0.137078971 -0.236955255 0.004369245
v 0.141357407 -0.223796204 0.011943433
v 0.126710609 -0.198936597 0.011311145
v 0.108991563 -0.191673398 0.011311130
v 0.075481571 -0.199043438 0.019875258
v 0.068647861 -0.207786724 0.019762702
v 0.067238078 -0.223796204 0.011943424
v 0.068513073 -0.248613432 0.019875232
v 0.075189754 -0.257477224 0.019762680
v 0.089728169 -0.262750328 0.011943476
v 0.115011699 -0.268036336 0.019971987
v 0.124243312 -0.264264077 0.019718148
v 0.133667737 -0.250352174 0.010820485
v 0.145176768 -0.234832093 0.018951653
v 0.144198865 -0.217628181 0.019777639
v 0.139872462 -0.207424551 0.019775636
v 0.133239433 -0.198930815 0.019775638
v 0.124634050 -0.192443267 0.019775627
v 0.108957134 -0.186982229 0.019672778
v 0.093314350 -0.188552454 0.019878233
v 0.083436012 -0.192777723 0.019656619
v 0.063107528 -0.223826841 0.019170295
v 0.064519607 -0.239308342 0.019656606
v 0.083744444 -0.264103055 0.019700704
v 0.093389876 -0.268165678 0.019702649
v 0.104345523 -0.269690692 0.019777644
v 0.136850893 -0.254351944 0.019675819
v 0.149461806 -0.228608117 0.036289588
v 0.116074212 -0.184418723 0.038155556
v 0.065192699 -0.205742449 0.036178257
v 0.060613148 -0.216854110 0.036343239
v 0.072358377 -0.260308594 0.036136847
v 0.126727462 -0.268061638 0.038714211
v 0.143402800 -0.250995934 0.036178201
v 0.148464829 -0.217049226 0.038857084
v 0.143476561 -0.205799654 0.035835754
v 0.136300132 -0.196428463 0.035835788
v 0.126884758 -0.188724935 0.039873809
v 0.104338907 -0.183154628 0.035839561
v 0.092637420 -0.184683949 0.035835806
v 0.081258290 -0.188986152 0.039873805
v 0.072330371 -0.196404248 0.035812244
v 0.058638487 -0.228369191 0.039407622
v 0.060612485 -0.240029484 0.035835791
v 0.065135971 -0.250981897 0.035870776
v 0.081099801 -0.267542332 0.039949987
v 0.092549428 -0.272030473 0.035849042
v 0.103800707 -0.273961157 0.038857147
v 0.116004162 -0.272049159 0.035870761
v 0.136324242 -0.260790348 0.039228637
v 0.147960424 -0.240113720 0.035835769
v 0.149055541 -0.228365630 0.051780351
v 0.143030480 -0.205952778 0.051864471
v 0.135943770 -0.196718141 0.051780425
v 0.104294203 -0.183611408 0.051780373
v 0.092751078 -0.185127974 0.051838089
v 0.072677329 -0.196694791 0.051838849
v 0.065556876 -0.205957770 0.051838201
v 0.061083887 -0.216743365 0.051872734
v 0.061056536 -0.239915878 0.051838111
v 0.067442827 -0.249647409 0.066864371
v 0.072623365 -0.259989619 0.051838920
v 0.092717074 -0.271602809 0.051780529
v 0.115881242 -0.271599084 0.051797576
v 0.143077269 -0.250704587 0.051864445
v 0.147536725 -0.239906609 0.051864449
v 0.144716665 -0.217696562 0.068717748
v 0.125158533 -0.192237228 0.068992719
v 0.115138628 -0.187910467 0.068398446
v 0.083436951 -0.192237228 0.068992727
v 0.062524319 -0.228128850 0.068768583
v 0.083663665 -0.264718056 0.068727106
v 0.104368582 -0.270233184 0.068438023
v 0.125067905 -0.264648587 0.068717755
v 0.133875519 -0.257835209 0.068943702
v 0.145995840 -0.228369206 0.068734251
v 0.140507892 -0.208060920 0.069209673
v 0.133944079 -0.199166626 0.069045283
v 0.104611523 -0.186756715 0.069045275
v 0.093715712 -0.188191846 0.069161236
v 0.074577600 -0.199381009 0.069209643
v 0.068171874 -0.207685560 0.068858124
v 0.064212129 -0.217444822 0.069161229
v 0.064305477 -0.239272863 0.069448963
v 0.075115249 -0.257808179 0.069448963
v 0.093830712 -0.268644959 0.069045290
v 0.114764743 -0.268644959 0.069045298
v 0.140273228 -0.249313295 0.068858124
v 0.144290030 -0.239272848 0.069448955
v 0.136571661 -0.219721451 0.083201669
v 0.124209352 -0.202419862 0.083188094
v 0.108593114 -0.195742473 0.083180480
v 0.087762341 -0.199729040 0.083206832
v 0.073894501 -0.215775743 0.083180472
v 0.072505184 -0.238038778 0.083204702
v 0.087762378 -0.257009357 0.083206832
v 0.108593173 -0.260995924 0.083180480
v 0.124209367 -0.254318535 0.083188094
v 0.134296268 -0.241631269 0.083184980
v 0.104297742 -0.228369191 0.084837116
v 0.121738270 -0.236151576 0.085593216
v 0.119672872 -0.213020682 0.084357820
v 0.119672880 -0.207346380 0.080223940
v 0.123405129 -0.220969558 0.084541090
v 0.123829760 -0.213020682 0.081175841
v 0.123405129 -0.220969573 0.077810600
v 0.125551596 -0.228369191 0.081175841
v 0.123829760 -0.243717700 0.081175841
v 0.121738277 -0.236151576 0.076758474
v 0.118525125 -0.242967442 0.084659986
v 0.119672872 -0.250075251 0.081175841
v 0.118525125 -0.242967442 0.077691704
v 0.115515985 -0.243717700 0.081175841
v 0.113794148 -0.228369191 0.081175841
v 0.115940623 -0.220969543 0.084541090
v 0.115515985 -0.213020682 0.081175841
v 0.115940623 -0.220969558 0.077810600
v 0.115812175 -0.218115792 0.085593216
v 0.089055039 -0.207250178 0.082127742
v 0.094810493 -0.210327044 0.077691704
v 0.103164800 -0.207910389 0.084541090
v 0.095736168 -0.205050200 0.081175841
v 0.110865541 -0.208155572 0.081175841
v 0.104264647 -0.209287316 0.076845564
v 0.123287357 -0.217166111 0.084659986
v 0.124930762 -0.214536086 0.081175841
v 0.123287335 -0.217166111 0.077691704
v 0.129692614 -0.220454127 0.081175841
v 0.122361667 -0.222442955 0.081175841
v 0.114933059 -0.219582781 0.077810600
v 0.107232295 -0.219337583 0.081175841
v 0.100858130 -0.215009555 0.084541090
v 0.093167074 -0.212957069 0.081175841
v 0.098104313 -0.214249849 0.085593216
v 0.079502091 -0.236339763 0.082127742
v 0.079474375 -0.229305774 0.081175841
v 0.084490143 -0.223124593 0.084541090
v 0.087103009 -0.215876490 0.081175841
v 0.086139567 -0.222504035 0.076845564
v 0.099511087 -0.206847072 0.084659986
v 0.097517632 -0.204471365 0.081175841
v 0.099511087 -0.206847072 0.077691704
v 0.104617506 -0.201771349 0.081175841
v 0.104243614 -0.209358066 0.081175841
v 0.099227853 -0.215539277 0.077810600
v 0.090529054 -0.227512136 0.084541090
v 0.096614987 -0.222787350 0.081175841
v 0.086200364 -0.234192476 0.081175841
v 0.084206909 -0.231816798 0.077691704
v 0.098104306 -0.242488533 0.085593216
v 0.099511079 -0.249891326 0.084659986
v 0.104617506 -0.254967034 0.081175841
v 0.097517632 -0.252267033 0.081175841
v 0.099511072 -0.249891311 0.077691704
v 0.087103009 -0.240861893 0.081175841
v 0.084490150 -0.233613804 0.084541090
v 0.079474375 -0.227432624 0.081175841
v 0.084490143 -0.233613789 0.077810600
v 0.082837373 -0.224989265 0.084357820
v 0.079502098 -0.220398650 0.080223940
v 0.090529069 -0.229226276 0.084541082
v 0.086200364 -0.222545907 0.081175841
v 0.090529047 -0.229226246 0.077810608
v 0.096614987 -0.233951032 0.081175841
v 0.104243621 -0.247380301 0.081175841
v 0.098104306 -0.242488518 0.076758474
v 0.102285676 -0.247361004 0.085593216
v 0.129042804 -0.236495405 0.082127742
v 0.124930769 -0.242202282 0.081175841
v 0.117239699 -0.244254798 0.084541090
v 0.110865548 -0.248582810 0.081175841
v 0.117239691 -0.244254798 0.077810600
v 0.095736168 -0.251688182 0.081175841
v 0.094810501 -0.246411338 0.084659986
v 0.088405222 -0.249699354 0.081175841
v 0.095519841 -0.248594493 0.077691704
v 0.093167074 -0.243781328 0.081175841
v 0.102557287 -0.242196292 0.076845556
v 0.114933036 -0.237155616 0.084541097
v 0.107232288 -0.237400800 0.081175841
v 0.122361667 -0.234295413 0.081175841
v 0.122577988 -0.237389132 0.077691704
v 0.140178561 -0.226672187 0.049931314
v 0.143157810 -0.226350382 0.047760677
v 0.141487911 -0.225486726 0.043273520
v 0.143157810 -0.228180394 0.043948535
v 0.141487911 -0.229044065 0.048435703
v 0.138374612 -0.228180408 0.047760684
v 0.140178561 -0.227858603 0.041777901
v 0.138374612 -0.226350382 0.043948531
v 0.138025939 -0.212811157 0.016543016
v 0.139335290 -0.211625695 0.009885209
v 0.141005188 -0.212489367 0.014372382
v 0.141005188 -0.214319363 0.010560236
v 0.139335290 -0.215183035 0.015047389
v 0.138025925 -0.213997573 0.008389595
v 0.136221990 -0.214319363 0.014372389
v 0.136221990 -0.212489367 0.010560226
v 0.128653750 -0.197370961 0.038783941
v 0.131107137 -0.196252093 0.036299482
v 0.129829049 -0.197370946 0.030630501
v 0.131632999 -0.198879153 0.032801136
v 0.130287141 -0.199024439 0.038025972
v 0.126849800 -0.198879138 0.036613312
v 0.128519699 -0.199742809 0.032126110
v 0.126849800 -0.197049156 0.032801133
v 0.116370060 -0.190598369 0.039166186
v 0.117545329 -0.190598369 0.031012746
v 0.118823431 -0.189479515 0.036681712
v 0.118003421 -0.192251861 0.038408212
v 0.119349286 -0.192106575 0.033183403
v 0.116236001 -0.192970246 0.032508366
v 0.114566088 -0.192106575 0.036995523
v 0.114566088 -0.190276578 0.033183400
v 0.100249097 -0.194744527 0.009399591
v 0.098939762 -0.192372650 0.007903968
v 0.102053061 -0.193236306 0.007228932
v 0.100249097 -0.193558112 0.001246172
v 0.102053061 -0.195066318 0.003416831
v 0.097269848 -0.195066333 0.007228929
v 0.098939754 -0.195929989 0.002741797
v 0.097269848 -0.193236306 0.003416833
v 0.084168270 -0.195675254 0.039614420
v 0.082858935 -0.193303376 0.038118806
v 0.084168270 -0.194488838 0.031461008
v 0.085972235 -0.194167033 0.037443765
v 0.085972235 -0.195997059 0.033631664
v 0.082858935 -0.196860716 0.032956626
v 0.081189021 -0.195997059 0.037443765
v 0.081189021 -0.194167048 0.033631664
v 0.069719911 -0.215379849 0.050707459
v 0.072699159 -0.215058044 0.048536800
v 0.071029253 -0.214194387 0.044049662
v 0.072699159 -0.216888055 0.044724699
v 0.071029246 -0.217751727 0.049211845
v 0.067915954 -0.216888070 0.048536804
v 0.069719911 -0.216566265 0.042554040
v 0.067915954 -0.215058044 0.044724695
v 0.067283317 -0.223575890 0.045354348
v 0.065973982 -0.221204013 0.043858729
v 0.067283317 -0.222389475 0.037200935
v 0.069087282 -0.222067669 0.043183692
v 0.069087282 -0.223897681 0.039371591
v 0.065973975 -0.224761352 0.038696557
v 0.064304069 -0.223897696 0.043183692
v 0.064304069 -0.222067669 0.039371591
v 0.069661200 -0.247566149 0.038366955
v 0.072640449 -0.247244358 0.036196303
v 0.070970535 -0.246380687 0.031709142
v 0.072640449 -0.249074355 0.032384187
v 0.070970550 -0.249938026 0.036871329
v 0.067857243 -0.249074355 0.036196306
v 0.069661200 -0.248752564 0.030213526
v 0.067857243 -0.247244358 0.032384180
v 0.082618438 -0.255770981 0.010045367
v 0.081309095 -0.253399134 0.008549769
v 0.082618438 -0.254584551 0.001891941
v 0.084422387 -0.254262775 0.007874733
v 0.084422387 -0.256092787 0.004062577
v 0.081309102 -0.256956458 0.003387539
v 0.079639189 -0.256092757 0.007874730
v 0.079639189 -0.254262775 0.004062586
v 0.098768525 -0.267246902 0.033136103
v 0.101221919 -0.266128033 0.030651651
v 0.099943824 -0.267246872 0.024982676
v 0.101747774 -0.268755108 0.027153313
v 0.100077882 -0.269618750 0.031640504
v 0.096964575 -0.268755108 0.030965455
v 0.098310441 -0.268900394 0.025740663
v 0.096964575 -0.266925097 0.027153309
v 0.111207664 -0.266272455 0.039534137
v 0.112382963 -0.266272426 0.031380706
v 0.113661051 -0.265153587 0.037049692
v 0.112841055 -0.267925948 0.038776159
v 0.114186905 -0.267780662 0.033551339
v 0.111073621 -0.268644333 0.032876298
v 0.109403707 -0.267780632 0.037363507
v 0.109403707 -0.265950650 0.033551343
v 0.131046876 -0.258710593 0.036162302
v 0.129737511 -0.256338745 0.034666713
v 0.132850796 -0.257202387 0.033991694
v 0.131046861 -0.257524163 0.028008882
v 0.132850796 -0.259032398 0.030179484
v 0.128067613 -0.259032398 0.033991676
v 0.129737526 -0.259896070 0.029504489
v 0.128067628 -0.257202387 0.030179495
v 0.142150313 -0.242880940 0.030632334
v 0.140840963 -0.240509078 0.029136715
v 0.143954247 -0.241372734 0.028461702
v 0.142150313 -0.241694540 0.022478910
v 0.143954247 -0.243202746 0.024649536
v 0.139171064 -0.243202746 0.028461695
v 0.140840963 -0.244066402 0.023974529
v 0.139171064 -0.241372734 0.024649547
vn 0.000000017 -0.000000007 1.000000000
vn -0.000002043 0.450434566 0.892809451
vn -0.000009648 0.914307833 0.405020088
vn 0.000004780 0.914311528 -0.405011714
vn 0.000000000 0.450433195 -0.892810166
vn 0.000000003 -0.000000007 -1.000000000
vn 0.318503916 0.318506688 0.892809570
vn 0.646506429 0.646520078 0.405020148
vn 0.646513999 0.646507204 -0.405028671
vn 0.318506271 0.318506181 -0.892808795
vn 0.450434536 0.000002026 0.892809570
vn 0.914307833 0.000009595 0.405020177
vn 0.914311528 -0.000004768 -0.405011684
vn 0.450433165 0.000000000 -0.892810166
vn 0.318506718 -0.318503827 0.892809510
vn 0.646520078 -0.646506429 0.405020177
vn 0.646507204 -0.646513939 -0.405028671
vn 0.318506241 -0.318506211 -0.892808914
vn 0.000002031 -0.450434536 0.892809570
vn 0.000009638 -0.914307833 0.405020237
vn -0.000004787 -0.914311528 -0.405011743
vn 0.000000005 -0.450433195 -0.892810166
vn -0.318503857 -0.318506718 0.892809451
vn -0.646506429 -0.646520078 0.405020207
vn -0.646513939 -0.646507204 -0.405028641
vn -0.318506211 -0.318506211 -0.892808795
vn -0.450434536 -0.000002026 0.892809570
vn -0.914307833 -0.000009595 0.405020177
vn -0.914311528 0.000004768 -0.405011684
vn -0.450433165 0.000000000 -0.892810166
vn -0.318506747 0.318503797 0.892809510
vn -0.646520078 0.646506429 0.405020177
vn -0.646507263 0.646513939 -0.405028671
vn -0.318506271 0.318506181 -0.892808795
vn 0.408964187 0.898310781 0.160580322
vn 0.040299967 0.088515386 0.995259225
vn 0.921217263 0.367258698 -0.128373936
vn 0.552540123 -0.442536473 0.706300855
vn 0.696584404 -0.126157194 -0.706296384
vn 0.327916443 -0.935944021 0.128373340
vn -0.040295418 -0.088518649 -0.995259106
vn -0.408968449 -0.898306727 -0.160591990
vn -0.552544534 0.442530513 -0.706301153
vn -0.921216428 -0.367259085 0.128378555
vn -0.327916682 0.935943186 -0.128378600
vn -0.696582437 0.126148432 0.706299901
vn 0.113674574 0.253246427 0.960699916
vn 0.115143299 0.258659869 0.959081352
vn 0.099927679 0.222843707 0.969719112
vn 0.100471005 0.224841744 0.969201624
vn 0.071059860 0.159488171 0.984639049
vn 0.071060307 0.159489468 0.984638810
vn 0.037614312 0.086062729 0.995579481
vn 0.037614770 0.086062409 0.995579422
vn -0.001321224 0.000553124 0.999998987
vn -0.001321413 0.000553724 0.999998987
vn -0.040557936 -0.085645109 0.995499849
vn -0.040557727 -0.085645482 0.995499849
vn -0.074502222 -0.160241857 0.984262228
vn -0.074500747 -0.160240442 0.984262526
vn -0.104851976 -0.225556329 0.968571305
vn -0.105819263 -0.229089782 0.967636406
vn -0.126979932 -0.271397889 0.954054117
vn -0.128905848 -0.278507531 0.951744080
vn -0.147599801 -0.316856772 0.936918378
vn 0.821414948 0.566385150 0.066972882
vn 0.081332579 -0.539093375 0.838309884
vn 0.201982319 -0.787689090 -0.582021534
vn -0.134309277 0.954833627 -0.265054226
vn -0.978846431 -0.182359964 -0.092760414
vn 0.319468766 0.085233532 0.943755746
vn 0.329751402 0.088592015 0.939901829
vn 0.286891580 0.066421852 0.955657601
vn 0.290707916 0.067666136 0.954416156
vn 0.210373312 0.025642848 0.977284849
vn 0.210371181 0.025643906 0.977285266
vn 0.117138304 -0.022232359 0.992866755
vn 0.117141768 -0.022232249 0.992866397
vn 0.006773560 -0.077736504 0.996950924
vn 0.006775596 -0.077738725 0.996950686
vn -0.105180502 -0.132776588 0.985549390
vn -0.105178244 -0.132776767 0.985549510
vn -0.201116323 -0.178909123 0.963090718
vn -0.201119915 -0.178909987 0.963089824
vn -0.283078969 -0.217523798 0.934103668
vn -0.287050962 -0.218620300 0.932634473
vn -0.341687143 -0.243914932 0.907609701
vn -0.349505723 -0.245983884 0.904067278
vn -0.394205093 -0.266405135 0.879562736
vn 0.732809126 0.032551814 0.679655194
vn -0.522367060 0.072659545 0.849619567
vn 0.637114584 -0.251675278 -0.728522241
vn -0.157146901 -0.984885454 -0.072839260
vn 0.113529719 0.963085830 -0.244083270
vn -0.814067423 0.163227558 -0.557360709
vn -0.193676591 0.500956655 0.843523443
vn -0.198605135 0.512008905 0.835705042
vn -0.183199376 0.453222364 0.872368872
vn -0.185098037 0.457495779 0.869733453
vn -0.158015013 0.339634597 0.927189171
vn -0.158015862 0.339637488 0.927187979
vn -0.121532619 0.184264019 0.975334167
vn -0.121532224 0.184263274 0.975334287
vn -0.073213093 -0.009240626 0.997273505
vn -0.073214516 -0.009234561 0.997273505
vn -0.020829787 -0.206449807 0.978235543
vn -0.020829378 -0.206448734 0.978235662
vn 0.024326500 -0.367075294 0.929873168
vn 0.024325920 -0.367070735 0.929874897
vn 0.060109925 -0.488225043 0.870645225
vn 0.060666457 -0.494124681 0.867271841
vn 0.083367929 -0.567974567 0.818812966
vn 0.084359311 -0.578719556 0.811151803
vn 0.101652764 -0.632358313 0.767977715
vn -0.199805513 0.652627110 0.730859518
vn -0.427627087 -0.590085924 0.684787333
vn 0.600249767 0.675411582 -0.428391695
vn 0.900197804 -0.306408882 0.309447080
vn -0.795165420 0.294391155 -0.530137539
vn -0.037789937 -0.706131995 -0.707071126
vn -0.684393644 0.720363915 0.112610921
vn -0.100106761 0.105363093 0.989382267
vn 0.009240909 0.986600101 -0.162895337
vn 0.593527913 0.371600777 0.713889062
vn 0.401486427 0.573734760 -0.713888764
vn 0.985780299 -0.041256767 0.162896052
vn 0.100102201 -0.105367012 -0.989382327
vn 0.684398115 -0.720359683 -0.112610571
vn -0.593530655 -0.371597111 -0.713888645
vn -0.009241488 -0.986600816 0.162890896
vn -0.985781133 0.041257445 -0.162890956
vn -0.401482403 -0.573737264 0.713889003
vn -0.340352893 0.373196840 0.863066733
vn -0.347102851 0.383657455 0.855760813
vn -0.311778456 0.346216857 0.884832323
vn -0.314344645 0.350155771 0.882370889
vn -0.245063022 0.278247803 0.928720772
vn -0.245066121 0.278248608 0.928719699
vn -0.161014393 0.190648749 0.968363345
vn -0.161014989 0.190648034 0.968363404
vn -0.058944196 0.083790794 0.994738519
vn -0.058939643 0.083786942 0.994739175
vn 0.045766994 -0.026339041 0.998604834
vn 0.045769244 -0.026339568 0.998604715
vn 0.135160387 -0.120761544 0.983437061
vn 0.135159746 -0.120758593 0.983437419
vn 0.209364399 -0.199437425 0.957283258
vn 0.212164342 -0.203659803 0.955776632
vn 0.260726660 -0.255312324 0.931040943
vn 0.266101986 -0.263527840 0.927223206
vn 0.304821759 -0.304691464 0.902356267
vn 0.211254716 0.929051280 -0.303702354
vn 0.692637622 -0.001167875 0.721284866
vn -0.729718983 -0.020231063 -0.683447838
vn 0.625065982 -0.299193949 -0.720954597
vn -0.638413846 0.285487771 0.714789867
vn -0.210848838 -0.945293546 0.248923272
vn -0.106772624 0.324126303 0.939969003
vn -0.105633050 0.333627880 0.936767876
vn -0.103768840 0.289511591 0.951533020
vn -0.103367411 0.293032169 0.950498402
vn -0.098639056 0.210710630 0.972559214
vn -0.098639682 0.210712507 0.972558796
vn -0.092487805 0.116652057 0.988857090
vn -0.092487834 0.116651729 0.988857150
vn -0.084280320 0.006059616 0.996423662
vn -0.084279075 0.006054843 0.996423781
vn -0.074912079 -0.105954491 0.991545260
vn -0.074911997 -0.105954863 0.991545081
vn -0.065978266 -0.202437669 0.977070034
vn -0.065979190 -0.202439591 0.977069557
vn -0.057129871 -0.290166050 0.955269456
vn -0.056927793 -0.286741763 0.956314981
vn -0.049841035 -0.352636009 0.934432268
vn -0.049455915 -0.345828116 0.936993659
vn -0.043371767 -0.400045931 0.915468276
vn 0.508106470 0.691455841 0.513533473
vn 0.064475328 -0.426862538 0.902015150
vn 0.178187981 0.446156204 -0.877036870
vn 0.743550777 -0.563391566 -0.360169739
vn -0.839519203 0.525437176 0.138286591
vn -0.699130714 -0.667156518 -0.257135183
vn -0.493070453 0.094966508 0.864790678
vn -0.508363068 0.100026019 0.855313957
vn -0.448040158 0.092556633 0.889209330
vn -0.453892171 0.094469406 0.886034667
vn -0.332275331 0.080547571 0.939736784
vn -0.332279444 0.080547959 0.939735293
vn -0.174642459 0.061460868 0.982711852
vn -0.174645096 0.061460916 0.982711375
vn 0.020781809 0.036355942 0.999122798
vn 0.020778533 0.036355924 0.999122858
vn 0.219448119 0.009260787 0.975580215
vn 0.219445094 0.009260797 0.975580871
vn 0.381269932 -0.014063892 0.924356759
vn 0.381264716 -0.014063229 0.924358904
vn 0.510060370 -0.033570442 0.859483242
vn 0.504539251 -0.031525288 0.862812996
vn 0.593230724 -0.045487776 0.803746343
vn 0.583170831 -0.041558731 0.811285913
vn 0.649287820 -0.052512739 0.758727729
vn -0.689000845 0.015834706 0.724587560
vn -0.407516420 0.841500819 -0.354692608
vn 0.559929729 0.596711159 0.574817002
vn -0.563980758 -0.608278275 -0.558501005
vn 0.677596748 -0.071390472 -0.731960475
vn 0.407846510 -0.817515373 0.406607658
vn -0.920536220 -0.277898312 0.274564683
vn 0.018603811 0.005617062 0.999811232
vn -0.893383443 0.447132319 -0.044030223
vn 0.045766257 0.730652511 0.681213915
vn -0.442417413 0.583273232 -0.681218863
vn 0.496729195 0.866787851 0.044033095
vn -0.018610014 -0.005618365 -0.999811053
vn 0.920534492 0.277896583 -0.274571836
vn -0.045763958 -0.730646014 -0.681221068
vn 0.893382013 -0.447134912 0.044032905
vn -0.496724576 -0.866790652 -0.044030193
vn 0.442422837 -0.583268285 0.681219578
vn -0.358315110 -0.042864457 0.932616234
vn -0.370430231 -0.044597194 0.927789152
vn -0.320545882 -0.028738048 0.946796954
vn -0.325070053 -0.029382028 0.945233405
vn -0.230588734 0.001163527 0.973050594
vn -0.230592906 0.001162614 0.973049641
vn -0.119322039 0.036145981 0.992197454
vn -0.119322464 0.036145892 0.992197394
vn 0.012949644 0.076425858 0.996991158
vn 0.012947849 0.076425187 0.996991217
vn 0.146505520 0.115685329 0.982422113
vn 0.146505743 0.115685210 0.982421994
vn 0.259665608 0.147802800 0.954320788
vn 0.259660125 0.147801235 0.954322517
vn 0.358751178 0.174991980 0.916883528
vn 0.354469985 0.174608052 0.918620229
vn 0.427194089 0.193963841 0.883109987
vn 0.418880135 0.193320826 0.887224019
vn 0.477180660 0.208387375 0.853740811
vn -0.967037380 0.245994315 0.065768443
vn 0.624051094 -0.398309231 0.672242522
vn 0.271729320 0.916762829 0.292761385
vn -0.630229115 -0.729181409 -0.266656786
vn 0.680441141 -0.015857428 -0.732631207
vn -0.347285181 0.143224940 0.926757634
vn -0.355565965 0.148419693 0.922791660
vn -0.314297795 0.131204322 0.940213919
vn -0.317381471 0.133128166 0.938906729
vn -0.239558637 0.101536296 0.965557933
vn -0.239556924 0.101536967 0.965558231
vn -0.149827838 0.065071896 0.986568451
vn -0.149823457 0.065071739 0.986569107
vn -0.043618836 0.021859810 0.998809040
vn -0.043615345 0.021860024 0.998809218
vn 0.064512596 -0.022190701 0.997670114
vn 0.064515993 -0.022190796 0.997669935
vn 0.157919332 -0.060287643 0.985609889
vn 0.157917112 -0.060286980 0.985610306
vn 0.242814481 -0.094949640 0.965414762
vn 0.239720866 -0.093052156 0.966372192
vn 0.303514361 -0.119146958 0.945348144
vn 0.297379971 -0.115353264 0.947765231
vn 0.349826753 -0.136870474 0.926762044
vn -0.464982152 0.624493301 0.627534747
vn 0.217761427 -0.694721878 0.685522795
vn 0.783014059 0.538790882 0.310795039
vn -0.245293066 0.598036051 -0.763010085
vn -0.818226337 -0.560300589 -0.128720731
vn 0.545151711 -0.452608466 -0.705659449
vn -0.207544371 -0.386187285 0.898768485
vn -0.217803404 -0.395920217 0.892081201
vn -0.184561491 -0.350497544 0.918198466
vn -0.188403443 -0.354193360 0.915997446
vn -0.125286013 -0.264854670 0.956114769
vn -0.125293076 -0.264857054 0.956113160
vn -0.048700798 -0.154919609 0.986725986
vn -0.048703808 -0.154919520 0.986725926
vn 0.043028578 -0.021170437 0.998849511
vn 0.043027118 -0.021174952 0.998849511
vn 0.135188624 0.115483075 0.984066904
vn 0.135190725 0.115483388 0.984066606
vn 0.211500436 0.230495587 0.949810207
vn 0.211499274 0.230493933 0.949810863
vn 0.274604142 0.328470677 0.903714299
vn 0.272960514 0.324526638 0.905635238
vn 0.316940069 0.396946013 0.861384273
vn 0.313919961 0.389420271 0.865913451
vn 0.346390486 0.442931592 0.826937258
vn -0.407633811 -0.547703147 0.730654418
vn 0.725616753 0.067794308 0.684751272
vn -0.847734392 -0.010244445 -0.530322015
vn -0.362662941 0.878843069 0.310016990
vn 0.337379277 -0.838592589 -0.427712262
vn 0.556438565 0.437633425 -0.706295371
vn -0.392915547 -0.911918163 0.118417375
vn -0.055214882 -0.128150135 0.990216553
vn -0.911117196 -0.380350590 -0.158742204
vn -0.573414743 0.403410554 0.713060617
vn -0.687050641 0.139687434 -0.713056028
vn -0.349352211 0.923447192 0.158740222
vn 0.055214249 0.128154144 -0.990216136
vn 0.392918766 0.911917150 -0.118414678
vn 0.573416173 -0.403412670 -0.713058293
vn 0.911115110 0.380354732 0.158743918
vn 0.349348158 -0.923448086 -0.158743650
vn 0.687052429 -0.139694154 0.713052988
vn -0.138110027 -0.403720379 0.904397786
vn -0.143243387 -0.411224961 0.900208533
vn -0.125505790 -0.372778565 0.919393539
vn -0.127404779 -0.375579715 0.917991281
vn -0.094971702 -0.302945137 0.948264003
vn -0.094973929 -0.302946419 0.948263466
vn -0.057929866 -0.219210133 0.973956406
vn -0.057931345 -0.219210699 0.973956227
vn -0.014313153 -0.119611256 0.992717624
vn -0.014313397 -0.119611792 0.992717564
vn 0.029888781 -0.017603301 0.999398172
vn 0.029889891 -0.017602755 0.999398172
vn 0.068050243 0.071335681 0.995128334
vn 0.068049118 0.071333453 0.995128632
vn 0.101756766 0.148789391 0.983619511
vn 0.102812350 0.153084144 0.982850432
vn 0.126183152 0.203031972 0.971007645
vn 0.128262281 0.211646363 0.968893528
vn 0.148662582 0.256756961 0.954973996
vn -0.529784262 -0.474768996 0.702796578
vn 0.456729323 0.305237114 0.835600674
vn -0.658718288 -0.238921806 -0.713447034
vn -0.517273724 0.850830555 -0.092278026
vn 0.532392681 -0.815744817 -0.226094291
vn 0.720119834 0.381417543 -0.579610288
vn -0.545414031 -0.222874716 0.807991624
vn -0.558075428 -0.227081507 0.798113823
vn -0.512262762 -0.200740442 0.835039020
vn -0.517106414 -0.202360436 0.831655681
vn -0.425855190 -0.149321377 0.892384708
vn -0.425853014 -0.149319306 0.892386138
vn -0.308779567 -0.083176620 0.947489738
vn -0.308781594 -0.083176695 0.947489023
vn -0.161335856 -0.002379610 0.986896694
vn -0.161342025 -0.002382154 0.986895621
vn -0.006229047 0.079978868 0.996777117
vn -0.006232944 0.079978541 0.996777117
vn 0.126913935 0.148625612 0.980715752
vn 0.126913369 0.148626998 0.980715573
vn 0.235753015 0.201982096 0.950591266
vn 0.241140991 0.205969870 0.948381424
vn 0.309488446 0.235629648 0.921246767
vn 0.319790810 0.243228421 0.915736735
vn 0.377284139 0.268514723 0.886316299
vn -0.589484155 -0.344027519 0.730858088
vn 0.672373593 -0.281037599 0.684785843
vn -0.794984102 0.429515630 -0.428388387
vn 0.091998041 0.946457803 0.309441417
vn -0.104358628 -0.841463685 -0.530139685
vn 0.696001232 0.125017092 -0.707073569
vn 0.200032860 -0.458119810 0.866090715
vn 0.200393870 -0.474646181 0.857060909
vn 0.187089115 -0.414670616 0.890531301
vn 0.187298685 -0.420973599 0.887524903
vn 0.157787368 -0.300856441 0.940525651
vn 0.157787010 -0.300860077 0.940524578
vn 0.117483608 -0.145328209 0.982383549
vn 0.117481902 -0.145328015 0.982383728
vn 0.064779073 0.046806213 0.996801376
vn 0.064779572 0.046800833 0.996801615
vn 0.008298086 0.241055146 0.970475972
vn 0.008297083 0.241056129 0.970475793
vn -0.039938673 0.398152173 0.916449547
vn -0.039939918 0.398156941 0.916447401
vn -0.077909142 0.515993059 0.853042483
vn -0.078574061 0.521742642 0.849476755
vn -0.102527246 0.593190193 0.798507094
vn -0.103706546 0.603614807 0.790502429
vn -0.121868506 0.655297518 0.745475173
vn 0.492869884 0.628025711 0.602215052
vn -0.638065696 -0.730200887 -0.244292542
vn -0.886404932 0.283106059 0.366247505
vn 0.614494145 -0.301320553 -0.729111016
vn -0.089278229 0.681501746 -0.726350367
vn 0.468277693 -0.563665628 0.680438876
vn 0.691873848 -0.721919477 0.011951157
vn 0.169006035 -0.176344857 0.969711065
vn -0.018798556 -0.972181261 -0.233474225
vn -0.541660428 -0.426605999 0.724300563
vn -0.449230731 -0.523049414 -0.724300385
vn -0.972103179 0.022521565 0.233469918
vn -0.169011205 0.176345050 -0.969710112
vn -0.691872478 0.721920848 -0.011947747
vn 0.541660786 0.426610440 -0.724297702
vn 0.018794179 0.972181261 0.233474657
vn 0.972101748 -0.022525268 -0.233475670
vn 0.449237138 0.523046970 0.724298179
vn 0.293958664 -0.181711838 0.938386381
vn 0.300636917 -0.186973929 0.935231566
vn 0.265545040 -0.150451228 0.952286839
vn 0.268043607 -0.152411848 0.951274514
vn 0.203717664 -0.082850978 0.975517809
vn 0.203719914 -0.082852349 0.975517154
vn 0.128064334 -0.001752609 0.991764307
vn 0.128064543 -0.001751975 0.991764367
vn 0.037749562 0.092909694 0.994958699
vn 0.037749339 0.092909403 0.994958758
vn -0.054219659 0.186998874 0.980862737
vn -0.054218847 0.186998874 0.980862737
vn -0.133117229 0.265853614 0.954778373
vn -0.133113861 0.265852064 0.954779327
vn -0.199301153 0.331805706 0.922054291
vn -0.203444183 0.334626615 0.920127988
vn -0.244092673 0.377212644 0.893380940
vn -0.252258211 0.382616162 0.888803005
vn -0.288378775 0.418986112 0.860981047
vn 0.510301650 -0.424677283 0.747824430
vn -0.201966360 -0.919246376 -0.337928534
vn -0.822508633 -0.104281150 0.559110940
vn 0.832386196 0.111055933 -0.542954683
vn -0.466375679 0.460423499 -0.755317092
vn 0.185141459 0.902110279 0.389768600
vn -0.064678252 -0.285864532 0.956084847
vn -0.062906794 -0.292138755 0.954304814
vn -0.068738267 -0.249853030 0.965840876
vn -0.068095759 -0.252176762 0.965282202
vn -0.076634623 -0.173817784 0.981791496
vn -0.076634414 -0.173818976 0.981791258
vn -0.085189648 -0.084499165 0.992775202
vn -0.085189879 -0.084498830 0.992775261
vn -0.094238207 0.019930353 0.995350182
vn -0.094238035 0.019930059 0.995350122
vn -0.102335684 0.125331894 0.986822784
vn -0.102335744 0.125331506 0.986822903
vn -0.108457692 0.216104239 0.970327735
vn -0.108458266 0.216102332 0.970328093
vn -0.113327056 0.298990607 0.947502792
vn -0.113669477 0.295812637 0.948458850
vn -0.116849847 0.358198106 0.926304698
vn -0.117593527 0.351862103 0.928636014
vn -0.119885169 0.403345525 0.907160401
vn -0.592859209 -0.679397702 0.432361931
vn -0.065187275 0.746297836 0.662412405
vn -0.063556552 -0.431580633 -0.899832606
vn -0.078984395 0.907840133 -0.411810458
vn 0.826179624 -0.528767467 0.194504872
vn 0.414880931 -0.028068334 0.909442723
vn 0.424072385 -0.031071926 0.905095160
vn 0.380488127 -0.024590110 0.924458921
vn 0.383914024 -0.025694260 0.923011363
vn 0.301648527 -0.014458260 0.953309596
vn 0.301649928 -0.014458695 0.953309119
vn 0.206301466 -0.001684876 0.978487074
vn 0.206296876 -0.001684921 0.978487968
vn 0.092831254 0.013193039 0.995594442
vn 0.092818737 0.013193578 0.995595694
vn -0.023343645 0.028078903 0.999333084
vn -0.023348074 0.028078925 0.999333084
vn -0.124193490 0.040720966 0.991422057
vn -0.124189407 0.040720642 0.991422713
vn -0.211933896 0.051503427 0.975925982
vn -0.215755939 0.052608736 0.975029111
vn -0.275124252 0.059760403 0.959549606
vn -0.282730281 0.061967082 0.957195759
vn -0.332062870 0.067780152 0.940818846
vn -0.390905142 0.318389505 0.863609433
vn 0.436902970 -0.894590378 -0.093936071
vn -0.683012009 -0.714364111 -0.152245268
vn 0.499033332 0.363756180 -0.786541343
vn -0.577672482 0.621366501 -0.529337466
vn 0.709128618 0.387214124 0.589238405
vn 0.930264533 0.044282619 0.364207447
vn -0.113712974 -0.005412518 0.993498921
vn 0.758754313 -0.650905132 0.024787333
vn -0.285218388 -0.700602293 0.654069483
vn 0.350474834 -0.670341492 -0.654071569
vn -0.693492293 -0.720037699 -0.024782538
vn 0.113719434 0.005413087 -0.993498147
vn -0.930261910 -0.044285633 -0.364213645
vn 0.285225213 0.700595975 -0.654073298
vn -0.758754551 0.650905073 -0.024781736
vn 0.693494201 0.720035732 0.024786761
vn -0.350488394 0.670335352 0.654070675
vn 0.487294048 -0.000058590 0.873237967
vn 0.498075843 -0.001413285 0.867132306
vn 0.450795352 -0.003882599 0.892618895
vn 0.454844624 -0.004380464 0.890560031
vn 0.364422798 -0.009871671 0.931181371
vn 0.364418864 -0.009872251 0.931182802
vn 0.257057518 -0.016008047 0.966263473
vn 0.257060915 -0.016008060 0.966262579
vn 0.127564713 -0.022912096 0.991565645
vn 0.127566025 -0.022911914 0.991565406
vn -0.005634035 -0.029486317 0.999549329
vn -0.005637265 -0.029486040 0.999549329
vn -0.120893240 -0.034753893 0.992056966
vn -0.120896183 -0.034753803 0.992056608
vn -0.224339500 -0.039142266 0.973724663
vn -0.220080063 -0.039671365 0.974674761
vn -0.297455341 -0.042726107 0.953779280
vn -0.289053023 -0.043815706 0.956309795
vn -0.352098316 -0.046103526 0.934826851
vn 0.627796113 -0.748018861 0.215267032
vn -0.451811999 -0.425280094 0.784221172
vn 0.454517633 0.120105863 -0.882603109
vn -0.616797209 -0.491452694 -0.614845991
vn 0.584374607 0.673052669 0.453328162
vn -0.597458661 0.801596105 0.022068569
vn 0.435564071 -0.279222578 0.855756223
vn 0.443183213 -0.283013612 0.850583315
vn 0.403360724 -0.254776776 0.878856719
vn 0.406242669 -0.256220996 0.877107680
vn 0.331525654 -0.200127304 0.921975970
vn 0.331525803 -0.200129107 0.921975613
vn 0.240735993 -0.131752968 0.961606681
vn 0.240736365 -0.131753996 0.961606443
vn 0.129807845 -0.049127936 0.990321398
vn 0.129810438 -0.049128156 0.990320981
vn 0.014539753 0.035762906 0.999254584
vn 0.014540035 0.035763744 0.999254465
vn -0.085444391 0.108625889 0.990403771
vn -0.085442528 0.108624563 0.990404129
vn -0.170406371 0.169967607 0.970604300
vn -0.173834220 0.173422560 0.969384551
vn -0.230368391 0.213906378 0.949302077
vn -0.237080693 0.220673203 0.946095228
vn -0.283010095 0.253251046 0.925077915
vn 0.191310450 -0.836469471 0.513535917
vn -0.365222812 0.230169281 0.902016819
vn 0.221246719 -0.426442772 -0.877038479
vn -0.912363410 -0.194598272 -0.360173166
vn 0.946353436 0.292048275 0.138286218
vn -0.048070915 0.965179980 -0.257131815
vn 0.352990150 0.205325350 0.912819505
vn 0.360353738 0.210277319 0.908806145
vn 0.329864383 0.181521386 0.926412106
vn 0.332606316 0.183360264 0.925068617
vn 0.275610745 0.129253283 0.952539980
vn 0.275614679 0.129255190 0.952538610
vn 0.209661976 0.067730211 0.975425363
vn 0.209662363 0.067730136 0.975425243
vn 0.130848750 -0.004406338 0.991392553
vn 0.130847931 -0.004404010 0.991392672
vn 0.049552590 -0.077337876 0.995772839
vn 0.049549531 -0.077337123 0.995772958
vn -0.021790478 -0.140153304 0.989889979
vn -0.021793485 -0.140154377 0.989889801
vn -0.085127234 -0.194096506 0.977281868
vn -0.087917663 -0.197393417 0.976374149
vn -0.130604506 -0.231141478 0.964114189
vn -0.136213765 -0.237725660 0.961734056
vn -0.174462259 -0.268244028 0.947421789
vn 0.963917255 -0.181061000 0.195142433
vn -0.065708846 -0.598137498 0.798695147
vn 0.257268995 0.360375345 -0.896628261
vn -0.186674565 -0.783639133 -0.592505157
vn 0.043941557 0.900824130 0.431954741
vn -0.968299568 0.246468171 0.040613260
vn -0.423994660 0.544684470 0.723565698
vn 0.321204305 -0.412633121 0.852385998
vn 0.143225014 0.933200419 0.329580843
vn 0.888420939 -0.024107562 0.458396226
vn 0.194620788 0.867176771 -0.458396494
vn 0.939814568 -0.090144485 -0.329579413
vn -0.321203321 0.412632912 -0.852386355
vn 0.423994601 -0.544683874 -0.723566175
vn -0.888420045 0.024107127 -0.458398044
vn -0.143225044 -0.933200479 -0.329580963
vn -0.939815223 0.090144120 0.329577595
vn -0.194619477 -0.867177963 0.458394647
vn -0.001016221 0.000989303 0.999998987
vn -0.519199669 -0.248107806 0.817847311
vn -0.004213100 -0.561784744 0.827272713
vn 0.501374960 -0.279088706 0.818982720
vn 0.477491021 0.293035179 0.828331292
vn -0.057507172 0.572639465 0.817787826
vn -0.507892430 0.271699309 0.817450166
vn -0.726337790 0.129641190 0.675001204
vn -0.504523635 -0.521445096 0.688150346
vn -0.130025178 -0.719785273 0.681911051
vn 0.348752618 -0.631980181 0.692078471
vn 0.695064902 -0.181174725 0.695744574
vn 0.602741301 0.372447371 0.705681145
vn -0.537285686 0.489515126 0.686803520
vn -0.717658460 -0.200355470 0.666951358
vn 0.230072603 -0.788963556 0.569739461
vn 0.591228545 -0.467275858 0.657344699
vn 0.771661937 0.305130631 0.558062017
vn 0.556363463 0.623000503 0.549845576
vn 0.238037810 0.676641226 0.696774423
vn -0.156163618 0.705058336 0.691741109
vn -0.823133469 0.003010913 0.567839921
vn -0.757601261 -0.322778016 0.567322373
vn -0.508400261 -0.653381526 0.560911536
vn -0.126880378 -0.823102534 0.553537369
vn 0.492513537 -0.633822381 0.596405566
vn 0.737517536 -0.298507273 0.605773330
vn 0.815964639 -0.017373042 0.577840745
vn 0.313830942 0.776820242 0.545949042
vn -0.107560068 0.824328899 0.555799305
vn -0.526589096 0.643102765 0.555988193
vn -0.754891634 0.328353733 0.567734540
vn -0.913223743 -0.237227231 0.331278771
vn -0.803939462 -0.487621456 0.340450674
vn -0.118631095 -0.926713467 0.356551409
vn 0.327209890 -0.878391564 0.348370582
vn 0.661371648 -0.667501271 0.342095852
vn 0.811783254 -0.471350521 0.344727129
vn 0.903339982 0.242547005 0.353762537
vn 0.002353168 0.936292529 0.351213336
vn -0.289454788 0.892821372 0.345088273
vn -0.567948461 0.743782401 0.352451980
vn -0.796137333 0.492933363 0.350973070
vn -0.931176007 0.109695576 0.347675353
vn -0.554737985 -0.748874784 0.362563610
vn 0.924290776 -0.132021129 0.358129859
vn 0.720355093 0.595818520 0.355090022
vn 0.371959925 0.856103241 0.358793825
vn -0.709824622 -0.703176379 0.041134533
vn 0.512754023 -0.855439544 0.072845750
vn 0.995682061 -0.003026680 0.092779599
vn 0.872241020 0.487350851 0.041046433
vn -0.700430214 0.713116348 0.029369764
vn -0.958117068 0.267615259 0.101949550
vn -0.998658419 0.004678361 0.051570885
vn -0.962639987 -0.269573957 0.025579255
vn -0.866411805 -0.495217621 0.063953526
vn -0.479545861 -0.870706797 0.109112725
vn -0.278157294 -0.958930373 0.055507094
vn 0.008510479 -0.998728871 0.049682844
vn 0.257817805 -0.965944886 0.021916647
vn 0.704377949 -0.709488094 0.021872858
vn 0.863501012 -0.500697136 0.060567763
vn 0.960782230 -0.261287004 0.092880003
vn 0.967872977 0.245156199 0.055859633
vn 0.701243758 0.712440193 0.026195491
vn 0.507748306 0.861157775 0.024470391
vn 0.142079160 0.981978536 0.124626294
vn -0.256774366 0.964678586 0.058840282
vn -0.477683991 0.869971693 0.122340798
vn -0.872024775 0.486305594 0.055495977
vn 0.109235220 0.987505555 -0.113580920
vn -0.478115320 -0.808982134 -0.341985166
vn 0.920502067 -0.241842002 -0.306901366
vn 0.938793123 0.017964322 -0.344012767
vn -0.490127265 0.802769780 -0.339611560
vn -0.912122190 0.246297345 -0.327674747
vn -0.820641696 -0.451113999 -0.350775421
vn -0.652154863 -0.662376523 -0.368715882
vn -0.228001192 -0.907190800 -0.353582263
vn 0.009937823 -0.928314090 -0.371664077
vn 0.382561356 -0.852633536 -0.355897278
vn 0.636723220 -0.668343723 -0.384577990
vn 0.807804465 -0.482988596 -0.337896645
vn 0.889989197 0.263625652 -0.372049600
vn 0.357493430 0.853460670 -0.379214227
vn 0.011386435 0.920697927 -0.390109867
vn -0.236092567 0.904214144 -0.355889291
vn -0.919121206 -0.116778545 -0.376269788
vn 0.717758119 0.587597907 -0.373566598
vn -0.747601211 0.547828794 -0.375467688
vn -0.526443958 0.058155145 -0.848218560
vn -0.455740064 -0.287231594 -0.842495739
vn -0.194675177 -0.492832065 -0.848067343
vn 0.167129397 -0.511272609 -0.843011439
vn 0.504235208 -0.209547907 -0.837756813
vn 0.495232821 0.193764582 -0.846876502
vn 0.253243059 0.479884475 -0.839987457
vn -0.135669798 0.516243100 -0.845628023
vn -0.421465218 0.330474496 -0.844484270
vn -0.000034034 0.000052120 -1.000000000
vn 0.431286365 0.044937070 0.901095331
vn -0.187827170 0.982202113 0.000002930
vn 0.948501170 0.316773653 -0.000000180
vn 0.431285888 0.044934921 -0.901095629
vn 0.187829122 -0.982201755 -0.000000243
vn 0.274421841 -0.443246067 0.853361368
vn 0.274421155 -0.443245977 -0.853361666
vn -0.623758554 -0.079106435 0.777603567
vn -0.623760045 -0.079106331 -0.777602434
vn -0.943911970 -0.330197275 -0.000000107
vn -0.271768034 0.448366106 0.851533890
vn -0.271766782 0.448366612 -0.851534009
vn -0.213333219 -0.262908101 0.940940142
vn -0.876086175 0.482154548 0.000000121
vn -0.350318491 0.403705209 0.845162213
vn -0.342438370 0.397021949 -0.851533651
vn 0.589269102 0.807591975 -0.023605151
vn 0.249788120 0.567676604 0.784441948
vn 0.267986268 0.568786383 -0.777602375
vn 0.482172847 -0.084654845 0.871976495
vn -0.092429228 -0.784275234 0.613489449
vn 0.876002133 -0.480943948 -0.036238700
vn 0.336749554 -0.397958100 -0.853363395
vn -0.176011726 -0.396292746 -0.901094854
vn -0.601448536 -0.798889697 -0.005916024
vn -0.327122122 0.087300345 0.940940857
vn -0.425368875 -0.905020058 -0.000001655
vn -0.958078802 0.286062241 0.015921492
vn -0.551128507 0.302639812 -0.777603090
vn -0.535763621 0.580164850 0.613486886
vn 0.426016331 0.903989792 -0.036231186
vn 0.340327293 0.351893872 0.871979356
vn 0.043679539 0.522475243 -0.851534903
vn 0.535752654 -0.312434465 0.784444928
vn 0.375332206 -0.217150137 -0.901094675
vn 0.948477864 -0.313575089 -0.045391422
vn -0.046123274 -0.532513440 0.845163941
vn -0.038523655 -0.519893110 -0.853362143
vn 0.322504044 0.289857239 0.901095986
vn 0.736835301 -0.675139129 0.035509620
vn -0.609806895 -0.792531610 -0.005415795
vn 0.077543966 -0.492757708 -0.866704524
vn -0.458135217 -0.430636525 0.777601659
vn -0.744091451 0.667532921 0.026976170
vn -0.501007795 -0.224332675 -0.835862517
vn -0.483404726 0.202992350 0.851536214
vn -0.088707708 0.493717849 -0.865085900
vn 0.614665627 0.788675189 0.013331802
vn 0.704850078 0.338218331 -0.623534143
vn 0.482546240 -0.197292641 0.853360832
vn -0.176011965 0.396293879 0.901094317
vn 0.876005769 0.480937392 0.036239281
vn 0.482172281 0.084649391 -0.871977270
vn 0.589270711 -0.807590842 0.023605047
vn 0.267986268 -0.568785548 0.777602971
vn 0.249787331 -0.567672014 -0.784445465
vn -0.876084805 -0.482157111 0.000004433
vn -0.342437863 -0.397016823 0.851536214
vn -0.350318760 -0.403702319 -0.845163405
vn -0.213331476 0.262903363 -0.940941870
vn -0.601446629 0.798891008 0.005914478
vn -0.092430063 0.784276426 -0.613487601
vn 0.336748302 0.397958100 0.853363872
vn -0.111976773 -0.777231336 0.619170904
vn -0.193664253 0.458368003 0.867405891
vn -0.847124994 0.239430085 0.474396825
vn -0.470895827 -0.793558359 -0.385385662
vn -0.888834059 0.337631404 -0.309804946
vn 0.194154903 -0.457373798 -0.867820859
vn -0.278145850 0.655235529 -0.702354133
vn 0.846837580 -0.238699883 -0.475277334
vn 0.374541551 0.873921156 -0.309807062
vn 0.843317628 -0.353239089 0.405015528
vn 0.416528970 0.774993122 0.475278199
vn 0.005742959 -0.003718737 0.999976575
vn -0.574593663 -0.134551883 0.807302833
vn -0.298840463 -0.618709207 0.726562738
vn 0.278990120 -0.493336409 0.823883355
vn 0.665038526 -0.033609029 0.746052384
vn 0.286278725 0.488435209 0.824303031
vn -0.391273737 0.404033393 0.826838613
vn -0.717131436 -0.146405846 0.681386769
vn 0.341416121 -0.668555140 0.660658062
vn 0.737136543 0.126376390 0.663821280
vn 0.267348379 0.689616084 0.673018932
vn -0.212272435 0.726456583 0.653606415
vn -0.569083095 0.487735599 0.662010908
vn -0.716510117 0.194096237 0.670029759
vn -0.538220942 -0.505507827 0.674373806
vn -0.026138423 -0.745046437 0.666500330
vn 0.639675975 -0.399488002 0.656676471
vn 0.567293465 0.442699283 0.694402993
vn -0.116058625 0.753525138 0.647093713
vn -0.834887445 -0.103571706 0.540588558
vn -0.669390917 -0.521886051 0.528725624
vn -0.314415097 -0.770771325 0.554125249
vn 0.116124719 -0.822035491 0.557469964
vn 0.491696268 -0.664868951 0.562302589
vn 0.764035583 -0.309236228 0.566235542
vn 0.825179219 0.092324398 0.557274997
vn 0.665482521 0.515206397 0.540088356
vn 0.324112773 0.786186278 0.526176929
vn 0.048543401 0.836672485 0.545548141
vn -0.305533767 0.774695396 0.553620934
vn -0.589027464 0.586853623 0.555562377
vn -0.768659770 0.321319491 0.553096652
vn -0.822311044 -0.348803550 0.449600518
vn -0.572579563 -0.742904842 0.346763670
vn 0.478358001 -0.809589207 0.340204507
vn 0.907754004 -0.241692245 0.342881233
vn 0.938861072 -0.001791988 0.344291508
vn 0.891526580 0.281628340 0.354775846
vn 0.657476902 0.670408189 0.343914181
vn 0.466695935 0.816319466 0.340319663
vn -0.937431276 0.005657395 0.348124325
vn -0.840461016 -0.386502385 0.379791051
vn -0.129877120 -0.931426644 0.339965463
vn 0.250154734 -0.905362129 0.343135685
vn 0.751657665 -0.564942658 0.340368360
vn 0.605477393 0.386028111 0.695973754
vn 0.248010799 0.901306927 0.355157107
vn -0.120967142 0.932441771 0.340469182
vn -0.568752944 0.746352077 0.345656812
vn -0.854474247 0.383847028 0.350050598
vn -0.706912041 -0.703850091 0.069789179
vn -0.284688413 -0.956546128 0.063025199
vn 0.695959508 -0.710271239 0.105618216
vn 0.998417318 -0.003936927 0.056101561
vn -0.291417778 0.952742100 0.085779995
vn -0.963532805 0.263085812 0.048891693
vn -0.999537826 0.002730680 0.030278785
vn -0.963796675 -0.246527210 0.101589404
vn -0.865143716 -0.501227677 0.017237790
vn -0.483570814 -0.868094504 0.112120956
vn 0.001091332 -0.999858201 0.016804224
vn 0.262413442 -0.963331819 0.055955134
vn 0.513977587 -0.856477976 0.047670744
vn 0.867505133 -0.496809214 0.024807056
vn 0.957254350 -0.263372868 0.119578399
vn 0.960872352 0.249528795 0.120248385
vn 0.873167932 0.487412095 0.002690090
vn 0.709234416 0.701558411 0.069298819
vn 0.503227234 0.863909900 0.020546192
vn 0.242741793 0.968775690 0.050498292
vn 0.001131077 0.998383343 0.056829475
vn -0.606500089 0.789754212 0.091902092
vn -0.840776265 0.532818913 0.095912263
vn -0.909547329 -0.264950395 -0.320195228
vn -0.472998887 -0.817437887 -0.328736067
vn 0.676923096 -0.671086252 -0.302354604
vn 0.920833647 -0.235066906 -0.311141282
vn 0.913517833 0.263755322 -0.309706837
vn -0.261189729 0.910929978 -0.319353282
vn -0.479621172 0.818669140 -0.315823227
vn -0.688741624 0.649449944 -0.322257340
vn -0.822389126 0.466473877 -0.325696796
vn -0.930825412 0.010801315 -0.365304559
vn -0.731814325 -0.571500838 -0.371260792
vn 0.231998980 -0.895247936 -0.380404621
vn 0.449802428 -0.818624556 -0.357115686
vn 0.928619564 0.020445369 -0.370469660
vn 0.714178264 0.597976446 -0.363831818
vn 0.360506773 0.859163284 -0.363143623
vn 0.010950751 0.939397812 -0.342654049
vn -0.909318328 0.227497518 -0.348403573
vn -0.134201303 -0.927623451 -0.348575294
vn 0.803422153 -0.448441863 -0.391679525
vn -0.529576421 -0.089103557 -0.843569517
vn -0.412231952 -0.346975982 -0.842420638
vn -0.070036046 -0.546761334 -0.834354281
vn 0.361602932 -0.405202031 -0.839675307
vn 0.526548922 -0.088482998 -0.845527649
vn 0.500699103 0.199363455 -0.842350721
vn 0.318156868 0.424118817 -0.847879350
vn 0.007783471 0.543455660 -0.839401782
vn -0.312259555 0.439791352 -0.842067480
vn -0.496080965 0.209465697 -0.842631400
vn 0.000017313 0.000042565 -1.000000000
vn 0.316066593 0.121420942 0.940935075
vn -0.186776400 0.981738925 0.036100067
vn 0.068950802 0.483412921 -0.872672737
vn 0.949221194 0.312146336 0.039290540
vn 0.616071224 0.061727807 -0.785268068
vn 0.774263799 -0.154186860 0.613793015
vn -0.068950407 -0.483411670 0.872673512
vn 0.186776787 -0.981738985 -0.036098264
vn 0.275999695 -0.456483394 -0.845841169
vn -0.616073072 -0.061727308 0.785266757
vn -0.316067457 -0.121421717 -0.940934718
vn -0.949221194 -0.312146336 -0.039291304
vn -0.774261236 0.154187024 -0.613796294
vn -0.275997967 0.456483722 0.845841467
vn -0.175796583 -0.396437705 0.901073158
vn -0.480911195 0.084317684 -0.872705460
vn -0.360179454 0.348334551 0.865409613
vn -0.885268629 0.464276314 0.027330535
vn 0.073719755 0.699959755 -0.710367322
vn 0.353949487 0.614356697 0.705184877
vn 0.309016883 0.951056600 -0.000001188
vn 0.491824090 0.119017638 -0.862521827
vn 0.996406376 -0.082360238 -0.019777235
vn 0.285107821 -0.336344332 0.897544444
vn 0.129119679 -0.990359128 -0.050169636
vn -0.022541514 -0.397954106 -0.917128325
vn -0.591759324 -0.804734230 0.047155973
vn -0.272972107 -0.562026978 -0.780776501
vn 0.368800282 -0.407375813 0.835482657
vn -0.442077667 -0.235714033 0.865451515
vn -0.442078114 -0.235714957 -0.865450978
vn -0.539515972 0.565581620 0.623730659
vn -0.925520301 0.378697962 0.000001080
vn -0.539516389 0.565580606 -0.623731196
vn 0.405914187 0.913911164 -0.000000462
vn 0.444440544 0.225002795 -0.867090702
vn 0.444441140 0.225002304 0.867090583
vn 0.924336970 -0.381577253 0.000000288
vn -0.387654811 -0.921804547 -0.000001084
vn 0.368800551 -0.407376438 -0.835482180
vn 0.375241548 0.217393845 0.901073635
vn 0.042592410 -0.521481574 0.852198839
vn 0.042592939 -0.521483123 -0.852197886
vn 0.425354689 -0.905026734 -0.000001341
vn -0.550070226 -0.302425742 0.778435349
vn -0.550070643 -0.302425295 -0.778435171
vn -0.957785368 -0.287484378 0.000000187
vn -0.037491843 0.518864095 0.854034185
vn -0.037492014 0.518864810 -0.854033768
vn -0.425357163 0.905025661 -0.000000533
vn 0.953620195 0.301012546 -0.000000058
vn 0.375242949 0.217392966 -0.901073277
vn -0.041159131 0.476262867 0.878339171
vn 0.496196955 -0.069150634 0.865451813
vn 0.480912119 0.084319301 -0.872704864
vn 0.104509830 -0.666949928 0.737736762
vn 0.560190260 -0.827681005 0.033630956
vn 0.272974014 -0.562027991 -0.780775130
vn -0.197789937 -0.980196893 -0.009656257
vn 0.022541622 -0.397953302 -0.917128623
vn -0.476570040 0.120994925 0.870770454
vn -0.491826594 0.119017027 -0.862520576
vn -0.995218456 -0.097674862 0.000002775
vn -0.354069144 0.935175955 0.008997922
vn -0.073720425 0.699961543 -0.710365534
vn 0.873869538 0.486093998 0.008046282
vn -0.310903728 0.680753291 0.663260043
vn 0.186829433 -0.409084499 0.893165529
vn 0.344334126 0.897928774 0.274149597
vn 0.842076242 -0.191919386 0.504058123
vn 0.406370640 0.762095571 -0.504056990
vn 0.904112697 -0.327750742 -0.274152786
vn -0.186832577 0.409086883 -0.893163860
vn 0.310909003 -0.680762351 -0.663248241
vn -0.842076540 0.191920012 -0.504057407
vn -0.344338715 -0.897926152 -0.274152607
vn -0.904112518 0.327752560 0.274151117
vn -0.406372964 -0.762094617 0.504056573
vn 0.000293506 -0.003413304 0.999994218
vn -0.577885747 0.137631565 0.804428756
vn -0.385927111 -0.423459023 0.819599092
vn 0.295331031 -0.501144111 0.813408971
vn 0.603082836 0.061849006 0.795277178
vn 0.307759792 0.532481432 0.788509667
vn -0.210924819 0.569608331 0.794390976
vn -0.755099297 -0.101591460 0.647691429
vn -0.557027102 -0.523414850 0.644792855
vn -0.098763995 -0.813403547 0.573254228
vn 0.162665829 -0.746136367 0.645616233
vn 0.680794060 -0.271162689 0.680433929
vn 0.741411924 0.116825670 0.660802662
vn 0.589952409 0.453805476 0.667844832
vn 0.371632159 0.654973269 0.657950997
vn 0.083743796 0.743020773 0.664008379
vn -0.279023409 0.700512409 0.656832099
vn -0.639334381 0.405188978 0.653508544
vn -0.770550013 0.121430516 0.625705600
vn -0.714344800 -0.306754291 0.628978014
vn -0.394679964 -0.664988399 0.634049118
vn 0.323643476 -0.713132739 0.621849358
vn 0.470371038 -0.577541888 0.667230487
vn -0.616665602 0.459826380 0.638970494
vn -0.847086966 -0.120210491 0.517680526
vn -0.717783451 -0.437398404 0.541728318
vn -0.542466164 -0.670799077 0.505726278
vn -0.141450182 -0.853026152 0.502332807
vn 0.203138724 -0.826032460 0.525742412
vn 0.426055014 -0.735406041 0.526929855
vn 0.689769804 -0.501575589 0.522149086
vn 0.858196557 -0.113249682 0.500672698
vn 0.828419387 0.214084208 0.517580271
vn 0.664792418 0.525472522 0.530970514
vn 0.324258775 0.802183986 0.501355469
vn -0.005901257 0.853443086 0.521152735
vn -0.320306093 0.779800415 0.537880480
vn -0.686055839 0.513795257 0.515113473
vn -0.816427767 0.229493245 0.529885471
vn -0.894532502 -0.115400895 0.431849748
vn -0.533057451 -0.728878856 0.429634154
vn -0.144247547 -0.885900140 0.440878361
vn 0.663365781 -0.676253438 0.320354849
vn 0.828616023 -0.449440271 0.333764791
vn 0.889745235 -0.123049594 0.439559102
vn 0.821859717 0.468080610 0.324726194
vn 0.658835709 0.673194051 0.335775763
vn 0.366760910 0.818698347 0.441836476
vn -0.243419200 0.915310323 0.320864797
vn -0.481196761 0.813652098 0.326220721
vn -0.751301527 0.526197374 0.398324698
vn -0.922264636 0.160571411 0.351631790
vn -0.912525117 -0.234874919 0.334860831
vn -0.807069600 -0.482269168 0.340668589
vn -0.664107978 -0.654167175 0.361974984
vn -0.435787022 -0.826718450 0.355846018
vn -0.113958046 -0.927943468 0.354872614
vn 0.237859726 -0.910310805 0.338758111
vn 0.484403789 -0.811008453 0.328052491
vn 0.924204707 -0.104592532 0.367295444
vn 0.910733521 0.234709412 0.339817524
vn 0.485393196 0.797744453 0.357767254
vn 0.242803767 0.907763779 0.342068911
vn -0.011078126 0.944547236 0.328188688
vn -0.727479815 0.582550049 0.362503320
vn -0.994328022 0.004035225 0.106280841
vn -0.265829116 -0.962114453 0.060586959
vn 0.862117648 -0.495462149 0.106162243
vn 0.957122922 -0.268849909 0.107868247
vn 0.703088284 0.701775253 0.114797018
vn -0.500511587 0.863485157 0.062301688
vn -0.866371036 0.486805677 0.111450978
vn -0.966388464 -0.250584155 0.057453629
vn -0.862146080 -0.493260443 0.115750290
vn -0.703093290 -0.701981068 0.113500625
vn -0.490307748 -0.870849967 0.034908682
vn 0.009837705 -0.994445622 0.104790606
vn 0.256350845 -0.959907115 0.113413528
vn 0.504233658 -0.862428367 0.044338662
vn 0.701114058 -0.701868415 0.125777036
vn 0.998841226 0.002656613 0.048055265
vn 0.959304154 0.256154120 0.118830457
vn 0.859901249 0.500623465 0.099730052
vn 0.506808281 0.861093700 0.040780257
vn 0.264123380 0.956637681 0.122814380
vn 0.005133301 0.998235106 0.059164297
vn -0.250975966 0.958911777 0.132285178
vn -0.694828689 0.717679977 0.046352841
vn -0.957181931 0.268582374 0.108010255
vn -0.994080365 -0.013680896 -0.107782044
vn -0.868215263 -0.484106570 -0.108826056
vn -0.693897605 -0.711777091 -0.108993061
vn -0.017328294 -0.994081318 -0.107248403
vn 0.267888546 -0.957090735 -0.110512599
vn 0.694577336 -0.710849226 -0.110705502
vn 0.861117005 -0.497897506 -0.102836929
vn 0.962679446 -0.247570559 -0.109348699
vn 0.958963811 0.262865484 -0.106254898
vn 0.819104314 0.480192631 -0.313820183
vn 0.707757294 0.698574483 -0.105229624
vn 0.257772714 0.959554970 -0.113170922
vn -0.256339014 0.959939957 -0.113162316
vn -0.854116201 0.508509040 -0.109106481
vn -0.960687995 0.256949186 -0.105146602
vn -0.913553953 -0.240247726 -0.328177184
vn -0.459633529 -0.815391421 -0.351957172
vn -0.254760474 -0.907879293 -0.332945138
vn 0.471322149 -0.813097656 -0.341654062
vn 0.933613002 -0.009617903 -0.358154088
vn 0.465745300 0.819126606 -0.334832549
vn 0.005391272 0.940264821 -0.340401173
vn -0.465180457 0.815819025 -0.343579024
vn -0.664780378 0.661019206 -0.348023862
vn -0.930615425 0.016196607 -0.365640223
vn -0.797549725 -0.470367253 -0.377715886
vn -0.671878338 -0.641030431 -0.371024996
vn 0.004974826 -0.931866765 -0.362766534
vn 0.226298824 -0.899855673 -0.372892231
vn 0.669086874 -0.641686022 -0.374915779
vn 0.807630301 -0.470279545 -0.355767369
vn 0.899110138 -0.239708722 -0.366252452
vn 0.899489045 0.238656774 -0.366008759
vn 0.654950976 0.645464718 -0.392956227
vn 0.226087913 0.899496377 -0.373885781
vn -0.242809251 0.898569405 -0.365536332
vn -0.807335019 0.470317125 -0.356387377
vn -0.895745635 0.231418654 -0.379585505
vn -0.537897587 -0.143050283 -0.830784380
vn -0.337292194 -0.422139734 -0.841446400
vn -0.064450935 -0.541452229 -0.838257551
vn 0.273199379 -0.473422945 -0.837396502
vn 0.504395008 -0.206779376 -0.838348329
vn 0.527280748 0.166292340 -0.833259761
vn 0.278115332 0.471052080 -0.837115169
vn -0.064458571 0.541743815 -0.838068426
vn -0.325899273 0.428671867 -0.842632890
vn -0.500886858 0.208937153 -0.839915276
vn 0.000088543 -0.000006948 -1.000000000
vn 0.362346113 -0.096284285 0.927057028
vn -0.000154308 0.408008009 0.912978351
vn 0.000613816 0.983444691 -0.181207269
vn 0.593362868 0.102018423 0.798443973
vn 0.896174073 0.443551570 0.011577831
vn 0.444146156 0.125681832 -0.887095451
vn 0.999219418 -0.039503805 0.000000168
vn 0.898192406 -0.439602613 -0.000000220
vn 0.362130404 -0.090318292 -0.927741528
vn -0.193751439 -0.308934838 0.931138933
vn 0.045471370 -0.998965681 0.000000342
vn -0.193751737 -0.308934659 -0.931138992
vn -0.943839252 -0.330405027 -0.000000642
vn -0.997341871 -0.072864227 -0.000001162
vn -0.583566248 0.089934804 0.807070076
vn -0.896174014 0.443551719 0.011577840
vn -0.493275195 0.126977205 -0.860555768
vn -0.026006447 -0.372318774 0.927740574
vn -0.929963231 0.325219214 0.171466812
vn -0.388787776 -0.063750423 -0.919119179
vn 0.031669654 0.508375823 0.860552788
vn -0.159125045 0.985551178 -0.058035638
vn 0.370501220 0.928831816 -0.000532577
vn 0.067078799 0.425917298 -0.902272165
vn 0.353687197 0.088801160 0.931138933
vn 0.605897725 0.795542538 -0.000001085
vn 0.337684453 0.084985331 -0.937414944
vn 0.936022878 -0.351939112 -0.000001538
vn 0.150796562 -0.988563955 0.001296197
vn -0.093008317 -0.590301752 -0.801806331
vn -0.323084444 -0.945707440 -0.035412543
vn -0.256778806 -0.383569539 0.887095928
vn -0.663642764 -0.747968316 0.011035076
vn 0.346058100 -0.139785662 0.927741230
vn -0.596672773 -0.783952475 0.171465099
vn -0.986487150 0.153215408 -0.058036037
vn -0.473703593 0.187213659 0.860555708
vn -0.768880010 0.639392853 -0.000530880
vn -0.384340972 0.195410490 -0.902273118
vn 0.024839388 0.363817513 0.931138992
vn -0.569375217 0.822077811 -0.000000557
vn 0.023524327 0.347419918 -0.937414527
vn 0.623962700 0.781454086 -0.000001139
vn 0.986778915 -0.162067115 0.001297179
vn 0.532670319 -0.270870477 -0.801805198
vn 0.285453618 -0.362745047 0.887091994
vn 0.799582303 -0.599511623 -0.035411835
vn 0.506286681 -0.862294614 0.011037257
vn -0.059508659 -0.389462829 -0.919117749
vn 0.349739194 0.135087356 0.927056551
vn 0.024838038 -0.363816619 0.931139410
vn 0.623962343 -0.781454384 -0.000002392
vn -0.569374382 -0.822078407 -0.000000371
vn 0.024837330 -0.363816023 -0.931139648
vn -0.764037728 -0.645171702 -0.000000818
vn -0.524976194 -0.270252705 0.807070971
vn -0.985733449 -0.167915061 0.011578641
vn -0.473704487 -0.187214702 -0.860554874
vn -0.239945307 0.329996258 0.912977934
vn -0.577555954 0.795985281 -0.181208655
vn 0.420074970 0.431304425 0.798444331
vn 0.464306504 0.885598958 0.011575622
vn 0.285449386 0.362742931 -0.887094319
vn 0.831604719 0.555368006 -0.000001356
vn 0.985044956 0.172297567 -0.000000558
vn 0.346058637 0.139786527 -0.927740932
vn 0.026006278 -0.372317970 0.927740872
vn 0.943878412 0.282302111 0.171461597
vn 0.714675784 -0.697472990 -0.052630104
vn 0.256781280 -0.383575916 0.887092412
vn 0.255405277 -0.966187119 -0.035363615
vn 0.271726072 -0.532235026 -0.801804721
vn -0.076509230 -0.994659662 0.069270819
vn -0.353685349 0.088801928 0.931139648
vn -0.951056600 -0.309016585 0.000001482
vn -0.227424815 -0.268483579 -0.936052680
vn -0.646640480 0.759280980 -0.073133335
vn -0.196080431 0.384002060 -0.902272165
vn -0.031668391 0.508370519 0.860555947
vn -0.316231489 0.948681951 -0.000531504
vn 0.097254343 0.995198369 0.011036692
vn 0.272840708 0.278899461 -0.920745850
vn -0.193322152 0.345814705 0.918171465
vn 0.797158718 0.449216187 0.403414011
vn 0.282713979 0.831041873 -0.479001284
vn 0.797160149 -0.449213952 -0.403413624
vn 0.282717019 -0.831038773 0.479004920
vn -0.863577664 -0.405040979 0.300292313
vn -0.193326518 -0.345809996 -0.918172240
vn -0.863575935 0.405044764 -0.300292224
vn -0.193321586 0.345808685 0.918173730
vn 0.282714218 0.831041396 -0.479001999
vn 0.797159970 0.449210584 0.403417706
vn 0.797159195 -0.449213177 -0.403416425
vn 0.282715648 -0.831041992 0.479000270
vn -0.193327427 -0.345809966 -0.918172181
vn -0.863578379 -0.405037344 0.300294876
vn -0.863576829 0.405044109 -0.300290525
vn -0.255686402 0.337124497 0.906074822
vn 0.614427030 0.744534492 0.261051506
vn 0.183254018 0.331570625 -0.925461471
vn 0.868680835 -0.388202488 -0.307721466
vn 0.468154192 -0.583130598 0.663920403
vn -0.838021815 -0.408098340 0.362180948
vn -0.290601701 -0.818704247 -0.495251477
vn -0.804488420 0.465604097 -0.368797064
vn -0.255680948 0.337131202 0.906073809
vn 0.183248580 0.331571490 -0.925462246
vn 0.614429176 0.744533360 0.261049598
vn 0.468150377 -0.583132863 0.663921118
vn 0.868683219 -0.388201505 -0.307715803
vn -0.290598243 -0.818705738 -0.495251089
vn -0.838021934 -0.408100128 0.362178862
vn -0.804488420 0.465606660 -0.368793756
vn 0.193322688 -0.345807105 0.918174148
vn -0.282712489 0.831041873 0.479002148
vn 0.863575459 0.405046821 0.300290853
vn 0.193323657 0.345808059 -0.918173671
vn 0.863577604 -0.405041814 -0.300291210
vn -0.797157884 -0.449216217 0.403415561
vn -0.282710612 -0.831043243 -0.479000866
vn -0.797159672 0.449216634 -0.403411597
vn 0.193321869 -0.345806748 0.918174565
vn -0.282714099 0.831042290 0.479000598
vn 0.193314403 0.345812261 -0.918173909
vn 0.863575220 0.405047596 0.300290346
vn 0.863576889 -0.405044764 -0.300289303
vn -0.282717079 -0.831040025 -0.479002684
vn -0.797159612 -0.449214488 0.403414011
vn -0.797160983 0.449211150 -0.403415173
vn -0.193320021 0.345809370 0.918173909
vn 0.797160029 0.449215680 0.403411925
vn 0.282712579 0.831042826 -0.479000390
vn 0.797161460 -0.449212462 -0.403412700
vn 0.282715172 -0.831040680 0.479002655
vn -0.863575816 -0.405047357 0.300288737
vn -0.193323106 -0.345806718 -0.918174267
vn -0.863575161 0.405047536 -0.300290763
vn 0.193323568 -0.345806926 0.918174088
vn -0.282712072 0.831042290 0.479001880
vn 0.193323508 0.345808148 -0.918173671
vn 0.863574982 0.405047059 0.300291777
vn 0.863578320 -0.405042410 -0.300288498
vn -0.282711864 -0.831042171 -0.479001939
vn -0.797159970 -0.449216247 0.403411627
vn -0.797159076 0.449216545 -0.403412789
vn -0.193322569 0.345806539 0.918174386
vn 0.797159553 0.449211776 0.403417200
vn 0.282710761 0.831042290 -0.479002565
vn 0.797161043 -0.449212521 -0.403413415
vn 0.282714874 -0.831041992 0.479000717
vn -0.863577306 -0.405043185 0.300290227
vn -0.193324238 -0.345808029 -0.918173492
vn -0.863577545 0.405042320 -0.300290763
vn 0.193323106 -0.345805168 0.918174803
vn -0.282715738 0.831042051 0.478999883
vn 0.193320304 0.345817924 -0.918170571
vn 0.863573790 0.405048519 0.300293237
vn 0.863578498 -0.405041903 -0.300288588
vn -0.282713652 -0.831041336 -0.479002565
vn -0.797163665 -0.449204475 0.403417289
vn -0.797161341 0.449212551 -0.403412849
vn -0.167628184 0.316882998 0.933534205
vn 0.632932901 0.706931710 0.315663636
vn 0.247588843 0.353573918 -0.902045131
vn 0.849225581 -0.415022641 -0.326454014
vn 0.366198957 -0.779241681 0.508606613
vn -0.861997366 -0.383146465 0.331902772
vn -0.400657445 -0.624819875 -0.670129657
vn -0.808673978 0.496718764 -0.315145701
vn -0.255679548 0.337128371 0.906075299
vn 0.183249250 0.331576496 -0.925460279
vn 0.614427030 0.744532466 0.261057049
vn 0.468156338 -0.583131969 0.663917720
vn 0.868681014 -0.388201833 -0.307722002
vn -0.290598840 -0.818703949 -0.495253593
vn -0.838021934 -0.408093512 0.362186313
vn -0.804489434 0.465602070 -0.368797511
vn 0.193326369 -0.345817059 0.918169677
vn -0.282719553 0.831033885 0.479011923
vn 0.863577187 0.405040830 0.300293714
vn 0.193321601 0.345818758 -0.918170035
vn 0.863574743 -0.405043423 -0.300297379
vn -0.797157347 -0.449215293 0.403417587
vn -0.282712847 -0.831040919 -0.479003608
vn -0.797157466 0.449215591 -0.403417051
vn 0.193321750 -0.345810890 0.918172956
vn -0.282717556 0.831038952 0.479004234
vn 0.863576770 0.405042022 0.300293535
vn 0.193324715 0.345808357 -0.918173254
vn 0.863576114 -0.405043721 -0.300292969
vn -0.797157109 -0.449216038 0.403417319
vn -0.282714725 -0.831040025 -0.479004025
vn -0.797157824 0.449215323 -0.403416902
usemtl field_material_05
f 3//3 9//9 4//4
f 2//2 1//1 7//7
f 5//5 9//9 10//10
f 2//2 8//8 3//3
f 6//6 5//5 10//10
f 6//6 10//10 14//14
f 8//8 13//13 9//9
f 7//7 1//1 11//11
f 9//9 14//14 10//10
f 7//7 12//12 8//8
f 6//6 14//14 18//18
f 12//12 17//17 13//13
f 11//11 1//1 15//15
f 14//14 17//17 18//18
f 11//11 16//16 12//12
f 6//6 18//18 22//22
f 16//16 21//21 17//17
f 15//15 1//1 19//19
f 17//17 22//22 18//18
f 15//15 20//20 16//16
f 6//6 22//22 26//26
f 20//20 25//25 21//21
f 19//19 1//1 23//23
f 22//22 25//25 26//26
f 19//19 24//24 20//20
f 6//6 26//26 30//30
f 24//24 29//29 25//25
f 23//23 1//1 27//27
f 25//25 30//30 26//26
f 23//23 28//28 24//24
f 6//6 30//30 34//34
f 28//28 33//33 29//29
f 27//27 1//1 31//31
f 30//30 33//33 34//34
f 27//27 32//32 28//28
f 6//6 34//34 5//5
f 32//32 4//4 33//33
f 31//31 1//1 2//2
f 33//33 5//5 34//34
f 31//31 3//3 32//32
f 36//36 37//37 35//35
f 37//37 40//40 39//39
f 40//40 41//41 39//39
f 42//42 43//43 41//41
f 42//42 40//40 36//36
f 44//44 45//45 43//43
f 46//46 35//35 45//45
f 41//41 43//43 45//45
usemtl field_material_07
f 47//47 50//50 49//49
f 50//50 51//51 49//49
f 52//52 53//53 51//51
f 53//53 56//56 55//55
f 56//56 57//57 55//55
f 57//57 60//60 59//59
f 60//60 61//61 59//59
f 61//61 64//64 63//63
usemtl field_material_05
f 68//68 69//69 66//66
f 69//69 67//67 66//66
usemtl field_material_07
f 72//72 73//73 71//71
f 74//74 75//75 73//73
f 76//76 77//77 75//75
f 77//77 80//80 79//79
f 79//79 82//82 81//81
f 82//82 83//83 81//81
f 83//83 86//86 85//85
f 86//86 87//87 85//85
usemtl field_material_05
f 93//93 92//92 90//90
f 92//92 95//95 94//94
f 91//91 95//95 93//93
f 91//91 90//90 94//94
usemtl field_material_07
f 96//96 99//99 98//98
f 99//99 100//100 98//98
f 101//101 102//102 100//100
f 103//103 104//104 102//102
f 105//105 106//106 104//104
f 107//107 108//108 106//106
f 109//109 110//110 108//108
f 111//111 112//112 110//110
usemtl field_material_05
f 115//115 118//118 117//117
f 120//120 119//119 117//117
f 116//116 115//115 119//119
f 121//121 124//124 123//123
f 123//123 126//126 125//125
f 125//125 128//128 127//127
f 127//127 130//130 129//129
f 128//128 126//126 122//122
f 130//130 131//131 129//129
f 131//131 122//122 121//121
f 127//127 129//129 131//131
usemtl field_material_23
f 134//134 135//135 133//133
f 136//136 137//137 135//135
f 138//138 139//139 137//137
f 139//139 142//142 141//141
f 141//141 144//144 143//143
f 144//144 145//145 143//143
f 146//146 147//147 145//145
f 148//148 149//149 147//147
usemtl field_material_05
f 156//156 153//153 152//152
f 152//152 155//155 154//154
f 154//154 157//157 156//156
usemtl field_material_23
f 159//159 160//160 158//158
f 161//161 162//162 160//160
f 163//163 164//164 162//162
f 164//164 167//167 166//166
f 166//166 169//169 168//168
f 168//168 171//171 170//170
f 170//170 173//173 172//172
f 173//173 174//174 172//172
f 174//174 175//175 176//176
usemtl field_material_05
f 180//180 179//179 177//177
f 178//178 182//182 180//180
f 182//182 181//181 179//179
f 181//181 178//178 177//177
usemtl field_material_23
f 184//184 185//185 183//183
f 186//186 187//187 185//185
f 187//187 190//190 189//189
f 190//190 191//191 189//189
f 191//191 194//194 193//193
f 193//193 196//196 195//195
f 196//196 197//197 195//195
f 198//198 199//199 197//197
f 199//199 200//200 201//201
usemtl field_material_05
f 204//204 203//203 202//202
f 206//206 205//205 203//203
f 204//204 207//207 206//206
f 207//207 202//202 205//205
f 209//209 210//210 208//208
f 211//211 212//212 210//210
f 212//212 215//215 214//214
f 215//215 216//216 214//214
f 215//215 213//213 209//209
f 217//217 218//218 216//216
f 218//218 209//209 208//208
f 214//214 216//216 218//218
usemtl field_material_17
f 221//221 222//222 220//220
f 223//223 224//224 222//222
f 225//225 226//226 224//224
f 227//227 228//228 226//226
f 229//229 230//230 228//228
f 230//230 233//233 232//232
f 233//233 234//234 232//232
f 235//235 236//236 234//234
f 236//236 237//237 238//238
usemtl field_material_05
f 243//243 242//242 239//239
f 242//242 240//240 239//239
usemtl field_material_17
f 245//245 246//246 244//244
f 247//247 248//248 246//246
f 249//249 250//250 248//248
f 250//250 253//253 252//252
f 253//253 254//254 252//252
f 255//255 256//256 254//254
f 257//257 258//258 256//256
f 259//259 260//260 258//258
f 260//260 261//261 262//262
usemtl field_material_05
f 265//265 266//266 263//263
f 266//266 268//268 267//267
f 267//267 264//264 263//263
usemtl field_material_17
f 270//270 271//271 269//269
f 272//272 273//273 271//271
f 274//274 275//275 273//273
f 276//276 277//277 275//275
f 278//278 279//279 277//277
f 279//279 282//282 281//281
f 282//282 283//283 281//281
f 283//283 286//286 285//285
f 285//285 286//286 287//287
usemtl field_material_05
f 288//288 291//291 290//290
f 290//290 293//293 292//292
f 289//289 288//288 292//292
f 294//294 297//297 296//296
f 296//296 299//299 298//298
f 299//299 300//300 298//298
f 301//301 302//302 300//300
f 303//303 301//301 299//299
f 302//302 305//305 304//304
f 305//305 294//294 304//304
f 300//300 302//302 304//304
usemtl field_material_17
f 307//307 308//308 306//306
f 309//309 310//310 308//308
f 311//311 312//312 310//310
f 313//313 314//314 312//312
f 314//314 317//317 316//316
f 316//316 319//319 318//318
f 319//319 320//320 318//318
f 320//320 323//323 322//322
usemtl field_material_05
f 328//328 327//327 325//325
f 327//327 330//330 329//329
f 326//326 325//325 329//329
f 325//325 327//327 329//329
usemtl field_material_17
f 332//332 333//333 331//331
f 333//333 336//336 335//335
f 336//336 337//337 335//335
f 338//338 339//339 337//337
f 340//340 341//341 339//339
f 342//342 343//343 341//341
f 343//343 346//346 345//345
f 345//345 348//348 347//347
usemtl field_material_05
f 350//350 353//353 352//352
f 355//355 354//354 352//352
f 351//351 350//350 354//354
usemtl field_material_17
f 357//357 358//358 356//356
f 359//359 360//360 358//358
f 361//361 362//362 360//360
f 363//363 364//364 362//362
f 365//365 366//366 364//364
f 367//367 368//368 366//366
f 368//368 371//371 370//370
f 371//371 372//372 370//370
usemtl field_material_05
f 380//380 377//377 376//376
f 379//379 378//378 376//376
f 378//378 375//375 380//380
f 381//381 384//384 383//383
f 383//383 386//386 385//385
f 386//386 387//387 385//385
f 388//388 389//389 387//387
f 388//388 386//386 382//382
f 389//389 392//392 391//391
f 392//392 381//381 391//391
f 387//387 389//389 391//391
usemtl field_material_07
f 393//393 396//396 395//395
f 396//396 397//397 395//395
f 398//398 399//399 397//397
f 399//399 402//402 401//401
f 402//402 403//403 401//401
f 404//404 405//405 403//403
f 406//406 407//407 405//405
f 407//407 410//410 409//409
usemtl field_material_05
f 414//414 413//413 412//412
f 416//416 415//415 413//413
f 414//414 417//417 416//416
f 417//417 412//412 415//415
usemtl field_material_07
f 418//418 421//421 420//420
f 421//421 422//422 420//420
f 423//423 424//424 422//422
f 424//424 427//427 426//426
f 427//427 428//428 426//426
f 429//429 430//430 428//428
f 431//431 432//432 430//430
f 433//433 434//434 432//432
f 434//434 435//435 436//436
usemtl field_material_05
f 437//437 440//440 439//439
f 440//440 441//441 439//439
f 441//441 438//438 437//437
usemtl field_material_07
f 443//443 444//444 442//442
f 445//445 446//446 444//444
f 447//447 448//448 446//446
f 448//448 451//451 450//450
f 450//450 453//453 452//452
f 453//453 454//454 452//452
f 455//455 456//456 454//454
f 457//457 458//458 456//456
usemtl field_material_05
f 461//461 462//462 466//466
f 463//463 464//464 462//462
f 465//465 466//466 464//464
f 462//462 464//464 466//466
f 468//468 469//469 467//467
f 469//469 472//472 471//471
f 471//471 474//474 473//473
f 474//474 475//475 473//473
f 476//476 474//474 472//472
f 476//476 477//477 475//475
f 477//477 468//468 467//467
f 473//473 475//475 477//477
usemtl field_material_17
f 480//480 481//481 479//479
f 481//481 484//484 483//483
f 483//483 486//486 485//485
f 486//486 487//487 485//485
f 487//487 490//490 489//489
f 490//490 491//491 489//489
f 491//491 494//494 493//493
f 494//494 495//495 493//493
f 495//495 496//496 497//497
usemtl field_material_05
f 499//499 498//498 502//502
f 498//498 501//501 500//500
f 503//503 502//502 500//500
f 498//498 500//500 502//502
usemtl field_material_17
f 504//504 507//507 506//506
f 507//507 508//508 506//506
f 508//508 511//511 510//510
f 511//511 512//512 510//510
f 512//512 515//515 514//514
f 515//515 516//516 514//514
f 517//517 518//518 516//516
f 519//519 520//520 518//518
usemtl field_material_05
f 526//526 525//525 523//523
f 528//528 527//527 525//525
f 527//527 524//524 523//523
f 523//523 525//525 527//527
usemtl field_material_17
f 530//530 531//531 529//529
f 532//532 533//533 531//531
f 534//534 535//535 533//533
f 536//536 537//537 535//535
f 538//538 539//539 537//537
f 540//540 541//541 539//539
f 541//541 544//544 543//543
f 543//543 546//546 545//545
usemtl field_material_05
f 549//549 548//548 552//552
f 548//548 551//551 550//550
f 553//553 552//552 550//550
f 555//555 556//556 554//554
f 557//557 558//558 556//556
f 558//558 561//561 560//560
f 560//560 563//563 562//562
f 563//563 561//561 559//559
f 562//562 565//565 564//564
f 565//565 554//554 564//564
f 562//562 564//564 556//556
usemtl field_material_03
f 566//566 567//567 568//568
f 566//566 568//568 569//569
f 566//566 569//569 570//570
f 566//566 570//570 571//571
f 566//566 571//571 572//572
f 566//566 572//572 567//567
f 567//567 574//574 568//568
f 568//568 576//576 569//569
f 569//569 577//577 570//570
f 585//585 571//571 570//570
f 571//571 579//579 572//572
f 572//572 573//573 567//567
f 582//582 577//577 576//576
f 577//577 583//583 578//578
f 578//578 584//584 585//585
f 580//580 589//589 574//574
f 574//574 590//590 575//575
f 591//591 582//582 581//581
f 592//592 593//593 582//582
f 584//584 594//594 585//585
f 595//595 586//586 585//585
f 586//586 596//596 579//579
f 596//596 573//573 579//579
f 597//597 580//580 573//573
f 599//599 589//589 588//588
f 581//581 601//601 591//591
f 591//591 603//603 592//592
f 593//593 604//604 583//583
f 612//612 584//584 583//583
f 594//594 605//605 595//595
f 595//595 606//606 596//596
f 607//607 597//597 596//596
f 609//609 598//598 587//587
f 599//599 610//610 589//589
f 589//589 600//600 590//590
f 600//600 601//601 581//581
f 611//611 604//604 593//593
f 612//612 594//594 584//584
f 613//613 605//605 594//594
f 616//616 604//604 611//611
f 604//604 617//617 612//612
f 618//618 608//608 607//607
f 620//620 598//598 609//609
f 621//621 599//599 598//598
f 622//622 614//614 599//599
f 614//614 623//623 610//610
f 610//610 624//624 600//600
f 625//625 601//601 600//600
f 626//626 615//615 601//601
f 602//602 628//628 603//603
f 603//603 629//629 611//611
f 629//629 616//616 611//611
f 616//616 630//630 604//604
f 630//630 617//617 604//604
f 617//617 631//631 612//612
f 612//612 632//632 613//613
f 633//633 605//605 613//613
f 605//605 634//634 606//606
f 634//634 607//607 606//606
f 635//635 618//618 607//607
f 618//618 636//636 608//608
f 636//636 619//619 608//608
f 619//619 620//620 609//609
f 637//637 634//634 633//633
f 639//639 616//616 629//629
f 640//640 630//630 616//616
f 642//642 620//620 619//619
f 643//643 614//614 622//622
f 645//645 625//625 624//624
f 626//626 647//647 615//615
f 647//647 627//627 615//615
f 627//627 649//649 628//628
f 649//649 639//639 628//628
f 637//637 653//653 634//634
f 654//654 643//643 621//621
f 646//646 647//647 626//626
f 655//655 631//631 617//617
f 655//655 632//632 631//631
f 658//658 643//643 654//654
f 643//643 658//658 644//644
f 658//658 638//638 644//644
f 638//638 659//659 645//645
f 659//659 646//646 645//645
f 646//646 660//660 647//647
f 660//660 648//648 647//647
f 648//648 661//661 649//649
f 661//661 639//639 649//649
f 661//661 640//640 639//639
f 640//640 662//662 650//650
f 650//650 662//662 655//655
f 663//663 651//651 655//655
f 663//663 652//652 651//651
f 664//664 653//653 652//652
f 653//653 664//664 641//641
f 641//641 665//665 656//656
f 665//665 642//642 656//656
f 657//657 654//654 642//642
f 657//657 666//666 658//658
f 658//658 666//666 659//659
f 659//659 666//666 660//660
f 660//660 666//666 661//661
f 661//661 666//666 662//662
f 662//662 666//666 663//663
f 663//663 666//666 664//664
f 664//664 666//666 665//665
f 665//665 666//666 657//657
usemtl field_material_05
f 678//678 669//669 670//670
f 677//677 669//669 668//668
f 669//669 673//673 670//670
f 669//669 672//672 671//671
f 672//672 676//676 671//671
f 673//673 676//676 675//675
f 672//672 667//667 674//674
f 670//670 673//673 675//675
f 670//670 675//675 678//678
f 676//676 677//677 668//668
f 676//676 678//678 675//675
f 674//674 667//667 677//677
f 682//682 683//683 685//685
f 681//681 679//679 684//684
f 690//690 682//682 685//685
f 681//681 683//683 680//680
f 683//683 689//689 685//685
f 684//684 679//679 686//686
f 690//690 685//685 689//689
f 683//683 686//686 688//688
f 686//686 679//679 687//687
f 687//687 691//691 688//688
f 689//689 691//691 690//690
f 691//691 681//681 680//680
f 691//691 682//682 690//690
f 704//704 694//694 695//695
f 701//701 704//704 695//695
f 703//703 694//694 693//693
f 694//694 699//699 695//695
f 701//701 695//695 699//699
f 694//694 696//696 697//697
f 696//696 692//692 698//698
f 698//698 702//702 697//697
f 699//699 702//702 701//701
f 698//698 692//692 700//700
f 702//702 703//703 693//693
f 702//702 704//704 701//701
f 700//700 692//692 703//703
f 716//716 705//705 709//709
f 716//716 707//707 706//706
f 708//708 707//707 711//711
f 709//709 705//705 712//712
f 707//707 712//712 710//710
f 710//710 713//713 711//711
f 712//712 714//714 710//710
f 711//711 713//713 715//715
f 713//713 714//714 715//715
f 714//714 716//716 706//706
f 711//711 715//715 708//708
f 706//706 708//708 715//715
f 719//719 720//720 722//722
f 729//729 717//717 721//721
f 726//726 719//719 722//722
f 729//729 720//720 718//718
f 720//720 725//725 722//722
f 721//721 717//717 724//724
f 726//726 722//722 725//725
f 720//720 724//724 723//723
f 724//724 727//727 723//723
f 725//725 727//727 726//726
f 726//726 727//727 728//728
f 727//727 729//729 718//718
f 726//726 728//728 719//719
f 718//718 719//719 728//728
f 732//732 733//733 730//730
f 733//733 736//736 735//735
f 735//735 738//738 737//737
f 736//736 734//734 731//731
f 738//738 739//739 737//737
f 739//739 731//731 730//730
f 735//735 737//737 739//739
usemtl field_material_03
f 741//741 742//742 743//743
f 741//741 743//743 744//744
f 741//741 744//744 745//745
f 741//741 745//745 746//746
f 741//741 746//746 747//747
f 741//741 747//747 742//742
f 742//742 755//755 743//743
f 743//743 756//756 744//744
f 757//757 745//745 744//744
f 745//745 758//758 746//746
f 752//752 747//747 746//746
f 754//754 742//742 747//747
f 751//751 759//759 752//752
f 754//754 760//760 748//748
f 761//761 755//755 748//748
f 762//762 756//756 755//755
f 756//756 764//764 749//749
f 749//749 765//765 757//757
f 765//765 750//750 757//757
f 767//767 758//758 750//750
f 767//767 751//751 758//758
f 751//751 769//769 759//759
f 759//759 770//770 753//753
f 771//771 754//754 753//753
f 760//760 773//773 761//761
f 774//774 762//762 761//761
f 763//763 775//775 764//764
f 785//785 765//765 764//764
f 765//765 777//777 766//766
f 778//778 767//767 766//766
f 767//767 780//780 768//768
f 781//781 773//773 760//760
f 782//782 774//774 773//773
f 783//783 763//763 762//762
f 784//784 775//775 763//763
f 785//785 776//776 765//765
f 786//786 779//779 778//778
f 780//780 787//787 769//769
f 769//769 788//788 770//770
f 770//770 789//789 771//771
f 771//771 790//790 772//772
f 772//772 781//781 760//760
f 794//794 778//778 777//777
f 781//781 798//798 782//782
f 799//799 791//791 782//782
f 791//791 800//800 774//774
f 792//792 801//801 783//783
f 783//783 802//802 784//784
f 802//802 775//775 784//784
f 803//803 793//793 775//775
f 793//793 804//804 785//785
f 804//804 776//776 785//785
f 805//805 794//794 776//776
f 794//794 806//806 778//778
f 806//806 786//786 778//778
f 786//786 808//808 779//779
f 808//808 780//780 779//779
f 809//809 787//787 780//780
f 810//810 788//788 787//787
f 811//811 795//795 788//788
f 812//812 790//790 789//789
f 813//813 796//796 790//790
f 815//815 792//792 800//800
f 816//816 804//804 793//793
f 817//817 794//794 805//805
f 818//818 807//807 806//806
f 819//819 812//812 795//795
f 821//821 813//813 812//812
f 823//823 814//814 797//797
f 799//799 824//824 791//791
f 824//824 815//815 791//791
f 832//832 801//801 792//792
f 802//802 826//826 803//803
f 827//827 818//818 794//794
f 828//828 809//809 808//808
f 810//810 830//830 811//811
f 830//830 819//819 811//811
f 831//831 797//797 796//796
f 814//814 824//824 799//799
f 832//832 825//825 801//801
f 816//816 833//833 804//804
f 833//833 817//817 804//804
f 828//828 829//829 809//809
f 823//823 834//834 814//814
f 834//834 824//824 814//814
f 835//835 815//815 824//824
f 836//836 832//832 815//815
f 836//836 825//825 832//832
f 825//825 837//837 826//826
f 837//837 816//816 826//826
f 837//837 833//833 816//816
f 833//833 838//838 817//817
f 817//817 838//838 827//827
f 827//827 839//839 818//818
f 839//839 828//828 818//818
f 840//840 829//829 828//828
f 829//829 841//841 830//830
f 830//830 841//841 819//819
f 819//819 842//842 820//820
f 820//820 842//842 821//821
f 821//821 843//843 822//822
f 822//822 843//843 831//831
f 843//843 823//823 831//831
f 834//834 844//844 835//835
f 835//835 844//844 836//836
f 836//836 844//844 837//837
f 837//837 844//844 838//838
f 838//838 844//844 839//839
f 839//839 844//844 840//840
f 840//840 844//844 841//841
f 841//841 844//844 842//842
f 842//842 844//844 843//843
f 843//843 844//844 834//834
usemtl field_material_05
f 858//858 848//848 846//846
f 847//847 848//848 849//849
f 855//855 847//847 849//849
f 848//848 853//853 849//849
f 855//855 849//849 853//853
f 848//848 850//850 852//852
f 850//850 845//845 851//851
f 851//851 856//856 852//852
f 853//853 856//856 855//855
f 851//851 845//845 854//854
f 855//855 856//856 857//857
f 856//856 858//858 846//846
f 854//854 845//845 858//858
f 855//855 857//857 847//847
f 846//846 847//847 857//857
f 870//870 860//860 863//863
f 860//860 862//862 863//863
f 861//861 865//865 862//862
f 861//861 859//859 864//864
f 870//870 863//863 866//866
f 865//865 864//864 867//867
f 865//865 866//866 863//863
f 864//864 859//859 868//868
f 866//866 869//869 870//870
f 868//868 869//869 867//867
f 870//870 871//871 872//872
f 868//868 871//871 869//869
f 871//871 860//860 872//872
f 870//870 872//872 860//860
f 871//871 861//861 862//862
f 874//874 877//877 883//883
f 884//884 875//875 878//878
f 875//875 877//877 878//878
f 874//874 873//873 876//876
f 877//877 876//876 879//879
f 884//884 878//878 880//880
f 879//879 880//880 878//878
f 876//876 873//873 881//881
f 881//881 882//882 879//879
f 880//880 882//882 884//884
f 882//882 873//873 883//883
f 883//883 875//875 884//884
f 896//896 887//887 890//890
f 886//886 891//891 888//888
f 887//887 891//891 890//890
f 886//886 885//885 889//889
f 896//896 890//890 893//893
f 891//891 892//892 894//894
f 891//891 893//893 890//890
f 889//889 885//885 892//892
f 892//892 895//895 894//894
f 893//893 895//895 896//896
f 895//895 887//887 896//896
f 895//895 886//886 888//888
f 904//904 899//899 902//902
f 898//898 901//901 910//910
f 899//899 901//901 902//902
f 898//898 897//897 900//900
f 901//901 900//900 903//903
f 901//901 904//904 902//902
f 903//903 905//905 907//907
f 903//903 906//906 904//904
f 900//900 897//897 905//905
f 904//904 906//906 909//909
f 905//905 908//908 907//907
f 906//906 908//908 909//909
f 908//908 897//897 910//910
f 910//910 899//899 909//909
f 904//904 909//909 899//899
f 911//911 914//914 913//913
f 914//914 915//915 913//913
f 916//916 917//917 915//915
f 917//917 920//920 919//919
f 912//912 920//920 916//916
f 919//919 922//922 921//921
f 921//921 912//912 911//911
f 917//917 919//919 921//921
usemtl field_material_09
f 923//923 924//924 925//925
f 923//923 925//925 926//926
f 923//923 926//926 927//927
f 923//923 927//927 928//928
f 923//923 928//928 929//929
f 923//923 929//929 924//924
f 924//924 930//930 925//925
f 925//925 932//932 926//926
f 934//934 927//927 926//926
f 927//927 936//936 928//928
f 938//938 929//929 928//928
f 940//940 924//924 929//929
f 930//930 942//942 931//931
f 943//943 932//932 931//931
f 933//933 944//944 945//945
f 941//941 930//930 940//940
f 941//941 947//947 942//942
f 948//948 943//943 942//942
f 950//950 933//933 943//943
f 933//933 951//951 944//944
f 952//952 945//945 944//944
f 945//945 953//953 934//934
f 954//954 935//935 934//934
f 935//935 956//956 936//936
f 956//956 937//937 936//936
f 937//937 957//957 938//938
f 938//938 959//959 939//939
f 939//939 960//960 946//946
f 960//960 941//941 946//946
f 962//962 948//948 947//947
f 963//963 950//950 949//949
f 964//964 951//951 950//950
f 953//953 967//967 954//954
f 967//967 955//955 954//954
f 956//956 970//970 957//957
f 970//970 958//958 957//957
f 958//958 971//971 959//959
f 972//972 960//960 959//959
f 961//961 962//962 947//947
f 975//975 948//948 962//962
f 976//976 963//963 948//948
f 978//978 964//964 963//963
f 979//979 951//951 964//964
f 951//951 981//981 952//952
f 981//981 965//965 952//952
f 966//966 982//982 967//967
f 967//967 983//983 955//955
f 983//983 968//968 955//955
f 985//985 958//958 970//970
f 986//986 971//971 958//958
f 972//972 987//987 973//973
f 973//973 974//974 961//961
f 974//974 962//962 961//961
f 988//988 975//975 974//974
f 966//966 991//991 982//982
f 988//988 995//995 975//975
f 995//995 976//976 975//975
f 996//996 977//977 976//976
f 997//997 978//978 977//977
f 998//998 989//989 978//978
f 989//989 999//999 979//979
f 999//999 980//980 979//979
f 1000//1000 981//981 980//980
f 1001//1001 965//965 981//981
f 1002//1002 990//990 965//965
f 991//991 1003//1003 982//982
f 1003//1003 983//983 982//982
f 1004//1004 968//968 983//983
f 1005//1005 992//992 968//968
f 984//984 1007//1007 985//985
f 985//985 1008//1008 986//986
f 1008//1008 971//971 986//986
f 1009//1009 993//993 971//971
f 1010//1010 994//994 987//987
f 1011//1011 988//988 974//974
f 1012//1012 995//995 988//988
f 1013//1013 997//997 996//996
f 1014//1014 998//998 997//997
f 1015//1015 1000//1000 999//999
f 1016//1016 1001//1001 1000//1000
f 1001//1001 1017//1017 1002//1002
f 1017//1017 990//990 1002//1002
f 1018//1018 991//991 990//990
f 1020//1020 1005//1005 1004//1004
f 1005//1005 1022//1022 992//992
f 1022//1022 1006//1006 992//992
f 1023//1023 1008//1008 1007//1007
f 1025//1025 1011//1011 994//994
f 1026//1026 988//988 1011//1011
f 1027//1027 1013//1013 995//995
f 998//998 1029//1029 989//989
f 1029//1029 1015//1015 989//989
f 1032//1032 1023//1023 1006//1006
f 1033//1033 1024//1024 1008//1008
f 1034//1034 1010//1010 993//993
f 1035//1035 1025//1025 1010//1010
f 1036//1036 1027//1027 1012//1012
f 1027//1027 1037//1037 1013//1013
f 1013//1013 1038//1038 1014//1014
f 1038//1038 1028//1028 1014//1014
f 1029//1029 1039//1039 1015//1015
f 1039//1039 1016//1016 1015//1015
f 1040//1040 1030//1030 1016//1016
f 1041//1041 1018//1018 1017//1017
f 1042//1042 1019//1019 1018//1018
f 1043//1043 1031//1031 1019//1019
f 1044//1044 1021//1021 1020//1020
f 1045//1045 1032//1032 1022//1022
f 1032//1032 1046//1046 1023//1023
f 1046//1046 1033//1033 1023//1023
f 1033//1033 1047//1047 1024//1024
f 1047//1047 1034//1034 1024//1024
f 1035//1035 1048//1048 1025//1025
f 1025//1025 1049//1049 1026//1026
f 1026//1026 1036//1036 1012//1012
f 1050//1050 1027//1027 1036//1036
f 1050//1050 1037//1037 1027//1027
f 1050//1050 1038//1038 1037//1037
f 1051//1051 1028//1028 1038//1038
f 1028//1028 1052//1052 1029//1029
f 1052//1052 1039//1039 1029//1029
f 1052//1052 1040//1040 1039//1039
f 1053//1053 1030//1030 1040//1040
f 1030//1030 1053//1053 1041//1041
f 1041//1041 1054//1054 1042//1042
f 1054//1054 1043//1043 1042//1042
f 1054//1054 1031//1031 1043//1043
f 1055//1055 1044//1044 1031//1031
f 1044//1044 1055//1055 1021//1021
f 1055//1055 1045//1045 1021//1021
f 1045//1045 1056//1056 1032//1032
f 1032//1032 1056//1056 1046//1046
f 1046//1046 1057//1057 1033//1033
f 1057//1057 1047//1047 1033//1033
f 1057//1057 1034//1034 1047//1047
f 1058//1058 1035//1035 1034//1034
f 1035//1035 1059//1059 1048//1048
f 1059//1059 1049//1049 1048//1048
f 1049//1049 1050//1050 1036//1036
f 1050//1050 1060//1060 1051//1051
f 1051//1051 1060//1060 1052//1052
f 1052//1052 1060//1060 1053//1053
f 1053//1053 1060//1060 1054//1054
f 1054//1054 1060//1060 1055//1055
f 1055//1055 1060//1060 1056//1056
f 1056//1056 1060//1060 1057//1057
f 1057//1057 1060//1060 1058//1058
f 1058//1058 1060//1060 1059//1059
f 1059//1059 1060//1060 1050//1050
usemtl field_material_05
f 1069//1069 1063//1063 1066//1066
f 1062//1062 1065//1065 1063//1063
f 1063//1063 1065//1065 1066//1066
f 1062//1062 1061//1061 1064//1064
f 1064//1064 1067//1067 1065//1065
f 1067//1067 1061//1061 1068//1068
f 1067//1067 1069//1069 1066//1066
f 1068//1068 1070//1070 1071//1071
f 1068//1068 1072//1072 1069//1069
f 1070//1070 1073//1073 1071//1071
f 1070//1070 1061//1061 1075//1075
f 1069//1069 1072//1072 1077//1077
f 1070//1070 1074//1074 1073//1073
f 1072//1072 1074//1074 1077//1077
f 1074//1074 1075//1075 1076//1076
f 1076//1076 1063//1063 1077//1077
f 1075//1075 1061//1061 1062//1062
f 1069//1069 1077//1077 1063//1063
f 1076//1076 1062//1062 1063//1063
f 1080//1080 1082//1082 1084//1084
f 1079//1079 1078//1078 1081//1081
f 1081//1081 1083//1083 1082//1082
f 1083//1083 1085//1085 1086//1086
f 1083//1083 1087//1087 1084//1084
f 1081//1081 1078//1078 1085//1085
f 1086//1086 1085//1085 1088//1088
f 1084//1084 1087//1087 1090//1090
f 1085//1085 1089//1089 1088//1088
f 1087//1087 1089//1089 1090//1090
f 1078//1078 1091//1091 1089//1089
f 1084//1084 1090//1090 1080//1080
f 1091//1091 1092//1092 1093//1093
f 1091//1091 1080//1080 1090//1090
f 1092//1092 1078//1078 1079//1079
f 1109//1109 1096//1096 1099//1099
f 1095//1095 1094//1094 1097//1097
f 1097//1097 1098//1098 1096//1096
f 1098//1098 1100//1100 1101//1101
f 1098//1098 1102//1102 1099//1099
f 1097//1097 1094//1094 1100//1100
f 1101//1101 1100//1100 1103//1103
f 1099//1099 1102//1102 1105//1105
f 1100//1100 1104//1104 1103//1103
f 1102//1102 1104//1104 1105//1105
f 1094//1094 1107//1107 1104//1104
f 1099//1099 1105//1105 1109//1109
f 1107//1107 1106//1106 1108//1108
f 1107//1107 1109//1109 1105//1105
f 1106//1106 1094//1094 1095//1095
f 1111//1111 1113//1113 1112//1112
f 1114//1114 1115//1115 1118//1118
f 1111//1111 1110//1110 1116//1116
f 1126//1126 1114//1114 1118//1118
f 1111//1111 1115//1115 1113//1113
f 1115//1115 1116//1116 1117//1117
f 1117//1117 1119//1119 1120//1120
f 1117//1117 1120//1120 1118//1118
f 1116//1116 1110//1110 1119//1119
f 1126//1126 1118//1118 1120//1120
f 1126//1126 1120//1120 1123//1123
f 1119//1119 1122//1122 1120//1120
f 1120//1120 1122//1122 1123//1123
f 1119//1119 1110//1110 1121//1121
f 1121//1121 1124//1124 1122//1122
f 1124//1124 1110//1110 1125//1125
f 1124//1124 1126//1126 1123//1123
f 1125//1125 1111//1111 1112//1112
f 1125//1125 1114//1114 1126//1126
f 1142//1142 1129//1129 1132//1132
f 1128//1128 1127//1127 1130//1130
f 1138//1138 1142//1142 1132//1132
f 1130//1130 1131//1131 1129//1129
f 1131//1131 1136//1136 1132//1132
f 1138//1138 1132//1132 1136//1136
f 1131//1131 1127//1127 1133//1133
f 1133//1133 1134//1134 1135//1135
f 1134//1134 1137//1137 1135//1135
f 1136//1136 1137//1137 1138//1138
f 1134//1134 1140//1140 1137//1137
f 1134//1134 1127//1127 1139//1139
f 1140//1140 1139//1139 1141//1141
f 1140//1140 1142//1142 1138//1138
f 1139//1139 1127//1127 1128//1128
usemtl field_material_29
f 1144//1144 1146//1146 1145//1145
f 1144//1144 1143//1143 1147//1147
f 1149//1149 1145//1145 1146//1146
f 1146//1146 1147//1147 1149//1149
f 1147//1147 1143//1143 1148//1148
f 1148//1148 1150//1150 1149//1149
f 1143//1143 1145//1145 1150//1150
f 1149//1149 1150//1150 1145//1145
f 1156//1156 1152//1152 1154//1154
f 1153//1153 1154//1154 1152//1152
f 1153//1153 1151//1151 1155//1155
f 1154//1154 1155//1155 1156//1156
f 1155//1155 1151//1151 1157//1157
f 1157//1157 1158//1158 1156//1156
f 1156//1156 1158//1158 1152//1152
f 1151//1151 1152//1152 1158//1158
f 1160//1160 1162//1162 1161//1161
f 1160//1160 1159//1159 1163//1163
f 1161//1161 1162//1162 1165//1165
f 1163//1163 1165//1165 1162//1162
f 1163//1163 1159//1159 1164//1164
f 1164//1164 1166//1166 1165//1165
f 1161//1161 1165//1165 1166//1166
f 1159//1159 1160//1160 1166//1166
f 1166//1166 1160//1160 1161//1161
f 1169//1169 1171//1171 1168//1168
f 1169//1169 1167//1167 1170//1170
f 1168//1168 1171//1171 1172//1172
f 1170//1170 1172//1172 1171//1171
f 1170//1170 1167//1167 1173//1173
f 1168//1168 1172//1172 1174//1174
f 1173//1173 1174//1174 1172//1172
f 1167//1167 1169//1169 1174//1174
f 1174//1174 1169//1169 1168//1168
f 1176//1176 1175//1175 1177//1177
f 1177//1177 1179//1179 1178//1178
f 1178//1178 1179//1179 1181//1181
f 1175//1175 1181//1181 1179//1179
f 1180//1180 1182//1182 1181//1181
f 1180//1180 1175//1175 1176//1176
f 1178//1178 1181//1181 1182//1182
f 1182//1182 1176//1176 1178//1178
f 1184//1184 1183//1183 1186//1186
f 1186//1186 1187//1187 1185//1185
f 1185//1185 1187//1187 1188//1188
f 1183//1183 1188//1188 1187//1187
f 1189//1189 1183//1183 1184//1184
f 1185//1185 1188//1188 1190//1190
f 1189//1189 1190//1190 1188//1188
f 1190//1190 1184//1184 1185//1185
f 1192//1192 1194//1194 1193//1193
f 1192//1192 1191//1191 1195//1195
f 1197//1197 1193//1193 1194//1194
f 1194//1194 1195//1195 1197//1197
f 1195//1195 1191//1191 1196//1196
f 1196//1196 1198//1198 1197//1197
f 1197//1197 1198//1198 1193//1193
f 1191//1191 1193//1193 1198//1198
f 1200//1200 1199//1199 1202//1202
f 1202//1202 1203//1203 1201//1201
f 1201//1201 1203//1203 1204//1204
f 1199//1199 1204//1204 1203//1203
f 1201//1201 1204//1204 1206//1206
f 1205//1205 1206//1206 1204//1204
f 1205//1205 1199//1199 1200//1200
f 1206//1206 1200//1200 1201//1201
f 1208//1208 1207//1207 1211//1211
f 1213//1213 1209//1209 1210//1210
f 1208//1208 1210//1210 1209//1209
f 1210//1210 1211//1211 1213//1213
f 1211//1211 1207//1207 1212//1212
f 1212//1212 1214//1214 1213//1213
f 1213//1213 1214//1214 1209//1209
f 1207//1207 1209//1209 1214//1214
f 1216//1216 1215//1215 1218//1218
f 1218//1218 1219//1219 1217//1217
f 1217//1217 1219//1219 1220//1220
f 1215//1215 1220//1220 1219//1219
f 1217//1217 1220//1220 1222//1222
f 1221//1221 1222//1222 1220//1220
f 1221//1221 1215//1215 1216//1216
f 1222//1222 1216//1216 1217//1217
f 1224//1224 1226//1226 1225//1225
f 1224//1224 1223//1223 1227//1227
f 1226//1226 1227//1227 1229//1229
f 1225//1225 1226//1226 1229//1229
f 1227//1227 1223//1223 1228//1228
f 1228//1228 1230//1230 1229//1229
f 1225//1225 1229//1229 1230//1230
f 1230//1230 1224//1224 1225//1225
f 1223//1223 1224//1224 1230//1230
f 1233//1233 1235//1235 1232//1232
f 1233//1233 1231//1231 1234//1234
f 1234//1234 1236//1236 1235//1235
f 1232//1232 1235//1235 1236//1236
f 1234//1234 1231//1231 1237//1237
f 1232//1232 1236//1236 1238//1238
f 1237//1237 1238//1238 1236//1236
f 1231//1231 1233//1233 1238//1238
f 1238//1238 1233//1233 1232//1232
f 1240//1240 1239//1239 1241//1241
f 1241//1241 1243//1243 1242//1242
f 1242//1242 1243//1243 1245//1245
f 1239//1239 1245//1245 1243//1243
f 1244//1244 1246//1246 1245//1245
f 1244//1244 1239//1239 1240//1240
f 1242//1242 1245//1245 1246//1246
f 1246//1246 1240//1240 1242//1242
f 1248//1248 1247//1247 1249//1249
f 1249//1249 1251//1251 1250//1250
f 1250//1250 1251//1251 1253//1253
f 1247//1247 1253//1253 1251//1251
f 1250//1250 1253//1253 1254//1254
f 1252//1252 1254//1254 1253//1253
f 1252//1252 1247//1247 1248//1248
f 1254//1254 1248//1248 1250//1250
usemtl field_material_05
f 3//3 8//8 9//9
f 5//5 4//4 9//9
f 2//2 7//7 8//8
f 8//8 12//12 13//13
f 9//9 13//13 14//14
f 7//7 11//11 12//12
f 12//12 16//16 17//17
f 14//14 13//13 17//17
f 11//11 15//15 16//16
f 16//16 20//20 21//21
f 17//17 21//21 22//22
f 15//15 19//19 20//20
f 20//20 24//24 25//25
f 22//22 21//21 25//25
f 19//19 23//23 24//24
f 24//24 28//28 29//29
f 25//25 29//29 30//30
f 23//23 27//27 28//28
f 28//28 32//32 33//33
f 30//30 29//29 33//33
f 27//27 31//31 32//32
f 32//32 3//3 4//4
f 33//33 4//4 5//5
f 31//31 2//2 3//3
f 36//36 38//38 37//37
f 37//37 38//38 40//40
f 40//40 42//42 41//41
f 42//42 44//44 43//43
f 40//40 38//38 36//36
f 36//36 46//46 44//44
f 44//44 42//42 36//36
f 44//44 46//46 45//45
f 46//46 36//36 35//35
f 45//45 35//35 37//37
f 37//37 39//39 45//45
f 39//39 41//41 45//45
usemtl field_material_07
f 47//47 48//48 50//50
f 50//50 52//52 51//51
f 52//52 54//54 53//53
f 53//53 54//54 56//56
f 56//56 58//58 57//57
f 57//57 58//58 60//60
f 60//60 62//62 61//61
f 61//61 62//62 64//64
f 64//64 65//65 63//63
usemtl field_material_05
f 66//66 67//67 68//68
f 68//68 70//70 69//69
f 67//67 70//70 68//68
f 69//69 70//70 67//67
usemtl field_material_07
f 72//72 74//74 73//73
f 74//74 76//76 75//75
f 76//76 78//78 77//77
f 77//77 78//78 80//80
f 79//79 80//80 82//82
f 82//82 84//84 83//83
f 83//83 84//84 86//86
f 86//86 88//88 87//87
f 88//88 89//89 87//87
usemtl field_material_05
f 91//91 93//93 90//90
f 92//92 93//93 95//95
f 95//95 91//91 94//94
f 90//90 92//92 94//94
usemtl field_material_07
f 96//96 97//97 99//99
f 99//99 101//101 100//100
f 101//101 103//103 102//102
f 103//103 105//105 104//104
f 105//105 107//107 106//106
f 107//107 109//109 108//108
f 109//109 111//111 110//110
f 111//111 113//113 112//112
f 113//113 114//114 112//112
usemtl field_material_05
f 115//115 116//116 118//118
f 118//118 120//120 117//117
f 120//120 118//118 116//116
f 120//120 116//116 119//119
f 115//115 117//117 119//119
f 121//121 122//122 124//124
f 123//123 124//124 126//126
f 125//125 126//126 128//128
f 127//127 128//128 130//130
f 126//126 124//124 122//122
f 122//122 132//132 130//130
f 130//130 128//128 122//122
f 130//130 132//132 131//131
f 131//131 132//132 122//122
f 131//131 121//121 127//127
f 121//121 123//123 127//127
f 123//123 125//125 127//127
usemtl field_material_23
f 134//134 136//136 135//135
f 136//136 138//138 137//137
f 138//138 140//140 139//139
f 139//139 140//140 142//142
f 141//141 142//142 144//144
f 144//144 146//146 145//145
f 146//146 148//148 147//147
f 148//148 150//150 149//149
f 150//150 151//151 149//149
usemtl field_material_05
f 152//152 153//153 155//155
f 153//153 157//157 155//155
f 154//154 155//155 157//157
f 156//156 157//157 153//153
f 156//156 152//152 154//154
usemtl field_material_23
f 159//159 161//161 160//160
f 161//161 163//163 162//162
f 163//163 165//165 164//164
f 164//164 165//165 167//167
f 166//166 167//167 169//169
f 168//168 169//169 171//171
f 170//170 171//171 173//173
f 173//173 175//175 174//174
usemtl field_material_05
f 178//178 180//180 177//177
f 180//180 182//182 179//179
f 181//181 182//182 178//178
f 177//177 179//179 181//181
usemtl field_material_23
f 184//184 186//186 185//185
f 186//186 188//188 187//187
f 187//187 188//188 190//190
f 190//190 192//192 191//191
f 191//191 192//192 194//194
f 193//193 194//194 196//196
f 196//196 198//198 197//197
f 198//198 200//200 199//199
usemtl field_material_05
f 204//204 206//206 203//203
f 206//206 207//207 205//205
f 207//207 204//204 202//202
f 205//205 202//202 203//203
f 209//209 211//211 210//210
f 211//211 213//213 212//212
f 212//212 213//213 215//215
f 215//215 217//217 216//216
f 213//213 211//211 209//209
f 209//209 219//219 217//217
f 217//217 215//215 209//209
f 217//217 219//219 218//218
f 218//218 219//219 209//209
f 218//218 208//208 214//214
f 208//208 210//210 214//214
f 210//210 212//212 214//214
usemtl field_material_17
f 221//221 223//223 222//222
f 223//223 225//225 224//224
f 225//225 227//227 226//226
f 227//227 229//229 228//228
f 229//229 231//231 230//230
f 230//230 231//231 233//233
f 233//233 235//235 234//234
f 235//235 237//237 236//236
usemtl field_material_05
f 239//239 240//240 241//241
f 241//241 243//243 239//239
f 243//243 241//241 240//240
f 243//243 240//240 242//242
usemtl field_material_17
f 245//245 247//247 246//246
f 247//247 249//249 248//248
f 249//249 251//251 250//250
f 250//250 251//251 253//253
f 253//253 255//255 254//254
f 255//255 257//257 256//256
f 257//257 259//259 258//258
f 259//259 261//261 260//260
usemtl field_material_05
f 263//263 264//264 265//265
f 265//265 268//268 266//266
f 265//265 264//264 268//268
f 268//268 264//264 267//267
f 263//263 266//266 267//267
usemtl field_material_17
f 270//270 272//272 271//271
f 272//272 274//274 273//273
f 274//274 276//276 275//275
f 276//276 278//278 277//277
f 278//278 280//280 279//279
f 279//279 280//280 282//282
f 282//282 284//284 283//283
f 283//283 284//284 286//286
usemtl field_material_05
f 288//288 289//289 291//291
f 291//291 293//293 290//290
f 291//291 289//289 293//293
f 293//293 289//289 292//292
f 288//288 290//290 292//292
f 294//294 295//295 297//297
f 296//296 297//297 299//299
f 299//299 301//301 300//300
f 301//301 303//303 302//302
f 299//299 297//297 295//295
f 295//295 305//305 299//299
f 305//305 303//303 299//299
f 302//302 303//303 305//305
f 305//305 295//295 294//294
f 304//304 294//294 296//296
f 296//296 298//298 304//304
f 298//298 300//300 304//304
usemtl field_material_17
f 307//307 309//309 308//308
f 309//309 311//311 310//310
f 311//311 313//313 312//312
f 313//313 315//315 314//314
f 314//314 315//315 317//317
f 316//316 317//317 319//319
f 319//319 321//321 320//320
f 320//320 321//321 323//323
f 323//323 324//324 322//322
usemtl field_material_05
f 326//326 328//328 325//325
f 327//327 328//328 330//330
f 328//328 326//326 330//330
f 330//330 326//326 329//329
usemtl field_material_17
f 332//332 334//334 333//333
f 333//333 334//334 336//336
f 336//336 338//338 337//337
f 338//338 340//340 339//339
f 340//340 342//342 341//341
f 342//342 344//344 343//343
f 343//343 344//344 346//346
f 345//345 346//346 348//348
f 348//348 349//349 347//347
usemtl field_material_05
f 350//350 351//351 353//353
f 353//353 355//355 352//352
f 355//355 353//353 351//351
f 355//355 351//351 354//354
f 354//354 350//350 352//352
usemtl field_material_17
f 357//357 359//359 358//358
f 359//359 361//361 360//360
f 361//361 363//363 362//362
f 363//363 365//365 364//364
f 365//365 367//367 366//366
f 367//367 369//369 368//368
f 368//368 369//369 371//371
f 371//371 373//373 372//372
f 373//373 374//374 372//372
usemtl field_material_05
f 380//380 375//375 377//377
f 377//377 379//379 376//376
f 379//379 377//377 375//375
f 378//378 379//379 375//375
f 380//380 376//376 378//378
f 381//381 382//382 384//384
f 383//383 384//384 386//386
f 386//386 388//388 387//387
f 388//388 390//390 389//389
f 386//386 384//384 382//382
f 382//382 392//392 390//390
f 390//390 388//388 382//382
f 389//389 390//390 392//392
f 392//392 382//382 381//381
f 391//391 381//381 387//387
f 381//381 383//383 387//387
f 383//383 385//385 387//387
usemtl field_material_07
f 393//393 394//394 396//396
f 396//396 398//398 397//397
f 398//398 400//400 399//399
f 399//399 400//400 402//402
f 402//402 404//404 403//403
f 404//404 406//406 405//405
f 406//406 408//408 407//407
f 407//407 408//408 410//410
f 410//410 411//411 409//409
usemtl field_material_05
f 414//414 416//416 413//413
f 416//416 417//417 415//415
f 417//417 414//414 412//412
f 412//412 413//413 415//415
usemtl field_material_07
f 418//418 419//419 421//421
f 421//421 423//423 422//422
f 423//423 425//425 424//424
f 424//424 425//425 427//427
f 427//427 429//429 428//428
f 429//429 431//431 430//430
f 431//431 433//433 432//432
f 433//433 435//435 434//434
usemtl field_material_05
f 437//437 438//438 440//440
f 440//440 438//438 441//441
f 441//441 437//437 439//439
usemtl field_material_07
f 443//443 445//445 444//444
f 445//445 447//447 446//446
f 447//447 449//449 448//448
f 448//448 449//449 451//451
f 450//450 451//451 453//453
f 453//453 455//455 454//454
f 455//455 457//457 456//456
f 457//457 459//459 458//458
f 459//459 460//460 458//458
usemtl field_material_05
f 461//461 463//463 462//462
f 463//463 465//465 464//464
f 463//463 461//461 465//465
f 465//465 461//461 466//466
f 468//468 470//470 469//469
f 469//469 470//470 472//472
f 471//471 472//472 474//474
f 474//474 476//476 475//475
f 472//472 470//470 476//476
f 470//470 468//468 476//476
f 468//468 478//478 476//476
f 476//476 478//478 477//477
f 477//477 478//478 468//468
f 477//477 467//467 469//469
f 469//469 471//471 477//477
f 471//471 473//473 477//477
usemtl field_material_17
f 480//480 482//482 481//481
f 481//481 482//482 484//484
f 483//483 484//484 486//486
f 486//486 488//488 487//487
f 487//487 488//488 490//490
f 490//490 492//492 491//491
f 491//491 492//492 494//494
f 494//494 496//496 495//495
usemtl field_material_05
f 498//498 499//499 501//501
f 501//501 503//503 500//500
f 501//501 499//499 503//503
f 503//503 499//499 502//502
usemtl field_material_17
f 504//504 505//505 507//507
f 507//507 509//509 508//508
f 508//508 509//509 511//511
f 511//511 513//513 512//512
f 512//512 513//513 515//515
f 515//515 517//517 516//516
f 517//517 519//519 518//518
f 519//519 521//521 520//520
f 521//521 522//522 520//520
usemtl field_material_05
f 524//524 526//526 523//523
f 526//526 528//528 525//525
f 526//526 524//524 528//528
f 527//527 528//528 524//524
usemtl field_material_17
f 530//530 532//532 531//531
f 532//532 534//534 533//533
f 534//534 536//536 535//535
f 536//536 538//538 537//537
f 538//538 540//540 539//539
f 540//540 542//542 541//541
f 541//541 542//542 544//544
f 543//543 544//544 546//546
f 546//546 547//547 545//545
usemtl field_material_05
f 548//548 549//549 551//551
f 551//551 553//553 550//550
f 551//551 549//549 553//553
f 553//553 549//549 552//552
f 552//552 548//548 550//550
f 555//555 557//557 556//556
f 557//557 559//559 558//558
f 558//558 559//559 561//561
f 560//560 561//561 563//563
f 559//559 557//557 563//563
f 557//557 555//555 563//563
f 555//555 565//565 563//563
f 562//562 563//563 565//565
f 565//565 555//555 554//554
f 564//564 554//554 556//556
f 556//556 558//558 560//560
f 560//560 562//562 556//556
usemtl field_material_03
f 573//573 580//580 567//567
f 567//567 580//580 574//574
f 568//568 574//574 575//575
f 568//568 575//575 576//576
f 569//569 576//576 577//577
f 577//577 578//578 570//570
f 578//578 585//585 570//570
f 571//571 585//585 586//586
f 586//586 579//579 571//571
f 579//579 573//573 572//572
f 575//575 581//581 576//576
f 576//576 581//581 582//582
f 582//582 593//593 577//577
f 577//577 593//593 583//583
f 583//583 584//584 578//578
f 580//580 587//587 588//588
f 580//580 588//588 589//589
f 574//574 589//589 590//590
f 575//575 590//590 581//581
f 582//582 591//591 592//592
f 585//585 594//594 595//595
f 595//595 596//596 586//586
f 596//596 597//597 573//573
f 597//597 587//587 580//580
f 587//587 598//598 588//588
f 588//588 598//598 599//599
f 590//590 600//600 581//581
f 601//601 602//602 591//591
f 591//591 602//602 603//603
f 603//603 611//611 592//592
f 592//592 611//611 593//593
f 604//604 612//612 583//583
f 605//605 606//606 595//595
f 596//596 606//606 607//607
f 607//607 608//608 597//597
f 608//608 609//609 597//597
f 597//597 609//609 587//587
f 589//589 610//610 600//600
f 612//612 613//613 594//594
f 599//599 614//614 610//610
f 601//601 615//615 602//602
f 608//608 619//619 609//609
f 620//620 621//621 598//598
f 621//621 622//622 599//599
f 610//610 623//623 624//624
f 624//624 625//625 600//600
f 625//625 626//626 601//601
f 615//615 627//627 602//602
f 602//602 627//627 628//628
f 603//603 628//628 629//629
f 612//612 631//631 632//632
f 613//613 632//632 633//633
f 605//605 633//633 634//634
f 634//634 635//635 607//607
f 632//632 637//637 633//633
f 614//614 638//638 623//623
f 623//623 638//638 624//624
f 628//628 639//639 629//629
f 639//639 640//640 616//616
f 634//634 641//641 635//635
f 635//635 641//641 618//618
f 636//636 642//642 619//619
f 620//620 654//654 621//621
f 621//621 643//643 622//622
f 643//643 644//644 614//614
f 614//614 644//644 638//638
f 638//638 645//645 624//624
f 645//645 646//646 625//625
f 625//625 646//646 626//626
f 647//647 648//648 627//627
f 627//627 648//648 649//649
f 640//640 650//650 630//630
f 630//630 650//650 617//617
f 632//632 651//651 637//637
f 651//651 652//652 637//637
f 637//637 652//652 653//653
f 634//634 653//653 641//641
f 618//618 656//656 636//636
f 636//636 656//656 642//642
f 642//642 654//654 620//620
f 650//650 655//655 617//617
f 655//655 651//651 632//632
f 641//641 656//656 618//618
f 657//657 658//658 654//654
f 658//658 659//659 638//638
f 659//659 660//660 646//646
f 660//660 661//661 648//648
f 640//640 661//661 662//662
f 662//662 663//663 655//655
f 663//663 664//664 652//652
f 641//641 664//664 665//665
f 665//665 657//657 642//642
usemtl field_material_05
f 678//678 668//668 669//669
f 677//677 667//667 669//669
f 669//669 671//671 673//673
f 669//669 667//667 672//672
f 672//672 674//674 676//676
f 673//673 671//671 676//676
f 676//676 674//674 677//677
f 676//676 668//668 678//678
f 682//682 680//680 683//683
f 681//681 684//684 683//683
f 683//683 688//688 689//689
f 683//683 684//684 686//686
f 686//686 687//687 688//688
f 689//689 688//688 691//691
f 691//691 687//687 679//679
f 691//691 679//679 681//681
f 691//691 680//680 682//682
f 704//704 693//693 694//694
f 703//703 692//692 694//694
f 692//692 696//696 694//694
f 694//694 697//697 699//699
f 697//697 696//696 698//698
f 698//698 700//700 702//702
f 699//699 697//697 702//702
f 702//702 700//700 703//703
f 702//702 693//693 704//704
f 708//708 706//706 707//707
f 716//716 709//709 707//707
f 707//707 710//710 711//711
f 707//707 709//709 712//712
f 712//712 705//705 714//714
f 713//713 710//710 714//714
f 714//714 705//705 716//716
f 714//714 706//706 715//715
f 719//719 718//718 720//720
f 729//729 721//721 720//720
f 720//720 723//723 725//725
f 720//720 721//721 724//724
f 724//724 717//717 727//727
f 725//725 723//723 727//727
f 727//727 717//717 729//729
f 727//727 718//718 728//728
f 731//731 732//732 730//730
f 732//732 734//734 733//733
f 733//733 734//734 736//736
f 735//735 736//736 738//738
f 734//734 732//732 731//731
f 731//731 740//740 738//738
f 738//738 736//736 731//731
f 738//738 740//740 739//739
f 739//739 740//740 731//731
f 730//730 733//733 739//739
f 733//733 735//735 739//739
usemtl field_material_03
f 742//742 748//748 755//755
f 756//756 749//749 744//744
f 749//749 757//757 744//744
f 745//745 750//750 758//758
f 758//758 751//751 746//746
f 746//746 751//751 752//752
f 752//752 753//753 747//747
f 753//753 754//754 747//747
f 754//754 748//748 742//742
f 743//743 755//755 756//756
f 745//745 757//757 750//750
f 759//759 753//753 752//752
f 760//760 761//761 748//748
f 761//761 762//762 755//755
f 756//756 762//762 763//763
f 756//756 763//763 764//764
f 749//749 764//764 765//765
f 765//765 766//766 750//750
f 750//750 766//766 767//767
f 767//767 768//768 751//751
f 751//751 768//768 769//769
f 769//769 770//770 759//759
f 753//753 770//770 771//771
f 771//771 772//772 754//754
f 754//754 772//772 760//760
f 761//761 773//773 774//774
f 775//775 785//785 764//764
f 765//765 776//776 777//777
f 777//777 778//778 766//766
f 767//767 778//778 779//779
f 767//767 779//779 780//780
f 780//780 769//769 768//768
f 781//781 782//782 773//773
f 762//762 774//774 783//783
f 763//763 783//783 784//784
f 787//787 788//788 769//769
f 770//770 788//788 789//789
f 771//771 789//789 790//790
f 772//772 790//790 781//781
f 782//782 791//791 774//774
f 774//774 792//792 783//783
f 775//775 793//793 785//785
f 776//776 794//794 777//777
f 788//788 795//795 789//789
f 790//790 796//796 781//781
f 781//781 797//797 798//798
f 798//798 799//799 782//782
f 774//774 800//800 792//792
f 783//783 801//801 802//802
f 802//802 803//803 775//775
f 804//804 805//805 776//776
f 806//806 807//807 786//786
f 786//786 807//807 808//808
f 808//808 809//809 780//780
f 809//809 810//810 787//787
f 810//810 811//811 788//788
f 795//795 812//812 789//789
f 812//812 813//813 790//790
f 796//796 797//797 781//781
f 797//797 814//814 798//798
f 798//798 814//814 799//799
f 791//791 815//815 800//800
f 803//803 816//816 793//793
f 804//804 817//817 805//805
f 794//794 818//818 806//806
f 811//811 819//819 795//795
f 819//819 820//820 812//812
f 820//820 821//821 812//812
f 821//821 822//822 813//813
f 813//813 822//822 796//796
f 815//815 832//832 792//792
f 801//801 825//825 802//802
f 802//802 825//825 826//826
f 803//803 826//826 816//816
f 817//817 827//827 794//794
f 807//807 828//828 808//808
f 809//809 829//829 810//810
f 810//810 829//829 830//830
f 822//822 831//831 796//796
f 831//831 823//823 797//797
f 818//818 828//828 807//807
f 834//834 835//835 824//824
f 835//835 836//836 815//815
f 825//825 836//836 837//837
f 833//833 837//837 838//838
f 827//827 838//838 839//839
f 839//839 840//840 828//828
f 829//829 840//840 841//841
f 819//819 841//841 842//842
f 821//821 842//842 843//843
f 843//843 834//834 823//823
usemtl field_material_05
f 858//858 845//845 848//848
f 847//847 846//846 848//848
f 845//845 850//850 848//848
f 848//848 852//852 853//853
f 852//852 850//850 851//851
f 851//851 854//854 856//856
f 853//853 852//852 856//856
f 856//856 854//854 858//858
f 856//856 846//846 857//857
f 861//861 864//864 865//865
f 863//863 862//862 865//865
f 865//865 867//867 866//866
f 867//867 864//864 868//868
f 866//866 867//867 869//869
f 870//870 869//869 871//871
f 868//868 859//859 871//871
f 871//871 862//862 860//860
f 871//871 859//859 861//861
f 875//875 883//883 877//877
f 874//874 876//876 877//877
f 877//877 879//879 878//878
f 879//879 876//876 881//881
f 880//880 879//879 882//882
f 881//881 873//873 882//882
f 882//882 883//883 884//884
f 883//883 873//873 874//874
f 886//886 889//889 891//891
f 887//887 888//888 891//891
f 891//891 889//889 892//892
f 891//891 894//894 893//893
f 892//892 885//885 895//895
f 893//893 894//894 895//895
f 895//895 888//888 887//887
f 895//895 885//885 886//886
f 899//899 910//910 901//901
f 898//898 900//900 901//901
f 901//901 903//903 904//904
f 903//903 900//900 905//905
f 903//903 907//907 906//906
f 905//905 897//897 908//908
f 906//906 907//907 908//908
f 908//908 910//910 909//909
f 910//910 897//897 898//898
f 911//911 912//912 914//914
f 914//914 916//916 915//915
f 916//916 918//918 917//917
f 917//917 918//918 920//920
f 916//916 914//914 912//912
f 912//912 922//922 920//920
f 920//920 918//918 916//916
f 919//919 920//920 922//922
f 921//921 922//922 912//912
f 921//921 911//911 917//917
f 911//911 913//913 917//917
f 913//913 915//915 917//917
usemtl field_material_09
f 925//925 930//930 931//931
f 925//925 931//931 932//932
f 926//926 932//932 933//933
f 933//933 945//945 926//926
f 945//945 934//934 926//926
f 934//934 935//935 927//927
f 935//935 936//936 927//927
f 936//936 937//937 928//928
f 937//937 938//938 928//928
f 929//929 938//938 939//939
f 929//929 939//939 940//940
f 940//940 930//930 924//924
f 930//930 941//941 942//942
f 931//931 942//942 943//943
f 943//943 933//933 932//932
f 939//939 946//946 940//940
f 940//940 946//946 941//941
f 942//942 947//947 948//948
f 948//948 949//949 943//943
f 943//943 949//949 950//950
f 933//933 950//950 951//951
f 951//951 952//952 944//944
f 952//952 953//953 945//945
f 953//953 954//954 934//934
f 954//954 955//955 935//935
f 935//935 955//955 956//956
f 956//956 957//957 937//937
f 957//957 958//958 938//938
f 938//938 958//958 959//959
f 939//939 959//959 960//960
f 960//960 961//961 941//941
f 961//961 947//947 941//941
f 948//948 963//963 949//949
f 963//963 964//964 950//950
f 952//952 965//965 953//953
f 965//965 966//966 953//953
f 953//953 966//966 967//967
f 955//955 968//968 956//956
f 968//968 969//969 956//956
f 956//956 969//969 970//970
f 971//971 972//972 959//959
f 972//972 973//973 960//960
f 960//960 973//973 961//961
f 974//974 975//975 962//962
f 975//975 976//976 948//948
f 976//976 977//977 963//963
f 977//977 978//978 963//963
f 978//978 979//979 964//964
f 979//979 980//980 951//951
f 951//951 980//980 981//981
f 967//967 982//982 983//983
f 969//969 984//984 970//970
f 984//984 985//985 970//970
f 985//985 986//986 958//958
f 973//973 987//987 974//974
f 978//978 989//989 979//979
f 965//965 990//990 966//966
f 966//966 990//990 991//991
f 968//968 992//992 969//969
f 969//969 992//992 984//984
f 971//971 993//993 972//972
f 972//972 993//993 987//987
f 987//987 994//994 974//974
f 995//995 996//996 976//976
f 996//996 997//997 977//977
f 997//997 998//998 978//978
f 999//999 1000//1000 980//980
f 1000//1000 1001//1001 981//981
f 1001//1001 1002//1002 965//965
f 1003//1003 1004//1004 983//983
f 1004//1004 1005//1005 968//968
f 992//992 1006//1006 984//984
f 984//984 1006//1006 1007//1007
f 985//985 1007//1007 1008//1008
f 1008//1008 1009//1009 971//971
f 993//993 1010//1010 987//987
f 994//994 1011//1011 974//974
f 995//995 1013//1013 996//996
f 1013//1013 1014//1014 997//997
f 989//989 1015//1015 999//999
f 1015//1015 1016//1016 1000//1000
f 1017//1017 1018//1018 990//990
f 1018//1018 1019//1019 991//991
f 991//991 1019//1019 1003//1003
f 1003//1003 1020//1020 1004//1004
f 1020//1020 1021//1021 1005//1005
f 1005//1005 1021//1021 1022//1022
f 1006//1006 1023//1023 1007//1007
f 1008//1008 1024//1024 1009//1009
f 1009//1009 1024//1024 993//993
f 1010//1010 1025//1025 994//994
f 1025//1025 1026//1026 1011//1011
f 1026//1026 1012//1012 988//988
f 1012//1012 1027//1027 995//995
f 1014//1014 1028//1028 998//998
f 998//998 1028//1028 1029//1029
f 1016//1016 1030//1030 1001//1001
f 1001//1001 1030//1030 1017//1017
f 1019//1019 1031//1031 1003//1003
f 1003//1003 1031//1031 1020//1020
f 1022//1022 1032//1032 1006//1006
f 1023//1023 1033//1033 1008//1008
f 1024//1024 1034//1034 993//993
f 1034//1034 1035//1035 1010//1010
f 1013//1013 1037//1037 1038//1038
f 1039//1039 1040//1040 1016//1016
f 1030//1030 1041//1041 1017//1017
f 1041//1041 1042//1042 1018//1018
f 1042//1042 1043//1043 1019//1019
f 1031//1031 1044//1044 1020//1020
f 1021//1021 1045//1045 1022//1022
f 1025//1025 1048//1048 1049//1049
f 1026//1026 1049//1049 1036//1036
f 1050//1050 1051//1051 1038//1038
f 1028//1028 1051//1051 1052//1052
f 1052//1052 1053//1053 1040//1040
f 1041//1041 1053//1053 1054//1054
f 1054//1054 1055//1055 1031//1031
f 1055//1055 1056//1056 1045//1045
f 1046//1046 1056//1056 1057//1057
f 1057//1057 1058//1058 1034//1034
f 1035//1035 1058//1058 1059//1059
f 1049//1049 1059//1059 1050//1050
usemtl field_material_05
f 1062//1062 1064//1064 1065//1065
f 1066//1066 1065//1065 1067//1067
f 1067//1067 1064//1064 1061//1061
f 1067//1067 1068//1068 1069//1069
f 1068//1068 1061//1061 1070//1070
f 1068//1068 1071//1071 1072//1072
f 1072//1072 1071//1071 1073//1073
f 1070//1070 1075//1075 1074//1074
f 1072//1072 1073//1073 1074//1074
f 1074//1074 1076//1076 1077//1077
f 1076//1076 1075//1075 1062//1062
f 1079//1079 1081//1081 1082//1082
f 1080//1080 1079//1079 1082//1082
f 1084//1084 1082//1082 1083//1083
f 1083//1083 1081//1081 1085//1085
f 1083//1083 1086//1086 1087//1087
f 1086//1086 1088//1088 1087//1087
f 1085//1085 1078//1078 1089//1089
f 1087//1087 1088//1088 1089//1089
f 1078//1078 1092//1092 1091//1091
f 1090//1090 1089//1089 1091//1091
f 1091//1091 1093//1093 1080//1080
f 1093//1093 1079//1079 1080//1080
f 1093//1093 1092//1092 1079//1079
f 1095//1095 1097//1097 1096//1096
f 1109//1109 1095//1095 1096//1096
f 1099//1099 1096//1096 1098//1098
f 1098//1098 1097//1097 1100//1100
f 1098//1098 1101//1101 1102//1102
f 1101//1101 1103//1103 1102//1102
f 1100//1100 1094//1094 1104//1104
f 1102//1102 1103//1103 1104//1104
f 1094//1094 1106//1106 1107//1107
f 1105//1105 1104//1104 1107//1107
f 1107//1107 1108//1108 1109//1109
f 1108//1108 1106//1106 1095//1095
f 1108//1108 1095//1095 1109//1109
f 1114//1114 1112//1112 1113//1113
f 1114//1114 1113//1113 1115//1115
f 1111//1111 1116//1116 1115//1115
f 1115//1115 1117//1117 1118//1118
f 1117//1117 1116//1116 1119//1119
f 1119//1119 1121//1121 1122//1122
f 1123//1123 1122//1122 1124//1124
f 1124//1124 1121//1121 1110//1110
f 1124//1124 1125//1125 1126//1126
f 1125//1125 1110//1110 1111//1111
f 1125//1125 1112//1112 1114//1114
f 1142//1142 1128//1128 1129//1129
f 1128//1128 1130//1130 1129//1129
f 1132//1132 1129//1129 1131//1131
f 1131//1131 1133//1133 1136//1136
f 1131//1131 1130//1130 1127//1127
f 1133//1133 1135//1135 1136//1136
f 1133//1133 1127//1127 1134//1134
f 1136//1136 1135//1135 1137//1137
f 1134//1134 1139//1139 1140//1140
f 1138//1138 1137//1137 1140//1140
f 1140//1140 1141//1141 1142//1142
f 1141//1141 1139//1139 1128//1128
f 1141//1141 1128//1128 1142//1142
usemtl field_material_29
f 1145//1145 1143//1143 1144//1144
f 1144//1144 1147//1147 1146//1146
f 1147//1147 1148//1148 1149//1149
f 1148//1148 1143//1143 1150//1150
f 1152//1152 1151//1151 1153//1153
f 1153//1153 1155//1155 1154//1154
f 1155//1155 1157//1157 1156//1156
f 1157//1157 1151//1151 1158//1158
f 1160//1160 1163//1163 1162//1162
f 1165//1165 1163//1163 1164//1164
f 1164//1164 1159//1159 1166//1166
f 1169//1169 1170//1170 1171//1171
f 1172//1172 1170//1170 1173//1173
f 1173//1173 1167//1167 1174//1174
f 1176//1176 1177//1177 1178//1178
f 1177//1177 1175//1175 1179//1179
f 1181//1181 1175//1175 1180//1180
f 1180//1180 1176//1176 1182//1182
f 1184//1184 1186//1186 1185//1185
f 1186//1186 1183//1183 1187//1187
f 1188//1188 1183//1183 1189//1189
f 1189//1189 1184//1184 1190//1190
f 1193//1193 1191//1191 1192//1192
f 1192//1192 1195//1195 1194//1194
f 1195//1195 1196//1196 1197//1197
f 1196//1196 1191//1191 1198//1198
f 1200//1200 1202//1202 1201//1201
f 1202//1202 1199//1199 1203//1203
f 1204//1204 1199//1199 1205//1205
f 1205//1205 1200//1200 1206//1206
f 1209//1209 1207//1207 1208//1208
f 1208//1208 1211//1211 1210//1210
f 1211//1211 1212//1212 1213//1213
f 1212//1212 1207//1207 1214//1214
f 1216//1216 1218//1218 1217//1217
f 1218//1218 1215//1215 1219//1219
f 1220//1220 1215//1215 1221//1221
f 1221//1221 1216//1216 1222//1222
f 1224//1224 1227//1227 1226//1226
f 1227//1227 1228//1228 1229//1229
f 1228//1228 1223//1223 1230//1230
f 1233//1233 1234//1234 1235//1235
f 1236//1236 1234//1234 1237//1237
f 1237//1237 1231//1231 1238//1238
f 1240//1240 1241//1241 1242//1242
f 1241//1241 1239//1239 1243//1243
f 1245//1245 1239//1239 1244//1244
f 1244//1244 1240//1240 1246//1246
f 1248//1248 1249//1249 1250//1250
f 1249//1249 1247//1247 1251//1251
f 1253//1253 1247//1247 1252//1252
f 1252//1252 1248//1248 1254//1254
