# Strawberry URP Gazebo mesh generated by export_gazebo_assets.py
mtllib plant_variant_15.mtl

o field_export_plant_variant_15
v 0.000000000 0.000000000 0.025000000
v 0.000000000 0.026450338 0.020225426
v 0.000000000 0.042797547 0.007725425
v 0.000000000 0.042797547 -0.007725425
v 0.000000000 0.026450338 -0.020225426
v 0.000000000 0.000000000 -0.025000000
v 0.018703211 0.018703211 0.020225426
v 0.030262435 0.030262435 0.007725425
v 0.030262435 0.030262435 -0.007725425
v 0.018703211 0.018703211 -0.020225426
v 0.026450334 0.000000000 0.020225426
v 0.042797547 0.000000000 0.007725425
v 0.042797547 0.000000000 -0.007725425
v 0.026450334 0.000000000 -0.020225426
v 0.018703211 -0.018703211 0.020225426
v 0.030262435 -0.030262435 0.007725425
v 0.030262435 -0.030262435 -0.007725425
v 0.018703211 -0.018703211 -0.020225426
v 0.000000000 -0.026450334 0.020225426
v 0.000000000 -0.042797547 0.007725425
v 0.000000000 -0.042797547 -0.007725425
v 0.000000000 -0.026450334 -0.020225426
v -0.018703211 -0.018703211 0.020225426
v -0.030262435 -0.030262435 0.007725425
v -0.030262435 -0.030262435 -0.007725425
v -0.018703211 -0.018703211 -0.020225426
v -0.026450334 0.000000000 0.020225426
v -0.042797547 0.000000000 0.007725425
v -0.042797547 0.000000000 -0.007725425
v -0.026450334 0.000000000 -0.020225426
v -0.018703211 0.018703211 0.020225426
v -0.030262435 0.030262435 0.007725425
v -0.030262435 0.030262435 -0.007725425
v -0.018703211 0.018703211 -0.020225426
v -0.084132507 0.210470408 0.198458612
v -0.004796259 -0.004333675 0.002686143
v -0.004644383 0.002285940 -0.004604817
v -0.092231490 0.212065816 0.193086341
v -0.087463930 0.218804449 0.187714055
v 0.004796244 0.004333660 -0.002686128
v 0.004644387 -0.002285931 0.004604814
v -0.079364948 0.217209011 0.193086341
v -0.122587092 0.220863461 0.198949769
v -0.064390205 0.244062856 0.202973410
v -0.127123773 0.229424536 0.201964185
v -0.067406453 0.253295690 0.206222445
v -0.144192025 0.233001769 0.203508571
v -0.057813995 0.267530143 0.209667936
v -0.142052710 0.244229689 0.205515563
v -0.067299344 0.274111271 0.210846007
v -0.156178415 0.248925507 0.205351055
v -0.060374945 0.287221551 0.212182522
v -0.149179101 0.262034267 0.205645561
v -0.074425742 0.291915864 0.210976005
v -0.158444822 0.268610924 0.203768581
v -0.072066784 0.303139299 0.209927931
v -0.148502976 0.282838285 0.202354178
v -0.088785641 0.306709409 0.206612453
v -0.151063636 0.292023450 0.199423999
v -0.092898816 0.315296233 0.203455240
v -0.128589332 0.321426779 0.193884149
v -0.086877830 0.214105353 0.193864197
v -0.124242008 0.306954354 0.205157340
v -0.084417559 0.215296850 0.192254409
v -0.121321559 0.308159143 0.204868332
v -0.060505625 0.253512502 0.204321116
v -0.013829433 0.239025757 0.201253578
v -0.058699183 0.260778129 0.208187789
v -0.010753140 0.245961323 0.205186516
v -0.067007795 0.271195412 0.212003961
v 0.002343670 0.249763668 0.207662776
v -0.060010459 0.276874006 0.213791683
v 0.000007760 0.258326501 0.210034728
v -0.066200830 0.286618322 0.215211079
v 0.010718163 0.262847930 0.210396186
v -0.055563614 0.291152328 0.214341179
v 0.004454605 0.272604823 0.210584223
v -0.058114104 0.299752057 0.213102967
v 0.011237357 0.278320312 0.208761781
v -0.045358650 0.303613126 0.209836289
v 0.002587397 0.288796306 0.206835017
v -0.042733297 0.310597569 0.206329793
v 0.003972643 0.296154201 0.203549549
v -0.015436374 0.317702711 0.196393281
v -0.018014729 0.306137383 0.205860674
v -0.042389616 0.232427374 0.191395238
v -0.020547137 0.307178020 0.204258204
v -0.041860357 0.231771350 0.194453582
v -0.153296903 0.183908626 0.208624884
v -0.129451573 0.226450399 0.204207838
v -0.159706056 0.187274501 0.213970810
v -0.135230631 0.230977565 0.209685296
v -0.171329632 0.181403697 0.219362244
v -0.135927215 0.244617909 0.213163480
v -0.175223440 0.189470425 0.221986845
v -0.144585446 0.244177341 0.216622323
v -0.185942516 0.185500994 0.224230081
v -0.146677047 0.255613059 0.217354938
v -0.188167989 0.196853951 0.223354101
v -0.157529995 0.251560867 0.217989579
v -0.197218716 0.196170732 0.222096756
v -0.161816299 0.259384930 0.215898007
v -0.198539674 0.209425062 0.218072578
v -0.174064264 0.253128141 0.213787079
v -0.205100074 0.213434413 0.213811770
v -0.181250662 0.256015718 0.209834918
v -0.207022458 0.241522625 0.201295421
v -0.196804687 0.236293837 0.205860659
v -0.129826441 0.197035506 0.191395238
v -0.198352158 0.234035209 0.204258189
v -0.129074201 0.197415784 0.194453582
v 0.004047014 -0.001343366 0.005551331
v -0.200866520 0.066676050 0.171397001
v 0.000113688 -0.006425161 0.002775669
v -0.204799861 0.061594255 0.168621346
v -0.003933318 -0.005081791 -0.002775647
v -0.208846867 0.062937632 0.163070023
v -0.004046999 0.001343381 -0.005551301
v -0.208960533 0.069362804 0.160294384
v -0.000113674 0.006425178 -0.002775639
v -0.205027223 0.074444592 0.163070038
v 0.003933333 0.005081804 0.002775677
v -0.200980216 0.073101223 0.168621361
v -0.233081043 0.043064453 0.177252173
v -0.213337198 0.102412432 0.182673529
v -0.242471933 0.044775743 0.182740077
v -0.222250029 0.105695710 0.188567191
v -0.256119639 0.033766154 0.186066940
v -0.226869702 0.121883735 0.194495574
v -0.263273239 0.042426020 0.189743653
v -0.237959743 0.118684828 0.197037980
v -0.275945902 0.034577053 0.190133020
v -0.243504256 0.132309884 0.199481368
v -0.281476706 0.048365224 0.190823495
v -0.256163180 0.124624036 0.198117822
v -0.292526543 0.045644555 0.188226625
v -0.263276607 0.133762151 0.196655259
v -0.297082245 0.062593341 0.185979605
v -0.276860356 0.123513311 0.191806734
v -0.305878967 0.066851974 0.181268200
v -0.286178768 0.126168221 0.187152907
v -0.314056784 0.103704229 0.172346726
v -0.299286783 0.100682668 0.179030359
v -0.205225706 0.067585379 0.164516121
v -0.300274611 0.098498031 0.176952973
v -0.204501390 0.068665184 0.167409807
v -0.219217062 0.111545481 0.172326490
v -0.178100094 0.137869030 0.176119164
v -0.223974288 0.117264546 0.175622404
v -0.181793630 0.144318789 0.179650873
v -0.237585530 0.117348589 0.177530706
v -0.176573381 0.156481147 0.183357686
v -0.237626672 0.126157284 0.179867387
v -0.184825480 0.160023421 0.184910163
v -0.249153018 0.127622843 0.180139437
v -0.181483313 0.171025485 0.186602235
v -0.245754406 0.138685286 0.180835009
v -0.192953214 0.172551408 0.185877800
v -0.253840983 0.142404571 0.179465950
v -0.192828864 0.181537122 0.185292929
v -0.248357505 0.154848516 0.178525269
v -0.206176832 0.181902766 0.182553738
v -0.251700550 0.161648303 0.176033169
v -0.210612223 0.187977940 0.180065140
v -0.238825887 0.187793911 0.171667933
v -0.191119805 0.112138763 0.164957032
v -0.233416498 0.177499965 0.177916393
v -0.188940823 0.113158375 0.167024985
v -0.230781332 0.179242715 0.177628711
v -0.224856392 -0.005375623 0.172182500
v -0.241981670 0.040311243 0.176349059
v -0.231485039 -0.008872725 0.175462320
v -0.249103040 0.038004272 0.179880798
v -0.234451354 -0.022191461 0.177253082
v -0.259934843 0.045613684 0.183644176
v -0.243096828 -0.020411052 0.179564849
v -0.265150785 0.038268946 0.185095847
v -0.246957704 -0.031374320 0.179669172
v -0.275221914 0.043829616 0.186757654
v -0.257065386 -0.025729936 0.180297107
v -0.279119343 0.032950066 0.185828105
v -0.262388438 -0.032829221 0.178717613
v -0.287871957 0.034975920 0.185108706
v -0.273390681 -0.024829365 0.177659109
v -0.291008681 0.022047630 0.182077587
v -0.280696839 -0.026631525 0.175060228
v -0.297874570 0.019032173 0.179244176
v -0.303491056 -0.008531732 0.170249045
v -0.293044657 -0.002863127 0.178620040
v -0.219143823 0.021783730 0.165628701
v -0.292316139 -0.005502325 0.177017555
v -0.220213741 0.024756359 0.165916383
v 0.004553214 0.001753904 0.005019195
v -0.164242536 -0.063266583 0.180864513
v 0.004455701 -0.004780039 0.002509601
v -0.164340049 -0.069800526 0.178354919
v -0.000097498 -0.006533943 -0.002509587
v -0.168893248 -0.071554430 0.173335731
v -0.004553184 -0.001753898 -0.005019180
v -0.173348933 -0.066774383 0.170826137
v -0.004455671 0.004780047 -0.002509587
v -0.173251420 -0.060240440 0.173335731
v 0.000097528 0.006533951 0.002509601
v -0.168698221 -0.058486536 0.178354919
v -0.176226929 -0.101151809 0.188463077
v -0.198722184 -0.042574812 0.186439544
v -0.185161650 -0.105349764 0.192907736
v -0.208319992 -0.045229781 0.191063106
v -0.189185962 -0.122202575 0.196868673
v -0.222683311 -0.035242133 0.194200501
v -0.200540632 -0.119790912 0.198831052
v -0.229529932 -0.044533521 0.196521953
v -0.205455750 -0.133834928 0.199728489
v -0.242608279 -0.037385501 0.196769178
v -0.218426496 -0.126695335 0.198350757
v -0.247415811 -0.051437933 0.196041644
v -0.224957690 -0.136011392 0.195908070
v -0.258455038 -0.049050950 0.193239897
v -0.238819242 -0.126062989 0.191466823
v -0.261977583 -0.065943003 0.189622194
v -0.247740328 -0.128757700 0.186459661
v -0.270291984 -0.070203677 0.184467718
v -0.276039958 -0.106491417 0.172983080
v -0.168353617 -0.065646090 0.177409425
v -0.261523247 -0.102098882 0.189029992
v -0.169128045 -0.064601645 0.174515754
v -0.262613028 -0.099963270 0.186952606
v -0.207633346 -0.038800351 0.190363646
v -0.192567557 0.007649529 0.186715379
v -0.215010479 -0.036736459 0.195338264
v -0.199601397 0.010987125 0.191818565
v -0.225627407 -0.044776991 0.200125411
v -0.203338966 0.024252698 0.195034340
v -0.231283337 -0.037634708 0.202316537
v -0.211994439 0.022105038 0.197910607
v -0.241130829 -0.043677069 0.203833506
v -0.216410309 0.032885041 0.198186904
v -0.245521829 -0.033030093 0.202414975
v -0.226232946 0.026709653 0.198009044
v -0.254104376 -0.035567764 0.200322285
v -0.231815949 0.033461925 0.195231214
v -0.257725984 -0.022922613 0.195633590
v -0.242316887 0.024800975 0.192113876
v -0.264568985 -0.020403117 0.190486327
v -0.249574602 0.026100270 0.187265992
v -0.271038234 0.006513809 0.176448792
v -0.185690403 -0.021942252 0.177402332
v -0.260134041 0.001541553 0.189024612
v -0.185727119 -0.020613691 0.174521789
v -0.259704113 0.003908553 0.186956659
v -0.138019815 -0.134218529 0.182633847
v -0.180403799 -0.109724388 0.183873951
v -0.141114205 -0.141047180 0.185550347
v -0.184647381 -0.115941569 0.186942622
v -0.135078594 -0.153171033 0.187673554
v -0.198047087 -0.116857052 0.189687401
v -0.143014833 -0.157232717 0.189449027
v -0.197509095 -0.125805840 0.191191852
v -0.139060378 -0.168146670 0.189957961
v -0.208899900 -0.127870172 0.192191571
v -0.150470898 -0.170194358 0.190040812
v -0.204965159 -0.138767466 0.191783637
v -0.149990708 -0.179094300 0.188857123
v -0.212959200 -0.142780319 0.190870970
v -0.163482368 -0.179932088 0.187325701
v -0.207015559 -0.154826477 0.188717976
v -0.167826563 -0.186029211 0.184971362
v -0.210236609 -0.161583588 0.186209306
v -0.196594000 -0.186648950 0.179410055
v -0.150711626 -0.109355733 0.177024648
v -0.191848353 -0.175745428 0.188619673
v -0.152936265 -0.108440049 0.174956679
v -0.189609393 -0.177321211 0.187017173
v 0.005349664 0.001540794 0.004123998
v -0.084840700 -0.119150847 0.164756656
v -0.081377022 -0.124737956 0.162350997
v 0.003463693 -0.005587097 -0.002405643
v -0.084326126 -0.128879696 0.157539681
v -0.002949085 -0.004141729 -0.004811302
v -0.090738907 -0.127434343 0.155134022
v -0.006412759 0.001445375 -0.002405643
v -0.003463656 0.005587123 0.002405673
v -0.093433492 -0.119274035 0.159945339
v -0.073323846 -0.157578483 0.164567426
v -0.124365963 -0.121161737 0.167688593
v -0.078154586 -0.166008800 0.166899309
v -0.130588353 -0.128673613 0.170201868
v -0.071990326 -0.182290763 0.168051481
v -0.147833079 -0.128287360 0.172828466
v -0.082643956 -0.186552227 0.169509783
v -0.148279861 -0.139816552 0.173643887
v -0.078963980 -0.200969204 0.169225246
v -0.163082570 -0.141073033 0.174523488
v -0.093778208 -0.202165022 0.169235930
v -0.159414113 -0.155429333 0.173370034
v -0.094258815 -0.213516340 0.167503774
v -0.170101568 -0.159512937 0.172280744
v -0.111557320 -0.212847158 0.166077748
v -0.163991094 -0.175511986 0.169380307
v -0.117842302 -0.219983011 0.163343087
v -0.168895274 -0.183600694 0.166645408
v -0.154613420 -0.216933012 0.158323109
v -0.146715969 -0.203980133 0.172723189
v -0.087643214 -0.123647206 0.158246517
v -0.144606814 -0.205719098 0.171113402
v -0.087999061 -0.122941233 0.161318809
v -0.133391738 -0.123115636 0.169482470
v -0.146503881 -0.075981490 0.167398944
v -0.140173376 -0.125535339 0.173008651
v -0.153670281 -0.077150226 0.170987755
v -0.144177943 -0.138167530 0.176476628
v -0.163700521 -0.068180986 0.173553497
v -0.152561814 -0.135336518 0.178527594
v -0.169457063 -0.074768692 0.175997853
v -0.157312125 -0.145794898 0.180273473
v -0.178964987 -0.068171524 0.177031398
v -0.166881040 -0.139251843 0.180418819
v -0.183776289 -0.078684010 0.177889079
v -0.172816396 -0.145998180 0.180259079
v -0.192338973 -0.076011635 0.177335963
v -0.183131084 -0.137281314 0.178682327
v -0.196627989 -0.088896200 0.176661432
v -0.190631628 -0.138765931 0.177015305
v -0.203797191 -0.091648385 0.174934059
v -0.211960331 -0.119551785 0.171307579
v -0.125708029 -0.097135916 0.160318777
v -0.200904310 -0.117293052 0.173312560
v -0.126572460 -0.094539538 0.159441039
v -0.201545432 -0.116745830 0.170254216
v -0.023449287 -0.163829476 0.172515422
v -0.072270699 -0.166799843 0.174865246
v -0.022057775 -0.171209097 0.177861944
v -0.072164893 -0.174281314 0.180546492
v -0.010179341 -0.177940026 0.181715757
v -0.082656689 -0.182383820 0.185598835
v -0.014443036 -0.185670853 0.184918582
v -0.077166468 -0.189516604 0.188279077
v -0.005087804 -0.192578018 0.185701072
v -0.085473776 -0.197506696 0.190007851
v -0.013487548 -0.200585529 0.185684457
v -0.076210976 -0.204431280 0.189044937
v -0.008268353 -0.207769364 0.183247492
v -0.080745704 -0.212213159 0.187130556
v -0.019191293 -0.215953112 0.180159539
v -0.069298416 -0.219025344 0.182844087
v -0.019632248 -0.223514333 0.175486207
v -0.068449102 -0.226495594 0.177887738
v -0.043702994 -0.239965841 0.164547637
v -0.048447389 -0.150264353 0.161403820
v -0.044744261 -0.228180379 0.173425868
v -0.050371323 -0.150791734 0.158747539
v -0.044713344 -0.228684574 0.170142531
v 0.000141859 0.003490031 0.006066266
v -0.012525682 -0.222862571 0.135433197
v 0.006922488 -0.000281378 -0.000000004
v -0.003057926 -0.224495918 0.133266672
v -0.003199786 -0.227985948 0.127200410
v -0.000141860 -0.003490031 -0.006066263
v -0.009327892 -0.229484752 0.124167278
v -0.006922489 0.000281378 0.000000002
v -0.015314139 -0.227493525 0.127200410
v 0.022254819 -0.246218264 0.137317285
v -0.040184513 -0.243613258 0.143306494
v 0.023097292 -0.255684674 0.141295135
v -0.040995933 -0.253079474 0.147571698
v 0.037350263 -0.265761882 0.143282115
v -0.055357266 -0.261993587 0.152360842
v 0.030955542 -0.275029510 0.146247089
v -0.049275506 -0.271768361 0.154104024
v 0.041981257 -0.285038352 0.146341681
v -0.060842372 -0.280858874 0.156411067
v 0.030296277 -0.294158340 0.147454798
v -0.049934771 -0.290897191 0.155311704
v 0.036031730 -0.304019570 0.145697504
v -0.056675799 -0.300251275 0.154776230
v 0.021119498 -0.313071191 0.144918218
v -0.042973727 -0.310465991 0.151194781
v 0.019596264 -0.322691262 0.141975343
v -0.042818055 -0.320125967 0.148215905
v -0.013187891 -0.340735614 0.137501732
v -0.008682635 -0.226174861 0.128903970
v -0.012497677 -0.325754881 0.143797606
v -0.009920496 -0.225777030 0.131797642
v -0.013763749 -0.326050937 0.140903920
v -0.047686744 -0.251031548 0.142926335
v -0.084442802 -0.218714878 0.141325250
v -0.052153535 -0.256900549 0.147643909
v -0.089913182 -0.223741010 0.146221533
v -0.048678394 -0.269775271 0.151882753
v -0.103295758 -0.221811727 0.149825364
v -0.057300895 -0.272067517 0.154401198
v -0.104567915 -0.230558857 0.152620688
v -0.055586036 -0.283483863 0.155898482
v -0.116163172 -0.230286613 0.153616592
v -0.067173913 -0.283265859 0.155434325
v -0.114440933 -0.241757199 0.153653815
v -0.068424433 -0.292171985 0.153949007
v -0.123041801 -0.244208425 0.151891604
v -0.081772596 -0.290495604 0.150743276
v -0.119532242 -0.257336050 0.149320900
v -0.087178387 -0.295827746 0.146804139
v -0.123957708 -0.263522804 0.145594954
v -0.115397945 -0.291198254 0.136442140
v -0.054871079 -0.225251019 0.130016536
v -0.106542885 -0.283395439 0.143412814
v -0.057215534 -0.223133266 0.130304217
v -0.108544588 -0.282060981 0.141344845
v 0.066509545 -0.224796772 0.138394490
v 0.027232112 -0.253955841 0.140622362
v 0.071546502 -0.230180860 0.142079666
v 0.031251553 -0.260143101 0.144518927
v 0.085060582 -0.229315504 0.144665539
v 0.026776033 -0.272654325 0.148193806
v 0.085641012 -0.238108590 0.147091866
v 0.035200335 -0.275614917 0.150145307
v 0.097226411 -0.238764763 0.147800788
v 0.032581944 -0.286832690 0.151714057
v 0.094588496 -0.250044763 0.148282424
v 0.044147819 -0.287551105 0.151335850
v 0.102955543 -0.253187835 0.147046641
v 0.044670999 -0.296526670 0.150574893
v 0.098388962 -0.265989363 0.145651311
v 0.058094010 -0.295951605 0.148090571
v 0.102275796 -0.272517383 0.143100977
v 0.063033134 -0.301718682 0.145350248
v 0.091478489 -0.299469650 0.137386680
v 0.083283335 -0.291116536 0.143007860
v 0.039181545 -0.226899430 0.130016550
v 0.085618578 -0.289687335 0.141405374
v 0.036620125 -0.228748873 0.130304232
v -0.000640770 0.005216369 0.004514307
v 0.121544331 -0.108535111 0.151970595
v 0.127301812 -0.105548978 0.149337262
v 0.005757462 0.002986133 -0.002633318
v 0.130741209 -0.108620249 0.144070581
v 0.003439378 -0.003071260 -0.005266652
v 0.128423125 -0.114677638 0.141437247
v -0.002318103 -0.006057385 -0.002633318
v -0.005757499 -0.002986118 0.002633363
v 0.120369129 -0.116774097 0.146703914
v 0.159955129 -0.101746552 0.156813726
v 0.118251584 -0.148358062 0.151386976
v 0.167554945 -0.107744873 0.159744829
v 0.124779396 -0.155647591 0.154294446
v 0.184195191 -0.103646614 0.163265109
v 0.122322589 -0.172935396 0.155381411
v 0.187147036 -0.114825524 0.164165899
v 0.133601174 -0.174789503 0.157343179
v 0.201827556 -0.112811975 0.165584818
v 0.133203506 -0.189661458 0.156840876
v 0.201457009 -0.127593547 0.164075196
v 0.147911146 -0.187557518 0.157252491
v 0.212815136 -0.129182637 0.163083717
v 0.150942519 -0.198471427 0.155200019
v 0.210484847 -0.146048903 0.159472734
v 0.167709306 -0.193951607 0.154022351
v 0.217146352 -0.152773231 0.156407595
v 0.175503761 -0.199437141 0.150986716
v 0.210853785 -0.188169882 0.146184281
v 0.125713319 -0.110649146 0.147481799
v 0.199699759 -0.177823573 0.160077423
v 0.124041229 -0.112811685 0.145872012
v 0.199508935 -0.178590789 0.157005131
v 0.121085495 -0.156964749 0.158095419
v 0.072866209 -0.164816663 0.161435872
v 0.123281270 -0.164041951 0.163201839
v 0.073798597 -0.172122926 0.166880429
v 0.135824069 -0.169449151 0.166677654
v 0.064249948 -0.181137875 0.171998531
v 0.132410184 -0.177501649 0.169937238
v 0.070468441 -0.187617302 0.174542040
v 0.142428011 -0.183404580 0.170634076
v 0.063043825 -0.196368769 0.176535562
v 0.134893954 -0.192219436 0.171016321
v 0.072952211 -0.202335104 0.175621122
v 0.140791610 -0.198884726 0.168835804
v 0.069217496 -0.210573465 0.174156681
v 0.130732596 -0.208195329 0.166439071
v 0.081249915 -0.216276318 0.170117661
v 0.131019235 -0.215866923 0.162349850
v 0.082803607 -0.223722637 0.165712520
v 0.108637623 -0.234897479 0.153181851
v 0.095206194 -0.146543190 0.145875797
v 0.106585898 -0.223375842 0.160071194
v 0.092475347 -0.146739349 0.147478282
v 0.105971515 -0.223952919 0.157012835
v 0.172440246 -0.052924410 0.154485539
v 0.170002386 -0.101826161 0.153726742
v 0.179906875 -0.052678116 0.157435194
v 0.177448928 -0.102886580 0.156773508
v 0.187919527 -0.041868020 0.160029441
v 0.184364229 -0.114491954 0.159072340
v 0.195144936 -0.047142185 0.161627337
v 0.192068100 -0.109992474 0.160799041
v 0.203043535 -0.038668897 0.162531599
v 0.199100286 -0.119217455 0.161470056
v 0.210076481 -0.047881987 0.162297070
v 0.206999660 -0.110732272 0.161468774
v 0.217782617 -0.043347619 0.161368892
v 0.214227319 -0.115971558 0.160411790
v 0.224701524 -0.054897513 0.159444392
v 0.222243577 -0.105105981 0.158782706
v 0.232120499 -0.055882689 0.157120928
v 0.229743704 -0.104785904 0.156374216
v 0.245858312 -0.080950253 0.150737867
v 0.234003514 -0.079979017 0.160071179
v 0.156564370 -0.076237254 0.145012826
v 0.234439269 -0.080700554 0.157012835
v 0.156060219 -0.076912776 0.148071185
v -0.003455199 -0.000586722 0.006059516
v 0.201789469 0.034266859 0.126466945
v -0.002742529 0.005683266 0.003029771
v 0.002381613 0.003918159 -0.005193824
v 0.204084754 0.041684020 0.120407462
v 0.208699852 0.035440344 0.114347965
v 0.002742499 -0.005683225 -0.003029726
v 0.207987174 0.029170357 0.117377706
v -0.000712685 -0.006269969 0.003029767
v 0.204531997 0.028583612 0.123437203
v 0.219669968 0.069570713 0.126326591
v 0.230081514 0.007770819 0.130027816
v 0.229214609 0.072214633 0.129183710
v 0.239985168 0.008789424 0.133103132
v 0.236484051 0.088153176 0.130538210
v 0.252063125 -0.003588103 0.136207461
v 0.247120440 0.083681837 0.132112026
v 0.260602891 0.004287003 0.137018323
v 0.254714727 0.096474580 0.131456882
v 0.271993756 -0.005277365 0.137744755
v 0.266006768 0.086819425 0.130985826
v 0.279489189 0.007424591 0.135892108
v 0.274256676 0.094428353 0.128285795
v 0.289835751 0.002687074 0.133955032
v 0.285873532 0.081627391 0.125805080
v 0.296644092 0.018202187 0.129724503
v 0.295155913 0.082107715 0.121809885
v 0.305646569 0.020320997 0.125471085
v 0.318526745 0.053724680 0.113668784
v 0.303942144 0.050396796 0.133185342
v 0.205391213 0.035208244 0.118708670
v 0.303676069 0.053117421 0.131575555
v 0.205144823 0.034457028 0.121780962
v 0.237967178 0.002281059 0.128366157
v 0.213971630 -0.040350009 0.126201540
v 0.244700760 -0.000889549 0.131146207
v 0.220102057 -0.044682018 0.129026815
v 0.256646365 0.005148953 0.133921579
v 0.221065626 -0.058194585 0.130855978
v 0.260726124 -0.002826947 0.135307297
v 0.229933798 -0.057645779 0.132654265
v 0.271557182 0.001204035 0.136480629
v 0.232093915 -0.069051452 0.133080512
v 0.273739696 -0.010174522 0.136086732
v 0.242947340 -0.064993352 0.133433700
v 0.282673478 -0.009546200 0.135480464
v 0.247092724 -0.072889738 0.132414863
v 0.283741415 -0.022932280 0.133484527
v 0.259142727 -0.066724747 0.131365120
v 0.289978445 -0.027085368 0.131444991
v 0.266037822 -0.069745839 0.129289955
v 0.291194528 -0.055530671 0.125101015
v 0.213597119 -0.010378467 0.121181801
v 0.281119049 -0.049253277 0.133774728
v 0.212476656 -0.012876580 0.119579323
v 0.281186759 -0.050093457 0.130716383
v 0.188563451 0.109329380 0.130404055
v 0.225196406 0.076980464 0.133486822
v 0.192876562 0.115659483 0.134832591
v 0.230500117 0.082488552 0.138227761
v 0.189304382 0.128913268 0.137739435
v 0.243724898 0.080933243 0.142650381
v 0.197835281 0.131447867 0.140420660
v 0.244931921 0.089924946 0.144670695
v 0.196120769 0.142961293 0.140707508
v 0.256479561 0.089745760 0.146154314
v 0.207717657 0.142682701 0.140673876
v 0.254814297 0.101159774 0.144923910
v 0.209069148 0.151382938 0.138245881
v 0.263489664 0.103402905 0.143156812
v 0.222523704 0.149363980 0.135592237
v 0.260147244 0.116193041 0.138987407
v 0.228098437 0.154263914 0.131336764
v 0.264748216 0.121940292 0.134458825
v 0.256585836 0.148599520 0.121933863
v 0.196397111 0.081894465 0.121181816
v 0.248539597 0.139787659 0.133774713
v 0.198605493 0.080276109 0.119579330
v 0.249375358 0.139678091 0.130716369
v 0.152355850 0.082659557 0.197612464
v -0.005148858 0.004103467 0.002377234
v 0.151722848 0.089213043 0.195235252
v -0.000633016 0.006553501 -0.002377190
v 0.156238690 0.091663077 0.190480828
v 0.004515819 0.002450049 -0.004754402
v 0.005148828 -0.004103437 -0.002377190
v 0.162394375 0.084164783 0.188782826
v -0.002218794 -0.005144847 0.004075254
v 0.157504693 0.078556105 0.195235252
v 0.159309134 0.121343270 0.202052772
v 0.189070135 0.066369243 0.196278006
v 0.167478830 0.126466334 0.204588160
v 0.198088676 0.070047110 0.198754400
v 0.169215694 0.143504128 0.207880542
v 0.213491261 0.061896645 0.199442312
v 0.180712730 0.142503574 0.208574533
v 0.219029725 0.071878739 0.201271906
v 0.183777586 0.156990662 0.210052133
v 0.232884407 0.066478297 0.200693130
v 0.197572261 0.151644617 0.208632335
v 0.235889256 0.081019782 0.201329708
v 0.202934757 0.161786199 0.207996145
v 0.247210294 0.080178723 0.199557915
v 0.218057409 0.153889447 0.204761565
v 0.248667255 0.097470224 0.198927805
v 0.226685241 0.157874972 0.202249691
v 0.256515980 0.102940761 0.196476728
v 0.257996768 0.139977053 0.193228751
v 0.157205895 0.084921077 0.191159248
v 0.244078562 0.134051457 0.204929054
v 0.156548321 0.085359991 0.194231540
v 0.245615497 0.131291330 0.204640046
v 0.198881254 0.065117821 0.201070428
v 0.189926118 0.016974973 0.201165363
v 0.206491470 0.064386912 0.204250753
v 0.197347835 0.014953118 0.204502389
v 0.216016412 0.074050583 0.206774190
v 0.202790633 0.002547171 0.207138181
v 0.222563401 0.067871764 0.208409920
v 0.211117536 0.005991206 0.208724931
v 0.231559575 0.075221159 0.208896711
v 0.216890633 -0.004084602 0.209300429
v 0.237278491 0.065149680 0.208354011
v 0.225832641 0.003269114 0.208669007
v 0.245446593 0.068606399 0.206662357
v 0.232220814 -0.002897017 0.207026348
v 0.250636756 0.056220632 0.204082996
v 0.241493136 0.006786838 0.204334646
v 0.257705867 0.054233767 0.200791955
v 0.248805121 0.006082676 0.200905144
v 0.267554045 0.027516209 0.192536518
v 0.255648553 0.028452972 0.205632389
v 0.179599926 0.044070393 0.191166952
v 0.256386936 0.031089423 0.204029903
v 0.179010049 0.043468267 0.194225296
v 0.117702596 0.149768859 0.203169465
v 0.162907213 0.130946502 0.202713266
v 0.120010838 0.156961963 0.207108065
v 0.166437060 0.137677312 0.206829444
v 0.112552434 0.168213606 0.210409760
v 0.179705545 0.140319362 0.210006744
v 0.119963244 0.173268616 0.212496787
v 0.178078964 0.149128348 0.212148011
v 0.114658430 0.183582917 0.213404879
v 0.189139187 0.152644902 0.212957889
v 0.125703737 0.187082320 0.212915346
v 0.183819443 0.162942052 0.212566569
v 0.124033406 0.195841029 0.211246878
v 0.191186517 0.167946786 0.210843861
v 0.137232304 0.198403090 0.208363742
v 0.183658525 0.179118454 0.208085120
v 0.140661776 0.205006704 0.204620346
v 0.185880721 0.186217859 0.204502061
v 0.168935552 0.209245831 0.195382312
v 0.133480310 0.126975492 0.191969395
v 0.163953215 0.198403299 0.206225306
v 0.164779574 0.198569551 0.203166932
v 0.135560438 0.125766918 0.194037348
v -0.004623351 -0.002238581 0.004649050
v 0.064839177 0.162447408 0.151735544
v 0.060029116 0.166749597 0.149023622
v -0.004810065 0.004302166 -0.002711929
v 0.061669514 0.170859426 0.143599749
v 0.001640394 0.004109830 -0.005423866
v 0.068119973 0.170667082 0.140887797
v 0.006450456 -0.000192352 -0.002711929
v 0.004810058 -0.004302181 0.002711944
v 0.072914161 0.163988963 0.146311685
v 0.044095594 0.196473643 0.151037201
v 0.102197364 0.173218742 0.156002119
v 0.046690997 0.205829516 0.153764904
v 0.106355265 0.182015151 0.158977881
v 0.036788158 0.220196694 0.154856488
v 0.123089425 0.185750440 0.162396789
v 0.046063103 0.226875901 0.156775162
v 0.120750025 0.197065383 0.163300693
v 0.039073311 0.240009785 0.156326383
v 0.134791642 0.201804817 0.164689451
v 0.053175107 0.244686663 0.156740636
v 0.127862036 0.214876175 0.163266152
v 0.051012162 0.255818248 0.154787421
v 0.137313426 0.221372008 0.162327707
v 0.068027005 0.259261847 0.153661296
v 0.127691269 0.235447481 0.158874273
v 0.072523810 0.267652184 0.150857866
v 0.130653203 0.244472921 0.155827522
v 0.109104432 0.273417979 0.146122143
v 0.066766091 0.166265413 0.147685170
v 0.103141025 0.259418130 0.159685165
v 0.066253230 0.166867092 0.144612893
v 0.103927240 0.259501278 0.156612873
v 0.111304790 0.178842306 0.155036658
v 0.135112703 0.136244193 0.159100309
v 0.117508173 0.183477417 0.159139588
v 0.142003030 0.139792338 0.163496792
v 0.118577644 0.197229251 0.161522761
v 0.154008180 0.134041056 0.167825222
v 0.127495795 0.196849585 0.164037183
v 0.158158123 0.142165184 0.169491470
v 0.129709035 0.208278388 0.163948148
v 0.169005692 0.138195187 0.170938313
v 0.140552834 0.204160526 0.163933769
v 0.171215162 0.149476141 0.169388056
v 0.144691721 0.211851165 0.161315933
v 0.180122256 0.148662969 0.167618394
v 0.156679288 0.205410272 0.158829361
v 0.181174144 0.161725208 0.163186550
v 0.163515300 0.208047539 0.154393643
v 0.187361792 0.165506065 0.158793747
v 0.188458860 0.192924127 0.145711794
v 0.109558731 0.149664938 0.147868663
v 0.178463131 0.186336488 0.159631938
v 0.110558100 0.148788750 0.144988105
v 0.177945346 0.187982783 0.157333985
v -0.005528200 0.190869972 0.156227976
v 0.041209467 0.205278650 0.158660442
v -0.008574151 0.197723761 0.160585836
v 0.039381843 0.212570652 0.163261905
v -0.021673415 0.201491117 0.163607091
v 0.047692437 0.222966388 0.167477891
v -0.019338317 0.210037619 0.166267544
v 0.040692355 0.228622764 0.169617429
v -0.030053973 0.214544520 0.166836709
v 0.046880983 0.238363132 0.171129882
v -0.023793936 0.224307850 0.166942015
v 0.036236737 0.242893010 0.170291886
v -0.030584652 0.230031580 0.164956003
v 0.038781200 0.251506865 0.168826804
v -0.021941010 0.240534455 0.162609205
v 0.026014986 0.255381346 0.165285289
v -0.023338571 0.247927621 0.158875301
v 0.023379708 0.262392938 0.161311269
v -0.003947254 0.269538075 0.150365338
v -0.000535239 0.258179426 0.159678921
v 0.022440756 0.184132606 0.144620582
v -0.000006313 0.258835733 0.156620577
v 0.023247981 0.183889985 0.147678927
v 0.003301927 0.000303996 0.039945126
v -0.093511552 -0.237614200 0.115322866
v 0.002067506 -0.002217294 0.030478759
v -0.086108565 -0.241638497 0.111520894
v -0.005335483 0.001807006 0.034280717
v -0.094745964 -0.240135476 0.105856501
v -0.091444038 -0.239831477 0.001347180
v -0.085315473 -0.229216456 0.008059600
v -0.099030562 -0.229944527 0.008575862
v -0.103969052 -0.241102785 0.008624973
v -0.093323208 -0.251086950 0.007214182
v -0.079783961 -0.243364424 0.008068299
v -0.070500843 -0.234799877 0.018140815
v -0.076965280 -0.223794743 0.018286671
v -0.085472926 -0.217976913 0.019884227
v -0.105055757 -0.222592473 0.018960062
v -0.111846708 -0.231380433 0.019091001
v -0.113117345 -0.242608249 0.018781802
v -0.107977763 -0.254292250 0.018784156
v -0.097051814 -0.259937942 0.016625129
v -0.082971796 -0.259651184 0.018360008
v -0.073251009 -0.249537319 0.016410714
v -0.094396129 -0.218685731 0.017996313
v -0.097912855 -0.271378011 0.032233752
v -0.070010461 -0.253183305 0.023299079
v -0.058634784 -0.235512063 0.033204138
v -0.065375932 -0.219828725 0.032165769
v -0.079067968 -0.209293231 0.032859601
v -0.096091442 -0.207230240 0.032349844
v -0.106026396 -0.210238218 0.033293650
v -0.117782816 -0.220065162 0.032349832
v -0.124199696 -0.235685751 0.032639749
v -0.121731572 -0.252758354 0.032349832
v -0.111521982 -0.266160041 0.032899056
v -0.081580475 -0.271655172 0.032343768
v -0.065192729 -0.259974897 0.033268910
v -0.060084384 -0.248903096 0.032761376
v -0.057271339 -0.219445527 0.048256867
v -0.063394278 -0.211669683 0.048329510
v -0.091444038 -0.200060278 0.048367567
v -0.119979888 -0.212099433 0.048256878
v -0.125906080 -0.220026314 0.048329540
v -0.130977660 -0.241874829 0.047421493
v -0.128705576 -0.254952133 0.048387963
v -0.101883076 -0.278250098 0.048162345
v -0.091444075 -0.279602706 0.048367593
v -0.051643215 -0.234674215 0.047603853
v -0.076383568 -0.202428296 0.047859527
v -0.106726781 -0.202721640 0.047603846
v -0.130061835 -0.229755014 0.048024338
v -0.116696291 -0.270859808 0.047729455
v -0.075735375 -0.276823223 0.048169237
v -0.059769303 -0.264863878 0.048378624
v -0.052826062 -0.249942824 0.048069362
v -0.069397174 -0.202107683 0.064463757
v -0.129317001 -0.261649638 0.064353935
v -0.080304064 -0.282093465 0.064516872
v -0.053584132 -0.261689901 0.064390466
v -0.047702231 -0.239785433 0.064029202
v -0.048788659 -0.228681579 0.067366906
v -0.053557593 -0.217955217 0.064050660
v -0.060337875 -0.208313033 0.069515660
v -0.079450592 -0.197180226 0.069790348
v -0.091444060 -0.195658669 0.067544237
v -0.103017993 -0.197367147 0.066698559
v -0.113837622 -0.201627642 0.069515646
v -0.122805096 -0.208530322 0.069767199
v -0.129837841 -0.217713729 0.069767155
v -0.133959636 -0.228159890 0.067366891
v -0.135585144 -0.240084276 0.068004221
v -0.134141997 -0.251574218 0.069515623
v -0.122101136 -0.271509349 0.067450151
v -0.108886860 -0.280335009 0.065044262
v -0.091444038 -0.283862025 0.066357262
v -0.069482565 -0.278376579 0.069202460
v -0.060460236 -0.271197170 0.067366950
v -0.048595183 -0.251011014 0.069515638
v -0.050145011 -0.240636185 0.094599120
v -0.055721831 -0.219496310 0.095051013
v -0.071228452 -0.203740537 0.094230860
v -0.126996726 -0.260979325 0.094230905
v -0.111659646 -0.275922418 0.094230860
v -0.102069534 -0.279486418 0.095331222
v -0.080563769 -0.279470026 0.095051058
v -0.055972151 -0.260600209 0.095051035
v -0.052342527 -0.229507953 0.096517511
v -0.086800843 -0.199615270 0.097100504
v -0.101713918 -0.200695410 0.096480906
v -0.129235238 -0.225090817 0.096970357
v -0.120057479 -0.268336713 0.096741006
v -0.091234788 -0.280292094 0.096480876
v -0.065795265 -0.271324366 0.096706368
v -0.063026600 -0.211414009 0.097088814
v -0.115920767 -0.207399219 0.096807167
v -0.131720066 -0.244613484 0.097087197
v -0.052639812 -0.250544429 0.096843019
v -0.059895393 -0.243231118 0.110810436
v -0.063736252 -0.223834395 0.110831678
v -0.083077736 -0.208608001 0.110826224
v -0.104274228 -0.210809752 0.110810436
v -0.119807810 -0.224697322 0.110829428
v -0.122201726 -0.249186233 0.110829428
v -0.103884913 -0.269866377 0.110866770
v -0.079260617 -0.269244760 0.110805944
v -0.065821916 -0.258549958 0.110810436
v -0.091444038 -0.239831477 0.112443410
v -0.074586995 -0.232332230 0.113219447
v -0.077996887 -0.219616473 0.108801596
v -0.072548091 -0.224982813 0.108801596
v -0.074586995 -0.232332245 0.104383744
v -0.070917137 -0.250372708 0.108801596
v -0.072957546 -0.247021168 0.112161934
v -0.072957546 -0.247021183 0.105441257
v -0.076569617 -0.260156929 0.109771870
v -0.080181673 -0.247021168 0.112161934
v -0.078454830 -0.252056062 0.104843609
v -0.082222082 -0.250372708 0.108801596
v -0.077669784 -0.225695327 0.112278797
v -0.077669777 -0.225695327 0.105324395
v -0.093127146 -0.226434514 0.113132305
v -0.106514245 -0.220795706 0.108801603
v -0.099951908 -0.220270425 0.112278804
v -0.095126219 -0.217051804 0.108801596
v -0.092569269 -0.220028028 0.105441257
v -0.078893542 -0.224471569 0.112161934
v -0.067180932 -0.230574429 0.108801596
v -0.073063344 -0.229007050 0.105324395
v -0.073743291 -0.231099695 0.112278804
v -0.078568965 -0.234318316 0.108801596
v -0.082207851 -0.229982421 0.104470886
v -0.100631841 -0.222363070 0.105324388
v -0.097465783 -0.226186842 0.113219447
v -0.115424693 -0.247532144 0.109771870
v -0.114246644 -0.236294121 0.108801603
v -0.110625945 -0.234782010 0.112161934
v -0.112188317 -0.239870310 0.104843609
v -0.092750318 -0.213895291 0.108801603
v -0.096058726 -0.219005436 0.112278797
v -0.096058734 -0.219005451 0.105324395
v -0.091496401 -0.221439466 0.108801596
v -0.097465783 -0.226186842 0.104383744
v -0.104781494 -0.239028230 0.112161927
v -0.105100743 -0.242938995 0.108801596
v -0.104781486 -0.239028230 0.105441265
v -0.109489620 -0.243672788 0.113219447
v -0.091530703 -0.265018106 0.107831322
v -0.102173924 -0.256514162 0.105441257
v -0.102173924 -0.256514162 0.112161934
v -0.101854667 -0.260424942 0.108801596
v -0.116514474 -0.233059108 0.108801603
v -0.112676784 -0.237784728 0.105324395
v -0.110896684 -0.236491397 0.112278797
v -0.108952060 -0.234197840 0.108801596
v -0.106281698 -0.241342083 0.104383744
v -0.092708766 -0.253780067 0.108801596
v -0.094767086 -0.257356256 0.112759583
v -0.096329466 -0.252267957 0.105441257
v -0.091487348 -0.258275241 0.113132305
v -0.073743284 -0.248563260 0.105324395
v -0.073063359 -0.250655919 0.112278804
v -0.080568001 -0.254727364 0.104470886
v -0.075075492 -0.256096244 0.108801603
v -0.099726796 -0.262391090 0.108801596
v -0.106514245 -0.258867264 0.108801596
v -0.099951878 -0.259392530 0.105324388
v -0.100631811 -0.257299870 0.112278804
v -0.093304567 -0.250326514 0.106972747
v -0.081125878 -0.248320878 0.112161934
v -0.068063043 -0.246373698 0.108801603
v -0.054954447 -0.235834435 0.059748005
v -0.052427914 -0.234095007 0.053387146
v -0.050758015 -0.234958664 0.057874296
v -0.050758015 -0.236788690 0.054062173
v -0.052427918 -0.237652346 0.058549322
v -0.054954447 -0.235912919 0.052188467
v -0.060855851 -0.221652955 0.077238314
v -0.058990113 -0.219940886 0.074369229
v -0.059051026 -0.221613705 0.068997204
v -0.063247457 -0.222567946 0.074683040
v -0.061577540 -0.223431602 0.070195876
v -0.063247457 -0.220737949 0.070870928
v -0.070981473 -0.211680651 0.038920857
v -0.073508002 -0.209862739 0.037722178
v -0.070981473 -0.211602166 0.031361312
v -0.073508002 -0.213420078 0.032559991
v -0.075177908 -0.212556422 0.037047137
v -0.075177908 -0.210726410 0.033235028
v -0.080181569 -0.206464469 0.042860433
v -0.082047313 -0.204752401 0.036806863
v -0.077789970 -0.205549479 0.040305167
v -0.078376740 -0.206425220 0.034619328
v -0.082573175 -0.207379475 0.040305164
v -0.080903262 -0.208243147 0.035818003
v -0.100530222 -0.202644497 0.051886287
v -0.098003700 -0.200905085 0.045525420
v -0.096333787 -0.201768756 0.050012574
v -0.096333787 -0.203598753 0.046200469
v -0.098003693 -0.204462424 0.050687596
v -0.100530230 -0.202722996 0.044326745
v -0.108492136 -0.208779812 0.045477550
v -0.111018665 -0.206961900 0.044278871
v -0.108492136 -0.208701327 0.037918009
v -0.112688571 -0.209655583 0.043603830
v -0.111018665 -0.210519239 0.039116692
v -0.112688571 -0.207825571 0.039791729
v -0.126673833 -0.222814351 0.069803633
v -0.124147311 -0.221074939 0.063442767
v -0.122477397 -0.221938610 0.067929909
v -0.122477397 -0.223768607 0.064117812
v -0.124147303 -0.224632278 0.068604939
v -0.126673833 -0.222892851 0.062244076
v -0.126636267 -0.244586557 0.070701249
v -0.129162803 -0.242768645 0.069502562
v -0.126636267 -0.244508058 0.063141696
v -0.130832702 -0.245462313 0.068827547
v -0.129162803 -0.246325985 0.064340375
v -0.130832702 -0.243632317 0.065015398
v -0.123703249 -0.250362873 0.037908737
v -0.121805146 -0.248601019 0.031094879
v -0.120255142 -0.250362873 0.035963535
v -0.122050129 -0.250737935 0.029533120
v -0.124474168 -0.252103657 0.031631369
v -0.125021845 -0.249423742 0.031569846
v -0.117022328 -0.267285466 0.050749406
v -0.114630729 -0.266370475 0.048194144
v -0.116300620 -0.265506804 0.043706983
v -0.114630729 -0.268200457 0.044382013
v -0.118888080 -0.268997520 0.047880348
v -0.118827172 -0.267324716 0.042508319
v -0.104578190 -0.274331719 0.048120532
v -0.102712452 -0.272619665 0.045251474
v -0.102773353 -0.274292469 0.039879430
v -0.106969796 -0.275246710 0.045565281
v -0.105299883 -0.276110411 0.041078091
v -0.106969796 -0.273416728 0.041753139
v -0.085516855 -0.276310027 0.049145639
v -0.081846282 -0.274637222 0.046958134
v -0.081320420 -0.277264297 0.043459795
v -0.082990319 -0.278127939 0.047946978
v -0.083712019 -0.276349276 0.040904537
v -0.086103618 -0.275434285 0.043459795
v -0.067355357 -0.268272907 0.060668305
v -0.063684784 -0.266600102 0.058480792
v -0.063158922 -0.269227177 0.054982454
v -0.064828821 -0.270090818 0.059469644
v -0.065550521 -0.268312156 0.052427202
v -0.067942120 -0.267397165 0.054982454
v -0.057635512 -0.258203387 0.061969876
v -0.056913808 -0.256424725 0.054927450
v -0.055243913 -0.257288396 0.059414629
v -0.055243917 -0.259118378 0.055602472
v -0.059440348 -0.258242637 0.053728782
v -0.059501253 -0.259915441 0.059100829
v 0.001428522 0.004191823 0.002321200
v 0.128587589 -0.074137650 0.063979171
v 0.002636914 0.001304821 -0.003979178
v 0.131703168 -0.073840611 0.057678789
v -0.001428552 -0.004191816 -0.002321184
v 0.128775597 -0.080018818 0.056020800
v -0.002636935 -0.001304805 0.003979187
v 0.125660002 -0.080315843 0.062321171
v 0.124283381 -0.071842000 0.068951018
v 0.132540688 -0.067761481 0.067687705
v 0.128681570 -0.059959207 0.062781148
v 0.128681570 -0.059959207 0.057218842
v 0.140786543 -0.064973250 0.062781148
v 0.140786543 -0.064973250 0.057218842
v 0.132540688 -0.067761481 0.052312288
v 0.144953191 -0.077471554 0.064365365
v 0.144953191 -0.076684892 0.055634629
v 0.140786543 -0.089183196 0.062781148
v 0.140786543 -0.089183196 0.057218842
v 0.132540703 -0.086394973 0.052312288
v 0.132540688 -0.086394966 0.067687698
v 0.128681570 -0.094197243 0.062781148
v 0.128681570 -0.094197243 0.057218842
v 0.116576597 -0.089183196 0.062781148
v 0.116576597 -0.089183196 0.057218842
v 0.119521260 -0.081810191 0.052294657
v 0.118917756 -0.081122532 0.067732729
v 0.110669374 -0.076796919 0.059582736
v 0.115746111 -0.064540595 0.060417250
v 0.123615779 -0.072012417 0.051051494
v 0.145599931 -0.081407651 0.063921273
v 0.153681576 -0.066078223 0.059999995
v 0.169237927 -0.069300048 0.059999995
v 0.161763251 -0.072748810 0.056078725
v 0.168222025 -0.074366815 0.063202284
v 0.175123930 -0.077078231 0.059318621
v 0.160102636 -0.084019035 0.063101694
v 0.169237927 -0.084856398 0.059999995
v 0.153681576 -0.088078223 0.059999995
v 0.160102665 -0.084019035 0.056898307
v 0.138125226 -0.084856398 0.059999995
v 0.139141142 -0.079789631 0.056797713
v 0.132239237 -0.077078231 0.060681377
v 0.147260532 -0.070137419 0.063101694
v 0.138125226 -0.069300048 0.059999995
v 0.147260502 -0.070137419 0.056898307
v 0.134734184 -0.065860227 0.063878015
v 0.125945359 -0.049902625 0.059999995
v 0.127821654 -0.057263803 0.056898307
v 0.138321534 -0.038635164 0.056797709
v 0.138321534 -0.038635168 0.063202284
v 0.139263213 -0.032280397 0.059999999
v 0.148611650 -0.040910434 0.059999995
v 0.144992322 -0.049339846 0.063101694
v 0.146868616 -0.056700997 0.059999995
v 0.144992322 -0.049339823 0.056898307
v 0.138997301 -0.070500366 0.059999995
v 0.138027146 -0.062325794 0.056078725
v 0.129780948 -0.073694691 0.059318617
v 0.127821669 -0.057263777 0.063101694
v 0.124202326 -0.065693192 0.059999995
v 0.099373177 -0.061135888 0.063921273
v 0.109571211 -0.071773052 0.063101687
v 0.101990514 -0.071282782 0.059999995
v 0.109571218 -0.071773052 0.056898307
v 0.091298901 -0.059532478 0.059999995
v 0.095098957 -0.056030519 0.056797709
v 0.098286428 -0.051643364 0.063202284
v 0.093789354 -0.047055755 0.059999999
v 0.104462720 -0.054130729 0.056078725
v 0.117730632 -0.060542583 0.063101687
v 0.114921786 -0.053484406 0.059999995
v 0.117730625 -0.060542572 0.056898307
v 0.125613391 -0.065234706 0.059999995
v 0.121041499 -0.071527384 0.062828422
v 0.125803381 -0.074987091 0.059318621
v 0.116469607 -0.077820055 0.059999995
v 0.099721171 -0.100949585 0.063878015
v 0.114921786 -0.100672044 0.059999995
v 0.100442700 -0.107209325 0.059999995
v 0.104462720 -0.100025728 0.056078725
v 0.091108933 -0.104376361 0.059318621
v 0.091298908 -0.094623975 0.059999995
v 0.099181667 -0.089931846 0.063101687
v 0.101990514 -0.082873672 0.059999995
v 0.099181667 -0.089931846 0.056898307
v 0.118625872 -0.081032626 0.063202292
v 0.116469599 -0.076336384 0.059999995
v 0.118625879 -0.081032619 0.056797709
v 0.117730632 -0.093613856 0.063101694
v 0.127566084 -0.082560450 0.059999995
v 0.117730625 -0.093613870 0.056898307
v 0.138027161 -0.091830663 0.063921273
v 0.146868616 -0.097455449 0.059999995
v 0.144992322 -0.104816593 0.063101694
v 0.148611650 -0.113246009 0.059999995
v 0.144992322 -0.104816616 0.056898307
v 0.143033043 -0.121247515 0.059318621
v 0.138321534 -0.115521289 0.063202284
v 0.133816689 -0.118053190 0.059999995
v 0.125945374 -0.104253821 0.059999995
v 0.131790102 -0.109106280 0.056898307
v 0.127821654 -0.096892685 0.063101694
v 0.124202326 -0.088463262 0.059999995
v 0.129780948 -0.080461755 0.060681377
v 0.129335046 -0.087863736 0.056797709
v 0.138997287 -0.083656080 0.059999995
v 0.138027146 -0.091830656 0.056078725
vn 0.000000017 -0.000000007 1.000000000
vn -0.000002043 0.450434566 0.892809451
vn -0.000009648 0.914307833 0.405020088
vn 0.000004780 0.914311528 -0.405011714
vn 0.000000000 0.450433195 -0.892810166
vn 0.000000003 -0.000000007 -1.000000000
vn 0.318503916 0.318506688 0.892809570
vn 0.646506369 0.646520078 0.405020088
vn 0.646513939 0.646507204 -0.405028611
vn 0.318506271 0.318506181 -0.892808795
vn 0.450434536 0.000002026 0.892809570
vn 0.914307833 0.000009595 0.405020177
vn 0.914311528 -0.000004768 -0.405011684
vn 0.450433165 0.000000000 -0.892810166
vn 0.318506718 -0.318503827 0.892809510
vn 0.646520078 -0.646506429 0.405020177
vn 0.646507204 -0.646513939 -0.405028671
vn 0.318506241 -0.318506211 -0.892808914
vn 0.000002031 -0.450434536 0.892809570
vn 0.000009638 -0.914307833 0.405020237
vn -0.000004787 -0.914311528 -0.405011743
vn 0.000000005 -0.450433195 -0.892810166
vn -0.318503857 -0.318506718 0.892809451
vn -0.646506429 -0.646520078 0.405020207
vn -0.646513939 -0.646507204 -0.405028641
vn -0.318506211 -0.318506211 -0.892808795
vn -0.450434536 -0.000002026 0.892809570
vn -0.914307833 -0.000009595 0.405020177
vn -0.914311528 0.000004768 -0.405011684
vn -0.450433165 0.000000000 -0.892810166
vn -0.318506747 0.318503797 0.892809510
vn -0.646520078 0.646506429 0.405020177
vn -0.646507263 0.646513939 -0.405028671
vn -0.318506271 0.318506181 -0.892808795
vn 0.028756971 -0.071741141 0.997008622
vn -0.393098593 -0.917592049 -0.059146840
vn -0.380206794 -0.145480454 -0.913388371
vn -0.921313047 0.111917861 0.372366250
vn -0.359118104 0.898193717 -0.253539324
vn 0.723461032 0.091140695 -0.684322715
vn 0.711183548 -0.682505608 0.168535322
vn 0.590337634 0.716069460 0.372486323
vn 0.055901777 -0.305115789 0.950673103
vn 0.057914827 -0.313546002 0.947805285
vn 0.041984357 -0.274947912 0.960542023
vn 0.042725511 -0.278066546 0.959611118
vn 0.012810099 -0.206569836 0.978348017
vn 0.012811421 -0.206572399 0.978347421
vn -0.020494001 -0.125665963 0.991860867
vn -0.020492351 -0.125666142 0.991860926
vn -0.058837961 -0.030800555 0.997792304
vn -0.058835641 -0.030803779 0.997792304
vn -0.096888602 0.065215543 0.993156314
vn -0.096887991 0.065216169 0.993156374
vn -0.129202455 0.148319229 0.980463266
vn -0.129203469 0.148321480 0.980462730
vn -0.157024920 0.221123233 0.962521613
vn -0.157716811 0.224496290 0.961627185
vn -0.176384762 0.274039447 0.945405185
vn -0.177718252 0.280794233 0.943170667
vn -0.193167776 0.322252363 0.926735997
vn -0.112350844 -0.977729738 0.177261949
vn -0.810779810 0.566218495 0.148434609
vn 0.731271088 -0.568679333 -0.376625091
vn 0.191737235 0.980124354 0.050923087
vn -0.084174961 -0.452887446 0.887585282
vn -0.085544653 -0.462490112 0.882487893
vn -0.070133850 -0.411054045 0.908909142
vn -0.070654735 -0.414689958 0.907215595
vn -0.038665656 -0.317068130 0.947614253
vn -0.038666051 -0.317068338 0.947614193
vn 0.000288645 -0.197630614 0.980276585
vn 0.000289055 -0.197628617 0.980277002
vn 0.046165746 -0.052671723 0.997544229
vn 0.046164211 -0.052676719 0.997544050
vn 0.091690123 0.095933117 0.991155744
vn 0.091689169 0.095933430 0.991155863
vn 0.129177123 0.222252384 0.966393888
vn 0.129175246 0.222249627 0.966394782
vn 0.160726428 0.331807405 0.929554164
vn 0.158591568 0.327419400 0.931474805
vn 0.181040898 0.407390088 0.895129919
vn 0.176930785 0.398951411 0.899740696
vn 0.194509000 0.462474912 0.865033686
vn 0.679404259 0.611995280 0.404810578
vn -0.333044380 -0.677885532 -0.655402720
vn -0.194089368 0.969916284 -0.146941468
vn -0.151590541 -0.904432178 0.398776561
vn 0.551390231 -0.225674391 0.803143859
vn 0.562135875 -0.236632273 0.792469800
vn 0.514660835 -0.205155119 0.832487643
vn 0.518855691 -0.209302843 0.828843236
vn 0.420471400 -0.147698373 0.895203412
vn 0.420479715 -0.147701129 0.895198941
vn 0.289222091 -0.068347611 0.954818904
vn 0.289225399 -0.068348698 0.954817891
vn 0.121348262 0.029331101 0.992176592
vn 0.121351123 0.029331366 0.992176175
vn -0.054927800 0.127865538 0.990269363
vn -0.054924510 0.127866536 0.990269423
vn -0.202982411 0.207514867 0.956940889
vn -0.202978954 0.207513481 0.956941903
vn -0.324166685 0.270438522 0.906520247
vn -0.319330305 0.266653925 0.909353554
vn -0.404792756 0.309675545 0.860374331
vn -0.395827860 0.302673668 0.867011607
vn -0.460646063 0.334776014 0.822028160
vn -0.456321925 0.792409897 0.404792607
vn 0.593207479 -0.467518330 -0.655386508
vn -0.989055514 0.013123495 -0.146958962
vn 0.852709830 -0.337467939 0.398749977
vn 0.917245090 -0.304469109 0.256826788
vn -0.000992771 0.000324802 0.999999404
vn 0.471988797 -0.879735470 -0.057376493
vn -0.446253777 -0.574933589 0.685790777
vn 0.013866200 -0.727666616 -0.685790777
vn -0.904375553 -0.422863007 0.057375442
vn 0.000992845 -0.000331686 -0.999999464
vn -0.917240381 0.304473698 -0.256838351
vn 0.446243316 0.574941993 -0.685790479
vn -0.471985668 0.879736960 0.057379052
vn 0.904373348 0.422866940 -0.057378422
vn -0.013863808 0.727661788 0.685796022
vn 0.459153980 -0.231107160 0.857768655
vn 0.471681863 -0.237450510 0.849195898
vn 0.417992532 -0.221903518 0.880931854
vn 0.422750562 -0.224315941 0.878045738
vn 0.316938758 -0.194008023 0.928391516
vn 0.316941947 -0.194009081 0.928390145
vn 0.185552180 -0.154416800 0.970425606
vn 0.185556158 -0.154416755 0.970424891
vn 0.025135294 -0.103452072 0.994316816
vn 0.025141833 -0.103454180 0.994316399
vn -0.138285145 -0.048715293 0.989193618
vn -0.138284937 -0.048715897 0.989193678
vn -0.275003403 -0.000678991 0.961443007
vn -0.275003254 -0.000677832 0.961443067
vn -0.389862001 0.041416179 0.919941485
vn -0.385198236 0.038639102 0.922024608
vn -0.467383534 0.069810808 0.881294072
vn -0.458600968 0.064381354 0.886307061
vn -0.522394538 0.089367531 0.848007917
vn -0.620970070 0.637523413 0.456026465
vn 0.666579664 -0.446610332 -0.596834004
vn -0.959953308 -0.113798559 -0.256007195
vn 0.914432228 -0.077135421 0.397320807
vn 0.163863614 -0.386707157 0.907527566
vn 0.168219432 -0.396286845 0.902584612
vn 0.141929254 -0.357442200 0.923087895
vn 0.143554136 -0.361022741 0.921441734
vn 0.093460545 -0.287646025 0.953165710
vn 0.093463853 -0.287647396 0.953164995
vn 0.035639673 -0.201326370 0.978875637
vn 0.035640508 -0.201326147 0.978875697
vn -0.032320376 -0.097721741 0.994688869
vn -0.032318894 -0.097726226 0.994688451
vn -0.100686006 0.008841632 0.994879007
vn -0.100686289 0.008840485 0.994878948
vn -0.158766165 0.101295695 0.982106090
vn -0.158765793 0.101293422 0.982106447
vn -0.210357800 0.185031295 0.959954739
vn -0.208858654 0.181320950 0.960989475
vn -0.246963963 0.244236127 0.937740684
vn -0.244065642 0.236865878 0.940386295
vn -0.274861276 0.288480461 0.917186081
vn 0.071001619 -0.873290420 -0.481998593
vn -0.900912225 0.397134870 0.175045848
vn 0.821210027 -0.521591485 0.231422648
vn 0.007615148 0.997151315 0.075041384
vn 0.411786437 0.071502417 0.908470869
vn 0.422519535 0.073886089 0.903337181
vn 0.377757102 0.055642057 0.924231350
vn 0.381771535 0.056528799 0.922526479
vn 0.296901643 0.021601556 0.954663694
vn 0.296901643 0.021602711 0.954663754
vn 0.196804360 -0.018432477 0.980269492
vn 0.196801633 -0.018432768 0.980270088
vn 0.076806411 -0.064912871 0.994930744
vn 0.076807186 -0.064912997 0.994930685
vn -0.046191584 -0.110934213 0.992753685
vn -0.046194121 -0.110934258 0.992753625
vn -0.152277693 -0.149319589 0.976992905
vn -0.152280375 -0.149319559 0.976992548
vn -0.242966011 -0.181138158 0.952972412
vn -0.247317895 -0.181878477 0.951711118
vn -0.307857722 -0.202562898 0.929619193
vn -0.316434652 -0.203922644 0.926436543
vn -0.365925312 -0.220495388 0.904146254
vn -0.899838388 0.163200065 0.404545069
vn 0.959129989 -0.221023664 -0.176686928
vn -0.649171650 -0.745905280 -0.149001479
vn 0.589907587 0.803606093 -0.078906737
vn 0.923574746 0.355762541 0.142977908
vn 0.107282370 0.041325886 0.993369401
vn 0.912534416 -0.383889377 -0.141102627
vn 0.096246563 -0.698326051 0.709279478
vn 0.397111863 -0.582425356 -0.709283352
vn -0.419183701 -0.896869898 0.141101286
vn -0.107282430 -0.041324988 -0.993369460
vn -0.923574805 -0.355761886 -0.142979473
vn -0.096246377 0.698326468 -0.709279060
vn -0.912534893 0.383888692 0.141101822
vn 0.419183046 0.896870077 -0.141101792
vn -0.397112250 0.582425654 0.709282875
vn 0.371733278 0.174254328 0.911838710
vn 0.385467350 0.176585674 0.905666769
vn 0.332523584 0.157637149 0.929827213
vn 0.337675333 0.158541709 0.927814662
vn 0.236074314 0.120521389 0.964232087
vn 0.236070424 0.120520025 0.964233220
vn 0.113377914 0.074074022 0.990786791
vn 0.113380998 0.074074224 0.990786493
vn -0.033733789 0.017666446 0.999274790
vn -0.033732217 0.017665967 0.999274850
vn -0.181927741 -0.039933577 0.982500732
vn -0.181929678 -0.039934102 0.982500315
vn -0.305640817 -0.088646404 0.948011339
vn -0.305646181 -0.088647068 0.948009551
vn -0.405526578 -0.128441647 0.905014396
vn -0.410441667 -0.129434183 0.902654111
vn -0.474356622 -0.155159831 0.866551340
vn -0.483694434 -0.156999752 0.861040592
vn -0.533362746 -0.177283049 0.827100337
vn 0.909893632 0.120266005 0.397026211
vn -0.590114474 -0.666191459 0.456019640
vn 0.644640088 0.477569520 -0.596964478
vn -0.964284003 0.068134777 -0.255957365
vn 0.535743356 -0.110889882 0.837067783
vn 0.547944844 -0.112619534 0.828898787
vn 0.489457697 -0.094098948 0.866935134
vn 0.494184226 -0.094779313 0.864175260
vn 0.378291696 -0.053988874 0.924110770
vn 0.378287345 -0.053987775 0.924112558
vn 0.223275259 -0.000200922 0.974755466
vn 0.223271877 -0.000201407 0.974756241
vn 0.027628914 0.064650111 0.997525454
vn 0.027624259 0.064649716 0.997525573
vn -0.173511967 0.128041789 0.976472676
vn -0.173511818 0.128041193 0.976472795
vn -0.337734818 0.177225053 0.924406052
vn -0.337736249 0.177225679 0.924405336
vn -0.467299581 0.214145556 0.857771993
vn -0.461937308 0.211370185 0.861357391
vn -0.550827742 0.235549212 0.800690591
vn -0.541110635 0.230478823 0.808751404
vn -0.606852829 0.247965813 0.755144119
vn 0.794029832 -0.483051956 0.369022220
vn -0.861792862 -0.153603017 0.483445317
vn 0.780773640 -0.026444165 -0.624254048
vn -0.713065326 0.662936985 -0.228150129
vn 0.203537866 0.305100113 0.930315137
vn 0.209723711 0.312646747 0.926427603
vn 0.187393576 0.273871243 0.943333626
vn 0.189691484 0.276679069 0.942054152
vn 0.148361161 0.203593880 0.967749178
vn 0.148363605 0.203591913 0.967749238
vn 0.100545064 0.119569443 0.987721562
vn 0.100545578 0.119570673 0.987721324
vn 0.043709684 0.020400263 0.998835981
vn 0.043711282 0.020403845 0.998835802
vn -0.014422492 -0.080280215 0.996667981
vn -0.014422372 -0.080281049 0.996667981
vn -0.064868733 -0.167042300 0.983813465
vn -0.064868003 -0.167040110 0.983813941
vn -0.109293528 -0.241509959 0.964224041
vn -0.110923536 -0.245747566 0.962966323
vn -0.141241863 -0.292924345 0.945645869
vn -0.144473135 -0.301353157 0.942504048
vn -0.171107426 -0.343610883 0.923392594
vn 0.795845091 0.559756339 0.230875731
vn -0.799352646 -0.446372718 0.402227253
vn 0.029333964 0.875565171 -0.482208639
vn -0.027007984 -0.988222122 -0.150624216
vn 0.859911442 0.506768584 0.061139632
vn 0.012368518 0.199858576 0.979746699
vn 0.481932640 -0.506258249 0.715152800
vn 0.712487638 -0.280711889 -0.643088102
vn 0.148890868 -0.973998189 0.170760110
vn -0.090651073 -0.127310351 -0.987711728
vn -0.658310652 -0.743632078 -0.116784036
vn -0.481848419 0.504662812 -0.716336191
vn -0.075431623 0.992598176 -0.095178351
vn -0.894419789 0.145670801 0.422839582
vn 0.177958667 0.166302815 0.969883561
vn 0.182872787 0.171399534 0.968080461
vn 0.161928967 0.141745538 0.976569176
vn 0.163734436 0.143618405 0.975994289
vn 0.125556678 0.088926658 0.988092899
vn 0.125554994 0.088928357 0.988092959
vn 0.083023913 0.028482532 0.996140480
vn 0.083023764 0.028482892 0.996140480
vn 0.033429980 -0.041382205 0.998584032
vn 0.033430666 -0.041382380 0.998583913
vn -0.016773922 -0.111450635 0.993628383
vn -0.016774986 -0.111451164 0.993628323
vn -0.060540076 -0.171997279 0.983235478
vn -0.060541600 -0.171998978 0.983235002
vn -0.101410083 -0.228077367 0.968347371
vn -0.099613845 -0.226297155 0.968951344
vn -0.130879000 -0.268868297 0.954243481
vn -0.127235830 -0.265291482 0.955736160
vn -0.153448850 -0.300761849 0.941273451
vn -0.844275117 -0.380645931 0.377237648
vn 0.542236149 0.557857156 -0.628311574
vn -0.119275086 -0.977317154 -0.174998611
vn 0.421034127 0.800382376 0.426753283
vn 0.411911815 0.154286340 0.898066998
vn 0.421050608 0.154960841 0.893702149
vn 0.379976898 0.144771457 0.913596690
vn 0.383377790 0.145039931 0.912132025
vn 0.306264699 0.124847919 0.943723977
vn 0.306260169 0.124847330 0.943725526
vn 0.217136160 0.101120248 0.970889628
vn 0.217134103 0.101120770 0.970890045
vn 0.111071177 0.072380818 0.991173148
vn 0.111069210 0.072381042 0.991173327
vn 0.002299932 0.042371061 0.999099374
vn 0.002301870 0.042370986 0.999099374
vn -0.092466146 0.015790418 0.995590568
vn -0.092463039 0.015789732 0.995590925
vn -0.175410315 -0.007068396 0.984470129
vn -0.179495335 -0.008983316 0.983717859
vn -0.234022513 -0.022457080 0.971971869
vn -0.242198929 -0.026334185 0.969869137
vn -0.291029155 -0.039095495 0.955915093
vn 0.962341368 -0.268859059 0.040175546
vn -0.686332405 -0.318876594 0.653655589
vn 0.632603765 0.717131734 -0.292462975
vn -0.906867862 -0.130695626 -0.400636226
vn 0.003241849 0.587099671 0.809508085
vn 0.005321314 0.602843225 0.797841966
vn 0.010241634 0.543918669 0.839075446
vn 0.011017680 0.550013781 0.835082889
vn 0.022138754 0.428298056 0.903366327
vn 0.022138497 0.428302079 0.903364420
vn 0.035463486 0.263878047 0.963903904
vn 0.035463218 0.263877869 0.963904023
vn 0.050104581 0.054240000 0.997270048
vn 0.050104111 0.054239195 0.997270107
vn 0.062726505 -0.162609920 0.984694660
vn 0.062725693 -0.162610516 0.984694541
vn 0.071079940 -0.339829624 0.937797129
vn 0.071079157 -0.339824289 0.937799156
vn 0.075998120 -0.472039014 0.878295779
vn 0.074949250 -0.478238553 0.875025988
vn 0.077172235 -0.558437884 0.825948894
vn 0.075052597 -0.569651425 0.818452418
vn 0.076434195 -0.627196312 0.775101721
vn 0.266891032 0.911775947 0.312143832
vn 0.044043381 -0.744265258 0.666430354
vn -0.367836893 0.740422904 -0.562556565
vn 0.055162501 -0.907944798 -0.415443540
vn 0.036843989 0.908522785 0.416207910
vn -0.412750423 -0.135571375 0.900698364
vn 0.833325922 0.470497310 -0.290172875
vn 0.625806153 -0.296062738 0.721604824
vn 0.655284226 -0.754372299 -0.039051063
vn 0.003925557 0.096589141 -0.995316684
vn -0.037528314 -0.923266768 -0.382321954
vn -0.792501271 0.536498129 -0.290019840
vn -0.770161033 -0.637163937 0.029566241
vn 0.105292477 0.393973440 0.913070917
vn 0.104031891 0.401142806 0.910089016
vn 0.105398707 0.355886728 0.928566515
vn 0.104949169 0.358562559 0.927587450
vn 0.104758322 0.274010569 0.956004143
vn 0.104757652 0.274012357 0.956003785
vn 0.103018574 0.175715864 0.979035795
vn 0.103017792 0.175715297 0.979035974
vn 0.099676013 0.059231922 0.993255377
vn 0.099675804 0.059234604 0.993255258
vn 0.094906218 -0.059235610 0.993722320
vn 0.094906114 -0.059235480 0.993722260
vn 0.089679226 -0.161491498 0.982791007
vn 0.089679241 -0.161493063 0.982790768
vn 0.084024698 -0.254147530 0.963508606
vn 0.084861070 -0.250531435 0.964382052
vn 0.080014884 -0.320120603 0.943991721
vn 0.081748985 -0.312945992 0.946246207
vn 0.077355005 -0.370065331 0.925779641
vn 0.244966239 0.764041603 -0.596851885
vn 0.185740650 -0.781050026 0.596205890
vn -0.180830136 0.900109291 0.396363348
vn -0.249752283 -0.883243263 -0.396869093
vn 0.334678411 0.422385812 0.842366040
vn 0.346545070 0.430905461 0.833202899
vn 0.308127314 0.389797628 0.867822230
vn 0.312623173 0.393086493 0.864725232
vn 0.237424195 0.309850723 0.920664012
vn 0.237423986 0.309854597 0.920662820
vn 0.142052844 0.203311741 0.968754530
vn 0.142049268 0.203313529 0.968754649
vn 0.024280032 0.070422895 0.997221768
vn 0.024281669 0.070428103 0.997221291
vn -0.096551739 -0.067350730 0.993046641
vn -0.096552469 -0.067350559 0.993046582
vn -0.197340190 -0.183408573 0.963025451
vn -0.197339699 -0.183405772 0.963026226
vn -0.280958623 -0.280568063 0.917792916
vn -0.276510984 -0.276990116 0.920227230
vn -0.335787714 -0.346410215 0.875926137
vn -0.327374190 -0.339713991 0.881714642
vn -0.373079360 -0.393297881 0.840314567
vn 0.949855804 0.256035388 -0.179499045
vn -0.201791048 -0.850393713 0.485912412
vn 0.142800257 0.986534774 -0.079731882
vn -0.891688943 -0.391491503 -0.227211773
vn -0.237283424 0.387678951 0.890730977
vn -0.242519930 0.397797495 0.884839654
vn -0.212769553 0.358828813 0.908829510
vn -0.214740932 0.362622350 0.906857967
vn -0.157317758 0.288461924 0.944479108
vn -0.157317415 0.288460851 0.944479465
vn -0.089540258 0.199852660 0.975726128
vn -0.089538410 0.199854165 0.975726008
vn -0.008672974 0.092720978 0.995654345
vn -0.008671996 0.092720434 0.995654464
vn 0.073546916 -0.017731301 0.997134209
vn 0.073545583 -0.017732354 0.997134268
vn 0.143661961 -0.113166697 0.983135104
vn 0.143659130 -0.113164142 0.983135760
vn 0.202658296 -0.194411680 0.959757090
vn 0.204716310 -0.198573112 0.958467543
vn 0.243616626 -0.252664238 0.936382353
vn 0.247590512 -0.260856837 0.933087647
vn 0.279036224 -0.304847002 0.910608113
vn 0.091912024 -0.909900427 0.404516280
vn -0.052768871 0.982867837 -0.176596195
vn 0.896107912 -0.418096066 -0.148950294
vn -0.935219407 0.345155567 -0.078945450
vn -0.401877940 0.903920591 0.146361545
vn -0.128258184 -0.027397521 0.991362333
vn 0.605714560 0.379114121 0.699558675
vn 0.312998086 0.716933906 -0.622926950
vn 0.994080603 0.032343879 0.103718951
vn 0.047015119 -0.041978985 -0.998011708
vn 0.655327320 -0.725897610 -0.208851293
vn -0.604226410 -0.379126906 -0.700837553
vn -0.999018610 0.037829515 -0.023039330
vn -0.214909241 -0.898211241 0.383445799
vn -0.267331451 0.127989501 0.955066800
vn -0.272462487 0.134706423 0.952690125
vn -0.242865533 0.106484041 0.964197934
vn -0.244770914 0.108951941 0.963440001
vn -0.189282924 0.057492752 0.980238020
vn -0.189285919 0.057494342 0.980237424
vn -0.126513883 0.000106840 0.991964877
vn -0.126515314 0.000107349 0.991964638
vn -0.052765541 -0.066254839 0.996406615
vn -0.052761011 -0.066256702 0.996406794
vn 0.022136092 -0.132517189 0.990933537
vn 0.022140600 -0.132517844 0.990933359
vn 0.087263361 -0.189206630 0.978052080
vn 0.087266050 -0.189208463 0.978051543
vn 0.144688308 -0.238465682 0.960312188
vn 0.146829098 -0.240983680 0.959358096
vn 0.186131939 -0.274244338 0.943475008
vn 0.190423846 -0.279265523 0.941142678
vn 0.223508880 -0.306926966 0.925116003
vn -0.334969699 0.925387561 0.177350506
vn 0.655077040 -0.422408789 0.626454294
vn -0.909113884 0.182318851 -0.374528736
vn 0.589512706 -0.684650660 -0.428635329
vn -0.037445985 0.577044725 0.815853655
vn -0.037295736 0.592206776 0.804922462
vn -0.026018307 0.535717130 0.843996584
vn -0.025975071 0.541554689 0.840264142
vn -0.002438991 0.426639378 0.904418528
vn -0.002438124 0.426638007 0.904419184
vn 0.026554443 0.274906695 0.961104155
vn 0.026554700 0.274907082 0.961104035
vn 0.060399160 0.082968459 0.994720161
vn 0.060399063 0.082967266 0.994720280
vn 0.092512764 -0.116328746 0.988892853
vn 0.092512608 -0.116328277 0.988892913
vn 0.116843633 -0.281982452 0.952278018
vn 0.116842955 -0.281978250 0.952279389
vn 0.132600099 -0.409590632 0.902581155
vn 0.134831905 -0.416302949 0.899173081
vn 0.140107334 -0.492165715 0.859152377
vn 0.144245282 -0.504575014 0.851232946
vn 0.148732647 -0.565673292 0.811105669
vn 0.338487357 0.850893021 -0.401755363
vn 0.238233924 -0.718278110 0.653698027
vn -0.602923512 0.783523381 0.150247931
vn 0.025985302 -0.915915489 -0.400529116
vn -0.367523432 0.003891638 0.930006146
vn -0.376898706 0.006065710 0.926234603
vn -0.332724065 0.003250958 0.943018615
vn -0.336210996 0.004047587 0.941778004
vn -0.253320158 -0.000347849 0.967382431
vn -0.253321975 -0.000347678 0.967381954
vn -0.157990441 -0.005278752 0.987426579
vn -0.157991201 -0.005278722 0.987426460
vn -0.045297146 -0.010947015 0.998913586
vn -0.045298360 -0.010946937 0.998913527
vn 0.069381870 -0.016541883 0.997453034
vn 0.069379881 -0.016541855 0.997453153
vn 0.168489769 -0.021235842 0.985474646
vn 0.168490499 -0.021236010 0.985474527
vn 0.254539400 -0.025201391 0.966733992
vn 0.258317351 -0.025994716 0.965710402
vn 0.316422284 -0.028589105 0.948187530
vn 0.323923886 -0.030181879 0.945601583
vn 0.372151345 -0.032251310 0.927611589
vn 0.751657665 0.085095063 0.654040933
vn -0.739864647 0.157050863 -0.654167652
vn 0.901671231 -0.165100932 -0.399663419
vn -0.913432360 -0.077306196 0.399580956
vn -0.911713302 -0.154826418 0.380536079
vn 0.095443726 0.122840464 0.987826228
vn -0.783064187 0.621176124 -0.030832956
vn -0.216790438 0.375820309 -0.900977790
vn 0.360244691 0.886269450 0.291119158
vn 0.882841289 0.256652027 -0.393346101
vn -0.158120275 -0.674249530 -0.721377611
vn 0.831037819 -0.554946125 -0.037565075
vn -0.601258278 -0.798171282 0.037564024
vn 0.439908832 -0.621361792 0.648374736
vn -0.290079027 0.009737230 0.956953168
vn -0.297214091 0.007110377 0.954784393
vn -0.251005828 0.017183948 0.967832983
vn -0.253654361 0.016221736 0.967158973
vn -0.167531773 0.032440234 0.985332787
vn -0.167529330 0.032440517 0.985333204
vn -0.068315290 0.049973223 0.996411443
vn -0.068316557 0.049973074 0.996411324
vn 0.047877558 0.069705293 0.996418059
vn 0.047878187 0.069705129 0.996417999
vn 0.164557546 0.088651456 0.982375562
vn 0.164558247 0.088651255 0.982375443
vn 0.264034808 0.104091950 0.958879828
vn 0.264036953 0.104092143 0.958879232
vn 0.348862380 0.115940019 0.929974675
vn 0.353118032 0.117323212 0.928193390
vn 0.407608718 0.122824781 0.904858649
vn 0.415975422 0.125546157 0.900667846
vn 0.463928372 0.130687982 0.876179814
vn 0.866632164 -0.326555371 0.377240598
vn -0.777927697 -0.012365059 -0.628232181
vn 0.774592161 0.607811213 -0.174850047
vn -0.863287151 -0.269625098 0.426658690
vn -0.323396891 0.134468749 0.936660290
vn -0.330019832 0.140017048 0.933532059
vn -0.294645727 0.119004391 0.948167682
vn -0.297102541 0.121048279 0.947141707
vn -0.230746269 0.082692109 0.969493806
vn -0.230744228 0.082692780 0.969494283
vn -0.155163839 0.039384089 0.987103403
vn -0.155161470 0.039383717 0.987103760
vn -0.066037178 -0.011194371 0.997754455
vn -0.066032775 -0.011196352 0.997754693
vn 0.024805965 -0.062222302 0.997753978
vn 0.024808560 -0.062222529 0.997753978
vn 0.103839003 -0.106187865 0.988909364
vn 0.103838116 -0.106186807 0.988909543
vn 0.173425719 -0.144561440 0.974179447
vn 0.176190928 -0.146712467 0.973361313
vn 0.223709852 -0.172697023 0.959233820
vn 0.229251683 -0.177003622 0.957138121
vn 0.269176632 -0.198664516 0.942378104
vn -0.529812455 0.834746122 0.149992377
vn 0.711224973 -0.259363949 0.653367758
vn -0.915494919 -0.026737059 -0.401440263
vn 0.734290898 -0.547875106 -0.400811285
vn -0.376787782 -0.344753742 0.859753430
vn -0.388655275 -0.354349405 0.850519598
vn -0.350920022 -0.309342593 0.883833885
vn -0.355446190 -0.313011914 0.880727828
vn -0.280571878 -0.222673655 0.933646560
vn -0.280578434 -0.222676635 0.933643878
vn -0.183538437 -0.108170316 0.977042973
vn -0.183538258 -0.108170286 0.977042973
vn -0.061778352 0.032036979 0.997575641
vn -0.061774887 0.032037094 0.997575879
vn 0.064620167 0.173873127 0.982645571
vn 0.064622626 0.173873052 0.982645452
vn 0.170621052 0.289912283 0.941721559
vn 0.170624241 0.289915264 0.941719949
vn 0.253995508 0.379160732 0.889788449
vn 0.258718401 0.382566959 0.886965275
vn 0.311195970 0.437605500 0.843598545
vn 0.320085645 0.443772346 0.837025344
vn 0.359562993 0.484701186 0.797357619
vn -0.927160144 -0.343333364 0.149987429
vn 0.402286977 0.641097128 0.653574526
vn -0.165149078 -0.900832236 -0.401530921
vn 0.689381599 0.603399217 -0.400827199
vn -0.146712199 -0.078649066 0.986047626
vn -0.974957108 0.197179779 -0.102853216
vn -0.218684867 0.662092268 0.716805995
vn -0.435824603 0.544284403 -0.716806412
vn 0.366230011 0.924820960 0.102868021
vn 0.145898402 0.080102377 -0.986051440
vn 0.197524995 -0.738587618 -0.644571364
vn 0.995655656 0.077391215 -0.051772196
vn -0.607684791 -0.792488933 0.051773489
vn 0.511488914 -0.568246186 0.644573808
vn -0.176038727 -0.196623057 0.964546382
vn -0.182546645 -0.198733419 0.962902784
vn -0.151064202 -0.182864100 0.971462965
vn -0.153452024 -0.183649018 0.970940590
vn -0.096020475 -0.153781742 0.983428299
vn -0.096020579 -0.153782427 0.983428240
vn -0.032669537 -0.120317884 0.992197752
vn -0.032667704 -0.120318010 0.992197812
vn 0.040521212 -0.080990344 0.995890856
vn 0.040519536 -0.080991820 0.995890796
vn 0.113949381 -0.040818889 0.992647707
vn 0.113944314 -0.040819194 0.992648304
vn 0.177481279 -0.005468216 0.984108984
vn 0.177470848 -0.005469339 0.984110832
vn 0.233854681 0.026378527 0.971913695
vn 0.236435264 0.027354836 0.971262157
vn 0.275167197 0.049540401 0.960119128
vn 0.280384570 0.051528294 0.958503783
vn 0.313171655 0.070534393 0.947073638
vn -0.619634151 -0.470937103 -0.627910614
vn 0.468820602 0.870420098 0.150254101
vn -0.845524371 -0.320619315 0.426956534
vn 0.995656908 -0.077759705 0.051193666
vn -0.378661275 0.072255149 0.922710598
vn -0.390065283 0.076572053 0.917597830
vn -0.339325815 0.066720121 0.938299775
vn -0.343593150 0.068321534 0.936630130
vn -0.246740296 0.050565790 0.967761457
vn -0.246743187 0.050565284 0.967760742
vn -0.132092789 0.029476726 0.990798950
vn -0.132096797 0.029476665 0.990798473
vn 0.004655014 0.004229210 0.999980271
vn 0.004659846 0.004228855 0.999980271
vn 0.143375114 -0.021483246 0.989435256
vn 0.143380091 -0.021483481 0.989434481
vn 0.261147201 -0.043395042 0.964323103
vn 0.261150628 -0.043395411 0.964322209
vn 0.359516263 -0.061758898 0.931092858
vn 0.363842249 -0.063372798 0.929302275
vn 0.428304344 -0.075432189 0.900480628
vn 0.436673313 -0.078612775 0.896178842
vn 0.488376081 -0.088235967 0.868160844
vn 0.687039554 -0.603419602 0.404798061
vn -0.712122560 0.251804173 -0.655344307
vn 0.940723121 0.305705279 -0.146915957
vn -0.915991008 0.045129538 0.398652405
vn -0.170361206 -0.430628687 0.886304677
vn -0.178003505 -0.442023665 0.879164279
vn -0.156129882 -0.391516060 0.906828880
vn -0.158994272 -0.395832568 0.904454231
vn -0.117655993 -0.296938360 0.947620571
vn -0.117656492 -0.296941042 0.947619617
vn -0.067008868 -0.175507843 0.982194960
vn -0.067007869 -0.175507918 0.982194960
vn -0.005575721 -0.027866039 0.999596179
vn -0.005574395 -0.027860889 0.999596238
vn 0.057067197 0.123070888 0.990755737
vn 0.057067167 0.123071052 0.990755677
vn 0.109754577 0.250329345 0.961919487
vn 0.109753415 0.250325531 0.961920679
vn 0.154665992 0.359047085 0.920414925
vn 0.151900828 0.354746014 0.922540784
vn 0.184289292 0.433286279 0.882213414
vn 0.178956345 0.425105304 0.887276828
vn 0.204490438 0.486798763 0.849241316
vn -0.676607370 -0.557305336 -0.481262088
vn 0.174072593 0.737526715 0.652497530
vn 0.458530992 0.792649329 -0.401816368
vn 0.041496087 -0.971965194 0.231434420
vn -0.709839582 -0.681548476 0.177818820
vn 0.082419790 -0.079225548 0.993443727
vn -0.554495096 0.461916000 0.692220211
vn -0.788794518 0.028914191 -0.613976538
vn -0.369278461 0.925985813 0.078636371
vn 0.010483046 0.026264338 -0.999600112
vn 0.455067188 0.856765270 -0.242625564
vn 0.554002225 -0.460606098 -0.693486571
vn 0.306128204 -0.951982319 0.003885542
vn 0.922441244 0.117322475 0.367882609
vn -0.174170658 -0.230780870 0.957290351
vn -0.178180486 -0.237773761 0.954837859
vn -0.163943112 -0.200626895 0.965852737
vn -0.165425986 -0.203203827 0.965060830
vn -0.139379472 -0.134443164 0.981070042
vn -0.139380604 -0.134445399 0.981069565
vn -0.109689444 -0.057600785 0.992295504
vn -0.109689526 -0.057600822 0.992295563
vn -0.074438892 0.031684890 0.996722102
vn -0.074438117 0.031685706 0.996722102
vn -0.038203716 0.121405579 0.991867542
vn -0.038203169 0.121405847 0.991867542
vn -0.006298902 0.198748529 0.980030358
vn -0.006299723 0.198745519 0.980030894
vn 0.022209799 0.266568303 0.963560104
vn 0.023921322 0.269297659 0.962759912
vn 0.043626670 0.315475136 0.947930515
vn 0.047101572 0.320930094 0.945931017
vn 0.063826531 0.359651446 0.930901170
vn -0.219461635 -0.877145946 0.427143455
vn 0.172734559 0.759785533 0.626808345
vn -0.397232592 -0.670076728 -0.627059460
vn 0.444082797 0.787482142 -0.427390099
vn -0.454942316 -0.168186873 0.874494553
vn -0.463416636 -0.176156834 0.868454874
vn -0.414253026 -0.142619163 0.898918390
vn -0.417519063 -0.145620570 0.896923900
vn -0.319167495 -0.084815152 0.943895400
vn -0.319167435 -0.084817082 0.943895280
vn -0.192673251 -0.010165898 0.981210291
vn -0.192666933 -0.010165083 0.981211543
vn -0.036226001 0.079050191 0.996212184
vn -0.036226448 0.079050697 0.996212125
vn 0.124446042 0.167325929 0.978016019
vn 0.124442652 0.167325899 0.978016376
vn 0.258491039 0.238313109 0.936156690
vn 0.258488685 0.238311917 0.936157525
vn 0.368736535 0.295663029 0.881258607
vn 0.365089238 0.292854756 0.883711457
vn 0.443251461 0.334481984 0.831654966
vn 0.436479211 0.329272538 0.837296546
vn 0.493211687 0.358450145 0.792625844
vn -0.895142317 -0.251264423 0.368220448
vn 0.821204066 0.090003401 0.563492060
vn -0.550746679 -0.553812563 -0.624475598
vn 0.625539243 0.716452777 -0.308862567
vn 0.107267484 -0.500455022 0.859091640
vn 0.112805590 -0.509878635 0.852818072
vn 0.092080258 -0.456893176 0.884742856
vn 0.094158530 -0.460511327 0.882645726
vn 0.058154583 -0.355953753 0.932692409
vn 0.058154434 -0.355952382 0.932692885
vn 0.014620378 -0.222913057 0.974728703
vn 0.014619786 -0.222913340 0.974728644
vn -0.037484046 -0.058730226 0.997569919
vn -0.037485298 -0.058729976 0.997569859
vn -0.089392610 0.110323533 0.989867508
vn -0.089393742 0.110324092 0.989867330
vn -0.131655812 0.252470165 0.958606064
vn -0.131657779 0.252474159 0.958604813
vn -0.164470524 0.366158634 0.915902495
vn -0.165006772 0.371755630 0.913548410
vn -0.185316756 0.444059670 0.876623452
vn -0.186185539 0.454640299 0.870997846
vn -0.201545477 0.510118186 0.836157203
vn -0.337145030 0.677166283 0.654048204
vn 0.105523758 -0.748952568 -0.654167295
vn -0.153450027 0.903734922 -0.399645448
vn 0.385047406 -0.831923962 0.399551153
vn 0.634388208 0.552961886 0.540171146
vn -0.525722027 -0.166558310 0.834191144
vn 0.525721669 0.166558683 -0.834191203
vn 0.585048258 -0.780054748 0.221885338
vn -0.585048676 0.780054688 -0.221884653
vn -0.634388804 -0.552960992 -0.540171325
vn -0.004663150 -0.000180967 0.999989152
vn -0.305940330 -0.505586624 0.806711078
vn 0.366416425 -0.487747490 0.792364478
vn 0.606216371 0.078819163 0.791384399
vn 0.081449226 0.558828592 0.825273633
vn -0.556195319 0.174545273 0.812515080
vn -0.726426542 -0.154401004 0.669675171
vn -0.510619104 -0.567735195 0.645712733
vn -0.224102944 -0.739249706 0.635049403
vn 0.464358211 -0.597798526 0.653458834
vn 0.689887047 -0.284880936 0.665506363
vn 0.743979931 0.102611423 0.660276353
vn 0.561045587 0.493955195 0.664256096
vn 0.205320925 0.732347429 0.649238408
vn -0.309658796 0.683684230 0.660823226
vn -0.687263429 0.353730947 0.634463131
vn 0.114936613 -0.734281421 0.669044375
vn 0.171961993 0.824651241 0.538868606
vn -0.662264764 0.419766217 0.620646238
vn -0.846434951 -0.115162961 0.519889951
vn -0.670111656 -0.522043347 0.527656257
vn -0.325856656 -0.783408940 0.529233456
vn 0.119125210 -0.856354058 0.502460957
vn 0.393367738 -0.764562011 0.510594547
vn 0.682811558 -0.512507558 0.520676970
vn 0.845912635 -0.109473586 0.521964908
vn 0.783234775 0.344591528 0.517494023
vn 0.510303855 0.680553555 0.525772691
vn -0.260482997 0.800799668 0.539322257
vn -0.653999031 0.544628143 0.525038540
vn -0.815748334 0.226806670 0.532083929
vn -0.825514913 -0.462500721 0.323447436
vn -0.652480185 -0.686832070 0.320205212
vn 0.006865177 -0.946431577 0.322831511
vn 0.668246031 -0.677615702 0.307057381
vn 0.827140272 -0.469232410 0.309289366
vn 0.947210550 0.055913184 0.315698981
vn 0.871400952 0.371895850 0.319927901
vn 0.257235318 0.907918453 0.330929160
vn -0.010217413 0.946209967 0.323391825
vn -0.934496045 -0.126624823 0.332691044
vn -0.349983186 -0.875524044 0.333120733
vn 0.351888508 -0.872954190 0.337824583
vn 0.916149080 -0.246015385 0.316460550
vn 0.607249200 0.720580161 0.334682941
vn -0.390438110 0.862436593 0.322119892
vn -0.728407562 0.599580765 0.331550062
vn -0.916579843 0.237016782 0.322031647
vn -0.511512041 -0.853175104 0.102213718
vn 0.853590250 0.510566652 0.103467084
vn -0.242563710 0.965699852 0.092665136
vn -0.866540551 0.490807503 0.090639606
vn -0.991482973 0.034805477 0.125499681
vn -0.964662313 -0.261030316 0.035915367
vn -0.863299072 -0.492587507 0.109874316
vn -0.703934312 -0.710121512 0.014282997
vn -0.275445849 -0.961220324 0.013607224
vn 0.007404202 -0.998288453 0.058011387
vn 0.250326723 -0.965972364 0.065069385
vn 0.498371243 -0.866587281 0.025546236
vn 0.713913202 -0.699726522 0.026660925
vn 0.864482284 -0.502303481 0.019015171
vn 0.965866446 -0.252398193 0.058285367
vn 0.998757541 -0.005280332 0.049552184
vn 0.962636471 0.269850761 0.022617977
vn 0.693917453 0.718850851 0.041617312
vn 0.384768218 0.919646800 0.078760624
vn 0.016513133 0.998427272 0.053574823
vn -0.491357058 0.870583594 0.025547033
vn -0.705449522 0.706724048 0.053686056
vn -0.967492342 0.252159804 0.019340795
vn -0.955046415 0.010024162 -0.296286821
vn -0.830588281 -0.473637074 -0.292901158
vn -0.462446839 -0.834353089 -0.299996406
vn 0.827450097 0.477707058 -0.295164824
vn 0.485593915 0.829169035 -0.276906639
vn 0.227995083 0.926033795 -0.300798208
vn -0.262578875 0.914881766 -0.306665361
vn -0.818600714 0.487177491 -0.304222077
vn -0.906918228 -0.230152756 -0.352886766
vn -0.090315841 -0.931873977 -0.351360083
vn 0.229658931 -0.912354112 -0.338919967
vn 0.876475871 -0.337789297 -0.343057483
vn 0.658924878 0.649747193 -0.379007369
vn -0.009752034 0.934006751 -0.357122153
vn -0.587429821 0.732076108 -0.344950408
vn -0.642469823 -0.665580571 -0.379782856
vn 0.584590733 -0.733778834 -0.346153498
vn 0.931336939 0.081760876 -0.354861468
vn -0.894813895 0.258278221 -0.364143491
vn -0.546296656 0.050953276 -0.836040497
vn -0.475163341 -0.284054190 -0.832786262
vn -0.152688682 -0.543864489 -0.825165272
vn 0.215635166 -0.504125774 -0.836276650
vn 0.501486182 -0.258205146 -0.825737119
vn 0.534816146 0.168519095 -0.827993274
vn 0.221023276 0.520131826 -0.824991882
vn -0.195366904 0.517521203 -0.833068788
vn -0.443935424 0.320278078 -0.836865127
vn 0.000050619 -0.000069327 -1.000000000
vn 0.390643835 0.080596454 0.917006850
vn -0.246230438 0.969211340 0.000000168
vn 0.868790030 0.495180517 0.000000340
vn 0.392380774 0.090239443 -0.915365696
vn 0.941802561 -0.331213236 -0.057495385
vn 0.402485788 -0.081819028 0.911762476
vn 0.582250476 -0.115028910 -0.804830968
vn 0.035185523 -0.990950167 0.129537106
vn -0.469257593 -0.072835319 0.880052447
vn -0.238635451 -0.342225790 -0.908809483
vn -0.975868881 -0.218048334 -0.011617672
vn -0.335923165 0.353113621 0.873193204
vn -0.336500466 0.351068586 -0.873795331
vn -0.271742225 -0.501844525 0.821162701
vn -0.994825184 0.098837480 -0.023536444
vn -0.306444883 0.362211525 0.880280852
vn 0.026326118 0.999627352 0.007213461
vn 0.121590622 0.560740829 -0.819014907
vn 0.358528227 0.684566617 0.634685874
vn 0.993901074 -0.106741600 -0.027695142
vn 0.444331825 0.152779847 -0.882738709
vn 0.302418679 -0.359450579 0.882801354
vn -0.033280078 -0.999346197 -0.014129803
vn -0.100632831 -0.415532500 -0.903994322
vn -0.440150112 -0.154556423 -0.884522557
vn 0.363412231 -0.164412290 0.917006075
vn -0.553996027 -0.822380006 0.129536003
vn -0.917660654 0.397195369 -0.011615631
vn -0.422446311 0.216894954 0.880054355
vn -0.394216835 -0.136600003 -0.908808827
vn 0.370483160 0.928839207 -0.000000183
vn -0.064211279 0.483126551 0.873192787
vn -0.065882288 0.481811374 -0.873794794
vn 0.993925691 -0.110053100 -0.000000261
vn 0.370485306 -0.157630756 -0.915365040
vn 0.277530342 -0.302770019 0.911760569
vn 0.567252755 -0.821534097 -0.057497036
vn 0.403440118 -0.435298592 -0.804829955
vn -0.472889543 -0.197352216 0.858736157
vn 0.555360556 -0.821458399 -0.129540578
vn -0.336825043 -0.334746778 -0.880053103
vn -0.403438747 -0.435298204 0.804830849
vn -0.577032387 -0.814790189 0.056130443
vn -0.782960415 0.621815681 -0.017839020
vn -0.479322582 0.088225164 -0.873193085
vn 0.011573226 0.415285647 0.909617543
vn 0.465015143 0.883535206 -0.055915494
vn 0.268665016 0.294819087 -0.917006373
vn 0.921654522 0.387778968 0.013436737
vn 0.394215316 -0.136598483 0.908809662
vn 0.373711228 0.170383275 -0.911761701
vn 0.077313207 -0.458377749 0.885388255
vn 0.282118827 0.343289852 -0.895857811
vn 0.455939233 -0.113042109 0.882802784
vn 0.136338279 -0.363633603 -0.921510994
vn 0.566205084 -0.824138880 -0.014384584
vn -0.145022780 -0.987651885 0.059263449
vn -0.997680306 -0.067846462 0.005560535
vn -0.229100510 -0.265674591 -0.936445475
vn -0.413426518 0.153225526 0.897552490
vn -0.376284152 0.853127599 -0.361363441
vn -0.106826439 0.735221624 0.669355869
vn 0.871989369 0.489022762 -0.022164913
vn -0.634752512 0.094858207 0.766871095
vn 0.200814426 0.830494940 -0.519568801
vn 0.739459097 0.479707301 0.472314715
vn 0.739458084 -0.479704142 -0.472319454
vn 0.200812504 -0.830495298 0.519569159
vn -0.634751022 -0.094856180 -0.766872525
vn 0.095255129 -0.045596201 0.994408071
vn 0.725327611 0.596529305 0.343587995
vn 0.642912209 0.034233186 -0.765174568
vn -0.787569404 -0.387699634 0.478981882
vn -0.154115647 -0.852057576 -0.500246227
vn -0.765636086 0.491686165 -0.414784431
vn 0.634757459 -0.094860300 0.766866684
vn -0.200810492 0.830495179 0.519569933
vn 0.634754062 0.094858907 -0.766869664
vn -0.200812787 -0.830495298 -0.519568861
vn -0.739460349 -0.479708999 0.472310930
vn -0.739462376 0.479702234 -0.472314805
vn 0.090445064 -0.039345622 0.995123923
vn -0.608709872 0.709875524 -0.354329050
vn 0.892960489 0.222871363 0.391088188
vn 0.626157761 0.008395929 -0.779651165
vn -0.799546421 -0.420535892 0.428806812
vn -0.227250427 -0.818684280 -0.527364671
vn -0.634751618 0.094863571 0.766871214
vn 0.200810298 0.830494642 -0.519570827
vn 0.739462435 0.479702026 0.472314775
vn 0.739461958 -0.479704320 -0.472313166
vn 0.200810134 -0.830496132 0.519568622
vn -0.634756565 -0.094859309 -0.766867578
vn 0.634754896 -0.094858184 0.766869068
vn -0.200813681 0.830495179 0.519568741
vn 0.634755313 0.094860472 -0.766868412
vn -0.739461660 -0.479706824 0.472311288
vn -0.200812012 -0.830494940 -0.519569755
vn -0.739461958 0.479703456 -0.472314149
vn -0.634752154 0.094864421 0.766870558
vn 0.200810730 0.830495536 -0.519569218
vn 0.739462852 0.479704291 0.472311944
vn 0.739463449 -0.479703516 -0.472311795
vn 0.200812295 -0.830494881 0.519569695
vn -0.634754896 -0.094861314 -0.766868651
vn 0.634755492 -0.094859205 0.766868532
vn -0.200812653 0.830493987 0.519570947
vn 0.634760499 0.094865941 -0.766863465
vn -0.739460886 -0.479706287 0.472312987
vn -0.200807318 -0.830495059 -0.519571304
vn -0.739462435 0.479703546 -0.472313255
vn -0.289227724 0.000836372 0.957259893
vn 0.412284434 0.827510238 -0.381114602
vn 0.841698289 -0.039712630 0.538485706
vn 0.340723097 -0.258059025 -0.904053926
vn -0.496234030 -0.826479554 -0.265863627
vn -0.818941414 0.494660705 -0.290939599
vn -0.095255792 0.045590084 0.994408309
vn 0.787567496 0.387700021 0.478984475
vn 0.154117227 0.852058351 -0.500244558
vn 0.765636325 -0.491685748 -0.414784521
vn -0.725326717 -0.596530139 0.343588382
vn -0.642920315 -0.034237318 -0.765167594
vn 0.095260710 -0.045598168 0.994407475
vn 0.725335360 0.596524417 0.343580186
vn 0.642913580 0.034236025 -0.765173316
vn -0.787565053 -0.387695402 0.478992313
vn -0.154113516 -0.852061987 -0.500239313
vn -0.765637279 0.491683960 -0.414784819
vn -0.626163483 0.008394735 0.779646635
vn 0.608708143 0.709873855 0.354335397
vn 0.799545467 -0.420533091 -0.428811133
vn 0.227253869 -0.818683624 0.527364016
vn -0.090442918 -0.039337400 -0.995124459
vn -0.892954588 0.222870812 -0.391101986
vn -0.626165450 0.008398757 0.779645085
vn 0.608711004 0.709875941 0.354326129
vn 0.799540043 -0.420544326 -0.428810239
vn 0.227252930 -0.818680823 0.527368665
vn -0.090448789 -0.039341576 -0.995123744
vn -0.892959774 0.222879738 -0.391085237
vn -0.095255762 0.045594998 0.994408071
vn 0.154118761 0.852056980 -0.500246346
vn 0.787564814 0.387699336 0.478989482
vn 0.765636086 -0.491686076 -0.414784580
vn -0.642916322 -0.034237232 -0.765170872
vn -0.725325346 -0.596529543 0.343592405
vn -0.230100602 0.959540784 0.162281215
vn 0.447967976 0.205572084 0.870094717
vn -0.030155439 0.491961986 -0.870094299
vn 0.954563022 0.249949098 -0.162279904
vn -0.695150256 -0.405330390 -0.593694746
vn 0.478991628 -0.760805488 -0.437883407
vn -0.896802425 0.063271955 0.437883854
vn -0.029315256 -0.804156721 0.593694150
vn -0.200263843 0.213151738 0.956274390
vn 0.173054695 0.303638399 0.936939538
vn -0.017163003 0.894315898 0.447106868
vn -0.024684047 0.893291473 -0.448799521
vn 0.656755924 0.623476386 0.424203873
vn 0.653930008 0.628940642 -0.420486897
vn 0.169371381 0.297032744 -0.939725935
vn 0.830593467 -0.016113037 0.556645989
vn 0.829708815 0.017955586 -0.557907641
vn 0.653930128 -0.628940880 0.420486420
vn 0.656755865 -0.623476386 -0.424203873
vn 0.146926060 -0.315071493 -0.937626183
vn 0.140912324 -0.318136871 0.937514067
vn -0.018196076 -0.896437645 0.442796141
vn -0.016388590 -0.897683561 -0.440335900
vn -0.620319545 -0.642540812 0.449827850
vn -0.621012032 -0.644839346 -0.445562929
vn -0.389203370 -0.175005600 -0.904374838
vn -0.431388766 -0.133874178 0.892177939
vn -0.995691955 0.083398893 -0.040523093
vn -0.747057140 0.663549244 0.040100925
vn -0.230358049 0.218352407 -0.948291898
vn -0.129567102 -0.254314244 0.958403170
vn 0.071246982 0.997105002 0.026562281
vn 0.534420550 0.845083773 -0.015105600
vn 0.129567474 0.254313409 -0.958403349
vn 0.303820431 0.161031470 0.939021885
vn 0.992030203 -0.052539345 -0.114524141
vn 0.118636712 -0.426783234 0.896538556
vn 0.627528906 -0.778374672 0.018449044
vn -0.071247354 -0.997104883 -0.026563810
vn 0.104754359 -0.422254890 -0.900404096
vn -0.534420490 -0.845083833 0.015104845
vn -0.303819895 -0.161031097 -0.939022064
vn -0.992029965 0.052538905 0.114526808
vn -0.104753911 0.422255367 0.900403798
vn -0.627529204 0.778374434 -0.018448779
vn -0.118636675 0.426782399 -0.896538973
vn 0.059005521 -0.275261909 0.959556818
vn -0.911370337 0.411587328 -0.000000337
vn -0.433960170 0.030856395 -0.900403500
vn -0.118123285 0.341014385 -0.932607174
vn -0.117928088 0.339946449 0.933021724
vn -0.027043384 0.999634266 0.000000391
vn 0.907703340 0.419612467 -0.000000153
vn 0.433798403 -0.028627843 0.900555074
vn 0.927675843 -0.372704774 0.022552738
vn 0.442556173 -0.019052597 -0.896538377
vn 0.614740789 -0.788726211 -0.002149186
vn 0.201828122 -0.201813117 -0.958403230
vn -0.343378335 -0.933772027 -0.100802213
vn -0.443514109 0.041449592 0.895308435
vn -0.933003426 -0.359472960 0.016845724
vn -0.258478463 -0.150124148 0.954280674
vn -0.159112364 -0.405409634 0.900181353
vn -0.643723369 -0.764797151 -0.026563795
vn -0.124442451 -0.369226813 -0.920969963
vn -0.956869483 -0.288424015 0.034819778
vn -0.396427006 0.023326052 -0.917769849
vn -0.105719753 0.362089962 0.926128685
vn -0.537735224 0.843110979 -0.002159161
vn 0.088040054 0.343512833 -0.935012221
vn 0.322169751 0.280960351 0.904028714
vn 0.510220885 0.859668434 0.025394985
vn 0.295054287 0.201845706 -0.933917165
vn 0.957638621 0.287877887 -0.007390084
vn 0.278940648 -0.202420175 0.938732266
vn 0.800303161 -0.579677284 -0.153261617
vn 0.022139015 -0.999727666 -0.007390374
vn -0.114058636 -0.257374376 0.959556699
vn 0.555410028 -0.831262946 0.022840800
vn 0.033733901 -0.999428570 -0.002148805
vn 0.044660028 -0.281903088 -0.958402872
vn -0.826656103 -0.553605080 -0.100802325
vn -0.966108441 0.257586390 0.016845630
vn -0.334448308 0.294225305 0.895307660
vn -0.508717120 0.860933721 -0.000000125
vn -0.332944810 0.280039400 -0.900403082
vn 0.150923833 0.345153570 0.926331997
vn -0.041823223 0.999125004 -0.000000305
vn 0.151358396 0.346097440 -0.925908923
vn 0.420090407 -0.310402185 0.852745414
vn 0.974656045 0.223709136 -0.000000415
vn 0.432466477 -0.307135105 -0.847726941
vn 0.201829582 0.201813638 0.958402812
vn 0.934421003 0.356170475 -0.000000842
vn 0.442557812 0.019053182 0.896537602
vn 0.934195518 -0.356284142 0.018448325
vn 0.357346416 -0.010132871 -0.933917046
vn 0.350307852 -0.926127732 -0.139899716
vn -0.059264537 -0.338711947 0.939021766
vn -0.623693824 -0.781121433 -0.029248357
vn -0.951056361 -0.309017748 -0.000001242
vn -0.317703098 -0.225565687 -0.920969605
vn -0.433962107 -0.030857261 0.900402546
vn -0.963710427 0.265343070 0.029247697
vn -0.277428776 0.953883350 0.114629768
vn -0.262753159 0.244896367 -0.933266640
vn 0.574269056 0.818308115 -0.024225350
vn 0.224053472 0.190821767 -0.955712855
usemtl field_material_05
f 5//5 9//9 10//10
f 2//2 8//8 3//3
f 6//6 5//5 10//10
f 3//3 9//9 4//4
f 2//2 1//1 7//7
f 6//6 10//10 14//14
f 8//8 13//13 9//9
f 7//7 1//1 11//11
f 9//9 14//14 10//10
f 7//7 12//12 8//8
f 6//6 14//14 18//18
f 12//12 17//17 13//13
f 11//11 1//1 15//15
f 14//14 17//17 18//18
f 11//11 16//16 12//12
f 6//6 18//18 22//22
f 16//16 21//21 17//17
f 15//15 1//1 19//19
f 17//17 22//22 18//18
f 15//15 20//20 16//16
f 6//6 22//22 26//26
f 20//20 25//25 21//21
f 19//19 1//1 23//23
f 22//22 25//25 26//26
f 19//19 24//24 20//20
f 6//6 26//26 30//30
f 24//24 29//29 25//25
f 23//23 1//1 27//27
f 25//25 30//30 26//26
f 23//23 28//28 24//24
f 6//6 30//30 34//34
f 28//28 33//33 29//29
f 27//27 1//1 31//31
f 30//30 33//33 34//34
f 27//27 32//32 28//28
f 6//6 34//34 5//5
f 32//32 4//4 33//33
f 31//31 1//1 2//2
f 33//33 5//5 34//34
f 31//31 3//3 32//32
f 35//35 36//36 41//41
f 36//36 38//38 37//37
f 39//39 40//40 37//37
f 42//42 39//39 38//38
f 40//40 42//42 41//41
f 37//37 40//40 41//41
usemtl field_material_23
f 44//44 45//45 43//43
f 46//46 47//47 45//45
f 48//48 49//49 47//47
f 50//50 51//51 49//49
f 52//52 53//53 51//51
f 54//54 55//55 53//53
f 55//55 58//58 57//57
f 58//58 59//59 57//57
usemtl field_material_05
f 63//63 64//64 62//62
f 65//65 62//62 64//64
usemtl field_material_23
f 66//66 69//69 68//68
f 69//69 70//70 68//68
f 70//70 73//73 72//72
f 73//73 74//74 72//72
f 75//75 76//76 74//74
f 76//76 79//79 78//78
f 79//79 80//80 78//78
f 81//81 82//82 80//80
f 82//82 83//83 84//84
usemtl field_material_05
f 87//87 86//86 88//88
f 85//85 88//88 86//86
usemtl field_material_23
f 90//90 91//91 89//89
f 92//92 93//93 91//91
f 94//94 95//95 93//93
f 96//96 97//97 95//95
f 97//97 100//100 99//99
f 100//100 101//101 99//99
f 102//102 103//103 101//101
f 104//104 105//105 103//103
f 105//105 106//106 107//107
usemtl field_material_05
f 110//110 109//109 111//111
f 108//108 111//111 109//109
f 113//113 114//114 112//112
f 115//115 116//116 114//114
f 117//117 118//118 116//116
f 119//119 120//120 118//118
f 119//119 117//117 113//113
f 121//121 122//122 120//120
f 123//123 112//112 122//122
f 120//120 122//122 114//114
usemtl field_material_07
f 125//125 126//126 124//124
f 127//127 128//128 126//126
f 129//129 130//130 128//128
f 131//131 132//132 130//130
f 133//133 134//134 132//132
f 134//134 137//137 136//136
f 136//136 139//139 138//138
f 139//139 140//140 138//138
f 140//140 141//141 142//142
usemtl field_material_05
f 146//146 145//145 144//144
f 144//144 143//143 146//146
usemtl field_material_07
f 148//148 149//149 147//147
f 150//150 151//151 149//149
f 152//152 153//153 151//151
f 154//154 155//155 153//153
f 156//156 157//157 155//155
f 158//158 159//159 157//157
f 160//160 161//161 159//159
f 162//162 163//163 161//161
f 163//163 164//164 165//165
usemtl field_material_05
f 167//167 166//166 168//168
f 169//169 168//168 166//166
usemtl field_material_07
f 171//171 172//172 170//170
f 173//173 174//174 172//172
f 175//175 176//176 174//174
f 176//176 179//179 178//178
f 179//179 180//180 178//178
f 180//180 183//183 182//182
f 183//183 184//184 182//182
f 185//185 186//186 184//184
usemtl field_material_05
f 189//189 190//190 192//192
f 191//191 192//192 190//190
f 194//194 195//195 193//193
f 195//195 198//198 197//197
f 198//198 199//199 197//197
f 199//199 202//202 201//201
f 202//202 200//200 198//198
f 202//202 203//203 201//201
f 203//203 194//194 193//193
f 201//201 203//203 195//195
usemtl field_material_17
f 206//206 207//207 205//205
f 207//207 210//210 209//209
f 210//210 211//211 209//209
f 212//212 213//213 211//211
f 213//213 216//216 215//215
f 216//216 217//217 215//215
f 217//217 220//220 219//219
f 220//220 221//221 219//219
usemtl field_material_05
f 225//225 226//226 224//224
f 227//227 224//224 226//226
usemtl field_material_17
f 228//228 231//231 230//230
f 230//230 233//233 232//232
f 232//232 235//235 234//234
f 235//235 236//236 234//234
f 236//236 239//239 238//238
f 238//238 241//241 240//240
f 240//240 243//243 242//242
f 243//243 244//244 242//242
f 244//244 245//245 246//246
usemtl field_material_05
f 248//248 249//249 247//247
f 250//250 247//247 249//249
usemtl field_material_17
f 252//252 253//253 251//251
f 253//253 256//256 255//255
f 255//255 258//258 257//257
f 258//258 259//259 257//257
f 260//260 261//261 259//259
f 262//262 263//263 261//261
f 264//264 265//265 263//263
f 265//265 268//268 267//267
usemtl field_material_05
f 270//270 273//273 272//272
f 272//272 271//271 270//270
f 276//276 277//277 274//274
f 277//277 280//280 279//279
f 280//280 281//281 279//279
f 275//275 283//283 278//278
f 281//281 283//283 282//282
f 282//282 275//275 274//274
f 281//281 282//282 274//274
usemtl field_material_23
f 285//285 286//286 284//284
f 287//287 288//288 286//286
f 289//289 290//290 288//288
f 291//291 292//292 290//290
f 292//292 295//295 294//294
f 295//295 296//296 294//294
f 296//296 299//299 298//298
f 299//299 300//300 298//298
f 300//300 301//301 302//302
usemtl field_material_05
f 305//305 304//304 306//306
f 303//303 306//306 304//304
usemtl field_material_23
f 308//308 309//309 307//307
f 309//309 312//312 311//311
f 311//311 314//314 313//313
f 313//313 316//316 315//315
f 316//316 317//317 315//315
f 318//318 319//319 317//317
f 319//319 322//322 321//321
f 321//321 324//324 323//323
usemtl field_material_05
f 326//326 329//329 328//328
f 327//327 326//326 328//328
usemtl field_material_23
f 331//331 332//332 330//330
f 333//333 334//334 332//332
f 334//334 337//337 336//336
f 337//337 338//338 336//336
f 338//338 341//341 340//340
f 340//340 343//343 342//342
f 343//343 344//344 342//342
f 345//345 346//346 344//344
usemtl field_material_05
f 349//349 352//352 351//351
f 350//350 349//349 351//351
f 353//353 356//356 355//355
f 357//357 358//358 355//355
f 358//358 361//361 360//360
f 359//359 357//357 354//354
f 354//354 353//353 360//360
f 355//355 358//358 360//360
usemtl field_material_17
f 362//362 365//365 364//364
f 365//365 366//366 364//364
f 367//367 368//368 366//366
f 369//369 370//370 368//368
f 371//371 372//372 370//370
f 373//373 374//374 372//372
f 374//374 377//377 376//376
f 377//377 378//378 376//376
f 378//378 379//379 380//380
usemtl field_material_05
f 383//383 382//382 381//381
f 381//381 384//384 383//383
usemtl field_material_17
f 386//386 387//387 385//385
f 388//388 389//389 387//387
f 390//390 391//391 389//389
f 392//392 393//393 391//391
f 394//394 395//395 393//393
f 396//396 397//397 395//395
f 398//398 399//399 397//397
f 400//400 401//401 399//399
f 401//401 402//402 403//403
usemtl field_material_05
f 405//405 404//404 406//406
f 407//407 406//406 404//404
usemtl field_material_17
f 409//409 410//410 408//408
f 410//410 413//413 412//412
f 413//413 414//414 412//412
f 415//415 416//416 414//414
f 416//416 419//419 418//418
f 419//419 420//420 418//418
f 421//421 422//422 420//420
f 423//423 424//424 422//422
usemtl field_material_05
f 427//427 428//428 430//430
f 429//429 430//430 428//428
f 433//433 434//434 431//431
f 435//435 436//436 434//434
f 437//437 438//438 436//436
f 437//437 435//435 432//432
f 440//440 439//439 438//438
f 439//439 432//432 431//431
f 438//438 439//439 431//431
usemtl field_material_23
f 442//442 443//443 441//441
f 444//444 445//445 443//443
f 445//445 448//448 447//447
f 447//447 450//450 449//449
f 449//449 452//452 451//451
f 451//451 454//454 453//453
f 453//453 456//456 455//455
f 456//456 457//457 455//455
usemtl field_material_05
f 463//463 462//462 460//460
f 461//461 460//460 462//462
usemtl field_material_23
f 465//465 466//466 464//464
f 466//466 469//469 468//468
f 469//469 470//470 468//468
f 470//470 473//473 472//472
f 473//473 474//474 472//472
f 474//474 477//477 476//476
f 477//477 478//478 476//476
f 478//478 481//481 480//480
usemtl field_material_05
f 485//485 484//484 483//483
f 483//483 486//486 485//485
usemtl field_material_23
f 488//488 489//489 487//487
f 490//490 491//491 489//489
f 492//492 493//493 491//491
f 493//493 496//496 495//495
f 496//496 497//497 495//495
f 498//498 499//499 497//497
f 499//499 502//502 501//501
f 502//502 503//503 501//501
usemtl field_material_05
f 506//506 507//507 509//509
f 508//508 509//509 507//507
f 511//511 512//512 510//510
f 512//512 514//514 513//513
f 515//515 516//516 513//513
f 517//517 515//515 514//514
f 517//517 518//518 516//516
f 519//519 510//510 518//518
f 513//513 516//516 518//518
usemtl field_material_07
f 520//520 523//523 522//522
f 522//522 525//525 524//524
f 525//525 526//526 524//524
f 527//527 528//528 526//526
f 528//528 531//531 530//530
f 530//530 533//533 532//532
f 532//532 535//535 534//534
f 534//534 537//537 536//536
usemtl field_material_05
f 541//541 540//540 542//542
f 539//539 542//542 540//540
usemtl field_material_07
f 544//544 545//545 543//543
f 546//546 547//547 545//545
f 548//548 549//549 547//547
f 549//549 552//552 551//551
f 551//551 554//554 553//553
f 553//553 556//556 555//555
f 556//556 557//557 555//555
f 558//558 559//559 557//557
usemtl field_material_05
f 565//565 564//564 562//562
f 563//563 562//562 564//564
usemtl field_material_07
f 567//567 568//568 566//566
f 569//569 570//570 568//568
f 570//570 573//573 572//572
f 573//573 574//574 572//572
f 574//574 577//577 576//576
f 577//577 578//578 576//576
f 578//578 581//581 580//580
f 581//581 582//582 580//580
usemtl field_material_05
f 588//588 587//587 585//585
f 586//586 585//585 587//587
f 589//589 590//590 597//597
f 591//591 592//592 590//590
f 593//593 594//594 592//592
f 596//596 595//595 594//594
f 595//595 598//598 597//597
f 594//594 595//595 597//597
usemtl field_material_17
f 600//600 601//601 599//599
f 602//602 603//603 601//601
f 604//604 605//605 603//603
f 606//606 607//607 605//605
f 608//608 609//609 607//607
f 610//610 611//611 609//609
f 612//612 613//613 611//611
f 614//614 615//615 613//613
usemtl field_material_05
f 620//620 619//619 618//618
f 618//618 621//621 620//620
usemtl field_material_17
f 623//623 624//624 622//622
f 624//624 627//627 626//626
f 627//627 628//628 626//626
f 628//628 631//631 630//630
f 631//631 632//632 630//630
f 633//633 634//634 632//632
f 634//634 637//637 636//636
f 637//637 638//638 636//636
usemtl field_material_05
f 643//643 642//642 644//644
f 641//641 644//644 642//642
usemtl field_material_17
f 646//646 647//647 645//645
f 648//648 649//649 647//647
f 649//649 652//652 651//651
f 651//651 654//654 653//653
f 653//653 656//656 655//655
f 656//656 657//657 655//655
f 658//658 659//659 657//657
f 660//660 661//661 659//659
f 661//661 662//662 663//663
usemtl field_material_05
f 665//665 664//664 667//667
f 666//666 667//667 664//664
f 670//670 671//671 668//668
f 671//671 674//674 673//673
f 674//674 675//675 673//673
f 677//677 674//674 672//672
f 675//675 677//677 676//676
f 676//676 669//669 668//668
f 673//673 675//675 676//676
usemtl field_material_17
f 679//679 680//680 678//678
f 681//681 682//682 680//680
f 682//682 685//685 684//684
f 685//685 686//686 684//684
f 686//686 689//689 688//688
f 689//689 690//690 688//688
f 691//691 692//692 690//690
f 693//693 694//694 692//692
usemtl field_material_05
f 698//698 699//699 697//697
f 700//700 697//697 699//699
usemtl field_material_17
f 701//701 704//704 703//703
f 704//704 705//705 703//703
f 705//705 708//708 707//707
f 707//707 710//710 709//709
f 710//710 711//711 709//709
f 711//711 714//714 713//713
f 714//714 715//715 713//713
f 715//715 718//718 717//717
f 717//717 718//718 719//719
usemtl field_material_05
f 723//723 722//722 720//720
f 721//721 720//720 722//722
usemtl field_material_17
f 724//724 727//727 726//726
f 726//726 729//729 728//728
f 728//728 731//731 730//730
f 730//730 733//733 732//732
f 733//733 734//734 732//732
f 734//734 737//737 736//736
f 736//736 739//739 738//738
f 739//739 740//740 738//738
usemtl field_material_05
f 743//743 744//744 746//746
f 745//745 746//746 744//744
f 747//747 750//750 749//749
f 752//752 751//751 749//749
f 748//748 747//747 751//751
f 747//747 749//749 751//751
usemtl field_material_15
f 753//753 758//758 754//754
f 753//753 754//754 755//755
f 753//753 755//755 756//756
f 753//753 756//756 757//757
f 753//753 757//757 758//758
f 759//759 754//754 758//758
f 754//754 769//769 755//755
f 763//763 756//756 755//755
f 765//765 757//757 756//756
f 767//767 758//758 757//757
f 767//767 771//771 768//768
f 759//759 773//773 760//760
f 773//773 761//761 760//760
f 775//775 769//769 761//761
f 775//775 762//762 769//769
f 762//762 777//777 763//763
f 778//778 764//764 763//763
f 779//779 765//765 764//764
f 781//781 767//767 770//770
f 781//781 771//771 767//767
f 783//783 759//759 771//771
f 772//772 784//784 773//773
f 785//785 774//774 773//773
f 774//774 786//786 775//775
f 776//776 787//787 777//777
f 788//788 778//778 777//777
f 778//778 789//789 779//779
f 790//790 780//780 779//779
f 770//770 792//792 781//781
f 793//793 784//784 772//772
f 785//785 794//794 774//774
f 794//794 786//786 774//774
f 786//786 795//795 776//776
f 795//795 787//787 776//776
f 788//788 796//796 778//778
f 796//796 789//789 778//778
f 797//797 791//791 780//780
f 798//798 782//782 781//781
f 782//782 800//800 783//783
f 783//783 793//793 772//772
f 819//819 791//791 797//797
f 806//806 784//784 793//793
f 807//807 785//785 784//784
f 808//808 801//801 785//785
f 801//801 809//809 794//794
f 794//794 810//810 786//786
f 810//810 795//795 786//786
f 812//812 787//787 795//795
f 813//813 788//788 787//787
f 814//814 796//796 788//788
f 815//815 789//789 796//796
f 816//816 790//790 789//789
f 817//817 802//802 790//790
f 818//818 819//819 797//797
f 791//791 820//820 792//792
f 820//820 803//803 792//792
f 803//803 821//821 798//798
f 821//821 799//799 798//798
f 822//822 804//804 799//799
f 823//823 793//793 800//800
f 826//826 809//809 801//801
f 827//827 818//818 802//802
f 823//823 824//824 805//805
f 832//832 825//825 806//806
f 810//810 834//834 811//811
f 834//834 812//812 811//811
f 835//835 816//816 815//815
f 827//827 836//836 818//818
f 829//829 837//837 820//820
f 837//837 830//830 820//820
f 838//838 831//831 822//822
f 825//825 839//839 808//808
f 839//839 826//826 808//808
f 834//834 840//840 812//812
f 840//840 813//813 812//812
f 840//840 814//814 813//813
f 841//841 827//827 817//817
f 831//831 842//842 823//823
f 842//842 824//824 823//823
f 843//843 832//832 824//824
f 844//844 825//825 832//832
f 844//844 839//839 825//825
f 839//839 845//845 826//826
f 845//845 833//833 826//826
f 845//845 834//834 833//833
f 846//846 840//840 834//834
f 847//847 835//835 840//840
f 847//847 841//841 835//835
f 841//841 848//848 827//827
f 848//848 836//836 827//827
f 836//836 849//849 828//828
f 849//849 829//829 828//828
f 829//829 849//849 837//837
f 837//837 850//850 830//830
f 830//830 850//850 838//838
f 851//851 831//831 838//838
f 851//851 842//842 831//831
f 843//843 824//824 842//842
f 843//843 852//852 844//844
f 844//844 852//852 845//845
f 845//845 852//852 846//846
f 846//846 852//852 847//847
f 847//847 852//852 848//848
f 848//848 852//852 849//849
f 849//849 852//852 850//850
f 850//850 852//852 851//851
f 851//851 852//852 843//843
usemtl field_material_05
f 865//865 855//855 856//856
f 864//864 855//855 854//854
f 856//856 857//857 859//859
f 853//853 857//857 855//855
f 857//857 862//862 859//859
f 858//858 853//853 860//860
f 856//856 859//859 862//862
f 860//860 853//853 861//861
f 856//856 862//862 865//865
f 863//863 864//864 854//854
f 863//863 865//865 862//862
f 861//861 853//853 864//864
f 877//877 869//869 870//870
f 876//876 877//877 870//870
f 868//868 869//869 867//867
f 868//868 866//866 871//871
f 869//869 873//873 870//870
f 876//876 870//870 873//873
f 869//869 871//871 872//872
f 871//871 866//866 874//874
f 873//873 875//875 876//876
f 874//874 875//875 872//872
f 875//875 866//866 867//867
f 875//875 877//877 876//876
f 879//879 878//878 881//881
f 880//880 885//885 882//882
f 881//881 878//878 884//884
f 887//887 882//882 885//885
f 880//880 884//884 883//883
f 885//885 886//886 887//887
f 884//884 886//886 883//883
f 887//887 889//889 890//890
f 878//878 889//889 886//886
f 887//887 890//890 882//882
f 889//889 882//882 890//890
f 888//888 878//878 879//879
f 892//892 895//895 893//893
f 902//902 891//891 894//894
f 900//900 892//892 893//893
f 902//902 895//895 892//892
f 895//895 897//897 893//893
f 900//900 893//893 897//897
f 895//895 891//891 896//896
f 897//897 899//899 900//900
f 898//898 899//899 896//896
f 900//900 901//901 903//903
f 898//898 891//891 902//902
f 898//898 901//901 899//899
f 901//901 902//902 892//892
f 901//901 892//892 903//903
f 900//900 903//903 892//892
f 905//905 908//908 907//907
f 906//906 908//908 915//915
f 908//908 904//904 909//909
f 908//908 911//911 907//907
f 909//909 912//912 910//910
f 911//911 910//910 913//913
f 907//907 911//911 913//913
f 912//912 904//904 914//914
f 912//912 913//913 910//910
f 907//907 913//913 905//905
f 913//913 914//914 915//915
f 914//914 904//904 906//906
usemtl field_material_29
f 921//921 917//917 919//919
f 918//918 919//919 917//917
f 918//918 916//916 920//920
f 919//919 920//920 921//921
f 916//916 917//917 921//921
f 922//922 926//926 924//924
f 924//924 926//926 927//927
f 925//925 927//927 926//926
f 922//922 923//923 927//927
f 927//927 923//923 924//924
f 928//928 931//931 930//930
f 932//932 928//928 929//929
f 930//930 931//931 933//933
f 932//932 933//933 931//931
f 933//933 929//929 930//930
f 934//934 939//939 937//937
f 938//938 935//935 939//939
f 937//937 939//939 935//935
f 945//945 941//941 943//943
f 942//942 943//943 941//941
f 942//942 940//940 944//944
f 943//943 944//944 945//945
f 940//940 941//941 945//945
f 946//946 950//950 948//948
f 949//949 951//951 950//950
f 949//949 946//946 947//947
f 948//948 950//950 951//951
f 951//951 947//947 948//948
f 957//957 953//953 955//955
f 954//954 955//955 953//953
f 954//954 952//952 956//956
f 955//955 956//956 957//957
f 952//952 953//953 957//957
f 958//958 962//962 960//960
f 961//961 963//963 962//962
f 961//961 958//958 959//959
f 960//960 962//962 963//963
f 963//963 959//959 960//960
f 965//965 966//966 967//967
f 967//967 968//968 969//969
f 968//968 964//964 969//969
f 967//967 969//969 965//965
f 964//964 965//965 969//969
f 975//975 972//972 973//973
f 971//971 973//973 972//972
f 973//973 974//974 975//975
f 970//970 974//974 973//973
f 970//970 972//972 975//975
f 976//976 980//980 978//978
f 979//979 981//981 980//980
f 978//978 980//980 981//981
f 981//981 977//977 978//978
f 976//976 977//977 981//981
f 983//983 984//984 986//986
f 983//983 982//982 985//985
f 984//984 985//985 986//986
f 982//982 987//987 986//986
f 982//982 983//983 987//987
f 987//987 983//983 986//986
f 989//989 990//990 992//992
f 989//989 988//988 991//991
f 990//990 991//991 992//992
f 988//988 993//993 992//992
f 988//988 989//989 993//993
f 993//993 989//989 992//992
f 998//998 995//995 997//997
f 996//996 997//997 995//995
f 994//994 999//999 997//997
f 997//997 999//999 998//998
f 994//994 995//995 998//998
usemtl field_material_05
f 1001//1001 1000//1000 1006//1006
f 1000//1000 1003//1003 1002//1002
f 1005//1005 1004//1004 1002//1002
f 1004//1004 1007//1007 1006//1006
f 1000//1000 1002//1002 1006//1006
usemtl field_material_27
f 1010//1010 1009//1009 1012//1012
f 1010//1010 1013//1013 1011//1011
f 1029//1029 1014//1014 1016//1016
f 1012//1012 1016//1016 1013//1013
f 1009//1009 1008//1008 1015//1015
f 1013//1013 1016//1016 1014//1014
f 1029//1029 1016//1016 1019//1019
f 1015//1015 1018//1018 1016//1016
f 1015//1015 1008//1008 1020//1020
f 1016//1016 1018//1018 1019//1019
f 1017//1017 1022//1022 1018//1018
f 1017//1017 1020//1020 1021//1021
f 1029//1029 1019//1019 1025//1025
f 1021//1021 1024//1024 1022//1022
f 1020//1020 1008//1008 1026//1026
f 1022//1022 1025//1025 1019//1019
f 1021//1021 1026//1026 1023//1023
f 1023//1023 1027//1027 1024//1024
f 1023//1023 1026//1026 1027//1027
f 1027//1027 1029//1029 1025//1025
f 1026//1026 1028//1028 1027//1027
f 1029//1029 1011//1011 1014//1014
f 1008//1008 1010//1010 1028//1028
usemtl field_material_25
f 1031//1031 1034//1034 1032//1032
f 1031//1031 1033//1033 1045//1045
f 1043//1043 1030//1030 1034//1034
f 1032//1032 1035//1035 1033//1033
f 1032//1032 1034//1034 1035//1035
f 1035//1035 1037//1037 1039//1039
f 1034//1034 1030//1030 1036//1036
f 1033//1033 1035//1035 1039//1039
f 1034//1034 1037//1037 1035//1035
f 1036//1036 1038//1038 1037//1037
f 1033//1033 1039//1039 1041//1041
f 1038//1038 1030//1030 1040//1040
f 1038//1038 1041//1041 1039//1039
f 1033//1033 1041//1041 1045//1045
f 1041//1041 1044//1044 1045//1045
f 1042//1042 1030//1030 1043//1043
f 1043//1043 1031//1031 1044//1044
f 1047//1047 1049//1049 1048//1048
f 1059//1059 1046//1046 1050//1050
f 1057//1057 1048//1048 1049//1049
f 1047//1047 1050//1050 1051//1051
f 1049//1049 1052//1052 1055//1055
f 1050//1050 1046//1046 1053//1053
f 1057//1057 1049//1049 1055//1055
f 1050//1050 1052//1052 1051//1051
f 1053//1053 1054//1054 1052//1052
f 1054//1054 1057//1057 1055//1055
f 1054//1054 1046//1046 1056//1056
f 1056//1056 1058//1058 1057//1057
f 1056//1056 1046//1046 1058//1058
f 1058//1058 1060//1060 1048//1048
f 1057//1057 1058//1058 1048//1048
f 1046//1046 1060//1060 1058//1058
f 1059//1059 1047//1047 1060//1060
f 1069//1069 1064//1064 1066//1066
f 1063//1063 1061//1061 1065//1065
f 1063//1063 1066//1066 1064//1064
f 1065//1065 1067//1067 1068//1068
f 1066//1066 1068//1068 1069//1069
f 1067//1067 1071//1071 1068//1068
f 1069//1069 1071//1071 1072//1072
f 1067//1067 1061//1061 1070//1070
f 1071//1071 1070//1070 1073//1073
f 1070//1070 1061//1061 1074//1074
f 1069//1069 1072//1072 1075//1075
f 1073//1073 1074//1074 1075//1075
f 1073//1073 1075//1075 1072//1072
f 1075//1075 1076//1076 1064//1064
f 1074//1074 1061//1061 1062//1062
f 1069//1069 1075//1075 1064//1064
f 1074//1074 1076//1076 1075//1075
f 1062//1062 1063//1063 1076//1076
f 1078//1078 1080//1080 1091//1091
f 1078//1078 1077//1077 1079//1079
f 1079//1079 1081//1081 1080//1080
f 1079//1079 1077//1077 1081//1081
f 1081//1081 1082//1082 1085//1085
f 1080//1080 1081//1081 1085//1085
f 1077//1077 1082//1082 1081//1081
f 1083//1083 1084//1084 1082//1082
f 1084//1084 1086//1086 1087//1087
f 1084//1084 1088//1088 1085//1085
f 1083//1083 1077//1077 1086//1086
f 1080//1080 1085//1085 1088//1088
f 1087//1087 1086//1086 1090//1090
f 1080//1080 1088//1088 1091//1091
f 1088//1088 1090//1090 1091//1091
f 1086//1086 1077//1077 1089//1089
f 1089//1089 1078//1078 1090//1090
f 1093//1093 1094//1094 1095//1095
f 1107//1107 1096//1096 1097//1097
f 1095//1095 1098//1098 1097//1097
f 1095//1095 1097//1097 1096//1096
f 1094//1094 1092//1092 1098//1098
f 1107//1107 1097//1097 1101//1101
f 1098//1098 1099//1099 1097//1097
f 1097//1097 1099//1099 1101//1101
f 1098//1098 1092//1092 1102//1102
f 1098//1098 1100//1100 1099//1099
f 1100//1100 1105//1105 1101//1101
f 1107//1107 1101//1101 1105//1105
f 1100//1100 1102//1102 1103//1103
f 1102//1102 1092//1092 1104//1104
f 1105//1105 1106//1106 1107//1107
f 1107//1107 1093//1093 1096//1096
f 1092//1092 1093//1093 1106//1106
usemtl field_material_05
f 5//5 4//4 9//9
f 2//2 7//7 8//8
f 3//3 8//8 9//9
f 8//8 12//12 13//13
f 9//9 13//13 14//14
f 7//7 11//11 12//12
f 12//12 16//16 17//17
f 14//14 13//13 17//17
f 11//11 15//15 16//16
f 16//16 20//20 21//21
f 17//17 21//21 22//22
f 15//15 19//19 20//20
f 20//20 24//24 25//25
f 22//22 21//21 25//25
f 19//19 23//23 24//24
f 24//24 28//28 29//29
f 25//25 29//29 30//30
f 23//23 27//27 28//28
f 28//28 32//32 33//33
f 30//30 29//29 33//33
f 27//27 31//31 32//32
f 32//32 3//3 4//4
f 33//33 4//4 5//5
f 31//31 2//2 3//3
f 35//35 38//38 36//36
f 37//37 38//38 39//39
f 39//39 42//42 40//40
f 35//35 42//42 38//38
f 41//41 42//42 35//35
f 41//41 36//36 37//37
usemtl field_material_23
f 44//44 46//46 45//45
f 46//46 48//48 47//47
f 48//48 50//50 49//49
f 50//50 52//52 51//51
f 52//52 54//54 53//53
f 54//54 56//56 55//55
f 55//55 56//56 58//58
f 58//58 60//60 59//59
f 60//60 61//61 59//59
usemtl field_material_05
f 63//63 65//65 64//64
f 65//65 63//63 62//62
usemtl field_material_23
f 66//66 67//67 69//69
f 69//69 71//71 70//70
f 70//70 71//71 73//73
f 73//73 75//75 74//74
f 75//75 77//77 76//76
f 76//76 77//77 79//79
f 79//79 81//81 80//80
f 81//81 83//83 82//82
usemtl field_material_05
f 85//85 87//87 88//88
f 87//87 85//85 86//86
usemtl field_material_23
f 90//90 92//92 91//91
f 92//92 94//94 93//93
f 94//94 96//96 95//95
f 96//96 98//98 97//97
f 97//97 98//98 100//100
f 100//100 102//102 101//101
f 102//102 104//104 103//103
f 104//104 106//106 105//105
usemtl field_material_05
f 108//108 110//110 111//111
f 110//110 108//108 109//109
f 113//113 115//115 114//114
f 115//115 117//117 116//116
f 117//117 119//119 118//118
f 119//119 121//121 120//120
f 117//117 115//115 113//113
f 113//113 123//123 121//121
f 121//121 119//119 113//113
f 121//121 123//123 122//122
f 123//123 113//113 112//112
f 122//122 112//112 114//114
f 114//114 116//116 118//118
f 118//118 120//120 114//114
usemtl field_material_07
f 125//125 127//127 126//126
f 127//127 129//129 128//128
f 129//129 131//131 130//130
f 131//131 133//133 132//132
f 133//133 135//135 134//134
f 134//134 135//135 137//137
f 136//136 137//137 139//139
f 139//139 141//141 140//140
usemtl field_material_05
f 146//146 143//143 145//145
f 144//144 145//145 143//143
usemtl field_material_07
f 148//148 150//150 149//149
f 150//150 152//152 151//151
f 152//152 154//154 153//153
f 154//154 156//156 155//155
f 156//156 158//158 157//157
f 158//158 160//160 159//159
f 160//160 162//162 161//161
f 162//162 164//164 163//163
usemtl field_material_05
f 167//167 169//169 166//166
f 169//169 167//167 168//168
usemtl field_material_07
f 171//171 173//173 172//172
f 173//173 175//175 174//174
f 175//175 177//177 176//176
f 176//176 177//177 179//179
f 179//179 181//181 180//180
f 180//180 181//181 183//183
f 183//183 185//185 184//184
f 185//185 187//187 186//186
f 187//187 188//188 186//186
usemtl field_material_05
f 189//189 191//191 190//190
f 191//191 189//189 192//192
f 194//194 196//196 195//195
f 195//195 196//196 198//198
f 198//198 200//200 199//199
f 199//199 200//200 202//202
f 198//198 196//196 202//202
f 196//196 194//194 202//202
f 194//194 204//204 202//202
f 202//202 204//204 203//203
f 203//203 204//204 194//194
f 203//203 193//193 195//195
f 195//195 197//197 199//199
f 199//199 201//201 195//195
usemtl field_material_17
f 206//206 208//208 207//207
f 207//207 208//208 210//210
f 210//210 212//212 211//211
f 212//212 214//214 213//213
f 213//213 214//214 216//216
f 216//216 218//218 217//217
f 217//217 218//218 220//220
f 220//220 222//222 221//221
f 222//222 223//223 221//221
usemtl field_material_05
f 225//225 227//227 226//226
f 227//227 225//225 224//224
usemtl field_material_17
f 228//228 229//229 231//231
f 230//230 231//231 233//233
f 232//232 233//233 235//235
f 235//235 237//237 236//236
f 236//236 237//237 239//239
f 238//238 239//239 241//241
f 240//240 241//241 243//243
f 243//243 245//245 244//244
usemtl field_material_05
f 248//248 250//250 249//249
f 250//250 248//248 247//247
usemtl field_material_17
f 252//252 254//254 253//253
f 253//253 254//254 256//256
f 255//255 256//256 258//258
f 258//258 260//260 259//259
f 260//260 262//262 261//261
f 262//262 264//264 263//263
f 264//264 266//266 265//265
f 265//265 266//266 268//268
f 268//268 269//269 267//267
usemtl field_material_05
f 271//271 273//273 270//270
f 273//273 271//271 272//272
f 274//274 275//275 276//276
f 276//276 278//278 277//277
f 277//277 278//278 280//280
f 280//280 283//283 281//281
f 278//278 276//276 275//275
f 283//283 280//280 278//278
f 282//282 283//283 275//275
f 274//274 277//277 279//279
f 279//279 281//281 274//274
usemtl field_material_23
f 285//285 287//287 286//286
f 287//287 289//289 288//288
f 289//289 291//291 290//290
f 291//291 293//293 292//292
f 292//292 293//293 295//295
f 295//295 297//297 296//296
f 296//296 297//297 299//299
f 299//299 301//301 300//300
usemtl field_material_05
f 303//303 305//305 306//306
f 305//305 303//303 304//304
usemtl field_material_23
f 308//308 310//310 309//309
f 309//309 310//310 312//312
f 311//311 312//312 314//314
f 313//313 314//314 316//316
f 316//316 318//318 317//317
f 318//318 320//320 319//319
f 319//319 320//320 322//322
f 321//321 322//322 324//324
f 324//324 325//325 323//323
usemtl field_material_05
f 327//327 329//329 326//326
f 329//329 327//327 328//328
usemtl field_material_23
f 331//331 333//333 332//332
f 333//333 335//335 334//334
f 334//334 335//335 337//337
f 337//337 339//339 338//338
f 338//338 339//339 341//341
f 340//340 341//341 343//343
f 343//343 345//345 344//344
f 345//345 347//347 346//346
f 347//347 348//348 346//346
usemtl field_material_05
f 349//349 350//350 352//352
f 352//352 350//350 351//351
f 353//353 354//354 356//356
f 355//355 356//356 357//357
f 357//357 359//359 358//358
f 358//358 359//359 361//361
f 357//357 356//356 354//354
f 361//361 359//359 354//354
f 361//361 354//354 360//360
f 360//360 353//353 355//355
usemtl field_material_17
f 362//362 363//363 365//365
f 365//365 367//367 366//366
f 367//367 369//369 368//368
f 369//369 371//371 370//370
f 371//371 373//373 372//372
f 373//373 375//375 374//374
f 374//374 375//375 377//377
f 377//377 379//379 378//378
usemtl field_material_05
f 381//381 382//382 384//384
f 383//383 384//384 382//382
usemtl field_material_17
f 386//386 388//388 387//387
f 388//388 390//390 389//389
f 390//390 392//392 391//391
f 392//392 394//394 393//393
f 394//394 396//396 395//395
f 396//396 398//398 397//397
f 398//398 400//400 399//399
f 400//400 402//402 401//401
usemtl field_material_05
f 405//405 407//407 404//404
f 407//407 405//405 406//406
usemtl field_material_17
f 409//409 411//411 410//410
f 410//410 411//411 413//413
f 413//413 415//415 414//414
f 415//415 417//417 416//416
f 416//416 417//417 419//419
f 419//419 421//421 420//420
f 421//421 423//423 422//422
f 423//423 425//425 424//424
f 425//425 426//426 424//424
usemtl field_material_05
f 427//427 429//429 428//428
f 429//429 427//427 430//430
f 432//432 433//433 431//431
f 433//433 435//435 434//434
f 435//435 437//437 436//436
f 437//437 440//440 438//438
f 435//435 433//433 432//432
f 440//440 437//437 432//432
f 439//439 440//440 432//432
f 431//431 434//434 436//436
f 436//436 438//438 431//431
usemtl field_material_23
f 442//442 444//444 443//443
f 444//444 446//446 445//445
f 445//445 446//446 448//448
f 447//447 448//448 450//450
f 449//449 450//450 452//452
f 451//451 452//452 454//454
f 453//453 454//454 456//456
f 456//456 458//458 457//457
f 458//458 459//459 457//457
usemtl field_material_05
f 461//461 463//463 460//460
f 463//463 461//461 462//462
usemtl field_material_23
f 465//465 467//467 466//466
f 466//466 467//467 469//469
f 469//469 471//471 470//470
f 470//470 471//471 473//473
f 473//473 475//475 474//474
f 474//474 475//475 477//477
f 477//477 479//479 478//478
f 478//478 479//479 481//481
f 481//481 482//482 480//480
usemtl field_material_05
f 484//484 486//486 483//483
f 486//486 484//484 485//485
usemtl field_material_23
f 488//488 490//490 489//489
f 490//490 492//492 491//491
f 492//492 494//494 493//493
f 493//493 494//494 496//496
f 496//496 498//498 497//497
f 498//498 500//500 499//499
f 499//499 500//500 502//502
f 502//502 504//504 503//503
f 504//504 505//505 503//503
usemtl field_material_05
f 506//506 508//508 507//507
f 508//508 506//506 509//509
f 511//511 514//514 512//512
f 513//513 514//514 515//515
f 515//515 517//517 516//516
f 511//511 519//519 514//514
f 519//519 517//517 514//514
f 517//517 519//519 518//518
f 519//519 511//511 510//510
f 518//518 510//510 513//513
f 510//510 512//512 513//513
usemtl field_material_07
f 520//520 521//521 523//523
f 522//522 523//523 525//525
f 525//525 527//527 526//526
f 527//527 529//529 528//528
f 528//528 529//529 531//531
f 530//530 531//531 533//533
f 532//532 533//533 535//535
f 534//534 535//535 537//537
f 537//537 538//538 536//536
usemtl field_material_05
f 539//539 541//541 542//542
f 541//541 539//539 540//540
usemtl field_material_07
f 544//544 546//546 545//545
f 546//546 548//548 547//547
f 548//548 550//550 549//549
f 549//549 550//550 552//552
f 551//551 552//552 554//554
f 553//553 554//554 556//556
f 556//556 558//558 557//557
f 558//558 560//560 559//559
f 560//560 561//561 559//559
usemtl field_material_05
f 563//563 565//565 562//562
f 565//565 563//563 564//564
usemtl field_material_07
f 567//567 569//569 568//568
f 569//569 571//571 570//570
f 570//570 571//571 573//573
f 573//573 575//575 574//574
f 574//574 575//575 577//577
f 577//577 579//579 578//578
f 578//578 579//579 581//581
f 581//581 583//583 582//582
f 583//583 584//584 582//582
usemtl field_material_05
f 586//586 588//588 585//585
f 588//588 586//586 587//587
f 589//589 591//591 590//590
f 591//591 593//593 592//592
f 593//593 596//596 594//594
f 593//593 591//591 589//589
f 589//589 598//598 593//593
f 598//598 596//596 593//593
f 595//595 596//596 598//598
f 598//598 589//589 597//597
f 597//597 590//590 594//594
f 590//590 592//592 594//594
usemtl field_material_17
f 600//600 602//602 601//601
f 602//602 604//604 603//603
f 604//604 606//606 605//605
f 606//606 608//608 607//607
f 608//608 610//610 609//609
f 610//610 612//612 611//611
f 612//612 614//614 613//613
f 614//614 616//616 615//615
f 616//616 617//617 615//615
usemtl field_material_05
f 619//619 621//621 618//618
f 621//621 619//619 620//620
usemtl field_material_17
f 623//623 625//625 624//624
f 624//624 625//625 627//627
f 627//627 629//629 628//628
f 628//628 629//629 631//631
f 631//631 633//633 632//632
f 633//633 635//635 634//634
f 634//634 635//635 637//637
f 637//637 639//639 638//638
f 639//639 640//640 638//638
usemtl field_material_05
f 641//641 643//643 644//644
f 643//643 641//641 642//642
usemtl field_material_17
f 646//646 648//648 647//647
f 648//648 650//650 649//649
f 649//649 650//650 652//652
f 651//651 652//652 654//654
f 653//653 654//654 656//656
f 656//656 658//658 657//657
f 658//658 660//660 659//659
f 660//660 662//662 661//661
usemtl field_material_05
f 665//665 666//666 664//664
f 666//666 665//665 667//667
f 668//668 669//669 670//670
f 670//670 672//672 671//671
f 671//671 672//672 674//674
f 674//674 677//677 675//675
f 672//672 670//670 669//669
f 669//669 677//677 672//672
f 676//676 677//677 669//669
f 668//668 671//671 676//676
f 671//671 673//673 676//676
usemtl field_material_17
f 679//679 681//681 680//680
f 681//681 683//683 682//682
f 682//682 683//683 685//685
f 685//685 687//687 686//686
f 686//686 687//687 689//689
f 689//689 691//691 690//690
f 691//691 693//693 692//692
f 693//693 695//695 694//694
f 695//695 696//696 694//694
usemtl field_material_05
f 698//698 700//700 699//699
f 700//700 698//698 697//697
usemtl field_material_17
f 701//701 702//702 704//704
f 704//704 706//706 705//705
f 705//705 706//706 708//708
f 707//707 708//708 710//710
f 710//710 712//712 711//711
f 711//711 712//712 714//714
f 714//714 716//716 715//715
f 715//715 716//716 718//718
usemtl field_material_05
f 720//720 721//721 723//723
f 723//723 721//721 722//722
usemtl field_material_17
f 724//724 725//725 727//727
f 726//726 727//727 729//729
f 728//728 729//729 731//731
f 730//730 731//731 733//733
f 733//733 735//735 734//734
f 734//734 735//735 737//737
f 736//736 737//737 739//739
f 739//739 741//741 740//740
f 741//741 742//742 740//740
usemtl field_material_05
f 743//743 745//745 744//744
f 745//745 743//743 746//746
f 747//747 748//748 750//750
f 749//749 750//750 752//752
f 748//748 752//752 750//750
f 752//752 748//748 751//751
usemtl field_material_15
f 754//754 759//759 760//760
f 754//754 760//760 761//761
f 761//761 769//769 754//754
f 769//769 762//762 755//755
f 762//762 763//763 755//755
f 756//756 763//763 764//764
f 756//756 764//764 765//765
f 757//757 765//765 766//766
f 757//757 766//766 767//767
f 767//767 768//768 758//758
f 768//768 759//759 758//758
f 766//766 765//765 770//770
f 766//766 770//770 767//767
f 768//768 771//771 759//759
f 759//759 772//772 773//773
f 773//773 774//774 761//761
f 774//774 775//775 761//761
f 775//775 776//776 762//762
f 776//776 777//777 762//762
f 777//777 778//778 763//763
f 778//778 779//779 764//764
f 779//779 780//780 765//765
f 765//765 780//780 770//770
f 781//781 782//782 771//771
f 771//771 782//782 783//783
f 783//783 772//772 759//759
f 773//773 784//784 785//785
f 786//786 776//776 775//775
f 777//777 787//787 788//788
f 779//779 789//789 790//790
f 790//790 797//797 780//780
f 780//780 791//791 770//770
f 770//770 791//791 792//792
f 792//792 798//798 781//781
f 798//798 799//799 782//782
f 782//782 799//799 800//800
f 783//783 800//800 793//793
f 785//785 801//801 794//794
f 790//790 802//802 797//797
f 792//792 803//803 798//798
f 799//799 804//804 800//800
f 805//805 806//806 793//793
f 806//806 807//807 784//784
f 807//807 808//808 785//785
f 794//794 809//809 810//810
f 810//810 811//811 795//795
f 811//811 812//812 795//795
f 812//812 813//813 787//787
f 813//813 814//814 788//788
f 814//814 815//815 796//796
f 815//815 816//816 789//789
f 816//816 817//817 790//790
f 802//802 818//818 797//797
f 791//791 819//819 820//820
f 821//821 822//822 799//799
f 804//804 823//823 800//800
f 823//823 805//805 793//793
f 805//805 824//824 806//806
f 806//806 825//825 807//807
f 807//807 825//825 808//808
f 808//808 826//826 801//801
f 817//817 827//827 802//802
f 818//818 828//828 819//819
f 828//828 829//829 819//819
f 819//819 829//829 820//820
f 820//820 830//830 803//803
f 803//803 830//830 821//821
f 822//822 831//831 804//804
f 804//804 831//831 823//823
f 824//824 832//832 806//806
f 809//809 833//833 810//810
f 810//810 833//833 834//834
f 814//814 835//835 815//815
f 835//835 841//841 816//816
f 816//816 841//841 817//817
f 818//818 836//836 828//828
f 821//821 838//838 822//822
f 826//826 833//833 809//809
f 840//840 835//835 814//814
f 830//830 838//838 821//821
f 843//843 844//844 832//832
f 839//839 844//844 845//845
f 845//845 846//846 834//834
f 846//846 847//847 840//840
f 847//847 848//848 841//841
f 848//848 849//849 836//836
f 837//837 849//849 850//850
f 850//850 851//851 838//838
f 851//851 843//843 842//842
usemtl field_material_05
f 865//865 854//854 855//855
f 864//864 853//853 855//855
f 856//856 855//855 857//857
f 853//853 858//858 857//857
f 857//857 860//860 862//862
f 857//857 858//858 860//860
f 860//860 861//861 863//863
f 862//862 860//860 863//863
f 863//863 861//861 864//864
f 863//863 854//854 865//865
f 877//877 867//867 869//869
f 868//868 871//871 869//869
f 869//869 872//872 873//873
f 872//872 871//871 874//874
f 873//873 872//872 875//875
f 874//874 866//866 875//875
f 875//875 867//867 877//877
f 867//867 866//866 868//868
f 882//882 879//879 880//880
f 879//879 881//881 880//880
f 880//880 883//883 885//885
f 880//880 881//881 884//884
f 885//885 883//883 886//886
f 884//884 878//878 886//886
f 887//887 886//886 889//889
f 878//878 888//888 889//889
f 889//889 888//888 879//879
f 889//889 879//879 882//882
f 902//902 894//894 895//895
f 895//895 896//896 897//897
f 895//895 894//894 891//891
f 896//896 891//891 898//898
f 897//897 896//896 899//899
f 900//900 899//899 901//901
f 898//898 902//902 901//901
f 905//905 915//915 908//908
f 906//906 904//904 908//908
f 908//908 909//909 911//911
f 909//909 910//910 911//911
f 909//909 904//904 912//912
f 912//912 914//914 913//913
f 913//913 915//915 905//905
f 915//915 914//914 906//906
usemtl field_material_29
f 917//917 916//916 918//918
f 918//918 920//920 919//919
f 920//920 916//916 921//921
f 923//923 922//922 924//924
f 926//926 922//922 925//925
f 925//925 922//922 927//927
f 929//929 928//928 930//930
f 931//931 928//928 932//932
f 932//932 929//929 933//933
f 935//935 936//936 937//937
f 935//935 934//934 936//936
f 936//936 934//934 937//937
f 939//939 934//934 938//938
f 938//938 934//934 935//935
f 941//941 940//940 942//942
f 942//942 944//944 943//943
f 944//944 940//940 945//945
f 947//947 946//946 948//948
f 950//950 946//946 949//949
f 949//949 947//947 951//951
f 953//953 952//952 954//954
f 954//954 956//956 955//955
f 956//956 952//952 957//957
f 959//959 958//958 960//960
f 962//962 958//958 961//961
f 961//961 959//959 963//963
f 965//965 964//964 966//966
f 966//966 964//964 968//968
f 967//967 966//966 968//968
f 972//972 970//970 971//971
f 971//971 970//970 973//973
f 974//974 970//970 975//975
f 977//977 976//976 978//978
f 980//980 976//976 979//979
f 979//979 976//976 981//981
f 983//983 985//985 984//984
f 985//985 982//982 986//986
f 989//989 991//991 990//990
f 991//991 988//988 992//992
f 995//995 994//994 996//996
f 996//996 994//994 997//997
f 999//999 994//994 998//998
usemtl field_material_05
f 1000//1000 1001//1001 1003//1003
f 1003//1003 1005//1005 1002//1002
f 1003//1003 1001//1001 1005//1005
f 1001//1001 1007//1007 1005//1005
f 1004//1004 1005//1005 1007//1007
f 1007//1007 1001//1001 1006//1006
f 1002//1002 1004//1004 1006//1006
usemtl field_material_27
f 1014//1014 1011//1011 1013//1013
f 1010//1010 1012//1012 1013//1013
f 1012//1012 1015//1015 1016//1016
f 1012//1012 1009//1009 1015//1015
f 1015//1015 1017//1017 1018//1018
f 1015//1015 1020//1020 1017//1017
f 1017//1017 1021//1021 1022//1022
f 1018//1018 1022//1022 1019//1019
f 1021//1021 1023//1023 1024//1024
f 1022//1022 1024//1024 1025//1025
f 1021//1021 1020//1020 1026//1026
f 1024//1024 1027//1027 1025//1025
f 1027//1027 1028//1028 1029//1029
f 1026//1026 1008//1008 1028//1028
f 1028//1028 1010//1010 1011//1011
f 1029//1029 1028//1028 1011//1011
f 1008//1008 1009//1009 1010//1010
usemtl field_material_25
f 1031//1031 1043//1043 1034//1034
f 1031//1031 1032//1032 1033//1033
f 1034//1034 1036//1036 1037//1037
f 1039//1039 1037//1037 1038//1038
f 1038//1038 1036//1036 1030//1030
f 1038//1038 1040//1040 1041//1041
f 1040//1040 1030//1030 1042//1042
f 1040//1040 1042//1042 1041//1041
f 1042//1042 1043//1043 1044//1044
f 1041//1041 1042//1042 1044//1044
f 1045//1045 1044//1044 1031//1031
f 1047//1047 1051//1051 1049//1049
f 1047//1047 1059//1059 1050//1050
f 1049//1049 1051//1051 1052//1052
f 1050//1050 1053//1053 1052//1052
f 1055//1055 1052//1052 1054//1054
f 1054//1054 1056//1056 1057//1057
f 1054//1054 1053//1053 1046//1046
f 1046//1046 1059//1059 1060//1060
f 1048//1048 1060//1060 1047//1047
f 1063//1063 1062//1062 1061//1061
f 1063//1063 1065//1065 1066//1066
f 1065//1065 1061//1061 1067//1067
f 1065//1065 1068//1068 1066//1066
f 1067//1067 1070//1070 1071//1071
f 1069//1069 1068//1068 1071//1071
f 1071//1071 1073//1073 1072//1072
f 1073//1073 1070//1070 1074//1074
f 1074//1074 1062//1062 1076//1076
f 1064//1064 1076//1076 1063//1063
f 1078//1078 1079//1079 1080//1080
f 1078//1078 1089//1089 1077//1077
f 1077//1077 1083//1083 1082//1082
f 1085//1085 1082//1082 1084//1084
f 1084//1084 1083//1083 1086//1086
f 1084//1084 1087//1087 1088//1088
f 1087//1087 1090//1090 1088//1088
f 1086//1086 1089//1089 1090//1090
f 1091//1091 1090//1090 1078//1078
f 1093//1093 1095//1095 1096//1096
f 1095//1095 1094//1094 1098//1098
f 1101//1101 1099//1099 1100//1100
f 1098//1098 1102//1102 1100//1100
f 1100//1100 1103//1103 1105//1105
f 1103//1103 1104//1104 1105//1105
f 1103//1103 1102//1102 1104//1104
f 1105//1105 1104//1104 1106//1106
f 1104//1104 1092//1092 1106//1106
f 1107//1107 1106//1106 1093//1093
f 1092//1092 1094//1094 1093//1093
