# Strawberry URP Gazebo mesh generated by export_gazebo_assets.py
mtllib plant_variant_06.mtl

o field_export_plant_variant_06
v 0.000000000 0.000000000 0.025000000
v 0.000000000 0.026450338 0.020225426
v 0.000000000 0.042797547 0.007725425
v 0.000000000 0.042797547 -0.007725425
v 0.000000000 0.026450338 -0.020225426
v 0.000000000 0.000000000 -0.025000000
v 0.018703211 0.018703211 0.020225426
v 0.030262435 0.030262435 0.007725425
v 0.030262435 0.030262435 -0.007725425
v 0.018703211 0.018703211 -0.020225426
v 0.026450334 0.000000000 0.020225426
v 0.042797547 0.000000000 0.007725425
v 0.042797547 0.000000000 -0.007725425
v 0.026450334 0.000000000 -0.020225426
v 0.018703211 -0.018703211 0.020225426
v 0.030262435 -0.030262435 0.007725425
v 0.030262435 -0.030262435 -0.007725425
v 0.018703211 -0.018703211 -0.020225426
v 0.000000000 -0.026450334 0.020225426
v 0.000000000 -0.042797547 0.007725425
v 0.000000000 -0.042797547 -0.007725425
v 0.000000000 -0.026450334 -0.020225426
v -0.018703211 -0.018703211 0.020225426
v -0.030262435 -0.030262435 0.007725425
v -0.030262435 -0.030262435 -0.007725425
v -0.018703211 -0.018703211 -0.020225426
v -0.026450334 0.000000000 0.020225426
v -0.042797547 0.000000000 0.007725425
v -0.042797547 0.000000000 -0.007725425
v -0.026450334 0.000000000 -0.020225426
v -0.018703211 0.018703211 0.020225426
v -0.030262435 0.030262435 0.007725425
v -0.030262435 0.030262435 -0.007725425
v -0.018703211 0.018703211 -0.020225426
v 0.002817236 -0.003425524 0.005415659
v -0.098186508 0.119386360 0.135639250
v -0.003273491 -0.005563460 0.002707839
v -0.104277238 0.117248416 0.132931441
v -0.006090719 -0.002137952 -0.002707794
v -0.107094467 0.120673925 0.127515808
v -0.002817221 0.003425498 -0.005415611
v -0.103820965 0.126237378 0.124807984
v 0.003273506 0.005563438 -0.002707794
v -0.097730234 0.128375322 0.127515808
v 0.006090734 0.002137929 0.002707839
v -0.094913006 0.124949805 0.132931441
v -0.136768416 0.117825232 0.140856430
v -0.088348426 0.157581538 0.136832505
v -0.143216684 0.124700151 0.144414693
v -0.093533501 0.165560931 0.140401974
v -0.160178438 0.123010136 0.148285255
v -0.088314280 0.182113126 0.142481059
v -0.161276117 0.134411737 0.150034189
v -0.099083364 0.185560703 0.145011112
v -0.176035345 0.134627461 0.151949257
v -0.096329473 0.200179666 0.145511702
v -0.173353165 0.149238899 0.151485309
v -0.111160420 0.200387880 0.146462232
v -0.184332550 0.152664453 0.151187479
v -0.112468384 0.211767450 0.145383283
v -0.179447830 0.169181630 0.148768052
v -0.129764646 0.210042402 0.144755334
v -0.185036317 0.177083820 0.146614879
v -0.136668131 0.216901064 0.142601863
v -0.173481956 0.211732700 0.138952196
v -0.101458140 0.122195132 0.131787732
v -0.164387465 0.199881017 0.144010827
v -0.101931095 0.122273810 0.128777787
v -0.165766343 0.199153945 0.141391724
v -0.099887915 0.123858787 0.129391715
v -0.163205922 0.201164320 0.142005637
v -0.089634404 0.167724922 0.139031738
v -0.040690284 0.168084592 0.140544817
v -0.090474270 0.175293997 0.142722279
v -0.040232979 0.175709352 0.144456893
v -0.101856828 0.182770610 0.145373851
v -0.029185407 0.183371380 0.147882879
v -0.097096436 0.190347701 0.147492662
v -0.034205057 0.190867618 0.149664029
v -0.106038757 0.197774723 0.147922546
v -0.025437534 0.198441058 0.150705352
v -0.097227521 0.205310449 0.147706628
v -0.034336142 0.205830365 0.149877995
v -0.102118999 0.212696105 0.145801783
v -0.029447578 0.213296890 0.148310810
v -0.090867527 0.220182270 0.143364176
v -0.040626235 0.220597610 0.145098791
v -0.090145960 0.227554426 0.139672950
v -0.041214835 0.227953911 0.141509578
v -0.065438218 0.242405608 0.131522983
v -0.065970525 0.152474329 0.131402925
v -0.066088893 0.230417907 0.143780634
v -0.064705454 0.152917296 0.128591731
v -0.066407993 0.230876252 0.140784338
v -0.062990829 0.152595803 0.130773410
v -0.063778572 0.230754137 0.141719356
v -0.157199949 0.072837152 0.141877502
v -0.147332400 0.120658122 0.138171911
v -0.164767757 0.074007310 0.145698220
v -0.154681593 0.123125501 0.142086923
v -0.174445927 0.064793453 0.149571076
v -0.159856796 0.135840371 0.144347519
v -0.180854902 0.071233086 0.151141375
v -0.168229163 0.132718593 0.146620810
v -0.189983070 0.064132906 0.152422622
v -0.173802003 0.142932355 0.146629095
v -0.195514321 0.074240938 0.151108846
v -0.182888597 0.135726437 0.146588281
v -0.203764766 0.070809141 0.149506032
v -0.189175650 0.141856059 0.144282475
v -0.208746046 0.083030850 0.145600647
v -0.198659882 0.132149041 0.141989350
v -0.215831429 0.084865719 0.141698569
v -0.205994546 0.132691979 0.138002291
v -0.225229815 0.110943377 0.130044952
v -0.137381554 0.091678217 0.131402925
v -0.213315666 0.109556809 0.143543884
v -0.137549996 0.093007982 0.128591731
v -0.214090064 0.106961302 0.142006636
v -0.213713914 0.109727919 0.140784338
v -0.136876881 0.094617382 0.130773410
v 0.004955247 0.001823463 0.004595704
v -0.152715340 -0.056196723 0.197623253
v 0.004571147 -0.004777474 0.002297856
v -0.153099447 -0.062797666 0.195325404
v -0.000384107 -0.006600928 -0.002297841
v -0.158054695 -0.064621113 0.190729707
v -0.004955277 -0.001823444 -0.004595689
v -0.162625864 -0.059843630 0.188431859
v -0.004571177 0.004777495 -0.002297841
v -0.162241757 -0.053242691 0.190729707
v 0.000384077 0.006600946 0.002297856
v -0.157286510 -0.051419239 0.195325404
v -0.164677590 -0.093125910 0.205360040
v -0.186242938 -0.034380484 0.200339213
v -0.173266530 -0.096839756 0.209418491
v -0.195457354 -0.036535896 0.204404935
v -0.177239314 -0.113303453 0.213933304
v -0.209337175 -0.026077040 0.206681445
v -0.188347906 -0.110523462 0.215893745
v -0.216126055 -0.035035886 0.209617838
v -0.193410575 -0.124338359 0.218169272
v -0.229010910 -0.027593940 0.210126102
v -0.206321329 -0.116996884 0.217583746
v -0.234099507 -0.041509308 0.211307839
v -0.213186190 -0.126250297 0.217313305
v -0.245284051 -0.039023876 0.210061446
v -0.227186844 -0.116260007 0.214488491
v -0.249377653 -0.055956155 0.209474921
v -0.236521244 -0.119001694 0.212083131
v -0.258154124 -0.060283478 0.207061127
v -0.265471101 -0.096892610 0.203189388
v -0.157017231 -0.059603859 0.193579838
v -0.251033753 -0.093410365 0.206353858
v -0.157855242 -0.058088105 0.191388220
v -0.251315683 -0.093607366 0.203581706
v -0.157975346 -0.056780443 0.194212228
v -0.252139479 -0.090942159 0.204809576
v -0.195704773 -0.031592347 0.206106350
v -0.179934025 0.014664292 0.203017980
v -0.202878043 -0.029555513 0.210692868
v -0.186739877 0.017963242 0.207710207
v -0.213482767 -0.037549607 0.215104878
v -0.190139741 0.031183813 0.210790604
v -0.218939856 -0.030382028 0.217296273
v -0.198738307 0.029101316 0.213562608
v -0.228840500 -0.036293413 0.218893290
v -0.202950314 0.039940085 0.214108258
v -0.233081982 -0.025536278 0.217978835
v -0.212880433 0.033947065 0.214245170
v -0.241767019 -0.027858108 0.216470003
v -0.218423992 0.040875312 0.212155730
v -0.245304435 -0.015018266 0.212740555
v -0.229166269 0.032500491 0.209757894
v -0.252253115 -0.012217480 0.208783388
v -0.236537099 0.034056481 0.205700651
v -0.258724600 0.015089377 0.197136298
v -0.247499496 0.011083253 0.206806630
v -0.174164400 -0.013822588 0.191224784
v -0.248370290 0.009766543 0.204199433
v -0.173686102 -0.013985028 0.194508120
v -0.247327149 0.012683124 0.204523295
v -0.128816485 -0.128067315 0.202069893
v -0.170792267 -0.102943093 0.199890658
v -0.132350013 -0.135011852 0.205081105
v -0.175479442 -0.109264702 0.203006148
v -0.126769751 -0.147349209 0.207897559
v -0.189154238 -0.110107288 0.204896256
v -0.134929374 -0.151371747 0.209035277
v -0.188918233 -0.119141802 0.206437886
v -0.131194413 -0.162369609 0.209610105
v -0.200386211 -0.121063918 0.206281289
v -0.142563730 -0.164220780 0.208283082
v -0.196552575 -0.131990850 0.205685690
v -0.142038450 -0.173047274 0.206393182
v -0.204422936 -0.135805368 0.203391880
v -0.155253083 -0.173558965 0.202824533
v -0.198382512 -0.147811830 0.200749576
v -0.159332052 -0.179432586 0.198864415
v -0.201339960 -0.154342711 0.196962297
v -0.187271118 -0.179170012 0.188528463
v -0.139973104 -0.103042819 0.192810580
v -0.180238679 -0.169596791 0.206206843
v -0.142461419 -0.101776361 0.191588283
v -0.181549713 -0.169317827 0.203395635
v -0.142168656 -0.101456687 0.194347844
v -0.182847559 -0.168152153 0.205577314
v 0.000360202 0.003927119 0.005783446
v -0.019959174 -0.217606395 0.157476187
v 0.006216940 0.001409858 0.002891734
v -0.014102437 -0.220123649 0.154584467
v 0.005856739 -0.002517246 -0.002891704
v -0.014462637 -0.224050760 0.148801029
v -0.000360198 -0.003927089 -0.005783416
v -0.020679574 -0.225460589 0.145909309
v -0.006216936 -0.001409829 -0.002891704
v -0.026536312 -0.222943336 0.148801029
v -0.005856736 0.002517276 0.002891734
v -0.026176112 -0.219016224 0.154584467
v 0.008688349 -0.243629605 0.160680920
v -0.053702131 -0.237849981 0.156775013
v 0.008473381 -0.253248900 0.163496524
v -0.055591837 -0.247372732 0.159592465
v 0.021758068 -0.264138311 0.166628242
v -0.070908964 -0.255638748 0.160981223
v 0.014555320 -0.273132741 0.167721659
v -0.065640673 -0.265777051 0.162834615
v 0.024934083 -0.283722162 0.169005573
v -0.077844627 -0.274295151 0.162742361
v 0.012786698 -0.292227209 0.168004766
v -0.067409292 -0.284871489 0.163117707
v 0.018220823 -0.302327156 0.167194426
v -0.074446201 -0.293827593 0.161547408
v 0.003167514 -0.310532182 0.164345801
v -0.060897704 -0.304656029 0.160441741
v 0.001620314 -0.319939315 0.161774546
v -0.060775846 -0.314240038 0.157873005
v -0.030892525 -0.336083770 0.153414324
v -0.020299783 -0.221319899 0.153479949
v -0.030866841 -0.320930421 0.164152354
v -0.018761180 -0.221737444 0.151186183
v -0.027731838 -0.321340770 0.163133129
v -0.021848911 -0.221493423 0.150860831
v -0.060430124 -0.243443042 0.167312860
v -0.095337927 -0.209472090 0.162278652
v -0.065321155 -0.248660222 0.172609612
v -0.101187587 -0.213779539 0.167679414
v -0.062648326 -0.261306971 0.178121954
v -0.114527255 -0.210853904 0.170990691
v -0.071439028 -0.262926936 0.180717438
v -0.116336152 -0.219263762 0.174545884
v -0.070379958 -0.274261594 0.183171049
v -0.127919838 -0.218303159 0.175261617
v -0.081924826 -0.273479223 0.182343557
v -0.126821950 -0.229816049 0.176172018
v -0.083619907 -0.282411575 0.181374222
v -0.135498852 -0.231958479 0.174242944
v -0.096778542 -0.280317068 0.177488014
v -0.132644981 -0.245436415 0.172557816
v -0.102370523 -0.285680592 0.173546895
v -0.137312815 -0.251687437 0.168933153
v -0.130044937 -0.280468643 0.161453009
v -0.121312633 -0.272961795 0.165471822
v -0.065907605 -0.218469068 0.151475757
v -0.120497741 -0.274313837 0.162864596
v -0.068035759 -0.216661692 0.150253475
v -0.067905925 -0.216226012 0.152872056
v -0.122765318 -0.271977395 0.163475737
v 0.056026064 -0.224926278 0.162002474
v 0.015319657 -0.252042085 0.164377347
v 0.061061896 -0.230879232 0.166371167
v 0.019306470 -0.258748263 0.169048890
v 0.074813284 -0.230953723 0.169339940
v 0.014416231 -0.271264851 0.173213139
v 0.075075164 -0.239935949 0.171804622
v 0.022806281 -0.274822026 0.175156578
v 0.086643755 -0.241264984 0.172017097
v 0.019656265 -0.285974801 0.176312938
v 0.083372951 -0.252387941 0.171600252
v 0.031104067 -0.287274003 0.174952194
v 0.091408856 -0.255857706 0.168931186
v 0.031011801 -0.296168804 0.172804400
v 0.085955247 -0.268235207 0.165758044
v 0.044199832 -0.296104223 0.168435767
v 0.089193299 -0.274733484 0.160909578
v 0.048529766 -0.301872730 0.163688034
v 0.076186255 -0.300527215 0.150486931
v 0.027939724 -0.224895000 0.151475772
v 0.070739828 -0.289848059 0.164872050
v 0.025727078 -0.226597875 0.150253475
v 0.069924675 -0.290912092 0.162060842
v 0.025564184 -0.226196200 0.153013021
v 0.068314455 -0.291583270 0.164242521
v -0.004044272 0.002406791 0.005181827
v 0.142542422 -0.084829226 0.160107225
v 0.001078092 0.006412860 0.002590917
v 0.147664785 -0.080823153 0.157516330
v 0.005122356 0.004006054 -0.002590902
v 0.151709050 -0.083229959 0.152334511
v 0.004044257 -0.002406813 -0.005181812
v 0.150630951 -0.089642830 0.149743587
v -0.001078106 -0.006412882 -0.002590902
v 0.145508587 -0.093648896 0.152334511
v -0.005122371 -0.004006077 0.002590917
v 0.141464323 -0.091242090 0.157516330
v 0.179761142 -0.069368944 0.163783908
v 0.147726998 -0.123087823 0.169213861
v 0.188667387 -0.073231079 0.168218240
v 0.155839115 -0.128393903 0.174005419
v 0.204450592 -0.065561146 0.170625269
v 0.156966209 -0.145351306 0.178996146
v 0.209633365 -0.075664803 0.173583373
v 0.168539375 -0.144716889 0.180827692
v 0.223711193 -0.070778474 0.173503727
v 0.171045393 -0.159275234 0.182788014
v 0.226128101 -0.085441753 0.173958257
v 0.185034126 -0.154493839 0.181202576
v 0.237440065 -0.085115045 0.171375036
v 0.189955682 -0.164905220 0.179745913
v 0.238151610 -0.102561928 0.169342890
v 0.205323339 -0.157724753 0.175130069
v 0.245702639 -0.108465321 0.165207878
v 0.213727415 -0.162213832 0.170665964
v 0.245549768 -0.145820349 0.157185420
v 0.147405192 -0.085731044 0.155477688
v 0.232880145 -0.137461290 0.168251693
v 0.146755725 -0.087336645 0.153286070
v 0.233210742 -0.137556195 0.165479556
v 0.145815685 -0.088253573 0.156110078
v 0.231659502 -0.139874727 0.166707411
v 0.150030896 -0.134256065 0.166634202
v 0.104296774 -0.151081294 0.161812827
v 0.153002411 -0.141414225 0.170251578
v 0.106060922 -0.158761010 0.165460497
v 0.165901333 -0.144872978 0.174149126
v 0.098002911 -0.169964224 0.167219073
v 0.163824737 -0.153772011 0.175371632
v 0.105064020 -0.175486490 0.169374213
v 0.174670428 -0.157791108 0.176634222
v 0.099363029 -0.185620248 0.168947980
v 0.169052362 -0.167785913 0.174892515
v 0.110291623 -0.189500391 0.168895110
v 0.176356554 -0.172900796 0.173190907
v 0.108458124 -0.197992027 0.166260853
v 0.168685243 -0.183455944 0.168814257
v 0.121743754 -0.200802714 0.164023176
v 0.170931086 -0.190277666 0.164673626
v 0.125220820 -0.207161486 0.159848228
v 0.153951511 -0.211650565 0.152069733
v 0.124127023 -0.126952231 0.155475184
v 0.150714874 -0.200179175 0.168104693
v 0.122945689 -0.127756312 0.153234333
v 0.149372980 -0.201145843 0.165234312
v 0.121297650 -0.127894536 0.156104699
v 0.147952631 -0.201303184 0.167475179
v 0.181627080 -0.021489594 0.167438269
v 0.188555896 -0.069779500 0.163193017
v 0.188788205 -0.020153996 0.171651185
v 0.195936829 -0.069740117 0.167469934
v 0.194483876 -0.008329652 0.176090643
v 0.204824001 -0.080053397 0.170042664
v 0.202505529 -0.012306467 0.178134963
v 0.211454093 -0.074377708 0.172900915
v 0.208609909 -0.002612829 0.180146739
v 0.220078319 -0.082162969 0.173438817
v 0.217273951 -0.010289658 0.179466665
v 0.226222500 -0.072360903 0.174232632
v 0.224020690 -0.004296035 0.178754032
v 0.234360814 -0.076019779 0.172706068
v 0.233093441 -0.014103573 0.175646290
v 0.240242064 -0.063689694 0.171465039
v 0.240687624 -0.013422552 0.172720298
v 0.247654110 -0.061706018 0.168483868
v 0.259189367 -0.034702726 0.162929654
v 0.247553706 -0.035756271 0.168704480
v 0.170294777 -0.045164794 0.155475184
v 0.170926675 -0.047131740 0.153234333
v 0.247677356 -0.034151901 0.166421130
v 0.170560226 -0.047836661 0.156245664
v 0.248168588 -0.037210219 0.166097254
v -0.003410041 -0.001621727 0.005894221
v 0.204204351 0.097114995 0.153173774
v -0.004308619 0.004663743 0.002947122
v 0.203305781 0.103400469 0.150226668
v -0.000898592 0.006285477 -0.002947085
v 0.206715792 0.105022207 0.144332469
v 0.003410026 0.001621742 -0.005894192
v 0.211024418 0.100358471 0.141385347
v 0.004308604 -0.004663728 -0.002947092
v 0.211923003 0.094072998 0.144332454
v 0.000898577 -0.006285463 0.002947114
v 0.208512962 0.092451259 0.150226653
v 0.211882606 0.135757357 0.158425301
v 0.238767490 0.079032615 0.159371555
v 0.220302612 0.140772954 0.162900686
v 0.247979358 0.082576923 0.164059997
v 0.222907349 0.158012509 0.166250378
v 0.262940317 0.073834978 0.167927250
v 0.234338373 0.156547934 0.168594465
v 0.268983752 0.083698921 0.170045659
v 0.238146752 0.170949727 0.169085294
v 0.282548070 0.077586874 0.170945138
v 0.251658380 0.164780959 0.168394476
v 0.286303759 0.091931947 0.169845685
v 0.257547379 0.174478576 0.165850431
v 0.297580332 0.090301037 0.167527303
v 0.272262633 0.165472031 0.162300766
v 0.299939394 0.107276008 0.163460061
v 0.281131864 0.168671310 0.157596752
v 0.308078885 0.111977950 0.158512026
v 0.311462402 0.148174047 0.146095663
v 0.206994846 0.100180946 0.146772981
v 0.297302663 0.142577678 0.160744697
v 0.208225444 0.097855777 0.145833731
v 0.207763851 0.097985409 0.148843661
v 0.298430443 0.140951857 0.158076316
v 0.247048259 0.078209341 0.159891784
v 0.235641256 0.030794153 0.164314434
v 0.254096210 0.077767648 0.165776327
v 0.242391631 0.029113419 0.170586497
v 0.263658345 0.087454222 0.169735417
v 0.246728256 0.017078407 0.176693082
v 0.269572049 0.081372544 0.173749566
v 0.254920423 0.020467825 0.179770857
v 0.278803408 0.088409871 0.174789339
v 0.260025948 0.010354746 0.182506204
v 0.284028530 0.078098282 0.175807789
v 0.269376874 0.017193563 0.181829080
v 0.292571306 0.080905698 0.173851877
v 0.275641233 0.010529883 0.180809528
v 0.297465652 0.067944862 0.171951011
v 0.285761088 0.019290633 0.176761180
v 0.304904908 0.065070868 0.167825013
v 0.293502897 0.017702442 0.172722697
v 0.314456433 0.036594406 0.159645259
v 0.227829576 0.057283297 0.148599818
v 0.303370386 0.038112517 0.161058635
v 0.228129044 0.056547411 0.145588472
v 0.304117501 0.039503146 0.158451438
v 0.227317423 0.054647561 0.147829339
v 0.303344667 0.036503606 0.158775300
v 0.171928227 0.164201185 0.158731297
v 0.216003418 0.143029585 0.156072244
v 0.174593329 0.170763969 0.162931845
v 0.219868794 0.149067566 0.160330400
v 0.167748660 0.181986034 0.167081758
v 0.233237267 0.150603309 0.163318917
v 0.175413013 0.186356276 0.169464171
v 0.232088238 0.159197003 0.166207731
v 0.170686215 0.196777120 0.171516985
v 0.243320838 0.161969960 0.167343542
v 0.181913897 0.199669078 0.171574771
v 0.238589108 0.172509804 0.168318331
v 0.180750445 0.208611637 0.171302944
v 0.246239036 0.177228928 0.167540103
v 0.194095984 0.210702389 0.169263616
v 0.239371449 0.189005986 0.166662171
v 0.197921067 0.217437893 0.167008817
v 0.242014050 0.196277842 0.164593980
v 0.226461440 0.221011430 0.159951270
v 0.186465740 0.141417518 0.148599833
v 0.221018225 0.211274937 0.161058635
v 0.187247992 0.141556382 0.145588472
v 0.219814688 0.212296486 0.158451438
v 0.188935950 0.140365198 0.147829339
v 0.222586140 0.210913122 0.158775285
v -0.001753639 -0.004378252 0.005172648
v 0.082090601 0.204952121 0.210779041
v -0.006504375 0.000064887 0.002586335
v 0.077339858 0.209395260 0.208192736
v -0.004750747 0.004443109 -0.002586290
v 0.079093486 0.213773474 0.203020111
v 0.001753625 0.004378177 -0.005172603
v 0.085597858 0.213708550 0.200433791
v 0.006504361 -0.000064962 -0.002586290
v 0.090348601 0.209265411 0.203020111
v 0.004750732 -0.004443184 0.002586335
v 0.088594973 0.204887182 0.208192736
v 0.060666125 0.238667011 0.215086013
v 0.118678942 0.215359837 0.220801547
v 0.062922537 0.247788280 0.219979808
v 0.122490980 0.223929003 0.226018026
v 0.052751783 0.261975080 0.222802222
v 0.138914451 0.227463886 0.231536180
v 0.061808322 0.268527567 0.226309478
v 0.136375293 0.238660842 0.233868048
v 0.054715812 0.281622916 0.226769835
v 0.150280416 0.243345886 0.236456841
v 0.068773739 0.286323994 0.227914423
v 0.143340707 0.256457269 0.235472977
v 0.066682614 0.297567934 0.226012066
v 0.152845278 0.263056725 0.234746039
v 0.083818786 0.301177561 0.224794596
v 0.143387228 0.277318269 0.230832815
v 0.088516459 0.309810430 0.221478507
v 0.146558627 0.286575913 0.227167606
v 0.125564396 0.316092670 0.215244621
v 0.082250111 0.209996954 0.205388427
v 0.119795553 0.302500546 0.218791068
v 0.084890902 0.209097952 0.204160556
v 0.121099293 0.302343428 0.215967059
v 0.084685974 0.208821669 0.206932679
v 0.122590676 0.301462740 0.218158677
v 0.128230482 0.219634190 0.216430947
v 0.152052999 0.176962227 0.213347062
v 0.134262249 0.223486230 0.220278785
v 0.158752233 0.179686382 0.217248440
v 0.135191560 0.236613020 0.224231198
v 0.170615047 0.173258796 0.219847977
v 0.144011110 0.235780850 0.226359233
v 0.174667329 0.180952772 0.222565889
v 0.146175161 0.247022063 0.228364915
v 0.185463995 0.176754713 0.223503396
v 0.157017842 0.242917866 0.228317469
v 0.187674075 0.188089803 0.224524140
v 0.161205038 0.250887066 0.228147671
v 0.196628511 0.187532842 0.223764449
v 0.173282459 0.244897306 0.226153493
v 0.197772428 0.201097444 0.223123163
v 0.180244565 0.248180717 0.224099845
v 0.204077363 0.205499902 0.221253604
v 0.205512270 0.234628335 0.217365012
v 0.126565278 0.193307698 0.206156179
v 0.194904253 0.230668902 0.218926668
v 0.127693698 0.191977307 0.203974500
v 0.195232093 0.230952442 0.216167107
v 0.127935365 0.190658882 0.206785694
v 0.196427494 0.228429228 0.217389405
v 0.011891987 0.233964473 0.216532439
v 0.058667142 0.248346284 0.218313962
v 0.008862432 0.240947485 0.221099496
v 0.056863889 0.255745173 0.223162785
v -0.004224945 0.244813263 0.224414051
v 0.065206677 0.266217351 0.227398485
v -0.001865312 0.253413945 0.227057874
v 0.058222272 0.271937490 0.229640663
v -0.012571033 0.257956684 0.227651432
v 0.064436868 0.281696349 0.230961516
v -0.006287262 0.267705590 0.227434084
v 0.053800326 0.286229163 0.230016887
v -0.013068840 0.273396611 0.225166485
v 0.056362778 0.294800699 0.228150919
v -0.004403412 0.283822477 0.222228155
v 0.043598048 0.298620164 0.224291444
v -0.005797109 0.291150063 0.217977762
v 0.040972229 0.305543125 0.219778001
v 0.013637792 0.312482446 0.207872078
v 0.039346285 0.226325780 0.206926659
v 0.018015757 0.301334202 0.219163403
v 0.039826587 0.226958632 0.203915313
v 0.015711965 0.300955862 0.217102125
v 0.018181276 0.301867604 0.216167107
v 0.041874729 0.227229267 0.206156179
v -0.000579067 0.000538424 0.040442869
v 0.144675270 -0.138238817 0.068830326
v 0.002953887 0.003757440 0.037721436
v 0.149978876 -0.132949591 0.066886440
v 0.003532946 0.003219023 0.032278571
v 0.150557935 -0.133488014 0.061443571
v -0.001357046 -0.002454754 0.030334681
v 0.147604048 -0.137245446 0.058722138
v 0.144071087 -0.140464455 0.061443571
v -0.003532961 -0.003219008 0.037721436
v 0.147024974 -0.136707023 -0.012765802
v 0.156709582 -0.135134488 -0.007656190
v 0.149467498 -0.127591461 -0.008044557
v 0.138966471 -0.131695747 -0.008053059
v 0.139153570 -0.142746970 -0.007615712
v 0.147024989 -0.146535814 -0.007478587
v 0.154127628 -0.143809691 -0.007375696
v 0.163933203 -0.134422868 -0.000486145
v 0.160525858 -0.126274765 -0.000486128
v 0.153470621 -0.121430792 -0.001161419
v 0.143210515 -0.121282838 -0.002424534
v 0.132798523 -0.127209544 -0.000630604
v 0.133697867 -0.147236824 -0.000601834
v 0.140359566 -0.152798831 -0.000021136
v 0.149037182 -0.153417841 -0.000782289
v 0.157320350 -0.149863839 -0.001059004
v 0.161836311 -0.144043013 -0.001275754
v 0.146657735 -0.117379837 0.002198530
v 0.134432435 -0.121074483 0.003414080
v 0.130637646 -0.136598513 -0.001603313
v 0.171521455 -0.143706396 0.009518340
v 0.172533393 -0.133521095 0.009456930
v 0.167541116 -0.121204481 0.009417879
v 0.157459706 -0.113106906 0.009156981
v 0.147024989 -0.111190610 0.009312334
v 0.136910230 -0.113063589 0.009442380
v 0.126188174 -0.121486090 0.009156981
v 0.121532649 -0.133617535 0.009024098
v 0.123341076 -0.146702126 0.009456933
v 0.130261481 -0.156412542 0.009966364
v 0.137076601 -0.160724610 0.009414841
v 0.147024974 -0.162223443 0.009312332
v 0.157139748 -0.160350472 0.009442384
v 0.167386383 -0.152556077 0.009126884
v 0.165966138 -0.111732394 0.020262467
v 0.155286059 -0.106960133 0.019916000
v 0.124766782 -0.115076028 0.020230666
v 0.121486634 -0.125415310 0.014315424
v 0.115988150 -0.141056553 0.020223487
v 0.139256179 -0.166741729 0.020216051
v 0.166058555 -0.161564663 0.020023463
v 0.173908144 -0.152154893 0.020287441
v 0.178339332 -0.140829638 0.020113058
v 0.175904423 -0.124492392 0.020001119
v 0.143755242 -0.105658390 0.019553980
v 0.131406724 -0.109727807 0.020133026
v 0.117990635 -0.124835834 0.019998685
v 0.121743992 -0.155364051 0.020057380
v 0.131430566 -0.163615584 0.020083478
v 0.150942817 -0.167806759 0.019989690
v 0.181471720 -0.136707008 0.033610988
v 0.155917957 -0.103285290 0.034533489
v 0.138380542 -0.103750467 0.031599239
v 0.112634413 -0.136388883 0.033283450
v 0.122667462 -0.161064550 0.033610955
v 0.179908201 -0.145661056 0.031636432
v 0.179979697 -0.127909079 0.031284194
v 0.176954195 -0.119864799 0.034149252
v 0.171343699 -0.112109207 0.034938086
v 0.164080516 -0.107162520 0.031305902
v 0.147024974 -0.102264300 0.033768322
v 0.129967913 -0.107163325 0.031303298
v 0.122548737 -0.112509064 0.034094304
v 0.117179751 -0.119475886 0.035790700
v 0.114073761 -0.127875999 0.031305905
v 0.113615558 -0.145424053 0.035160650
v 0.117292263 -0.153873205 0.032931056
v 0.129877105 -0.166407987 0.033574991
v 0.138051361 -0.170068979 0.035338212
v 0.147024944 -0.171275154 0.034762483
v 0.160623193 -0.168238163 0.031452451
v 0.174286366 -0.157625437 0.030862283
v 0.155777156 -0.169370443 0.041925568
v 0.178082213 -0.128149644 0.052757319
v 0.163080245 -0.108898476 0.052807257
v 0.138287857 -0.105738342 0.052958015
v 0.130969718 -0.108898476 0.052807257
v 0.116106026 -0.128225654 0.053061288
v 0.168133929 -0.163474083 0.041789174
v 0.175177917 -0.152471006 0.052479722
v 0.177955508 -0.144994840 0.053259015
v 0.178592607 -0.136707008 0.053945065
v 0.150949612 -0.105261318 0.054325908
v 0.119617932 -0.152347848 0.054083571
v 0.124765679 -0.158966333 0.054298703
v 0.131384179 -0.164114073 0.054083582
v 0.155195311 -0.167199016 0.053945053
v 0.165617317 -0.162299857 0.054518607
v 0.172455013 -0.118133366 0.054738194
v 0.122282915 -0.116919905 0.054325327
v 0.115573727 -0.140192017 0.054385405
v 0.143132523 -0.168163925 0.054301813
v 0.171637356 -0.133466721 0.064168893
v 0.166600317 -0.121686339 0.064173974
v 0.156525001 -0.113771923 0.064168893
v 0.139730692 -0.112724885 0.064187013
v 0.127045840 -0.122111350 0.064171895
v 0.122424707 -0.134056330 0.064171895
v 0.125420481 -0.149180382 0.064188085
v 0.137524948 -0.159642115 0.064168893
v 0.156724557 -0.160123900 0.064215772
v 0.169654787 -0.146711603 0.064171895
v 0.147024974 -0.136707023 0.065318972
v 0.160069734 -0.142318577 0.066587150
v 0.158623636 -0.125128448 0.065346979
v 0.157819152 -0.125612617 0.058736973
v 0.161447451 -0.130949259 0.065493576
v 0.160069749 -0.131095499 0.057742860
v 0.163030729 -0.128320709 0.062165003
v 0.161447451 -0.142464742 0.058836427
v 0.161759496 -0.148285598 0.062165000
v 0.157605499 -0.152522206 0.062164996
v 0.158623636 -0.148285598 0.058983020
v 0.157819152 -0.147801429 0.065593034
v 0.154188856 -0.136707023 0.062165000
v 0.155799836 -0.142464742 0.058836427
v 0.155799836 -0.130949259 0.065493576
v 0.157605499 -0.120891847 0.062164996
v 0.145779565 -0.126146108 0.066501752
v 0.139809176 -0.123012789 0.058736969
v 0.140306368 -0.121482573 0.065593041
v 0.146005869 -0.121211194 0.058836430
v 0.143995196 -0.118893132 0.062165000
v 0.156957701 -0.124769673 0.065493576
v 0.165964931 -0.129594892 0.062165003
v 0.161409184 -0.128339291 0.058736976
v 0.160911977 -0.129869506 0.065593041
v 0.157223165 -0.132458940 0.062165003
v 0.154240116 -0.128895104 0.057828259
v 0.135253415 -0.121757179 0.062165003
v 0.136596099 -0.134627998 0.066501752
v 0.130469486 -0.138392210 0.065593034
v 0.128298774 -0.137413561 0.062165000
v 0.130469501 -0.138392210 0.058736969
v 0.138741255 -0.123571612 0.058836434
v 0.138741255 -0.123571612 0.065493576
v 0.139005408 -0.120514408 0.062165000
v 0.147761092 -0.117693201 0.062165000
v 0.144813433 -0.121386811 0.065593041
v 0.144813433 -0.121386804 0.058736969
v 0.141229272 -0.132496208 0.062165000
v 0.129169226 -0.143282712 0.062164996
v 0.136596099 -0.134627983 0.057828255
v 0.133173183 -0.139834717 0.066587143
v 0.144447178 -0.152891815 0.065346979
v 0.144813448 -0.152027249 0.058736973
v 0.138741255 -0.149842441 0.065493576
v 0.138741270 -0.149842456 0.058836430
v 0.139005408 -0.152899653 0.062165003
v 0.127521843 -0.131328255 0.062165000
v 0.130469486 -0.135021850 0.058736973
v 0.131771177 -0.134076118 0.065593034
v 0.136277527 -0.134149447 0.062165000
v 0.136596099 -0.138786048 0.057828259
v 0.143310294 -0.146522850 0.065493576
v 0.147761092 -0.155720845 0.062164996
v 0.146978214 -0.150957078 0.066501752
v 0.161621049 -0.144160032 0.058983020
v 0.161409169 -0.145074770 0.065593034
v 0.156957686 -0.148644388 0.058836430
v 0.159946889 -0.149337888 0.062165000
v 0.140566319 -0.154298380 0.062165000
v 0.145719171 -0.150847390 0.057742860
v 0.135253415 -0.151656866 0.062165003
v 0.139809161 -0.150401264 0.065593034
v 0.139809161 -0.150401264 0.058736973
v 0.149238735 -0.143520281 0.062165000
v 0.155212492 -0.143273175 0.065493576
v 0.165335685 -0.141882539 0.062164996
v 0.155212477 -0.143273175 0.058836430
v 0.001452409 0.000664257 0.040263016
v -0.199676454 -0.091323689 0.107377186
v 0.002707303 -0.003999475 0.037631512
v -0.198421568 -0.095987424 0.104745686
v -0.000112842 -0.003044574 0.030488856
v -0.199873954 -0.096651688 0.099482670
v -0.202581257 -0.092652217 0.096851170
v -0.002707273 0.003999460 0.032368496
v -0.001254879 0.004663724 0.037631512
v -0.203392968 -0.087037548 0.102114186
v -0.201128840 -0.091987960 -0.000829984
v -0.192202732 -0.085138701 0.005970689
v -0.202278212 -0.080679245 0.006017894
v -0.211823374 -0.089122377 0.005491257
v -0.207778558 -0.101206921 0.006017885
v -0.197870746 -0.103013180 0.006310404
v -0.190502942 -0.096025050 0.006017890
v -0.181884214 -0.094246469 0.014972944
v -0.183895022 -0.085100636 0.013551931
v -0.191353440 -0.075935975 0.013601280
v -0.202472255 -0.072818071 0.014650420
v -0.211625159 -0.075322606 0.015454627
v -0.218425512 -0.084823430 0.013716164
v -0.216690093 -0.103650786 0.015157348
v -0.205567047 -0.110250689 0.013601268
v -0.185567603 -0.103650756 0.015157321
v -0.178333104 -0.088703334 0.020498263
v -0.185559601 -0.075338438 0.019816812
v -0.222606882 -0.072372332 0.028161023
v -0.223924577 -0.088703327 0.020498248
v -0.220373452 -0.094246469 0.014972925
v -0.210198328 -0.113883674 0.021412766
v -0.198386103 -0.114794776 0.020509614
v -0.193946525 -0.109734327 0.014686140
v -0.171563014 -0.095590495 0.028589450
v -0.172605291 -0.083717555 0.029297683
v -0.177597269 -0.073931552 0.028155200
v -0.189488292 -0.064741641 0.028374776
v -0.201296374 -0.062405184 0.028841278
v -0.212123349 -0.064145476 0.028664861
v -0.228814736 -0.080930375 0.028324863
v -0.230664074 -0.095876329 0.028504759
v -0.225079894 -0.110097982 0.028666290
v -0.215887085 -0.117549971 0.028668953
v -0.204837069 -0.121785186 0.028666278
v -0.189455584 -0.119326934 0.028328881
v -0.177536309 -0.110312343 0.028470922
v -0.170077264 -0.074060351 0.043308299
v -0.175372034 -0.066956505 0.043277424
v -0.191000924 -0.057789069 0.042706825
v -0.209839940 -0.057207663 0.043109473
v -0.218803868 -0.060741022 0.043256935
v -0.226627648 -0.066666819 0.043191012
v -0.232233718 -0.074111409 0.043343019
v -0.235658705 -0.082472019 0.042901106
v -0.236884058 -0.091987967 0.043062817
v -0.230934456 -0.104456946 0.035317939
v -0.226627648 -0.117309108 0.043191031
v -0.210431933 -0.126707703 0.043156240
v -0.196897492 -0.124128461 0.035382789
v -0.180850953 -0.117161199 0.035408027
v -0.171384260 -0.103890792 0.034859493
v -0.165180191 -0.086871490 0.042747483
v -0.183091834 -0.060746942 0.043124001
v -0.201128840 -0.055913936 0.043123998
v -0.234554648 -0.106133372 0.043002523
v -0.219165862 -0.123228967 0.043123994
v -0.196382523 -0.128039777 0.043375656
v -0.178481832 -0.120219991 0.042618886
v -0.167688891 -0.106067188 0.042986214
v -0.161665246 -0.091987967 0.058462493
v -0.190749809 -0.053943258 0.058499351
v -0.211338401 -0.053885404 0.058389489
v -0.239460096 -0.081243776 0.060859516
v -0.241008997 -0.091987953 0.061221927
v -0.211376756 -0.130089521 0.058428075
v -0.181291491 -0.126083836 0.058554087
v -0.162997127 -0.081733488 0.058114961
v -0.166477367 -0.072490387 0.061926857
v -0.172790945 -0.063972995 0.061857898
v -0.181382567 -0.057786420 0.058140475
v -0.201128855 -0.052111909 0.061426450
v -0.221142456 -0.057664804 0.060631461
v -0.229581773 -0.063907333 0.063277535
v -0.235788345 -0.072021358 0.063513726
v -0.239886865 -0.101862751 0.063535631
v -0.235913932 -0.111318201 0.061337557
v -0.229466736 -0.120002940 0.061857894
v -0.220903113 -0.126166344 0.058114953
v -0.201780900 -0.131777868 0.061337542
v -0.190808162 -0.130505279 0.061426461
v -0.173237249 -0.119938269 0.058123711
v -0.166927293 -0.111734219 0.058140472
v -0.162993863 -0.102204658 0.058089521
v -0.164072841 -0.091987953 0.087579407
v -0.164940268 -0.082792260 0.086547270
v -0.182380617 -0.059971374 0.087316260
v -0.190980360 -0.054242298 0.072986498
v -0.211245835 -0.054230858 0.072922558
v -0.219554365 -0.124394946 0.086917147
v -0.211277515 -0.129733682 0.072985873
v -0.181552306 -0.125813738 0.073010340
v -0.174256191 -0.117833249 0.086893201
v -0.168947697 -0.110567711 0.086977623
v -0.163377076 -0.102103502 0.073044345
v -0.169447377 -0.073853731 0.088687852
v -0.175184965 -0.066345483 0.088735633
v -0.200915694 -0.055510890 0.088735618
v -0.219416961 -0.060311995 0.088390060
v -0.236361355 -0.082618982 0.088898316
v -0.237605900 -0.092201121 0.088735662
v -0.232756972 -0.110320091 0.088427253
v -0.227072731 -0.117630422 0.088735655
v -0.201066792 -0.128544793 0.088427216
v -0.191893786 -0.127277270 0.088735647
v -0.191589415 -0.056988936 0.089107648
v -0.210517213 -0.056950204 0.089228742
v -0.226625100 -0.066100188 0.088997118
v -0.232466340 -0.073715188 0.089107648
v -0.236021534 -0.101808906 0.089152575
v -0.210342154 -0.126987383 0.089375794
v -0.183170959 -0.123410247 0.089375779
v -0.166296035 -0.101650402 0.089337118
v -0.174576893 -0.080989800 0.102117836
v -0.184231222 -0.068858504 0.102122135
v -0.201128855 -0.063105829 0.102141485
v -0.221763015 -0.071353823 0.102135733
v -0.229449436 -0.088259473 0.102125116
v -0.227680787 -0.102986135 0.102117836
v -0.215569913 -0.117000617 0.102141485
v -0.197377548 -0.120481700 0.102117836
v -0.183739573 -0.114650063 0.102125116
v -0.173362732 -0.100432649 0.102139108
v -0.201128840 -0.091987960 0.103658333
v -0.189445719 -0.098661430 0.104533650
v -0.187701538 -0.078583911 0.103296153
v -0.187701538 -0.073678777 0.099082038
v -0.184071273 -0.078583911 0.100114174
v -0.184437305 -0.085417911 0.103460349
v -0.182567567 -0.091987960 0.100114174
v -0.184437305 -0.085417897 0.096768014
v -0.186735570 -0.104784593 0.103570454
v -0.185957372 -0.098661438 0.095694706
v -0.186461076 -0.110262603 0.100114174
v -0.188667521 -0.104784600 0.096657902
v -0.191331804 -0.105392009 0.100114174
v -0.190965787 -0.085417911 0.103460342
v -0.192835510 -0.091987960 0.100114174
v -0.190965787 -0.085417897 0.096768014
v -0.191331804 -0.078583911 0.100114174
v -0.202787444 -0.075496808 0.104533650
v -0.213976473 -0.072390907 0.100114174
v -0.202787474 -0.075496800 0.095694706
v -0.195393100 -0.074335143 0.100114174
v -0.189722359 -0.078143619 0.103460342
v -0.183109760 -0.079907328 0.100114174
v -0.189722344 -0.078143626 0.096768014
v -0.184231579 -0.083359912 0.103296153
v -0.179566517 -0.084875688 0.099082030
v -0.191739783 -0.084352598 0.103460342
v -0.185353383 -0.086812496 0.100114174
v -0.191739768 -0.084352590 0.096768014
v -0.198566064 -0.084100530 0.100114174
v -0.209448397 -0.076182164 0.103570454
v -0.210849404 -0.078528345 0.100114174
v -0.209448412 -0.076182157 0.096657902
v -0.209480256 -0.077671416 0.104533650
v -0.219870463 -0.094939694 0.103296153
v -0.222753644 -0.098908044 0.099082038
v -0.222807407 -0.092805877 0.100114174
v -0.218494385 -0.087492213 0.103460342
v -0.216145217 -0.081077918 0.100114174
v -0.218494400 -0.087492228 0.096768014
v -0.207049996 -0.071117669 0.100114174
v -0.209480256 -0.077671424 0.095694706
v -0.200246647 -0.070040226 0.100114174
v -0.203688592 -0.074310675 0.103570454
v -0.203688607 -0.074310683 0.096657902
v -0.213212729 -0.091329589 0.103460342
v -0.207838297 -0.087113261 0.100114174
v -0.213212729 -0.091329582 0.096768014
v -0.216933519 -0.097073510 0.100114174
v -0.209480256 -0.106304519 0.104533650
v -0.200246647 -0.113935694 0.100114174
v -0.207049996 -0.112858251 0.100114174
v -0.209480271 -0.106304489 0.095694706
v -0.216145217 -0.102898002 0.100114174
v -0.218494385 -0.096483707 0.103460349
v -0.222807407 -0.091170043 0.100114174
v -0.218494385 -0.096483700 0.096768014
v -0.219870463 -0.089036226 0.103296153
v -0.222753644 -0.085067876 0.099082038
v -0.216933519 -0.086902410 0.100114174
v -0.213212729 -0.092646345 0.103460342
v -0.207838297 -0.096862659 0.100114174
v -0.213212743 -0.092646338 0.096768014
v -0.203688592 -0.109665252 0.103570454
v -0.203688607 -0.109665237 0.096657902
v -0.192771018 -0.100933045 0.104446769
v -0.179982722 -0.097931154 0.100114174
v -0.185107768 -0.099885009 0.096657902
v -0.184510767 -0.101722412 0.103570454
v -0.183109760 -0.104068592 0.100114174
v -0.189722344 -0.105832294 0.096768007
v -0.195393100 -0.109640777 0.100114174
v -0.202219382 -0.109892838 0.103460342
v -0.213976473 -0.111585021 0.100114174
v -0.208851397 -0.109631166 0.096657902
v -0.209448397 -0.107793763 0.103570454
v -0.210849404 -0.105447575 0.100114174
v -0.198566064 -0.099875391 0.100114174
v -0.202632710 -0.104137309 0.095781587
v -0.171259552 -0.089575469 0.035811525
v -0.168280303 -0.089253686 0.033640899
v -0.169950217 -0.088390030 0.029153703
v -0.168280303 -0.091083683 0.029828735
v -0.169950217 -0.091947347 0.034315936
v -0.173063487 -0.091083683 0.033640910
v -0.171259552 -0.090761892 0.027658107
v -0.173063487 -0.089253686 0.029828727
v -0.170239672 -0.080709390 0.066240683
v -0.169064373 -0.080709390 0.058087267
v -0.167786285 -0.079590544 0.063756242
v -0.167260423 -0.082217604 0.060257893
v -0.168930322 -0.083081260 0.064745091
v -0.170697764 -0.082362890 0.058845233
v -0.172043622 -0.082217596 0.064070053
v -0.172043622 -0.080387607 0.060257889
v -0.175964996 -0.069650598 0.064753018
v -0.177274331 -0.067278720 0.063257426
v -0.174161047 -0.068142384 0.062582396
v -0.175964996 -0.068464175 0.056599606
v -0.174161047 -0.069972381 0.058770232
v -0.178944245 -0.069972388 0.062582389
v -0.177274331 -0.070836045 0.058095198
v -0.178944245 -0.068142384 0.058770236
v -0.198124334 -0.059651855 0.039168611
v -0.199402422 -0.058532998 0.033499636
v -0.195480704 -0.059018563 0.032622304
v -0.195712209 -0.060245063 0.038385086
v -0.195880324 -0.061968341 0.033239927
v -0.199592665 -0.061471567 0.037561499
v -0.198124334 -0.060838275 0.031015193
v -0.214216724 -0.059130643 0.058408633
v -0.211237475 -0.058808859 0.056238014
v -0.212907374 -0.057945192 0.051750809
v -0.211391196 -0.060662992 0.052240964
v -0.212650269 -0.061485708 0.056897826
v -0.216020674 -0.060638845 0.056238003
v -0.214216724 -0.060317062 0.050255213
v -0.216020674 -0.058808852 0.052425843
v -0.223540574 -0.065070488 0.047666520
v -0.220561326 -0.064748704 0.045495890
v -0.222231239 -0.063885041 0.041008692
v -0.220561326 -0.066578701 0.041683726
v -0.222231224 -0.067442358 0.046170928
v -0.225344509 -0.066578694 0.045495901
v -0.223540574 -0.066256903 0.039513100
v -0.225344509 -0.064748697 0.041683719
v -0.228539824 -0.074887268 0.038026135
v -0.227364540 -0.074887268 0.029872717
v -0.225560591 -0.074565485 0.035855517
v -0.226906449 -0.076540768 0.037268169
v -0.225560591 -0.076395474 0.032043345
v -0.228673875 -0.077259131 0.031368311
v -0.230343789 -0.076395474 0.035855509
v -0.229817927 -0.073768422 0.032357160
v -0.235096738 -0.091089487 0.050871667
v -0.236406073 -0.088717617 0.049376074
v -0.233292788 -0.089581281 0.048701044
v -0.235096738 -0.089903064 0.042718254
v -0.233292788 -0.091411270 0.044888873
v -0.238075987 -0.091411270 0.048701040
v -0.236406073 -0.092274927 0.044213843
v -0.238075987 -0.089581273 0.044888876
v -0.231627077 -0.106718846 0.047392424
v -0.233260468 -0.105065331 0.046634458
v -0.231493026 -0.104346968 0.040734604
v -0.229823127 -0.105210625 0.045221798
v -0.230348989 -0.107837684 0.041723449
v -0.232802376 -0.106718831 0.039239008
v -0.234606326 -0.107040614 0.045221802
v -0.234606326 -0.105210632 0.041409634
v -0.218171239 -0.122424312 0.051857278
v -0.216367289 -0.120916098 0.049686652
v -0.218037188 -0.120052442 0.045199450
v -0.216367289 -0.122746095 0.045874484
v -0.220624626 -0.123543166 0.049372833
v -0.219346538 -0.122424312 0.043703858
v -0.219804615 -0.120770812 0.051099312
v -0.221150488 -0.120916098 0.045874488
v -0.206641063 -0.126328111 0.048320100
v -0.207950398 -0.123956256 0.046824507
v -0.206641063 -0.125141710 0.040166680
v -0.204837114 -0.124819919 0.046149474
v -0.204837114 -0.126649916 0.042337310
v -0.207950413 -0.127513573 0.041662298
v -0.209620312 -0.126649916 0.046149466
v -0.209620312 -0.124819919 0.042337310
v -0.189855024 -0.125492573 0.051051244
v -0.191164359 -0.123120718 0.049555652
v -0.188051075 -0.123984382 0.048880618
v -0.189855024 -0.124306165 0.042897824
v -0.188051075 -0.125814378 0.045068454
v -0.192834273 -0.125814378 0.048880611
v -0.191164374 -0.126678035 0.044393443
v -0.192834273 -0.123984382 0.045068454
v -0.179487154 -0.115222268 0.040993854
v -0.178311855 -0.115222275 0.032840431
v -0.176507905 -0.114900485 0.038823228
v -0.177853778 -0.116875775 0.040235892
v -0.176507905 -0.116730481 0.035011061
v -0.179621205 -0.117594145 0.034336027
v -0.181291088 -0.116730489 0.038823228
v -0.180765226 -0.114103422 0.035324872
v -0.175043195 -0.107316524 0.033750098
v -0.174909145 -0.104944654 0.027092269
v -0.173239246 -0.105808310 0.031579468
v -0.173765108 -0.108435377 0.028081119
v -0.176218495 -0.107316516 0.025596671
v -0.178022444 -0.107638307 0.031579468
v -0.176676586 -0.105663016 0.032992128
v -0.178022444 -0.105808310 0.027767302
v -0.000299707 0.001181103 0.040363338
v 0.049761988 -0.207172811 0.088238291
v 0.005276364 0.001338887 0.035000019
v 0.057124026 -0.205753684 0.086322822
v 0.057423729 -0.206934780 0.080959506
v 0.000299700 -0.001181088 0.029636700
v 0.052956760 -0.208696842 0.078277841
v -0.004466973 -0.001762062 0.032318361
v 0.048190087 -0.209277824 0.080959506
v -0.004766677 -0.000580959 0.037681676
v 0.052657053 -0.207515746 -0.006208252
v 0.062770978 -0.210225761 -0.000689635
v 0.060642265 -0.199932352 0.000021385
v 0.052657057 -0.196373150 0.000088826
v 0.044107508 -0.200955465 -0.000276534
v 0.042480405 -0.211378694 -0.000237328
v 0.046560779 -0.221133202 0.003137684
v 0.055780768 -0.218075812 0.000021419
v 0.071797252 -0.210035607 0.008661400
v 0.070152074 -0.200561345 0.007984585
v 0.064066343 -0.192646891 0.007909562
v 0.053763911 -0.188230351 0.008514501
v 0.037567761 -0.198413506 0.005869856
v 0.033312213 -0.208563149 0.008589140
v 0.038202107 -0.218427852 0.007039122
v 0.052440982 -0.227380410 0.009369645
v 0.067388527 -0.218819633 0.007639361
v 0.046220303 -0.190163195 0.007423824
v 0.034633968 -0.194153577 0.012923533
v 0.039294865 -0.225538850 0.012923557
v 0.059196066 -0.224985152 0.007687451
v 0.080954626 -0.211241201 0.019394999
v 0.079186156 -0.196930945 0.019237548
v 0.070184760 -0.184875757 0.019991247
v 0.059979763 -0.180186987 0.019562801
v 0.048893541 -0.178929061 0.019697603
v 0.038615923 -0.182877168 0.019717840
v 0.030135160 -0.190234095 0.019476475
v 0.024324168 -0.203922704 0.019487273
v 0.026287906 -0.218438193 0.019395005
v 0.035179429 -0.230293065 0.019392772
v 0.048797600 -0.235886425 0.019991251
v 0.059979778 -0.234844506 0.019562807
v 0.069728851 -0.230560720 0.019533737
v 0.077290908 -0.221738100 0.019463016
v 0.083471850 -0.202965438 0.025852615
v 0.082691252 -0.190665260 0.032344006
v 0.053081196 -0.173080131 0.032344006
v 0.043741897 -0.174243942 0.032203179
v 0.018471865 -0.202184305 0.031754799
v 0.019428173 -0.216347605 0.032376520
v 0.028245809 -0.226863801 0.025852595
v 0.035544947 -0.237398639 0.032233015
v 0.069858730 -0.237309873 0.032187339
v 0.076983631 -0.231842339 0.032407757
v 0.082539968 -0.224627838 0.032233030
v 0.085488588 -0.216666684 0.031779997
v 0.087270819 -0.203293711 0.031972196
v 0.077190220 -0.182982579 0.032298647
v 0.066603296 -0.175771475 0.031715099
v 0.035201188 -0.177735835 0.032112714
v 0.025063206 -0.186223432 0.032387398
v 0.025282342 -0.228985846 0.031829245
v 0.048236728 -0.242166266 0.032216955
v 0.061636813 -0.241028666 0.032298647
v 0.089393318 -0.197559819 0.047205191
v 0.079932548 -0.180858836 0.047637191
v 0.062588535 -0.171044216 0.045648411
v 0.042803716 -0.170742661 0.047118522
v 0.014595767 -0.207407117 0.047205202
v 0.019927239 -0.226412311 0.045480736
v 0.042663701 -0.244551197 0.049030516
v 0.062510371 -0.244288847 0.047118559
v 0.089107156 -0.217459366 0.045577332
v 0.090859622 -0.207515761 0.048135832
v 0.085862279 -0.188344747 0.049294740
v 0.071758337 -0.174431354 0.048135865
v 0.052657045 -0.169173673 0.049294706
v 0.033380341 -0.174564391 0.048514985
v 0.025900993 -0.180762395 0.045264136
v 0.019365113 -0.188585594 0.049757913
v 0.015633613 -0.197633326 0.049964812
v 0.015633613 -0.217398167 0.049964808
v 0.025902288 -0.234270513 0.045261119
v 0.033908639 -0.240932301 0.049983680
v 0.052657053 -0.245718315 0.048135825
v 0.071722299 -0.240537748 0.049129389
v 0.079411812 -0.234270513 0.045261115
v 0.085439503 -0.226396605 0.045246553
v 0.062065586 -0.173228338 0.070692949
v 0.027547019 -0.182405710 0.070923381
v 0.020242436 -0.226267204 0.058218382
v 0.027365334 -0.232505277 0.070692927
v 0.077836983 -0.232695699 0.070396684
v 0.083246306 -0.225980014 0.070319638
v 0.088820405 -0.217238754 0.058218427
v 0.087567843 -0.207515761 0.072128765
v 0.086414523 -0.198285893 0.071876340
v 0.077312842 -0.182766542 0.072089247
v 0.070161700 -0.177196816 0.071714707
v 0.043771591 -0.173666000 0.071876332
v 0.035352778 -0.177144974 0.071947135
v 0.017701009 -0.207515746 0.072053656
v 0.052457619 -0.242469758 0.071947142
v 0.061542474 -0.241365507 0.071876332
v 0.070112459 -0.237749383 0.072128765
v 0.082874298 -0.190069795 0.071917810
v 0.052918129 -0.172695190 0.072169699
v 0.020113273 -0.194035679 0.071881376
v 0.020142768 -0.220621243 0.072165616
v 0.038950432 -0.239881501 0.072137818
v 0.086200893 -0.216656670 0.072262473
v 0.079789989 -0.203943625 0.083651334
v 0.074816637 -0.191327021 0.083648838
v 0.063193917 -0.182077467 0.083645239
v 0.048435032 -0.180399388 0.083648838
v 0.035997055 -0.185803995 0.083651334
v 0.027218778 -0.196978867 0.083645239
v 0.026056753 -0.215606213 0.083665445
v 0.035997052 -0.229227513 0.083651334
v 0.049063101 -0.234814391 0.083645239
v 0.067356482 -0.231115729 0.083665445
v 0.078251526 -0.217417553 0.083648838
v 0.052657053 -0.207515746 0.084988922
v 0.063869528 -0.213864699 0.086061388
v 0.065521471 -0.189991012 0.082701497
v 0.064606220 -0.195241883 0.078193389
v 0.068650261 -0.201192155 0.084981866
v 0.068999544 -0.194673613 0.081641175
v 0.070440210 -0.207515746 0.081641175
v 0.067736037 -0.202553600 0.077307552
v 0.066436708 -0.219789624 0.085088968
v 0.066436708 -0.219789624 0.078193389
v 0.066691779 -0.225034267 0.081641175
v 0.062043387 -0.220357880 0.081641175
v 0.062392671 -0.213839367 0.078300491
v 0.060602721 -0.207515746 0.081641175
v 0.062392671 -0.201192141 0.084981866
v 0.062043387 -0.194673613 0.081641175
v 0.051228736 -0.195853770 0.085974805
v 0.045242041 -0.190617695 0.085088961
v 0.040332902 -0.188754424 0.081641175
v 0.063613348 -0.194259420 0.084981866
v 0.058152348 -0.190602958 0.081641175
v 0.052597433 -0.191641405 0.077307552
v 0.068588339 -0.198203355 0.078193389
v 0.068022698 -0.199944258 0.085088968
v 0.073655114 -0.199581459 0.081641175
v 0.067771181 -0.202557251 0.081641175
v 0.061679646 -0.200210735 0.078300491
v 0.055112399 -0.199958980 0.081641175
v 0.043343998 -0.194620386 0.081641175
v 0.044676412 -0.192358583 0.078193389
v 0.044644903 -0.193846852 0.086061388
v 0.031948756 -0.214132041 0.082701504
v 0.031887293 -0.208299384 0.081641175
v 0.034294683 -0.209346056 0.078193389
v 0.036001358 -0.203231111 0.084981866
v 0.038270183 -0.197063074 0.081641175
v 0.043374583 -0.194638073 0.077307552
v 0.050204378 -0.190562442 0.085088968
v 0.051599853 -0.185093582 0.081641175
v 0.050204381 -0.190562427 0.078193389
v 0.052611768 -0.191609100 0.081641175
v 0.041063838 -0.206909239 0.084981866
v 0.046228878 -0.202845410 0.081641175
v 0.041063838 -0.206909224 0.078300491
v 0.037514940 -0.212388098 0.081641175
v 0.046957858 -0.217790052 0.085974805
v 0.051599856 -0.229937926 0.081641182
v 0.048723489 -0.225545004 0.085088968
v 0.044644918 -0.221184656 0.077220969
v 0.038270183 -0.217968419 0.081641175
v 0.036001347 -0.211800382 0.084981866
v 0.031887293 -0.206732109 0.081641175
v 0.036001354 -0.211800396 0.078300491
v 0.035775587 -0.204609528 0.085088968
v 0.031948756 -0.200899452 0.080580853
v 0.037514940 -0.202643394 0.081641175
v 0.041063853 -0.208122298 0.078300491
v 0.046228878 -0.212186083 0.081641175
v 0.052611768 -0.223422393 0.081641175
v 0.050204381 -0.224469066 0.078193389
v 0.062036023 -0.220323324 0.085974805
v 0.072931811 -0.213223994 0.081641175
v 0.069920748 -0.219089940 0.081641175
v 0.068588331 -0.216828153 0.078193389
v 0.058152348 -0.224428520 0.081641175
v 0.045242079 -0.224413812 0.085088968
v 0.045493569 -0.227026805 0.081641175
v 0.051585089 -0.224680305 0.078300491
v 0.039965384 -0.225165963 0.080580853
v 0.049651392 -0.218728974 0.084981859
v 0.043343998 -0.220411107 0.081641175
v 0.049651381 -0.218728974 0.078300498
v 0.055112399 -0.215072528 0.081641175
v 0.068022676 -0.215087250 0.085088968
v 0.062160112 -0.216217503 0.077220969
vn 0.000000017 -0.000000007 1.000000000
vn -0.000002043 0.450434566 0.892809451
vn -0.000009648 0.914307714 0.405020088
vn 0.000004780 0.914311528 -0.405011714
vn 0.000000000 0.450433195 -0.892810166
vn 0.000000003 -0.000000007 -1.000000000
vn 0.318503916 0.318506688 0.892809451
vn 0.646506429 0.646520078 0.405020148
vn 0.646513999 0.646507204 -0.405028671
vn 0.318506271 0.318506181 -0.892808795
vn 0.450434536 0.000002026 0.892809570
vn 0.914307833 0.000009595 0.405020177
vn 0.914311528 -0.000004768 -0.405011714
vn 0.450433105 0.000000000 -0.892810166
vn 0.318506688 -0.318503827 0.892809510
vn 0.646520078 -0.646506429 0.405020177
vn 0.646507204 -0.646513939 -0.405028641
vn 0.318506241 -0.318506211 -0.892808795
vn 0.000002031 -0.450434536 0.892809451
vn 0.000009641 -0.914307833 0.405020207
vn -0.000004787 -0.914311528 -0.405011803
vn 0.000000000 -0.450433195 -0.892810166
vn -0.318503857 -0.318506718 0.892809451
vn -0.646506429 -0.646520078 0.405020207
vn -0.646513939 -0.646507204 -0.405028641
vn -0.318506211 -0.318506211 -0.892808795
vn -0.450434536 -0.000002026 0.892809570
vn -0.914307833 -0.000009595 0.405020177
vn -0.914311528 0.000004768 -0.405011714
vn -0.450433105 0.000000000 -0.892810166
vn -0.318506688 0.318503797 0.892809510
vn -0.646520078 0.646506429 0.405020177
vn -0.646507263 0.646513939 -0.405028671
vn -0.318506271 0.318506181 -0.892808795
vn 0.618679106 -0.752266765 0.226563290
vn 0.019147418 -0.023276486 0.999545634
vn -0.070795834 -0.994280636 -0.079961702
vn -0.670330048 -0.265296638 0.693019032
vn -0.389705539 -0.606512904 -0.693016410
vn -0.989245057 0.122477904 0.079959333
vn -0.019150091 0.023284504 -0.999545455
vn -0.618680596 0.752263069 -0.226571411
vn 0.670332193 0.265288800 -0.693019927
vn 0.070797369 0.994280815 0.079958834
vn 0.989246249 -0.122470289 -0.079955712
vn 0.389701158 0.606510997 0.693020523
vn 0.268345594 -0.232195720 0.934920192
vn 0.272075057 -0.239065409 0.932106674
vn 0.248570830 -0.208599254 0.945885241
vn 0.249959230 -0.211130828 0.944957256
vn 0.205653071 -0.155166313 0.966245472
vn 0.205653295 -0.155167267 0.966245234
vn 0.155420855 -0.092392325 0.983518243
vn 0.155421585 -0.092391878 0.983518124
vn 0.096084237 -0.019098664 0.995189965
vn 0.096087255 -0.019101247 0.995189607
vn 0.035393156 0.054960392 0.997861028
vn 0.035392620 0.054959547 0.997861147
vn -0.017829679 0.119170122 0.992713749
vn -0.017829787 0.119167902 0.992714047
vn -0.065256558 0.175809845 0.982258856
vn -0.066922702 0.178568229 0.981649041
vn -0.099670030 0.217311442 0.971000314
vn -0.103035681 0.222863570 0.969389200
vn -0.130833641 0.255475819 0.957922041
vn 0.202952534 -0.666284442 0.717548132
vn -0.347328126 0.308340132 0.885601223
vn -0.113054164 -0.717834592 -0.686973214
vn -0.910244048 0.037184380 -0.412399203
vn 0.946418822 0.103061795 -0.306054950
vn 0.237163186 0.949683487 -0.204584584
vn -0.024509776 -0.440326631 0.897503078
vn -0.026716864 -0.453549117 0.890830755
vn -0.027408805 -0.398970753 0.916553915
vn -0.028228771 -0.403953850 0.914343715
vn -0.030470662 -0.298294067 0.953987539
vn -0.030471245 -0.298291534 0.953988314
vn -0.032601260 -0.169812471 0.984937012
vn -0.032601923 -0.169812918 0.984936893
vn -0.034381725 -0.014497793 0.999303699
vn -0.034381900 -0.014497594 0.999303639
vn -0.035333931 0.143785104 0.988977969
vn -0.035334162 0.143784776 0.988977969
vn -0.035441428 0.277293086 0.960131526
vn -0.035441622 0.277295887 0.960130632
vn -0.034980327 0.391944826 0.919323564
vn -0.035889309 0.387073427 0.921350241
vn -0.035205282 0.470139265 0.881889820
vn -0.037045293 0.460811764 0.886724412
vn -0.036182396 0.526373267 0.849483371
vn -0.638785481 -0.636266708 0.432571292
vn -0.302423865 0.431144565 0.850090683
vn -0.094331980 -0.431326836 -0.897250712
vn -0.515805244 0.649759710 -0.558352351
vn 0.782072723 -0.591731668 0.195489377
vn 0.806582212 0.586549044 -0.073384576
vn 0.447711706 -0.023117164 0.893879116
vn 0.460669070 -0.029053586 0.887096345
vn 0.405973732 -0.015159342 0.913759112
vn 0.410881847 -0.017354142 0.911523342
vn 0.303921014 0.007633471 0.952666640
vn 0.303929925 0.007632397 0.952663839
vn 0.172244549 0.037002340 0.984358966
vn 0.172249973 0.037002016 0.984358072
vn 0.012213268 0.070824385 0.997414052
vn 0.012211634 0.070824340 0.997414052
vn -0.150973022 0.103283793 0.983127415
vn -0.150976747 0.103283793 0.983126938
vn -0.287912011 0.128890172 0.948943615
vn -0.287909240 0.128889561 0.948944569
vn -0.397847950 0.149394542 0.905206263
vn -0.404019743 0.149315953 0.902481556
vn -0.470504344 0.163784668 0.867064238
vn -0.482243329 0.163454756 0.860653222
vn -0.538315237 0.174442098 0.824491799
vn 0.489560306 -0.757463694 0.431948543
vn -0.356675595 0.484642744 0.798688948
vn 0.403255582 -0.182879731 -0.896627009
vn -0.714336455 -0.698622406 0.040622085
vn -0.554325283 0.584515154 -0.592507899
vn 0.743328571 0.639829576 0.195142776
vn 0.936777890 0.344722033 0.060115997
vn 0.185105026 0.068111099 0.980355561
vn 0.893298566 -0.402515799 -0.199996680
vn 0.141626954 -0.679119825 0.720234752
vn 0.332362294 -0.608925581 -0.720239580
vn -0.419316292 -0.885536909 0.199995860
vn -0.185101703 -0.068118155 -0.980355680
vn -0.936780810 -0.344714135 -0.060116284
vn -0.141631424 0.679118454 -0.720235109
vn -0.893297493 0.402515858 0.200001389
vn 0.419315547 0.885536075 -0.200000718
vn -0.332358181 0.608925760 0.720241249
vn 0.344405621 0.204738498 0.916224241
vn 0.353297144 0.206049144 0.912537634
vn 0.313191324 0.193159476 0.929839015
vn 0.316489339 0.193665683 0.928616166
vn 0.241816759 0.168430552 0.955591917
vn 0.241821110 0.168431506 0.955590606
vn 0.156606168 0.138924390 0.977841854
vn 0.156606212 0.138924599 0.977841735
vn 0.056163762 0.103228979 0.993070722
vn 0.056157943 0.103227884 0.993071139
vn -0.045862943 0.065992586 0.996765614
vn -0.045862354 0.065992378 0.996765673
vn -0.134245306 0.032941058 0.990400493
vn -0.134238750 0.032941412 0.990401387
vn -0.211441442 0.004179988 0.977381766
vn -0.215155721 0.002016613 0.976577699
vn -0.265984774 -0.015558845 0.963851750
vn -0.273404390 -0.019949075 0.961692333
vn -0.318802744 -0.036448341 0.947120011
vn 0.823467672 -0.524939537 0.215266317
vn -0.303228766 -0.541338503 0.784222484
vn 0.397458017 0.251065701 -0.882605910
vn -0.440717161 -0.654008985 -0.614850163
vn 0.355259895 0.817489147 0.453323364
vn -0.810623825 0.585151494 0.022065956
vn 0.511736393 -0.120109029 0.850705385
vn 0.522671759 -0.121862173 0.843779564
vn 0.468050689 -0.103873260 0.877575576
vn 0.472238392 -0.104554981 0.875248075
vn 0.366315901 -0.066149861 0.928136289
vn 0.366311342 -0.066148758 0.928138137
vn 0.230627641 -0.017259091 0.972889006
vn 0.230629653 -0.017259357 0.972888529
vn 0.062204167 0.041466720 0.997201681
vn 0.062204588 0.041466679 0.997201622
vn -0.111524276 0.099935599 0.988724113
vn -0.111522652 0.099935822 0.988724172
vn -0.257143378 0.147279158 0.955084383
vn -0.257138759 0.147277758 0.955085874
vn -0.372486711 0.183602288 0.909694374
vn -0.377533644 0.186267003 0.907068253
vn -0.450395823 0.208590955 0.868120730
vn -0.459826589 0.213592201 0.861938357
vn -0.515293241 0.230008513 0.825571895
vn -0.410311311 0.107686467 0.905565143
vn 0.706856072 -0.240245327 -0.665309548
vn -0.809816539 -0.463870794 -0.359194964
vn 0.864114106 -0.293773800 0.408660948
vn -0.331125855 0.908347309 -0.255462080
vn 0.148427233 0.328875631 0.932636201
vn 0.157180592 0.338575900 0.927717984
vn 0.128213808 0.292812765 0.947534680
vn 0.131465599 0.296456158 0.945954919
vn 0.077476799 0.208355248 0.974979699
vn 0.077477798 0.208358109 0.974979103
vn 0.013831481 0.103318721 0.994552135
vn 0.013831014 0.103317492 0.994552255
vn -0.061220057 -0.022133596 0.997878850
vn -0.061224055 -0.022138162 0.997878492
vn -0.136119887 -0.149085358 0.979410529
vn -0.136119574 -0.149084985 0.979410648
vn -0.198426038 -0.256142199 0.946054041
vn -0.198422417 -0.256139666 0.946055532
vn -0.250938535 -0.348890811 0.902942479
vn -0.249671087 -0.345320374 0.904664695
vn -0.286582470 -0.414336085 0.863826394
vn -0.284226745 -0.407455683 0.867868125
vn -0.311991900 -0.459317565 0.831678092
vn 0.990622461 0.044004332 -0.129347667
vn 0.310157686 -0.735860646 0.601922989
vn -0.164246678 0.624382317 -0.763655543
vn -0.265066832 -0.635271192 -0.725375891
vn -0.004499673 0.778652072 0.627439857
vn -0.929520726 -0.042632710 0.366297305
vn 0.086803898 0.946421564 0.311048687
vn -0.005253744 -0.057319652 0.998342037
vn 0.749794900 0.661469519 -0.016302617
vn 0.657738507 -0.342270255 0.670992672
vn 0.709020853 0.216915220 -0.670997262
vn 0.616954088 -0.786830187 0.016307892
vn 0.005257420 0.057322614 -0.998341858
vn -0.086808525 -0.946423948 -0.311040252
vn -0.657731354 0.342275202 -0.670997143
vn -0.749794781 -0.661469519 0.016308449
vn -0.616954207 0.786830187 -0.016307082
vn -0.709021807 -0.216911852 0.670997322
vn -0.033962410 0.281453878 0.958973587
vn -0.031967845 0.288613349 0.956911922
vn -0.036315519 0.251481891 0.967180431
vn -0.035590120 0.254119635 0.966517687
vn -0.042800453 0.185596988 0.981693447
vn -0.042799328 0.185599223 0.981692970
vn -0.050480884 0.109194808 0.992737710
vn -0.050480485 0.109195128 0.992737710
vn -0.058964014 0.020236200 0.998054981
vn -0.058964431 0.020235183 0.998055041
vn -0.067034185 -0.069566622 0.995322526
vn -0.067034751 -0.069567278 0.995322466
vn -0.073636435 -0.147531539 0.986312389
vn -0.073636234 -0.147527963 0.986312926
vn -0.079167008 -0.216645256 0.973035097
vn -0.079863161 -0.219552413 0.972326398
vn -0.083451271 -0.267026901 0.960069001
vn -0.084846437 -0.272889346 0.958296597
vn -0.087725297 -0.313041896 0.945679188
vn 0.031104226 0.653966367 0.755883932
vn -0.586407483 -0.765682399 0.264304340
vn 0.797269940 0.439817399 -0.413426280
vn 0.436444402 -0.897109032 -0.068641827
vn -0.649648607 0.557136714 -0.517257571
vn 0.353657752 0.482186407 0.801512718
vn 0.366687894 0.489448965 0.791188896
vn 0.324531376 0.452813625 0.830445170
vn 0.329481214 0.455676198 0.826922834
vn 0.246162683 0.379194677 0.891972780
vn 0.246166080 0.379197299 0.891970694
vn 0.138981566 0.277284205 0.950682759
vn 0.138982669 0.277283728 0.950682759
vn 0.006143595 0.146142110 0.989244521
vn 0.006138834 0.146137759 0.989245176
vn -0.129611939 0.006874153 0.991540968
vn -0.129610315 0.006873982 0.991541266
vn -0.241431296 -0.112005435 0.963932455
vn -0.241424397 -0.112003461 0.963934362
vn -0.332063705 -0.211517945 0.919235528
vn -0.327266127 -0.207853451 0.921788394
vn -0.390483886 -0.279184490 0.877256155
vn -0.381543696 -0.272306830 0.883330822
vn -0.429461449 -0.327209830 0.841722429
vn -0.248396352 -0.363909602 0.897702098
vn 0.977937102 -0.185489535 -0.096086465
vn 0.051830418 -0.919987500 -0.388505608
vn 0.012352766 0.617306232 -0.786625981
vn 0.121216856 0.801223457 0.585958600
vn -0.976060390 0.116463028 -0.183691278
vn -0.239047423 0.434900045 0.868169427
vn -0.245384529 0.449455112 0.858939171
vn -0.211099580 0.399781734 0.891970515
vn -0.213529453 0.405332744 0.888881624
vn -0.144064948 0.306258976 0.940983891
vn -0.144060910 0.306257010 0.940985143
vn -0.055732239 0.177900583 0.982468963
vn -0.055731580 0.177900657 0.982469082
vn 0.051972553 0.018071957 0.998484969
vn 0.051972996 0.018065708 0.998485148
vn 0.159877166 -0.145730272 0.976320624
vn 0.159875333 -0.145730928 0.976320922
vn 0.246828914 -0.280701071 0.927514195
vn 0.246828780 -0.280698508 0.927514911
vn 0.316148549 -0.388813913 0.865374923
vn 0.312844276 -0.385314941 0.868136406
vn 0.362661868 -0.460436344 0.810231328
vn 0.356583685 -0.454055488 0.816505909
vn 0.391159117 -0.507483840 0.767759681
vn 0.385847449 0.913450897 -0.129341766
vn 0.797741234 -0.036068834 0.601920187
vn -0.634386182 0.119944148 -0.763654113
vn 0.459785819 -0.512286127 -0.725368798
vn -0.705066025 0.330457866 0.627438903
vn -0.360838294 -0.857687652 0.366288960
vn -0.845850945 0.503381670 0.176474035
vn -0.069784023 0.041524999 0.996697485
vn -0.265997380 0.956869245 -0.116818920
vn 0.510078728 0.495016396 0.703404903
vn 0.191828042 0.684421360 -0.703398526
vn 0.967894673 0.222564459 0.116811544
vn 0.069780692 -0.041522507 -0.996697843
vn 0.845849931 -0.503383160 -0.176474601
vn -0.510078132 -0.495014161 -0.703406990
vn 0.265988380 -0.956871927 0.116817139
vn -0.967893898 -0.222566575 -0.116814546
vn -0.191814840 -0.684416533 0.703406811
vn -0.325272650 0.285105973 0.901616514
vn -0.335117221 0.293067962 0.895437121
vn -0.288735390 0.267270833 0.919346631
vn -0.292433619 0.270265609 0.917299867
vn -0.203256413 0.221030369 0.953851342
vn -0.203253612 0.221029013 0.953852355
vn -0.097229712 0.160902530 0.982169390
vn -0.097228229 0.160902902 0.982169449
vn 0.029098256 0.087149747 0.995770156
vn 0.029099809 0.087149709 0.995770097
vn 0.156342134 0.010571802 0.987646461
vn 0.156345576 0.010571684 0.987645864
vn 0.263328433 -0.055671476 0.963098586
vn 0.263326496 -0.055669609 0.963099241
vn 0.351198882 -0.111473471 0.929641306
vn 0.354779691 -0.114768416 0.927879035
vn 0.411717266 -0.151718572 0.898593545
vn 0.418548495 -0.158180580 0.894313097
vn 0.463592350 -0.187861145 0.865904450
vn -0.110944398 0.970232725 0.215267062
vn 0.611454308 0.105441876 0.784223020
vn -0.445350498 0.150573373 -0.882604480
vn 0.785569012 0.069615148 -0.614845514
vn -0.858716667 -0.238967001 0.453321576
vn 0.056079451 -0.998182416 0.022067534
vn -0.226945624 0.363946378 0.903348625
vn -0.232033670 0.373325884 0.898213804
vn -0.212286949 0.319383323 0.923541307
vn -0.214220524 0.322934031 0.921858549
vn -0.178727329 0.218696609 0.959285319
vn -0.178725630 0.218694478 0.959286153
vn -0.134177282 0.090540305 0.986812532
vn -0.134177789 0.090541795 0.986812294
vn -0.078160889 -0.063285224 0.994930089
vn -0.078163229 -0.063279085 0.994930327
vn -0.019006744 -0.218063429 0.975749493
vn -0.019006984 -0.218063697 0.975749493
vn 0.032276083 -0.346294045 0.937570632
vn 0.032277726 -0.346298426 0.937568963
vn 0.074846312 -0.448527306 0.890629709
vn 0.075956240 -0.453558654 0.887983799
vn 0.103830479 -0.518214107 0.848924816
vn 0.105938427 -0.527688265 0.842806220
vn 0.128117129 -0.577326477 0.806399465
vn 0.505918384 0.830270529 0.233874753
vn 0.789927840 -0.211977601 0.575395167
vn -0.160324663 0.389773548 -0.906847656
vn 0.248062953 -0.627189279 -0.738307774
vn -0.842305720 0.353710264 0.406706452
vn -0.539953828 -0.738154233 0.404448122
vn -0.481457859 -0.145070672 0.864380121
vn -0.494157910 -0.143821090 0.857393503
vn -0.442436397 -0.139402851 0.885898948
vn -0.447232097 -0.138979390 0.883554280
vn -0.347047776 -0.128370509 0.929020345
vn -0.347048163 -0.128370017 0.929020345
vn -0.224979758 -0.114031240 0.967667818
vn -0.224979490 -0.114031218 0.967667878
vn -0.076478593 -0.094721489 0.992561758
vn -0.076475598 -0.094721235 0.992562056
vn 0.076259583 -0.072858684 0.994422495
vn 0.076257378 -0.072858468 0.994422734
vn 0.206589609 -0.052601498 0.977012753
vn 0.206589103 -0.052601013 0.977012813
vn 0.314495504 -0.035686333 0.948587954
vn 0.320153773 -0.033678971 0.946766794
vn 0.387751609 -0.024900723 0.921427488
vn 0.398683637 -0.020868015 0.916851163
vn 0.456737906 -0.012147122 0.889518380
vn 0.430550009 0.031516276 0.902016342
vn -0.698086798 0.702532113 0.138287663
vn -0.395700634 -0.272444576 -0.877037585
vn 0.496039510 0.829353571 -0.257133245
vn -0.561968982 -0.648440182 0.513533056
vn 0.713870227 -0.600553691 -0.360172927
vn -0.849870145 -0.404174715 0.338176996
vn 0.077830307 0.037009541 0.996279418
vn -0.951586485 0.307347149 0.004564362
vn -0.023887184 0.748532057 0.662668288
vn -0.565562904 0.490932047 -0.662664652
vn 0.362125278 0.932118297 -0.004562621
vn -0.077830598 -0.037014790 -0.996279240
vn 0.849867582 0.404175013 -0.338182867
vn 0.023887645 -0.748533309 -0.662666857
vn 0.951586545 -0.307347149 -0.004562890
vn -0.362126172 -0.932117939 0.004568999
vn 0.565564871 -0.490931869 0.662663102
vn -0.385521293 -0.165496796 0.907735825
vn -0.393658131 -0.171509802 0.903115571
vn -0.344649673 -0.145433635 0.927397311
vn -0.347731262 -0.147685841 0.925889850
vn -0.252918899 -0.101115048 0.962189138
vn -0.252915025 -0.101113491 0.962190330
vn -0.137286276 -0.045579053 0.989482224
vn -0.137287498 -0.045579195 0.989482045
vn 0.001761547 0.020753589 0.999783099
vn 0.001753885 0.020750944 0.999783158
vn 0.142555892 0.087435849 0.985917270
vn 0.142553985 0.087435618 0.985917568
vn 0.260952801 0.143121481 0.954683125
vn 0.260950625 0.143120557 0.954683840
vn 0.357708514 0.187193811 0.914878726
vn 0.362427503 0.190536499 0.912327945
vn 0.423075169 0.215301082 0.880143642
vn 0.432067752 0.221746534 0.874154508
vn 0.483305842 0.243298084 0.840964735
vn -0.832761586 0.504148543 -0.228784502
vn 0.568948328 0.623666823 0.536038697
vn -0.208268747 -0.666456640 -0.715862930
vn -0.451506495 -0.548565626 0.703717053
vn 0.937771440 0.093410231 -0.334453613
vn -0.617228568 0.218978688 0.755696535
vn -0.630766094 0.224700198 0.742727339
vn -0.576215506 0.215176910 0.788463473
vn -0.581495643 0.217394888 0.783965707
vn -0.467535198 0.197654888 0.861593544
vn -0.467529476 0.197653472 0.861596942
vn -0.312237918 0.167563260 0.935109735
vn -0.312238872 0.167562932 0.935109437
vn -0.112004168 0.124413058 0.985888660
vn -0.112001970 0.124413647 0.985888779
vn 0.097815946 0.074581906 0.992406011
vn 0.097819902 0.074581929 0.992405653
vn 0.271667928 0.029746225 0.961931288
vn 0.271665514 0.029747315 0.961931884
vn 0.410090208 -0.008489931 0.912005484
vn 0.404201746 -0.005502584 0.914653301
vn 0.500024259 -0.033374906 0.865368068
vn 0.489251047 -0.027636450 0.871705115
vn 0.560517788 -0.049449101 0.826664686
vn -0.499393642 0.697773516 0.513534904
vn 0.425770164 -0.071323328 0.902015984
vn -0.368726104 0.307973981 -0.877036631
vn 0.766503751 0.531740606 -0.360172153
vn -0.760243356 -0.634748578 0.138290778
vn 0.416959345 -0.871794879 -0.257135689
vn -0.179712519 -0.478473604 0.859515190
vn -0.181998044 -0.486226857 0.854669631
vn -0.161798581 -0.443344444 0.881627440
vn -0.162667498 -0.446274757 0.879987538
vn -0.122126602 -0.365490526 0.922768533
vn -0.122125290 -0.365490109 0.922768891
vn -0.073248118 -0.268031389 0.960621655
vn -0.073247649 -0.268032998 0.960621178
vn -0.014804167 -0.149432212 0.988661170
vn -0.014804392 -0.149437025 0.988660455
vn 0.044771902 -0.026308764 0.998650789
vn 0.044772658 -0.026309716 0.998650730
vn 0.095722631 0.080793425 0.992123842
vn 0.095720693 0.080790862 0.992124200
vn 0.140878588 0.177191928 0.974041224
vn 0.138377398 0.173535988 0.975057483
vn 0.171795130 0.245755732 0.953986704
vn 0.166870624 0.238544807 0.956687331
vn 0.193929940 0.297422558 0.934842765
vn -0.786816895 -0.342337817 0.513540685
vn 0.158837333 0.401422143 0.902015030
vn -0.378309339 -0.296126723 -0.877035320
vn -0.359588116 0.860799909 -0.360166728
vn 0.461625457 -0.876229465 0.138289392
vn 0.939740956 0.225316420 -0.257137388
vn -0.366113245 -0.914050639 0.174563706
vn -0.030911744 -0.077184372 0.996537507
vn -0.903899610 -0.411083341 -0.118220009
vn -0.568698883 0.425785065 0.703767478
vn -0.705384076 0.084531292 -0.703766882
vn -0.370191455 0.921402454 0.118219323
vn 0.030913826 0.077179618 -0.996537805
vn 0.366109550 0.914051712 -0.174566403
vn 0.568699419 -0.425785780 -0.703766584
vn 0.903899372 0.411083966 0.118220359
vn 0.370192885 -0.921402514 -0.118214592
vn 0.705384970 -0.084527925 0.703766346
vn -0.252585262 -0.409225166 0.876775622
vn -0.253881633 -0.418032229 0.872234583
vn -0.239070892 -0.369641900 0.897892058
vn -0.239591599 -0.372954816 0.896381915
vn -0.207972437 -0.282219470 0.936536014
vn -0.207973555 -0.282223314 0.936534584
vn -0.167908400 -0.173627228 0.970391870
vn -0.167909652 -0.173628107 0.970391572
vn -0.117890410 -0.043261595 0.992083848
vn -0.117893614 -0.043265264 0.992083311
vn -0.064882770 0.089530125 0.993868470
vn -0.064885236 0.089529693 0.993868411
vn -0.018023023 0.202777132 0.979059041
vn -0.018025236 0.202773497 0.979059696
vn 0.023166344 0.296901971 0.954626977
vn 0.024482241 0.302281469 0.952904344
vn 0.053086221 0.360626131 0.931198537
vn 0.055688627 0.371111423 0.926916957
vn 0.080398761 0.421958387 0.903043389
vn -0.973422587 -0.200465962 -0.110733457
vn -0.415744156 0.695412219 0.586138785
vn 0.251549602 -0.613345921 -0.748685300
vn 0.152406543 0.645065486 -0.748774171
vn 0.135075852 -0.747487247 0.650397837
vn 0.916069627 0.197325528 0.349111885
vn -0.384082884 -0.278053075 0.880435705
vn -0.393869460 -0.281004429 0.875159025
vn -0.353525013 -0.260614574 0.898387551
vn -0.357184023 -0.261744618 0.896609962
vn -0.281096518 -0.221770808 0.933703721
vn -0.281101406 -0.221771136 0.933702171
vn -0.191918910 -0.174131840 0.965839207
vn -0.191921234 -0.174131379 0.965838730
vn -0.085205600 -0.116107143 0.989575267
vn -0.085213408 -0.116109207 0.989574313
vn 0.024270009 -0.055489451 0.998164237
vn 0.024266113 -0.055489123 0.998164356
vn 0.119082600 -0.002110938 0.992882133
vn 0.119083785 -0.002109233 0.992881954
vn 0.204898566 0.046925686 0.977657676
vn 0.201154560 0.045516007 0.978501499
vn 0.265575469 0.082754150 0.960531831
vn 0.258142620 0.079941243 0.962793767
vn 0.310972899 0.110696711 0.943950236
vn -0.902047217 0.385008901 0.195138291
vn 0.193365037 0.569827318 0.798690677
vn -0.329034179 -0.296296149 -0.896629930
vn 0.351542979 0.724808514 -0.592511714
vn -0.237491578 -0.870066047 0.431952387
vn 0.892194867 -0.449820697 0.040616680
vn 0.122841880 -0.505332530 0.854136348
vn 0.124575332 -0.520564675 0.844685376
vn 0.106721587 -0.464709997 0.879008114
vn 0.107406192 -0.470527112 0.875824332
vn 0.070634298 -0.358897626 0.930700421
vn 0.070632748 -0.358893275 0.930702209
vn 0.024320543 -0.215019673 0.976306796
vn 0.024320168 -0.215018675 0.976307094
vn -0.031837534 -0.035994411 0.998844743
vn -0.031834152 -0.036001604 0.998844564
vn -0.087947853 0.147936687 0.985078692
vn -0.087946191 0.147934198 0.985079169
vn -0.133210883 0.300426304 0.944456935
vn -0.133211389 0.300429463 0.944455862
vn -0.166164786 0.418974578 0.892664373
vn -0.169240594 0.425006241 0.889228523
vn -0.185357943 0.496216744 0.848181307
vn -0.191127524 0.507384300 0.840256870
vn -0.204665899 0.565084696 0.799244225
vn -0.345773190 -0.785248101 0.513640404
vn 0.155763119 0.504228890 0.849406302
vn -0.077184327 -0.475694418 -0.876217723
vn -0.945930600 0.316086262 -0.072833553
vn 0.293034852 0.776930034 -0.557234466
vn 0.933172703 -0.331551224 0.138789743
vn -0.525361955 0.489648551 0.695872903
vn 0.070300721 -0.620796084 0.780813813
vn -0.016506962 0.952404141 0.304391056
vn 0.813294411 0.115309529 0.570312142
vn 0.055931132 0.819522500 -0.570310950
vn 0.951090276 0.052701779 -0.304384589
vn -0.624263942 0.025029326 -0.780812502
vn 0.526516855 -0.488405466 -0.695873618
vn -0.043101396 -0.974978089 -0.218082771
vn -0.969274759 -0.113796137 0.218075454
vn 0.002016630 -0.002709417 0.999994338
vn -0.566173375 -0.106120616 0.817426562
vn -0.152248234 -0.528767586 0.835000157
vn 0.467747152 -0.293059796 0.833863735
vn 0.464602143 0.342572629 0.816571414
vn 0.006724708 0.589181602 0.807972729
vn -0.412232816 0.410495579 0.813361883
vn -0.723060012 -0.095520370 0.684149146
vn -0.572148442 -0.434840471 0.695384741
vn -0.289838493 -0.655691981 0.697181284
vn 0.199859425 -0.703043282 0.682485461
vn 0.590237498 -0.410794079 0.694887042
vn 0.572023809 0.444175780 0.689562678
vn 0.276179999 0.664851964 0.694043577
vn -0.083042942 0.711116135 0.698153138
vn -0.470503509 0.586918056 0.658903420
vn -0.652418911 0.305048376 0.693754315
vn 0.037070755 -0.754758120 0.654954970
vn 0.419120163 -0.621211112 0.662144244
vn 0.701633453 0.012871605 0.712421834
vn -0.796775520 0.219154000 0.563134491
vn -0.815784514 -0.113539331 0.567101836
vn -0.663929701 -0.492688686 0.562543631
vn -0.338253021 -0.753828168 0.563318729
vn -0.002640428 -0.823539555 0.567252815
vn 0.336528748 -0.744950891 0.576017916
vn 0.667898417 -0.501079798 0.550300717
vn 0.837243676 -0.104347989 0.536781669
vn 0.762339056 0.321554691 0.561642110
vn 0.553136706 0.626965046 0.548593283
vn 0.337590575 0.776003242 0.532777250
vn -0.000270952 0.825404465 0.564541817
vn -0.336899996 0.755376518 0.562054038
vn -0.638592303 0.513744116 0.572945833
vn -0.579055071 -0.738954902 0.344442964
vn -0.251489818 -0.906544685 0.339012802
vn 0.682514668 -0.641050994 0.351037562
vn 0.825997114 -0.330782890 0.456411511
vn 0.928095996 0.120010786 0.352470160
vn 0.232282206 0.909662068 0.344325483
vn -0.557878733 0.750225186 0.354871124
vn -0.814161897 0.457148224 0.357988656
vn -0.927821159 0.112640291 0.355612457
vn -0.859021366 -0.370352656 0.353441983
vn 0.090772279 -0.928565502 0.359897733
vn 0.467537880 -0.805356741 0.364429772
vn 0.860307217 -0.333759993 0.385325581
vn 0.757767797 0.547634900 0.354801416
vn 0.458205879 0.808873236 0.368471712
vn -0.120837063 0.928151727 0.352040976
vn -0.998908401 -0.008196057 0.045987021
vn -0.269113660 -0.961985350 0.046497967
vn 0.268725216 -0.959117234 0.088774584
vn 0.997440696 -0.026948903 0.066225082
vn 0.700647891 0.712220371 0.042834084
vn -0.952148974 0.295017272 0.079856724
vn -0.963710189 -0.235565409 0.125584990
vn -0.869718194 -0.491420686 0.045781765
vn -0.706426084 -0.707118988 0.030740771
vn -0.469410419 -0.872530580 0.135441273
vn 0.007007331 -0.998543680 0.053493328
vn 0.493332714 -0.864330113 0.097755976
vn 0.706813812 -0.705377519 0.053448848
vn 0.870372117 -0.492244661 0.012153186
vn 0.961821795 -0.245910034 0.120112687
vn 0.964679837 0.262781590 0.018404614
vn 0.870515585 0.487100512 0.070254199
vn 0.498286784 0.864905596 0.060403913
vn 0.273381859 0.961507082 0.027685029
vn -0.011248777 0.998927176 0.044923019
vn -0.400442243 0.908398807 0.120239682
vn -0.792478561 0.599650741 0.111340679
vn -0.255706429 0.958427250 -0.126615614
vn -0.907773674 -0.264074147 -0.325901717
vn -0.479651809 -0.810037255 -0.337303698
vn 0.237965792 -0.916781664 -0.320755124
vn 0.497551322 -0.799901485 -0.335559696
vn 0.906434238 -0.252995282 -0.338186830
vn -0.618154109 0.779996514 -0.097422414
vn -0.812759519 0.486283749 -0.320858359
vn -0.910066962 0.229958743 -0.344814599
vn -0.928136826 0.008195750 -0.372149020
vn -0.112603649 -0.917199075 -0.382186383
vn 0.823394358 0.447795600 -0.348569810
vn 0.650983512 0.661422670 -0.372478843
vn 0.457150817 0.813743055 -0.358936518
vn -0.226305977 0.907237589 -0.354549885
vn -0.555575609 0.731520712 -0.395238161
vn -0.736032069 -0.549245656 -0.395709485
vn 0.716233909 -0.580980659 -0.386614174
vn 0.919451118 0.110828035 -0.377262175
vn 0.106405348 0.916416287 -0.385822713
vn -0.526932061 -0.069698349 -0.847044766
vn -0.413911283 -0.325029969 -0.850313544
vn -0.206659675 -0.491671264 -0.845902622
vn 0.162782878 -0.514274299 -0.842035472
vn 0.422587246 -0.321010470 -0.847568512
vn 0.522512019 -0.057284325 -0.850705504
vn 0.459046453 0.265698493 -0.847750425
vn 0.197207496 0.488748908 -0.849843383
vn -0.204925030 0.501751423 -0.840387583
vn -0.480350107 0.227871120 -0.846958399
vn 0.000022816 -0.000087092 -1.000000000
vn 0.385920584 -0.101002686 0.916986346
vn 0.069225937 0.481125683 0.873914063
vn -0.224362165 0.456649899 -0.860890508
vn 0.616844356 0.085254721 0.782454252
vn 0.316237092 0.121025339 -0.940928817
vn 0.945443153 0.323218524 -0.040829565
vn 0.673070192 -0.113443889 -0.730826318
vn 0.878436506 -0.475485593 0.047566958
vn -0.219359383 -0.975389004 0.022310527
vn 0.021411346 -0.448779762 -0.893385887
vn -0.265845031 -0.428487927 0.863553405
vn -1.000000000 -0.000000023 0.000000102
vn -0.687521577 -0.145875409 -0.711361051
vn -0.687522233 0.145876929 0.711360037
vn -0.168174714 0.985382915 -0.027164010
vn -0.273485482 -0.477785766 0.834821224
vn -0.502779067 -0.125836194 -0.855206788
vn -0.358731061 0.348155588 0.866083026
vn 0.117857866 0.614719629 -0.779890597
vn 0.025785077 0.999631703 0.008467195
vn 0.370733261 0.687808990 0.624079823
vn 0.992997468 -0.112810947 -0.035068773
vn 0.506871641 0.121901289 -0.853358805
vn 0.349510193 -0.353316903 0.867761314
vn -0.035266090 -0.999246657 -0.016204320
vn -0.091248833 -0.424028277 -0.901040435
vn -0.994366765 0.102541402 -0.026830560
vn 0.313785076 -0.361202180 0.878106952
vn -0.405095488 -0.178368345 0.896706402
vn -0.973289609 0.229580715 -0.000001607
vn -0.405092716 -0.178368762 -0.896707594
vn -0.456673682 0.428043038 -0.779890060
vn -0.456673503 0.428042412 0.779890358
vn -0.564644396 0.825334311 0.000000181
vn 0.711312413 0.702876031 -0.000000295
vn 0.440816790 0.228197411 0.868105114
vn 0.440815926 0.228196651 -0.868105769
vn 0.828376591 -0.560171485 -0.000000965
vn -0.357265472 -0.934002936 -0.000000394
vn 0.313785076 -0.361200571 -0.878107667
vn -0.459505677 -0.174537405 0.870856702
vn 0.226794049 -0.429928631 0.873914123
vn 0.480724454 -0.193720892 -0.855205357
vn -0.448926806 -0.431544185 0.782454014
vn -0.456671566 -0.428043276 -0.779891014
vn -0.583034992 -0.812052190 -0.025328215
vn -0.745474041 0.665964901 -0.027555151
vn -0.481722176 0.199312150 -0.853357136
vn -0.073329754 0.508192420 0.858116090
vn 0.614630222 0.788706958 -0.013073167
vn 0.323058754 0.289412260 -0.901040316
vn 0.700115860 0.336208493 0.629921973
vn 0.728264868 -0.684356689 -0.035864104
vn 0.065030888 -0.456783116 0.887198031
vn 0.478967249 0.082837261 -0.873915553
vn 0.490436494 -0.080406465 0.867759705
vn 0.271698773 -0.560312808 -0.782450855
vn 0.560055435 -0.827901125 0.030292371
vn -0.184958532 -0.982745647 0.001182656
vn 0.023198213 -0.398244530 -0.916985869
vn -0.995239735 -0.097456552 0.000001098
vn -0.477921784 0.116646640 0.870622993
vn -0.489667237 0.120422751 -0.863553345
vn -0.367502123 0.930022657 0.000001267
vn -0.074813247 0.704100430 0.706148446
vn 0.877720773 0.479172140 0.000411189
vn -0.073721193 0.698951304 -0.711359501
vn 0.740080595 0.338481933 0.581128776
vn -0.349673122 -0.043904621 0.935842454
vn 0.907033980 -0.403003246 0.121974669
vn -0.140781835 -0.818996012 0.556260824
vn 0.488808721 -0.223895460 -0.843170702
vn -0.350318432 -0.914810359 -0.200995132
vn -0.771757483 -0.236192107 -0.590426743
vn 0.122373126 0.756862819 -0.642015219
vn 0.350987911 0.914283991 0.202218294
vn -0.844171643 0.508823156 0.168740407
vn 0.002748730 -0.001571261 0.999994993
vn -0.487199545 -0.366832495 0.792509019
vn 0.085050769 -0.611438513 0.786707997
vn 0.583344638 -0.152436271 0.797792137
vn 0.396097124 0.479907244 0.782812953
vn -0.193911657 0.602123439 0.774497032
vn -0.585057437 0.221771553 0.780080259
vn -0.762564778 0.103062421 0.638649464
vn -0.729856551 -0.293031603 0.617609859
vn -0.372283757 -0.735181987 0.566491246
vn 0.038952019 -0.779610515 0.625052214
vn 0.411310166 -0.642230332 0.646810830
vn 0.704390347 -0.316772640 0.635208189
vn 0.604634941 0.456139535 0.652957380
vn 0.191424787 0.754991412 0.627171814
vn -0.608460128 0.466304690 0.642134070
vn -0.783697784 -0.186692730 0.592421889
vn -0.539486229 -0.577604473 0.612639964
vn 0.627660215 -0.580205858 0.519041240
vn 0.789061606 -0.165752739 0.591530025
vn 0.748199403 0.119306140 0.652658939
vn 0.298805356 0.728577852 0.616351962
vn -0.045525771 0.797172308 0.602033138
vn -0.297655076 0.703505039 0.645354271
vn -0.860009551 0.118945733 0.496221274
vn -0.821299553 -0.243590951 0.515878320
vn -0.674762130 -0.514917135 0.528730869
vn -0.339595020 -0.782023847 0.522603035
vn -0.001351160 -0.859698236 0.510800540
vn 0.319352627 -0.794952810 0.515813887
vn 0.770117939 -0.319742620 0.551981032
vn 0.858569324 0.114082679 0.499843866
vn 0.694841325 0.515387535 0.501568735
vn 0.429641515 0.741566837 0.515254140
vn 0.099244788 0.850782931 0.516061008
vn -0.348907918 0.813804448 0.464742720
vn -0.706007600 0.536464751 0.462340593
vn -0.831452489 -0.467187583 0.300703496
vn -0.681936562 -0.664503872 0.305609375
vn -0.250934005 -0.914058387 0.318636835
vn 0.238986924 -0.920217931 0.309974641
vn 0.476886332 -0.822830677 0.309077859
vn 0.674402773 -0.669973731 0.310348511
vn 0.823392153 -0.484650582 0.295193732
vn 0.921290755 -0.239393905 0.306453675
vn 0.950354695 0.017506845 0.310675919
vn 0.847473979 0.343210727 0.404961973
vn 0.692764759 0.653183401 0.305660844
vn 0.220866278 0.924124300 0.311789095
vn -0.156744748 0.902221978 0.401779443
vn -0.567587554 0.714407921 0.409225792
vn -0.844012141 0.348069042 0.408033639
vn -0.938721061 -0.116676040 0.324329376
vn -0.486092448 -0.813876987 0.318305492
vn -0.009108168 -0.949004591 0.315130681
vn 0.870103180 0.362790883 0.333621651
vn 0.476048440 0.820208907 0.317230493
vn -0.138686270 0.933238983 0.331408054
vn -0.576824844 0.734670758 0.357116193
vn -0.864699244 0.358678758 0.351631671
vn -0.996678293 0.005897415 0.081225812
vn -0.263158202 -0.958921850 0.105909467
vn 0.262110442 -0.958310723 0.113748662
vn 0.962766051 -0.263038605 0.062388010
vn 0.998133957 -0.005221948 0.060839556
vn 0.263839096 0.959289551 0.100759357
vn -0.490996957 0.864286482 0.109229445
vn -0.960831165 -0.263980716 0.084367275
vn -0.871976078 -0.488392144 0.033628084
vn -0.709245443 -0.704108477 0.034673199
vn -0.501386523 -0.860121012 0.093826525
vn -0.001364573 -0.998927772 0.046275511
vn 0.503309011 -0.861736357 0.063957602
vn 0.706464171 -0.707389235 0.022559503
vn 0.867340386 -0.497377932 0.018327773
vn 0.968900383 0.247122377 0.012749297
vn 0.864971101 0.498947412 0.053632796
vn 0.710755765 0.702518523 0.035972010
vn 0.495885551 0.864023209 0.086957082
vn 0.015123182 0.998813450 0.046292569
vn -0.258993834 0.964818597 0.045246027
vn -0.713663340 0.695474803 0.083662346
vn -0.854734719 0.512398362 0.082925312
vn -0.964394033 0.241805121 0.107119516
vn -0.948115230 -0.000740073 -0.317926168
vn -0.929657698 -0.241379574 -0.278338552
vn -0.482880741 -0.824031711 -0.296306908
vn -0.265923232 -0.958884001 -0.099128626
vn 0.262325644 -0.959045947 -0.106846683
vn 0.480352551 0.831560612 -0.278869987
vn 0.297100246 0.951311469 -0.082085013
vn -0.502509236 0.858823717 -0.099530511
vn -0.689664006 0.658673882 -0.300852507
vn -0.824051380 0.478733808 -0.302908063
vn -0.962360144 0.256444246 -0.089996107
vn -0.813471377 -0.478222668 -0.331009775
vn -0.679977298 -0.653157651 -0.333190501
vn -0.005634120 -0.947583735 -0.319457889
vn 0.467047632 -0.821428478 -0.327294558
vn 0.907824159 -0.253705084 -0.333899736
vn 0.945602238 0.013554803 -0.325042635
vn 0.818592310 0.480333209 -0.314939111
vn 0.677590311 0.652108490 -0.340038091
vn 0.000681985 0.948513925 -0.316734880
vn -0.242743939 0.913971543 -0.325163871
vn -0.247484356 -0.898263574 -0.363144547
vn 0.252796203 -0.894774318 -0.368066788
vn 0.669512808 -0.673578024 -0.313121796
vn 0.816489279 -0.462660551 -0.345384538
vn 0.908482730 0.245302543 -0.338357538
vn 0.222163066 0.901298165 -0.371894002
vn -0.456186503 0.811797619 -0.364525020
vn -0.901005089 0.249623820 -0.354792625
vn -0.523622036 -0.205100089 -0.826894104
vn -0.324268520 -0.453141779 -0.830368876
vn 0.009249754 -0.560571849 -0.828054249
vn 0.398530573 -0.407119721 -0.821843505
vn 0.548377693 -0.082381159 -0.832163036
vn 0.513681948 0.220973149 -0.829036653
vn 0.282522798 0.486105233 -0.826971948
vn -0.065546170 0.554405510 -0.829661548
vn -0.349307030 0.434015036 -0.830430984
vn -0.544401765 0.165892243 -0.822256923
vn 0.000001127 -0.000051785 -1.000000000
vn -0.364166290 -0.103930742 0.925516784
vn 0.000198200 0.450430363 0.892811596
vn 0.000572007 0.977973878 -0.208726496
vn 0.895989895 0.443682104 0.018665632
vn 0.607185245 0.097075090 0.788607955
vn 0.996955752 -0.071046390 0.032119691
vn 0.459116638 0.138523579 -0.877509713
vn 0.274965376 -0.388208896 0.879595280
vn 0.413210809 -0.123866133 -0.902171850
vn 0.243972927 -0.969682693 0.013881111
vn -0.241294876 -0.362574309 -0.900175869
vn -0.890051901 -0.452122301 0.058249652
vn -0.618205667 0.110701449 0.778181791
vn -0.997877002 -0.055814330 -0.033561856
vn -0.508453906 0.138724104 -0.849841297
vn -0.895990729 0.443680495 0.018664967
vn 0.003175483 0.433464468 0.901165128
vn -0.834264517 0.551364541 0.000001702
vn 0.009885597 0.431266993 -0.902170181
vn 0.250628114 0.968083441 0.000000674
vn 0.296319455 0.553740561 0.778181314
vn 0.698842347 0.715032220 0.018664515
vn 0.273618698 0.393842310 -0.877508521
vn 0.428323925 -0.139379695 0.892811358
vn 0.930283904 -0.301667511 -0.208731025
vn -0.095307440 -0.607468307 0.788605571
vn 0.145090222 -0.989242435 0.018665621
vn -0.025186116 -0.526437342 -0.849840820
vn -0.376591802 -0.926379383 -0.000002749
vn -0.419393063 -0.117444851 0.900175571
vn -0.672938287 -0.739698589 0.000000801
vn -0.419393510 -0.117445819 -0.900175273
vn -0.233530343 0.298133701 0.925516009
vn -0.264595479 -0.364522785 0.892811596
vn -0.575302303 -0.790860593 -0.208726779
vn -0.985660791 0.167702988 0.018668326
vn -0.565208375 0.273812950 0.778181255
vn -0.784503639 0.620124280 -0.000000668
vn -0.452859044 0.157794371 -0.877507627
vn -0.407945275 0.913006425 -0.000000098
vn -0.237386808 0.292516857 -0.926326931
vn 0.750667572 0.660680175 -0.000000317
vn 0.450636297 0.152444988 0.879595101
vn 0.450636119 0.152445927 -0.879594982
vn 0.434165299 -0.435432464 0.788605809
vn 0.854418278 -0.519585848 -0.000002040
vn 0.329807580 -0.411092877 -0.849840999
vn 0.464082390 -0.885595441 0.018663716
vn -0.233531773 -0.298134655 0.925515354
vn 0.750668168 -0.660679400 0.000000079
vn -0.407944620 -0.913006663 -0.000000683
vn -0.237387925 -0.292517453 -0.926326394
vn -0.784504592 -0.620123148 -0.000001201
vn -0.565206647 -0.273812681 0.778182507
vn -0.985660672 -0.167704359 0.018666599
vn -0.452856988 -0.157795072 -0.877508521
vn -0.264595181 0.364523143 0.892811418
vn -0.575303555 0.790859222 -0.208728179
vn 0.464082927 0.885595202 0.018663926
vn 0.434163570 0.435431749 0.788607121
vn 0.854418516 0.519585311 -0.000001570
vn 0.329806536 0.411092162 -0.849841774
vn 0.450636297 -0.152446598 0.879594803
vn 0.450636476 -0.152446061 -0.879594803
vn -0.047050484 0.480108231 0.875946581
vn 0.847178757 0.531172156 -0.012014904
vn 0.271820575 0.370745391 -0.888066113
vn 0.406451464 -0.099019818 0.908290923
vn 0.714194775 -0.697903991 -0.053441044
vn 0.286441535 -0.551653802 -0.783344924
vn 0.295731515 -0.955270588 0.000983171
vn 0.075553097 -0.687411964 0.722327232
vn -0.851011395 -0.524892211 -0.016369166
vn -0.277138084 -0.370683879 -0.886446834
vn -0.400272161 0.103835009 0.910494745
vn -0.706101060 0.705467820 -0.061126076
vn -0.292204142 0.956352890 0.002460489
vn -0.201871991 0.386267066 -0.900025368
vn -0.193325222 0.345812768 0.918171585
vn 0.797159553 0.449212074 0.403416812
vn 0.282710463 0.831041873 -0.479003280
vn 0.797159731 -0.449211478 -0.403417200
vn 0.282710969 -0.831041157 0.479004472
vn -0.863577366 -0.405042201 0.300291508
vn -0.193327338 -0.345809162 -0.918172419
vn -0.863576233 0.405044258 -0.300291955
vn -0.167619154 0.316889524 0.933533549
vn 0.247589126 0.353571326 -0.902045965
vn 0.632937729 0.706927121 0.315664321
vn 0.849225283 -0.415022761 -0.326454461
vn 0.366197795 -0.779241800 0.508607268
vn -0.400660604 -0.624812543 -0.670134544
vn -0.861999869 -0.383140713 0.331903011
vn -0.808673382 0.496716738 -0.315150589
vn 0.193324342 -0.345813990 0.918171167
vn -0.282712370 0.831039846 0.479005754
vn 0.863577127 0.405040979 0.300293744
vn 0.193325207 0.345809370 -0.918172836
vn 0.863576710 -0.405043602 -0.300291449
vn -0.797159016 -0.449214816 0.403415143
vn -0.282711446 -0.831040680 -0.479004800
vn -0.797159791 0.449212164 -0.403416246
vn -0.173163101 0.371891946 0.911981881
vn -0.669589460 0.702874184 -0.240037128
vn 0.702816367 0.572943032 -0.421646059
vn 0.733191490 0.022706648 0.679643095
vn 0.545815945 -0.794680774 -0.265645355
vn -0.708111107 -0.564323127 0.424403191
vn -0.296942174 -0.261971265 -0.918257236
vn -0.204715505 0.341694266 0.917244077
vn 0.798881471 0.464404315 0.382252693
vn 0.287254900 0.832009435 -0.474599749
vn 0.771429777 -0.465393990 -0.433940768
vn 0.336983055 -0.812464595 0.475755960
vn -0.857336462 -0.414186746 0.305652559
vn -0.200491384 -0.344789773 -0.917018652
vn -0.863577366 0.405041367 -0.300292760
vn -0.193327546 0.345810562 0.918171823
vn 0.797162294 0.449208826 0.403415143
vn 0.282712191 0.831040084 -0.479005486
vn 0.797157764 -0.449214607 -0.403417796
vn 0.282710373 -0.831041276 0.479004532
vn -0.863577127 -0.405041188 0.300293803
vn -0.193324834 -0.345812738 -0.918171644
vn -0.863578796 0.405037910 -0.300293237
vn -0.247582659 0.353577733 0.902045250
vn 0.167616457 0.316895097 -0.933532119
vn 0.808670759 0.496720463 0.315151274
vn 0.400659889 -0.624812126 0.670135438
vn 0.862001181 -0.383136481 -0.331904501
vn -0.366197437 -0.779241443 -0.508608162
vn -0.849227488 -0.415017128 0.326456219
vn -0.632934988 0.706929028 -0.315665334
vn 0.193325117 -0.345811695 0.918172002
vn -0.282709807 0.831041038 0.479005188
vn 0.863578796 0.405038178 0.300292790
vn 0.193326086 0.345810205 -0.918172359
vn 0.863576293 -0.405043036 -0.300293446
vn -0.797160864 -0.449209094 0.403417617
vn -0.282713085 -0.831040263 -0.479004592
vn -0.797159433 0.449213266 -0.403415769
vn 0.247586802 -0.353573561 0.902045786
vn -0.400661469 0.624812543 0.670134068
vn 0.366199017 0.779241204 -0.508607447
vn 0.849224985 0.415024012 0.326453775
vn 0.632938445 -0.706926644 -0.315663874
vn -0.167620689 -0.316890210 -0.933533013
vn -0.808676243 -0.496713161 0.315148890
vn -0.862000108 0.383140624 -0.331902236
vn 0.255687565 -0.337139159 0.906068981
vn 0.838021159 0.408099055 0.362182140
vn 0.290601879 0.818704009 -0.495251745
vn 0.804487467 -0.465604931 -0.368798107
vn -0.614426136 -0.744534850 0.261052370
vn -0.183249265 -0.331577510 -0.925459981
vn -0.468148679 0.583132386 0.663922727
vn -0.868682206 0.388202697 -0.307717294
vn 0.193321958 -0.345809966 0.918173254
vn -0.282715023 0.831039131 0.479005396
vn 0.193323240 0.345804960 -0.918174803
vn 0.863578439 0.405039698 0.300291985
vn 0.863574207 -0.405047923 -0.300293028
vn -0.282715201 -0.831041813 -0.479000866
vn -0.797158062 -0.449214667 0.403416902
vn -0.797159076 0.449212015 -0.403417915
vn 0.193322912 -0.345808268 0.918173611
vn -0.282714128 0.831039488 0.479005396
vn 0.863577724 0.405040860 0.300292283
vn 0.193324745 0.345806420 -0.918174028
vn 0.863573730 -0.405047834 -0.300294220
vn -0.797157645 -0.449213743 0.403419048
vn -0.282714337 -0.831042171 -0.479000688
vn -0.797160268 0.449212611 -0.403415054
vn -0.247590765 0.353572905 0.902044952
vn 0.167618275 0.316887379 -0.933534443
vn 0.808674693 0.496715635 0.315148890
vn 0.400654823 -0.624816418 0.670134485
vn 0.862001121 -0.383136481 -0.331904322
vn -0.366200238 -0.779241502 -0.508606017
vn -0.849226654 -0.415020794 0.326453328
vn -0.632934093 0.706929147 -0.315666914
vn 0.247586235 -0.353569955 0.902047396
vn 0.366200000 0.779242098 -0.508605301
vn 0.849225879 0.415023029 0.326452553
vn 0.632935286 -0.706928313 -0.315666437
vn -0.167618096 -0.316888124 -0.933534205
vn -0.808675528 -0.496713489 0.315150261
vn -0.400661051 0.624816597 0.670130610
vn -0.861999512 0.383142859 -0.331901312
vn -0.083088204 0.758995831 0.645772159
vn -0.293346822 -0.498144567 0.815965474
vn 0.649307013 0.749544084 -0.128778920
vn 0.733578026 -0.299582809 0.610010982
vn 0.832440913 -0.493753940 -0.251493901
vn 0.003294580 0.415642589 -0.909522116
vn 0.189479470 -0.746725678 -0.637572169
vn -0.789874673 0.322695017 -0.521503508
vn -0.561690807 -0.810013175 -0.168469682
vn -0.833125412 0.493270904 0.250171602
vn 0.004103761 0.006152839 0.999972641
vn -0.565111756 0.149367735 0.811380267
vn -0.446507335 -0.409916729 0.795361221
vn -0.004347593 -0.605528593 0.795811713
vn 0.467524409 -0.349614859 0.811905384
vn 0.554478407 0.196338087 0.808705807
vn 0.271015793 0.628476977 0.729086578
vn -0.181200430 0.566651821 0.803786099
vn -0.735807002 0.089557976 0.671243191
vn -0.682058156 -0.267663896 0.680553198
vn -0.441739231 -0.591828465 0.674244404
vn -0.064851291 -0.741644263 0.667651176
vn 0.656597614 -0.372504413 0.655835390
vn 0.741062641 0.014300750 0.671283662
vn 0.598198175 0.429149717 0.676749170
vn 0.053948931 0.757076919 0.651094496
vn -0.575449228 0.442037582 0.688084960
vn 0.278302103 -0.698447287 0.659332454
vn 0.637755871 -0.428182811 0.640255392
vn 0.338644862 0.666741788 0.663908958
vn -0.269511372 0.679395795 0.682484388
vn -0.841339350 0.095671758 0.531972826
vn -0.778266907 -0.321307033 0.539502025
vn -0.529762566 -0.650441229 0.544314086
vn -0.224454477 -0.807281792 0.545817137
vn 0.119493663 -0.827194214 0.549063742
vn 0.422261149 -0.721046567 0.549351811
vn 0.670524538 -0.489159942 0.557780802
vn 0.825119436 -0.123623207 0.551266968
vn 0.786369205 0.321703851 0.527380466
vn 0.499908537 0.675389409 0.542162895
vn 0.128560632 0.828335524 0.545282125
vn -0.201997414 0.819848478 0.535766304
vn -0.501818895 0.679101646 0.535722673
vn -0.730538964 0.419653296 0.538705885
vn -0.886921287 -0.118097678 0.446568757
vn -0.825034618 -0.450722456 0.340833038
vn -0.027418233 -0.945138693 0.325516671
vn 0.243111432 -0.912754357 0.328293294
vn 0.926093996 -0.157252535 0.342960060
vn 0.910199463 0.238046214 0.338926226
vn 0.709204614 0.544855475 0.447393984
vn 0.463162094 0.818922043 0.338891625
vn -0.475143909 0.816681623 0.327519834
vn -0.669358373 0.663013995 0.335219115
vn -0.817521870 0.466023088 0.338349581
vn -0.910375297 0.226735801 0.346132487
vn -0.919372916 -0.101727448 0.380006552
vn -0.670012236 -0.661593199 0.336716563
vn -0.372046649 -0.863261700 0.341116577
vn 0.491313875 -0.804438472 0.333900362
vn 0.755636394 -0.561499178 0.337242156
vn 0.729977369 0.562149882 0.388742268
vn 0.123563394 0.931689978 0.341593057
vn -0.235374525 0.912478983 0.334635526
vn -0.962442517 -0.264251977 0.062253129
vn -0.706007719 -0.705386460 0.063111693
vn -0.252736121 -0.962627530 0.097328253
vn 0.262509644 -0.962271810 0.071564980
vn 0.996993005 0.005420533 0.077302121
vn 0.865357161 0.487662554 0.115509257
vn 0.258532405 0.965309739 0.036580376
vn -0.260519713 0.963014185 0.068798505
vn -0.957966328 0.259576440 0.122149691
vn -0.999093175 0.001076146 0.042564090
vn -0.867376924 -0.497059613 0.024271833
vn -0.502249420 -0.863717258 0.041689638
vn -0.005791439 -0.999701023 0.023754621
vn 0.510777295 -0.858948886 0.036240101
vn 0.683047295 -0.719763935 0.124041624
vn 0.863186181 -0.503904939 0.031455785
vn 0.967303574 -0.252321601 0.025643839
vn 0.968337655 0.248776630 0.020793980
vn 0.694986045 0.712412953 0.097274192
vn 0.509246290 0.860386252 0.020094197
vn -0.018249756 0.998865366 0.043987505
vn -0.502944887 0.864055097 0.021337321
vn -0.703471422 0.704026461 0.097338244
vn -0.860474348 0.500586331 0.094854772
vn -0.246532306 -0.915681303 -0.317410856
vn 0.678566515 -0.656680048 -0.329118162
vn 0.848336339 0.518413007 -0.107579596
vn 0.671941340 0.659618855 -0.336745918
vn -0.670020998 0.669029593 -0.321669489
vn -0.806613147 0.494027227 -0.324518383
vn -0.958887517 0.262489110 -0.107861742
vn -0.933820069 0.002056364 -0.357737124
vn -0.903364956 -0.252367020 -0.346760362
vn -0.655400336 -0.667082071 -0.354191899
vn -0.481645644 -0.805001676 -0.346395522
vn 0.244327232 -0.906666994 -0.343888581
vn 0.450927436 -0.818676174 -0.355575353
vn 0.932959497 -0.006196481 -0.359927982
vn 0.013759670 0.937126040 -0.348719954
vn -0.231345072 0.906489730 -0.353207976
vn -0.462946743 0.815573990 -0.347159117
vn -0.813576519 -0.463831991 -0.350646675
vn -0.008012630 -0.929575980 -0.368543416
vn 0.863869667 -0.354943693 -0.357413173
vn 0.860269666 0.352679104 -0.368175954
vn 0.359931231 0.860586226 -0.360334545
vn -0.893772721 0.234874815 -0.382104844
vn -0.526660860 -0.070265569 -0.847166538
vn -0.431329280 -0.316273898 -0.844941318
vn -0.205973312 -0.499217212 -0.841639698
vn 0.080597222 -0.528661370 -0.844997823
vn 0.328004509 -0.421669930 -0.845344663
vn 0.502314985 -0.201569557 -0.840862274
vn 0.523478806 0.161881059 -0.836519241
vn 0.339624017 0.416007340 -0.843559980
vn 0.056613106 0.534942925 -0.842989445
vn -0.292718381 0.462684274 -0.836802959
vn -0.497849137 0.207551003 -0.842062235
vn 0.000028761 0.000005535 -1.000000000
vn -0.363590062 -0.099288575 0.926252663
vn 0.018756796 0.977959156 0.207952470
vn -0.180473641 0.401408702 -0.897942364
vn 0.512991011 0.142515242 0.846480846
vn 0.888616920 0.453244954 -0.070206903
vn 0.997347713 -0.072651185 -0.004408251
vn 0.430039674 0.074157044 -0.899759233
vn 0.272653073 -0.399953872 0.875041306
vn 0.267119378 -0.384769976 -0.883515239
vn 0.217652649 -0.976026297 -0.000000051
vn -0.861405730 -0.507883430 0.005887383
vn -0.620073855 -0.104565442 -0.777543843
vn -0.999362886 0.013977616 -0.032838091
vn -0.463772029 0.142729834 0.874381900
vn -0.916145265 0.400789291 -0.006775963
vn -0.203417704 -0.386074424 0.899759948
vn -0.288952529 0.372312456 0.881980658
vn -0.848035991 0.529794753 0.012353615
vn 0.346070200 0.604544520 0.717468739
vn 0.296431750 0.955035269 -0.006002981
vn 0.045593139 0.479674190 -0.876261353
vn 0.448481739 0.135143697 -0.883515894
vn 0.271985739 -0.322384328 0.906692922
vn 0.996837020 -0.077569038 -0.017290710
vn 0.166203007 -0.984750569 -0.051408466
vn -0.092164822 -0.622037351 -0.777544379
vn -0.317974418 -0.948089123 0.004407279
vn -0.704728782 -0.706946969 0.059861373
vn -0.415593863 -0.094505757 -0.904627264
vn -0.258577138 0.343642265 0.902800024
vn -0.559656680 -0.802209079 0.207954332
vn -0.976754785 0.214252815 -0.006776643
vn -0.381113738 -0.213565722 -0.899523199
vn -0.459092796 0.157125920 0.874382794
vn -0.797414243 0.602214098 -0.038326278
vn -0.318832517 0.361266971 -0.876260221
vn 0.412650973 0.160940215 0.896558702
vn 0.352982342 0.935628593 -0.001624601
vn 0.391771644 0.167823553 -0.904627144
vn 0.978915930 -0.204263359 -0.000000084
vn 0.331248969 -0.416826308 0.846480906
vn 0.848965049 -0.528448999 0.000000803
vn 0.440188438 -0.449067354 -0.777542710
vn 0.442508280 -0.894631982 -0.061806414
vn 0.391497314 0.192775533 0.899759769
vn 0.373997808 -0.927323282 0.014040624
vn 0.014928175 -0.471047401 0.881981611
vn -0.258578360 -0.343641728 -0.902799964
vn -0.764472663 -0.643899322 0.031228645
vn -0.563115060 -0.279875159 0.777541876
vn -0.987588286 -0.144393027 0.061806224
vn -0.459093481 -0.157127738 -0.874382079
vn -0.085339122 0.428457141 0.899523079
vn -0.590915799 0.779472351 -0.207945555
vn 0.505602241 0.862740099 0.006777152
vn 0.331247747 0.416824490 -0.846482337
vn 0.814520061 0.580118716 0.004407831
vn 0.985670865 0.157701567 0.059860770
vn 0.412650764 -0.160942182 -0.896558404
vn 0.203418106 -0.386076808 0.899758756
vn 0.847639620 0.530386686 0.014038501
vn 0.704730272 -0.706945360 0.059862144
vn 0.428443104 -0.112348802 -0.896556914
vn 0.317974806 -0.948088944 0.004410571
vn -0.320881844 -0.296470672 0.899522066
vn -0.098067448 -0.995156705 0.006772669
vn 0.022981592 -0.531925201 -0.846479416
vn -0.936223984 -0.283270061 -0.207948834
vn -0.291061878 0.557414532 0.777542412
vn -0.714104056 0.697305679 0.061808489
vn -0.279058933 0.396971613 -0.874379694
vn -0.239996225 0.970271349 0.031233044
vn 0.288951516 0.372312576 0.881980956
vn -0.007205785 0.430001467 -0.902799487
usemtl field_material_05
f 6//6 5//5 10//10
f 3//3 9//9 4//4
f 2//2 1//1 7//7
f 5//5 9//9 10//10
f 2//2 8//8 3//3
f 9//9 14//14 10//10
f 7//7 12//12 8//8
f 6//6 10//10 14//14
f 8//8 13//13 9//9
f 7//7 1//1 11//11
f 14//14 17//17 18//18
f 11//11 16//16 12//12
f 6//6 14//14 18//18
f 12//12 17//17 13//13
f 11//11 1//1 15//15
f 17//17 22//22 18//18
f 15//15 20//20 16//16
f 6//6 18//18 22//22
f 16//16 21//21 17//17
f 15//15 1//1 19//19
f 22//22 25//25 26//26
f 19//19 24//24 20//20
f 6//6 22//22 26//26
f 20//20 25//25 21//21
f 19//19 1//1 23//23
f 25//25 30//30 26//26
f 23//23 28//28 24//24
f 6//6 26//26 30//30
f 24//24 29//29 25//25
f 23//23 1//1 27//27
f 30//30 33//33 34//34
f 27//27 32//32 28//28
f 6//6 30//30 34//34
f 28//28 33//33 29//29
f 27//27 1//1 31//31
f 33//33 5//5 34//34
f 31//31 3//3 32//32
f 6//6 34//34 5//5
f 32//32 4//4 33//33
f 31//31 1//1 2//2
f 35//35 38//38 37//37
f 38//38 39//39 37//37
f 40//40 41//41 39//39
f 41//41 44//44 43//43
f 42//42 40//40 36//36
f 44//44 45//45 43//43
f 45//45 36//36 35//35
f 37//37 41//41 45//45
usemtl field_material_23
f 48//48 49//49 47//47
f 50//50 51//51 49//49
f 52//52 53//53 51//51
f 54//54 55//55 53//53
f 56//56 57//57 55//55
f 58//58 59//59 57//57
f 60//60 61//61 59//59
f 62//62 63//63 61//61
usemtl field_material_05
f 69//69 68//68 66//66
f 69//69 70//70 68//68
f 71//71 66//66 70//70
usemtl field_material_23
f 73//73 74//74 72//72
f 74//74 77//77 76//76
f 77//77 78//78 76//76
f 79//79 80//80 78//78
f 80//80 83//83 82//82
f 82//82 85//85 84//84
f 84//84 87//87 86//86
f 87//87 88//88 86//86
f 88//88 89//89 90//90
usemtl field_material_05
f 91//91 94//94 93//93
f 96//96 95//95 93//93
f 95//95 92//92 91//91
usemtl field_material_23
f 98//98 99//99 97//97
f 100//100 101//101 99//99
f 102//102 103//103 101//101
f 103//103 106//106 105//105
f 106//106 107//107 105//105
f 108//108 109//109 107//107
f 110//110 111//111 109//109
f 111//111 114//114 113//113
usemtl field_material_05
f 116//116 119//119 118//118
f 117//117 120//120 119//119
f 120//120 121//121 118//118
f 121//121 117//117 116//116
f 123//123 124//124 122//122
f 124//124 127//127 126//126
f 127//127 128//128 126//126
f 129//129 130//130 128//128
f 131//131 129//129 127//127
f 131//131 132//132 130//130
f 133//133 122//122 132//132
f 130//130 132//132 124//124
usemtl field_material_07
f 135//135 136//136 134//134
f 137//137 138//138 136//136
f 138//138 141//141 140//140
f 140//140 143//143 142//142
f 142//142 145//145 144//144
f 145//145 146//146 144//144
f 147//147 148//148 146//146
f 148//148 151//151 150//150
usemtl field_material_05
f 154//154 153//153 157//157
f 153//153 156//156 155//155
f 158//158 157//157 155//155
usemtl field_material_07
f 159//159 162//162 161//161
f 161//161 164//164 163//163
f 164//164 165//165 163//163
f 165//165 168//168 167//167
f 168//168 169//169 167//167
f 170//170 171//171 169//169
f 172//172 173//173 171//171
f 174//174 175//175 173//173
usemtl field_material_05
f 180//180 179//179 181//181
f 178//178 182//182 180//180
f 179//179 182//182 181//181
usemtl field_material_07
f 184//184 185//185 183//183
f 186//186 187//187 185//185
f 187//187 190//190 189//189
f 189//189 192//192 191//191
f 191//191 194//194 193//193
f 194//194 195//195 193//193
f 196//196 197//197 195//195
f 197//197 200//200 199//199
f 199//199 200//200 201//201
usemtl field_material_05
f 203//203 202//202 206//206
f 205//205 204//204 202//202
f 204//204 207//207 206//206
f 209//209 210//210 208//208
f 211//211 212//212 210//210
f 212//212 215//215 214//214
f 215//215 216//216 214//214
f 217//217 215//215 213//213
f 216//216 219//219 218//218
f 219//219 208//208 218//218
f 214//214 216//216 218//218
usemtl field_material_07
f 221//221 222//222 220//220
f 223//223 224//224 222//222
f 225//225 226//226 224//224
f 227//227 228//228 226//226
f 228//228 231//231 230//230
f 230//230 233//233 232//232
f 233//233 234//234 232//232
f 235//235 236//236 234//234
usemtl field_material_05
f 239//239 242//242 241//241
f 242//242 243//243 241//241
f 240//240 239//239 243//243
usemtl field_material_07
f 245//245 246//246 244//244
f 247//247 248//248 246//246
f 248//248 251//251 250//250
f 250//250 253//253 252//252
f 252//252 255//255 254//254
f 254//254 257//257 256//256
f 257//257 258//258 256//256
f 259//259 260//260 258//258
f 260//260 261//261 262//262
usemtl field_material_05
f 263//263 264//264 267//267
f 265//265 266//266 264//264
f 263//263 268//268 265//265
f 268//268 267//267 266//266
f 264//264 266//266 267//267
usemtl field_material_07
f 270//270 271//271 269//269
f 271//271 274//274 273//273
f 273//273 276//276 275//275
f 275//275 278//278 277//277
f 277//277 280//280 279//279
f 280//280 281//281 279//279
f 282//282 283//283 281//281
f 283//283 286//286 285//285
f 285//285 286//286 287//287
usemtl field_material_05
f 289//289 288//288 292//292
f 291//291 290//290 288//288
f 290//290 293//293 292//292
f 294//294 297//297 296//296
f 297//297 298//298 296//296
f 299//299 300//300 298//298
f 301//301 302//302 300//300
f 295//295 303//303 299//299
f 303//303 304//304 302//302
f 304//304 295//295 294//294
f 300//300 302//302 304//304
usemtl field_material_17
f 307//307 308//308 306//306
f 308//308 311//311 310//310
f 311//311 312//312 310//310
f 313//313 314//314 312//312
f 314//314 317//317 316//316
f 317//317 318//318 316//316
f 319//319 320//320 318//318
f 321//321 322//322 320//320
usemtl field_material_05
f 326//326 325//325 329//329
f 325//325 328//328 327//327
f 330//330 329//329 327//327
usemtl field_material_17
f 331//331 334//334 333//333
f 333//333 336//336 335//335
f 335//335 338//338 337//337
f 338//338 339//339 337//337
f 340//340 341//341 339//339
f 342//342 343//343 341//341
f 343//343 346//346 345//345
f 346//346 347//347 345//345
usemtl field_material_05
f 351//351 350//350 354//354
f 351//351 352//352 350//350
f 353//353 354//354 352//352
usemtl field_material_17
f 357//357 358//358 356//356
f 358//358 361//361 360//360
f 361//361 362//362 360//360
f 363//363 364//364 362//362
f 364//364 367//367 366//366
f 366//366 369//369 368//368
f 368//368 371//371 370//370
f 370//370 373//373 372//372
usemtl field_material_05
f 375//375 376//376 379//379
f 376//376 378//378 377//377
f 377//377 380//380 379//379
f 381//381 384//384 383//383
f 383//383 386//386 385//385
f 385//385 388//388 387//387
f 388//388 389//389 387//387
f 390//390 388//388 386//386
f 390//390 391//391 389//389
f 391//391 382//382 381//381
f 387//387 389//389 391//391
usemtl field_material_07
f 393//393 396//396 395//395
f 395//395 398//398 397//397
f 398//398 399//399 397//397
f 400//400 401//401 399//399
f 402//402 403//403 401//401
f 403//403 406//406 405//405
f 406//406 407//407 405//405
f 407//407 410//410 409//409
usemtl field_material_05
f 415//415 413//413 412//412
f 416//416 414//414 412//412
f 414//414 416//416 415//415
f 412//412 414//414 415//415
usemtl field_material_07
f 418//418 419//419 417//417
f 419//419 422//422 421//421
f 422//422 423//423 421//421
f 424//424 425//425 423//423
f 425//425 428//428 427//427
f 428//428 429//429 427//427
f 430//430 431//431 429//429
f 432//432 433//433 431//431
f 433//433 434//434 435//435
usemtl field_material_05
f 439//439 438//438 436//436
f 441//441 440//440 438//438
f 440//440 437//437 436//436
usemtl field_material_07
f 442//442 445//445 444//444
f 444//444 447//447 446//446
f 447//447 448//448 446//446
f 449//449 450//450 448//448
f 451//451 452//452 450//450
f 453//453 454//454 452//452
f 455//455 456//456 454//454
f 457//457 458//458 456//456
f 458//458 459//459 460//460
usemtl field_material_05
f 464//464 463//463 461//461
f 466//466 465//465 463//463
f 465//465 462//462 461//461
f 467//467 470//470 469//469
f 469//469 472//472 471//471
f 471//471 474//474 473//473
f 474//474 475//475 473//473
f 474//474 472//472 468//468
f 476//476 477//477 475//475
f 477//477 468//468 467//467
f 473//473 475//475 477//477
usemtl field_material_23
f 479//479 482//482 481//481
f 482//482 483//483 481//481
f 483//483 486//486 485//485
f 486//486 487//487 485//485
f 488//488 489//489 487//487
f 489//489 492//492 491//491
f 492//492 493//493 491//491
f 493//493 496//496 495//495
usemtl field_material_05
f 499//499 498//498 502//502
f 501//501 500//500 498//498
f 499//499 503//503 501//501
f 500//500 503//503 502//502
usemtl field_material_23
f 505//505 506//506 504//504
f 507//507 508//508 506//506
f 508//508 511//511 510//510
f 511//511 512//512 510//510
f 513//513 514//514 512//512
f 514//514 517//517 516//516
f 516//516 519//519 518//518
f 519//519 520//520 518//518
f 520//520 521//521 522//522
usemtl field_material_05
f 524//524 523//523 527//527
f 523//523 526//526 525//525
f 524//524 528//528 526//526
f 528//528 527//527 525//525
usemtl field_material_23
f 530//530 531//531 529//529
f 531//531 534//534 533//533
f 534//534 535//535 533//533
f 536//536 537//537 535//535
f 538//538 539//539 537//537
f 539//539 542//542 541//541
f 541//541 544//544 543//543
f 543//543 546//546 545//545
usemtl field_material_05
f 551//551 550//550 548//548
f 549//549 552//552 551//551
f 552//552 553//553 550//550
f 553//553 549//549 548//548
f 554//554 557//557 556//556
f 557//557 558//558 556//556
f 558//558 561//561 560//560
f 555//555 562//562 559//559
f 562//562 563//563 560//560
f 555//555 554//554 563//563
usemtl field_material_03
f 564//564 565//565 566//566
f 564//564 566//566 567//567
f 564//564 567//567 568//568
f 564//564 568//568 569//569
f 564//564 569//569 570//570
f 564//564 570//570 565//565
f 565//565 572//572 566//566
f 574//574 567//567 566//566
f 583//583 568//568 567//567
f 568//568 577//577 569//569
f 578//578 570//570 569//569
f 570//570 580//580 565//565
f 581//581 574//574 573//573
f 582//582 575//575 574//574
f 584//584 571//571 580//580
f 571//571 586//586 572//572
f 572//572 587//587 573//573
f 587//587 581//581 573//573
f 581//581 589//589 582//582
f 582//582 590//590 575//575
f 575//575 591//591 583//583
f 583//583 592//592 576//576
f 593//593 577//577 576//576
f 577//577 595//595 578//578
f 578//578 596//596 579//579
f 596//596 580//580 579//579
f 597//597 584//584 580//580
f 584//584 585//585 571//571
f 599//599 588//588 587//587
f 589//589 600//600 590//590
f 590//590 601//601 591//591
f 602//602 592//592 591//591
f 605//605 584//584 597//597
f 585//585 607//607 586//586
f 599//599 608//608 588//588
f 608//608 589//589 588//588
f 609//609 600//600 589//589
f 610//610 602//602 601//601
f 592//592 611//611 593//593
f 603//603 613//613 595//595
f 613//613 596//596 595//595
f 605//605 606//606 584//584
f 606//606 585//585 584//584
f 598//598 615//615 599//599
f 616//616 609//609 608//608
f 614//614 620//620 607//607
f 607//607 622//622 598//598
f 623//623 615//615 598//598
f 615//615 624//624 608//608
f 624//624 616//616 608//608
f 616//616 625//625 609//609
f 625//625 600//600 609//609
f 626//626 610//610 600//600
f 617//617 629//629 602//602
f 602//602 630//630 611//611
f 630//630 618//618 611//611
f 612//612 632//632 603//603
f 603//603 633//633 613//613
f 634//634 604//604 613//613
f 635//635 605//605 604//604
f 635//635 619//619 605//605
f 633//633 636//636 634//634
f 637//637 621//621 620//620
f 639//639 625//625 616//616
f 643//643 619//619 635//635
f 652//652 622//622 621//621
f 654//654 629//629 617//617
f 629//629 647//647 630//630
f 647//647 618//618 630//630
f 618//618 649//649 631//631
f 649//649 632//632 631//631
f 636//636 651//651 642//642
f 638//638 646//646 615//615
f 653//653 641//641 627//627
f 654//654 647//647 629//629
f 649//649 655//655 632//632
f 632//632 655//655 633//633
f 655//655 650//650 633//633
f 656//656 637//637 645//645
f 656//656 652//652 637//637
f 652//652 658//658 638//638
f 658//658 646//646 638//638
f 659//659 639//639 646//646
f 639//639 659//659 640//640
f 659//659 653//653 640//640
f 660//660 641//641 653//653
f 661//661 654//654 641//641
f 662//662 647//647 654//654
f 662//662 648//648 647//647
f 648//648 663//663 649//649
f 649//649 663//663 655//655
f 655//655 664//664 650//650
f 664//664 651//651 650//650
f 651//651 665//665 643//643
f 665//665 644//644 643//643
f 644//644 656//656 645//645
f 656//656 666//666 657//657
f 657//657 666//666 658//658
f 658//658 666//666 659//659
f 659//659 666//666 660//660
f 660//660 666//666 661//661
f 661//661 666//666 662//662
f 662//662 666//666 663//663
f 663//663 666//666 664//664
f 664//664 666//666 665//665
f 665//665 666//666 656//656
usemtl field_material_05
f 669//669 672//672 671//671
f 668//668 667//667 670//670
f 668//668 672//672 681//681
f 671//671 672//672 673//673
f 672//672 667//667 674//674
f 674//674 676//676 673//673
f 671//671 673//673 676//676
f 674//674 677//677 675//675
f 676//676 675//675 679//679
f 671//671 676//676 679//679
f 677//677 667//667 680//680
f 677//677 678//678 675//675
f 678//678 669//669 679//679
f 671//671 679//679 669//669
f 678//678 680//680 681//681
f 680//680 667//667 668//668
f 683//683 686//686 685//685
f 692//692 683//683 685//685
f 684//684 686//686 693//693
f 684//684 682//682 687//687
f 692//692 685//685 689//689
f 686//686 687//687 688//688
f 686//686 689//689 685//685
f 687//687 682//682 690//690
f 689//689 691//691 692//692
f 690//690 691//691 688//688
f 691//691 683//683 692//692
f 691//691 682//682 693//693
f 695//695 696//696 705//705
f 706//706 697//697 698//698
f 695//695 700//700 696//696
f 697//697 700//700 698//698
f 695//695 694//694 699//699
f 700//700 703//703 698//698
f 699//699 694//694 702//702
f 706//706 698//698 703//703
f 700//700 702//702 701//701
f 703//703 704//704 706//706
f 702//702 704//704 701//701
f 704//704 694//694 705//705
f 705//705 697//697 706//706
f 709//709 712//712 711//711
f 708//708 707//707 710//710
f 717//717 709//709 711//711
f 708//708 712//712 719//719
f 717//717 711//711 714//714
f 712//712 707//707 713//713
f 712//712 714//714 711//711
f 714//714 716//716 717//717
f 715//715 716//716 713//713
f 715//715 707//707 718//718
f 716//716 709//709 717//717
f 716//716 718//718 719//719
f 718//718 707//707 708//708
f 721//721 724//724 723//723
f 726//726 721//721 723//723
f 722//722 724//724 732//732
f 724//724 720//720 725//725
f 724//724 726//726 723//723
f 725//725 729//729 726//726
f 725//725 728//728 727//727
f 729//729 730//730 733//733
f 728//728 720//720 731//731
f 726//726 729//729 733//733
f 728//728 730//730 727//727
f 730//730 731//731 732//732
f 732//732 721//721 733//733
f 731//731 720//720 722//722
f 726//726 733//733 721//721
f 735//735 736//736 734//734
f 736//736 739//739 738//738
f 740//740 741//741 738//738
f 740//740 739//739 735//735
f 743//743 742//742 741//741
f 742//742 735//735 734//734
f 736//736 738//738 742//742
usemtl field_material_09
f 744//744 750//750 745//745
f 744//744 745//745 746//746
f 744//744 746//746 747//747
f 744//744 747//747 748//748
f 744//744 748//748 749//749
f 744//744 749//749 750//750
f 750//750 752//752 745//745
f 753//753 746//746 745//745
f 755//755 747//747 746//746
f 747//747 757//757 748//748
f 748//748 758//758 749//749
f 749//749 759//759 750//750
f 760//760 752//752 751//751
f 761//761 753//753 752//752
f 762//762 756//756 755//755
f 756//756 763//763 764//764
f 757//757 765//765 758//758
f 758//758 766//766 767//767
f 760//760 770//770 761//761
f 761//761 771//771 754//754
f 772//772 755//755 754//754
f 774//774 763//763 762//762
f 763//763 775//775 764//764
f 764//764 776//776 757//757
f 757//757 777//777 765//765
f 778//778 766//766 765//765
f 779//779 767//767 766//766
f 779//779 759//759 767//767
f 780//780 751//751 759//759
f 768//768 760//760 751//751
f 769//769 781//781 770//770
f 782//782 771//771 770//770
f 783//783 772//772 771//771
f 785//785 762//762 773//773
f 762//762 787//787 774//774
f 774//774 789//789 775//775
f 790//790 776//776 775//775
f 778//778 793//793 779//779
f 794//794 780//780 779//779
f 795//795 768//768 780//780
f 796//796 769//769 768//768
f 796//796 781//781 769//769
f 782//782 797//797 771//771
f 797//797 783//783 771//771
f 783//783 798//798 772//772
f 798//798 784//784 772//772
f 799//799 791//791 790//790
f 791//791 800//800 777//777
f 800//800 792//792 777//777
f 793//793 802//802 794//794
f 794//794 803//803 795//795
f 795//795 796//796 768//768
f 805//805 798//798 783//783
f 807//807 789//789 788//788
f 801//801 810//810 802//802
f 804//804 811//811 796//796
f 811//811 781//781 796//796
f 781//781 813//813 782//782
f 782//782 814//814 797//797
f 814//814 805//805 797//797
f 805//805 815//815 798//798
f 815//815 806//806 798//798
f 816//816 786//786 785//785
f 817//817 787//787 786//786
f 818//818 807//807 787//787
f 808//808 819//819 799//799
f 799//799 821//821 791//791
f 791//791 822//822 800//800
f 822//822 809//809 800//800
f 809//809 823//823 801//801
f 824//824 810//810 801//801
f 810//810 825//825 802//802
f 802//802 826//826 803//803
f 827//827 804//804 803//803
f 804//804 829//829 811//811
f 814//814 831//831 805//805
f 831//831 815//815 805//805
f 815//815 832//832 806//806
f 832//832 816//816 806//806
f 833//833 809//809 822//822
f 834//834 823//823 809//809
f 835//835 825//825 810//810
f 836//836 826//826 825//825
f 826//826 838//838 827//827
f 838//838 804//804 827//827
f 839//839 813//813 812//812
f 832//832 842//842 816//816
f 842//842 817//817 816//816
f 843//843 808//808 807//807
f 845//845 821//821 820//820
f 847//847 824//824 823//823
f 849//849 841//841 831//831
f 841//841 850//850 832//832
f 850//850 842//842 832//832
f 842//842 851//851 817//817
f 851//851 818//818 817//817
f 852//852 843//843 818//818
f 853//853 845//845 819//819
f 854//854 847//847 834//834
f 848//848 855//855 835//835
f 828//828 857//857 829//829
f 857//857 839//839 829//829
f 857//857 840//840 839//839
f 858//858 830//830 840//840
f 858//858 849//849 830//830
f 859//859 841//841 849//849
f 859//859 850//850 841//841
f 850//850 860//860 842//842
f 860//860 851//851 842//842
f 860//860 852//852 851//851
f 860//860 843//843 852//852
f 843//843 861//861 844//844
f 844//844 862//862 853//853
f 853//853 862//862 845//845
f 862//862 846//846 845//845
f 863//863 833//833 846//846
f 863//863 854//854 833//833
f 854//854 864//864 847//847
f 864//864 848//848 847//847
f 864//864 855//855 848//848
f 855//855 865//865 836//836
f 836//836 866//866 837//837
f 866//866 856//856 837//837
f 866//866 828//828 856//856
f 866//866 867//867 857//857
f 857//857 867//867 858//858
f 858//858 867//867 859//859
f 859//859 867//867 860//860
f 860//860 867//867 861//861
f 861//861 867//867 862//862
f 862//862 867//867 863//863
f 863//863 867//867 864//864
f 864//864 867//867 865//865
f 865//865 867//867 866//866
usemtl field_material_05
f 869//869 871//871 870//870
f 870//870 871//871 874//874
f 869//869 868//868 872//872
f 876//876 870//870 874//874
f 872//872 873//873 871//871
f 873//873 876//876 874//874
f 872//872 868//868 875//875
f 873//873 875//875 877//877
f 877//877 878//878 876//876
f 875//875 879//879 877//877
f 876//876 878//878 882//882
f 868//868 881//881 879//879
f 878//878 881//881 882//882
f 881//881 880//880 883//883
f 876//876 882//882 870//870
f 883//883 869//869 870//870
f 883//883 870//870 882//882
f 880//880 868//868 869//869
f 899//899 885//885 886//886
f 886//886 887//887 890//890
f 884//884 887//887 885//885
f 887//887 888//888 889//889
f 889//889 892//892 890//890
f 888//888 884//884 891//891
f 886//886 890//890 892//892
f 889//889 891//891 892//892
f 891//891 894//894 892//892
f 892//892 894//894 895//895
f 891//891 884//884 893//893
f 886//886 892//892 895//895
f 893//893 896//896 894//894
f 886//886 895//895 899//899
f 896//896 897//897 898//898
f 896//896 899//899 895//895
f 893//893 884//884 897//897
f 898//898 897//897 885//885
f 902//902 903//903 906//906
f 901//901 900//900 904//904
f 908//908 902//902 906//906
f 901//901 903//903 902//902
f 904//904 905//905 903//903
f 905//905 908//908 906//906
f 905//905 900//900 907//907
f 907//907 911//911 908//908
f 907//907 910//910 909//909
f 910//910 913//913 909//909
f 911//911 913//913 914//914
f 910//910 900//900 912//912
f 908//908 911//911 914//914
f 913//913 912//912 915//915
f 908//908 914//914 902//902
f 915//915 901//901 902//902
f 915//915 902//902 914//914
f 912//912 900//900 901//901
f 931//931 918//918 919//919
f 930//930 918//918 917//917
f 919//919 920//920 923//923
f 916//916 920//920 918//918
f 920//920 921//921 922//922
f 922//922 925//925 923//923
f 921//921 916//916 924//924
f 919//919 923//923 925//925
f 922//922 924//924 925//925
f 925//925 926//926 929//929
f 924//924 916//916 927//927
f 919//919 925//925 929//929
f 924//924 926//926 925//925
f 927//927 928//928 926//926
f 928//928 930//930 917//917
f 928//928 931//931 929//929
f 927//927 916//916 930//930
f 919//919 929//929 931//931
f 934//934 936//936 937//937
f 945//945 934//934 937//937
f 935//935 936//936 933//933
f 935//935 932//932 939//939
f 935//935 938//938 936//936
f 938//938 941//941 937//937
f 945//945 937//937 941//941
f 938//938 939//939 940//940
f 939//939 932//932 942//942
f 941//941 943//943 945//945
f 942//942 943//943 940//940
f 942//942 944//944 943//943
f 944//944 934//934 945//945
f 944//944 932//932 933//933
usemtl field_material_29
f 952//952 948//948 949//949
f 947//947 949//949 948//948
f 947//947 946//946 950//950
f 949//949 950//950 952//952
f 950//950 946//946 951//951
f 951//951 953//953 952//952
f 952//952 953//953 948//948
f 946//946 948//948 953//953
f 956//956 957//957 955//955
f 956//956 954//954 958//958
f 957//957 958//958 959//959
f 955//955 957//957 959//959
f 958//958 954//954 960//960
f 955//955 959//959 961//961
f 960//960 961//961 959//959
f 954//954 956//956 961//961
f 961//961 956//956 955//955
f 963//963 962//962 964//964
f 964//964 966//966 965//965
f 965//965 966//966 968//968
f 962//962 968//968 966//966
f 967//967 969//969 968//968
f 967//967 962//962 963//963
f 965//965 968//968 969//969
f 969//969 963//963 965//965
f 971//971 973//973 972//972
f 976//976 972//972 974//974
f 972//972 973//973 974//974
f 973//973 970//970 975//975
f 975//975 971//971 976//976
f 976//976 971//971 972//972
f 983//983 979//979 980//980
f 978//978 981//981 980//980
f 978//978 980//980 979//979
f 978//978 977//977 981//981
f 980//980 981//981 983//983
f 981//981 977//977 982//982
f 982//982 984//984 983//983
f 983//983 984//984 979//979
f 977//977 979//979 984//984
f 986//986 988//988 987//987
f 986//986 985//985 989//989
f 991//991 987//987 988//988
f 988//988 989//989 991//991
f 989//989 985//985 990//990
f 990//990 992//992 991//991
f 991//991 992//992 987//987
f 985//985 987//987 992//992
f 995//995 997//997 994//994
f 995//995 993//993 996//996
f 994//994 997//997 998//998
f 996//996 998//998 997//997
f 996//996 993//993 999//999
f 999//999 1000//1000 998//998
f 994//994 998//998 1000//1000
f 1002//1002 1001//1001 1003//1003
f 1003//1003 1005//1005 1004//1004
f 1004//1004 1005//1005 1007//1007
f 1001//1001 1007//1007 1005//1005
f 1004//1004 1007//1007 1008//1008
f 1006//1006 1008//1008 1007//1007
f 1006//1006 1001//1001 1002//1002
f 1008//1008 1002//1002 1004//1004
f 1010//1010 1009//1009 1012//1012
f 1014//1014 1011//1011 1013//1013
f 1012//1012 1013//1013 1011//1011
f 1015//1015 1009//1009 1010//1010
f 1015//1015 1016//1016 1014//1014
f 1014//1014 1016//1016 1011//1011
f 1010//1010 1011//1011 1016//1016
f 1023//1023 1017//1017 1018//1018
f 1018//1018 1020//1020 1019//1019
f 1022//1022 1019//1019 1020//1020
f 1020//1020 1021//1021 1022//1022
f 1017//1017 1021//1021 1020//1020
f 1021//1021 1024//1024 1022//1022
f 1021//1021 1017//1017 1023//1023
f 1022//1022 1024//1024 1019//1019
f 1023//1023 1019//1019 1024//1024
f 1026//1026 1025//1025 1028//1028
f 1028//1028 1029//1029 1027//1027
f 1027//1027 1029//1029 1030//1030
f 1025//1025 1030//1030 1029//1029
f 1027//1027 1030//1030 1032//1032
f 1031//1031 1032//1032 1030//1030
f 1031//1031 1025//1025 1026//1026
f 1032//1032 1026//1026 1027//1027
f 1034//1034 1033//1033 1035//1035
f 1035//1035 1037//1037 1036//1036
f 1036//1036 1037//1037 1039//1039
f 1033//1033 1039//1039 1037//1037
f 1038//1038 1040//1040 1039//1039
f 1038//1038 1033//1033 1034//1034
f 1036//1036 1039//1039 1040//1040
f 1040//1040 1034//1034 1036//1036
f 1043//1043 1045//1045 1042//1042
f 1043//1043 1041//1041 1044//1044
f 1042//1042 1045//1045 1046//1046
f 1044//1044 1046//1046 1045//1045
f 1044//1044 1041//1041 1047//1047
f 1042//1042 1046//1046 1048//1048
f 1047//1047 1048//1048 1046//1046
f 1055//1055 1049//1049 1051//1051
f 1051//1051 1052//1052 1050//1050
f 1053//1053 1050//1050 1052//1052
f 1054//1054 1056//1056 1053//1053
f 1054//1054 1049//1049 1055//1055
f 1053//1053 1056//1056 1050//1050
f 1055//1055 1050//1050 1056//1056
usemtl field_material_05
f 1057//1057 1060//1060 1059//1059
f 1061//1061 1062//1062 1059//1059
f 1063//1063 1064//1064 1062//1062
f 1065//1065 1063//1063 1061//1061
f 1065//1065 1066//1066 1064//1064
f 1058//1058 1057//1057 1066//1066
f 1062//1062 1064//1064 1066//1066
usemtl field_material_03
f 1067//1067 1068//1068 1069//1069
f 1067//1067 1069//1069 1070//1070
f 1067//1067 1070//1070 1071//1071
f 1067//1067 1071//1071 1072//1072
f 1067//1067 1072//1072 1073//1073
f 1067//1067 1073//1073 1074//1074
f 1067//1067 1074//1074 1068//1068
f 1076//1076 1069//1069 1068//1068
f 1077//1077 1070//1070 1069//1069
f 1070//1070 1084//1084 1071//1071
f 1079//1079 1072//1072 1071//1071
f 1081//1081 1073//1073 1072//1072
f 1073//1073 1082//1082 1074//1074
f 1074//1074 1083//1083 1068//1068
f 1086//1086 1073//1073 1081//1081
f 1075//1075 1089//1089 1076//1076
f 1089//1089 1077//1077 1076//1076
f 1077//1077 1091//1091 1078//1078
f 1078//1078 1093//1093 1084//1084
f 1084//1084 1094//1094 1085//1085
f 1094//1094 1080//1080 1085//1085
f 1080//1080 1096//1096 1081//1081
f 1081//1081 1097//1097 1086//1086
f 1097//1097 1082//1082 1086//1086
f 1099//1099 1087//1087 1082//1082
f 1087//1087 1100//1100 1083//1083
f 1101//1101 1075//1075 1083//1083
f 1102//1102 1089//1089 1088//1088
f 1103//1103 1090//1090 1089//1089
f 1095//1095 1107//1107 1096//1096
f 1108//1108 1097//1097 1096//1096
f 1111//1111 1101//1101 1100//1100
f 1101//1101 1113//1113 1088//1088
f 1114//1114 1103//1103 1102//1102
f 1103//1103 1115//1115 1090//1090
f 1090//1090 1116//1116 1091//1091
f 1116//1116 1104//1104 1091//1091
f 1105//1105 1117//1117 1093//1093
f 1117//1117 1094//1094 1093//1093
f 1094//1094 1106//1106 1095//1095
f 1107//1107 1119//1119 1108//1108
f 1119//1119 1109//1109 1108//1108
f 1109//1109 1120//1120 1098//1098
f 1098//1098 1121//1121 1099//1099
f 1121//1121 1110//1110 1099//1099
f 1113//1113 1114//1114 1102//1102
f 1123//1123 1116//1116 1115//1115
f 1124//1124 1104//1104 1116//1116
f 1126//1126 1107//1107 1106//1106
f 1130//1130 1114//1114 1113//1113
f 1131//1131 1122//1122 1114//1114
f 1122//1122 1132//1132 1103//1103
f 1132//1132 1123//1123 1103//1103
f 1123//1123 1133//1133 1116//1116
f 1133//1133 1124//1124 1116//1116
f 1124//1124 1134//1134 1104//1104
f 1134//1134 1125//1125 1104//1104
f 1135//1135 1118//1118 1117//1117
f 1137//1137 1106//1106 1118//1118
f 1138//1138 1126//1126 1106//1106
f 1126//1126 1139//1139 1107//1107
f 1127//1127 1140//1140 1119//1119
f 1140//1140 1109//1109 1119//1119
f 1141//1141 1128//1128 1109//1109
f 1128//1128 1142//1142 1120//1120
f 1142//1142 1129//1129 1120//1120
f 1110//1110 1144//1144 1111//1111
f 1144//1144 1112//1112 1111//1111
f 1145//1145 1130//1130 1112//1112
f 1130//1130 1131//1131 1114//1114
f 1139//1139 1148//1148 1127//1127
f 1148//1148 1140//1140 1127//1127
f 1144//1144 1151//1151 1145//1145
f 1145//1145 1152//1152 1130//1130
f 1152//1152 1131//1131 1130//1130
f 1131//1131 1154//1154 1122//1122
f 1154//1154 1132//1132 1122//1122
f 1155//1155 1133//1133 1123//1123
f 1134//1134 1157//1157 1125//1125
f 1157//1157 1135//1135 1125//1125
f 1138//1138 1159//1159 1126//1126
f 1159//1159 1139//1139 1126//1126
f 1142//1142 1161//1161 1129//1129
f 1161//1161 1143//1143 1129//1129
f 1154//1154 1163//1163 1132//1132
f 1163//1163 1155//1155 1132//1132
f 1146//1146 1164//1164 1134//1134
f 1164//1164 1157//1157 1134//1134
f 1147//1147 1165//1165 1137//1137
f 1165//1165 1138//1138 1137//1137
f 1165//1165 1159//1159 1138//1138
f 1159//1159 1166//1166 1139//1139
f 1139//1139 1166//1166 1148//1148
f 1149//1149 1167//1167 1141//1141
f 1141//1141 1167//1167 1128//1128
f 1167//1167 1160//1160 1128//1128
f 1168//1168 1153//1153 1152//1152
f 1153//1153 1169//1169 1154//1154
f 1154//1154 1170//1170 1163//1163
f 1170//1170 1155//1155 1163//1163
f 1155//1155 1171//1171 1156//1156
f 1171//1171 1146//1146 1156//1156
f 1171//1171 1164//1164 1146//1146
f 1172//1172 1157//1157 1164//1164
f 1172//1172 1158//1158 1157//1157
f 1173//1173 1147//1147 1158//1158
f 1147//1147 1174//1174 1165//1165
f 1174//1174 1159//1159 1165//1165
f 1159//1159 1175//1175 1166//1166
f 1175//1175 1149//1149 1166//1166
f 1176//1176 1167//1167 1149//1149
f 1177//1177 1160//1160 1167//1167
f 1177//1177 1161//1161 1160//1160
f 1178//1178 1162//1162 1161//1161
f 1162//1162 1178//1178 1150//1150
f 1178//1178 1151//1151 1150//1150
f 1179//1179 1168//1168 1151//1151
f 1179//1179 1153//1153 1168//1168
f 1169//1169 1180//1180 1170//1170
f 1170//1170 1180//1180 1171//1171
f 1171//1171 1180//1180 1172//1172
f 1172//1172 1180//1180 1173//1173
f 1173//1173 1180//1180 1174//1174
f 1174//1174 1180//1180 1175//1175
f 1175//1175 1180//1180 1176//1176
f 1176//1176 1180//1180 1177//1177
f 1177//1177 1180//1180 1178//1178
f 1178//1178 1180//1180 1179//1179
f 1179//1179 1180//1180 1169//1169
usemtl field_material_05
f 1183//1183 1185//1185 1187//1187
f 1182//1182 1181//1181 1184//1184
f 1184//1184 1186//1186 1185//1185
f 1186//1186 1188//1188 1190//1190
f 1186//1186 1189//1189 1187//1187
f 1184//1184 1181//1181 1188//1188
f 1187//1187 1189//1189 1192//1192
f 1188//1188 1191//1191 1190//1190
f 1189//1189 1191//1191 1192//1192
f 1181//1181 1193//1193 1191//1191
f 1187//1187 1192//1192 1183//1183
f 1193//1193 1194//1194 1195//1195
f 1193//1193 1183//1183 1192//1192
f 1194//1194 1181//1181 1182//1182
f 1209//1209 1198//1198 1201//1201
f 1197//1197 1196//1196 1199//1199
f 1197//1197 1200//1200 1198//1198
f 1200//1200 1199//1199 1204//1204
f 1200//1200 1202//1202 1201//1201
f 1199//1199 1196//1196 1203//1203
f 1201//1201 1202//1202 1206//1206
f 1203//1203 1205//1205 1204//1204
f 1202//1202 1205//1205 1206//1206
f 1203//1203 1207//1207 1205//1205
f 1201//1201 1206//1206 1209//1209
f 1207//1207 1196//1196 1208//1208
f 1207//1207 1209//1209 1206//1206
f 1208//1208 1197//1197 1198//1198
f 1211//1211 1210//1210 1214//1214
f 1213//1213 1215//1215 1216//1216
f 1214//1214 1215//1215 1212//1212
f 1215//1215 1210//1210 1218//1218
f 1218//1218 1219//1219 1216//1216
f 1217//1217 1220//1220 1218//1218
f 1216//1216 1219//1219 1223//1223
f 1217//1217 1222//1222 1220//1220
f 1219//1219 1222//1222 1223//1223
f 1217//1217 1210//1210 1221//1221
f 1222//1222 1221//1221 1224//1224
f 1216//1216 1223//1223 1213//1213
f 1224//1224 1213//1213 1223//1223
f 1221//1221 1210//1210 1211//1211
f 1239//1239 1226//1226 1228//1228
f 1228//1228 1229//1229 1232//1232
f 1227//1227 1225//1225 1230//1230
f 1227//1227 1229//1229 1226//1226
f 1229//1229 1230//1230 1231//1231
f 1231//1231 1234//1234 1232//1232
f 1230//1230 1225//1225 1233//1233
f 1228//1228 1232//1232 1234//1234
f 1231//1231 1233//1233 1234//1234
f 1233//1233 1235//1235 1234//1234
f 1234//1234 1235//1235 1236//1236
f 1228//1228 1234//1234 1236//1236
f 1233//1233 1237//1237 1235//1235
f 1228//1228 1236//1236 1239//1239
f 1237//1237 1225//1225 1238//1238
f 1237//1237 1239//1239 1236//1236
f 1238//1238 1227//1227 1226//1226
f 1253//1253 1242//1242 1241//1241
f 1243//1243 1244//1244 1247//1247
f 1254//1254 1243//1243 1247//1247
f 1240//1240 1244//1244 1242//1242
f 1244//1244 1245//1245 1246//1246
f 1246//1246 1245//1245 1248//1248
f 1246//1246 1248//1248 1247//1247
f 1254//1254 1247//1247 1248//1248
f 1254//1254 1248//1248 1251//1251
f 1245//1245 1250//1250 1248//1248
f 1248//1248 1250//1250 1251//1251
f 1245//1245 1240//1240 1249//1249
f 1249//1249 1252//1252 1250//1250
f 1252//1252 1253//1253 1241//1241
f 1252//1252 1254//1254 1251//1251
f 1249//1249 1240//1240 1253//1253
f 1241//1241 1243//1243 1254//1254
f 3//3 8//8 9//9
f 5//5 4//4 9//9
f 2//2 7//7 8//8
f 9//9 13//13 14//14
f 7//7 11//11 12//12
f 8//8 12//12 13//13
f 14//14 13//13 17//17
f 11//11 15//15 16//16
f 12//12 16//16 17//17
f 17//17 21//21 22//22
f 15//15 19//19 20//20
f 16//16 20//20 21//21
f 22//22 21//21 25//25
f 19//19 23//23 24//24
f 20//20 24//24 25//25
f 25//25 29//29 30//30
f 23//23 27//27 28//28
f 24//24 28//28 29//29
f 30//30 29//29 33//33
f 27//27 31//31 32//32
f 28//28 32//32 33//33
f 33//33 4//4 5//5
f 31//31 2//2 3//3
f 32//32 3//3 4//4
f 35//35 36//36 38//38
f 38//38 40//40 39//39
f 40//40 42//42 41//41
f 41//41 42//42 44//44
f 40//40 38//38 36//36
f 36//36 46//46 44//44
f 44//44 42//42 36//36
f 44//44 46//46 45//45
f 45//45 46//46 36//36
f 45//45 35//35 37//37
f 37//37 39//39 41//41
f 41//41 43//43 45//45
usemtl field_material_23
f 48//48 50//50 49//49
f 50//50 52//52 51//51
f 52//52 54//54 53//53
f 54//54 56//56 55//55
f 56//56 58//58 57//57
f 58//58 60//60 59//59
f 60//60 62//62 61//61
f 62//62 64//64 63//63
f 64//64 65//65 63//63
usemtl field_material_05
f 67//67 69//69 66//66
f 69//69 71//71 70//70
f 67//67 71//71 69//69
f 71//71 67//67 66//66
f 66//66 68//68 70//70
usemtl field_material_23
f 73//73 75//75 74//74
f 74//74 75//75 77//77
f 77//77 79//79 78//78
f 79//79 81//81 80//80
f 80//80 81//81 83//83
f 82//82 83//83 85//85
f 84//84 85//85 87//87
f 87//87 89//89 88//88
usemtl field_material_05
f 91//91 92//92 94//94
f 94//94 96//96 93//93
f 94//94 92//92 96//96
f 95//95 96//96 92//92
f 95//95 91//91 93//93
usemtl field_material_23
f 98//98 100//100 99//99
f 100//100 102//102 101//101
f 102//102 104//104 103//103
f 103//103 104//104 106//106
f 106//106 108//108 107//107
f 108//108 110//110 109//109
f 110//110 112//112 111//111
f 111//111 112//112 114//114
f 114//114 115//115 113//113
usemtl field_material_05
f 116//116 117//117 119//119
f 118//118 119//119 120//120
f 120//120 117//117 121//121
f 121//121 116//116 118//118
f 123//123 125//125 124//124
f 124//124 125//125 127//127
f 127//127 129//129 128//128
f 129//129 131//131 130//130
f 127//127 125//125 131//131
f 125//125 123//123 131//131
f 123//123 133//133 131//131
f 131//131 133//133 132//132
f 133//133 123//123 122//122
f 132//132 122//122 124//124
f 124//124 126//126 128//128
f 128//128 130//130 124//124
usemtl field_material_07
f 135//135 137//137 136//136
f 137//137 139//139 138//138
f 138//138 139//139 141//141
f 140//140 141//141 143//143
f 142//142 143//143 145//145
f 145//145 147//147 146//146
f 147//147 149//149 148//148
f 148//148 149//149 151//151
f 151//151 152//152 150//150
usemtl field_material_05
f 153//153 154//154 156//156
f 156//156 158//158 155//155
f 156//156 154//154 158//158
f 158//158 154//154 157//157
f 153//153 155//155 157//157
usemtl field_material_07
f 159//159 160//160 162//162
f 161//161 162//162 164//164
f 164//164 166//166 165//165
f 165//165 166//166 168//168
f 168//168 170//170 169//169
f 170//170 172//172 171//171
f 172//172 174//174 173//173
f 174//174 176//176 175//175
f 176//176 177//177 175//175
usemtl field_material_05
f 178//178 180//180 181//181
f 180//180 182//182 179//179
f 181//181 182//182 178//178
usemtl field_material_07
f 184//184 186//186 185//185
f 186//186 188//188 187//187
f 187//187 188//188 190//190
f 189//189 190//190 192//192
f 191//191 192//192 194//194
f 194//194 196//196 195//195
f 196//196 198//198 197//197
f 197//197 198//198 200//200
usemtl field_material_05
f 203//203 205//205 202//202
f 203//203 207//207 205//205
f 204//204 205//205 207//207
f 207//207 203//203 206//206
f 206//206 202//202 204//204
f 209//209 211//211 210//210
f 211//211 213//213 212//212
f 212//212 213//213 215//215
f 215//215 217//217 216//216
f 213//213 211//211 217//217
f 211//211 209//209 217//217
f 209//209 219//219 217//217
f 216//216 217//217 219//219
f 219//219 209//209 208//208
f 218//218 208//208 214//214
f 208//208 210//210 214//214
f 210//210 212//212 214//214
usemtl field_material_07
f 221//221 223//223 222//222
f 223//223 225//225 224//224
f 225//225 227//227 226//226
f 227//227 229//229 228//228
f 228//228 229//229 231//231
f 230//230 231//231 233//233
f 233//233 235//235 234//234
f 235//235 237//237 236//236
f 237//237 238//238 236//236
usemtl field_material_05
f 239//239 240//240 242//242
f 242//242 240//240 243//243
f 243//243 239//239 241//241
usemtl field_material_07
f 245//245 247//247 246//246
f 247//247 249//249 248//248
f 248//248 249//249 251//251
f 250//250 251//251 253//253
f 252//252 253//253 255//255
f 254//254 255//255 257//257
f 257//257 259//259 258//258
f 259//259 261//261 260//260
usemtl field_material_05
f 263//263 265//265 264//264
f 265//265 268//268 266//266
f 268//268 263//263 267//267
usemtl field_material_07
f 270//270 272//272 271//271
f 271//271 272//272 274//274
f 273//273 274//274 276//276
f 275//275 276//276 278//278
f 277//277 278//278 280//280
f 280//280 282//282 281//281
f 282//282 284//284 283//283
f 283//283 284//284 286//286
usemtl field_material_05
f 289//289 291//291 288//288
f 289//289 293//293 291//291
f 290//290 291//291 293//293
f 293//293 289//289 292//292
f 292//292 288//288 290//290
f 294//294 295//295 297//297
f 297//297 299//299 298//298
f 299//299 301//301 300//300
f 301//301 303//303 302//302
f 299//299 297//297 295//295
f 295//295 305//305 303//303
f 303//303 301//301 299//299
f 303//303 305//305 304//304
f 304//304 305//305 295//295
f 304//304 294//294 296//296
f 296//296 298//298 304//304
f 298//298 300//300 304//304
usemtl field_material_17
f 307//307 309//309 308//308
f 308//308 309//309 311//311
f 311//311 313//313 312//312
f 313//313 315//315 314//314
f 314//314 315//315 317//317
f 317//317 319//319 318//318
f 319//319 321//321 320//320
f 321//321 323//323 322//322
f 323//323 324//324 322//322
usemtl field_material_05
f 325//325 326//326 328//328
f 328//328 330//330 327//327
f 326//326 330//330 328//328
f 330//330 326//326 329//329
f 329//329 325//325 327//327
usemtl field_material_17
f 331//331 332//332 334//334
f 333//333 334//334 336//336
f 335//335 336//336 338//338
f 338//338 340//340 339//339
f 340//340 342//342 341//341
f 342//342 344//344 343//343
f 343//343 344//344 346//346
f 346//346 348//348 347//347
f 348//348 349//349 347//347
usemtl field_material_05
f 351//351 353//353 352//352
f 351//351 355//355 353//353
f 353//353 355//355 354//354
f 355//355 351//351 354//354
f 354//354 350//350 352//352
usemtl field_material_17
f 357//357 359//359 358//358
f 358//358 359//359 361//361
f 361//361 363//363 362//362
f 363//363 365//365 364//364
f 364//364 365//365 367//367
f 366//366 367//367 369//369
f 368//368 369//369 371//371
f 370//370 371//371 373//373
f 373//373 374//374 372//372
usemtl field_material_05
f 375//375 378//378 376//376
f 377//377 378//378 380//380
f 375//375 380//380 378//378
f 379//379 380//380 375//375
f 376//376 377//377 379//379
f 381//381 382//382 384//384
f 383//383 384//384 386//386
f 385//385 386//386 388//388
f 388//388 390//390 389//389
f 386//386 384//384 382//382
f 382//382 392//392 386//386
f 392//392 390//390 386//386
f 390//390 392//392 391//391
f 391//391 392//392 382//382
f 391//391 381//381 383//383
f 383//383 385//385 391//391
f 385//385 387//387 391//391
usemtl field_material_07
f 393//393 394//394 396//396
f 395//395 396//396 398//398
f 398//398 400//400 399//399
f 400//400 402//402 401//401
f 402//402 404//404 403//403
f 403//403 404//404 406//406
f 406//406 408//408 407//407
f 407//407 408//408 410//410
f 410//410 411//411 409//409
usemtl field_material_05
f 413//413 416//416 412//412
f 415//415 416//416 413//413
usemtl field_material_07
f 418//418 420//420 419//419
f 419//419 420//420 422//422
f 422//422 424//424 423//423
f 424//424 426//426 425//425
f 425//425 426//426 428//428
f 428//428 430//430 429//429
f 430//430 432//432 431//431
f 432//432 434//434 433//433
usemtl field_material_05
f 437//437 439//439 436//436
f 439//439 441//441 438//438
f 439//439 437//437 441//441
f 440//440 441//441 437//437
f 440//440 436//436 438//438
usemtl field_material_07
f 442//442 443//443 445//445
f 444//444 445//445 447//447
f 447//447 449//449 448//448
f 449//449 451//451 450//450
f 451//451 453//453 452//452
f 453//453 455//455 454//454
f 455//455 457//457 456//456
f 457//457 459//459 458//458
usemtl field_material_05
f 462//462 464//464 461//461
f 464//464 466//466 463//463
f 462//462 466//466 464//464
f 465//465 466//466 462//462
f 461//461 463//463 465//465
f 467//467 468//468 470//470
f 469//469 470//470 472//472
f 471//471 472//472 474//474
f 474//474 476//476 475//475
f 472//472 470//470 468//468
f 468//468 478//478 476//476
f 476//476 474//474 468//468
f 476//476 478//478 477//477
f 477//477 478//478 468//468
f 477//477 467//467 473//473
f 467//467 469//469 473//473
f 469//469 471//471 473//473
usemtl field_material_23
f 479//479 480//480 482//482
f 482//482 484//484 483//483
f 483//483 484//484 486//486
f 486//486 488//488 487//487
f 488//488 490//490 489//489
f 489//489 490//490 492//492
f 492//492 494//494 493//493
f 493//493 494//494 496//496
f 496//496 497//497 495//495
usemtl field_material_05
f 499//499 501//501 498//498
f 500//500 501//501 503//503
f 503//503 499//499 502//502
f 502//502 498//498 500//500
usemtl field_material_23
f 505//505 507//507 506//506
f 507//507 509//509 508//508
f 508//508 509//509 511//511
f 511//511 513//513 512//512
f 513//513 515//515 514//514
f 514//514 515//515 517//517
f 516//516 517//517 519//519
f 519//519 521//521 520//520
usemtl field_material_05
f 523//523 524//524 526//526
f 526//526 528//528 525//525
f 528//528 524//524 527//527
f 527//527 523//523 525//525
usemtl field_material_23
f 530//530 532//532 531//531
f 531//531 532//532 534//534
f 534//534 536//536 535//535
f 536//536 538//538 537//537
f 538//538 540//540 539//539
f 539//539 540//540 542//542
f 541//541 542//542 544//544
f 543//543 544//544 546//546
f 546//546 547//547 545//545
usemtl field_material_05
f 549//549 551//551 548//548
f 550//550 551//551 552//552
f 552//552 549//549 553//553
f 548//548 550//550 553//553
f 554//554 555//555 557//557
f 557//557 559//559 558//558
f 558//558 559//559 561//561
f 561//561 562//562 560//560
f 559//559 557//557 555//555
f 562//562 561//561 559//559
f 562//562 555//555 563//563
f 563//563 554//554 560//560
f 554//554 556//556 560//560
f 556//556 558//558 560//560
usemtl field_material_03
f 571//571 572//572 565//565
f 572//572 573//573 566//566
f 566//566 573//573 574//574
f 574//574 575//575 567//567
f 567//567 575//575 583//583
f 583//583 576//576 568//568
f 576//576 577//577 568//568
f 569//569 577//577 578//578
f 578//578 579//579 570//570
f 570//570 579//579 580//580
f 580//580 571//571 565//565
f 581//581 582//582 574//574
f 571//571 585//585 586//586
f 572//572 586//586 587//587
f 581//581 587//587 588//588
f 588//588 589//589 581//581
f 589//589 590//590 582//582
f 590//590 591//591 575//575
f 591//591 592//592 583//583
f 592//592 593//593 576//576
f 593//593 594//594 577//577
f 577//577 594//594 595//595
f 595//595 596//596 578//578
f 596//596 597//597 580//580
f 586//586 598//598 587//587
f 598//598 599//599 587//587
f 590//590 600//600 601//601
f 591//591 601//601 602//602
f 594//594 593//593 603//603
f 594//594 603//603 595//595
f 596//596 604//604 597//597
f 597//597 604//604 605//605
f 606//606 607//607 585//585
f 607//607 598//598 586//586
f 608//608 609//609 589//589
f 600//600 610//610 601//601
f 592//592 602//602 611//611
f 593//593 611//611 612//612
f 593//593 612//612 603//603
f 596//596 613//613 604//604
f 606//606 614//614 607//607
f 599//599 615//615 608//608
f 610//610 617//617 602//602
f 611//611 618//618 612//612
f 605//605 619//619 606//606
f 619//619 614//614 606//606
f 620//620 621//621 607//607
f 607//607 621//621 622//622
f 622//622 623//623 598//598
f 625//625 626//626 600//600
f 626//626 627//627 610//610
f 610//610 627//627 628//628
f 610//610 628//628 617//617
f 602//602 629//629 630//630
f 618//618 631//631 612//612
f 612//612 631//631 632//632
f 603//603 632//632 633//633
f 633//633 634//634 613//613
f 604//604 634//634 635//635
f 636//636 642//642 634//634
f 634//634 642//642 635//635
f 614//614 637//637 620//620
f 622//622 638//638 623//623
f 623//623 638//638 615//615
f 624//624 639//639 616//616
f 639//639 640//640 625//625
f 625//625 640//640 626//626
f 627//627 641//641 628//628
f 628//628 641//641 617//617
f 642//642 643//643 635//635
f 643//643 644//644 619//619
f 619//619 644//644 614//614
f 614//614 645//645 637//637
f 637//637 652//652 621//621
f 615//615 646//646 624//624
f 624//624 646//646 639//639
f 640//640 653//653 626//626
f 626//626 653//653 627//627
f 641//641 654//654 617//617
f 647//647 648//648 618//618
f 618//618 648//648 649//649
f 633//633 650//650 636//636
f 636//636 650//650 651//651
f 644//644 645//645 614//614
f 622//622 652//652 638//638
f 642//642 651//651 643//643
f 656//656 657//657 652//652
f 652//652 657//657 658//658
f 658//658 659//659 646//646
f 659//659 660//660 653//653
f 660//660 661//661 641//641
f 661//661 662//662 654//654
f 648//648 662//662 663//663
f 663//663 664//664 655//655
f 651//651 664//664 665//665
f 644//644 665//665 656//656
usemtl field_material_05
f 669//669 681//681 672//672
f 668//668 670//670 672//672
f 672//672 670//670 667//667
f 672//672 674//674 673//673
f 674//674 675//675 676//676
f 674//674 667//667 677//677
f 679//679 675//675 678//678
f 677//677 680//680 678//678
f 678//678 681//681 669//669
f 681//681 680//680 668//668
f 683//683 693//693 686//686
f 684//684 687//687 686//686
f 686//686 688//688 689//689
f 688//688 687//687 690//690
f 689//689 688//688 691//691
f 690//690 682//682 691//691
f 691//691 693//693 683//683
f 693//693 682//682 684//684
f 697//697 705//705 696//696
f 695//695 699//699 700//700
f 697//697 696//696 700//700
f 700//700 701//701 703//703
f 700//700 699//699 702//702
f 703//703 701//701 704//704
f 702//702 694//694 704//704
f 704//704 705//705 706//706
f 705//705 694//694 695//695
f 709//709 719//719 712//712
f 708//708 710//710 712//712
f 712//712 710//710 707//707
f 712//712 713//713 714//714
f 713//713 707//707 715//715
f 714//714 713//713 716//716
f 715//715 718//718 716//716
f 716//716 719//719 709//709
f 719//719 718//718 708//708
f 721//721 732//732 724//724
f 722//722 720//720 724//724
f 724//724 725//725 726//726
f 725//725 727//727 729//729
f 725//725 720//720 728//728
f 729//729 727//727 730//730
f 728//728 731//731 730//730
f 730//730 732//732 733//733
f 732//732 731//731 722//722
f 735//735 737//737 736//736
f 736//736 737//737 739//739
f 739//739 740//740 738//738
f 740//740 743//743 741//741
f 739//739 737//737 735//735
f 743//743 740//740 735//735
f 742//742 743//743 735//735
f 742//742 734//734 736//736
f 738//738 741//741 742//742
usemtl field_material_09
f 750//750 751//751 752//752
f 752//752 753//753 745//745
f 746//746 753//753 754//754
f 754//754 755//755 746//746
f 747//747 755//755 756//756
f 756//756 764//764 747//747
f 747//747 764//764 757//757
f 757//757 758//758 748//748
f 749//749 758//758 767//767
f 749//749 767//767 759//759
f 759//759 751//751 750//750
f 760//760 761//761 752//752
f 761//761 754//754 753//753
f 756//756 762//762 763//763
f 765//765 766//766 758//758
f 768//768 769//769 760//760
f 760//760 769//769 770//770
f 770//770 771//771 761//761
f 771//771 772//772 754//754
f 772//772 773//773 755//755
f 755//755 773//773 762//762
f 774//774 775//775 763//763
f 764//764 775//775 776//776
f 757//757 776//776 777//777
f 777//777 778//778 765//765
f 778//778 779//779 766//766
f 779//779 780//780 759//759
f 780//780 768//768 751//751
f 781//781 782//782 770//770
f 772//772 784//784 773//773
f 784//784 785//785 773//773
f 785//785 786//786 762//762
f 762//762 786//786 787//787
f 787//787 788//788 774//774
f 774//774 788//788 789//789
f 789//789 790//790 775//775
f 790//790 791//791 776//776
f 776//776 791//791 777//777
f 777//777 792//792 778//778
f 778//778 792//792 793//793
f 793//793 794//794 779//779
f 794//794 795//795 780//780
f 789//789 799//799 790//790
f 792//792 801//801 793//793
f 793//793 801//801 802//802
f 794//794 802//802 803//803
f 795//795 803//803 796//796
f 797//797 805//805 783//783
f 798//798 806//806 784//784
f 784//784 806//806 785//785
f 787//787 807//807 788//788
f 807//807 808//808 789//789
f 789//789 808//808 799//799
f 800//800 809//809 792//792
f 792//792 809//809 801//801
f 803//803 804//804 796//796
f 811//811 812//812 781//781
f 781//781 812//812 813//813
f 782//782 813//813 814//814
f 806//806 816//816 785//785
f 816//816 817//817 786//786
f 817//817 818//818 787//787
f 799//799 819//819 820//820
f 799//799 820//820 821//821
f 791//791 821//821 822//822
f 801//801 823//823 824//824
f 802//802 825//825 826//826
f 826//826 827//827 803//803
f 804//804 828//828 829//829
f 811//811 829//829 812//812
f 813//813 830//830 814//814
f 814//814 830//830 831//831
f 821//821 833//833 822//822
f 833//833 834//834 809//809
f 824//824 835//835 810//810
f 835//835 836//836 825//825
f 836//836 837//837 826//826
f 826//826 837//837 838//838
f 838//838 828//828 804//804
f 829//829 839//839 812//812
f 839//839 840//840 813//813
f 813//813 840//840 830//830
f 831//831 841//841 815//815
f 815//815 841//841 832//832
f 818//818 843//843 807//807
f 843//843 844//844 808//808
f 808//808 844//844 819//819
f 819//819 845//845 820//820
f 845//845 846//846 821//821
f 821//821 846//846 833//833
f 834//834 847//847 823//823
f 847//847 848//848 824//824
f 824//824 848//848 835//835
f 830//830 849//849 831//831
f 851//851 852//852 818//818
f 844//844 853//853 819//819
f 833//833 854//854 834//834
f 835//835 855//855 836//836
f 837//837 856//856 838//838
f 838//838 856//856 828//828
f 828//828 866//866 857//857
f 857//857 858//858 840//840
f 858//858 859//859 849//849
f 850//850 859//859 860//860
f 860//860 861//861 843//843
f 844//844 861//861 862//862
f 862//862 863//863 846//846
f 854//854 863//863 864//864
f 864//864 865//865 855//855
f 836//836 865//865 866//866
usemtl field_material_05
f 869//869 872//872 871//871
f 874//874 871//871 873//873
f 873//873 877//877 876//876
f 873//873 872//872 875//875
f 875//875 868//868 879//879
f 878//878 877//877 879//879
f 868//868 880//880 881//881
f 878//878 879//879 881//881
f 881//881 883//883 882//882
f 883//883 880//880 869//869
f 897//897 884//884 885//885
f 886//886 885//885 887//887
f 884//884 888//888 887//887
f 887//887 889//889 890//890
f 889//889 888//888 891//891
f 891//891 893//893 894//894
f 895//895 894//894 896//896
f 896//896 893//893 897//897
f 896//896 898//898 899//899
f 898//898 885//885 899//899
f 901//901 904//904 903//903
f 906//906 903//903 905//905
f 905//905 907//907 908//908
f 905//905 904//904 900//900
f 907//907 909//909 911//911
f 907//907 900//900 910//910
f 910//910 912//912 913//913
f 911//911 909//909 913//913
f 913//913 915//915 914//914
f 915//915 912//912 901//901
f 931//931 917//917 918//918
f 930//930 916//916 918//918
f 919//919 918//918 920//920
f 916//916 921//921 920//920
f 920//920 922//922 923//923
f 922//922 921//921 924//924
f 924//924 927//927 926//926
f 929//929 926//926 928//928
f 928//928 927//927 930//930
f 928//928 917//917 931//931
f 934//934 933//933 936//936
f 935//935 939//939 938//938
f 937//937 936//936 938//938
f 938//938 940//940 941//941
f 940//940 939//939 942//942
f 941//941 940//940 943//943
f 945//945 943//943 944//944
f 942//942 932//932 944//944
f 944//944 933//933 934//934
f 933//933 932//932 935//935
usemtl field_material_29
f 948//948 946//946 947//947
f 947//947 950//950 949//949
f 950//950 951//951 952//952
f 951//951 946//946 953//953
f 956//956 958//958 957//957
f 958//958 960//960 959//959
f 960//960 954//954 961//961
f 963//963 964//964 965//965
f 964//964 962//962 966//966
f 968//968 962//962 967//967
f 967//967 963//963 969//969
f 971//971 970//970 973//973
f 973//973 975//975 974//974
f 974//974 975//975 976//976
f 975//975 970//970 971//971
f 979//979 977//977 978//978
f 981//981 982//982 983//983
f 982//982 977//977 984//984
f 987//987 985//985 986//986
f 986//986 989//989 988//988
f 989//989 990//990 991//991
f 990//990 985//985 992//992
f 1000//1000 993//993 995//995
f 1000//1000 995//995 994//994
f 995//995 996//996 997//997
f 998//998 996//996 999//999
f 999//999 993//993 1000//1000
f 1002//1002 1003//1003 1004//1004
f 1003//1003 1001//1001 1005//1005
f 1007//1007 1001//1001 1006//1006
f 1006//1006 1002//1002 1008//1008
f 1011//1011 1010//1010 1012//1012
f 1012//1012 1009//1009 1013//1013
f 1013//1013 1009//1009 1015//1015
f 1013//1013 1015//1015 1014//1014
f 1015//1015 1010//1010 1016//1016
f 1019//1019 1023//1023 1018//1018
f 1018//1018 1017//1017 1020//1020
f 1021//1021 1023//1023 1024//1024
f 1026//1026 1028//1028 1027//1027
f 1028//1028 1025//1025 1029//1029
f 1030//1030 1025//1025 1031//1031
f 1031//1031 1026//1026 1032//1032
f 1034//1034 1035//1035 1036//1036
f 1035//1035 1033//1033 1037//1037
f 1039//1039 1033//1033 1038//1038
f 1038//1038 1034//1034 1040//1040
f 1048//1048 1041//1041 1043//1043
f 1048//1048 1043//1043 1042//1042
f 1043//1043 1044//1044 1045//1045
f 1046//1046 1044//1044 1047//1047
f 1047//1047 1041//1041 1048//1048
f 1050//1050 1055//1055 1051//1051
f 1051//1051 1049//1049 1052//1052
f 1052//1052 1049//1049 1054//1054
f 1052//1052 1054//1054 1053//1053
f 1054//1054 1055//1055 1056//1056
usemtl field_material_05
f 1057//1057 1058//1058 1060//1060
f 1060//1060 1061//1061 1059//1059
f 1061//1061 1063//1063 1062//1062
f 1063//1063 1065//1065 1064//1064
f 1061//1061 1060//1060 1058//1058
f 1058//1058 1065//1065 1061//1061
f 1065//1065 1058//1058 1066//1066
f 1066//1066 1057//1057 1059//1059
f 1059//1059 1062//1062 1066//1066
usemtl field_material_03
f 1068//1068 1075//1075 1076//1076
f 1069//1069 1076//1076 1077//1077
f 1077//1077 1078//1078 1070//1070
f 1070//1070 1078//1078 1084//1084
f 1071//1071 1084//1084 1079//1079
f 1079//1079 1080//1080 1072//1072
f 1072//1072 1080//1080 1081//1081
f 1074//1074 1082//1082 1087//1087
f 1074//1074 1087//1087 1083//1083
f 1083//1083 1075//1075 1068//1068
f 1084//1084 1085//1085 1079//1079
f 1085//1085 1080//1080 1079//1079
f 1086//1086 1082//1082 1073//1073
f 1075//1075 1088//1088 1089//1089
f 1089//1089 1090//1090 1077//1077
f 1077//1077 1090//1090 1091//1091
f 1091//1091 1092//1092 1078//1078
f 1078//1078 1092//1092 1093//1093
f 1084//1084 1093//1093 1094//1094
f 1094//1094 1095//1095 1080//1080
f 1095//1095 1096//1096 1080//1080
f 1081//1081 1096//1096 1097//1097
f 1097//1097 1098//1098 1082//1082
f 1082//1082 1098//1098 1099//1099
f 1099//1099 1100//1100 1087//1087
f 1083//1083 1100//1100 1101//1101
f 1101//1101 1088//1088 1075//1075
f 1102//1102 1103//1103 1089//1089
f 1091//1091 1104//1104 1092//1092
f 1104//1104 1105//1105 1092//1092
f 1092//1092 1105//1105 1093//1093
f 1095//1095 1106//1106 1107//1107
f 1107//1107 1108//1108 1096//1096
f 1108//1108 1109//1109 1097//1097
f 1097//1097 1109//1109 1098//1098
f 1099//1099 1110//1110 1100//1100
f 1100//1100 1110//1110 1111//1111
f 1111//1111 1112//1112 1101//1101
f 1101//1101 1112//1112 1113//1113
f 1113//1113 1102//1102 1088//1088
f 1115//1115 1116//1116 1090//1090
f 1117//1117 1118//1118 1094//1094
f 1094//1094 1118//1118 1106//1106
f 1098//1098 1120//1120 1121//1121
f 1114//1114 1122//1122 1103//1103
f 1103//1103 1123//1123 1115//1115
f 1104//1104 1125//1125 1105//1105
f 1105//1105 1125//1125 1117//1117
f 1107//1107 1127//1127 1119//1119
f 1109//1109 1128//1128 1120//1120
f 1120//1120 1129//1129 1121//1121
f 1121//1121 1129//1129 1110//1110
f 1112//1112 1130//1130 1113//1113
f 1125//1125 1135//1135 1117//1117
f 1135//1135 1136//1136 1118//1118
f 1136//1136 1137//1137 1118//1118
f 1137//1137 1138//1138 1106//1106
f 1107//1107 1139//1139 1127//1127
f 1140//1140 1141//1141 1109//1109
f 1129//1129 1143//1143 1110//1110
f 1110//1110 1143//1143 1144//1144
f 1144//1144 1145//1145 1112//1112
f 1133//1133 1146//1146 1124//1124
f 1124//1124 1146//1146 1134//1134
f 1135//1135 1147//1147 1136//1136
f 1136//1136 1147//1147 1137//1137
f 1148//1148 1149//1149 1140//1140
f 1140//1140 1149//1149 1141//1141
f 1143//1143 1150//1150 1144//1144
f 1144//1144 1150//1150 1151//1151
f 1145//1145 1151//1151 1152//1152
f 1131//1131 1153//1153 1154//1154
f 1132//1132 1155//1155 1123//1123
f 1155//1155 1156//1156 1133//1133
f 1133//1133 1156//1156 1146//1146
f 1157//1157 1158//1158 1135//1135
f 1135//1135 1158//1158 1147//1147
f 1128//1128 1160//1160 1142//1142
f 1142//1142 1160//1160 1161//1161
f 1161//1161 1162//1162 1143//1143
f 1143//1143 1162//1162 1150//1150
f 1152//1152 1153//1153 1131//1131
f 1148//1148 1166//1166 1149//1149
f 1151//1151 1168//1168 1152//1152
f 1154//1154 1169//1169 1170//1170
f 1155//1155 1170//1170 1171//1171
f 1171//1171 1172//1172 1164//1164
f 1172//1172 1173//1173 1158//1158
f 1147//1147 1173//1173 1174//1174
f 1174//1174 1175//1175 1159//1159
f 1175//1175 1176//1176 1149//1149
f 1167//1167 1176//1176 1177//1177
f 1177//1177 1178//1178 1161//1161
f 1178//1178 1179//1179 1151//1151
f 1179//1179 1169//1169 1153//1153
usemtl field_material_05
f 1182//1182 1184//1184 1185//1185
f 1183//1183 1182//1182 1185//1185
f 1187//1187 1185//1185 1186//1186
f 1186//1186 1184//1184 1188//1188
f 1186//1186 1190//1190 1189//1189
f 1188//1188 1181//1181 1191//1191
f 1189//1189 1190//1190 1191//1191
f 1181//1181 1194//1194 1193//1193
f 1192//1192 1191//1191 1193//1193
f 1193//1193 1195//1195 1183//1183
f 1195//1195 1182//1182 1183//1183
f 1195//1195 1194//1194 1182//1182
f 1201//1201 1198//1198 1200//1200
f 1197//1197 1199//1199 1200//1200
f 1200//1200 1204//1204 1202//1202
f 1204//1204 1199//1199 1203//1203
f 1202//1202 1204//1204 1205//1205
f 1203//1203 1196//1196 1207//1207
f 1206//1206 1205//1205 1207//1207
f 1207//1207 1208//1208 1209//1209
f 1208//1208 1196//1196 1197//1197
f 1208//1208 1198//1198 1209//1209
f 1211//1211 1214//1214 1212//1212
f 1213//1213 1211//1211 1212//1212
f 1213//1213 1212//1212 1215//1215
f 1215//1215 1218//1218 1216//1216
f 1215//1215 1214//1214 1210//1210
f 1218//1218 1210//1210 1217//1217
f 1219//1219 1218//1218 1220//1220
f 1217//1217 1221//1221 1222//1222
f 1219//1219 1220//1220 1222//1222
f 1222//1222 1224//1224 1223//1223
f 1224//1224 1221//1221 1211//1211
f 1224//1224 1211//1211 1213//1213
f 1228//1228 1226//1226 1229//1229
f 1227//1227 1230//1230 1229//1229
f 1229//1229 1231//1231 1232//1232
f 1231//1231 1230//1230 1233//1233
f 1233//1233 1225//1225 1237//1237
f 1236//1236 1235//1235 1237//1237
f 1237//1237 1238//1238 1239//1239
f 1238//1238 1225//1225 1227//1227
f 1238//1238 1226//1226 1239//1239
f 1253//1253 1240//1240 1242//1242
f 1243//1243 1241//1241 1242//1242
f 1243//1243 1242//1242 1244//1244
f 1244//1244 1246//1246 1247//1247
f 1244//1244 1240//1240 1245//1245
f 1245//1245 1249//1249 1250//1250
f 1251//1251 1250//1250 1252//1252
f 1252//1252 1249//1249 1253//1253
f 1252//1252 1241//1241 1254//1254
