# Strawberry URP Gazebo mesh generated by export_gazebo_assets.py
mtllib plant_variant_13.mtl

o field_export_plant_variant_13
v 0.000000000 0.000000000 0.025000000
v 0.000000000 0.026450338 0.020225426
v 0.000000000 0.042797547 0.007725425
v 0.000000000 0.042797547 -0.007725425
v 0.000000000 0.026450338 -0.020225426
v 0.000000000 0.000000000 -0.025000000
v 0.018703211 0.018703211 0.020225426
v 0.030262435 0.030262435 0.007725425
v 0.030262435 0.030262435 -0.007725425
v 0.018703211 0.018703211 -0.020225426
v 0.026450334 0.000000000 0.020225426
v 0.042797547 0.000000000 0.007725425
v 0.042797547 0.000000000 -0.007725425
v 0.026450334 0.000000000 -0.020225426
v 0.018703211 -0.018703211 0.020225426
v 0.030262435 -0.030262435 0.007725425
v 0.030262435 -0.030262435 -0.007725425
v 0.018703211 -0.018703211 -0.020225426
v 0.000000000 -0.026450334 0.020225426
v 0.000000000 -0.042797547 0.007725425
v 0.000000000 -0.042797547 -0.007725425
v 0.000000000 -0.026450334 -0.020225426
v -0.018703211 -0.018703211 0.020225426
v -0.030262435 -0.030262435 0.007725425
v -0.030262435 -0.030262435 -0.007725425
v -0.018703211 -0.018703211 -0.020225426
v -0.026450334 0.000000000 0.020225426
v -0.042797547 0.000000000 0.007725425
v -0.042797547 0.000000000 -0.007725425
v -0.026450334 0.000000000 -0.020225426
v -0.018703211 0.018703211 0.020225426
v -0.030262435 0.030262435 0.007725425
v -0.030262435 0.030262435 -0.007725425
v -0.018703211 0.018703211 -0.020225426
v 0.000914103 -0.004507504 0.005277000
v -0.029989257 0.147878975 0.140795827
v -0.005484187 -0.003458612 0.002638496
v -0.036387548 0.148927867 0.138157338
v -0.006398292 0.001048908 -0.002638504
v -0.037301652 0.153435379 0.132880330
v -0.000914106 0.004507519 -0.005277000
v -0.031817466 0.156893998 0.130241841
v 0.005484185 0.003458627 -0.002638496
v -0.025419176 0.155845106 0.132880330
v 0.006398289 -0.001048893 0.002638504
v -0.024505071 0.151337579 0.138157338
v -0.064380169 0.164886191 0.150456592
v -0.003045148 0.177275985 0.145367637
v -0.066696592 0.174056143 0.155429065
v -0.003720867 0.186827362 0.150421321
v -0.082327917 0.180569708 0.160639584
v 0.008763218 0.199042618 0.153396159
v -0.077878512 0.191186860 0.162930936
v 0.000953665 0.207173720 0.156662300
v -0.090776660 0.198320940 0.165126771
v 0.010254195 0.218809590 0.157092944
v -0.081599049 0.209968045 0.164040223
v -0.002766872 0.225954890 0.157771602
v -0.089768991 0.218132064 0.162858173
v 0.001322141 0.236604974 0.155614734
v -0.077858210 0.230399668 0.158756942
v -0.014882479 0.243170887 0.153749198
v -0.079259545 0.239988804 0.154839098
v -0.017936392 0.252429307 0.149758205
v -0.053278044 0.265016854 0.142193988
v -0.032601807 0.152068749 0.135300860
v -0.051697899 0.250042647 0.148845091
v -0.051849779 0.250351280 0.146072954
v -0.029498948 0.152662605 0.135589838
v -0.049090344 0.250760525 0.147300810
v 0.000498669 0.186534896 0.146448582
v 0.043905802 0.163870722 0.146144643
v 0.003419591 0.193528876 0.150665075
v 0.048013195 0.170317650 0.150530472
v -0.003036760 0.205410644 0.154134914
v 0.061465569 0.171836793 0.153940231
v 0.004785346 0.209827825 0.156342179
v 0.060607024 0.180772319 0.156173691
v 0.000389493 0.220568210 0.157226160
v 0.071930222 0.183330834 0.157010227
v 0.011693946 0.223098874 0.156654596
v 0.067515619 0.194043353 0.156486109
v 0.010780439 0.231952727 0.154759750
v 0.075282767 0.198378891 0.154565066
v 0.024145391 0.233342022 0.151602328
v 0.068738997 0.210130781 0.151467726
v 0.028128687 0.239606395 0.147668824
v 0.071555614 0.216983929 0.147346422
v 0.056536779 0.241338238 0.137404665
v 0.015393872 0.161368340 0.136886075
v 0.050742935 0.230902553 0.148886070
v 0.014990754 0.162108615 0.133827716
v 0.051580530 0.230997011 0.145827726
v -0.104709789 0.133387461 0.140913188
v -0.073603660 0.170927957 0.145500094
v -0.111116216 0.137466982 0.143866718
v -0.079235397 0.176038548 0.148685068
v -0.124206088 0.133487880 0.145242035
v -0.078092135 0.189279646 0.152211532
v -0.127002075 0.141920581 0.147289649
v -0.087094083 0.190203950 0.153321207
v -0.138437033 0.139853925 0.147046208
v -0.087291196 0.201733604 0.154776216
v -0.138548315 0.151438430 0.147494033
v -0.098640323 0.199721813 0.153525591
v -0.147298574 0.152523592 0.145650804
v -0.101184607 0.208315372 0.152620301
v -0.145754933 0.166020557 0.144479871
v -0.113874108 0.204592124 0.149298221
v -0.150851995 0.171448499 0.141583934
v -0.119795308 0.209000632 0.146387771
v -0.146198168 0.200166807 0.136763543
v -0.076109417 0.143894270 0.136293158
v -0.078036629 0.141949564 0.134690672
v -0.136686876 0.192892566 0.148886085
v -0.137495100 0.192653254 0.145827726
v 0.003513888 -0.002408855 0.005554326
v -0.180109188 0.123469494 0.176313549
v -0.001670741 -0.006204523 0.002777182
v -0.185293823 0.119673826 0.173536390
v -0.005184606 -0.003795676 -0.002777122
v -0.188807681 0.122082673 0.167982101
v -0.003513843 0.002408840 -0.005554266
v -0.187136918 0.128287196 0.165204942
v 0.001670785 0.006204508 -0.002777122
v -0.181952298 0.132082850 0.167982101
v 0.005184650 0.003795661 0.002777182
v -0.178438425 0.129674017 0.173536390
v -0.217822805 0.110748500 0.177559286
v -0.182322770 0.162421241 0.180875182
v -0.226412088 0.115410924 0.180756941
v -0.190024629 0.168490559 0.184310734
v -0.242637083 0.108942673 0.182562917
v -0.190004513 0.185719609 0.187703297
v -0.247124106 0.119506977 0.184489191
v -0.201574773 0.185951352 0.188937798
v -0.261483639 0.115569495 0.184306800
v -0.203107879 0.200724214 0.190008104
v -0.262931556 0.130362719 0.184200615
v -0.217382222 0.196807086 0.188649207
v -0.274251968 0.130654141 0.181985751
v -0.221619397 0.207431078 0.187126145
v -0.273834437 0.147978127 0.179891199
v -0.237446964 0.201057762 0.183444992
v -0.280999511 0.154141501 0.176352173
v -0.245565563 0.205856264 0.179678947
v -0.278473109 0.190956175 0.169045612
v -0.266704649 0.181378096 0.183537126
v -0.184342340 0.125018522 0.169866562
v -0.182788432 0.126844406 0.171943948
v -0.265322208 0.183736384 0.181927338
v -0.183938771 0.172967866 0.183270767
v -0.137227327 0.186827078 0.178382024
v -0.186404318 0.180284679 0.187205449
v -0.138452768 0.194586247 0.182359457
v -0.199018434 0.184548557 0.191390961
v -0.129659012 0.205235019 0.184381485
v -0.196351171 0.193288609 0.192815855
v -0.136326060 0.211191118 0.186749697
v -0.206902504 0.197995335 0.194220006
v -0.129974678 0.220939085 0.186445653
v -0.200654715 0.207618311 0.192521974
v -0.140629604 0.225520819 0.186455816
v -0.207625493 0.213207945 0.190803215
v -0.138266072 0.233894408 0.183793738
v -0.199314922 0.223273784 0.186323822
v -0.151363373 0.237575322 0.181477830
v -0.201157093 0.230244994 0.181877375
v -0.154435530 0.244172737 0.177304894
v -0.182799608 0.250595599 0.169005886
v -0.178249761 0.239481747 0.184217766
v -0.158713356 0.164182201 0.170542270
v -0.180237725 0.239315286 0.181561485
v -0.155673474 0.165042654 0.170829952
v -0.223247111 0.061072189 0.176029086
v -0.227050111 0.109772317 0.179453596
v -0.230626106 0.059637040 0.178760529
v -0.234586030 0.109623969 0.182365403
v -0.237206340 0.047722660 0.180240825
v -0.242934182 0.120026156 0.185455069
v -0.245051950 0.051886633 0.182121158
v -0.250008941 0.114459597 0.186633691
v -0.251809746 0.042436376 0.182172641
v -0.258162618 0.122629516 0.187955871
v -0.259958804 0.050669570 0.182622448
v -0.264915824 0.113242529 0.187134981
v -0.267020047 0.045288533 0.181243390
v -0.272747904 0.117592029 0.186457634
v -0.275346667 0.055985846 0.180264384
v -0.279306620 0.105972767 0.183869258
v -0.282837629 0.056220554 0.177910760
v -0.286674649 0.104903556 0.181513086
v -0.299621344 0.079846360 0.173784003
v -0.209916845 0.085862279 0.171938553
v -0.287656844 0.080231376 0.184316263
v -0.210422307 0.088214301 0.169870600
v -0.288197547 0.081445470 0.181435704
v 0.004317299 0.001517370 0.005297065
v -0.188823760 -0.066364974 0.182159483
v 0.004168764 -0.004960537 0.002648540
v -0.188972294 -0.072842881 0.179510951
v -0.000148520 -0.006477911 -0.002648495
v -0.193289578 -0.074360251 0.174213916
v -0.004317269 -0.001517378 -0.005297020
v -0.197458327 -0.069399722 0.171565399
v -0.004168734 0.004960530 -0.002648495
v -0.197309792 -0.062921815 0.174213916
v 0.000148550 0.006477904 0.002648540
v -0.192992508 -0.061404441 0.179510951
v -0.201273739 -0.104653433 0.184356883
v -0.221981019 -0.045535453 0.188557193
v -0.210168362 -0.108930245 0.187942550
v -0.231487557 -0.048272166 0.192438453
v -0.214579821 -0.125908792 0.189841345
v -0.245416939 -0.038170025 0.196344450
v -0.225780249 -0.123339534 0.191997409
v -0.252467334 -0.047408558 0.197625324
v -0.231097996 -0.137249500 0.191602990
v -0.265300006 -0.039936822 0.198815703
v -0.243878692 -0.129658192 0.191426307
v -0.270565808 -0.053727206 0.197054237
v -0.250776738 -0.138546079 0.188699156
v -0.281613857 -0.050807320 0.195202261
v -0.264463723 -0.127886176 0.186229259
v -0.285782933 -0.067228109 0.190725178
v -0.273621619 -0.129904449 0.182008028
v -0.294396579 -0.070813879 0.186226487
v -0.301678687 -0.105836958 0.173451468
v -0.192616627 -0.069208130 0.177322045
v -0.287793517 -0.099877484 0.189640284
v -0.287071615 -0.102514043 0.188030511
v -0.193779603 -0.066268049 0.176302806
v -0.231757909 -0.041420799 0.183053181
v -0.215282395 0.004690080 0.183563113
v -0.239264637 -0.039470851 0.185446799
v -0.222404942 0.007886279 0.186096355
v -0.250289381 -0.047482636 0.187169850
v -0.225902706 0.021016996 0.188109398
v -0.255826205 -0.040331960 0.188254356
v -0.234721467 0.018949065 0.189067468
v -0.265882432 -0.046157360 0.188216701
v -0.238834724 0.029816851 0.189258784
v -0.269899309 -0.035310462 0.187430263
v -0.248794585 0.023970567 0.188243374
v -0.278435588 -0.037439644 0.185521662
v -0.254048914 0.031059992 0.186461225
v -0.281483978 -0.024406362 0.182974532
v -0.264624268 0.022950768 0.183624089
v -0.288008153 -0.021342415 0.179599464
v -0.271572500 0.024778051 0.180326253
v -0.293128818 0.006617490 0.171934694
v -0.209228426 -0.024546720 0.175973758
v -0.282230943 0.001839176 0.190419421
v -0.208128929 -0.022406947 0.178041711
v -0.282228202 0.003168242 0.187538862
v -0.165745869 -0.138425380 0.189469829
v -0.207313895 -0.112716742 0.186456606
v -0.169553041 -0.145379081 0.193691790
v -0.212268919 -0.119023912 0.190840945
v -0.164291292 -0.157827586 0.197664976
v -0.226077601 -0.119706213 0.193541393
v -0.172585547 -0.161755621 0.199342489
v -0.226056725 -0.128764570 0.195773840
v -0.169041097 -0.172813296 0.200258657
v -0.237569436 -0.130532160 0.195685104
v -0.180395871 -0.174497515 0.198574305
v -0.233867049 -0.141506463 0.195005655
v -0.179911926 -0.183311373 0.196128607
v -0.241698235 -0.145190001 0.192005023
v -0.192983985 -0.183604747 0.191387221
v -0.235699877 -0.157249585 0.188536376
v -0.196965396 -0.189379066 0.186116815
v -0.238594323 -0.163724691 0.183534607
v -0.224445894 -0.188590705 0.172269076
v -0.177969962 -0.112274118 0.175171345
v -0.217289627 -0.179347515 0.188933089
v -0.177127689 -0.112240918 0.178229704
v -0.220001340 -0.177726433 0.188645408
v 0.001781166 0.004583180 0.004982173
v -0.066453665 -0.170993894 0.190893024
v 0.006541051 0.000095643 0.002491087
v -0.061693780 -0.175481439 0.188401937
v 0.004759885 -0.004487529 -0.002491072
v -0.063474946 -0.180064604 0.183419779
v -0.001781166 -0.004583165 -0.004982159
v -0.070015997 -0.180160239 0.180928692
v -0.006541053 -0.000095628 -0.002491072
v -0.074775882 -0.175672710 0.183419779
v -0.004759885 0.004487544 0.002491087
v -0.072994716 -0.171089530 0.188401937
v -0.045626048 -0.205286279 0.189913139
v -0.103925578 -0.182565957 0.195029870
v -0.048152022 -0.214663863 0.192379698
v -0.108019419 -0.191397473 0.197736412
v -0.038135316 -0.228938475 0.193218306
v -0.124730393 -0.195284858 0.200966537
v -0.047358207 -0.235700965 0.194994122
v -0.122299403 -0.206576422 0.201699585
v -0.040257104 -0.248768464 0.194434553
v -0.136301309 -0.211442620 0.203028232
v -0.054315366 -0.253572345 0.194862604
v -0.129256561 -0.224447802 0.201568082
v -0.052049629 -0.264681220 0.192955285
v -0.138644710 -0.231027618 0.200703502
v -0.069023497 -0.268278003 0.191985160
v -0.128890887 -0.245011613 0.197341874
v -0.073435143 -0.276710331 0.189364329
v -0.131761163 -0.254060924 0.194469437
v -0.109933853 -0.282801867 0.185139671
v -0.066886947 -0.176041722 0.186370447
v -0.105543315 -0.268263966 0.198688686
v -0.103071705 -0.269431770 0.197078913
v -0.069876067 -0.175011277 0.185351223
v -0.112126611 -0.187806323 0.196062386
v -0.136375159 -0.145411789 0.199618965
v -0.117990144 -0.192331284 0.200733170
v -0.142901137 -0.148836270 0.204605579
v -0.118667960 -0.205964625 0.203813463
v -0.154700428 -0.143051356 0.209414706
v -0.127411276 -0.205589026 0.206873387
v -0.158594534 -0.151142567 0.211720824
v -0.129428893 -0.217038661 0.207466692
v -0.169393152 -0.147260383 0.213679135
v -0.140320078 -0.213079795 0.207968146
v -0.171503335 -0.158633322 0.212815568
v -0.144485563 -0.220946133 0.206002951
v -0.180518031 -0.158032864 0.211604193
v -0.156716540 -0.214803547 0.204017416
v -0.181627542 -0.171308532 0.207889825
v -0.163775459 -0.217770025 0.200386435
v -0.188038841 -0.175387233 0.203959271
v -0.189420134 -0.203523338 0.192483023
v -0.112744749 -0.157304466 0.185981512
v -0.111213170 -0.160067692 0.185693830
v -0.178939804 -0.198327959 0.199090108
v -0.180400997 -0.196416825 0.197022155
v 0.003300467 -0.198750079 0.194565862
v -0.043353762 -0.213624746 0.194743097
v 0.006123889 -0.205378145 0.198158577
v -0.041762073 -0.220682085 0.198464230
v 0.019036032 -0.208855361 0.201187611
v -0.050228529 -0.230991691 0.201629743
v 0.016613685 -0.217302978 0.203518152
v -0.043329325 -0.236460239 0.203900784
v 0.027309284 -0.221635893 0.204876706
v -0.049513318 -0.246187717 0.205367073
v 0.021143284 -0.231438041 0.205423295
v -0.038799725 -0.250595301 0.205805928
v 0.028095238 -0.237125486 0.204997912
v -0.041169323 -0.259261847 0.205440030
v 0.019712694 -0.247783363 0.203874007
v -0.028173266 -0.263087273 0.204179674
v 0.021405660 -0.255256087 0.202153176
v -0.025230208 -0.270182431 0.202333227
v 0.002779697 -0.277379066 0.197354525
v -0.022748331 -0.192155793 0.185353756
v 0.000471391 -0.266341120 0.199090108
v -0.025805276 -0.192968890 0.186368361
v -0.001703180 -0.267370105 0.197022140
v -0.002380796 0.004625410 0.004683755
v 0.078198463 -0.151924506 0.200243652
v 0.004199669 0.005087070 0.002341889
v 0.084778927 -0.151462853 0.197901785
v 0.006580457 0.000461660 -0.002341844
v 0.087159716 -0.156088263 0.193218052
v 0.002380781 -0.004625425 -0.004683711
v 0.082960039 -0.161175340 0.190876186
v -0.004199684 -0.005087085 -0.002341844
v 0.076379575 -0.161637008 0.193218052
v -0.006580472 -0.000461675 0.002341889
v 0.073998787 -0.157011598 0.197901785
v 0.117666729 -0.159368321 0.205894217
v 0.061835945 -0.188039556 0.207399741
v 0.122935146 -0.167529717 0.210173249
v 0.065649554 -0.197015703 0.211923093
v 0.140234903 -0.169505775 0.213293999
v 0.057374265 -0.212155715 0.215825036
v 0.139126301 -0.180921197 0.215706319
v 0.067416951 -0.217831358 0.217896745
v 0.153639391 -0.184256002 0.216224194
v 0.061737120 -0.231559843 0.219031423
v 0.147907376 -0.197970062 0.215893194
v 0.076198034 -0.234880209 0.218083605
v 0.157797053 -0.203603476 0.213667721
v 0.074936420 -0.246253416 0.216198772
v 0.149278373 -0.218676269 0.210733846
v 0.091992781 -0.248162270 0.212483674
v 0.152767748 -0.227528319 0.206568971
v 0.096970700 -0.256258905 0.208100021
v 0.133301035 -0.258778214 0.196696699
v 0.125234872 -0.245929226 0.208337784
v 0.080961570 -0.156582415 0.193861127
v 0.127747729 -0.244853064 0.206728011
v 0.080171026 -0.156574681 0.196933404
v 0.059320848 -0.197573170 0.205411732
v 0.011437709 -0.187591866 0.203064576
v 0.058293477 -0.204954654 0.208876461
v 0.009119460 -0.194748491 0.206613943
v 0.067627758 -0.214513242 0.212239519
v -0.003499903 -0.199750543 0.208966896
v 0.061239038 -0.220812738 0.213952065
v -0.000316340 -0.208036795 0.211119860
v 0.068347849 -0.229918420 0.215251625
v -0.010541156 -0.213544846 0.211621895
v 0.058169182 -0.235440969 0.214685261
v -0.003386196 -0.222665027 0.211853072
v 0.061488047 -0.243769720 0.213705927
v -0.009639613 -0.229007021 0.210433304
v 0.049083911 -0.248839378 0.211076066
v -0.000090111 -0.238633201 0.208813548
v 0.047046885 -0.256058037 0.208307520
v -0.000844434 -0.246124282 0.205962747
v 0.020418972 -0.265809864 0.199974284
v 0.039989222 -0.178186834 0.196334273
v 0.023348063 -0.254302084 0.208927169
v 0.037269253 -0.177874088 0.194731787
v 0.022567671 -0.254620671 0.205868825
v 0.145653084 -0.119844824 0.210888028
v 0.125938654 -0.164462328 0.206586674
v 0.152674139 -0.122697085 0.216062546
v 0.132453457 -0.168536752 0.211913094
v 0.163953811 -0.115830064 0.221196860
v 0.134705633 -0.182134748 0.215194896
v 0.168777883 -0.123534128 0.223514080
v 0.143465906 -0.180915609 0.218319848
v 0.179163158 -0.118560225 0.225308001
v 0.146723464 -0.192099988 0.218651116
v 0.182451025 -0.129602537 0.223922268
v 0.157139033 -0.186984017 0.218728036
v 0.191300094 -0.127966881 0.222013220
v 0.162051916 -0.194271579 0.216011256
v 0.193693563 -0.140902326 0.217287078
v 0.173472881 -0.186741993 0.213137627
v 0.200367376 -0.144121498 0.212428853
v 0.180664808 -0.188747525 0.208177671
v 0.204371452 -0.171358839 0.198027104
v 0.123096235 -0.133472979 0.195342943
v 0.193692178 -0.166093349 0.208927184
v 0.121780783 -0.136345401 0.195630610
v 0.193840399 -0.166923121 0.205868825
v -0.004051916 0.000455758 0.005689837
v 0.213384300 -0.024001759 0.162492156
v -0.001348346 0.006252063 0.002844915
v 0.216087878 -0.018205453 0.159647226
v 0.002703570 0.005796296 -0.002844922
v 0.220139802 -0.018661220 0.153957397
v 0.004051916 -0.000455776 -0.005689837
v 0.221488148 -0.024913292 0.151112467
v 0.001348346 -0.006252081 -0.002844915
v 0.218784571 -0.030709598 0.153957397
v -0.002703570 -0.005796314 0.002844922
v 0.214732647 -0.030253831 0.159647226
v 0.240125075 0.005161341 0.166673928
v 0.233062565 -0.057139989 0.169843748
v 0.249758422 0.005157363 0.171119690
v 0.242564529 -0.058798939 0.174578413
v 0.260923445 0.018559003 0.174050987
v 0.250517845 -0.073950484 0.179053843
v 0.269770175 0.011392111 0.176826179
v 0.260764956 -0.068667546 0.181155771
v 0.280571371 0.021647541 0.177244425
v 0.269030362 -0.080956437 0.182793200
v 0.288822621 0.009281257 0.177421376
v 0.279817402 -0.070778400 0.181750953
v 0.299028337 0.014337296 0.175241381
v 0.288622737 -0.078172192 0.180244237
v 0.306915760 -0.001175202 0.172905266
v 0.299721867 -0.065131508 0.176363990
v 0.316293478 -0.003283911 0.168981552
v 0.309298813 -0.065589294 0.172178045
v 0.331716359 -0.037057143 0.160386562
v 0.316582710 -0.036817197 0.169580162
v 0.217655346 -0.022743579 0.156584337
v 0.317079455 -0.034129109 0.167970374
v 0.217267767 -0.025878904 0.156873316
v 0.239465326 -0.065216109 0.168331832
v 0.204703942 -0.099440172 0.164054349
v 0.244914621 -0.070267797 0.172117665
v 0.209260359 -0.105453640 0.167863518
v 0.257925987 -0.067906208 0.176152527
v 0.206353918 -0.118800707 0.169999123
v 0.259572893 -0.076767370 0.177816138
v 0.214941353 -0.120812550 0.172490850
v 0.271046251 -0.075939715 0.179519787
v 0.213846728 -0.132387757 0.172694921
v 0.270026356 -0.087449983 0.178560421
v 0.225394815 -0.131495163 0.173235133
v 0.278832883 -0.089271426 0.177641109
v 0.227260828 -0.140165925 0.171487689
v 0.276275009 -0.102315634 0.174350530
v 0.240620732 -0.137501478 0.170096382
v 0.281250685 -0.107915841 0.171269313
v 0.246538877 -0.142187238 0.166988149
v 0.274913132 -0.135201886 0.161284000
v 0.213435918 -0.069973201 0.156585321
v 0.266556978 -0.126794010 0.170169547
v 0.211156353 -0.072160624 0.156872988
v 0.267385274 -0.126637667 0.167111203
v 0.221737146 0.049741015 0.172367617
v 0.248025790 0.008527346 0.169497699
v 0.227542847 0.053858310 0.178039700
v 0.254547983 0.011539510 0.175354317
v 0.227689430 0.066943944 0.183386996
v 0.266750962 0.005732005 0.179502726
v 0.236535862 0.066583551 0.186425596
v 0.270340502 0.013609442 0.183064058
v 0.238042444 0.077933900 0.188583955
v 0.281366289 0.010042598 0.184275836
v 0.249118134 0.074504979 0.188123867
v 0.282922804 0.021530874 0.184762329
v 0.252853990 0.082786813 0.186783537
v 0.291915506 0.021574872 0.182899266
v 0.265289694 0.077622607 0.183134511
v 0.292294800 0.035303812 0.180449113
v 0.272084117 0.081451423 0.178867757
v 0.298390359 0.040221024 0.176458254
v 0.298166692 0.069683209 0.166998759
v 0.221943811 0.023195403 0.157576635
v 0.288063854 0.064409465 0.170169562
v 0.223618463 0.021029403 0.155974165
v 0.288836718 0.064073026 0.167111218
v -0.002766922 -0.002983220 0.005696032
v 0.125113592 0.134894907 0.140027627
v -0.005828187 0.002630822 0.002848022
v 0.122052327 0.140508950 0.137179613
v -0.003061280 0.005614042 -0.002847992
v 0.124819234 0.143492177 0.131483614
v 0.002766892 0.002983220 -0.005695999
v 0.130647406 0.140861362 0.128635600
v 0.005828161 -0.002630822 -0.002847992
v 0.133708671 0.135247320 0.131483614
v 0.003061254 -0.005614042 0.002848022
v 0.130941764 0.132264093 0.137179613
v 0.117023245 0.173349991 0.146024108
v 0.162964597 0.130683154 0.149237528
v 0.122553438 0.180962548 0.151277229
v 0.169738352 0.137199029 0.154807344
v 0.118233725 0.197789252 0.154937357
v 0.186484262 0.134487584 0.160043478
v 0.129135147 0.200579718 0.158354178
v 0.188200608 0.145797133 0.162773132
v 0.127234638 0.215334445 0.159271747
v 0.202932566 0.145125404 0.164935052
v 0.142077208 0.214653909 0.159846097
v 0.201142669 0.159871325 0.164265037
v 0.144117832 0.225937635 0.157921180
v 0.212368369 0.162635982 0.163027301
v 0.161379606 0.223185122 0.155752957
v 0.208564520 0.179421604 0.159283072
v 0.168801218 0.229625583 0.151720122
v 0.214731619 0.186980695 0.155319065
v 0.205547482 0.222243413 0.143301293
v 0.196699306 0.210312605 0.147109479
v 0.127780765 0.138248667 0.132632822
v 0.194831431 0.212308496 0.145499691
v 0.128042817 0.137502760 0.135705099
v 0.173437700 0.133071288 0.144764140
v 0.180345088 0.084704846 0.148064986
v 0.180630058 0.135106593 0.149491370
v 0.187776327 0.085473627 0.153078556
v 0.186356142 0.147524893 0.152632430
v 0.196692854 0.075733379 0.157821089
v 0.194398910 0.143941894 0.155609533
v 0.203344524 0.081812002 0.160099924
v 0.200515524 0.153835654 0.156139880
v 0.211980164 0.074210353 0.161894724
v 0.209181070 0.146128654 0.156417593
v 0.218126684 0.083998770 0.160907984
v 0.215920448 0.151898444 0.154248551
v 0.226257160 0.080106921 0.159437209
v 0.224976510 0.141666919 0.151915550
v 0.232122779 0.092033938 0.155502737
v 0.232551560 0.141793847 0.147755787
v 0.239496484 0.093459710 0.151412159
v 0.250988990 0.118968725 0.139197081
v 0.162051454 0.107087694 0.135105953
v 0.239329487 0.118448086 0.146402299
v 0.162684068 0.104423903 0.133503482
v 0.239823490 0.115327641 0.146114618
v 0.070239983 0.186677843 0.143842265
v 0.119075336 0.183315724 0.142521814
v 0.070185617 0.194255054 0.147301346
v 0.120328948 0.190850288 0.146108150
v 0.059571251 0.202551320 0.150387883
v 0.132100970 0.197626516 0.148661986
v 0.065004885 0.209729373 0.152089506
v 0.127773628 0.205467343 0.150595874
v 0.056691747 0.217809007 0.152999476
v 0.137135789 0.212346807 0.151085243
v 0.066024274 0.224657521 0.152331337
v 0.128793016 0.220395476 0.150837705
v 0.061610021 0.232407600 0.150871560
v 0.134139732 0.227482796 0.149145663
v 0.073243774 0.239039481 0.148026854
v 0.123387098 0.235634714 0.146833658
v 0.074315958 0.246358380 0.144751593
v 0.123153716 0.243049055 0.143452361
v 0.099487573 0.259378701 0.135796979
v 0.092663378 0.169650629 0.135888606
v 0.098317012 0.247475624 0.147698864
v 0.092380017 0.170131892 0.132892340
v 0.094992563 0.169810325 0.133827344
v 0.099046640 0.247897670 0.144640520
v 0.199020088 0.111767352 0.102211557
v -0.002956249 0.003802665 0.037655275
v 0.197311729 0.116270803 0.099556297
v -0.001708373 0.004503459 0.032344747
v 0.001247868 0.000700802 0.029689483
v 0.200004831 0.115442000 0.092349157
v 0.002956234 -0.003802650 0.032344747
v 0.203224212 0.108665489 0.094245762
v 0.000263125 -0.002973841 0.039551895
v 0.201976329 0.107964694 0.099556297
v 0.200267956 0.112468153 -0.000755288
v 0.210410476 0.118323945 0.005957500
v 0.203623295 0.123812556 0.006015991
v 0.194618836 0.122862421 0.006015983
v 0.188705549 0.115566283 0.006089426
v 0.192531943 0.104211591 0.005235814
v 0.203623280 0.101123765 0.006015979
v 0.211200610 0.108317800 0.005735234
v 0.220619753 0.109788790 0.015087834
v 0.219237700 0.120021813 0.014972192
v 0.212807283 0.128332138 0.014667349
v 0.202660978 0.132361576 0.014436543
v 0.190869287 0.129106045 0.012609332
v 0.182318315 0.119755223 0.013188088
v 0.181708470 0.107021801 0.012931846
v 0.187893331 0.096709289 0.014436513
v 0.197686031 0.092321396 0.014812713
v 0.208123490 0.093503311 0.015087831
v 0.216237977 0.100213975 0.014585296
v 0.191463098 0.134409875 0.019488066
v 0.180354252 0.124873184 0.018829837
v 0.177914202 0.106927939 0.018240193
v 0.230633914 0.108067505 0.026901545
v 0.228731900 0.124114677 0.027714917
v 0.221928477 0.133886367 0.027419344
v 0.211639836 0.140966162 0.026901521
v 0.196345836 0.142983779 0.027403679
v 0.185072318 0.138787732 0.027251467
v 0.175622314 0.131113499 0.027224880
v 0.169869736 0.116470151 0.027072588
v 0.171785355 0.100865334 0.027258340
v 0.181571051 0.088230312 0.027391436
v 0.196117178 0.082071356 0.027170906
v 0.208697632 0.083324023 0.027288632
v 0.218989298 0.088070035 0.027746053
v 0.226562530 0.097089194 0.027419329
v 0.233097360 0.108530737 0.033084746
v 0.218670323 0.144490615 0.041177649
v 0.209844664 0.148208901 0.040990703
v 0.190691248 0.148208886 0.040990692
v 0.174365669 0.138827607 0.041091140
v 0.168468922 0.131131843 0.040750597
v 0.164571762 0.122032925 0.041211557
v 0.167395055 0.107348256 0.033621568
v 0.190691248 0.076727420 0.040990699
v 0.237382919 0.107078895 0.041206785
v 0.234888881 0.126504198 0.040832855
v 0.226315185 0.138860375 0.040894199
v 0.200024039 0.149548456 0.040894218
v 0.181703418 0.144622922 0.040946271
v 0.162997156 0.112468153 0.041097417
v 0.165549025 0.098973379 0.040460456
v 0.177702561 0.082711577 0.040817950
v 0.200511888 0.075387858 0.040894218
v 0.215117261 0.078023478 0.041208122
v 0.229897022 0.089829065 0.040519021
v 0.240884140 0.112468168 0.055493653
v 0.210890755 0.152113035 0.058112547
v 0.189755708 0.151700363 0.055493634
v 0.165219650 0.132951185 0.055559415
v 0.159291640 0.112847097 0.057697393
v 0.164554298 0.092391536 0.057768233
v 0.189755708 0.073235951 0.055493642
v 0.210780203 0.073235951 0.055493630
v 0.240019917 0.123160444 0.060296495
v 0.235665739 0.133176118 0.058721304
v 0.229007423 0.141210496 0.055189416
v 0.220561326 0.147968158 0.057554699
v 0.199997276 0.153608337 0.060071666
v 0.179951534 0.147657216 0.055135675
v 0.171482220 0.141608462 0.058151975
v 0.161022693 0.123022184 0.055161931
v 0.161024481 0.101908557 0.055170298
v 0.171143055 0.083343245 0.059568714
v 0.179719672 0.076798692 0.060296502
v 0.200307354 0.071303345 0.060296468
v 0.220569357 0.076835655 0.058721319
v 0.229008928 0.083727196 0.055186138
v 0.235741675 0.091987409 0.059388462
v 0.240053326 0.101807706 0.059568729
v 0.238460422 0.112237915 0.082832478
v 0.227436915 0.139311522 0.082832456
v 0.190605417 0.149418846 0.082832441
v 0.180183873 0.147323444 0.069269322
v 0.166902885 0.131427616 0.082450010
v 0.161419898 0.122913189 0.069268629
v 0.163013890 0.103005834 0.082098335
v 0.190160617 0.075636648 0.082832456
v 0.210375309 0.075636648 0.082832448
v 0.227316365 0.085419744 0.082510553
v 0.232837036 0.131271914 0.083940566
v 0.219231054 0.144928858 0.084116243
v 0.210193694 0.148681134 0.084193379
v 0.173615098 0.139031038 0.083902240
v 0.162699670 0.112195373 0.084156953
v 0.167658851 0.093798071 0.084148720
v 0.219228119 0.080058068 0.084193356
v 0.232678071 0.093508027 0.084193349
v 0.236216575 0.122269049 0.084790900
v 0.200549021 0.149872363 0.084436014
v 0.181496829 0.144655183 0.084790900
v 0.164235100 0.121954650 0.084790900
v 0.173620448 0.086218148 0.084436022
v 0.181457371 0.080205008 0.084537424
v 0.200430691 0.075207807 0.084790900
v 0.236324891 0.102515735 0.084436029
v 0.229415223 0.116305456 0.096911967
v 0.223734036 0.130474314 0.096905306
v 0.210904852 0.139962763 0.096909240
v 0.192574739 0.141179591 0.096928805
v 0.174915791 0.128258973 0.096927039
v 0.170942664 0.108607426 0.096905306
v 0.177308813 0.093975604 0.096909240
v 0.189631060 0.084973559 0.096909240
v 0.204105258 0.083320886 0.096911967
v 0.218274117 0.089002080 0.096905306
v 0.227762550 0.101831235 0.096909240
v 0.200267956 0.112468153 0.098365866
v 0.212278754 0.119366579 0.099320009
v 0.215377569 0.131269068 0.094901018
v 0.215089202 0.125628382 0.098363087
v 0.215089202 0.125628397 0.091438949
v 0.219371274 0.112468153 0.094901018
v 0.217445940 0.105728194 0.098251015
v 0.217823654 0.098672658 0.094901018
v 0.217445940 0.105728194 0.091551021
v 0.214087382 0.093612529 0.095914982
v 0.214087382 0.098672658 0.091719039
v 0.210351110 0.098672658 0.094901018
v 0.210728824 0.105728187 0.098251015
v 0.208803490 0.112468153 0.094901018
v 0.210728824 0.105728202 0.091551021
v 0.210351110 0.126263648 0.094901018
v 0.212278754 0.119366579 0.090482026
v 0.208865911 0.121657528 0.099232994
v 0.187056363 0.132648051 0.094901018
v 0.192331836 0.130630732 0.091438949
v 0.199166223 0.130888134 0.098251015
v 0.206171200 0.130636483 0.094901018
v 0.222817808 0.121028446 0.094901018
v 0.211986318 0.126722619 0.091551021
v 0.217364103 0.122497253 0.098363087
v 0.216504112 0.117794745 0.094901018
v 0.216744930 0.120591685 0.091438942
v 0.202905580 0.120585918 0.094901018
v 0.191712692 0.128725156 0.098363087
v 0.190263525 0.126320824 0.094901018
v 0.198713467 0.124956265 0.090569042
v 0.191679388 0.127235055 0.099320009
v 0.178004742 0.105336480 0.095914975
v 0.182162896 0.109355293 0.091438949
v 0.182409018 0.117112368 0.098251015
v 0.177956313 0.111626342 0.094901018
v 0.182409033 0.117112398 0.091551021
v 0.184813052 0.123696804 0.094901018
v 0.194173887 0.133947924 0.094901018
v 0.201182500 0.135042906 0.094901018
v 0.196012720 0.131826729 0.091438949
v 0.197633699 0.130649015 0.098363087
v 0.193362564 0.117485210 0.094901018
v 0.194185272 0.123484962 0.090569049
v 0.187843293 0.113164164 0.098251015
v 0.184001729 0.107234091 0.094901018
v 0.183990359 0.107239276 0.099232987
v 0.196012720 0.093109593 0.091438949
v 0.196012720 0.093109593 0.098363087
v 0.194173887 0.090988383 0.094901018
v 0.184813052 0.101239502 0.094901018
v 0.183990359 0.107239254 0.090569049
v 0.177956313 0.113309957 0.094901018
v 0.179080710 0.120313905 0.094901018
v 0.182162911 0.115581013 0.098363087
v 0.182162911 0.115581006 0.091438949
v 0.193362564 0.107451096 0.094901018
v 0.195766613 0.100866638 0.098251015
v 0.201182500 0.089893416 0.094901018
v 0.195766598 0.100866668 0.091551021
v 0.208865911 0.103278778 0.099232994
v 0.217364088 0.102439046 0.098363087
v 0.217364088 0.102439046 0.091438949
v 0.218813255 0.100034729 0.094901018
v 0.199166149 0.094048150 0.098251007
v 0.206171200 0.094299816 0.094901018
v 0.199166164 0.094048157 0.091551028
v 0.192572668 0.091508642 0.094901018
v 0.191712692 0.096211158 0.091438949
v 0.191712677 0.096211150 0.098363087
v 0.186258972 0.094742343 0.094901018
v 0.202905580 0.104350381 0.094901018
v 0.222020403 0.106361948 0.094901018
v 0.208865911 0.103278771 0.090569042
v 0.234785557 0.114700742 0.044587940
v 0.235960856 0.114700742 0.036434520
v 0.237238944 0.115819596 0.042103495
v 0.236418933 0.113047242 0.043829974
v 0.237764806 0.113192528 0.038605150
v 0.234651506 0.112328872 0.037930112
v 0.232981607 0.113192528 0.042417314
v 0.232981607 0.115022525 0.038605146
v 0.231396973 0.128062636 0.041701969
v 0.230087638 0.130434498 0.040206358
v 0.231855065 0.129716128 0.034306511
v 0.233200923 0.129570842 0.039531335
v 0.232675061 0.126943767 0.036032993
v 0.230221689 0.128062636 0.033548541
v 0.228417754 0.127740830 0.039531346
v 0.228417754 0.129570842 0.035719171
v 0.226354837 0.136685967 0.056332115
v 0.224721447 0.138339460 0.055574141
v 0.228158802 0.138194174 0.054161478
v 0.226488903 0.139057845 0.049674302
v 0.228158802 0.136364177 0.050349321
v 0.223901466 0.135567114 0.053847663
v 0.225179538 0.136685967 0.048178688
v 0.223375604 0.138194174 0.050349317
v 0.207082182 0.141841248 0.031116230
v 0.205772832 0.144213125 0.029620614
v 0.207082182 0.143027663 0.022962812
v 0.208886117 0.143349469 0.028945602
v 0.208886117 0.141519457 0.025133440
v 0.205772832 0.140655786 0.024458434
v 0.204102933 0.141519442 0.028945591
v 0.204102933 0.143349454 0.025133451
v 0.192614585 0.147233069 0.061076697
v 0.195593819 0.147554874 0.058906063
v 0.193923935 0.148418531 0.054418903
v 0.195593819 0.145724848 0.055093914
v 0.193923935 0.144861192 0.059581082
v 0.190810636 0.145724848 0.058906063
v 0.192614585 0.146046653 0.052923284
v 0.190810636 0.147554860 0.055093918
v 0.177662238 0.134492755 0.034921512
v 0.176352888 0.136864632 0.033425894
v 0.179466188 0.136000961 0.032750875
v 0.178120330 0.136146247 0.027526051
v 0.179466188 0.134170964 0.028938713
v 0.175208852 0.133373901 0.032437056
v 0.176486939 0.134492755 0.026768079
v 0.174682990 0.136000961 0.028938714
v 0.168430388 0.130459636 0.052485406
v 0.171409622 0.130781427 0.050314777
v 0.169739723 0.131645098 0.045827597
v 0.171409622 0.128951430 0.046502620
v 0.169739723 0.128087759 0.050989792
v 0.166626453 0.128951415 0.050314784
v 0.168430388 0.129273221 0.044331986
v 0.166626453 0.130781442 0.046502613
v 0.164881259 0.111983135 0.061465498
v 0.166190594 0.113168582 0.054807678
v 0.167860493 0.112304926 0.059294872
v 0.167860493 0.110474922 0.055482708
v 0.166190594 0.109611265 0.059969909
v 0.164881259 0.110796712 0.053312082
v 0.163077310 0.110474929 0.059294879
v 0.163077310 0.112304918 0.055482704
v 0.170182332 0.095277719 0.063105628
v 0.173161581 0.095599502 0.060935002
v 0.171491668 0.096463166 0.056447797
v 0.173161581 0.093769506 0.057122838
v 0.171491668 0.092905849 0.061610039
v 0.168378383 0.093769506 0.060935006
v 0.170182332 0.094091296 0.054952204
v 0.168378383 0.095599502 0.057122830
v 0.178278551 0.086110860 0.063224286
v 0.179453850 0.086110860 0.055070866
v 0.181257814 0.086432643 0.061053663
v 0.181257814 0.084602654 0.057241496
v 0.179587901 0.083738990 0.061728697
v 0.177820459 0.084457360 0.055828832
v 0.176474616 0.084602654 0.061053667
v 0.177000478 0.087229706 0.057555307
v 0.195593983 0.076856367 0.046427161
v 0.194284648 0.079228237 0.044931564
v 0.197397918 0.078364573 0.044256542
v 0.195593983 0.078042790 0.038273741
v 0.197397918 0.076534584 0.040444355
v 0.192614734 0.076534584 0.044256531
v 0.194284648 0.075670920 0.039769333
v 0.192614734 0.078364573 0.040444370
v 0.209632069 0.077623434 0.058285102
v 0.208322719 0.079995304 0.056789510
v 0.209632069 0.078809850 0.050131682
v 0.211436003 0.079131640 0.056114484
v 0.211436003 0.077301651 0.052302301
v 0.208322734 0.076437987 0.051627275
v 0.206652820 0.077301651 0.056114472
v 0.206652820 0.079131648 0.052302312
v 0.221163809 0.084568374 0.054922163
v 0.224143043 0.084890164 0.052751537
v 0.222473145 0.085753821 0.048264332
v 0.224143043 0.083060153 0.048939370
v 0.222473145 0.082196496 0.053426567
v 0.219359875 0.083060153 0.052751541
v 0.221163809 0.083381943 0.046768744
v 0.219359875 0.084890164 0.048939362
v 0.227802932 0.094219044 0.039023232
v 0.229112267 0.095404491 0.032365412
v 0.230782166 0.094540834 0.036852606
v 0.230782166 0.092710830 0.033040442
v 0.229112267 0.091847174 0.037527643
v 0.227802932 0.093032621 0.030869817
v 0.225998998 0.092710830 0.036852613
v 0.225998998 0.094540834 0.033040438
v 0.000856489 0.000359807 0.040420983
v 0.002272986 -0.004211493 0.037710495
v -0.231805623 -0.100329131 0.083066642
v 0.000319988 -0.002817758 0.030353468
v -0.232177407 -0.102699459 0.075709589
v -0.234450400 -0.098487943 0.072999105
v -0.002273001 0.004211515 0.032289524
v -0.235866904 -0.093916647 0.075709589
v -0.001416497 0.004571315 0.037710495
v -0.235010386 -0.093556851 0.081130564
v -0.233593911 -0.098128140 -0.033096999
v -0.222080573 -0.093359165 -0.025731150
v -0.231931657 -0.085501991 -0.025618097
v -0.243480682 -0.090541780 -0.025731135
v -0.245359629 -0.103001662 -0.025618080
v -0.236573786 -0.110508606 -0.025362704
v -0.224703699 -0.106461190 -0.026246324
v -0.212461919 -0.102041960 -0.016127100
v -0.220721841 -0.080458149 -0.015328654
v -0.231281355 -0.076389417 -0.015328615
v -0.242288038 -0.077714436 -0.014848312
v -0.251015246 -0.088069946 -0.018339487
v -0.253823459 -0.103042915 -0.017464790
v -0.246312469 -0.114279337 -0.017517483
v -0.228768408 -0.119455017 -0.015403959
v -0.219382718 -0.112339348 -0.018078415
v -0.208330914 -0.095089175 -0.009980268
v -0.214280307 -0.089483812 -0.016306721
v -0.253639728 -0.081980556 -0.009642360
v -0.259027928 -0.094166905 -0.009642343
v -0.265104264 -0.106571309 -0.000745043
v -0.253639758 -0.114275716 -0.009642350
v -0.238967806 -0.120773196 -0.013421763
v -0.200886041 -0.093652599 -0.001218156
v -0.207825810 -0.077371053 -0.001318105
v -0.220966011 -0.067641616 -0.001319349
v -0.237926498 -0.065219045 -0.001322100
v -0.253919542 -0.072221801 -0.001510011
v -0.261696249 -0.081383057 -0.000902431
v -0.265297920 -0.089824878 -0.000946489
v -0.266287714 -0.098390736 -0.000754491
v -0.259723783 -0.118429706 -0.001356855
v -0.246239305 -0.128516778 -0.001447357
v -0.229286700 -0.130844176 -0.001319374
v -0.213490561 -0.124286495 -0.001356786
v -0.203099981 -0.110975042 -0.001356830
v -0.195197031 -0.088132314 0.014282162
v -0.199155733 -0.078245237 0.014802034
v -0.205544963 -0.069881760 0.014595540
v -0.219852090 -0.064952396 0.006131625
v -0.238648623 -0.063001856 0.005564658
v -0.253476799 -0.063689955 0.014802022
v -0.261215001 -0.069586106 0.014509349
v -0.268032104 -0.118011057 0.014801998
v -0.261749148 -0.126283363 0.014557994
v -0.243906572 -0.136615515 0.014654365
v -0.233987227 -0.137518004 0.014016458
v -0.219114587 -0.130875871 0.006158889
v -0.200563014 -0.111368619 0.005545928
v -0.193687528 -0.097866587 0.014457941
v -0.213637322 -0.063562348 0.014673959
v -0.227584541 -0.058290470 0.014476292
v -0.243851811 -0.059594128 0.014500095
v -0.270590097 -0.082346447 0.014110371
v -0.273485333 -0.103041947 0.014275103
v -0.253773600 -0.132557318 0.014457952
v -0.223518029 -0.136742443 0.014457930
v -0.213871822 -0.132875308 0.014678355
v -0.205338404 -0.126383662 0.014518936
v -0.196522370 -0.114107653 0.014819980
v -0.191332862 -0.087043799 0.031208277
v -0.233186200 -0.054025955 0.033649676
v -0.264490575 -0.066654883 0.033649631
v -0.276263237 -0.086694911 0.034123342
v -0.276110411 -0.109520420 0.033087432
v -0.264468580 -0.129061267 0.031096535
v -0.234100237 -0.142220542 0.033730656
v -0.191387996 -0.109437175 0.031054763
v -0.189519390 -0.097406171 0.034249760
v -0.195157662 -0.076492332 0.033792242
v -0.202562258 -0.066738911 0.034813914
v -0.211280912 -0.059956487 0.037546393
v -0.222235098 -0.055889957 0.030756721
v -0.245032921 -0.055437226 0.037258584
v -0.255428940 -0.060229331 0.030756706
v -0.271466553 -0.076262355 0.030726811
v -0.277808040 -0.097890362 0.037546553
v -0.271846175 -0.120213091 0.034345813
v -0.255461097 -0.135999903 0.030729145
v -0.244952723 -0.140366346 0.030756731
v -0.222232774 -0.140365764 0.030752888
v -0.211729571 -0.136001542 0.030729182
v -0.202361107 -0.129361004 0.034345865
v -0.195708126 -0.119998969 0.030788112
v -0.191773176 -0.086918712 0.046807751
v -0.222352326 -0.056317519 0.046865996
v -0.255209476 -0.060614552 0.046865966
v -0.271070361 -0.076448463 0.046866816
v -0.264182150 -0.128768981 0.046866030
v -0.255209625 -0.135641530 0.046866629
v -0.244796634 -0.139950678 0.046807770
v -0.222391218 -0.139950678 0.046807807
v -0.211978227 -0.135641530 0.046866640
v -0.198044598 -0.118652582 0.062665895
v -0.191783339 -0.109369501 0.046866681
v -0.193157151 -0.097978666 0.063870862
v -0.198658109 -0.077869564 0.064098731
v -0.204976290 -0.069510505 0.063633069
v -0.233444437 -0.057691377 0.063870870
v -0.262204260 -0.069626033 0.064098708
v -0.272563279 -0.087443165 0.063922420
v -0.272626728 -0.108586989 0.064053975
v -0.268643260 -0.118363850 0.063633040
v -0.233525291 -0.138623223 0.063588776
v -0.204976276 -0.126745775 0.063633077
v -0.194635466 -0.087689266 0.063890256
v -0.213700175 -0.063319139 0.064613007
v -0.223314360 -0.059198510 0.064016774
v -0.243716076 -0.059171051 0.064204089
v -0.253537327 -0.063240580 0.064322755
v -0.268536538 -0.078123152 0.064016797
v -0.273779094 -0.097955927 0.064322829
v -0.262341559 -0.126164258 0.064371489
v -0.253792524 -0.132761136 0.064613000
v -0.243716076 -0.137085229 0.064204112
v -0.223471746 -0.137085214 0.064204119
v -0.213395298 -0.132761121 0.064613029
v -0.194679692 -0.108034298 0.064371496
v -0.202031806 -0.093972884 0.078424290
v -0.208883509 -0.078225203 0.078428909
v -0.222145543 -0.068536490 0.078428909
v -0.238475144 -0.066776827 0.078428909
v -0.252855808 -0.073025607 0.078432105
v -0.263005108 -0.085945606 0.078424290
v -0.264964312 -0.102257982 0.078432105
v -0.258849859 -0.117507778 0.078424290
v -0.240870953 -0.129440486 0.078447811
v -0.216598377 -0.125414938 0.078447811
v -0.204361364 -0.110236615 0.078432105
v -0.233593911 -0.098128140 0.080092832
v -0.216738179 -0.105626747 0.080837935
v -0.218720600 -0.083280586 0.079602055
v -0.218720615 -0.077804275 0.075449765
v -0.214699388 -0.083280586 0.076420076
v -0.215108812 -0.090938918 0.079780415
v -0.213033751 -0.098128140 0.076420076
v -0.215108812 -0.090938903 0.073059745
v -0.214699388 -0.112975694 0.076420076
v -0.216738179 -0.105626747 0.072002225
v -0.219820663 -0.112263247 0.079897270
v -0.220147744 -0.118341632 0.076420076
v -0.219820663 -0.112263255 0.072942890
v -0.222332388 -0.090938896 0.079780415
v -0.224407449 -0.098128140 0.076420076
v -0.222332403 -0.090938903 0.073059745
v -0.222741812 -0.083280586 0.076420076
v -0.221253589 -0.084414586 0.080837935
v -0.243118674 -0.079394631 0.079602055
v -0.248326972 -0.077702351 0.075449757
v -0.241876051 -0.075570233 0.076420076
v -0.234719098 -0.078326181 0.079780415
v -0.227240473 -0.078574263 0.076420076
v -0.234719083 -0.078326173 0.073059745
v -0.213634327 -0.084746525 0.076420076
v -0.215894461 -0.089396983 0.079897270
v -0.215214595 -0.087304547 0.072942890
v -0.210214645 -0.091586374 0.076420076
v -0.222478822 -0.088185370 0.072002225
v -0.236951336 -0.085196182 0.079780415
v -0.230755150 -0.089391299 0.076420076
v -0.236951292 -0.085196204 0.073059745
v -0.244361296 -0.083219036 0.076420076
v -0.239615291 -0.084484570 0.080837935
v -0.257572770 -0.105828203 0.077390395
v -0.257607073 -0.099034145 0.076420076
v -0.254825056 -0.100174800 0.072942890
v -0.252774388 -0.093079083 0.079780415
v -0.250227422 -0.086043179 0.076420076
v -0.234900057 -0.072193921 0.076420076
v -0.244322941 -0.081446670 0.073059745
v -0.238208219 -0.077303685 0.079897270
v -0.233646274 -0.079737514 0.076420076
v -0.236428306 -0.078596883 0.072942890
v -0.246930405 -0.097324990 0.079780415
v -0.241025910 -0.092728481 0.076420076
v -0.246854320 -0.095589116 0.072089367
v -0.251100630 -0.103761360 0.076420076
v -0.240106344 -0.109954946 0.080750793
v -0.234900042 -0.124062352 0.076420076
v -0.238208234 -0.118952595 0.079897270
v -0.238208234 -0.118952587 0.072942890
v -0.250227422 -0.110213101 0.076420076
v -0.252774388 -0.103177197 0.079780415
v -0.257607073 -0.097222134 0.076420076
v -0.252774417 -0.103177153 0.073059745
v -0.257572770 -0.090428092 0.075449757
v -0.253045142 -0.094788313 0.079897277
v -0.251100630 -0.092494920 0.076420076
v -0.241025910 -0.103527799 0.076420076
v -0.246930391 -0.098931313 0.073059745
v -0.233646274 -0.116518766 0.076420076
v -0.239615291 -0.111771703 0.072002225
v -0.222718775 -0.113022856 0.080750793
v -0.209332630 -0.107384466 0.076420076
v -0.215214580 -0.108951725 0.072942890
v -0.227240473 -0.117682017 0.076420076
v -0.241876051 -0.120686047 0.076420076
v -0.234719083 -0.117930114 0.073059745
v -0.242101148 -0.117687710 0.079897277
v -0.248326957 -0.118553922 0.075449765
v -0.244361296 -0.113037243 0.076420076
v -0.236951292 -0.111060090 0.079780415
v -0.230755150 -0.106864981 0.076420076
v -0.236951292 -0.111060090 0.073059745
v -0.215894490 -0.106859297 0.079897277
v -0.216119573 -0.103860952 0.076420076
v -0.222478807 -0.108070903 0.072002225
v -0.196579427 -0.095030539 0.035665795
v -0.193600178 -0.094708756 0.033495165
v -0.195270091 -0.093845099 0.029007966
v -0.193600178 -0.096538745 0.029683007
v -0.195270091 -0.097402409 0.034170199
v -0.198383361 -0.096538745 0.033495177
v -0.196579427 -0.096216954 0.027512373
v -0.198383361 -0.094708756 0.029682992
v -0.199761033 -0.080572180 0.018924939
v -0.197957084 -0.079063974 0.016754311
v -0.199626982 -0.078200310 0.012267103
v -0.197957084 -0.080893964 0.012942140
v -0.202214420 -0.081691027 0.016440492
v -0.200936317 -0.080572180 0.010771512
v -0.201394409 -0.078918673 0.018166970
v -0.202740282 -0.079063967 0.012942146
v -0.211506054 -0.071203798 0.008329234
v -0.212815389 -0.068831928 0.006833639
v -0.209702104 -0.069695592 0.006158608
v -0.211506054 -0.070017375 0.000175812
v -0.209702104 -0.071525581 0.002346438
v -0.214485303 -0.071525581 0.006158601
v -0.212815389 -0.072389238 0.001671407
v -0.214485303 -0.069695584 0.002346443
v -0.226220652 -0.063448943 0.008532210
v -0.223241404 -0.063127160 0.006361580
v -0.224911317 -0.062263489 0.001874384
v -0.223241404 -0.064957149 0.002549416
v -0.224911317 -0.065820813 0.007036618
v -0.228024587 -0.064957157 0.006361580
v -0.226220652 -0.064635359 0.000378789
v -0.228024587 -0.063127145 0.002549418
v -0.243588954 -0.062792115 0.039050817
v -0.244508252 -0.060792115 0.034802854
v -0.243920609 -0.062198903 0.030726142
v -0.241864651 -0.062792115 0.034802858
v -0.243529454 -0.064553976 0.032236941
v -0.247037068 -0.062792115 0.032500081
v -0.246332735 -0.062792115 0.038096040
v -0.255454928 -0.070689015 0.010985816
v -0.253650993 -0.069180802 0.008815186
v -0.255320907 -0.068317145 0.004327978
v -0.253650993 -0.071010798 0.005003015
v -0.257908314 -0.071807869 0.008501378
v -0.256630212 -0.070689015 0.002832390
v -0.257088333 -0.069035508 0.010227841
v -0.258434147 -0.069180787 0.005003021
v -0.267931014 -0.082540549 0.027416350
v -0.269240350 -0.080168672 0.025920749
v -0.267472953 -0.080887042 0.020020893
v -0.266127080 -0.081032336 0.025245721
v -0.266127080 -0.082862332 0.021433551
v -0.269106299 -0.082540549 0.019262927
v -0.270384401 -0.083659403 0.024931913
v -0.270910233 -0.081032321 0.021433556
v -0.270083189 -0.097550191 0.015047296
v -0.271392524 -0.095178314 0.013551699
v -0.270083189 -0.096363768 0.006893875
v -0.268279225 -0.096041985 0.012876672
v -0.268279225 -0.097871982 0.009064512
v -0.271392524 -0.098735638 0.008389470
v -0.273062438 -0.097871982 0.012876661
v -0.273062438 -0.096041977 0.009064509
v -0.264433205 -0.117063433 0.012462108
v -0.265742540 -0.114691556 0.010966513
v -0.262629271 -0.115555219 0.010291478
v -0.263975114 -0.115409933 0.005066654
v -0.263155133 -0.118182287 0.006793126
v -0.267412454 -0.117385216 0.010291473
v -0.265608490 -0.117063425 0.004308686
v -0.267412454 -0.115555219 0.006479322
v -0.260031432 -0.124763653 0.032484531
v -0.259971917 -0.123001792 0.025670672
v -0.258307129 -0.124763653 0.028236577
v -0.260950714 -0.126763642 0.028236575
v -0.260363072 -0.125356868 0.024159867
v -0.263479531 -0.124763653 0.025933789
v -0.262775183 -0.124763653 0.031529773
v -0.246414334 -0.130822614 0.043753516
v -0.243435085 -0.130500808 0.041582879
v -0.245104983 -0.129637152 0.037095722
v -0.243435085 -0.132330820 0.037770741
v -0.245104983 -0.133194491 0.042257901
v -0.248218268 -0.132330835 0.041582890
v -0.246414334 -0.132009029 0.035600103
v -0.248218268 -0.130500823 0.037770730
v -0.229449213 -0.134570509 0.011319713
v -0.230758548 -0.132198632 0.009824096
v -0.229449213 -0.133384094 0.003166288
v -0.227645278 -0.133062288 0.009149086
v -0.227645278 -0.134892315 0.005336919
v -0.230758548 -0.135755971 0.004661900
v -0.232428446 -0.134892300 0.009149081
v -0.232428446 -0.133062303 0.005336924
v -0.210190952 -0.125767559 0.043967456
v -0.211500287 -0.123395681 0.042471860
v -0.210190952 -0.124581136 0.035814036
v -0.208387017 -0.124259338 0.041796833
v -0.208387017 -0.126089364 0.037984662
v -0.211500287 -0.126953021 0.037309647
v -0.213170186 -0.126089349 0.041796826
v -0.213170186 -0.124259345 0.037984662
v -0.198893547 -0.111587830 0.040779993
v -0.200526923 -0.109934330 0.040022027
v -0.197089598 -0.110079616 0.038609367
v -0.198759496 -0.109215960 0.034122165
v -0.197089598 -0.111909613 0.034797199
v -0.201346934 -0.112706684 0.038295548
v -0.200068846 -0.111587830 0.032626573
v -0.201872796 -0.110079616 0.034797203
vn 0.000000017 -0.000000007 1.000000000
vn -0.000002043 0.450434566 0.892809451
vn -0.000009648 0.914307714 0.405020088
vn 0.000004780 0.914311528 -0.405011714
vn 0.000000000 0.450433195 -0.892810166
vn 0.000000003 -0.000000007 -1.000000000
vn 0.318503916 0.318506688 0.892809451
vn 0.646506369 0.646520078 0.405020088
vn 0.646513999 0.646507204 -0.405028671
vn 0.318506271 0.318506181 -0.892808795
vn 0.450434536 0.000002026 0.892809570
vn 0.914307833 0.000009595 0.405020177
vn 0.914311528 -0.000004768 -0.405011714
vn 0.450433105 0.000000000 -0.892810166
vn 0.318506688 -0.318503827 0.892809510
vn 0.646520078 -0.646506429 0.405020177
vn 0.646507204 -0.646513939 -0.405028641
vn 0.318506241 -0.318506211 -0.892808795
vn 0.000002031 -0.450434536 0.892809451
vn 0.000009641 -0.914307833 0.405020207
vn -0.000004787 -0.914311528 -0.405011803
vn 0.000000000 -0.450433195 -0.892810166
vn -0.318503857 -0.318506718 0.892809451
vn -0.646506429 -0.646520078 0.405020207
vn -0.646513939 -0.646507204 -0.405028641
vn -0.318506211 -0.318506211 -0.892808795
vn -0.450434536 -0.000002026 0.892809570
vn -0.914307833 -0.000009595 0.405020177
vn -0.914311528 0.000004768 -0.405011714
vn -0.450433105 0.000000000 -0.892810166
vn -0.318506688 0.318503797 0.892809510
vn -0.646520078 0.646506429 0.405020177
vn -0.646507263 0.646513939 -0.405028671
vn -0.318506271 0.318506181 -0.892808795
vn 0.194871724 -0.960927486 0.196579218
vn 0.012083240 -0.059585430 0.998150110
vn -0.529419541 -0.842193246 -0.102105379
vn -0.712211072 0.059158850 0.699468076
vn -0.632898927 -0.331935734 -0.699469507
vn -0.815687239 0.569410384 0.102109089
vn -0.012079000 0.059582487 -0.998150289
vn -0.194875985 0.960926116 -0.196581811
vn 0.712208509 -0.059159454 -0.699470639
vn 0.529422879 0.842191339 0.102103479
vn 0.815690279 -0.569406986 -0.102102943
vn 0.632893503 0.331941485 0.699471712
vn 0.161921352 -0.438473940 0.884037375
vn 0.161560521 -0.451167405 0.877693653
vn 0.153759852 -0.399412632 0.903785050
vn 0.153667361 -0.404184550 0.901676953
vn 0.136763006 -0.304802001 0.942545295
vn 0.136761367 -0.304798573 0.942546725
vn 0.115187317 -0.185331330 0.975901783
vn 0.115186818 -0.185332030 0.975901663
vn 0.087536179 -0.041378949 0.995301545
vn 0.087536879 -0.041379955 0.995301545
vn 0.057593390 0.105278790 0.992773592
vn 0.057593718 0.105280139 0.992773473
vn 0.030735873 0.229859069 0.972738445
vn 0.030736988 0.229857102 0.972738981
vn 0.008464310 0.332969993 0.942899406
vn 0.006226302 0.338284761 0.941023171
vn -0.005942152 0.403055221 0.915156424
vn -0.010410028 0.413318366 0.910527110
vn -0.021970373 0.468916029 0.882969439
vn -0.362533480 -0.919791937 -0.150174394
vn -0.487315387 0.378718644 0.786826611
vn -0.578002632 0.532265007 -0.618552387
vn 0.696047366 -0.716142774 -0.051552683
vn 0.707585573 0.706323981 0.020713363
vn -0.223290429 -0.434605479 0.872501850
vn -0.226368338 -0.445165604 0.866363049
vn -0.201893583 -0.393083692 0.897064209
vn -0.203091204 -0.397106618 0.895019829
vn -0.152122736 -0.297723740 0.942453861
vn -0.152123824 -0.297726810 0.942452729
vn -0.086981595 -0.172798350 0.981109083
vn -0.086981930 -0.172798976 0.981108963
vn -0.007210026 -0.019650657 0.999780953
vn -0.007210852 -0.019651139 0.999780953
vn 0.074264221 0.136947230 0.987790585
vn 0.074263223 0.136947036 0.987790704
vn 0.142247751 0.267760903 0.952926993
vn 0.142248228 0.267764241 0.952925980
vn 0.197178498 0.370978624 0.907466590
vn 0.199039608 0.377151608 0.904510856
vn 0.234661609 0.438098729 0.867757678
vn 0.238068521 0.449771762 0.860830247
vn 0.266972065 0.500755191 0.823389471
vn -0.311664701 -0.862317801 0.399090409
vn 0.236676082 0.718482792 0.654038906
vn -0.451847196 -0.606423855 -0.654281497
vn 0.526631236 0.750456274 -0.399343342
vn 0.231623068 -0.306574553 0.923234940
vn 0.238799483 -0.310299546 0.920157135
vn 0.199476525 -0.282102585 0.938417494
vn 0.202147394 -0.283514500 0.937419891
vn 0.130374342 -0.228286058 0.964825451
vn 0.130378067 -0.228288591 0.964824259
vn 0.047217734 -0.162153363 0.985635281
vn 0.047218103 -0.162153751 0.985635161
vn -0.050526727 -0.082571708 0.995303392
vn -0.050526120 -0.082571581 0.995303571
vn -0.148788080 -0.000550612 0.988868952
vn -0.148787349 -0.000550021 0.988869071
vn -0.232133195 0.070680946 0.970112622
vn -0.232135847 0.070683517 0.970111728
vn -0.305977374 0.135178506 0.942393064
vn -0.303457797 0.132071257 0.943647444
vn -0.357908338 0.180542186 0.916136622
vn -0.353016436 0.174362630 0.919226348
vn -0.396973282 0.214137211 0.892500699
vn 0.969532847 -0.193647385 0.150022775
vn 0.304427654 -0.863775849 -0.401516229
vn -0.497811794 0.570079803 0.653599679
vn -0.775522649 0.487814009 -0.400751948
vn 0.796985745 -0.546351314 0.257514983
vn -0.001442046 0.000982822 0.999998450
vn 0.210078791 -0.976029217 -0.056866825
vn -0.588342845 -0.428691953 0.685620904
vn -0.187688798 -0.703342140 -0.685625851
vn -0.986117721 -0.156005070 0.056871854
vn 0.001441220 -0.000985742 -0.999998450
vn -0.796988487 0.546352327 -0.257504284
vn 0.588347256 0.428679436 -0.685624838
vn -0.210079625 0.976029038 0.056868479
vn 0.986117840 0.156004488 -0.056870651
vn 0.187687576 0.703343272 0.685624957
vn 0.232798621 -0.220716998 0.947147727
vn 0.240104675 -0.227558970 0.943698406
vn 0.201966166 -0.201861903 0.958363891
vn 0.204673827 -0.204399511 0.957251012
vn 0.133142889 -0.156794354 0.978615582
vn 0.133147955 -0.156796142 0.978614628
vn 0.051652212 -0.101923533 0.993450463
vn 0.051655456 -0.101923905 0.993450224
vn -0.043635886 -0.036928907 0.998364747
vn -0.043632947 -0.036930691 0.998364806
vn -0.139265478 0.029199285 0.989824533
vn -0.139265388 0.029199090 0.989824533
vn -0.220853895 0.086358637 0.971476078
vn -0.220851213 0.086356968 0.971476912
vn -0.290691048 0.135864943 0.947121680
vn -0.293417573 0.138584331 0.945886135
vn -0.340085417 0.171983957 0.924534142
vn -0.345433086 0.177401811 0.921522975
vn -0.383773327 0.205033019 0.900377393
vn -0.924499869 0.066665009 0.375307560
vn 0.420012057 -0.785055637 -0.455277532
vn 0.953062177 -0.158192739 0.258161873
vn -0.449207097 0.875580370 -0.177685022
vn 0.211706921 -0.408002347 0.888095856
vn 0.216378272 -0.418081909 0.882263064
vn 0.199937269 -0.361830622 0.910551310
vn 0.201721758 -0.365666449 0.908623338
vn 0.172518060 -0.256154090 0.951116502
vn 0.172518373 -0.256156117 0.951115906
vn 0.134975344 -0.119254917 0.983646274
vn 0.134974957 -0.119254433 0.983646393
vn 0.086682536 0.046562728 0.995147228
vn 0.086682349 0.046562675 0.995147288
vn 0.034827057 0.214011595 0.976210058
vn 0.034827054 0.214010745 0.976210237
vn -0.010489084 0.352271646 0.935838997
vn -0.010489722 0.352274358 0.935837924
vn -0.050588459 0.466004521 0.883334935
vn -0.048334517 0.462110907 0.885504067
vn -0.079998508 0.542826533 0.836026132
vn -0.075615630 0.535595179 0.841082752
vn -0.099004827 0.594172776 0.798221052
vn 0.092848316 0.819259405 0.565856278
vn -0.289143324 -0.940507174 -0.178444788
vn -0.562179983 0.767034531 -0.309211582
vn 0.759210408 -0.645863891 -0.080370076
vn 0.354305536 -0.039187480 0.934308350
vn 0.360808253 -0.037353527 0.931891680
vn 0.317856520 -0.043124888 0.947157562
vn 0.320275187 -0.042456962 0.946372747
vn 0.240195662 -0.050880507 0.969390154
vn 0.240193188 -0.050880648 0.969390750
vn 0.147901788 -0.059477292 0.987212002
vn 0.147902846 -0.059477106 0.987211823
vn 0.039088987 -0.068793409 0.996864915
vn 0.039096128 -0.068793178 0.996864557
vn -0.071494348 -0.077378601 0.994435012
vn -0.071495406 -0.077379122 0.994434953
vn -0.167138830 -0.084083311 0.982341468
vn -0.167140737 -0.084083803 0.982341111
vn -0.254530609 -0.089604802 0.962904572
vn -0.251125604 -0.089950077 0.963766038
vn -0.317014188 -0.093705833 0.943780303
vn -0.310229868 -0.094447106 0.945958316
vn -0.364612430 -0.097261600 0.926065862
vn 0.912103951 -0.340138555 0.228849649
vn -0.732035875 -0.274295807 0.623606682
vn 0.737968564 0.471533149 -0.482761741
vn -0.918058813 0.142765403 -0.369846195
vn 0.924200296 0.324827105 0.200850964
vn 0.053242236 0.018710067 0.998406410
vn 0.907387018 -0.408480018 -0.098958939
vn 0.036423817 -0.714593768 0.698590755
vn 0.418658704 -0.580258310 -0.698587954
vn -0.452296376 -0.886360109 0.098963112
vn -0.053238899 -0.018711692 -0.998406529
vn -0.924200833 -0.324824125 -0.200853899
vn -0.036426373 0.714593232 -0.698591232
vn -0.907386780 0.408479780 0.098961979
vn 0.452295452 0.886360586 -0.098963462
vn -0.418659240 0.580259085 0.698587000
vn 0.349960804 0.056143831 0.935080409
vn 0.361559331 0.058349542 0.930521429
vn 0.313532710 0.040688761 0.948705256
vn 0.317857891 0.041508362 0.947229385
vn 0.227200598 0.007674253 0.973817825
vn 0.227196366 0.007673372 0.973818719
vn 0.120978117 -0.031018352 0.992170513
vn 0.120979466 -0.031018332 0.992170274
vn -0.005098606 -0.075695999 0.997117996
vn -0.005090001 -0.075694308 0.997118056
vn -0.132496804 -0.119496681 0.983953834
vn -0.132491693 -0.119496815 0.983954489
vn -0.240811601 -0.155643404 0.958010852
vn -0.240805909 -0.155642629 0.958012521
vn -0.331783623 -0.185170546 0.925003529
vn -0.336142421 -0.185778022 0.923306465
vn -0.396089047 -0.204769015 0.895088315
vn -0.404581904 -0.205853611 0.891031861
vn -0.452905834 -0.220895723 0.863759995
vn 0.976556897 -0.204324022 0.067737408
vn -0.909479678 0.174401909 0.377399921
vn -0.660408378 -0.729959428 -0.176125005
vn 0.593197942 0.759431958 -0.267169118
vn 0.276112407 -0.109215617 0.954899907
vn 0.285600007 -0.114514269 0.951482594
vn 0.240070120 -0.097993560 0.965796888
vn 0.243592039 -0.099954054 0.964713573
vn 0.157994106 -0.069757298 0.984973013
vn 0.157994330 -0.069758400 0.984972954
vn 0.059445802 -0.034846343 0.997623146
vn 0.059442878 -0.034846466 0.997623384
vn -0.056264907 0.006336293 0.998395741
vn -0.056263227 0.006336301 0.998395860
vn -0.172652081 0.047971442 0.983814061
vn -0.172648221 0.047971044 0.983814776
vn -0.271626860 0.083551608 0.958768964
vn -0.271623462 0.083550662 0.958770096
vn -0.359655291 0.114775658 0.925999284
vn -0.356562734 0.114223145 0.927262723
vn -0.422769934 0.136541113 0.895891905
vn -0.416714072 0.135482937 0.898884714
vn -0.467755556 0.152972922 0.870519400
vn 0.591218591 -0.645237565 -0.483868808
vn -0.780706167 0.046478186 0.623167396
vn 0.969012141 0.092914768 0.228871763
vn -0.780046761 0.504971325 -0.369501114
vn 0.199713469 0.426317573 0.882251561
vn 0.211440593 0.437996507 0.873757362
vn 0.176735818 0.386730283 0.905098975
vn 0.181157783 0.391217589 0.902291894
vn 0.113757387 0.287253201 0.951075613
vn 0.113754205 0.287249953 0.951077044
vn 0.028267318 0.152671829 0.987872601
vn 0.028264724 0.152672276 0.987872601
vn -0.075273782 -0.014148971 0.997062504
vn -0.075273357 -0.014148792 0.997062564
vn -0.177964494 -0.183871031 0.966705799
vn -0.177962676 -0.183870792 0.966706157
vn -0.259648532 -0.322364748 0.910309613
vn -0.259646297 -0.322360694 0.910311699
vn -0.323261410 -0.432910532 0.841481149
vn -0.319499195 -0.428655893 0.845088482
vn -0.362420231 -0.504952908 0.783373475
vn -0.355520576 -0.497240603 0.791427195
vn -0.387215376 -0.554157197 0.736867785
vn 0.290925533 0.697225988 -0.655162811
vn 0.031698093 -0.983548105 0.177843601
vn 0.581233859 0.709214866 0.398975462
vn -0.902351081 -0.423735976 0.078804828
vn 0.358897775 0.923489988 0.135494024
vn 0.044363398 0.114154659 0.992471993
vn 0.897720516 0.415497094 -0.146491989
vn 0.583195031 -0.393840730 0.710473835
vn 0.696095228 -0.103332207 -0.710474372
vn 0.381555855 -0.912663996 0.146490932
vn -0.044360168 -0.114152767 -0.992472351
vn -0.358900189 -0.923488617 -0.135496795
vn -0.583186269 0.393843234 -0.710479677
vn -0.897719800 -0.415497392 0.146495849
vn -0.381554484 0.912664533 -0.146491572
vn -0.696094453 0.103320912 0.710476816
vn 0.165959090 0.208796456 0.963774621
vn 0.169563159 0.215227827 0.961730421
vn 0.156457782 0.180210277 0.971105158
vn 0.157786801 0.182577118 0.970447838
vn 0.133907989 0.118024021 0.983940542
vn 0.133907735 0.118025459 0.983940423
vn 0.106903218 0.046409931 0.993185699
vn 0.106902808 0.046409026 0.993185759
vn 0.074962959 -0.036542211 0.996516526
vn 0.074964739 -0.036538769 0.996516526
vn 0.042182617 -0.119827420 0.991898179
vn 0.042183720 -0.119826876 0.991898298
vn 0.013275797 -0.191780090 0.981348157
vn 0.013275039 -0.191782489 0.981347680
vn -0.013154552 -0.254940689 0.966867208
vn -0.013949713 -0.258291900 0.965966225
vn -0.032785192 -0.299361229 0.953576446
vn -0.034401663 -0.306106955 0.951375306
vn -0.051245973 -0.343346715 0.937809646
vn 0.790693998 0.608451426 0.067749843
vn -0.724257052 -0.577103317 0.377363980
vn 0.124400340 -0.976484537 -0.176075578
vn -0.190350726 0.944682181 -0.267099768
vn 0.500827312 0.216148704 0.838123918
vn 0.514295936 0.221199498 0.828595459
vn 0.466576248 0.191646457 0.863468826
vn 0.471722305 0.193582535 0.860234797
vn 0.376738816 0.134169966 0.916551292
vn 0.376744062 0.134171396 0.916548967
vn 0.254664332 0.059923764 0.965171039
vn 0.254664838 0.059924044 0.965170979
vn 0.101738475 -0.030259930 0.994350910
vn 0.101741381 -0.030257046 0.994350731
vn -0.057505991 -0.121161185 0.990965784
vn -0.057504058 -0.121160969 0.990965784
vn -0.192182794 -0.195685402 0.961651266
vn -0.192176342 -0.195683330 0.961652875
vn -0.300075263 -0.252335221 0.919935763
vn -0.305323929 -0.256514400 0.917048275
vn -0.372173160 -0.287458092 0.882527709
vn -0.382056475 -0.295320779 0.875681698
vn -0.437299609 -0.321159899 0.840015113
vn 0.454681933 0.887078106 -0.079729170
vn 0.981582165 -0.065434217 -0.179484531
vn -0.466374457 -0.739127278 0.485989451
vn -0.970463753 -0.081548810 -0.227045998
vn -0.133032054 0.427906483 0.893979073
vn -0.134269446 0.437284619 0.889243424
vn -0.121398583 0.395982206 0.910198033
vn -0.121871904 0.399481505 0.908604383
vn -0.096793905 0.321677804 0.941888690
vn -0.096792117 0.321676373 0.941889465
vn -0.067687452 0.231178388 0.970553935
vn -0.067687631 0.231178746 0.970553875
vn -0.032996807 0.123055950 0.991851091
vn -0.032996483 0.123056218 0.991850972
vn 0.002578233 0.011900082 0.999925852
vn 0.002580407 0.011899413 0.999925852
vn 0.033515219 -0.084979534 0.995818913
vn 0.033515271 -0.084982440 0.995818615
vn 0.059694629 -0.169575676 0.983707607
vn 0.061798580 -0.173738346 0.982850909
vn 0.077132218 -0.229290590 0.970297098
vn 0.081359014 -0.237605542 0.967948556
vn 0.095609725 -0.287227005 0.953078866
vn 0.252156913 0.921163082 -0.296438009
vn 0.625319541 -0.610773981 0.485727012
vn -0.755077362 0.654528141 0.038091421
vn -0.123628497 -0.965932965 -0.227353528
vn -0.456300795 0.886498868 0.076873459
vn -0.082716063 0.160706311 0.983530223
vn 0.288622111 0.938760281 -0.188219026
vn 0.662195444 0.212959811 0.718432546
vn 0.558121979 0.415158093 -0.718431354
vn 0.931706607 -0.310634077 0.188226491
vn 0.082717523 -0.160704896 -0.983530283
vn 0.456301719 -0.886497855 -0.076878123
vn -0.662198424 -0.212964326 -0.718428433
vn -0.288614422 -0.938761175 0.188226432
vn -0.931706309 0.310636759 -0.188223675
vn -0.558134913 -0.415154368 0.718423426
vn -0.166202292 0.371604145 0.913393199
vn -0.169928715 0.383460879 0.907789588
vn -0.145924032 0.336884707 0.930169284
vn -0.147329360 0.341323584 0.928327680
vn -0.100695185 0.252738655 0.962280393
vn -0.100697622 0.252741039 0.962279618
vn -0.045644399 0.147313848 0.988036096
vn -0.045645442 0.147313654 0.988036036
vn 0.019705508 0.021035729 0.999584496
vn 0.019704100 0.021039261 0.999584496
vn 0.085429490 -0.107188910 0.990561664
vn 0.085429691 -0.107188612 0.990561724
vn 0.140755311 -0.216125131 0.966166615
vn 0.140756458 -0.216127113 0.966165960
vn 0.186433882 -0.306818873 0.933329880
vn 0.187792093 -0.311328202 0.931562603
vn 0.217502609 -0.370733082 0.902911723
vn 0.220057920 -0.379478812 0.898649156
vn 0.243726581 -0.426930815 0.870819986
vn -0.049541712 -0.924745739 0.377347231
vn -0.246955276 0.737713933 -0.628324151
vn 0.813514531 -0.554665923 -0.174756363
vn -0.517979443 0.741322517 0.426776588
vn 0.043020956 0.419594079 0.906691790
vn 0.047556598 0.430108160 0.901523888
vn 0.036073431 0.382237524 0.923359811
vn 0.037746180 0.386179805 0.921650887
vn 0.017216580 0.294747025 0.955420196
vn 0.017214622 0.294744968 0.955420852
vn -0.006466122 0.186626717 0.982409596
vn -0.006467258 0.186627105 0.982409596
vn -0.034059677 0.057089746 0.997787893
vn -0.034058813 0.057090864 0.997787952
vn -0.061432447 -0.075355083 0.995262623
vn -0.061431874 -0.075354964 0.995262682
vn -0.084254935 -0.189068571 0.978342593
vn -0.084255673 -0.189066440 0.978342891
vn -0.103914440 -0.285105824 0.952846527
vn -0.104036234 -0.290377498 0.951239944
vn -0.118268982 -0.350926369 0.928904295
vn -0.118423134 -0.361278355 0.924907506
vn -0.130076006 -0.414500594 0.900704980
vn 0.635501921 0.757397354 0.149955064
vn -0.032104336 -0.756226838 0.653521419
vn -0.302539885 0.864416420 -0.401564091
vn -0.300200135 -0.865548730 -0.400880694
vn -0.542597771 0.160257936 0.824563622
vn -0.555232644 0.170743242 0.813979983
vn -0.502024293 0.142769724 0.852987945
vn -0.506941080 0.146730542 0.849400342
vn -0.396430492 0.092188992 0.913424373
vn -0.396433324 0.092190072 0.913423002
vn -0.247690946 0.021581873 0.968598723
vn -0.247691587 0.021582387 0.968598545
vn -0.058184173 -0.064514004 0.996219099
vn -0.058183506 -0.064513445 0.996219218
vn 0.138152853 -0.149566665 0.979052424
vn 0.138153613 -0.149566635 0.979052305
vn 0.299259663 -0.216136083 0.929370224
vn 0.299255610 -0.216134101 0.929371834
vn 0.420279086 -0.263979673 0.868147612
vn 0.425407141 -0.267274171 0.864634812
vn 0.499148518 -0.295344979 0.814630151
vn 0.508395791 -0.301305085 0.806690097
vn 0.561746836 -0.320664376 0.762636781
vn -0.529868603 0.829638004 -0.175898045
vn 0.731519520 -0.192303091 0.654139638
vn -0.984133005 -0.159963280 -0.076772347
vn 0.782015026 -0.477893144 -0.400088251
vn -0.951397121 0.107018337 0.288774341
vn 0.034032971 -0.003832234 0.999413371
vn -0.645351529 0.763160765 -0.033272624
vn 0.340072513 0.652326882 0.677362740
vn -0.186673284 0.711568236 -0.677365363
vn 0.798763275 0.600724995 0.033267967
vn -0.034030363 0.003827336 -0.999413550
vn 0.951397777 -0.107015349 -0.288773417
vn -0.340076625 -0.652323246 -0.677364290
vn 0.645348251 -0.763163745 0.033268195
vn -0.798761189 -0.600727797 -0.033266220
vn 0.186673850 -0.711568058 0.677365363
vn -0.417167038 0.093286268 0.904029608
vn -0.428970009 0.096569508 0.898142099
vn -0.377388746 0.091449961 0.921528459
vn -0.381815583 0.092677630 0.919580221
vn -0.283053517 0.083509199 0.955461562
vn -0.283052146 0.083508953 0.955462098
vn -0.165557906 0.071813650 0.983581901
vn -0.165556297 0.071813732 0.983582258
vn -0.024834501 0.056768652 0.998078525
vn -0.024826508 0.056768358 0.998078704
vn 0.118088678 0.040373612 0.992182016
vn 0.118091293 0.040373880 0.992181659
vn 0.239557624 0.025540648 0.970546126
vn 0.239556625 0.025541259 0.970546365
vn 0.340753198 0.012509749 0.940069556
vn 0.345283240 0.011099739 0.938432872
vn 0.411605000 0.002182935 0.911359727
vn 0.420367509 -0.000641245 0.907353699
vn 0.473425448 -0.007960773 0.880797923
vn 0.742263854 -0.553795278 0.377299935
vn -0.761162877 0.631210864 -0.149010137
vn 0.912791550 0.368099928 -0.176957563
vn -0.893823266 -0.445440114 -0.051604480
vn -0.370941132 0.268103629 0.889113665
vn -0.378209829 0.273617268 0.884359062
vn -0.341973335 0.236570671 0.909444094
vn -0.344722658 0.238651380 0.907861173
vn -0.277283698 0.166569695 0.946239054
vn -0.277284920 0.166571692 0.946238339
vn -0.195278078 0.079692088 0.977504849
vn -0.195275962 0.079692096 0.977505207
vn -0.095159382 -0.023896832 0.995175242
vn -0.095160328 -0.023893202 0.995175183
vn 0.008576976 -0.128589898 0.991660714
vn 0.008578954 -0.128589913 0.991660774
vn 0.098102070 -0.216839224 0.971265554
vn 0.098100476 -0.216837287 0.971266150
vn 0.173549026 -0.289663970 0.941262722
vn 0.176437840 -0.293562710 0.939516246
vn 0.226322770 -0.340833694 0.912474930
vn 0.231933326 -0.348367035 0.908211172
vn 0.272192925 -0.385808975 0.881511569
vn -0.187428355 0.966447592 -0.175641164
vn 0.437517643 -0.617405534 0.653749824
vn -0.973934650 0.213365331 -0.076985054
vn 0.722557664 -0.563507617 -0.400461793
vn -0.499422103 -0.373010904 0.781946540
vn -0.514018059 -0.377411962 0.770289361
vn -0.464935899 -0.349851161 0.813288987
vn -0.470552027 -0.351631016 0.809281409
vn -0.370642394 -0.292457849 0.881528616
vn -0.370645553 -0.292459995 0.881526470
vn -0.237059101 -0.211444125 0.948205888
vn -0.237057388 -0.211445406 0.948206067
vn -0.067110501 -0.105782263 0.992122114
vn -0.067116484 -0.105786279 0.992121279
vn 0.109402463 0.006739339 0.993974686
vn 0.109397739 0.006739076 0.993975282
vn 0.255261213 0.101879008 0.961489677
vn 0.255256742 0.101876535 0.961491108
vn 0.371949047 0.179564252 0.910719812
vn 0.366098762 0.177102312 0.913567960
vn 0.446992815 0.231924757 0.863949299
vn 0.436177224 0.227412581 0.870650947
vn 0.496771783 0.268729329 0.825228631
vn -0.985942543 -0.073463045 0.150068536
vn 0.563986063 0.504881859 0.653463066
vn -0.408083677 -0.819932699 -0.401470184
vn 0.829352736 0.389184028 -0.400886387
vn -0.650756299 -0.701631069 0.290224135
vn 0.024318289 0.026218954 0.999360383
vn -0.997294009 -0.066108920 -0.032162633
vn -0.322223336 0.661736548 0.676961541
vn -0.684074402 0.271586299 -0.676966071
vn -0.009002860 0.999441862 0.032170456
vn -0.024319749 -0.026221834 -0.999360263
vn 0.650756299 0.701628387 -0.290230751
vn 0.322214872 -0.661736727 -0.676965356
vn 0.997293413 0.066112675 0.032170482
vn 0.009006660 -0.999442101 -0.032161627
vn 0.684077621 -0.271583974 0.676963747
vn -0.368622810 -0.331503779 0.868459880
vn -0.378803253 -0.339385182 0.861002803
vn -0.343544722 -0.299977422 0.889938533
vn -0.347387671 -0.302961856 0.887432277
vn -0.279372752 -0.225937277 0.933221996
vn -0.279371172 -0.225934848 0.933223009
vn -0.195699736 -0.132621258 0.971654832
vn -0.195698842 -0.132621855 0.971655071
vn -0.092966639 -0.019935705 0.995469630
vn -0.092969298 -0.019939324 0.995469332
vn 0.013348214 0.094685525 0.995417714
vn 0.013348161 0.094685674 0.995417714
vn 0.104601003 0.191497475 0.975903332
vn 0.104597762 0.191494942 0.975904167
vn 0.183451340 0.274974793 0.943787336
vn 0.181132793 0.271540672 0.945228398
vn 0.238641739 0.333983868 0.911868870
vn 0.234187290 0.327376842 0.915412843
vn 0.277849317 0.373931199 0.884858847
vn 0.886294365 0.268551409 0.377309710
vn -0.609489799 -0.483474940 -0.628310680
vn 0.244696900 0.953750908 -0.174592733
vn -0.520739257 -0.739665210 0.426293284
vn -0.546893537 -0.018542252 0.836996853
vn -0.557496846 -0.022982918 0.829860866
vn -0.500892580 -0.009569524 0.865456522
vn -0.504986465 -0.011223923 0.863054395
vn -0.392517179 0.009954778 0.919690847
vn -0.392518461 0.009953804 0.919690371
vn -0.246207073 0.034555357 0.968601048
vn -0.246204346 0.034555312 0.968601823
vn -0.063600905 0.062827155 0.995995879
vn -0.063602068 0.062827304 0.995995760
vn 0.124911040 0.089401357 0.988131881
vn 0.124906801 0.089401431 0.988132477
vn 0.282190651 0.109513842 0.953087211
vn 0.282184035 0.109513253 0.953089237
vn 0.411057115 0.125368908 0.902947843
vn 0.406404793 0.123940654 0.905248046
vn 0.498304039 0.136369705 0.856210589
vn 0.489658296 0.133712217 0.861600697
vn 0.555815399 0.141827703 0.819117904
vn -0.928195179 0.340530246 0.149976566
vn 0.734145463 0.655859768 0.175722584
vn -0.710246682 -0.576793194 -0.403558403
vn 0.904279351 -0.419760883 0.077972405
vn -0.003996591 -0.415304780 0.909673631
vn -0.007249380 -0.427388668 0.904038906
vn -0.002584670 -0.375332505 0.926886618
vn -0.003780695 -0.379868269 0.925032794
vn 0.003828183 -0.280044466 0.959979415
vn 0.003827958 -0.280047357 0.959978580
vn 0.012568234 -0.160769582 0.986911952
vn 0.012568004 -0.160769030 0.986912012
vn 0.022586999 -0.017659103 0.999588966
vn 0.022587532 -0.017653774 0.999589026
vn 0.032282494 0.128056929 0.991241217
vn 0.032282405 0.128057346 0.991241276
vn 0.040109348 0.251842111 0.966936886
vn 0.040109187 0.251845032 0.966936111
vn 0.046313189 0.354833394 0.933781683
vn 0.047410067 0.359484434 0.931945920
vn 0.051280677 0.426807195 0.902887583
vn 0.053432215 0.435790062 0.898460925
vn 0.056321565 0.489554584 0.870151877
vn -0.345176667 -0.639994264 0.686484098
vn -0.069719575 0.755624473 0.651283979
vn -0.543905318 -0.417180955 -0.728098214
vn 0.776252925 -0.582491875 -0.241111100
vn 0.179925039 0.901167512 -0.394365460
vn 0.333984613 0.188390285 0.923560202
vn -0.923401833 0.213402152 0.319043338
vn 0.065658055 0.889919221 0.451367676
vn -0.760338902 0.360027611 -0.540615380
vn -0.333984852 -0.188390642 -0.923560023
vn 0.449797601 0.719329834 -0.529383361
vn -0.065658391 -0.889919460 -0.451367259
vn 0.923401892 -0.213402689 -0.319042534
vn -0.449797988 -0.719328940 0.529384255
vn 0.760337710 -0.360029548 0.540615618
vn 0.001401624 0.000950785 0.999998569
vn -0.541615009 -0.290323764 0.788901329
vn -0.168162987 -0.589327633 0.790198922
vn 0.288444132 -0.529829502 0.797546685
vn 0.578054905 -0.149159223 0.802249432
vn 0.390268117 0.430442691 0.813885689
vn -0.168542087 0.586103857 0.792512357
vn -0.567205191 0.212272927 0.795750380
vn -0.733519912 0.086481310 0.674143553
vn -0.693118751 -0.266387492 0.669794083
vn -0.463936657 -0.574882090 0.673998117
vn -0.075358905 -0.733367801 0.675642490
vn 0.369460285 -0.658125401 0.656025946
vn 0.731745601 -0.265447199 0.627762914
vn 0.728475809 0.228056505 0.645997941
vn 0.476857841 0.588887990 0.652547061
vn 0.098841541 0.732678413 0.673359334
vn -0.285221159 0.686117351 0.669247270
vn -0.583132386 0.453988701 0.673684657
vn 0.310705572 -0.707975268 0.634218514
vn 0.654829800 -0.400658250 0.640836060
vn 0.752654135 0.185532719 0.631735206
vn -0.856579304 0.113802098 0.503310084
vn -0.792725682 -0.303689808 0.528543711
vn -0.612190187 -0.585796416 0.531098664
vn -0.307243198 -0.786425591 0.535851300
vn 0.103041619 -0.835398912 0.539899230
vn 0.418364406 -0.717473269 0.556959033
vn 0.666459262 -0.503680646 0.549670696
vn 0.829729915 -0.108879030 0.547442973
vn 0.757165968 0.344363034 0.555080056
vn 0.524494112 0.655785501 0.543002069
vn 0.126914814 0.829252422 0.544272959
vn -0.225578368 0.809025407 0.542763531
vn -0.515288055 0.671155155 0.532943726
vn -0.741503179 0.416431159 0.526078165
vn -0.900161505 0.095459029 0.424966902
vn -0.471341610 -0.819826901 0.325147510
vn -0.242991209 -0.912619948 0.328755647
vn 0.249435514 -0.908865333 0.334284127
vn 0.665146470 -0.672137201 0.325287312
vn 0.819449365 -0.466109902 0.333533168
vn 0.907037854 -0.243808016 0.343278259
vn 0.890416741 0.091343865 0.445886195
vn 0.269974947 0.902689636 0.335059792
vn -0.922757208 0.140098825 0.359014720
vn -0.876179636 -0.338147789 0.343460768
vn -0.669056714 -0.659956932 0.341789424
vn -0.007692889 -0.942928374 0.332906812
vn 0.472441792 -0.812936187 0.340490341
vn 0.927806854 -0.018723432 0.372590750
vn 0.864948511 0.367757082 0.341494918
vn 0.582659125 0.738085687 0.340202749
vn -0.021635463 0.943658948 0.330211669
vn -0.382419378 0.861142814 0.334945500
vn -0.755922854 0.558036923 0.342309237
vn -0.994091690 -0.018209148 0.107005514
vn -0.263506293 -0.963162303 0.053691573
vn 0.256214261 -0.961654663 0.097849555
vn 0.862598240 -0.497734964 0.090466641
vn 0.998297513 0.005520772 0.058066893
vn 0.867538035 0.493713409 0.060206641
vn 0.261806577 0.958779097 0.110454246
vn -0.248842463 0.963729560 0.096450828
vn -0.968899667 -0.247160956 0.012041930
vn -0.854749918 -0.517497897 0.039981864
vn -0.703968585 -0.702524841 0.104341209
vn -0.502461433 -0.862917542 0.053905483
vn 0.014282119 -0.999804080 0.013710397
vn 0.493753821 -0.861727595 0.116760060
vn 0.712173402 -0.700374246 0.047801863
vn 0.955283999 -0.272033274 0.115889706
vn 0.965651572 0.236794680 0.106982782
vn 0.716464520 0.696856380 0.032708921
vn 0.483249307 0.875381231 0.013341975
vn -0.000541426 0.999958098 0.009143167
vn -0.498920381 0.866255760 0.026065933
vn -0.697694421 0.708810329 0.103973694
vn -0.862199187 0.505553782 0.032061405
vn -0.965079963 0.260321170 0.029214868
vn -0.947155714 0.008828877 -0.320652634
vn -0.670968771 -0.672657788 -0.311981589
vn 0.237450182 -0.920722842 -0.309656203
vn 0.490933508 -0.864580810 -0.107164994
vn 0.827524722 -0.477102548 -0.295932412
vn 0.951765060 -0.293283701 -0.090155505
vn 0.924100876 0.242638484 -0.295235991
vn 0.245724469 0.916623175 -0.315311700
vn -0.255175799 0.912459135 -0.319849610
vn -0.675738931 0.670971572 -0.305244148
vn -0.820340455 -0.456366599 -0.344631910
vn -0.473503828 -0.808827281 -0.348701537
vn -0.241967171 -0.907714844 -0.342791080
vn 0.653008878 -0.669651806 -0.353759706
vn 0.934476018 -0.006018778 -0.355975181
vn 0.812987030 0.461992025 -0.354422748
vn -0.461693972 0.808856249 -0.364129543
vn -0.806345999 0.471952409 -0.356464624
vn -0.891947925 -0.253640950 -0.374292910
vn -0.020236174 -0.929117143 -0.369231373
vn 0.475275248 -0.784229398 -0.398870766
vn 0.891780674 -0.219446316 -0.395690203
vn 0.658892453 0.664798200 -0.352000177
vn 0.483176798 0.795203686 -0.366321295
vn 0.003979895 0.925191820 -0.379479021
vn -0.898724020 0.243795604 -0.364498049
vn -0.532534480 -0.066959493 -0.843755543
vn -0.428891957 -0.332392633 -0.839980245
vn -0.189756230 -0.503100932 -0.843138218
vn 0.146950975 -0.524328172 -0.838740468
vn 0.462989748 -0.294819325 -0.835895956
vn 0.539207280 0.066282801 -0.839560688
vn 0.419424802 0.335898906 -0.843359232
vn 0.194742426 0.502146006 -0.842570305
vn -0.075641036 0.531420529 -0.843724251
vn -0.331135303 0.432235986 -0.838761866
vn -0.502639651 0.194027275 -0.842440963
vn 0.000058038 -0.000030272 -1.000000000
vn -0.363989353 0.095664181 0.926477253
vn 0.219891712 0.975524306 0.000001618
vn 0.276345193 0.380348623 0.882591784
vn 0.276344925 0.380349010 -0.882591724
vn 0.996640801 0.081897542 0.000000309
vn 0.505346894 -0.136194289 0.852100730
vn 0.896042585 -0.443638653 -0.017098289
vn 0.602310836 -0.095532641 -0.792524576
vn -0.000579025 -0.979256511 0.202623785
vn 0.000188876 -0.441377640 -0.897321403
vn -0.896041274 -0.443641365 -0.017098119
vn -0.455982685 -0.135736182 0.879576862
vn -0.999185979 0.040340200 0.000000070
vn -0.613065422 -0.108827710 -0.782500803
vn -0.865486741 0.500931859 0.000000314
vn -0.364176720 0.102288455 -0.925695658
vn -0.064557821 -0.430403471 0.900325119
vn -0.850280464 0.526093841 -0.015757987
vn -0.269296229 0.369451851 -0.889373243
vn 0.075663738 0.683876634 0.725663722
vn 0.309017509 0.951056421 -0.000001603
vn 0.997121453 -0.074164741 0.015760811
vn 0.340759277 0.597739100 -0.725665927
vn 0.435021192 0.140604928 0.889374435
vn 0.157920510 -0.985506356 0.061955675
vn 0.256731331 -0.317122400 -0.912974417
vn -0.309016943 -0.951056540 0.000000148
vn -0.394098580 -0.105654858 0.912975013
vn -0.707025290 -0.704469323 -0.061953269
vn -0.200755581 -0.386150002 -0.900325119
vn -0.238244310 0.291342527 0.926476777
vn -0.593846798 -0.781180441 0.192621708
vn -0.073573276 -0.411307454 -0.908522487
vn -0.448683411 0.158208266 0.879575729
vn -0.987811625 0.144400120 -0.058111705
vn -0.551142633 0.276550502 -0.787249386
vn -0.774487376 0.631673813 -0.034024715
vn -0.452929288 0.889603794 0.058823004
vn 0.767702818 0.640697956 0.011768335
vn 0.026856333 0.412217498 -0.910689652
vn 0.447131872 0.145278797 0.882591248
vn 0.823994219 -0.566574931 -0.005141407
vn 0.441811264 -0.193983167 -0.875884354
vn 0.328783125 -0.407218337 0.852100253
vn 0.506008148 -0.862528622 0.000566831
vn -0.389388561 -0.194401413 0.900324762
vn 0.021299912 -0.407461017 -0.912974179
vn 0.021299386 -0.407460898 0.912974238
vn -0.494678319 -0.869076252 -0.000000029
vn -0.775375426 -0.631500602 0.000000596
vn -0.389389694 -0.194402114 -0.900324166
vn -0.994996071 -0.099913791 -0.000000449
vn -0.395504922 0.918463945 -0.000000876
vn -0.000709691 0.457180798 0.889373481
vn -0.000708023 0.457180083 -0.889373839
vn 0.769340515 0.638838947 0.000001277
vn 0.627024651 0.283289313 0.725663364
vn 0.773452282 -0.633854687 -0.000000095
vn 0.627023935 0.283290029 -0.725663722
vn -0.047960989 0.480129540 0.875885487
vn 0.400338709 -0.101837784 0.910690963
vn 0.400339276 -0.101837389 -0.910690725
vn 0.673676193 -0.739026725 0.000000478
vn 0.092703201 -0.609625578 0.787250102
vn 0.376821011 -0.926286101 -0.000000416
vn 0.092702553 -0.609626055 -0.787249863
vn -0.233494654 -0.972358108 0.000000538
vn -0.430683970 0.143411696 -0.891035557
vn -0.430682987 0.143412620 0.891035914
vn -0.995728850 -0.092326000 0.000000809
vn -0.347312540 0.937749445 0.000000099
vn 0.834139049 0.551554382 -0.000000025
vn -0.047960389 0.480128050 -0.875886261
vn -0.255686045 0.337139040 0.906069458
vn 0.183250487 0.331578076 -0.925459564
vn 0.614424706 0.744536757 0.261050493
vn 0.468151718 -0.583130062 0.663922727
vn 0.868682384 -0.388201773 -0.307718009
vn -0.290602744 -0.818703294 -0.495252460
vn -0.838020921 -0.408098578 0.362182915
vn -0.804487109 0.465606481 -0.368796855
vn 0.183252230 -0.331562907 0.925464571
vn -0.290602148 0.818707347 0.495246142
vn 0.468151301 0.583130717 -0.663922369
vn 0.868680894 0.388205469 0.307717502
vn 0.614425778 -0.744535863 -0.261050552
vn -0.255689234 -0.337128669 -0.906072438
vn -0.804488361 -0.465602160 0.368799567
vn -0.838018775 0.408106893 -0.362178683
vn 0.255683035 -0.337138504 0.906070530
vn -0.468155980 0.583129644 0.663920045
vn 0.838022292 0.408094764 0.362183958
vn 0.290603876 0.818703651 -0.495251149
vn 0.804485381 -0.465610236 -0.368795872
vn -0.614427507 -0.744534016 0.261051714
vn -0.183252484 -0.331577718 -0.925459206
vn -0.868682683 0.388202846 -0.307716012
vn 0.193325222 -0.345811993 0.918171883
vn -0.282716036 0.831039429 0.479004174
vn 0.193328351 0.345807046 -0.918173075
vn 0.863577068 0.405042857 0.300291538
vn 0.863576591 -0.405042499 -0.300293207
vn -0.282711565 -0.831042409 -0.479001790
vn -0.797158539 -0.449216604 0.403414100
vn -0.797160566 0.449213237 -0.403413832
vn -0.193321913 0.345813334 0.918172061
vn 0.797157288 0.449217409 0.403415650
vn 0.282712787 0.831041813 -0.479002118
vn 0.797158003 -0.449215770 -0.403415889
vn 0.282717466 -0.831040680 0.479001284
vn -0.863576293 -0.405041963 0.300294757
vn -0.193324745 -0.345811695 -0.918172002
vn -0.863578141 0.405037999 -0.300294906
vn 0.167616442 -0.316889077 0.933534265
vn -0.366199821 0.779244304 0.508602023
vn 0.861999452 0.383142322 0.331901968
vn 0.400659621 0.624811769 -0.670135915
vn 0.808672845 -0.496718019 -0.315150201
vn -0.632937729 -0.706927121 0.315664202
vn -0.247591481 -0.353567839 -0.902046740
vn -0.849225461 0.415022314 -0.326454669
vn -0.193323523 0.345810950 0.918172598
vn 0.797159135 0.449211627 0.403418183
vn 0.282715946 0.831040800 -0.479002029
vn 0.797158897 -0.449212521 -0.403417587
vn 0.282712162 -0.831043541 0.478999406
vn -0.863574088 -0.405047685 0.300293595
vn -0.193320647 -0.345813930 -0.918172002
vn -0.863576055 0.405043721 -0.300293207
vn -0.193323717 0.345813721 0.918171465
vn 0.282712340 0.831040323 -0.479004920
vn 0.797158360 0.449215889 0.403415024
vn 0.797158122 -0.449214607 -0.403416812
vn 0.282713711 -0.831038952 0.479006708
vn -0.193321854 -0.345815778 -0.918171108
vn -0.863577068 -0.405042440 0.300292015
vn -0.863579988 0.405035019 -0.300293684
vn -0.193323046 0.345815003 0.918171167
vn 0.797160923 0.449211806 0.403414428
vn 0.282712340 0.831040025 -0.479005426
vn 0.797160685 -0.449211955 -0.403414726
vn 0.282713979 -0.831038773 0.479006648
vn -0.863577425 -0.405038834 0.300295919
vn -0.193324089 -0.345810175 -0.918172777
vn -0.863576591 0.405042768 -0.300293237
vn -0.183253706 0.331577182 0.925459206
vn 0.255683780 0.337131858 -0.906072795
vn 0.804487348 0.465604752 0.368798614
vn 0.838021576 -0.408098459 -0.362181604
vn 0.290600508 -0.818703890 0.495252699
vn -0.468155026 -0.583128810 -0.663921535
vn -0.868683994 -0.388199180 0.307716548
vn -0.614425659 0.744535685 -0.261051297
vn 0.193326414 -0.345810264 0.918172240
vn -0.282709777 0.831042171 0.479003251
vn 0.863577127 0.405041516 0.300293088
vn 0.193325013 0.345811397 -0.918172002
vn 0.863578320 -0.405039936 -0.300291657
vn -0.797160685 -0.449210763 0.403416008
vn -0.282709897 -0.831041694 -0.479003996
vn -0.797160506 0.449209303 -0.403418303
vn 0.193327010 -0.345811069 0.918171704
vn -0.282712042 0.831040382 0.479005128
vn 0.193322808 0.345812708 -0.918172121
vn 0.863576770 0.405042320 0.300293088
vn 0.863579571 -0.405037701 -0.300291330
vn -0.282713115 -0.831041217 -0.479002893
vn -0.797159851 -0.449212909 0.403415293
vn -0.797159612 0.449212074 -0.403416872
vn -0.193324670 0.345812052 0.918171823
vn 0.797159672 0.449212611 0.403416097
vn 0.282715559 0.831038058 -0.479007006
vn 0.797156811 -0.449217379 -0.403416574
vn 0.282712907 -0.831041396 0.479002833
vn -0.863575220 -0.405046374 0.300291985
vn -0.193323106 -0.345815063 -0.918171167
vn -0.863575995 0.405044347 -0.300292671
vn -0.193322659 0.345816582 0.918170691
vn 0.282713920 0.831040442 -0.479003727
vn 0.797157824 0.449216098 0.403415829
vn 0.797159493 -0.449212253 -0.403417051
vn 0.282714635 -0.831038117 0.479007334
vn -0.193322703 -0.345812738 -0.918172002
vn -0.863578439 -0.405038267 0.300293893
vn -0.863575280 0.405045956 -0.300292283
vn 0.677871108 0.285484612 0.677487552
vn 0.875532031 -0.438936383 0.201937228
vn -0.260340780 -0.550846517 0.792963266
vn 0.575615168 -0.199680418 -0.792965889
vn -0.299425155 -0.932505906 -0.201934084
vn -0.678390026 -0.284252942 -0.677486002
vn 0.215633526 0.782822847 -0.583687067
vn -0.881788075 0.373910218 -0.287473410
vn 0.350246310 0.891453981 0.287467033
vn -0.709988356 0.393988162 0.583686531
vn 0.000324006 -0.001742056 0.999998391
vn -0.568892539 -0.233457521 0.788580358
vn -0.079350337 -0.615642667 0.784020245
vn 0.480133206 -0.375169128 0.792918801
vn 0.567854583 0.218213737 0.793677390
vn 0.126014933 0.608123064 0.783777237
vn -0.436833203 0.406357020 0.802527726
vn -0.749835312 0.139948428 0.646654010
vn -0.439186692 -0.608269811 0.661152720
vn -0.080615953 -0.753782272 0.652160585
vn 0.308967501 -0.688177466 0.656468451
vn 0.657630563 -0.375067413 0.653334975
vn 0.737242103 0.164859653 0.655206442
vn 0.480390042 0.625649333 0.614644885
vn -0.164768964 0.736290455 0.656298339
vn -0.546171486 0.529957831 0.648722947
vn -0.781417072 -0.026268300 0.623455942
vn -0.690963447 -0.302220762 0.656682730
vn 0.627901435 -0.472740889 0.618268430
vn 0.781175971 -0.141622290 0.608035564
vn 0.818075418 0.234534889 0.525115311
vn 0.599401295 0.513593972 0.613953888
vn 0.203015059 0.751604795 0.627594709
vn -0.846161008 -0.103820808 0.522716880
vn -0.671325445 -0.539254606 0.508455217
vn -0.332831740 -0.810462713 0.482051075
vn 0.099290676 -0.873581886 0.476441205
vn 0.522020102 -0.674876392 0.521571457
vn 0.724709809 -0.435967624 0.533599019
vn 0.825720787 -0.205522254 0.525305510
vn 0.847207844 0.011208545 0.531143427
vn 0.666316628 0.513772011 0.540426195
vn 0.330294132 0.780763745 0.530390203
vn -0.112240851 0.857603610 0.501914322
vn -0.534166574 0.670655131 0.514672518
vn -0.800300300 0.346979946 0.489003509
vn -0.909114957 -0.262474269 0.323445946
vn -0.827127039 -0.466715485 0.313109368
vn -0.662071407 -0.679253936 0.316663146
vn -0.344200402 -0.839400589 0.420633882
vn 0.096464567 -0.918471515 0.383542299
vn 0.466178268 -0.823770285 0.322614640
vn 0.675132394 -0.670254648 0.308147579
vn 0.834760964 0.454759657 0.310431540
vn 0.671590388 0.668806851 0.318847686
vn 0.224573016 0.920027316 0.321118027
vn 0.003382611 0.941759348 0.336270720
vn -0.351486206 0.836312294 0.420760393
vn -0.844303489 0.336174250 0.417299092
vn -0.945674479 0.020543445 0.324465156
vn -0.482188165 -0.808982849 0.336216241
vn -0.129143149 -0.925376058 0.356372207
vn 0.245934188 -0.905530214 0.345733255
vn 0.874290526 -0.361811489 0.323587179
vn 0.941139638 0.105496801 0.321133494
vn 0.484804958 0.811712980 0.325708747
vn -0.202782750 0.908225775 0.366067141
vn -0.477348536 0.810616732 0.339173913
vn -0.679381728 0.657188475 0.326410621
vn -0.862061441 0.374880105 0.341050059
vn -0.959651470 -0.255316466 0.117824182
vn 0.005455745 -0.998301089 0.058010668
vn 0.703550577 -0.707776964 0.063784286
vn 0.967504799 -0.245928600 0.058767304
vn 0.963396847 0.259689063 0.066543832
vn 0.701439202 0.704372525 0.108823128
vn 0.006982021 0.998206437 0.059457615
vn -0.963368535 0.248406261 0.101071738
vn -0.998822987 -0.009119063 0.047638535
vn -0.866159976 -0.496401876 0.057896998
vn -0.706310272 -0.706383646 0.046346981
vn -0.506294131 -0.862345517 0.005144360
vn -0.278381944 -0.953731894 0.113573879
vn 0.250828862 -0.968008995 0.006593278
vn 0.489095688 -0.862935245 0.126997501
vn 0.848005652 -0.515324950 0.123801477
vn 0.999994159 -0.000508668 -0.003385515
vn 0.868172467 0.494163960 0.045593087
vn 0.499486864 0.860290945 0.102040857
vn 0.259236008 0.959086418 0.113797769
vn -0.256056100 0.960368872 0.110122316
vn -0.498104244 0.859554648 0.114271425
vn -0.716201901 0.696423471 0.045267724
vn -0.851438105 0.514402092 0.102194510
vn -0.959518194 -0.259101123 -0.110414989
vn -0.248463631 -0.961808741 -0.114847161
vn 0.505150318 -0.855316460 -0.115138538
vn 0.858363867 -0.501068830 -0.110188521
vn 0.710246980 0.695874929 -0.106336117
vn 0.497031450 0.861790836 -0.101372093
vn 0.243822813 0.964085340 -0.105309404
vn -0.242190659 0.964645624 -0.103935868
vn -0.506344080 0.855680048 -0.106899470
vn -0.814892113 0.484520257 -0.318105310
vn -0.959838450 0.262251735 -0.099670261
vn -0.941884279 0.002738366 -0.335926592
vn -0.815270901 -0.469254941 -0.339312553
vn -0.664960146 -0.674725771 -0.320270360
vn -0.006353110 -0.942072988 -0.335348040
vn 0.669678807 -0.658554256 -0.343273282
vn 0.912022412 -0.237674028 -0.334254652
vn 0.909042776 0.250045449 -0.333344460
vn 0.824253321 0.463850170 -0.324729860
vn -0.011051425 0.941323638 -0.337324291
vn -0.671001792 0.656510949 -0.344601184
vn -0.904552519 -0.249787346 -0.345529914
vn -0.471078962 -0.807977915 -0.353915632
vn -0.238198534 -0.907204986 -0.346757352
vn 0.243373051 -0.907949984 -0.341169119
vn 0.455604404 -0.816220522 -0.355258614
vn 0.809726596 -0.472330362 -0.348205477
vn 0.938349783 -0.011903314 -0.345482498
vn 0.661406696 0.661742806 -0.353040636
vn 0.474924624 0.800078928 -0.366497487
vn 0.242897674 0.909929633 -0.336197585
vn -0.228779897 0.901086986 -0.368377686
vn -0.467391253 0.813623726 -0.345777273
vn -0.904244423 0.220893621 -0.365442485
vn -0.548888922 -0.073700972 -0.832639873
vn -0.429184884 -0.344393313 -0.834981203
vn -0.196907535 -0.513551593 -0.835159957
vn 0.083460465 -0.543892741 -0.834993958
vn 0.333792657 -0.433313608 -0.837151110
vn 0.511716902 -0.211826816 -0.832631528
vn 0.542604685 0.071117982 -0.836972177
vn 0.434386492 0.343043596 -0.832844198
vn 0.118925303 0.547129273 -0.828556895
vn -0.292429596 0.479022115 -0.827661037
vn -0.505219400 0.221144363 -0.834175408
vn 0.000019880 0.000102077 -1.000000000
vn 0.363227934 -0.098137766 0.926517427
vn -0.000164965 0.418339491 0.908290744
vn 0.000599111 0.982233405 -0.187662646
vn 0.896139324 0.443575293 0.013237964
vn 0.599604666 0.104112744 0.793495297
vn 0.999209285 -0.039759468 -0.000000214
vn 0.447879374 0.128758594 -0.884774148
vn 0.862406492 -0.506216407 -0.000001176
vn 0.363019139 -0.091974668 -0.927231252
vn -0.279183775 -0.360463560 0.890012681
vn -0.222420767 -0.974950850 -0.000001336
vn -0.279185295 -0.360463023 -0.890012383
vn -0.589516282 0.091656461 0.802539468
vn -0.996639371 -0.081915222 0.000000041
vn -0.497137278 0.129816458 -0.857905686
vn -0.896141291 0.443571240 0.013240649
vn 0.205577925 0.315124482 0.926517308
vn -0.397915214 0.129118174 0.908290684
vn -0.934345305 0.302955657 -0.187661216
vn -0.144940361 0.989351809 0.013239089
vn 0.086271264 0.602428019 0.793497145
vn 0.361338884 0.931776881 -0.035015225
vn 0.030161917 0.512919426 -0.857906759
vn 0.708861291 0.702774346 0.060199231
vn 0.256548524 -0.376908988 0.890012622
vn 0.397882611 0.127660319 -0.908511043
vn 0.844690204 -0.535088956 0.013354326
vn -0.015665721 -0.432279915 -0.901603460
vn -0.269341230 -0.532338560 0.802540302
vn -0.241747543 -0.969749391 0.033828888
vn -0.260860473 -0.386171818 -0.884773016
vn -0.698786139 -0.715208113 0.013239267
vn 0.347750157 -0.138968915 0.927231014
vn -0.559978306 -0.809198678 0.177825153
vn -0.976587176 0.214978531 0.007855831
vn -0.357652903 -0.184450954 -0.915457428
vn -0.478496492 0.187187865 0.857905507
vn -0.801283956 0.598283648 -0.000866211
vn 0.375186026 0.926840007 0.014245675
vn -0.457786113 0.500984907 -0.734469891
vn -0.013989910 0.455719739 0.890013397
vn 0.986561358 -0.151897132 0.060199432
vn 0.370794713 0.133631647 -0.919050455
vn 0.286661237 -0.367424458 0.884773850
vn 0.835824132 -0.547801435 -0.036216211
vn 0.305044919 -0.306909651 -0.901528835
vn 0.450959533 -0.890509427 -0.060236454
vn 0.386152864 0.195276484 0.901528180
vn 0.393122375 -0.919486225 -0.000000853
vn -0.013008393 -0.442682505 0.896584034
vn -0.013991121 -0.455721051 -0.890012681
vn -0.758149981 -0.652080119 -0.000001686
vn -0.538503349 -0.272735059 0.797263920
vn -0.988044441 -0.144280583 0.054325920
vn -0.478495032 -0.187187448 -0.857906401
vn -0.595565021 0.783376396 -0.177830487
vn -0.061901342 0.393831998 0.917095780
vn 0.506235361 0.862359583 -0.007857704
vn 0.804235160 0.593204379 0.036256466
vn 0.286659330 0.367425293 -0.884774089
vn 0.995368779 0.096054353 0.003819359
vn 0.347750187 0.138968617 -0.927231193
vn 0.241166532 -0.417073727 0.876292229
vn 0.997890413 0.063966952 -0.011089925
vn 0.429093063 -0.154129848 -0.890012980
vn 0.332127690 -0.943228543 0.003338778
vn -0.097330317 -0.995221198 -0.007856186
vn 0.030162062 -0.512921035 -0.857905805
vn -0.281567305 -0.282235146 0.917095065
vn -0.942637026 -0.282515287 -0.177821830
vn -0.714543521 0.697478652 0.054324340
vn -0.275348753 0.537169516 0.797265291
vn -0.255355030 0.966213167 0.035012715
vn -0.260858089 0.386168331 -0.884775162
vn 0.247727066 0.313778013 0.916610479
vn 0.160401195 0.985214412 -0.060199950
vn -0.024706202 0.373674661 -0.927230775
vn -0.193325236 0.345812947 0.918171406
vn 0.797159791 0.449213505 0.403414905
vn 0.282711327 0.831040502 -0.479005307
vn 0.797160208 -0.449210912 -0.403416872
vn 0.282711893 -0.831040382 0.479005188
vn -0.863576651 -0.405041724 0.300294131
vn -0.193326861 -0.345810235 -0.918172121
vn -0.863576770 0.405042380 -0.300292879
vn 0.255686045 -0.337139815 0.906069219
vn 0.838022649 0.408094853 0.362183213
vn 0.290602237 0.818703890 -0.495251745
vn 0.804487348 -0.465606630 -0.368796349
vn -0.614428103 -0.744533300 0.261052340
vn -0.183248475 -0.331577003 -0.925460279
vn -0.468147665 0.583133221 0.663922727
vn -0.868682206 0.388201684 -0.307718545
vn 0.193326339 -0.345807731 0.918173194
vn -0.282713085 0.831039250 0.479006320
vn 0.863575339 0.405046344 0.300291955
vn 0.193323284 0.345812947 -0.918171823
vn 0.863578081 -0.405038744 -0.300294071
vn -0.797160149 -0.449213296 0.403414428
vn -0.282713622 -0.831039906 -0.479004860
vn -0.797160625 0.449212044 -0.403414786
vn -0.193323165 0.345813155 0.918171883
vn 0.797162056 0.449208677 0.403415650
vn 0.282711446 0.831041574 -0.479003161
vn 0.797159195 -0.449213624 -0.403415859
vn 0.282710731 -0.831042051 0.479002714
vn -0.863578320 -0.405040294 0.300291508
vn -0.193326652 -0.345808953 -0.918172717
vn -0.863574564 0.405049771 -0.300289243
vn 0.340575159 -0.063126922 0.938095748
vn -0.001215510 0.999481380 0.032180976
vn 0.201048359 0.313145131 -0.928180873
vn 0.996878624 0.016046485 0.077302545
vn 0.289051741 -0.859205186 -0.422155797
vn -0.914511144 -0.044584658 -0.402096570
vn -0.717117131 -0.089088254 0.691235363
vn 0.255692124 -0.337132007 0.906070471
vn 0.838018119 0.408105969 0.362181216
vn 0.290597618 0.818707347 -0.495248765
vn 0.804490864 -0.465599120 -0.368797868
vn -0.614427328 -0.744534373 0.261050969
vn -0.183246329 -0.331576198 -0.925460994
vn -0.468152046 0.583133519 0.663919449
vn -0.868679166 0.388207883 -0.307719171
vn 0.167619944 -0.316893458 0.933532119
vn -0.366199046 0.779240370 0.508608580
vn 0.400656730 0.624814332 -0.670135260
vn 0.862000406 0.383139014 0.331903279
vn 0.808672667 -0.496718943 -0.315148920
vn -0.247585028 -0.353577197 -0.902044892
vn -0.632935703 -0.706929743 0.315662414
vn -0.849226058 0.415022224 -0.326453090
vn 0.193321332 -0.345809400 0.918173611
vn -0.282709002 0.831043601 0.479001164
vn 0.193323031 0.345806301 -0.918174446
vn 0.863576353 0.405042112 0.300294459
vn 0.863576233 -0.405043840 -0.300292552
vn -0.282709330 -0.831044078 -0.479000181
vn -0.797159255 -0.449210167 0.403419584
vn -0.797159553 0.449210703 -0.403418511
vn 0.183245793 -0.331579685 0.925459921
vn -0.290597916 0.818707287 0.495248646
vn 0.868684530 0.388198048 0.307716638
vn 0.468153149 0.583136261 -0.663916230
vn 0.614423752 -0.744537055 -0.261051774
vn -0.804490030 -0.465600342 0.368798196
vn -0.255683720 -0.337130636 -0.906073272
vn -0.838019550 0.408104002 -0.362179965
vn 0.340582252 0.063125893 0.938093245
vn 0.289062142 0.859200656 -0.422158003
vn 0.996878147 -0.016058551 0.077305399
vn -0.001214043 -0.999481261 0.032182582
vn 0.201052830 -0.313152075 -0.928177595
vn -0.914510012 0.044585869 -0.402099043
vn -0.717114568 0.089092694 0.691237390
vn -0.193325192 0.345809132 0.918172836
vn 0.797159493 0.449212760 0.403416187
vn 0.282711267 0.831042409 -0.479002029
vn 0.797158360 -0.449214906 -0.403416038
vn 0.282713205 -0.831042767 0.479000121
vn -0.863576472 -0.405044109 0.300291210
vn -0.193325877 -0.345809400 -0.918172717
vn -0.863577068 0.405042320 -0.300292432
vn 0.193325713 -0.345810622 0.918172300
vn -0.282714158 0.831041336 0.479002059
vn 0.193323940 0.345808208 -0.918173552
vn 0.863575161 0.405046016 0.300292641
vn 0.863573968 -0.405049473 -0.300291747
vn -0.282716006 -0.831039965 -0.479003400
vn -0.797158897 -0.449214727 0.403415471
vn -0.797160327 0.449212104 -0.403415233
vn 0.193325058 -0.345811754 0.918172002
vn -0.282712847 0.831040263 0.479004771
vn 0.193324149 0.345812440 -0.918171942
vn 0.863574862 0.405046403 0.300292909
vn 0.863576651 -0.405045122 -0.300289601
vn -0.282713413 -0.831042051 -0.479001254
vn -0.797159314 -0.449214399 0.403414726
vn -0.797158897 0.449212819 -0.403417438
vn 0.255688220 -0.337134600 0.906070471
vn -0.468148470 0.583132744 0.663922668
vn 0.838018775 0.408102930 0.362183064
vn 0.290601224 0.818705797 -0.495249122
vn 0.804489553 -0.465602040 -0.368797034
vn -0.614428163 -0.744533241 0.261052489
vn -0.183250189 -0.331574738 -0.925460815
vn -0.868681967 0.388203651 -0.307716489
usemtl field_material_05
f 2//2 8//8 3//3
f 6//6 5//5 10//10
f 3//3 9//9 4//4
f 2//2 1//1 7//7
f 5//5 9//9 10//10
f 9//9 14//14 10//10
f 7//7 12//12 8//8
f 6//6 10//10 14//14
f 8//8 13//13 9//9
f 7//7 1//1 11//11
f 14//14 17//17 18//18
f 11//11 16//16 12//12
f 6//6 14//14 18//18
f 12//12 17//17 13//13
f 11//11 1//1 15//15
f 17//17 22//22 18//18
f 15//15 20//20 16//16
f 6//6 18//18 22//22
f 16//16 21//21 17//17
f 15//15 1//1 19//19
f 22//22 25//25 26//26
f 19//19 24//24 20//20
f 6//6 22//22 26//26
f 20//20 25//25 21//21
f 19//19 1//1 23//23
f 25//25 30//30 26//26
f 23//23 28//28 24//24
f 6//6 26//26 30//30
f 24//24 29//29 25//25
f 23//23 1//1 27//27
f 30//30 33//33 34//34
f 27//27 32//32 28//28
f 6//6 30//30 34//34
f 28//28 33//33 29//29
f 27//27 1//1 31//31
f 33//33 5//5 34//34
f 31//31 3//3 32//32
f 6//6 34//34 5//5
f 32//32 4//4 33//33
f 31//31 1//1 2//2
f 36//36 37//37 35//35
f 38//38 39//39 37//37
f 39//39 42//42 41//41
f 41//41 44//44 43//43
f 42//42 40//40 36//36
f 44//44 45//45 43//43
f 45//45 36//36 35//35
f 41//41 43//43 45//45
usemtl field_material_17
f 48//48 49//49 47//47
f 49//49 52//52 51//51
f 51//51 54//54 53//53
f 54//54 55//55 53//53
f 55//55 58//58 57//57
f 58//58 59//59 57//57
f 60//60 61//61 59//59
f 61//61 64//64 63//63
usemtl field_material_05
f 67//67 66//66 69//69
f 68//68 69//69 66//66
usemtl field_material_17
f 71//71 74//74 73//73
f 74//74 75//75 73//73
f 76//76 77//77 75//75
f 78//78 79//79 77//77
f 79//79 82//82 81//81
f 81//81 84//84 83//83
f 83//83 86//86 85//85
f 85//85 88//88 87//87
usemtl field_material_05
f 91//91 92//92 90//90
f 93//93 90//90 92//92
usemtl field_material_17
f 94//94 97//97 96//96
f 97//97 98//98 96//96
f 99//99 100//100 98//98
f 100//100 103//103 102//102
f 103//103 104//104 102//102
f 105//105 106//106 104//104
f 106//106 109//109 108//108
f 109//109 110//110 108//108
f 110//110 111//111 112//112
usemtl field_material_05
f 113//113 115//115 114//114
f 114//114 116//116 113//113
f 118//118 119//119 117//117
f 119//119 122//122 121//121
f 121//121 124//124 123//123
f 123//123 126//126 125//125
f 126//126 124//124 122//122
f 126//126 127//127 125//125
f 128//128 117//117 127//127
f 123//123 125//125 127//127
usemtl field_material_17
f 130//130 131//131 129//129
f 132//132 133//133 131//131
f 133//133 136//136 135//135
f 136//136 137//137 135//135
f 138//138 139//139 137//137
f 140//140 141//141 139//139
f 142//142 143//143 141//141
f 144//144 145//145 143//143
usemtl field_material_05
f 148//148 149//149 150//150
f 151//151 150//150 149//149
usemtl field_material_17
f 152//152 155//155 154//154
f 155//155 156//156 154//154
f 157//157 158//158 156//156
f 159//159 160//160 158//158
f 160//160 163//163 162//162
f 163//163 164//164 162//162
f 164//164 167//167 166//166
f 166//166 169//169 168//168
f 168//168 169//169 170//170
usemtl field_material_05
f 171//171 172//172 174//174
f 173//173 174//174 172//172
usemtl field_material_17
f 175//175 178//178 177//177
f 177//177 180//180 179//179
f 179//179 182//182 181//181
f 182//182 183//183 181//181
f 184//184 185//185 183//183
f 186//186 187//187 185//185
f 188//188 189//189 187//187
f 190//190 191//191 189//189
f 191//191 192//192 193//193
usemtl field_material_05
f 194//194 197//197 196//196
f 196//196 195//195 194//194
f 199//199 200//200 198//198
f 201//201 202//202 200//200
f 202//202 205//205 204//204
f 205//205 206//206 204//204
f 207//207 205//205 203//203
f 206//206 209//209 208//208
f 209//209 198//198 208//208
f 204//204 206//206 208//208
usemtl field_material_23
f 211//211 212//212 210//210
f 212//212 215//215 214//214
f 214//214 217//217 216//216
f 217//217 218//218 216//216
f 219//219 220//220 218//218
f 221//221 222//222 220//220
f 223//223 224//224 222//222
f 225//225 226//226 224//224
usemtl field_material_05
f 231//231 232//232 229//229
f 232//232 230//230 229//229
usemtl field_material_23
f 234//234 235//235 233//233
f 236//236 237//237 235//235
f 238//238 239//239 237//237
f 239//239 242//242 241//241
f 242//242 243//243 241//241
f 244//244 245//245 243//243
f 246//246 247//247 245//245
f 247//247 250//250 249//249
f 249//249 250//250 251//251
usemtl field_material_05
f 253//253 252//252 254//254
f 255//255 254//254 252//252
usemtl field_material_23
f 257//257 258//258 256//256
f 258//258 261//261 260//260
f 261//261 262//262 260//260
f 263//263 264//264 262//262
f 264//264 267//267 266//266
f 267//267 268//268 266//266
f 269//269 270//270 268//268
f 271//271 272//272 270//270
f 272//272 273//273 274//274
usemtl field_material_05
f 277//277 276//276 275//275
f 275//275 278//278 277//277
f 280//280 281//281 279//279
f 282//282 283//283 281//281
f 284//284 285//285 283//283
f 286//286 287//287 285//285
f 288//288 286//286 284//284
f 287//287 290//290 289//289
f 289//289 280//280 279//279
f 285//285 287//287 289//289
usemtl field_material_23
f 292//292 293//293 291//291
f 294//294 295//295 293//293
f 296//296 297//297 295//295
f 298//298 299//299 297//297
f 300//300 301//301 299//299
f 301//301 304//304 303//303
f 303//303 306//306 305//305
f 305//305 308//308 307//307
usemtl field_material_05
f 312//312 313//313 310//310
f 313//313 311//311 310//310
usemtl field_material_23
f 315//315 316//316 314//314
f 317//317 318//318 316//316
f 318//318 321//321 320//320
f 321//321 322//322 320//320
f 323//323 324//324 322//322
f 324//324 327//327 326//326
f 327//327 328//328 326//326
f 328//328 331//331 330//330
usemtl field_material_05
f 335//335 334//334 333//333
f 336//336 333//333 334//334
usemtl field_material_23
f 338//338 339//339 337//337
f 339//339 342//342 341//341
f 341//341 344//344 343//343
f 344//344 345//345 343//343
f 345//345 348//348 347//347
f 348//348 349//349 347//347
f 349//349 352//352 351//351
f 351//351 354//354 353//353
usemtl field_material_05
f 357//357 356//356 358//358
f 356//356 359//359 358//358
f 361//361 362//362 360//360
f 362//362 365//365 364//364
f 364//364 367//367 366//366
f 367//367 368//368 366//366
f 369//369 367//367 365//365
f 368//368 371//371 370//370
f 371//371 360//360 370//370
f 362//362 366//366 370//370
usemtl field_material_23
f 373//373 374//374 372//372
f 375//375 376//376 374//374
f 377//377 378//378 376//376
f 379//379 380//380 378//378
f 381//381 382//382 380//380
f 383//383 384//384 382//382
f 384//384 387//387 386//386
f 387//387 388//388 386//386
usemtl field_material_05
f 393//393 392//392 394//394
f 391//391 394//394 392//392
usemtl field_material_23
f 396//396 397//397 395//395
f 397//397 400//400 399//399
f 400//400 401//401 399//399
f 401//401 404//404 403//403
f 404//404 405//405 403//403
f 405//405 408//408 407//407
f 408//408 409//409 407//407
f 409//409 412//412 411//411
usemtl field_material_05
f 417//417 416//416 414//414
f 415//415 414//414 416//416
usemtl field_material_23
f 419//419 420//420 418//418
f 421//421 422//422 420//420
f 423//423 424//424 422//422
f 425//425 426//426 424//424
f 426//426 429//429 428//428
f 428//428 431//431 430//430
f 431//431 432//432 430//430
f 433//433 434//434 432//432
usemtl field_material_05
f 438//438 437//437 439//439
f 440//440 439//439 437//437
f 441//441 444//444 443//443
f 444//444 445//445 443//443
f 446//446 447//447 445//445
f 447//447 450//450 449//449
f 450//450 448//448 446//446
f 450//450 451//451 449//449
f 451//451 442//442 441//441
f 449//449 451//451 443//443
usemtl field_material_17
f 454//454 455//455 453//453
f 455//455 458//458 457//457
f 458//458 459//459 457//457
f 459//459 462//462 461//461
f 461//461 464//464 463//463
f 463//463 466//466 465//465
f 466//466 467//467 465//465
f 468//468 469//469 467//467
usemtl field_material_05
f 472//472 473//473 475//475
f 474//474 475//475 473//473
usemtl field_material_17
f 476//476 479//479 478//478
f 479//479 480//480 478//478
f 481//481 482//482 480//480
f 483//483 484//484 482//482
f 485//485 486//486 484//484
f 487//487 488//488 486//486
f 489//489 490//490 488//488
f 491//491 492//492 490//490
usemtl field_material_05
f 496//496 495//495 497//497
f 498//498 497//497 495//495
usemtl field_material_17
f 500//500 501//501 499//499
f 502//502 503//503 501//501
f 503//503 506//506 505//505
f 506//506 507//507 505//505
f 508//508 509//509 507//507
f 509//509 512//512 511//511
f 512//512 513//513 511//511
f 514//514 515//515 513//513
f 515//515 516//516 517//517
usemtl field_material_05
f 521//521 520//520 518//518
f 519//519 518//518 520//520
f 523//523 524//524 522//522
f 524//524 527//527 526//526
f 526//526 529//529 528//528
f 529//529 530//530 528//528
f 531//531 529//529 527//527
f 531//531 532//532 530//530
f 532//532 523//523 522//522
f 524//524 528//528 532//532
usemtl field_material_07
f 535//535 536//536 534//534
f 536//536 539//539 538//538
f 539//539 540//540 538//538
f 541//541 542//542 540//540
f 543//543 544//544 542//542
f 545//545 546//546 544//544
f 547//547 548//548 546//546
f 548//548 551//551 550//550
f 550//550 551//551 552//552
usemtl field_material_05
f 555//555 554//554 556//556
f 553//553 556//556 554//554
usemtl field_material_07
f 557//557 560//560 559//559
f 560//560 561//561 559//559
f 561//561 564//564 563//563
f 563//563 566//566 565//565
f 566//566 567//567 565//565
f 568//568 569//569 567//567
f 570//570 571//571 569//569
f 571//571 574//574 573//573
f 573//573 574//574 575//575
usemtl field_material_05
f 577//577 578//578 576//576
f 579//579 576//576 578//578
usemtl field_material_07
f 581//581 582//582 580//580
f 583//583 584//584 582//582
f 584//584 587//587 586//586
f 586//586 589//589 588//588
f 588//588 591//591 590//590
f 591//591 592//592 590//590
f 592//592 595//595 594//594
f 595//595 596//596 594//594
usemtl field_material_05
f 600//600 601//601 599//599
f 601//601 603//603 602//602
f 600//600 599//599 602//602
f 599//599 601//601 602//602
f 604//604 605//605 612//612
f 606//606 607//607 605//605
f 609//609 608//608 607//607
f 608//608 611//611 610//610
f 610//610 613//613 612//612
f 610//610 612//612 605//605
usemtl field_material_09
f 614//614 621//621 615//615
f 614//614 615//615 616//616
f 614//614 616//616 617//617
f 614//614 617//617 618//618
f 614//614 618//618 619//619
f 614//614 619//619 620//620
f 614//614 620//620 621//621
f 621//621 623//623 615//615
f 624//624 616//616 615//615
f 625//625 617//617 616//616
f 626//626 618//618 617//617
f 618//618 628//628 619//619
f 619//619 630//630 620//620
f 620//620 632//632 621//621
f 634//634 627//627 626//626
f 627//627 635//635 628//628
f 636//636 623//623 622//622
f 623//623 638//638 624//624
f 639//639 625//625 624//624
f 640//640 633//633 625//625
f 641//641 634//634 633//633
f 643//643 635//635 634//634
f 635//635 645//645 629//629
f 629//629 646//646 630//630
f 630//630 647//647 631//631
f 648//648 632//632 631//631
f 632//632 636//636 622//622
f 650//650 637//637 636//636
f 638//638 651//651 639//639
f 642//642 656//656 643//643
f 657//657 644//644 643//643
f 650//650 660//660 637//637
f 637//637 661//661 638//638
f 661//661 651//651 638//638
f 652//652 662//662 640//640
f 662//662 653//653 640//640
f 653//653 663//663 641//641
f 663//663 654//654 641//641
f 656//656 664//664 657//657
f 657//657 665//665 644//644
f 665//665 645//645 644//644
f 666//666 658//658 645//645
f 658//658 667//667 646//646
f 667//667 647//647 646//646
f 668//668 648//648 647//647
f 648//648 669//669 649//649
f 669//669 650//650 649//649
f 673//673 656//656 655//655
f 675//675 666//666 665//665
f 679//679 661//661 660//660
f 680//680 651//651 661//661
f 681//681 671//671 651//651
f 682//682 672//672 662//662
f 672//672 683//683 663//663
f 683//683 654//654 663//663
f 684//684 673//673 654//654
f 673//673 685//685 656//656
f 685//685 674//674 656//656
f 686//686 675//675 665//665
f 675//675 687//687 666//666
f 688//688 676//676 666//666
f 689//689 677//677 667//667
f 677//677 690//690 668//668
f 668//668 691//691 669//669
f 669//669 693//693 659//659
f 693//693 670//670 659//659
f 672//672 697//697 683//683
f 697//697 684//684 683//683
f 698//698 685//685 673//673
f 699//699 674//674 685//685
f 674//674 700//700 686//686
f 695//695 705//705 681//681
f 705//705 671//671 681//681
f 707//707 698//698 684//684
f 708//708 700//700 674//674
f 709//709 687//687 675//675
f 712//712 704//704 678//678
f 706//706 713//713 682//682
f 713//713 696//696 682//682
f 714//714 707//707 697//697
f 715//715 708//708 699//699
f 709//709 716//716 687//687
f 716//716 688//688 687//687
f 717//717 701//701 688//688
f 718//718 702//702 689//689
f 711//711 719//719 693//693
f 719//719 694//694 693//693
f 720//720 712//712 694//694
f 712//712 721//721 704//704
f 721//721 695//695 704//704
f 721//721 705//705 695//695
f 722//722 706//706 705//705
f 722//722 713//713 706//706
f 723//723 696//696 713//713
f 723//723 714//714 696//696
f 714//714 724//724 707//707
f 724//724 698//698 707//707
f 724//724 715//715 698//698
f 715//715 725//725 708//708
f 708//708 725//725 700//700
f 725//725 709//709 700//700
f 726//726 716//716 709//709
f 726//726 717//717 716//716
f 727//727 701//701 717//717
f 727//727 718//718 701//701
f 718//718 728//728 702//702
f 702//702 729//729 710//710
f 710//710 729//729 703//703
f 729//729 711//711 703//703
f 730//730 719//719 711//711
f 730//730 694//694 719//719
f 720//720 731//731 721//721
f 721//721 731//731 722//722
f 722//722 731//731 723//723
f 723//723 731//731 724//724
f 724//724 731//731 725//725
f 725//725 731//731 726//726
f 726//726 731//731 727//727
f 727//727 731//731 728//728
f 728//728 731//731 729//729
f 729//729 731//731 730//730
f 730//730 731//731 720//720
usemtl field_material_05
f 735//735 736//736 739//739
f 734//734 732//732 737//737
f 747//747 735//735 739//739
f 734//734 736//736 733//733
f 736//736 737//737 738//738
f 738//738 741//741 739//739
f 737//737 732//732 740//740
f 747//747 739//739 741//741
f 741//741 742//742 745//745
f 740//740 732//732 743//743
f 747//747 741//741 745//745
f 743//743 744//744 742//742
f 744//744 732//732 746//746
f 744//744 747//747 745//745
f 746//746 734//734 733//733
f 746//746 735//735 747//747
f 759//759 748//748 751//751
f 761//761 750//750 754//754
f 751//751 752//752 749//749
f 750//750 752//752 754//754
f 751//751 748//748 755//755
f 752//752 755//755 753//753
f 753//753 757//757 754//754
f 761//761 754//754 757//757
f 755//755 756//756 753//753
f 757//757 758//758 761//761
f 748//748 758//758 756//756
f 758//758 759//759 760//760
f 760//760 759//759 749//749
f 760//760 750//750 761//761
f 764//764 766//766 767//767
f 763//763 762//762 765//765
f 774//774 764//764 767//767
f 765//765 768//768 766//766
f 774//774 767//767 771//771
f 768//768 762//762 769//769
f 768//768 771//771 767//767
f 769//769 772//772 770//770
f 771//771 770//770 774//774
f 772//772 762//762 775//775
f 772//772 773//773 770//770
f 773//773 764//764 774//774
f 773//773 775//775 776//776
f 775//775 762//762 763//763
f 779//779 780//780 789//789
f 779//779 781//781 780//780
f 778//778 781//781 782//782
f 781//781 777//777 783//783
f 783//783 785//785 784//784
f 783//783 786//786 782//782
f 786//786 787//787 790//790
f 785//785 777//777 788//788
f 782//782 786//786 790//790
f 785//785 787//787 784//784
f 787//787 788//788 789//789
f 789//789 778//778 790//790
f 788//788 777//777 779//779
f 782//782 790//790 778//778
f 792//792 794//794 803//803
f 804//804 793//793 797//797
f 792//792 796//796 794//794
f 793//793 796//796 797//797
f 792//792 791//791 795//795
f 796//796 795//795 798//798
f 804//804 797//797 799//799
f 798//798 800//800 801//801
f 798//798 799//799 797//797
f 795//795 791//791 800//800
f 799//799 802//802 804//804
f 800//800 802//802 801//801
f 802//802 791//791 803//803
f 803//803 793//793 804//804
usemtl field_material_29
f 807//807 809//809 806//806
f 807//807 805//805 808//808
f 806//806 809//809 810//810
f 808//808 810//810 809//809
f 808//808 805//805 811//811
f 806//806 810//810 812//812
f 811//811 812//812 810//810
f 805//805 807//807 812//812
f 812//812 807//807 806//806
f 814//814 813//813 816//816
f 816//816 817//817 815//815
f 818//818 815//815 817//817
f 819//819 820//820 818//818
f 819//819 813//813 814//814
f 818//818 820//820 815//815
f 820//820 814//814 815//815
f 822//822 821//821 823//823
f 823//823 825//825 824//824
f 827//827 824//824 825//825
f 825//825 826//826 827//827
f 821//821 826//826 825//825
f 826//826 828//828 827//827
f 826//826 821//821 822//822
f 827//827 828//828 824//824
f 822//822 824//824 828//828
f 830//830 829//829 832//832
f 832//832 833//833 831//831
f 829//829 834//834 833//833
f 831//831 833//833 834//834
f 831//831 834//834 836//836
f 835//835 836//836 834//834
f 835//835 829//829 830//830
f 836//836 830//830 831//831
f 838//838 837//837 841//841
f 843//843 839//839 840//840
f 838//838 840//840 839//839
f 840//840 841//841 843//843
f 841//841 837//837 842//842
f 842//842 844//844 843//843
f 843//843 844//844 839//839
f 837//837 839//839 844//844
f 846//846 845//845 847//847
f 851//851 848//848 849//849
f 847//847 849//849 848//848
f 845//845 850//850 849//849
f 849//849 850//850 851//851
f 850//850 852//852 851//851
f 850//850 845//845 846//846
f 852//852 846//846 848//848
f 851//851 852//852 848//848
f 854//854 856//856 855//855
f 854//854 853//853 857//857
f 859//859 855//855 856//856
f 856//856 857//857 859//859
f 857//857 853//853 858//858
f 858//858 860//860 859//859
f 859//859 860//860 855//855
f 853//853 855//855 860//860
f 866//866 862//862 864//864
f 863//863 864//864 862//862
f 863//863 861//861 865//865
f 864//864 865//865 866//866
f 865//865 861//861 867//867
f 867//867 868//868 866//866
f 866//866 868//868 862//862
f 861//861 862//862 868//868
f 870//870 872//872 871//871
f 870//870 869//869 873//873
f 875//875 871//871 872//872
f 872//872 873//873 875//875
f 873//873 869//869 874//874
f 874//874 876//876 875//875
f 869//869 871//871 876//876
f 875//875 876//876 871//871
f 879//879 880//880 878//878
f 879//879 877//877 881//881
f 878//878 880//880 882//882
f 880//880 881//881 882//882
f 881//881 877//877 883//883
f 878//878 882//882 884//884
f 883//883 884//884 882//882
f 886//886 885//885 887//887
f 887//887 889//889 888//888
f 888//888 889//889 891//891
f 885//885 891//891 889//889
f 890//890 892//892 891//891
f 890//890 885//885 886//886
f 888//888 891//891 892//892
f 892//892 886//886 888//888
f 894//894 893//893 896//896
f 896//896 897//897 895//895
f 895//895 897//897 898//898
f 893//893 898//898 897//897
f 895//895 898//898 900//900
f 899//899 900//900 898//898
f 899//899 893//893 894//894
f 900//900 894//894 895//895
f 902//902 904//904 903//903
f 902//902 901//901 905//905
f 907//907 903//903 904//904
f 904//904 905//905 907//907
f 905//905 901//901 906//906
f 906//906 908//908 907//907
f 901//901 903//903 908//908
f 907//907 908//908 903//903
f 914//914 910//910 912//912
f 911//911 912//912 910//910
f 911//911 909//909 913//913
f 912//912 913//913 914//914
f 913//913 909//909 915//915
f 915//915 916//916 914//914
f 914//914 916//916 910//910
f 909//909 910//910 916//916
usemtl field_material_05
f 917//917 919//919 918//918
f 918//918 921//921 920//920
f 922//922 923//923 920//920
f 922//922 921//921 919//919
f 923//923 926//926 925//925
f 926//926 917//917 925//925
f 920//920 923//923 925//925
usemtl field_material_15
f 927//927 928//928 929//929
f 927//927 929//929 930//930
f 927//927 930//930 931//931
f 927//927 931//931 932//932
f 927//927 932//932 933//933
f 927//927 933//933 928//928
f 935//935 929//929 928//928
f 929//929 937//937 930//930
f 938//938 931//931 930//930
f 931//931 940//940 932//932
f 932//932 941//941 933//933
f 933//933 934//934 928//928
f 934//934 943//943 944//944
f 937//937 945//945 938//938
f 946//946 939//939 938//938
f 948//948 940//940 939//939
f 950//950 944//944 943//943
f 951//951 935//935 944//944
f 952//952 936//936 935//935
f 953//953 937//937 936//936
f 954//954 945//945 937//937
f 955//955 946//946 945//945
f 957//957 947//947 946//946
f 947//947 958//958 948//948
f 948//948 959//959 949//949
f 960//960 941//941 949//949
f 941//941 961//961 942//942
f 961//961 934//934 942//942
f 962//962 943//943 934//934
f 950//950 964//964 951//951
f 951//951 966//966 952//952
f 966//966 953//953 952//952
f 953//953 968//968 954//954
f 969//969 955//955 954//954
f 947//947 970//970 958//958
f 959//959 973//973 960//960
f 974//974 961//961 960//960
f 975//975 950//950 962//962
f 976//976 963//963 950//950
f 966//966 978//978 967//967
f 969//969 980//980 955//955
f 955//955 980//980 956//956
f 980//980 957//957 956//956
f 957//957 981//981 947//947
f 981//981 970//970 947//947
f 971//971 982//982 959//959
f 982//982 972//972 959//959
f 973//973 983//983 974//974
f 974//974 985//985 961//961
f 985//985 975//975 961//961
f 975//975 976//976 950//950
f 987//987 964//964 963//963
f 993//993 983//983 973//973
f 995//995 987//987 976//976
f 987//987 996//996 964//964
f 996//996 965//965 964//964
f 997//997 977//977 965//965
f 977//977 999//999 978//978
f 999//999 988//988 978//978
f 979//979 1001//1001 968//968
f 1001//1001 989//989 968//968
f 989//989 1002//1002 980//980
f 1002//1002 990//990 980//980
f 991//991 1004//1004 970//970
f 1004//1004 992//992 970//970
f 992//992 1005//1005 982//982
f 982//982 1006//1006 972//972
f 1006//1006 993//993 972//972
f 993//993 1007//1007 983//983
f 983//983 1008//1008 984//984
f 984//984 1009//1009 985//985
f 1009//1009 986//986 985//985
f 1010//1010 994//994 986//986
f 1011//1011 996//996 987//987
f 1012//1012 988//988 999//999
f 1013//1013 989//989 1001//1001
f 989//989 1014//1014 1002//1002
f 1014//1014 990//990 1002//1002
f 1004//1004 1015//1015 992//992
f 992//992 1016//1016 1005//1005
f 1016//1016 1006//1006 1005//1005
f 1017//1017 993//993 1006//1006
f 993//993 1018//1018 1007//1007
f 1007//1007 1019//1019 1008//1008
f 1019//1019 1009//1009 1008//1008
f 1010//1010 1021//1021 994//994
f 1021//1021 995//995 994//994
f 1023//1023 997//997 996//996
f 1025//1025 1000//1000 988//988
f 1026//1026 1014//1014 989//989
f 1003//1003 1028//1028 991//991
f 1028//1028 1004//1004 991//991
f 1030//1030 1018//1018 993//993
f 1021//1021 1022//1022 995//995
f 1022//1022 1032//1032 1011//1011
f 1032//1032 1023//1023 1011//1011
f 1033//1033 1012//1012 998//998
f 1034//1034 1025//1025 1012//1012
f 1025//1025 1035//1035 1000//1000
f 1035//1035 1013//1013 1000//1000
f 1036//1036 1026//1026 1013//1013
f 1037//1037 1027//1027 1014//1014
f 1038//1038 1028//1028 1003//1003
f 1029//1029 1039//1039 1015//1015
f 1015//1015 1040//1040 1016//1016
f 1016//1016 1041//1041 1017//1017
f 1041//1041 1030//1030 1017//1017
f 1030//1030 1042//1042 1018//1018
f 1042//1042 1019//1019 1018//1018
f 1043//1043 1031//1031 1019//1019
f 1044//1044 1022//1022 1021//1021
f 1022//1022 1045//1045 1032//1032
f 1045//1045 1023//1023 1032//1032
f 1023//1023 1046//1046 1024//1024
f 1046//1046 1033//1033 1024//1024
f 1033//1033 1047//1047 1034//1034
f 1047//1047 1025//1025 1034//1034
f 1048//1048 1035//1035 1025//1025
f 1048//1048 1036//1036 1035//1035
f 1049//1049 1026//1026 1036//1036
f 1026//1026 1050//1050 1037//1037
f 1050//1050 1027//1027 1037//1037
f 1050//1050 1038//1038 1027//1027
f 1051//1051 1028//1028 1038//1038
f 1028//1028 1052//1052 1029//1029
f 1052//1052 1039//1039 1029//1029
f 1052//1052 1040//1040 1039//1039
f 1040//1040 1053//1053 1041//1041
f 1041//1041 1053//1053 1030//1030
f 1053//1053 1042//1042 1030//1030
f 1054//1054 1043//1043 1042//1042
f 1043//1043 1054//1054 1031//1031
f 1054//1054 1020//1020 1031//1031
f 1020//1020 1055//1055 1044//1044
f 1044//1044 1045//1045 1022//1022
f 1045//1045 1056//1056 1046//1046
f 1046//1046 1056//1056 1047//1047
f 1047//1047 1056//1056 1048//1048
f 1048//1048 1056//1056 1049//1049
f 1049//1049 1056//1056 1050//1050
f 1050//1050 1056//1056 1051//1051
f 1051//1051 1056//1056 1052//1052
f 1052//1052 1056//1056 1053//1053
f 1053//1053 1056//1056 1054//1054
f 1054//1054 1056//1056 1055//1055
f 1055//1055 1056//1056 1045//1045
usemtl field_material_05
f 1059//1059 1060//1060 1063//1063
f 1058//1058 1057//1057 1061//1061
f 1065//1065 1059//1059 1063//1063
f 1058//1058 1060//1060 1059//1059
f 1061//1061 1062//1062 1060//1060
f 1062//1062 1065//1065 1063//1063
f 1062//1062 1057//1057 1064//1064
f 1064//1064 1068//1068 1065//1065
f 1064//1064 1066//1066 1067//1067
f 1065//1065 1068//1068 1071//1071
f 1066//1066 1070//1070 1067//1067
f 1068//1068 1070//1070 1071//1071
f 1066//1066 1057//1057 1069//1069
f 1070//1070 1069//1069 1072//1072
f 1065//1065 1071//1071 1059//1059
f 1072//1072 1058//1058 1059//1059
f 1072//1072 1059//1059 1071//1071
f 1069//1069 1057//1057 1058//1058
f 1074//1074 1076//1076 1075//1075
f 1075//1075 1076//1076 1079//1079
f 1074//1074 1073//1073 1077//1077
f 1084//1084 1075//1075 1079//1079
f 1077//1077 1078//1078 1076//1076
f 1078//1078 1082//1082 1079//1079
f 1084//1084 1079//1079 1082//1082
f 1078//1078 1073//1073 1080//1080
f 1080//1080 1081//1081 1083//1083
f 1082//1082 1083//1083 1084//1084
f 1081//1081 1086//1086 1083//1083
f 1084//1084 1086//1086 1087//1087
f 1081//1081 1073//1073 1085//1085
f 1086//1086 1085//1085 1088//1088
f 1084//1084 1087//1087 1075//1075
f 1088//1088 1074//1074 1075//1075
f 1088//1088 1075//1075 1087//1087
f 1085//1085 1073//1073 1074//1074
f 1090//1090 1089//1089 1093//1093
f 1092//1092 1094//1094 1096//1096
f 1102//1102 1092//1092 1096//1096
f 1093//1093 1094//1094 1091//1091
f 1093//1093 1089//1089 1097//1097
f 1094//1094 1097//1097 1095//1095
f 1095//1095 1099//1099 1096//1096
f 1102//1102 1096//1096 1099//1099
f 1097//1097 1098//1098 1095//1095
f 1089//1089 1101//1101 1098//1098
f 1099//1099 1101//1101 1102//1102
f 1101//1101 1100//1100 1103//1103
f 1103//1103 1092//1092 1102//1102
f 1100//1100 1089//1089 1090//1090
f 1107//1107 1108//1108 1111//1111
f 1106//1106 1104//1104 1109//1109
f 1118//1118 1107//1107 1111//1111
f 1106//1106 1108//1108 1105//1105
f 1108//1108 1109//1109 1110//1110
f 1110//1110 1112//1112 1111//1111
f 1109//1109 1104//1104 1113//1113
f 1118//1118 1111//1111 1112//1112
f 1110//1110 1113//1113 1112//1112
f 1112//1112 1114//1114 1116//1116
f 1118//1118 1112//1112 1116//1116
f 1113//1113 1114//1114 1112//1112
f 1113//1113 1115//1115 1114//1114
f 1115//1115 1104//1104 1117//1117
f 1115//1115 1118//1118 1116//1116
f 1117//1117 1106//1106 1105//1105
f 1117//1117 1107//1107 1118//1118
f 1121//1121 1122//1122 1124//1124
f 1133//1133 1121//1121 1124//1124
f 1119//1119 1122//1122 1120//1120
f 1122//1122 1125//1125 1123//1123
f 1123//1123 1126//1126 1124//1124
f 1133//1133 1124//1124 1126//1126
f 1123//1123 1125//1125 1126//1126
f 1126//1126 1127//1127 1130//1130
f 1125//1125 1119//1119 1128//1128
f 1133//1133 1126//1126 1130//1130
f 1125//1125 1127//1127 1126//1126
f 1128//1128 1129//1129 1127//1127
f 1129//1129 1131//1131 1132//1132
f 1129//1129 1133//1133 1130//1130
f 1128//1128 1119//1119 1131//1131
f 1132//1132 1131//1131 1120//1120
f 1132//1132 1121//1121 1133//1133
usemtl field_material_29
f 1135//1135 1134//1134 1138//1138
f 1140//1140 1136//1136 1137//1137
f 1135//1135 1137//1137 1136//1136
f 1137//1137 1138//1138 1140//1140
f 1138//1138 1134//1134 1139//1139
f 1139//1139 1141//1141 1140//1140
f 1140//1140 1141//1141 1136//1136
f 1134//1134 1136//1136 1141//1141
f 1148//1148 1142//1142 1143//1143
f 1143//1143 1145//1145 1144//1144
f 1147//1147 1144//1144 1145//1145
f 1145//1145 1146//1146 1147//1147
f 1142//1142 1146//1146 1145//1145
f 1146//1146 1149//1149 1147//1147
f 1146//1146 1142//1142 1148//1148
f 1147//1147 1149//1149 1144//1144
f 1148//1148 1144//1144 1149//1149
f 1151//1151 1150//1150 1152//1152
f 1152//1152 1154//1154 1153//1153
f 1153//1153 1154//1154 1156//1156
f 1150//1150 1156//1156 1154//1154
f 1155//1155 1157//1157 1156//1156
f 1155//1155 1150//1150 1151//1151
f 1153//1153 1156//1156 1157//1157
f 1157//1157 1151//1151 1153//1153
f 1164//1164 1160//1160 1161//1161
f 1159//1159 1161//1161 1160//1160
f 1159//1159 1158//1158 1162//1162
f 1161//1161 1162//1162 1164//1164
f 1162//1162 1158//1158 1163//1163
f 1163//1163 1165//1165 1164//1164
f 1164//1164 1165//1165 1160//1160
f 1158//1158 1160//1160 1165//1165
f 1167//1167 1166//1166 1169//1169
f 1169//1169 1170//1170 1168//1168
f 1166//1166 1170//1170 1169//1169
f 1168//1168 1170//1170 1171//1171
f 1170//1170 1172//1172 1171//1171
f 1171//1171 1167//1167 1168//1168
f 1172//1172 1167//1167 1171//1171
f 1179//1179 1173//1173 1174//1174
f 1174//1174 1176//1176 1175//1175
f 1178//1178 1175//1175 1176//1176
f 1176//1176 1177//1177 1178//1178
f 1173//1173 1177//1177 1176//1176
f 1177//1177 1180//1180 1178//1178
f 1177//1177 1173//1173 1179//1179
f 1178//1178 1180//1180 1175//1175
f 1179//1179 1175//1175 1180//1180
f 1182//1182 1181//1181 1184//1184
f 1184//1184 1185//1185 1183//1183
f 1186//1186 1183//1183 1185//1185
f 1181//1181 1187//1187 1185//1185
f 1185//1185 1187//1187 1186//1186
f 1187//1187 1188//1188 1186//1186
f 1187//1187 1181//1181 1182//1182
f 1186//1186 1188//1188 1183//1183
f 1188//1188 1182//1182 1183//1183
f 1190//1190 1189//1189 1192//1192
f 1192//1192 1193//1193 1191//1191
f 1191//1191 1193//1193 1194//1194
f 1189//1189 1194//1194 1193//1193
f 1191//1191 1194//1194 1196//1196
f 1195//1195 1196//1196 1194//1194
f 1195//1195 1189//1189 1190//1190
f 1196//1196 1190//1190 1191//1191
f 1198//1198 1197//1197 1199//1199
f 1203//1203 1200//1200 1201//1201
f 1199//1199 1201//1201 1200//1200
f 1202//1202 1204//1204 1203//1203
f 1202//1202 1197//1197 1198//1198
f 1204//1204 1198//1198 1200//1200
f 1203//1203 1204//1204 1200//1200
f 1206//1206 1205//1205 1207//1207
f 1206//1206 1207//1207 1209//1209
f 1205//1205 1208//1208 1207//1207
f 1208//1208 1210//1210 1209//1209
f 1208//1208 1211//1211 1210//1210
f 1209//1209 1210//1210 1206//1206
f 1211//1211 1206//1206 1210//1210
f 1213//1213 1215//1215 1214//1214
f 1213//1213 1212//1212 1216//1216
f 1218//1218 1214//1214 1215//1215
f 1215//1215 1216//1216 1218//1218
f 1216//1216 1212//1212 1217//1217
f 1217//1217 1219//1219 1218//1218
f 1218//1218 1219//1219 1214//1214
f 1212//1212 1214//1214 1219//1219
f 1221//1221 1220//1220 1223//1223
f 1223//1223 1224//1224 1222//1222
f 1222//1222 1224//1224 1225//1225
f 1220//1220 1225//1225 1224//1224
f 1222//1222 1225//1225 1227//1227
f 1226//1226 1227//1227 1225//1225
f 1226//1226 1220//1220 1221//1221
f 1227//1227 1221//1221 1222//1222
f 1229//1229 1228//1228 1231//1231
f 1231//1231 1232//1232 1230//1230
f 1230//1230 1232//1232 1233//1233
f 1228//1228 1233//1233 1232//1232
f 1230//1230 1233//1233 1235//1235
f 1234//1234 1235//1235 1233//1233
f 1234//1234 1228//1228 1229//1229
f 1235//1235 1229//1229 1230//1230
f 1237//1237 1236//1236 1238//1238
f 1242//1242 1239//1239 1240//1240
f 1238//1238 1240//1240 1239//1239
f 1236//1236 1241//1241 1240//1240
f 1240//1240 1241//1241 1242//1242
f 1241//1241 1243//1243 1242//1242
f 1241//1241 1236//1236 1237//1237
f 1242//1242 1243//1243 1239//1239
f 1237//1237 1239//1239 1243//1243
usemtl field_material_05
f 2//2 7//7 8//8
f 3//3 8//8 9//9
f 5//5 4//4 9//9
f 9//9 13//13 14//14
f 7//7 11//11 12//12
f 8//8 12//12 13//13
f 14//14 13//13 17//17
f 11//11 15//15 16//16
f 12//12 16//16 17//17
f 17//17 21//21 22//22
f 15//15 19//19 20//20
f 16//16 20//20 21//21
f 22//22 21//21 25//25
f 19//19 23//23 24//24
f 20//20 24//24 25//25
f 25//25 29//29 30//30
f 23//23 27//27 28//28
f 24//24 28//28 29//29
f 30//30 29//29 33//33
f 27//27 31//31 32//32
f 28//28 32//32 33//33
f 33//33 4//4 5//5
f 31//31 2//2 3//3
f 32//32 3//3 4//4
f 36//36 38//38 37//37
f 38//38 40//40 39//39
f 39//39 40//40 42//42
f 41//41 42//42 44//44
f 40//40 38//38 36//36
f 36//36 46//46 44//44
f 44//44 42//42 36//36
f 44//44 46//46 45//45
f 45//45 46//46 36//36
f 45//45 35//35 41//41
f 35//35 37//37 41//41
f 37//37 39//39 41//41
usemtl field_material_17
f 48//48 50//50 49//49
f 49//49 50//50 52//52
f 51//51 52//52 54//54
f 54//54 56//56 55//55
f 55//55 56//56 58//58
f 58//58 60//60 59//59
f 60//60 62//62 61//61
f 61//61 62//62 64//64
f 64//64 65//65 63//63
usemtl field_material_05
f 66//66 67//67 68//68
f 68//68 70//70 69//69
f 67//67 70//70 68//68
f 70//70 67//67 69//69
usemtl field_material_17
f 71//71 72//72 74//74
f 74//74 76//76 75//75
f 76//76 78//78 77//77
f 78//78 80//80 79//79
f 79//79 80//80 82//82
f 81//81 82//82 84//84
f 83//83 84//84 86//86
f 85//85 86//86 88//88
f 88//88 89//89 87//87
usemtl field_material_05
f 91//91 93//93 92//92
f 93//93 91//91 90//90
usemtl field_material_17
f 94//94 95//95 97//97
f 97//97 99//99 98//98
f 99//99 101//101 100//100
f 100//100 101//101 103//103
f 103//103 105//105 104//104
f 105//105 107//107 106//106
f 106//106 107//107 109//109
f 109//109 111//111 110//110
usemtl field_material_05
f 114//114 115//115 116//116
f 113//113 116//116 115//115
f 118//118 120//120 119//119
f 119//119 120//120 122//122
f 121//121 122//122 124//124
f 123//123 124//124 126//126
f 122//122 120//120 126//126
f 120//120 118//118 126//126
f 118//118 128//128 126//126
f 126//126 128//128 127//127
f 128//128 118//118 117//117
f 127//127 117//117 123//123
f 117//117 119//119 123//123
f 119//119 121//121 123//123
usemtl field_material_17
f 130//130 132//132 131//131
f 132//132 134//134 133//133
f 133//133 134//134 136//136
f 136//136 138//138 137//137
f 138//138 140//140 139//139
f 140//140 142//142 141//141
f 142//142 144//144 143//143
f 144//144 146//146 145//145
f 146//146 147//147 145//145
usemtl field_material_05
f 149//149 148//148 151//151
f 150//150 151//151 148//148
usemtl field_material_17
f 152//152 153//153 155//155
f 155//155 157//157 156//156
f 157//157 159//159 158//158
f 159//159 161//161 160//160
f 160//160 161//161 163//163
f 163//163 165//165 164//164
f 164//164 165//165 167//167
f 166//166 167//167 169//169
usemtl field_material_05
f 171//171 173//173 172//172
f 174//174 173//173 171//171
usemtl field_material_17
f 175//175 176//176 178//178
f 177//177 178//178 180//180
f 179//179 180//180 182//182
f 182//182 184//184 183//183
f 184//184 186//186 185//185
f 186//186 188//188 187//187
f 188//188 190//190 189//189
f 190//190 192//192 191//191
usemtl field_material_05
f 194//194 195//195 197//197
f 196//196 197//197 195//195
f 199//199 201//201 200//200
f 201//201 203//203 202//202
f 202//202 203//203 205//205
f 205//205 207//207 206//206
f 203//203 201//201 199//199
f 199//199 209//209 203//203
f 209//209 207//207 203//203
f 206//206 207//207 209//209
f 209//209 199//199 198//198
f 208//208 198//198 200//200
f 200//200 202//202 208//208
f 202//202 204//204 208//208
usemtl field_material_23
f 211//211 213//213 212//212
f 212//212 213//213 215//215
f 214//214 215//215 217//217
f 217//217 219//219 218//218
f 219//219 221//221 220//220
f 221//221 223//223 222//222
f 223//223 225//225 224//224
f 225//225 227//227 226//226
f 227//227 228//228 226//226
usemtl field_material_05
f 230//230 231//231 229//229
f 231//231 230//230 232//232
usemtl field_material_23
f 234//234 236//236 235//235
f 236//236 238//238 237//237
f 238//238 240//240 239//239
f 239//239 240//240 242//242
f 242//242 244//244 243//243
f 244//244 246//246 245//245
f 246//246 248//248 247//247
f 247//247 248//248 250//250
usemtl field_material_05
f 252//252 253//253 255//255
f 254//254 255//255 253//253
usemtl field_material_23
f 257//257 259//259 258//258
f 258//258 259//259 261//261
f 261//261 263//263 262//262
f 263//263 265//265 264//264
f 264//264 265//265 267//267
f 267//267 269//269 268//268
f 269//269 271//271 270//270
f 271//271 273//273 272//272
usemtl field_material_05
f 276//276 278//278 275//275
f 278//278 276//276 277//277
f 280//280 282//282 281//281
f 282//282 284//284 283//283
f 284//284 286//286 285//285
f 286//286 288//288 287//287
f 284//284 282//282 288//288
f 282//282 280//280 288//288
f 280//280 290//290 288//288
f 287//287 288//288 290//290
f 289//289 290//290 280//280
f 289//289 279//279 281//281
f 281//281 283//283 289//289
f 283//283 285//285 289//289
usemtl field_material_23
f 292//292 294//294 293//293
f 294//294 296//296 295//295
f 296//296 298//298 297//297
f 298//298 300//300 299//299
f 300//300 302//302 301//301
f 301//301 302//302 304//304
f 303//303 304//304 306//306
f 305//305 306//306 308//308
f 308//308 309//309 307//307
usemtl field_material_05
f 311//311 312//312 310//310
f 312//312 311//311 313//313
usemtl field_material_23
f 315//315 317//317 316//316
f 317//317 319//319 318//318
f 318//318 319//319 321//321
f 321//321 323//323 322//322
f 323//323 325//325 324//324
f 324//324 325//325 327//327
f 327//327 329//329 328//328
f 328//328 329//329 331//331
f 331//331 332//332 330//330
usemtl field_material_05
f 335//335 336//336 334//334
f 336//336 335//335 333//333
usemtl field_material_23
f 338//338 340//340 339//339
f 339//339 340//340 342//342
f 341//341 342//342 344//344
f 344//344 346//346 345//345
f 345//345 346//346 348//348
f 348//348 350//350 349//349
f 349//349 350//350 352//352
f 351//351 352//352 354//354
f 354//354 355//355 353//353
usemtl field_material_05
f 357//357 359//359 356//356
f 359//359 357//357 358//358
f 361//361 363//363 362//362
f 362//362 363//363 365//365
f 364//364 365//365 367//367
f 367//367 369//369 368//368
f 365//365 363//363 361//361
f 361//361 371//371 365//365
f 371//371 369//369 365//365
f 368//368 369//369 371//371
f 371//371 361//361 360//360
f 370//370 360//360 362//362
f 362//362 364//364 366//366
f 366//366 368//368 370//370
usemtl field_material_23
f 373//373 375//375 374//374
f 375//375 377//377 376//376
f 377//377 379//379 378//378
f 379//379 381//381 380//380
f 381//381 383//383 382//382
f 383//383 385//385 384//384
f 384//384 385//385 387//387
f 387//387 389//389 388//388
f 389//389 390//390 388//388
usemtl field_material_05
f 391//391 393//393 394//394
f 393//393 391//391 392//392
usemtl field_material_23
f 396//396 398//398 397//397
f 397//397 398//398 400//400
f 400//400 402//402 401//401
f 401//401 402//402 404//404
f 404//404 406//406 405//405
f 405//405 406//406 408//408
f 408//408 410//410 409//409
f 409//409 410//410 412//412
f 412//412 413//413 411//411
usemtl field_material_05
f 415//415 417//417 414//414
f 417//417 415//415 416//416
usemtl field_material_23
f 419//419 421//421 420//420
f 421//421 423//423 422//422
f 423//423 425//425 424//424
f 425//425 427//427 426//426
f 426//426 427//427 429//429
f 428//428 429//429 431//431
f 431//431 433//433 432//432
f 433//433 435//435 434//434
f 435//435 436//436 434//434
usemtl field_material_05
f 438//438 440//440 437//437
f 440//440 438//438 439//439
f 441//441 442//442 444//444
f 444//444 446//446 445//445
f 446//446 448//448 447//447
f 447//447 448//448 450//450
f 446//446 444//444 450//450
f 444//444 442//442 450//450
f 442//442 452//452 450//450
f 450//450 452//452 451//451
f 451//451 452//452 442//442
f 451//451 441//441 443//443
f 443//443 445//445 447//447
f 447//447 449//449 443//443
usemtl field_material_17
f 454//454 456//456 455//455
f 455//455 456//456 458//458
f 458//458 460//460 459//459
f 459//459 460//460 462//462
f 461//461 462//462 464//464
f 463//463 464//464 466//466
f 466//466 468//468 467//467
f 468//468 470//470 469//469
f 470//470 471//471 469//469
usemtl field_material_05
f 472//472 474//474 473//473
f 474//474 472//472 475//475
usemtl field_material_17
f 476//476 477//477 479//479
f 479//479 481//481 480//480
f 481//481 483//483 482//482
f 483//483 485//485 484//484
f 485//485 487//487 486//486
f 487//487 489//489 488//488
f 489//489 491//491 490//490
f 491//491 493//493 492//492
f 493//493 494//494 492//492
usemtl field_material_05
f 495//495 496//496 498//498
f 497//497 498//498 496//496
usemtl field_material_17
f 500//500 502//502 501//501
f 502//502 504//504 503//503
f 503//503 504//504 506//506
f 506//506 508//508 507//507
f 508//508 510//510 509//509
f 509//509 510//510 512//512
f 512//512 514//514 513//513
f 514//514 516//516 515//515
usemtl field_material_05
f 519//519 521//521 518//518
f 521//521 519//519 520//520
f 523//523 525//525 524//524
f 524//524 525//525 527//527
f 526//526 527//527 529//529
f 529//529 531//531 530//530
f 527//527 525//525 531//531
f 525//525 523//523 531//531
f 523//523 533//533 531//531
f 531//531 533//533 532//532
f 532//532 533//533 523//523
f 532//532 522//522 524//524
f 524//524 526//526 528//528
f 528//528 530//530 532//532
usemtl field_material_07
f 535//535 537//537 536//536
f 536//536 537//537 539//539
f 539//539 541//541 540//540
f 541//541 543//543 542//542
f 543//543 545//545 544//544
f 545//545 547//547 546//546
f 547//547 549//549 548//548
f 548//548 549//549 551//551
usemtl field_material_05
f 553//553 555//555 556//556
f 555//555 553//553 554//554
usemtl field_material_07
f 557//557 558//558 560//560
f 560//560 562//562 561//561
f 561//561 562//562 564//564
f 563//563 564//564 566//566
f 566//566 568//568 567//567
f 568//568 570//570 569//569
f 570//570 572//572 571//571
f 571//571 572//572 574//574
usemtl field_material_05
f 577//577 579//579 578//578
f 579//579 577//577 576//576
usemtl field_material_07
f 581//581 583//583 582//582
f 583//583 585//585 584//584
f 584//584 585//585 587//587
f 586//586 587//587 589//589
f 588//588 589//589 591//591
f 591//591 593//593 592//592
f 592//592 593//593 595//595
f 595//595 597//597 596//596
f 597//597 598//598 596//596
usemtl field_material_05
f 600//600 603//603 601//601
f 603//603 600//600 602//602
f 604//604 606//606 605//605
f 606//606 609//609 607//607
f 608//608 609//609 611//611
f 609//609 606//606 611//611
f 606//606 604//604 611//611
f 604//604 613//613 611//611
f 610//610 611//611 613//613
f 613//613 604//604 612//612
f 605//605 607//607 608//608
f 608//608 610//610 605//605
usemtl field_material_09
f 621//621 622//622 623//623
f 615//615 623//623 624//624
f 616//616 624//624 625//625
f 625//625 626//626 617//617
f 626//626 627//627 618//618
f 627//627 628//628 618//618
f 619//619 628//628 629//629
f 629//629 630//630 619//619
f 630//630 631//631 620//620
f 620//620 631//631 632//632
f 632//632 622//622 621//621
f 625//625 633//633 626//626
f 626//626 633//633 634//634
f 627//627 634//634 635//635
f 628//628 635//635 629//629
f 636//636 637//637 623//623
f 623//623 637//637 638//638
f 624//624 638//638 639//639
f 639//639 640//640 625//625
f 633//633 640//640 641//641
f 641//641 642//642 634//634
f 642//642 643//643 634//634
f 635//635 643//643 644//644
f 635//635 644//644 645//645
f 629//629 645//645 646//646
f 630//630 646//646 647//647
f 647//647 648//648 631//631
f 632//632 648//648 649//649
f 632//632 649//649 636//636
f 651//651 652//652 639//639
f 639//639 652//652 640//640
f 640//640 653//653 641//641
f 641//641 654//654 642//642
f 654//654 655//655 642//642
f 642//642 655//655 656//656
f 656//656 657//657 643//643
f 645//645 658//658 646//646
f 649//649 650//650 636//636
f 650//650 659//659 660//660
f 637//637 660//660 661//661
f 664//664 665//665 657//657
f 665//665 666//666 645//645
f 667//667 668//668 647//647
f 648//648 668//668 669//669
f 669//669 659//659 650//650
f 659//659 670//670 660//660
f 651//651 671//671 652//652
f 652//652 671//671 662//662
f 662//662 672//672 653//653
f 653//653 672//672 663//663
f 654//654 673//673 655//655
f 656//656 674//674 664//664
f 664//664 674//674 665//665
f 666//666 676//676 658//658
f 658//658 676//676 667//667
f 667//667 677//677 668//668
f 670//670 678//678 660//660
f 678//678 679//679 660//660
f 679//679 680//680 661//661
f 680//680 681//681 651//651
f 671//671 682//682 662//662
f 683//683 684//684 654//654
f 674//674 686//686 665//665
f 687//687 688//688 666//666
f 676//676 689//689 667//667
f 668//668 690//690 691//691
f 691//691 692//692 669//669
f 669//669 692//692 693//693
f 670//670 694//694 678//678
f 679//679 695//695 680//680
f 680//680 695//695 681//681
f 682//682 696//696 672//672
f 672//672 696//696 697//697
f 684//684 698//698 673//673
f 698//698 699//699 685//685
f 686//686 700//700 675//675
f 688//688 701//701 676//676
f 676//676 701//701 689//689
f 689//689 702//702 677//677
f 677//677 702//702 690//690
f 690//690 703//703 691//691
f 691//691 703//703 692//692
f 693//693 694//694 670//670
f 678//678 704//704 679//679
f 679//679 704//704 695//695
f 705//705 706//706 671//671
f 671//671 706//706 682//682
f 697//697 707//707 684//684
f 699//699 708//708 674//674
f 700//700 709//709 675//675
f 702//702 710//710 690//690
f 690//690 710//710 703//703
f 703//703 711//711 692//692
f 692//692 711//711 693//693
f 694//694 712//712 678//678
f 696//696 714//714 697//697
f 698//698 715//715 699//699
f 716//716 717//717 688//688
f 701//701 718//718 689//689
f 712//712 720//720 721//721
f 721//721 722//722 705//705
f 722//722 723//723 713//713
f 714//714 723//723 724//724
f 715//715 724//724 725//725
f 725//725 726//726 709//709
f 726//726 727//727 717//717
f 727//727 728//728 718//718
f 702//702 728//728 729//729
f 729//729 730//730 711//711
f 730//730 720//720 694//694
usemtl field_material_05
f 735//735 733//733 736//736
f 734//734 737//737 736//736
f 736//736 738//738 739//739
f 738//738 740//740 741//741
f 738//738 737//737 740//740
f 741//741 740//740 742//742
f 740//740 743//743 742//742
f 745//745 742//742 744//744
f 744//744 743//743 732//732
f 744//744 746//746 747//747
f 746//746 732//732 734//734
f 746//746 733//733 735//735
f 759//759 751//751 749//749
f 750//750 749//749 752//752
f 752//752 753//753 754//754
f 752//752 751//751 755//755
f 757//757 753//753 756//756
f 755//755 748//748 756//756
f 757//757 756//756 758//758
f 758//758 760//760 761//761
f 758//758 748//748 759//759
f 760//760 749//749 750//750
f 764//764 763//763 766//766
f 763//763 765//765 766//766
f 767//767 766//766 768//768
f 768//768 765//765 762//762
f 768//768 769//769 771//771
f 769//769 770//770 771//771
f 769//769 762//762 772//772
f 774//774 770//770 773//773
f 772//772 775//775 773//773
f 773//773 776//776 764//764
f 776//776 763//763 764//764
f 776//776 775//775 763//763
f 778//778 789//789 780//780
f 779//779 777//777 781//781
f 778//778 780//780 781//781
f 781//781 783//783 782//782
f 783//783 777//777 785//785
f 783//783 784//784 786//786
f 786//786 784//784 787//787
f 785//785 788//788 787//787
f 787//787 789//789 790//790
f 789//789 788//788 779//779
f 793//793 803//803 794//794
f 792//792 795//795 796//796
f 793//793 794//794 796//796
f 796//796 798//798 797//797
f 798//798 795//795 800//800
f 798//798 801//801 799//799
f 799//799 801//801 802//802
f 800//800 791//791 802//802
f 802//802 803//803 804//804
f 803//803 791//791 792//792
usemtl field_material_29
f 807//807 808//808 809//809
f 810//810 808//808 811//811
f 811//811 805//805 812//812
f 814//814 816//816 815//815
f 816//816 813//813 817//817
f 817//817 813//813 819//819
f 817//817 819//819 818//818
f 819//819 814//814 820//820
f 824//824 822//822 823//823
f 823//823 821//821 825//825
f 826//826 822//822 828//828
f 830//830 832//832 831//831
f 832//832 829//829 833//833
f 834//834 829//829 835//835
f 835//835 830//830 836//836
f 839//839 837//837 838//838
f 838//838 841//841 840//840
f 841//841 842//842 843//843
f 842//842 837//837 844//844
f 846//846 847//847 848//848
f 847//847 845//845 849//849
f 850//850 846//846 852//852
f 855//855 853//853 854//854
f 854//854 857//857 856//856
f 857//857 858//858 859//859
f 858//858 853//853 860//860
f 862//862 861//861 863//863
f 863//863 865//865 864//864
f 865//865 867//867 866//866
f 867//867 861//861 868//868
f 871//871 869//869 870//870
f 870//870 873//873 872//872
f 873//873 874//874 875//875
f 874//874 869//869 876//876
f 884//884 877//877 879//879
f 884//884 879//879 878//878
f 879//879 881//881 880//880
f 881//881 883//883 882//882
f 883//883 877//877 884//884
f 886//886 887//887 888//888
f 887//887 885//885 889//889
f 891//891 885//885 890//890
f 890//890 886//886 892//892
f 894//894 896//896 895//895
f 896//896 893//893 897//897
f 898//898 893//893 899//899
f 899//899 894//894 900//900
f 903//903 901//901 902//902
f 902//902 905//905 904//904
f 905//905 906//906 907//907
f 906//906 901//901 908//908
f 910//910 909//909 911//911
f 911//911 913//913 912//912
f 913//913 915//915 914//914
f 915//915 909//909 916//916
usemtl field_material_05
f 918//918 919//919 921//921
f 920//920 921//921 922//922
f 922//922 924//924 923//923
f 919//919 926//926 924//924
f 924//924 922//922 919//919
f 923//923 924//924 926//926
f 926//926 919//919 917//917
f 925//925 917//917 918//918
f 918//918 920//920 925//925
usemtl field_material_15
f 934//934 944//944 928//928
f 944//944 935//935 928//928
f 935//935 936//936 929//929
f 936//936 937//937 929//929
f 930//930 937//937 938//938
f 938//938 939//939 931//931
f 931//931 939//939 940//940
f 940//940 949//949 932//932
f 949//949 941//941 932//932
f 933//933 941//941 942//942
f 942//942 934//934 933//933
f 938//938 945//945 946//946
f 939//939 946//946 947//947
f 947//947 948//948 939//939
f 948//948 949//949 940//940
f 950//950 951//951 944//944
f 951//951 952//952 935//935
f 936//936 952//952 953//953
f 953//953 954//954 937//937
f 954//954 955//955 945//945
f 955//955 956//956 946//946
f 956//956 957//957 946//946
f 948//948 958//958 959//959
f 959//959 960//960 949//949
f 941//941 960//960 961//961
f 961//961 962//962 934//934
f 962//962 950//950 943//943
f 950//950 963//963 964//964
f 964//964 965//965 951//951
f 951//951 965//965 966//966
f 966//966 967//967 953//953
f 953//953 967//967 968//968
f 968//968 969//969 954//954
f 970//970 971//971 958//958
f 958//958 971//971 959//959
f 959//959 972//972 973//973
f 973//973 974//974 960//960
f 961//961 975//975 962//962
f 965//965 977//977 966//966
f 966//966 977//977 978//978
f 967//967 978//978 979//979
f 967//967 979//979 968//968
f 980//980 981//981 957//957
f 983//983 984//984 974//974
f 974//974 984//984 985//985
f 985//985 986//986 975//975
f 975//975 986//986 976//976
f 976//976 987//987 963//963
f 978//978 988//988 979//979
f 968//968 989//989 969//969
f 969//969 989//989 980//980
f 980//980 990//990 981//981
f 981//981 991//991 970//970
f 970//970 992//992 971//971
f 971//971 992//992 982//982
f 972//972 993//993 973//973
f 986//986 994//994 976//976
f 996//996 997//997 965//965
f 997//997 998//998 977//977
f 977//977 998//998 999//999
f 988//988 1000//1000 979//979
f 979//979 1000//1000 1001//1001
f 990//990 1003//1003 981//981
f 981//981 1003//1003 991//991
f 982//982 1005//1005 1006//1006
f 983//983 1007//1007 1008//1008
f 984//984 1008//1008 1009//1009
f 1009//1009 1010//1010 986//986
f 994//994 995//995 976//976
f 995//995 1011//1011 987//987
f 998//998 1012//1012 999//999
f 1000//1000 1013//1013 1001//1001
f 992//992 1015//1015 1016//1016
f 1016//1016 1017//1017 1006//1006
f 1007//1007 1018//1018 1019//1019
f 1009//1009 1020//1020 1010//1010
f 1010//1010 1020//1020 1021//1021
f 995//995 1022//1022 1011//1011
f 1011//1011 1023//1023 996//996
f 1023//1023 1024//1024 997//997
f 997//997 1024//1024 998//998
f 1012//1012 1025//1025 988//988
f 1013//1013 1026//1026 989//989
f 1014//1014 1027//1027 990//990
f 990//990 1027//1027 1003//1003
f 1028//1028 1029//1029 1004//1004
f 1004//1004 1029//1029 1015//1015
f 1017//1017 1030//1030 993//993
f 1019//1019 1031//1031 1009//1009
f 1009//1009 1031//1031 1020//1020
f 1024//1024 1033//1033 998//998
f 1033//1033 1034//1034 1012//1012
f 1035//1035 1036//1036 1013//1013
f 1026//1026 1037//1037 1014//1014
f 1027//1027 1038//1038 1003//1003
f 1015//1015 1039//1039 1040//1040
f 1016//1016 1040//1040 1041//1041
f 1042//1042 1043//1043 1019//1019
f 1020//1020 1044//1044 1021//1021
f 1045//1045 1046//1046 1023//1023
f 1046//1046 1047//1047 1033//1033
f 1047//1047 1048//1048 1025//1025
f 1048//1048 1049//1049 1036//1036
f 1026//1026 1049//1049 1050//1050
f 1050//1050 1051//1051 1038//1038
f 1028//1028 1051//1051 1052//1052
f 1052//1052 1053//1053 1040//1040
f 1053//1053 1054//1054 1042//1042
f 1054//1054 1055//1055 1020//1020
f 1044//1044 1055//1055 1045//1045
usemtl field_material_05
f 1058//1058 1061//1061 1060//1060
f 1063//1063 1060//1060 1062//1062
f 1062//1062 1064//1064 1065//1065
f 1062//1062 1061//1061 1057//1057
f 1064//1064 1067//1067 1068//1068
f 1064//1064 1057//1057 1066//1066
f 1066//1066 1069//1069 1070//1070
f 1068//1068 1067//1067 1070//1070
f 1070//1070 1072//1072 1071//1071
f 1072//1072 1069//1069 1058//1058
f 1074//1074 1077//1077 1076//1076
f 1079//1079 1076//1076 1078//1078
f 1078//1078 1080//1080 1082//1082
f 1078//1078 1077//1077 1073//1073
f 1080//1080 1073//1073 1081//1081
f 1080//1080 1083//1083 1082//1082
f 1081//1081 1085//1085 1086//1086
f 1084//1084 1083//1083 1086//1086
f 1086//1086 1088//1088 1087//1087
f 1088//1088 1085//1085 1074//1074
f 1092//1092 1090//1090 1091//1091
f 1090//1090 1093//1093 1091//1091
f 1092//1092 1091//1091 1094//1094
f 1094//1094 1095//1095 1096//1096
f 1094//1094 1093//1093 1097//1097
f 1097//1097 1089//1089 1098//1098
f 1099//1099 1095//1095 1098//1098
f 1089//1089 1100//1100 1101//1101
f 1099//1099 1098//1098 1101//1101
f 1101//1101 1103//1103 1102//1102
f 1103//1103 1100//1100 1090//1090
f 1103//1103 1090//1090 1092//1092
f 1107//1107 1105//1105 1108//1108
f 1106//1106 1109//1109 1108//1108
f 1108//1108 1110//1110 1111//1111
f 1110//1110 1109//1109 1113//1113
f 1113//1113 1104//1104 1115//1115
f 1116//1116 1114//1114 1115//1115
f 1115//1115 1117//1117 1118//1118
f 1117//1117 1104//1104 1106//1106
f 1117//1117 1105//1105 1107//1107
f 1131//1131 1119//1119 1120//1120
f 1121//1121 1120//1120 1122//1122
f 1122//1122 1123//1123 1124//1124
f 1122//1122 1119//1119 1125//1125
f 1125//1125 1128//1128 1127//1127
f 1130//1130 1127//1127 1129//1129
f 1129//1129 1128//1128 1131//1131
f 1129//1129 1132//1132 1133//1133
f 1132//1132 1120//1120 1121//1121
usemtl field_material_29
f 1136//1136 1134//1134 1135//1135
f 1135//1135 1138//1138 1137//1137
f 1138//1138 1139//1139 1140//1140
f 1139//1139 1134//1134 1141//1141
f 1144//1144 1148//1148 1143//1143
f 1143//1143 1142//1142 1145//1145
f 1146//1146 1148//1148 1149//1149
f 1151//1151 1152//1152 1153//1153
f 1152//1152 1150//1150 1154//1154
f 1156//1156 1150//1150 1155//1155
f 1155//1155 1151//1151 1157//1157
f 1160//1160 1158//1158 1159//1159
f 1159//1159 1162//1162 1161//1161
f 1162//1162 1163//1163 1164//1164
f 1163//1163 1158//1158 1165//1165
f 1167//1167 1169//1169 1168//1168
f 1170//1170 1166//1166 1172//1172
f 1172//1172 1166//1166 1167//1167
f 1175//1175 1179//1179 1174//1174
f 1174//1174 1173//1173 1176//1176
f 1177//1177 1179//1179 1180//1180
f 1182//1182 1184//1184 1183//1183
f 1184//1184 1181//1181 1185//1185
f 1187//1187 1182//1182 1188//1188
f 1190//1190 1192//1192 1191//1191
f 1192//1192 1189//1189 1193//1193
f 1194//1194 1189//1189 1195//1195
f 1195//1195 1190//1190 1196//1196
f 1198//1198 1199//1199 1200//1200
f 1199//1199 1197//1197 1201//1201
f 1201//1201 1202//1202 1203//1203
f 1201//1201 1197//1197 1202//1202
f 1202//1202 1198//1198 1204//1204
f 1209//1209 1207//1207 1208//1208
f 1208//1208 1205//1205 1211//1211
f 1211//1211 1205//1205 1206//1206
f 1214//1214 1212//1212 1213//1213
f 1213//1213 1216//1216 1215//1215
f 1216//1216 1217//1217 1218//1218
f 1217//1217 1212//1212 1219//1219
f 1221//1221 1223//1223 1222//1222
f 1223//1223 1220//1220 1224//1224
f 1225//1225 1220//1220 1226//1226
f 1226//1226 1221//1221 1227//1227
f 1229//1229 1231//1231 1230//1230
f 1231//1231 1228//1228 1232//1232
f 1233//1233 1228//1228 1234//1234
f 1234//1234 1229//1229 1235//1235
f 1239//1239 1237//1237 1238//1238
f 1238//1238 1236//1236 1240//1240
f 1241//1241 1237//1237 1243//1243
