# Strawberry URP Gazebo mesh generated by export_gazebo_assets.py
mtllib plant_variant_01.mtl

o field_export_plant_variant_01
v 0.000000000 0.000000000 0.025000000
v 0.000000000 0.026450338 0.020225426
v 0.000000000 0.042797547 0.007725425
v 0.000000000 0.042797547 -0.007725425
v 0.000000000 0.026450338 -0.020225426
v 0.000000000 0.000000000 -0.025000000
v 0.018703211 0.018703211 0.020225426
v 0.030262435 0.030262435 0.007725425
v 0.030262435 0.030262435 -0.007725425
v 0.018703211 0.018703211 -0.020225426
v 0.026450334 0.000000000 0.020225426
v 0.042797547 0.000000000 0.007725425
v 0.042797547 0.000000000 -0.007725425
v 0.026450334 0.000000000 -0.020225426
v 0.018703211 -0.018703211 0.020225426
v 0.030262435 -0.030262435 0.007725425
v 0.030262435 -0.030262435 -0.007725425
v 0.018703211 -0.018703211 -0.020225426
v 0.000000000 -0.026450334 0.020225426
v 0.000000000 -0.042797547 0.007725425
v 0.000000000 -0.042797547 -0.007725425
v 0.000000000 -0.026450334 -0.020225426
v -0.018703211 -0.018703211 0.020225426
v -0.030262435 -0.030262435 0.007725425
v -0.030262435 -0.030262435 -0.007725425
v -0.018703211 -0.018703211 -0.020225426
v -0.026450334 0.000000000 0.020225426
v -0.042797547 0.000000000 0.007725425
v -0.042797547 0.000000000 -0.007725425
v -0.026450334 0.000000000 -0.020225426
v -0.018703211 0.018703211 0.020225426
v -0.030262435 0.030262435 0.007725425
v -0.030262435 0.030262435 -0.007725425
v -0.018703211 0.018703211 -0.020225426
v -0.002344087 0.003459543 0.005615801
v 0.005735568 0.003886301 0.000000015
v 0.112210199 -0.159430251 0.152531072
v 0.117542282 -0.162667960 0.144909650
v 0.002344072 -0.003459498 -0.005615771
v -0.003846597 -0.005130231 -0.002807878
v 0.110493049 -0.169247136 0.142904013
v -0.006190676 -0.001670711 0.002807908
v 0.105160952 -0.166009426 0.150525421
v 0.147634491 -0.162846595 0.157153308
v 0.095734395 -0.197948486 0.153221518
v 0.153503209 -0.170351192 0.160206452
v 0.100245029 -0.206437543 0.156273723
v 0.170623183 -0.170290485 0.163596123
v 0.093588002 -0.222487524 0.157907635
v 0.170715064 -0.181779042 0.164959788
v 0.104047187 -0.226951450 0.160036847
v 0.185426354 -0.183374614 0.166545719
v 0.099985212 -0.241267309 0.160236523
v 0.181415245 -0.197669238 0.165861636
v 0.114747375 -0.242841646 0.160938710
v 0.192023560 -0.202070877 0.165399820
v 0.114988372 -0.254267931 0.159711346
v 0.185603768 -0.218021780 0.162912011
v 0.132345587 -0.254108131 0.158979297
v 0.190397590 -0.226351276 0.160721153
v 0.138543800 -0.261518747 0.156795666
v 0.175571471 -0.259643167 0.153150931
v 0.167662606 -0.246778205 0.161091030
v 0.111735068 -0.164325088 0.146018758
v 0.167290419 -0.247475699 0.158018723
v 0.110949285 -0.164412186 0.149091035
v 0.096026391 -0.208439931 0.152895615
v 0.047391057 -0.204265580 0.156782523
v 0.096239656 -0.216208711 0.155519307
v 0.046315350 -0.211980835 0.159649402
v 0.106907696 -0.224835306 0.156705081
v 0.034694780 -0.218719915 0.162679031
v 0.101504616 -0.232018605 0.158306822
v 0.039010033 -0.226726204 0.163476825
v 0.109684289 -0.240260363 0.157765999
v 0.029591605 -0.233477667 0.164391831
v 0.100187741 -0.246910155 0.157632619
v 0.037693158 -0.241617769 0.162802607
v 0.104273953 -0.254618406 0.155356660
v 0.032061033 -0.248503014 0.161330625
v 0.092289031 -0.260883361 0.153496683
v 0.042364724 -0.256655484 0.157626778
v 0.090756938 -0.267972827 0.150165677
v 0.042118996 -0.263847351 0.154049754
v 0.064587407 -0.280029297 0.143684596
v 0.074000396 -0.190912455 0.147213265
v 0.067139782 -0.268350720 0.160896823
v 0.071288362 -0.190547273 0.148091003
v 0.064736843 -0.268466532 0.158828855
v 0.172443122 -0.118827477 0.153417930
v 0.158153504 -0.165616959 0.155532345
v 0.180040076 -0.120338328 0.155926645
v 0.165425569 -0.168385074 0.158227891
v 0.190680996 -0.111762024 0.157406703
v 0.169541866 -0.181259155 0.160735324
v 0.196551085 -0.118602604 0.158758819
v 0.178256840 -0.178746879 0.161639482
v 0.206323370 -0.112315655 0.158515915
v 0.182877585 -0.189396203 0.162207752
v 0.210844710 -0.122982621 0.158084676
v 0.192550480 -0.183126897 0.160965323
v 0.219268262 -0.120522060 0.156058401
v 0.198129132 -0.190019190 0.159387022
v 0.222920954 -0.133478388 0.153904200
v 0.208306462 -0.181525141 0.156205446
v 0.229575366 -0.136347666 0.150559515
v 0.215334430 -0.183138922 0.152911589
v 0.235987887 -0.164286256 0.143690512
v 0.150247946 -0.137194410 0.149274543
v 0.224408448 -0.161542714 0.161037803
v 0.150307298 -0.138522148 0.146393985
v 0.225238234 -0.160029501 0.158739865
v -0.003467328 0.003340786 0.004981655
v 0.213233113 0.007723461 0.151666105
v 0.214963153 0.013852277 0.148760140
v 0.001730032 0.006128817 -0.002905950
v 0.218862087 0.013993498 0.142948225
v 0.003898926 0.000141223 -0.005811915
v 0.221030980 0.008005904 0.140042260
v 0.002168894 -0.005987593 -0.002905950
v -0.001730032 -0.006128814 0.002905965
v 0.217382818 0.000941020 0.145854190
v 0.235267624 0.039549761 0.154829413
v 0.237481490 -0.023117114 0.151795670
v 0.244802564 0.040590685 0.157821432
v 0.247133002 -0.023749586 0.154817641
v 0.253883839 0.055187076 0.160926849
v 0.257254720 -0.037877791 0.156582028
v 0.263704121 0.049196400 0.162259609
v 0.266621351 -0.031343892 0.158499509
v 0.272877902 0.060849693 0.163510934
v 0.276616603 -0.042370271 0.158692017
v 0.282863915 0.049866632 0.162768379
v 0.285781145 -0.030673660 0.159008279
v 0.292203426 0.056527536 0.161944389
v 0.295574278 -0.036537331 0.157599583
v 0.302281916 0.042601369 0.159347743
v 0.304612398 -0.021738905 0.156343967
v 0.311839581 0.042227991 0.156823486
v 0.314133763 -0.020434296 0.153795749
v 0.332068801 0.011923468 0.148929119
v 0.216995329 0.009060474 0.146632046
v 0.317006201 0.012914428 0.157925189
v 0.217287078 0.006342489 0.145022258
v 0.317155212 0.009758756 0.157636195
v 0.245415032 -0.028694149 0.155595437
v 0.215997428 -0.067822933 0.154377803
v 0.251733691 -0.032721482 0.159202650
v 0.221565187 -0.072921544 0.158114076
v 0.264418870 -0.028294284 0.162420869
v 0.220781684 -0.086441591 0.160846308
v 0.267442703 -0.036733497 0.164296418
v 0.229678154 -0.087055400 0.162933767
v 0.278730392 -0.034152627 0.165361434
v 0.230331570 -0.098644868 0.163615063
v 0.279394567 -0.045719102 0.164895296
v 0.241630018 -0.096041009 0.163532645
v 0.288322598 -0.046265498 0.163618609
v 0.244685411 -0.104412802 0.162044048
v 0.287589312 -0.059678305 0.160999268
v 0.257420778 -0.099878371 0.159910709
v 0.293196946 -0.064618304 0.157932818
v 0.263822287 -0.103777803 0.156737164
v 0.290546685 -0.092961244 0.149460971
v 0.219087526 -0.038366698 0.147411183
v 0.280582190 -0.086373121 0.159411162
v 0.218689889 -0.039634883 0.144530624
v 0.281688720 -0.085636936 0.156530634
v 0.210559249 0.083807863 0.151852176
v 0.242573604 0.046950717 0.155668199
v 0.215701759 0.089470401 0.154854387
v 0.248599380 0.051673379 0.158916384
v 0.213954553 0.103044905 0.156426191
v 0.261539280 0.048373464 0.162301660
v 0.222770602 0.104419820 0.158378839
v 0.263951421 0.057106007 0.163463593
v 0.222606346 0.116041996 0.158192709
v 0.275383413 0.055404890 0.164709285
v 0.234058857 0.114244401 0.158374652
v 0.275239676 0.066930585 0.163459405
v 0.236531064 0.122694053 0.156417817
v 0.284115791 0.068022616 0.162293285
v 0.249566510 0.118944131 0.154841840
v 0.282464147 0.081147105 0.158903837
v 0.255686790 0.123075850 0.151784092
v 0.287742138 0.086258359 0.155616045
v 0.283109963 0.113796860 0.145840093
v 0.214762479 0.055236850 0.147411183
v 0.273296624 0.106880836 0.159033462
v 0.215919390 0.054582648 0.144530639
v 0.275102139 0.105290994 0.156965509
v -0.004587653 0.000043521 0.005191474
v 0.143070534 0.161639273 0.133165687
v 0.139694124 0.166971147 0.130137324
v -0.003376402 0.005331874 -0.003028363
v 0.142020106 0.169599012 0.124080583
v 0.002325997 0.002627887 -0.006056733
v 0.147722512 0.166895032 0.121052213
v 0.005702406 -0.002703987 -0.003028370
v 0.003376417 -0.005331859 0.003028367
v 0.150584430 0.159675226 0.127108946
v 0.133692116 0.199129075 0.135112688
v 0.180608913 0.157543167 0.138380095
v 0.138999239 0.206708521 0.139087200
v 0.187191606 0.164052397 0.142562091
v 0.134254858 0.223308876 0.141806364
v 0.203962624 0.161608979 0.146832615
v 0.145046160 0.226266876 0.144811556
v 0.205372721 0.172870487 0.149161384
v 0.142750531 0.240929574 0.145942718
v 0.220064670 0.172497094 0.151517436
v 0.157543391 0.240592286 0.147342831
v 0.217869937 0.187195912 0.151692659
v 0.159249321 0.251959682 0.146868929
v 0.228957072 0.190259814 0.151895180
v 0.176490918 0.249684766 0.146681055
v 0.224683285 0.207028627 0.150155947
v 0.183673739 0.256401777 0.145086795
v 0.230583563 0.214826703 0.148550242
v 0.220393464 0.250175834 0.142314926
v 0.212511882 0.238282740 0.139886811
v 0.145288244 0.164635256 0.125410140
v 0.210598111 0.240234673 0.138277024
v 0.145567566 0.163895667 0.128482431
v 0.191701144 0.159436271 0.140500411
v 0.199739352 0.111158624 0.138905063
v 0.199106768 0.161197513 0.145427734
v 0.207423493 0.111637533 0.144010156
v 0.204750016 0.173404604 0.149744824
v 0.216779724 0.101718664 0.147694364
v 0.213014275 0.169758558 0.152170628
v 0.223425046 0.107720032 0.150396124
v 0.218953133 0.179708481 0.153381675
v 0.232295513 0.100200288 0.151107460
v 0.227771714 0.172227487 0.152433887
v 0.238182485 0.110188976 0.150659367
v 0.234264880 0.178342462 0.150271311
v 0.246294588 0.106656536 0.148220852
v 0.243379086 0.168604314 0.146217480
v 0.251695812 0.119044334 0.144799903
v 0.250708401 0.169311166 0.141288444
v 0.258824944 0.121035822 0.140111089
v 0.269085556 0.147851542 0.128702864
v 0.180274427 0.134279892 0.127883285
v 0.257245541 0.146359265 0.140476182
v 0.180968851 0.131631523 0.126280814
v 0.257825285 0.145747408 0.137417838
v 0.087239511 0.210255414 0.141395867
v 0.136039570 0.208065316 0.137975454
v 0.087237962 0.217273772 0.146523505
v 0.137352958 0.215040445 0.143226847
v 0.076651305 0.224843308 0.151593447
v 0.149140045 0.221612915 0.146824986
v 0.082054362 0.231818393 0.154385999
v 0.144787654 0.229022741 0.150259286
v 0.073663518 0.239539936 0.156719029
v 0.154062122 0.235957056 0.151430249
v 0.082851522 0.246614486 0.156480551
v 0.145584807 0.243818849 0.152353823
v 0.078245610 0.254435480 0.155782551
v 0.150734365 0.251205117 0.151014090
v 0.089629427 0.261662066 0.152807161
v 0.139744431 0.259428740 0.149510503
v 0.090417840 0.269457221 0.149528116
v 0.139241204 0.267262697 0.146486089
v 0.115042366 0.284143835 0.139680415
v 0.109093845 0.195604414 0.126220271
v 0.112244733 0.273393691 0.139179617
v 0.111461923 0.195180401 0.128288224
v 0.115402572 0.273297280 0.138891935
v 0.000992814 -0.004919536 0.004879788
v -0.036176700 0.196771055 0.214340940
v -0.005445972 -0.003659002 0.002439894
v -0.045869302 0.196643502 0.212598145
v -0.006438792 0.001260541 -0.002439909
v -0.046862122 0.201563060 0.207718343
v 0.002544651 0.004902044 -0.004182694
v -0.041416153 0.205222070 0.205278456
v -0.034977369 0.203961521 0.207718343
v 0.006438781 -0.001260526 0.002439894
v -0.074961901 0.213031128 0.221140981
v -0.013409287 0.225376993 0.220670342
v -0.077651948 0.222260281 0.225380182
v -0.014474001 0.235010326 0.225051865
v -0.093639627 0.228842959 0.228917748
v -0.002256002 0.247285247 0.228442848
v -0.089379109 0.239500836 0.231154859
v -0.010293806 0.255461156 0.230743870
v -0.102406994 0.246657312 0.232148707
v -0.001051728 0.267111987 0.231621981
v -0.093169317 0.258294404 0.231646717
v -0.014084009 0.274254739 0.231235728
v -0.101220027 0.266430080 0.229901463
v -0.009836407 0.284872353 0.229426563
v -0.089022547 0.278640956 0.226855755
v -0.025844611 0.291391015 0.226527438
v -0.090108320 0.288162053 0.222903177
v -0.028567230 0.300562710 0.222737938
v -0.063101292 0.313038796 0.213126838
v -0.041581124 0.199973643 0.210936114
v -0.059010949 0.298472226 0.222936094
v -0.061722036 0.298122168 0.221326292
v -0.038946461 0.200702429 0.209326342
v -0.010155510 0.234258190 0.221894369
v 0.033133030 0.211617857 0.225272045
v -0.007702430 0.241209731 0.227174342
v 0.036749080 0.218018994 0.230865121
v -0.014518080 0.253045708 0.230772942
v 0.049778715 0.219501510 0.236111477
v -0.006970452 0.257438481 0.234121397
v 0.048673354 0.228408605 0.238741472
v -0.011456497 0.268165320 0.234861538
v 0.059856273 0.230960816 0.240782604
v -0.000141782 0.270706773 0.235247687
v 0.055502024 0.241676897 0.239867762
v -0.000860739 0.279582322 0.233025521
v 0.063436061 0.246038109 0.238364056
v 0.012783583 0.281014621 0.230553210
v 0.057235092 0.257823884 0.234243989
v 0.017177306 0.287314057 0.226134822
v 0.060462061 0.264735848 0.229933128
v 0.046650607 0.289123237 0.216933727
v 0.040517587 0.279180706 0.223337516
v 0.005289590 0.210016787 0.208834693
v 0.006195514 0.209044307 0.211715236
v 0.042778920 0.278359771 0.221269563
v -0.113665715 0.182660013 0.220235974
v -0.082487516 0.220203727 0.216195390
v -0.119838633 0.187253118 0.223376244
v -0.087876387 0.225848794 0.219356626
v -0.132755637 0.183681607 0.226726949
v -0.086523905 0.239508271 0.220912799
v -0.135422826 0.192376032 0.227803290
v -0.095412925 0.240689576 0.222771600
v -0.146829590 0.190393135 0.228879720
v -0.095553122 0.252311498 0.222431138
v -0.146964997 0.201892525 0.227400869
v -0.106955081 0.250206083 0.222369179
v -0.155839950 0.202714607 0.225922123
v -0.109608218 0.258541256 0.220107958
v -0.154465109 0.215802595 0.222168982
v -0.122502849 0.254398286 0.218149379
v -0.159805387 0.220691070 0.218455821
v -0.128656670 0.258282155 0.214654863
v -0.155692920 0.248121053 0.207755223
v -0.087311551 0.190232575 0.209269568
v -0.147473738 0.239645228 0.222228929
v -0.085545585 0.191866264 0.211337522
v -0.145492971 0.242106482 0.221941248
v 0.000651905 -0.005564378 0.004075875
v -0.138701469 0.139304608 0.222667426
v -0.144809604 0.136847422 0.220289826
v -0.006108128 -0.002457179 -0.002377585
v -0.148434103 0.140487671 0.215534642
v -0.003624476 0.003640242 -0.004755177
v -0.145950437 0.146585077 0.213157058
v 0.002483658 0.006097421 -0.002377585
v 0.006108142 0.002457179 0.002377599
v -0.137416363 0.147833213 0.217912227
v -0.178164899 0.133849889 0.225167677
v -0.133697480 0.178053603 0.228320643
v -0.185517669 0.139789045 0.228715912
v -0.139906168 0.185203031 0.232075274
v -0.202487260 0.136243597 0.231014028
v -0.136512607 0.201932594 0.235873178
v -0.204830229 0.147313476 0.233533427
v -0.147734389 0.204162121 0.237738639
v -0.219645292 0.146023363 0.234179497
v -0.146471590 0.218880236 0.239568889
v -0.218375981 0.160808027 0.235021815
v -0.161280140 0.217656672 0.239227027
v -0.229578748 0.163232699 0.233990788
v -0.163604096 0.228921697 0.238849953
v -0.226154909 0.180272698 0.233181059
v -0.180543423 0.225686699 0.236540437
v -0.232303590 0.187789142 0.231089607
v -0.187890530 0.232044861 0.234238490
v -0.223614037 0.223866090 0.226859644
v -0.142200023 0.142818362 0.219399512
v -0.213518724 0.212927714 0.231377333
v -0.142479286 0.143098831 0.216101214
v -0.212360993 0.214532331 0.228708953
v -0.135239050 0.189198628 0.224726364
v -0.086548194 0.194186836 0.226228654
v -0.136777803 0.196821958 0.227549657
v -0.086800843 0.201999426 0.229242817
v -0.148803458 0.203326076 0.229416788
v -0.076514393 0.210815012 0.231865868
v -0.144767612 0.211406738 0.230866194
v -0.082207128 0.217887819 0.232985675
v -0.154358506 0.217978254 0.230781138
v -0.074181348 0.226284355 0.233497441
v -0.146285206 0.226278812 0.230183855
v -0.083724715 0.232759893 0.232303336
v -0.151838630 0.233070210 0.228052080
v -0.079549551 0.240559131 0.230501160
v -0.141330555 0.241438150 0.225502610
v -0.091353595 0.246615618 0.227195770
v -0.141303182 0.248658895 0.221960515
v -0.092618793 0.253692508 0.223462060
v -0.118168309 0.265305012 0.213832080
v -0.110429741 0.175889850 0.218369722
v -0.115851618 0.253696650 0.230686530
v -0.118589275 0.253660858 0.229084060
v -0.107303262 0.176370680 0.217355117
v -0.194033161 0.086859405 0.227077305
v -0.188705727 0.135520920 0.228347421
v -0.201850891 0.086940154 0.230798230
v -0.196455911 0.136901006 0.232273787
v -0.210762978 0.076532252 0.233440429
v -0.202959403 0.148798019 0.235574752
v -0.217843696 0.082164153 0.235349149
v -0.211090326 0.144704476 0.237196237
v -0.226286620 0.074155301 0.235508516
v -0.217631549 0.154306605 0.237875730
v -0.232710093 0.083785862 0.234794870
v -0.225956723 0.146326184 0.236641958
v -0.240495771 0.079775669 0.232331872
v -0.232692212 0.152041435 0.234466195
v -0.246450096 0.091805279 0.229135379
v -0.241055101 0.141766131 0.230610937
v -0.253455162 0.093353130 0.224643633
v -0.248196498 0.142011404 0.226228595
v -0.264779657 0.119565427 0.214604527
v -0.175774843 0.108358838 0.217982888
v -0.253191561 0.116951309 0.230686516
v -0.175479695 0.111504316 0.217695206
v -0.253143936 0.119688772 0.229084045
v 0.003589763 -0.003760467 0.004579582
v -0.158893362 0.012633996 0.144095749
v -0.161628053 0.006770127 0.141424328
v -0.002734683 -0.005863873 -0.002671413
v -0.004508376 0.000358469 -0.005342834
v -0.167540655 0.009846525 0.134173334
v -0.001773685 0.006222338 -0.002671413
v -0.165175438 0.019214811 0.136081487
v 0.002734698 0.005863865 0.002671428
v -0.160667062 0.018856337 0.141424328
v -0.184968725 -0.016629659 0.150684446
v -0.179940060 0.045940612 0.149658769
v -0.194538876 -0.016644362 0.155188248
v -0.189430684 0.047599725 0.154335424
v -0.205214590 -0.030177653 0.159096837
v -0.197825849 0.062748097 0.157863274
v -0.214258790 -0.023133218 0.161488339
v -0.207864419 0.057286680 0.160420790
v -0.224707142 -0.033682480 0.162725985
v -0.216512159 0.069383182 0.161357820
v -0.233361751 -0.021604493 0.162226886
v -0.226967394 0.058815405 0.161159337
v -0.243420511 -0.027120199 0.160573930
v -0.236031771 0.065805554 0.159340382
v -0.251847744 -0.012058190 0.157403886
v -0.246739566 0.052185901 0.156551078
v -0.261338323 -0.010516567 0.153566554
v -0.256378472 0.052057393 0.152567029
v -0.277983934 0.022102673 0.143201366
v -0.163597003 0.011888565 0.137860194
v -0.263192087 0.019491235 0.150823921
v -0.163159475 0.014245892 0.139937565
v -0.262976259 0.022643035 0.150534928
v -0.187978879 0.052845299 0.148006722
v -0.154228985 0.088325582 0.148209378
v -0.194065809 0.057688691 0.151556641
v -0.159456640 0.094149828 0.151955798
v -0.207397848 0.054840155 0.154317006
v -0.157337487 0.107579306 0.154894367
v -0.209567711 0.063627332 0.156063944
v -0.166244417 0.109268904 0.156563595
v -0.221130028 0.062381439 0.156428620
v -0.165607154 0.120875411 0.157068968
v -0.220414206 0.073927805 0.155616030
v -0.177090913 0.119569384 0.156115681
v -0.229090840 0.075441107 0.153421193
v -0.179030478 0.128180265 0.153998539
v -0.226605326 0.088590115 0.150212914
v -0.191996157 0.125051260 0.150612056
v -0.231347293 0.094033934 0.146147802
v -0.197631359 0.129543945 0.146377534
v -0.224762708 0.121579014 0.136078760
v -0.160543814 0.059129372 0.137864232
v -0.217226252 0.112497874 0.150823593
v -0.158671394 0.060639851 0.139932185
v -0.215083554 0.114819512 0.150535911
v -0.165275797 -0.062241796 0.149671286
v -0.192925677 -0.021827180 0.149370223
v -0.170923427 -0.066885576 0.153973162
v -0.199336752 -0.025412243 0.153851122
v -0.170630485 -0.080277339 0.157619834
v -0.211728886 -0.020288318 0.157443315
v -0.179482907 -0.080403447 0.160125449
v -0.215050340 -0.028487690 0.159972668
v -0.180603713 -0.091907933 0.161435395
v -0.226186708 -0.025373001 0.161239594
v -0.191783205 -0.088826530 0.161429897
v -0.227350622 -0.036910765 0.161277115
v -0.195231065 -0.097123496 0.160228729
v -0.236329466 -0.037134469 0.160052195
v -0.207824305 -0.092154801 0.157886505
v -0.236237630 -0.050681472 0.157764450
v -0.214475498 -0.095927425 0.154670194
v -0.242130160 -0.055516887 0.154680759
v -0.240926072 -0.084332563 0.146590382
v -0.231089354 -0.078133807 0.152120158
v -0.167157978 -0.034274872 0.137061805
v -0.231872767 -0.077822782 0.149061814
v -0.167165086 -0.033431999 0.140120164
v 0.006197840 -0.002256095 0.002344549
v -0.135478616 -0.149302095 0.232383847
v -0.000524897 -0.005618727 -0.004019213
v -0.138413876 -0.156222135 0.226020083
v -0.006197825 0.002256095 -0.002344549
v -0.146628365 -0.151053250 0.224345431
v 0.000524867 0.005618758 0.004019206
v -0.143693149 -0.144133210 0.230709180
v -0.131356463 -0.186274633 0.234478503
v -0.177008078 -0.143309340 0.237826973
v -0.137287706 -0.194046214 0.237407416
v -0.184195012 -0.149988785 0.240981117
v -0.133382380 -0.211063266 0.238978729
v -0.201231375 -0.147336483 0.244147897
v -0.144515648 -0.213882521 0.240741849
v -0.203233600 -0.158732027 0.245215356
v -0.142818585 -0.228671297 0.240463525
v -0.218071163 -0.157990754 0.246196747
v -0.157658711 -0.227843434 0.240343630
v -0.216376662 -0.172692940 0.244817123
v -0.159668490 -0.238985106 0.238182262
v -0.227517486 -0.175258324 0.243351430
v -0.176716864 -0.235928953 0.236212730
v -0.223624170 -0.191871539 0.239786416
v -0.183907032 -0.242072552 0.232713267
v -0.229572982 -0.199144170 0.236294955
v -0.219926909 -0.233894318 0.225997582
v -0.210326001 -0.222178385 0.241142452
v -0.140956119 -0.150548816 0.226665810
v -0.208470717 -0.224185973 0.239532664
v -0.141213477 -0.149801299 0.229738101
v -0.186979294 -0.144447654 0.240138903
v -0.193592951 -0.095928773 0.240449548
v -0.194344819 -0.146165654 0.244803593
v -0.201196253 -0.096364491 0.245324448
v -0.200276554 -0.158348918 0.248510212
v -0.210186809 -0.086314127 0.249263585
v -0.208385289 -0.154551536 0.251043618
v -0.216961831 -0.092211105 0.251695603
v -0.214598119 -0.164360076 0.251939744
v -0.225589767 -0.084464952 0.252775341
v -0.223203808 -0.156594679 0.251471967
v -0.231780350 -0.094254255 0.252123952
v -0.229913622 -0.162435234 0.249366939
v -0.239823878 -0.090400442 0.250120312
v -0.238800421 -0.152295113 0.246088699
v -0.245651856 -0.102493957 0.246609554
v -0.246231303 -0.152609691 0.241606727
v -0.252911329 -0.104105271 0.242302462
v -0.264177382 -0.130188823 0.230949745
v -0.252629638 -0.127426431 0.241138935
v -0.175109521 -0.119716808 0.228147596
v -0.252502233 -0.130161375 0.239536449
v -0.175496235 -0.116581246 0.228435278
v -0.082599908 -0.199992254 0.238973677
v -0.131288916 -0.196336254 0.242701232
v -0.082143620 -0.207862362 0.243686944
v -0.132112280 -0.204153970 0.247779563
v -0.071248695 -0.216436163 0.246626407
v -0.143525779 -0.211072162 0.252546191
v -0.076485477 -0.223714769 0.249389336
v -0.139035583 -0.219072655 0.254512429
v -0.068179071 -0.231889173 0.249372438
v -0.148342907 -0.225939870 0.255938172
v -0.077618040 -0.238633484 0.249079466
v -0.140168145 -0.233991370 0.254202545
v -0.073513821 -0.246273607 0.246006668
v -0.145790905 -0.240909606 0.251926422
v -0.085541308 -0.252618521 0.242757320
v -0.135509968 -0.248910129 0.246849939
v -0.087140344 -0.259703875 0.237663642
v -0.135825634 -0.256044239 0.241418421
v -0.113513358 -0.271803051 0.226515263
v -0.113755792 -0.259933174 0.241138920
v -0.106490143 -0.182638213 0.226673499
v -0.111054741 -0.260380864 0.239536449
v -0.107152767 -0.182117224 0.229731843
v 0.000339152 0.004990466 0.004896984
v -0.017462319 -0.205859736 0.219576105
v 0.006912258 -0.000469760 0.000000009
v -0.008079097 -0.208287969 0.217827186
v -0.008418249 -0.213278428 0.212930217
v -0.000339152 -0.004990451 -0.004896954
v -0.014636051 -0.215362608 0.210481733
v -0.006217803 -0.002084181 -0.002448469
v -0.020514702 -0.212456346 0.212930217
v -0.005878651 0.002906278 0.002448499
v 0.015686935 -0.232163414 0.220982760
v -0.046943028 -0.227839276 0.220912963
v 0.015859496 -0.241924569 0.223076642
v -0.048444670 -0.237554446 0.223077670
v 0.029553603 -0.252614021 0.224672928
v -0.063459039 -0.246292859 0.224674433
v 0.022638611 -0.261844784 0.225524276
v -0.057856485 -0.256374329 0.225525573
v 0.033320230 -0.272206694 0.225544065
v -0.069841810 -0.265195787 0.225545734
v 0.021339428 -0.280961394 0.224703655
v -0.059155669 -0.275490940 0.224704951
v 0.026955243 -0.290847182 0.223031700
v -0.066057399 -0.284526050 0.223033205
v 0.011961957 -0.299274355 0.220614806
v -0.052342206 -0.294904232 0.220615834
v 0.010488731 -0.308572948 0.217589155
v -0.052142467 -0.304294109 0.217675582
v -0.022127246 -0.325051010 0.210474536
v -0.012574938 -0.210515365 0.215160728
v -0.019801851 -0.310086191 0.228563368
v -0.015724313 -0.210266590 0.215449721
v -0.022197863 -0.310173213 0.226485983
v -0.053217690 -0.234323934 0.226129502
v -0.089076623 -0.200991392 0.225120112
v -0.057721246 -0.240025774 0.230278015
v -0.094572976 -0.205842108 0.229385585
v -0.054510038 -0.252971947 0.233957589
v -0.107814148 -0.203527048 0.232666746
v -0.063134007 -0.255011111 0.236323178
v -0.109264508 -0.212220460 0.235206053
v -0.061700869 -0.266458809 0.237786412
v -0.120821446 -0.211618558 0.236354724
v -0.073283426 -0.265915483 0.237748161
v -0.119413927 -0.223124847 0.236631036
v -0.074808873 -0.274780720 0.236807555
v -0.128112987 -0.225335822 0.235516712
v -0.088169500 -0.272738934 0.234552965
v -0.125021219 -0.238555282 0.233660549
v -0.093801931 -0.277924061 0.231646672
v -0.129685119 -0.244612798 0.230913237
v -0.122097522 -0.272552788 0.223938853
v -0.113816604 -0.264471322 0.228745967
v -0.061127339 -0.207597211 0.213687629
v -0.114649333 -0.264340669 0.225687608
v -0.061320089 -0.206776619 0.216745958
v 0.062431905 -0.211872324 0.225477129
v 0.022445984 -0.239893302 0.229198918
v 0.067746215 -0.217667118 0.229993492
v 0.026737288 -0.246460140 0.234067753
v 0.081589237 -0.217395484 0.232776672
v 0.022271954 -0.259043068 0.238669872
v 0.082137980 -0.226343900 0.235437766
v 0.030803554 -0.262386620 0.240537852
v 0.093740061 -0.227404386 0.235391378
v 0.027950162 -0.273596495 0.241927624
v 0.090714991 -0.238603115 0.235132098
v 0.039380569 -0.274645805 0.240232199
v 0.098743275 -0.241913900 0.232165352
v 0.039425991 -0.283561498 0.238058552
v 0.093477271 -0.254444778 0.229076520
v 0.052468345 -0.283237755 0.233150780
v 0.096710026 -0.260915369 0.223965228
v 0.056793209 -0.288969457 0.228135347
v 0.083967403 -0.287102580 0.213568911
v 0.033720449 -0.212682694 0.215836242
v 0.076209188 -0.278156579 0.227836221
v 0.078884572 -0.276468843 0.226821616
v 0.031224446 -0.214625910 0.214821622
v 0.003978927 0.002761915 0.037605781
v 0.078830563 -0.167890683 0.102528855
v 0.003100726 -0.000252557 0.030532988
v 0.081673026 -0.169224352 0.095456064
v -0.003978934 -0.002761886 0.032394249
v 0.075688124 -0.172804773 0.093087181
v -0.002663858 0.000637819 0.039974660
v 0.072267815 -0.171544254 0.100667596
v 0.076970413 -0.170384288 -0.001655173
v 0.089077063 -0.170384288 0.005334335
v 0.085240193 -0.157589227 0.007475798
v 0.075409003 -0.158524051 0.005027508
v 0.066712521 -0.164461881 0.005199457
v 0.065918446 -0.174962178 0.005027499
v 0.083887301 -0.179978296 0.004972988
v 0.096900433 -0.174040049 0.013584764
v 0.093416013 -0.160139665 0.012067832
v 0.075355157 -0.150156736 0.013614710
v 0.066334054 -0.152725622 0.014121270
v 0.058337346 -0.162666216 0.013706841
v 0.056662593 -0.173569456 0.014248427
v 0.062282041 -0.184329435 0.013660224
v 0.071759053 -0.184969604 0.007979420
v 0.078280374 -0.190371960 0.013380991
v 0.087934174 -0.187775984 0.014179216
v 0.093830146 -0.181772873 0.013792031
v 0.100775503 -0.167548180 0.019004321
v 0.094268650 -0.153086081 0.019200595
v 0.107787915 -0.166191518 0.027411016
v 0.101578347 -0.151602268 0.027081046
v 0.085645057 -0.140342116 0.026240481
v 0.064783454 -0.141913250 0.027096964
v 0.052326772 -0.151711985 0.026981885
v 0.046226803 -0.166336834 0.026759930
v 0.048248220 -0.182118252 0.026858665
v 0.057982001 -0.195130467 0.026757486
v 0.073256448 -0.201103538 0.026589233
v 0.088965356 -0.199094519 0.027096033
v 0.101832785 -0.188954055 0.026585296
v 0.106271334 -0.180526629 0.027427644
v 0.095693551 -0.137954906 0.041054804
v 0.082348987 -0.133152843 0.040887177
v 0.039648660 -0.165869057 0.040852260
v 0.050541930 -0.196812734 0.040951706
v 0.063986018 -0.201405764 0.033357032
v 0.076970398 -0.207612872 0.040890776
v 0.106889024 -0.193307564 0.040879045
v 0.114479296 -0.175521523 0.040818457
v 0.113135017 -0.160363346 0.040979672
v 0.107199557 -0.147430480 0.040989503
v 0.062664941 -0.135332048 0.040818457
v 0.047056597 -0.147369504 0.040865213
v 0.042314101 -0.185152501 0.040711667
v 0.062318191 -0.205195442 0.040794335
v 0.091339432 -0.205241472 0.040816419
v 0.118039824 -0.170345381 0.055747144
v 0.105931781 -0.140750632 0.058102977
v 0.076970436 -0.129022747 0.057527468
v 0.060884491 -0.132172346 0.055781983
v 0.036874861 -0.181127876 0.058454461
v 0.071795285 -0.211519778 0.055782001
v 0.114419490 -0.153006032 0.054970115
v 0.097798996 -0.134308115 0.059940532
v 0.087475754 -0.130260482 0.059075341
v 0.047435012 -0.141164437 0.061523974
v 0.038581368 -0.154713854 0.055572324
v 0.035287712 -0.170146316 0.060167521
v 0.040935170 -0.191235259 0.060683183
v 0.047435004 -0.199604139 0.061523966
v 0.056026977 -0.206184477 0.059075374
v 0.087474845 -0.210645407 0.060453732
v 0.097723126 -0.206329048 0.058655273
v 0.106193729 -0.199607566 0.058402266
v 0.115301386 -0.186261505 0.055219110
v 0.116331071 -0.159874290 0.069292039
v 0.115839854 -0.170891657 0.082951255
v 0.110847019 -0.151118264 0.082945742
v 0.066957757 -0.133016512 0.083371691
v 0.058220688 -0.136396691 0.083287075
v 0.042982809 -0.151634574 0.083287083
v 0.039602626 -0.160371631 0.083371654
v 0.067656241 -0.208066583 0.083287105
v 0.076970421 -0.209070265 0.083371684
v 0.110537790 -0.189494908 0.083700292
v 0.114389203 -0.180684984 0.083310261
v 0.113706879 -0.160766393 0.085088059
v 0.081766643 -0.132458463 0.085366189
v 0.039339200 -0.175958499 0.085573502
v 0.058006905 -0.203229979 0.085289747
v 0.091806844 -0.205563262 0.085325472
v 0.103823744 -0.197237626 0.085206069
v 0.100979187 -0.140622929 0.085208878
v 0.050441489 -0.143622413 0.085699379
v 0.046832912 -0.193539634 0.085608348
v 0.106629014 -0.174288929 0.098066106
v 0.104239918 -0.158328652 0.098070145
v 0.094558701 -0.146309093 0.098070145
v 0.075959936 -0.140193865 0.098088108
v 0.055713221 -0.149127126 0.098089971
v 0.047311816 -0.166479662 0.098066106
v 0.052736945 -0.188979268 0.098123074
v 0.073065773 -0.200042889 0.098066106
v 0.095565401 -0.194617748 0.098123074
v 0.076970413 -0.170384288 0.099557579
v 0.092781357 -0.177372545 0.100480631
v 0.090946883 -0.151309863 0.097068809
v 0.094343185 -0.163576722 0.099413350
v 0.091963165 -0.157078609 0.092597447
v 0.096257932 -0.160423875 0.096061818
v 0.093404047 -0.175782487 0.091730066
v 0.092257179 -0.189395845 0.096061818
v 0.089930594 -0.183689997 0.099526189
v 0.087168142 -0.184336543 0.096061818
v 0.089930594 -0.183689997 0.092597447
v 0.085635826 -0.160423890 0.096061818
v 0.087550566 -0.163576722 0.099413350
v 0.087550566 -0.163576737 0.092710279
v 0.085664064 -0.161096931 0.100393571
v 0.068320863 -0.153946757 0.099526189
v 0.068320870 -0.153946742 0.092597447
v 0.075864531 -0.151758164 0.099413350
v 0.075864531 -0.151758164 0.092710286
v 0.073457666 -0.148962855 0.096061818
v 0.094257899 -0.160237029 0.092597447
v 0.094257906 -0.160237029 0.099526189
v 0.099775352 -0.161720619 0.096061826
v 0.089121103 -0.165220931 0.096061818
v 0.085664064 -0.161096931 0.091730066
v 0.062803410 -0.152463168 0.096061818
v 0.066848278 -0.156357646 0.100393571
v 0.057020135 -0.172336310 0.099526189
v 0.058664519 -0.173531026 0.092597447
v 0.054405224 -0.171235666 0.096061818
v 0.058914166 -0.165680259 0.092710279
v 0.067221060 -0.150989234 0.096061818
v 0.072661914 -0.150807247 0.092597447
v 0.074306302 -0.152001962 0.099526182
v 0.077897988 -0.147558630 0.096061818
v 0.070824087 -0.159246191 0.091730066
v 0.067022093 -0.169028372 0.097945385
v 0.055548560 -0.178319991 0.096061818
v 0.071254924 -0.183174759 0.100480631
v 0.072661929 -0.189961344 0.099526182
v 0.072661929 -0.189961344 0.092597447
v 0.075777888 -0.194750309 0.096061818
v 0.058914170 -0.175088331 0.099413358
v 0.060502347 -0.175676510 0.091730066
v 0.055511896 -0.173663050 0.096061818
v 0.054451540 -0.163167909 0.097068809
v 0.058664523 -0.167237565 0.092597447
v 0.060519345 -0.165090740 0.096061818
v 0.064409532 -0.171095744 0.099413358
v 0.075814538 -0.183535829 0.096061818
v 0.072412282 -0.182110578 0.092710279
v 0.076914705 -0.187681735 0.100393571
v 0.094257891 -0.180531561 0.099526189
v 0.099430248 -0.177782372 0.095054828
v 0.088813268 -0.184803113 0.092710279
v 0.092403509 -0.185649857 0.096061818
v 0.069187686 -0.191581964 0.096061818
v 0.075210065 -0.187580869 0.091643006
v 0.068320863 -0.186821833 0.092597447
v 0.068320863 -0.186821833 0.099526189
v 0.062803417 -0.188305423 0.096061818
v 0.089121088 -0.175547659 0.096061818
v 0.086714238 -0.178342968 0.099413350
v 0.086714230 -0.178342968 0.092710286
v 0.110284120 -0.170447513 0.036643207
v 0.108418383 -0.168735459 0.030589627
v 0.110871762 -0.169854313 0.028105156
v 0.112675726 -0.169532523 0.034087941
v 0.112675726 -0.171362519 0.030275822
v 0.109562427 -0.172226176 0.029600779
v 0.107892521 -0.171362519 0.034087937
v 0.108488597 -0.152943835 0.056436975
v 0.110880204 -0.152028844 0.053881705
v 0.109076239 -0.152350634 0.047898933
v 0.110880204 -0.153858840 0.050069593
v 0.106096998 -0.153858840 0.053881701
v 0.107766904 -0.154722497 0.049394555
v 0.106622860 -0.151231766 0.050383404
v 0.100925006 -0.145313799 0.063865677
v 0.099615671 -0.142941922 0.062370062
v 0.102728970 -0.143805578 0.061695017
v 0.100925006 -0.144127384 0.055712260
v 0.102728970 -0.145635590 0.057882916
v 0.097945765 -0.145635605 0.061695017
v 0.099615663 -0.146499261 0.057207882
v 0.097945765 -0.143805593 0.057882916
v 0.085354507 -0.139083117 0.069534391
v 0.084045172 -0.136711240 0.068038777
v 0.087158471 -0.137574911 0.067363739
v 0.084766865 -0.138489917 0.060996350
v 0.086632609 -0.140201971 0.063865446
v 0.082375266 -0.139404908 0.067363739
v 0.082375266 -0.137574911 0.063551627
v 0.073457681 -0.134525567 0.043748081
v 0.076436922 -0.134203777 0.041577429
v 0.076436922 -0.136033773 0.037765305
v 0.074767008 -0.136897430 0.042252462
v 0.074045315 -0.135118768 0.035210032
v 0.071653709 -0.136033773 0.041577421
v 0.072179571 -0.133406699 0.038079120
v 0.052645121 -0.145694137 0.040895641
v 0.055036716 -0.144779146 0.038340382
v 0.053366814 -0.143915474 0.033853207
v 0.054510858 -0.147406206 0.034842059
v 0.050253522 -0.146609142 0.038340386
v 0.050840288 -0.145733386 0.032654531
v 0.047187172 -0.156060368 0.033688441
v 0.050166417 -0.155738577 0.031517796
v 0.050166417 -0.157568574 0.027705658
v 0.048496507 -0.158432230 0.032192826
v 0.047774814 -0.156653568 0.025150392
v 0.045383215 -0.157568574 0.031517792
v 0.045909077 -0.154941499 0.028019473
v 0.043337680 -0.168834835 0.043928493
v 0.040811159 -0.167016923 0.042729817
v 0.041532852 -0.168795586 0.035687383
v 0.043924455 -0.169710591 0.038242642
v 0.039667115 -0.170507655 0.041740965
v 0.039141253 -0.167880595 0.038242646
v 0.045525368 -0.185447037 0.063617915
v 0.046113014 -0.184853822 0.055079881
v 0.047916971 -0.184532046 0.061062668
v 0.047916971 -0.186362043 0.057250530
v 0.044803675 -0.187225714 0.056575496
v 0.043133769 -0.186362043 0.061062668
v 0.043659631 -0.183734968 0.057564344
v 0.061273135 -0.196597278 0.030657325
v 0.059407398 -0.194885209 0.024603752
v 0.063664742 -0.195682287 0.028102051
v 0.061860777 -0.196004078 0.022119286
v 0.063664742 -0.197512284 0.024289951
v 0.058881536 -0.197512284 0.028102066
v 0.060551442 -0.198375955 0.023614902
v 0.070622243 -0.204664439 0.063632675
v 0.071209885 -0.204071239 0.055094626
v 0.073013850 -0.203749433 0.061077405
v 0.073013850 -0.205579430 0.057265285
v 0.069900550 -0.206443086 0.056590240
v 0.068230644 -0.205579430 0.061077412
v 0.068756506 -0.202952370 0.057579100
v 0.085339516 -0.205890551 0.046148725
v 0.084030181 -0.203518689 0.044653110
v 0.087143481 -0.204382360 0.043978065
v 0.084751874 -0.205297351 0.037610672
v 0.087143481 -0.206212357 0.040165950
v 0.082886137 -0.207009420 0.043664251
v 0.082360275 -0.204382360 0.040165946
v 0.094869584 -0.200783506 0.055130765
v 0.096178927 -0.199598044 0.048472967
v 0.097848833 -0.200461701 0.052960105
v 0.097848833 -0.202291712 0.049148005
v 0.096178919 -0.203155383 0.053635150
v 0.094869584 -0.201969922 0.046977345
v 0.093065627 -0.202291727 0.052960109
v 0.093065627 -0.200461701 0.049148001
v 0.110270731 -0.183038682 0.059810303
v 0.108404994 -0.181326613 0.053756732
v 0.112662345 -0.182123676 0.057255026
v 0.110858373 -0.182445481 0.051272254
v 0.112662338 -0.183953673 0.053442914
v 0.107879132 -0.183953673 0.057255033
v 0.109549038 -0.184817329 0.052767869
v 0.132689685 0.066517681 0.063979186
v -0.002291178 0.004386382 -0.000000017
v 0.130127132 0.072855987 0.062321190
v 0.002482397 -0.000923915 -0.004431378
v 0.133614734 0.072013035 0.055568639
v 0.135782644 0.066039577 0.057678808
v -0.000290065 -0.003204803 0.004352219
v 0.128556713 0.064211562 0.068951018
v 0.136086211 0.079271123 0.067705333
v 0.132954895 0.086566806 0.062781148
v 0.132954895 0.086566806 0.057218842
v 0.145059869 0.081552759 0.062781148
v 0.145059869 0.081552759 0.057218842
v 0.142718732 0.073492087 0.052267261
v 0.149226531 0.069054455 0.064365365
v 0.150073916 0.069447786 0.057218842
v 0.145059869 0.057342812 0.062781148
v 0.145059869 0.057342812 0.057218842
v 0.135794163 0.062593192 0.051142961
v 0.136814013 0.060131043 0.067687705
v 0.132954895 0.052328769 0.062781148
v 0.132954895 0.052328769 0.057218842
v 0.120849922 0.057342812 0.062781148
v 0.120849922 0.057342812 0.057218842
v 0.123191081 0.065403476 0.052267261
v 0.115059212 0.069447786 0.059999995
v 0.123131573 0.072579101 0.067705333
v 0.120849922 0.081552759 0.062781148
v 0.120849922 0.081552759 0.057218842
v 0.129095778 0.078764535 0.052312288
v 0.166036546 0.065118358 0.063921273
v 0.151533857 0.076388605 0.063101694
v 0.157954901 0.080447786 0.059999995
v 0.164375976 0.076388597 0.056898307
v 0.172495350 0.072159193 0.063202284
v 0.178830087 0.073227338 0.059999999
v 0.172495335 0.066736378 0.056797709
v 0.173511252 0.061669610 0.059999995
v 0.151533857 0.062506974 0.063101687
v 0.157954901 0.058447786 0.059999995
v 0.151533842 0.062506974 0.056898307
v 0.142398551 0.061669610 0.059999995
v 0.142398551 0.069447786 0.062828422
v 0.136512563 0.069447786 0.059318621
v 0.142398551 0.077225961 0.059999995
v 0.149873257 0.073777214 0.056078725
v 0.134065419 0.086875953 0.063921273
v 0.136063427 0.101475820 0.063101694
v 0.130218685 0.096623383 0.059999995
v 0.136063442 0.101475850 0.056898307
v 0.138090000 0.110422753 0.059999995
v 0.147306368 0.113617085 0.060681377
v 0.147752255 0.106215112 0.056797713
v 0.149265647 0.097186178 0.063101687
v 0.152884975 0.105615579 0.059999995
v 0.151141942 0.089825012 0.059999995
v 0.145297199 0.084972560 0.056898307
v 0.138765782 0.078557551 0.063202284
v 0.143270627 0.076025642 0.059999995
v 0.134054273 0.072831318 0.059318621
v 0.128475651 0.080832817 0.059999995
v 0.134065419 0.086875953 0.056078725
v 0.124156319 0.078670718 0.063878015
v 0.113844529 0.074752964 0.063101687
v 0.106263839 0.075243227 0.059999995
v 0.095572226 0.086993530 0.059999995
v 0.099372290 0.090495497 0.063202284
v 0.099372283 0.090495497 0.056797709
v 0.111614421 0.093531869 0.063101687
v 0.098062672 0.099470258 0.059999999
v 0.111614421 0.093531877 0.056898307
v 0.119195111 0.093041606 0.059999995
v 0.129886717 0.081291303 0.059999995
v 0.121812455 0.082894720 0.056078725
v 0.130076706 0.071538925 0.059318621
v 0.120742932 0.068705954 0.059999995
v 0.113844536 0.074752957 0.056898307
v 0.108736053 0.046500295 0.063921273
v 0.119195111 0.045853969 0.059999995
v 0.104716025 0.039316684 0.059999995
v 0.108736053 0.046500295 0.056078725
v 0.093619540 0.045540765 0.059999999
v 0.099372283 0.048400082 0.063202284
v 0.099372283 0.048400082 0.056797713
v 0.113844536 0.064142622 0.063101694
v 0.106263839 0.063652337 0.059999995
v 0.113844536 0.064142615 0.056898307
v 0.120742925 0.070189625 0.059999995
v 0.125314817 0.063896947 0.062828422
v 0.130076706 0.067356661 0.059318621
v 0.122003958 0.052912142 0.063101694
v 0.129886717 0.057604272 0.059999995
v 0.122003950 0.052912138 0.056898307
v 0.134651989 0.056814596 0.063878007
v 0.151141942 0.049070563 0.059999995
v 0.152884975 0.033279996 0.059999995
v 0.147752255 0.032680463 0.063202284
v 0.143536538 0.024649961 0.059999999
v 0.147752255 0.032680467 0.056797713
v 0.136063427 0.037419744 0.063101694
v 0.130218700 0.042272184 0.059999995
v 0.136063457 0.037419729 0.056898303
v 0.128475651 0.058062751 0.059999995
v 0.134065419 0.052019611 0.056078725
v 0.134054273 0.066064253 0.059318621
v 0.145297199 0.053923018 0.063101687
v 0.143270612 0.062869929 0.059999995
v 0.145297199 0.053923022 0.056898307
vn 0.000000017 -0.000000007 1.000000000
vn -0.000002043 0.450434566 0.892809451
vn -0.000009648 0.914307833 0.405020088
vn 0.000004780 0.914311528 -0.405011714
vn 0.000000000 0.450433195 -0.892810166
vn 0.000000003 -0.000000007 -1.000000000
vn 0.318503916 0.318506688 0.892809570
vn 0.646506429 0.646520078 0.405020148
vn 0.646513999 0.646507204 -0.405028671
vn 0.318506271 0.318506181 -0.892808795
vn 0.450434536 0.000002026 0.892809570
vn 0.914307833 0.000009595 0.405020177
vn 0.914311528 -0.000004768 -0.405011684
vn 0.450433165 0.000000000 -0.892810166
vn 0.318506718 -0.318503827 0.892809510
vn 0.646520078 -0.646506429 0.405020177
vn 0.646507204 -0.646513939 -0.405028671
vn 0.318506241 -0.318506211 -0.892808914
vn 0.000002031 -0.450434536 0.892809570
vn 0.000009638 -0.914307833 0.405020237
vn -0.000004787 -0.914311528 -0.405011743
vn 0.000000005 -0.450433195 -0.892810166
vn -0.318503857 -0.318506718 0.892809451
vn -0.646506429 -0.646520078 0.405020207
vn -0.646513939 -0.646507204 -0.405028641
vn -0.318506211 -0.318506211 -0.892808795
vn -0.450434536 -0.000002026 0.892809570
vn -0.914307833 -0.000009595 0.405020177
vn -0.914311528 0.000004768 -0.405011684
vn -0.450433165 0.000000000 -0.892810166
vn -0.318506747 0.318503797 0.892809510
vn -0.646520078 0.646506429 0.405020177
vn -0.646507263 0.646513939 -0.405028671
vn -0.318506271 0.318506181 -0.892808795
vn -0.447152615 0.847622871 0.285639733
vn 0.411756396 0.842607737 -0.347086251
vn 0.362596840 0.190155506 0.912340045
vn 0.981360435 -0.191133916 0.019987695
vn 0.087127052 0.060386602 -0.994365275
vn -0.710583627 -0.174633294 -0.681596756
vn 0.160969168 -0.962610483 -0.217875987
vn -0.975290775 0.216015980 -0.046314593
vn -0.458737344 -0.579953790 0.673211455
vn -0.218406677 0.216338888 0.951575637
vn -0.221262366 0.222870186 0.949406147
vn -0.201768145 0.192360654 0.960357785
vn -0.202828512 0.194761470 0.959650218
vn -0.166222185 0.138926432 0.976252854
vn -0.166221589 0.138924643 0.976253211
vn -0.125132039 0.076878801 0.989157021
vn -0.125133559 0.076879442 0.989156783
vn -0.076871604 0.004795379 0.997029543
vn -0.076872990 0.004795884 0.997029364
vn -0.027663320 -0.067860208 0.997311234
vn -0.027663793 -0.067860298 0.997311175
vn 0.015501152 -0.130906567 0.991273522
vn 0.015501523 -0.130907819 0.991273403
vn 0.054183584 -0.186864197 0.980890334
vn 0.055459630 -0.189499781 0.980313241
vn 0.082286350 -0.227954209 0.970188558
vn 0.084876701 -0.233276919 0.968699098
vn 0.107760377 -0.265824527 0.957979739
vn 0.532060266 -0.568866014 0.627139032
vn -0.331742853 0.704662263 -0.627214313
vn 0.402884036 -0.809395432 -0.427274615
vn -0.603052616 0.673670709 0.427194864
vn 0.102782153 0.320805520 0.941551745
vn 0.105443977 0.332133889 0.937319934
vn 0.102023907 0.281598359 0.954093039
vn 0.103021480 0.285815537 0.952730775
vn 0.096940674 0.190397963 0.976908982
vn 0.096940905 0.190402552 0.976908088
vn 0.088847175 0.079215206 0.992890298
vn 0.088847123 0.079215847 0.992890239
vn 0.077956185 -0.052032422 0.995598018
vn 0.077956133 -0.052038010 0.995597839
vn 0.065527819 -0.184237838 0.980694890
vn 0.065527402 -0.184238091 0.980694950
vn 0.053801965 -0.296235740 0.953598320
vn 0.053800467 -0.296238720 0.953597546
vn 0.042203616 -0.389926434 0.919878423
vn 0.042476639 -0.394925803 0.917730510
vn 0.032636683 -0.453681469 0.890566111
vn 0.033156056 -0.463408828 0.885524094
vn 0.024799103 -0.514566958 0.857091486
vn 0.585457027 0.754642665 -0.296233982
vn 0.342536658 -0.804116607 0.485865325
vn -0.444302261 0.895096421 0.037391100
vn -0.485327452 -0.844297409 -0.227198735
vn -0.287364304 0.130640224 0.948870301
vn -0.297315747 0.135485530 0.945117474
vn -0.250364512 0.121425979 0.960506856
vn -0.254059285 0.123225771 0.959306657
vn -0.165660352 0.097393051 0.981361985
vn -0.165666223 0.097393855 0.981360912
vn -0.063545622 0.067021012 0.995725989
vn -0.063551828 0.067021377 0.995725513
vn 0.056511272 0.030607916 0.997932673
vn 0.056505103 0.030609090 0.997932971
vn 0.177296281 -0.006792464 0.984134078
vn 0.177294001 -0.006792761 0.984134495
vn 0.279881418 -0.039188635 0.959234416
vn 0.279877633 -0.039187554 0.959235549
vn 0.370941430 -0.068472736 0.926128566
vn 0.367510319 -0.066667505 0.927626908
vn 0.434766591 -0.088653982 0.896168828
vn 0.428072572 -0.085056432 0.899732888
vn 0.482471585 -0.103116862 0.869820714
vn -0.800775111 0.472206593 0.368483573
vn 0.633657277 -0.530266643 0.563290179
vn -0.781097770 0.014378401 -0.624243200
vn 0.949998736 0.044591978 -0.309053242
vn -0.889636874 0.374819338 0.260877132
vn 0.053026460 -0.104215488 0.993140221
vn 0.261703879 0.696149766 0.668495774
vn -0.348130018 0.731422424 -0.586367369
vn 0.701973975 0.712117195 0.011026622
vn -0.064770691 -0.002343305 -0.997897446
vn 0.940765500 -0.071293116 -0.331477851
vn -0.260928571 -0.695284426 -0.669698298
vn -0.743285835 -0.664654195 0.075901106
vn 0.511929929 -0.795542240 0.324099451
vn -0.293295890 -0.056562040 0.954347014
vn -0.300859988 -0.055475339 0.952053487
vn -0.262763143 -0.054947328 0.963294506
vn -0.265549570 -0.054555956 0.962552428
vn -0.195207953 -0.052792098 0.979340017
vn -0.195208997 -0.052791927 0.979339778
vn -0.116548114 -0.050529130 0.991898835
vn -0.116549037 -0.050529305 0.991898775
vn -0.024830427 -0.047518060 0.998561740
vn -0.024827955 -0.047518186 0.998561740
vn 0.067821354 -0.044076394 0.996723473
vn 0.067821778 -0.044076432 0.996723413
vn 0.148229226 -0.040761866 0.988112628
vn 0.148221999 -0.040762190 0.988113761
vn 0.219363019 -0.037569195 0.974919677
vn 0.222429931 -0.037911516 0.974211335
vn 0.271215469 -0.035548151 0.961861968
vn 0.277395606 -0.036233138 0.960072339
vn 0.318578631 -0.034107231 0.947282553
vn -0.882378340 0.435813099 0.177413315
vn 0.806673288 0.572108030 0.148224726
vn -0.782056749 -0.496457279 -0.376719207
vn 0.857761562 -0.511526108 0.050854433
vn -0.359806836 0.242470115 0.900970280
vn -0.367990792 0.251608312 0.895140231
vn -0.327513456 0.219859704 0.918910563
vn -0.330600053 0.223273113 0.916980147
vn -0.252183378 0.163424060 0.953779936
vn -0.252182066 0.163426608 0.953779757
vn -0.158204094 0.092103697 0.983101487
vn -0.158203915 0.092103705 0.983101428
vn -0.044939067 0.006674929 0.998967409
vn -0.044942591 0.006675053 0.998967350
vn 0.071009561 -0.080211475 0.994245410
vn 0.071004279 -0.080211096 0.994245768
vn 0.170093223 -0.154003903 0.973319650
vn 0.170093775 -0.154005811 0.973319232
vn 0.253072560 -0.215461373 0.943149269
vn 0.256385744 -0.218915954 0.941457510
vn 0.310929477 -0.259107411 0.914432228
vn 0.317327082 -0.265829295 0.910295725
vn 0.361158818 -0.297895908 0.883641541
vn -0.591524601 0.717152476 0.368498325
vn 0.469410270 -0.625584185 0.623135924
vn -0.729554176 0.279926389 -0.624012768
vn 0.851788461 -0.371715218 -0.369167149
vn -0.329776108 -0.190718010 0.924594164
vn -0.339515924 -0.196966171 0.919746399
vn -0.302339852 -0.163232282 0.939119756
vn -0.305977911 -0.165561408 0.937532425
vn -0.235733122 -0.101303816 0.966523349
vn -0.235726997 -0.101301894 0.966525078
vn -0.152563214 -0.026615530 0.987935305
vn -0.152562857 -0.026615240 0.987935305
vn -0.052780800 0.061176565 0.996730506
vn -0.052787431 0.061173875 0.996730268
vn 0.049393579 0.149124131 0.987584054
vn 0.049391624 0.149123907 0.987584174
vn 0.137250066 0.223173350 0.965067923
vn 0.137252927 0.223175779 0.965066969
vn 0.211900339 0.284899533 0.934842527
vn 0.215779468 0.287109286 0.933277845
vn 0.265372276 0.327450603 0.906837225
vn 0.272997171 0.331673980 0.903030992
vn 0.313297927 0.364062011 0.877099395
vn -0.823489070 -0.430829495 0.369122803
vn 0.313170254 0.817451835 0.483421922
vn -0.425432205 -0.655179739 -0.624297261
vn 0.935854912 0.268524140 -0.228189200
vn -0.872193456 -0.371714562 0.317973346
vn 0.155439675 0.015634730 0.987721741
vn -0.294953257 0.702117622 0.648099840
vn -0.794967115 0.223614514 -0.563935995
vn -0.032380570 0.998790920 -0.036988076
vn -0.086513273 -0.097736135 -0.991444945
vn 0.684373856 0.614420533 -0.392580956
vn 0.294807196 -0.700984001 -0.649392128
vn -0.026652426 -0.991639495 0.126256615
vn 0.942669868 -0.162336826 0.291582316
vn -0.301684231 -0.268477827 0.914825916
vn -0.307457775 -0.273318112 0.911464155
vn -0.283019811 -0.244925976 0.927313924
vn -0.285160005 -0.246720374 0.926181853
vn -0.239956513 -0.193607494 0.951281786
vn -0.239960596 -0.193608806 0.951280534
vn -0.188549951 -0.133767724 0.972910643
vn -0.188553244 -0.133768216 0.972909987
vn -0.127605557 -0.063537017 0.989787877
vn -0.127606407 -0.063537478 0.989787698
vn -0.065017410 0.007832079 0.997853398
vn -0.065017752 0.007832262 0.997853398
vn -0.009917713 0.070053600 0.997493923
vn -0.009920085 0.070052139 0.997494042
vn 0.041274924 0.127922222 0.990924954
vn 0.039955489 0.125890538 0.991239190
vn 0.079019941 0.170973912 0.982101738
vn 0.076344341 0.166871756 0.983018577
vn 0.107848473 0.202767000 0.973269880
vn 0.879748106 0.289383739 0.377227217
vn -0.598057747 -0.497539669 -0.628316224
vn 0.221790686 0.959282160 -0.174890429
vn -0.503208339 -0.751480341 0.426683575
vn -0.533014238 -0.113759108 0.838423908
vn -0.544383585 -0.118083648 0.830483556
vn -0.484904498 -0.106202334 0.868094862
vn -0.489308864 -0.107851095 0.865416110
vn -0.369862437 -0.088520929 0.924859941
vn -0.369862705 -0.088521354 0.924859762
vn -0.211263508 -0.063351564 0.975373983
vn -0.211261660 -0.063350968 0.975374460
vn -0.012530019 -0.030690512 0.999450386
vn -0.012530289 -0.030690268 0.999450445
vn 0.190982208 0.003972161 0.981585503
vn 0.190979406 0.003971938 0.981586099
vn 0.357185096 0.033239853 0.933441997
vn 0.357187152 0.033240430 0.933441222
vn 0.489030212 0.057168778 0.870391428
vn 0.482996821 0.057288852 0.873746037
vn 0.573697746 0.074209861 0.815698326
vn 0.562667191 0.074522004 0.823317707
vn 0.630153239 0.087129585 0.771566808
vn -0.936202526 0.317842364 0.150003150
vn 0.716438234 0.244184509 0.653521419
vn -0.696125448 -0.595176041 -0.401466042
vn 0.915552557 0.033977762 -0.400760680
vn 0.030106001 -0.589656293 0.807092965
vn 0.025942618 -0.602793455 0.797475398
vn 0.031492453 -0.549820304 0.834689200
vn 0.029964743 -0.554859042 0.831404567
vn 0.038732395 -0.448755860 0.892814696
vn 0.038732614 -0.448760271 0.892812431
vn 0.048446536 -0.313003600 0.948515534
vn 0.048446309 -0.313002408 0.948516011
vn 0.058624487 -0.142901689 0.987999141
vn 0.058623962 -0.142899200 0.987999499
vn 0.067147404 0.034873337 0.997133493
vn 0.067147166 0.034873165 0.997133434
vn 0.072755121 0.186305314 0.979794383
vn 0.072755180 0.186308086 0.979793847
vn 0.076269582 0.315037400 0.946009755
vn 0.075127222 0.309430748 0.947949708
vn 0.076914556 0.402435511 0.912211418
vn 0.074745499 0.391753286 0.917029202
vn 0.075852640 0.464452803 0.882343471
vn -0.445849419 -0.754225552 -0.482039511
vn -0.506641150 0.844199836 0.175047278
vn 0.369771242 -0.899880946 0.231265023
vn 0.581525207 0.810064375 0.074995637
vn 0.195795476 -0.973959863 0.114307567
vn 0.418691278 -0.017725421 0.907955647
vn -0.532362878 -0.831036448 -0.161146671
vn -0.637925506 -0.065272495 0.767327011
vn -0.613310039 -0.187243074 -0.767327189
vn -0.812994719 0.559527814 0.161146387
vn 0.379046738 0.178718805 -0.907955468
vn -0.197257102 0.973664939 -0.114307426
vn 0.603455484 0.768646002 0.212190911
vn 0.854325891 -0.474449337 -0.212191224
vn 0.084909432 -0.396338016 0.914169908
vn 0.088058241 -0.404328734 0.910364866
vn 0.076553620 -0.355343521 0.931595743
vn 0.077725403 -0.358343273 0.930348814
vn 0.058584470 -0.265514642 0.962325275
vn 0.058584765 -0.265512675 0.962325752
vn 0.036484584 -0.155366600 0.987182856
vn 0.036485169 -0.155366585 0.987182975
vn 0.010055279 -0.024082981 0.999659419
vn 0.010054444 -0.024078030 0.999659598
vn -0.016860066 0.109136179 0.993883789
vn -0.016859604 0.109136164 0.993883908
vn -0.039901499 0.222796768 0.974048018
vn -0.039899953 0.222792789 0.974048972
vn -0.060337842 0.323298097 0.944371641
vn -0.060207289 0.319052577 0.945822716
vn -0.075337276 0.393348187 0.916297793
vn -0.075119987 0.385056078 0.919830859
vn -0.087277055 0.445009202 0.891262889
vn -0.285226226 -0.941995561 0.176890880
vn 0.298290789 0.876885414 0.376954377
vn -0.631817281 0.754794002 -0.176331773
vn 0.618647039 -0.689899743 -0.375917733
vn -0.326043457 -0.497755438 0.803701043
vn -0.328483135 -0.509400666 0.795367718
vn -0.306752354 -0.454921901 0.836031735
vn -0.307766169 -0.459422022 0.833193481
vn -0.258664161 -0.352680027 0.899282932
vn -0.258661658 -0.352677286 0.899284661
vn -0.189759761 -0.211124822 0.958862722
vn -0.189759821 -0.211125076 0.958862603
vn -0.099734522 -0.032899857 0.994470000
vn -0.099737525 -0.032906312 0.994469583
vn -0.003554976 0.150522575 0.988600254
vn -0.003553437 0.150521934 0.988600314
vn 0.078150779 0.301052809 0.950399756
vn 0.078148395 0.301049501 0.950401008
vn 0.145303011 0.421003670 0.895345151
vn 0.141208783 0.416244984 0.898220599
vn 0.188752130 0.499106228 0.845733821
vn 0.181025967 0.490454644 0.852457523
vn 0.217382878 0.552155018 0.804903388
vn -0.008629420 0.875386536 0.483346641
vn -0.537372053 -0.567029297 -0.624266863
vn -0.224761948 -0.902060986 0.368467212
vn 0.771554112 0.593529344 -0.228969693
vn 0.336214602 -0.181950226 0.924042165
vn 0.344145745 -0.186762780 0.920154035
vn 0.303203166 -0.153138161 0.940540493
vn 0.306186318 -0.154942870 0.939277709
vn 0.230296150 -0.089801081 0.968968213
vn 0.230298221 -0.089803405 0.968967557
vn 0.139407769 -0.012323866 0.990158379
vn 0.139403164 -0.012323704 0.990159094
vn 0.030143891 0.078814037 0.996433556
vn 0.030140687 0.078814380 0.996433556
vn -0.081429213 0.169718251 0.982122779
vn -0.081429228 0.169719234 0.982122600
vn -0.176566303 0.245490536 0.953183472
vn -0.176567510 0.245492458 0.953182757
vn -0.260239631 0.309906304 0.914458036
vn -0.256927997 0.308165580 0.915981412
vn -0.320060849 0.354061931 0.878749788
vn -0.313617736 0.350789547 0.882377863
vn -0.361504734 0.385395288 0.848990440
vn 0.333118558 -0.810411632 -0.481938809
vn -0.979003608 0.104443029 0.175053179
vn 0.940883636 -0.247312352 0.231462076
vn -0.295915097 0.952264011 0.075016692
vn 0.355087608 -0.933364809 0.052373104
vn 0.203329980 -0.053687934 0.977637291
vn -0.574236512 -0.395841122 0.716632545
vn -0.401831001 -0.650537610 -0.644463122
vn -0.983819127 0.015490306 0.178493872
vn -0.117927000 0.118434981 -0.985934258
vn -0.622815669 0.775089741 -0.106473126
vn 0.573052883 0.395983160 -0.717501104
vn 0.990500391 -0.091429979 -0.102710463
vn 0.298218727 0.853952229 0.426416725
vn 0.218689397 -0.286527723 0.932779074
vn 0.223405108 -0.292945474 0.929662883
vn 0.195508033 -0.265496552 0.944080591
vn 0.197255373 -0.267870277 0.943046033
vn 0.145120844 -0.217156842 0.965289056
vn 0.145120278 -0.217155173 0.965289533
vn 0.086502805 -0.159620434 0.983381271
vn 0.086502194 -0.159621611 0.983381152
vn 0.017988998 -0.091714732 0.995622873
vn 0.017988706 -0.091717184 0.995622575
vn -0.051261809 -0.022370735 0.998434722
vn -0.051266063 -0.022370508 0.998434424
vn -0.111263730 0.038290687 0.993053019
vn -0.111264221 0.038288761 0.993053019
vn -0.163504958 0.092419505 0.982204080
vn -0.166591391 0.094716541 0.981466293
vn -0.199846670 0.131468669 0.970967293
vn -0.206059441 0.136101678 0.969028354
vn -0.236357570 0.169116899 0.956835806
vn 0.634730995 -0.635545075 0.439544141
vn -0.776977956 0.325659275 0.538749814
vn 0.541061878 -0.542992592 -0.642192423
vn -0.397857487 0.853838921 -0.335661471
vn 0.006514451 -0.346133292 0.938162744
vn 0.005748371 -0.358421445 0.933542192
vn 0.000293497 -0.306350470 0.951918781
vn 0.000012797 -0.310937047 0.950430512
vn -0.011121487 -0.212205499 0.977161765
vn -0.011121203 -0.212208331 0.977161169
vn -0.023772560 -0.095951721 0.995102108
vn -0.023772817 -0.095951326 0.995102108
vn -0.038174074 0.041987378 0.998388588
vn -0.038173415 0.041982308 0.998388827
vn -0.052040301 0.181168079 0.982074320
vn -0.052039597 0.181166276 0.982074738
vn -0.063213222 0.298778534 0.952226579
vn -0.063212395 0.298774689 0.952227831
vn -0.071154885 0.396477968 0.915282667
vn -0.072529182 0.401544482 0.912963033
vn -0.075090848 0.462788045 0.883282900
vn -0.077785626 0.472587764 0.877844036
vn -0.080448844 0.525419414 0.847031653
vn -0.427296370 -0.903219759 0.040146586
vn 0.383713305 0.830019653 0.404761076
vn -0.559189677 0.815638185 -0.148462966
vn 0.602063835 -0.742223263 -0.294319212
vn 0.429350615 -0.072693542 0.900207579
vn 0.440594196 -0.071592331 0.894847095
vn 0.381598026 -0.068431035 0.921791911
vn 0.385869533 -0.068041213 0.920040905
vn 0.272534102 -0.057794698 0.960408747
vn 0.272533268 -0.057794187 0.960408986
vn 0.131220520 -0.043420542 0.990401864
vn 0.131217360 -0.043420404 0.990402341
vn -0.040105999 -0.025170267 0.998878360
vn -0.040103070 -0.025170926 0.998878539
vn -0.213360727 -0.005814399 0.976956189
vn -0.213355765 -0.005814593 0.976957262
vn -0.356680393 0.010925774 0.934162676
vn -0.356673867 0.010925349 0.934165061
vn -0.475179762 0.024501530 0.879547596
vn -0.470794916 0.024792569 0.881894350
vn -0.555809736 0.033010900 0.830653965
vn -0.547619045 0.033606637 0.836052656
vn -0.609315813 0.040055551 0.791915357
vn 0.771725953 -0.631018102 -0.079090625
vn -0.830736279 -0.382332563 0.404597431
vn 0.873726010 0.453194618 -0.176685140
vn -0.814723969 0.560382247 -0.148985356
vn 0.864262938 -0.476506621 0.161217570
vn 0.045319278 -0.002581022 0.998969197
vn -0.313929826 -0.720357299 0.618492901
vn 0.196151212 -0.760915279 -0.618492305
vn -0.045141265 0.004610690 -0.998969972
vn -0.928705513 -0.333941728 -0.161211044
vn 0.263340414 0.667472005 -0.696514904
vn -0.716719687 0.697288394 0.010093855
vn 0.817899823 0.575272381 -0.010084703
vn -0.154554725 0.700699508 0.696514904
vn 0.425754875 -0.019388497 0.904630780
vn 0.437386066 -0.022598693 0.898989856
vn 0.386485487 -0.017677888 0.922126055
vn 0.390850186 -0.018860942 0.920261085
vn 0.293504685 -0.010647986 0.955898345
vn 0.293502629 -0.010647756 0.955898941
vn 0.177896902 -0.001082140 0.984048605
vn 0.177898869 -0.001082124 0.984048188
vn 0.039383579 0.010132174 0.999172807
vn 0.039381649 0.010132543 0.999172866
vn -0.101544335 0.021277079 0.994603455
vn -0.101542771 0.021277059 0.994603634
vn -0.221705779 0.030566130 0.974634469
vn -0.221701473 0.030565837 0.974635363
vn -0.322333574 0.038185336 0.945855677
vn -0.326858252 0.039316360 0.944255292
vn -0.393076748 0.044230122 0.918441296
vn -0.401862592 0.046461035 0.914520562
vn -0.455081433 0.050272454 0.889029562
vn 0.755401254 -0.471262395 -0.455280930
vn -0.867615461 -0.474644840 0.148174852
vn 0.905080378 0.337544024 0.258637875
vn -0.793003917 0.607317150 0.048071444
vn 0.299390167 -0.289981633 0.908997357
vn 0.307745486 -0.301562935 0.902414858
vn 0.266743511 -0.261976480 0.927478433
vn 0.269908220 -0.266327232 0.925321162
vn 0.189462095 -0.190383494 0.963253975
vn 0.189459130 -0.190381229 0.963255107
vn 0.091202691 -0.097418278 0.991055965
vn 0.091199450 -0.097417824 0.991056204
vn -0.027245943 0.014921413 0.999517381
vn -0.027249319 0.014921460 0.999517381
vn -0.147024199 0.128820822 0.980708480
vn -0.147024900 0.128820419 0.980708361
vn -0.246769935 0.223913476 0.942850649
vn -0.246770173 0.223915920 0.942850113
vn -0.326709002 0.300302953 0.896147013
vn -0.329737842 0.304517388 0.893611848
vn -0.380521268 0.353153020 0.854685128
vn -0.386169732 0.361168981 0.848781466
vn -0.425435066 0.398684353 0.812438190
vn 0.277623087 -0.831072569 -0.481916845
vn -0.969692349 0.170451134 0.175051734
vn 0.921997726 -0.310408920 0.231444538
vn -0.230918944 0.970075905 0.075028419
vn 0.416450858 0.291332930 0.861216486
vn 0.428488404 0.296426564 0.853539109
vn 0.384484947 0.267162442 0.883626461
vn 0.389030308 0.269116849 0.881040096
vn 0.303808361 0.210873038 0.929103374
vn 0.303810626 0.210874021 0.929102480
vn 0.198863983 0.139097542 0.970105648
vn 0.198865741 0.139097154 0.970105410
vn 0.070463128 0.051207080 0.996199191
vn 0.070464574 0.051207174 0.996199071
vn -0.061912581 -0.039481241 0.997300386
vn -0.061913189 -0.039481293 0.997300327
vn -0.174661830 -0.116783820 0.977678239
vn -0.174658194 -0.116781615 0.977679193
vn -0.271384299 -0.184041053 0.944711268
vn -0.268313676 -0.181038529 0.946167469
vn -0.338741452 -0.232054174 0.911814272
vn -0.332875699 -0.226247028 0.915426731
vn -0.385855019 -0.264287829 0.883893549
vn -0.547248304 -0.522392929 0.653930426
vn 0.684266508 0.322410047 -0.654087961
vn -0.817936122 -0.414015323 -0.399464607
vn 0.680849969 0.613973200 0.399349689
vn 0.987297654 0.020554211 -0.157546103
vn 0.388577402 -0.180683002 0.903527200
vn 0.204650313 -0.376503080 -0.903528452
vn 0.041287415 -0.986648381 0.157545045
vn -0.455507636 0.545634151 -0.703417480
vn -0.921353877 -0.386560559 -0.040962663
vn 0.328125179 0.943745732 0.040962502
vn -0.573078036 0.420459062 0.703417182
vn 0.237850234 0.178310916 0.954794407
vn 0.245179489 0.184072122 0.951842666
vn 0.215339348 0.151854858 0.964660048
vn 0.218051374 0.153984398 0.963712871
vn 0.162908927 0.093779393 0.982174158
vn 0.162910879 0.093781017 0.982173681
vn 0.100073427 0.025866440 0.994643807
vn 0.100072376 0.025866749 0.994643867
vn 0.026144739 -0.053136401 0.998244941
vn 0.026147850 -0.053134274 0.998245001
vn -0.048772309 -0.132232368 0.990018189
vn -0.048771705 -0.132232249 0.990018129
vn -0.113513730 -0.199800983 0.973239064
vn -0.113514744 -0.199799091 0.973239303
vn -0.172112688 -0.260949016 0.949885666
vn -0.170546621 -0.258700281 0.950782835
vn -0.214435548 -0.305513948 0.927727699
vn -0.211325079 -0.301051497 0.929897726
vn -0.246035472 -0.337534517 0.908590674
vn -0.887913346 -0.263245672 0.377242357
vn 0.612633049 0.479874998 -0.628013372
vn -0.250196844 -0.952286184 -0.174793378
vn 0.525088310 0.736266553 0.426841766
vn 0.524775922 0.063617349 0.848859966
vn 0.535758436 0.067641214 0.841657698
vn 0.477585018 0.056533780 0.876764774
vn 0.481814504 0.058048181 0.874348462
vn 0.366393745 0.040685035 0.929570019
vn 0.366394818 0.040685464 0.929569542
vn 0.216285869 0.019546943 0.976134479
vn 0.216285825 0.019547004 0.976134419
vn 0.029631184 -0.006377293 0.999540567
vn 0.029631026 -0.006377474 0.999540567
vn -0.161882460 -0.032586083 0.986271858
vn -0.161884144 -0.032586344 0.986271679
vn -0.320329756 -0.053961027 0.945767999
vn -0.320328832 -0.053960543 0.945768356
vn -0.449393123 -0.071138903 0.890497088
vn -0.443553925 -0.071499214 0.893391252
vn -0.533949673 -0.083414853 0.841391504
vn -0.523108542 -0.084206790 0.848095894
vn -0.591689348 -0.092973880 0.800786972
vn -0.841498375 0.358013988 0.404606640
vn 0.886598289 -0.427496552 -0.176607490
vn -0.798093855 -0.583823383 -0.148984551
vn 0.753029883 0.653232932 -0.078947790
vn 0.103824861 0.515437484 0.850614369
vn 0.107801899 0.531498969 0.840171278
vn 0.105297104 0.469698548 0.876524866
vn 0.106819101 0.475876361 0.873001337
vn 0.102225840 0.349656612 0.931284070
vn 0.102225691 0.349659979 0.931282878
vn 0.093700707 0.182404295 0.978748620
vn 0.093700409 0.182403222 0.978748858
vn 0.079616860 -0.026913512 0.996462166
vn 0.079616114 -0.026922025 0.996461987
vn 0.061573833 -0.239626125 0.968910694
vn 0.061573669 -0.239628166 0.968910217
vn 0.044093031 -0.410852790 0.910634816
vn 0.044093926 -0.410848588 0.910636663
vn 0.027763397 -0.536807179 0.843248069
vn 0.028355170 -0.543667853 0.838821352
vn 0.014536388 -0.615281641 0.788173318
vn 0.015636474 -0.627636254 0.778349698
vn 0.004930318 -0.683404624 0.730023205
vn -0.525424123 -0.748337567 0.404870808
vn 0.172925979 0.735161662 -0.655464649
vn 0.405945301 -0.902027607 -0.146814942
vn -0.054599848 0.915477157 0.398648322
vn 0.172790498 0.975900829 0.133270040
vn -0.399414480 0.124559171 0.908269346
vn 0.839574575 0.350343198 -0.415179700
vn 0.631534994 -0.108070925 0.767778754
vn 0.635737836 -0.755384803 0.158843800
vn 0.094803914 -0.161785826 -0.982261479
vn -0.067327209 -0.990674019 -0.118457273
vn -0.674924612 0.189817235 -0.713054180
vn -0.785115540 -0.583042562 0.208937958
vn -0.636514604 0.754542112 -0.159735247
vn 0.014237365 0.210477456 0.977495074
vn 0.013785638 0.215432480 0.976421416
vn 0.012208569 0.179407910 0.983699083
vn 0.012044271 0.181230500 0.983366966
vn 0.007853669 0.115325630 0.993296683
vn 0.007853721 0.115323514 0.993296921
vn 0.002872886 0.042033520 0.999112070
vn 0.002872738 0.042033426 0.999112070
vn -0.002886483 -0.042712845 0.999083221
vn -0.002886553 -0.042712420 0.999083221
vn -0.008666616 -0.127760753 0.991767168
vn -0.008666229 -0.127759933 0.991767228
vn -0.013665709 -0.201317996 0.979430616
vn -0.013665428 -0.201319292 0.979430437
vn -0.018302230 -0.269537568 0.962815881
vn -0.017743163 -0.267123103 0.963499069
vn -0.021287397 -0.318971157 0.947525322
vn -0.020149078 -0.314104408 0.949174643
vn -0.023125403 -0.357355714 0.933682024
vn 0.597306311 0.787532330 -0.151717439
vn 0.353760988 -0.815271318 0.458460480
vn -0.483865172 0.873615086 -0.051683713
vn -0.468343407 -0.845837831 -0.255367905
vn 0.326592475 0.375022829 0.867580116
vn 0.331475854 0.382712483 0.862354398
vn 0.297780454 0.344266623 0.890397310
vn 0.299642026 0.347174197 0.888642013
vn 0.232949287 0.275479019 0.932655334
vn 0.232952431 0.275481194 0.932653904
vn 0.151060313 0.188186571 0.970446587
vn 0.151061893 0.188187301 0.970446229
vn 0.051754970 0.081777751 0.995305896
vn 0.051755119 0.081781603 0.995305657
vn -0.050284307 -0.028148595 0.998338223
vn -0.050289392 -0.028148586 0.998337984
vn -0.137521282 -0.122597232 0.982882380
vn -0.137526065 -0.122599155 0.982881486
vn -0.213964984 -0.205736145 0.954930246
vn -0.210155442 -0.202792168 0.956404746
vn -0.266363680 -0.264136434 0.926974833
vn -0.258932233 -0.258433819 0.930680454
vn -0.304003745 -0.307624906 0.901636660
vn -0.418304712 -0.630111933 0.654201865
vn 0.596286476 0.465197712 -0.654242694
vn -0.706497729 -0.584030926 -0.399711043
vn 0.528515518 0.748939693 0.399700820
vn -0.237113863 0.452538967 0.859642625
vn -0.244142234 0.467216045 0.849766791
vn -0.207309380 0.418158174 0.884401798
vn -0.210008428 0.423780620 0.881082535
vn -0.135059386 0.324819088 0.936083078
vn -0.135063678 0.324819773 0.936082304
vn -0.038918231 0.194131449 0.980203211
vn -0.038918678 0.194129586 0.980203629
vn 0.078180537 0.029654864 0.996498108
vn 0.078183196 0.029655837 0.996497869
vn 0.194466516 -0.139585540 0.970926762
vn 0.194468066 -0.139584988 0.970926464
vn 0.286594868 -0.278473556 0.916687429
vn 0.286595583 -0.278476655 0.916686296
vn 0.357595563 -0.389188915 0.848915458
vn 0.355485290 -0.383586109 0.852345049
vn 0.403127640 -0.460039943 0.791107655
vn 0.399517238 -0.449711591 0.798840046
vn 0.434046030 -0.506877303 0.744768083
vn -0.067265600 0.996914089 0.040468000
vn 0.037500575 -0.954631388 0.295419574
vn 0.916927755 -0.397036403 -0.040069334
vn -0.887410879 0.354867756 -0.294229388
vn 0.378603011 0.910275340 0.167507172
vn 0.505258620 -0.129981011 0.853122890
vn 0.236457229 0.465047657 -0.853122890
vn 0.933303535 -0.317625523 -0.167506739
vn -0.826529026 0.091442242 -0.555417001
vn -0.003629250 -0.860878050 -0.508798301
vn -0.648369312 0.566340387 0.508798480
vn -0.477743745 -0.680641532 0.555417001
vn -0.004764961 0.006767721 0.999965787
vn -0.600863516 -0.004240039 0.799340367
vn -0.355634749 -0.572832465 0.738503218
vn 0.103907786 -0.588513136 0.801782787
vn 0.536882222 -0.301334292 0.788007021
vn 0.562102079 0.218901023 0.797573686
vn -0.338136673 0.484707564 0.806673646
vn -0.739107966 0.108418353 0.664804459
vn -0.674721301 -0.357061833 0.645955145
vn 0.055039823 -0.791978419 0.608063221
vn 0.392966896 -0.643166780 0.657201290
vn 0.675928414 -0.283913553 0.680083811
vn 0.728560507 0.111327671 0.675874114
vn 0.565236926 0.481817991 0.669595897
vn 0.209786713 0.628167748 0.749262869
vn -0.061705854 0.762236416 0.644350827
vn -0.376551121 0.656324804 0.653794348
vn -0.612240851 0.410774946 0.675592482
vn -0.772429764 -0.130160987 0.621619225
vn -0.542680144 -0.556310534 0.629298747
vn -0.825550556 -0.123189874 0.550718188
vn -0.666866660 -0.502897322 0.549893856
vn -0.218585864 -0.800433040 0.558146179
vn 0.310718507 -0.784468949 0.536714554
vn 0.678369403 -0.515648544 0.523375273
vn 0.846374214 -0.117649309 0.519431889
vn 0.789700210 0.315210074 0.526323259
vn 0.512995958 0.678178370 0.526221693
vn 0.098500229 0.834502399 0.542128623
vn -0.323093385 0.781496942 0.533735156
vn -0.665966213 0.527642965 0.527334750
vn -0.815323532 0.244071200 0.525049269
vn -0.474428952 -0.818053722 0.325123459
vn -0.109267272 -0.937759161 0.329648972
vn 0.933396876 -0.106510878 0.342674494
vn 0.670396447 0.667734444 0.323572814
vn 0.338999897 0.834771752 0.433860987
vn -0.016598819 0.942833126 0.332851678
vn -0.735328674 0.588849068 0.335482597
vn -0.929815352 0.134419724 0.342599988
vn -0.907861233 -0.244257540 0.340773106
vn -0.739901900 -0.577976584 0.344221145
vn 0.353977293 -0.869267344 0.345071644
vn 0.740819454 -0.579595506 0.339493126
vn 0.872991562 0.355770260 0.333636463
vn 0.364681542 0.858162522 0.361337125
vn -0.366673440 0.869507134 0.330919862
vn -0.996965528 -0.004212658 0.077730015
vn -0.712065160 -0.699929357 0.055335879
vn 0.031045310 -0.997259796 0.067150041
vn 0.392966330 -0.914537430 0.095909961
vn 0.965347290 0.252846718 0.064600714
vn 0.115568876 0.988521874 0.097305261
vn -0.907183588 -0.408905566 0.099066466
vn -0.487292618 -0.872790873 0.027965611
vn -0.262615263 -0.963856578 0.044876538
vn 0.707102656 -0.706908941 0.016897902
vn 0.919236422 -0.380305499 0.101843864
vn 0.999372303 -0.018857200 0.029989179
vn 0.866802394 0.498298496 0.018764440
vn 0.704214871 0.709868133 0.012988261
vn 0.490426123 0.870257020 0.046207301
vn -0.226555809 0.973556399 0.029331870
vn -0.515136778 0.855206013 0.057068132
vn -0.715624452 0.696595252 0.051349729
vn -0.920982778 0.379607290 0.087686993
vn -0.965799212 -0.246087864 -0.081686497
vn -0.954871058 0.011086914 -0.296813518
vn -0.815752506 -0.491069674 -0.305611461
vn 0.227761999 -0.919930339 -0.319143414
vn 0.459834456 -0.825596929 -0.327020139
vn 0.825203538 -0.464455396 -0.321434826
vn 0.921603441 -0.221953481 -0.318408102
vn 0.244101495 0.920055568 -0.306451172
vn -0.034574401 0.946687877 -0.320291728
vn -0.814020574 0.475318074 -0.333831400
vn -0.917481780 0.251108319 -0.308499217
vn -0.897208571 -0.222264007 -0.381596029
vn -0.149116337 -0.924976885 -0.349545687
vn 0.916790724 0.156977192 -0.367223293
vn 0.476315141 0.797654033 -0.369962007
vn -0.349868208 0.864666045 -0.360478759
vn -0.660033822 0.672015011 -0.335784376
vn -0.567455471 -0.742342710 -0.356260538
vn 0.655094087 -0.659006357 -0.369543463
vn 0.756684422 0.557638168 -0.341274589
vn -0.542438984 0.087085150 -0.835569322
vn -0.496597797 -0.223094672 -0.838820219
vn -0.314088047 -0.448024303 -0.837032318
vn 0.028866814 -0.552825809 -0.832796812
vn 0.384725660 -0.393883109 -0.834770918
vn 0.543774188 -0.071822561 -0.836152613
vn 0.444762319 0.339275956 -0.828901887
vn 0.067920841 0.544945240 -0.835716248
vn -0.342125595 0.440706611 -0.829896331
vn 0.000001018 -0.000081659 -1.000000000
vn 0.493205756 -0.110728644 0.862836719
vn -0.025510546 0.985519171 0.167634055
vn 0.412791699 0.087513916 0.906611443
vn 0.147253156 0.442995876 -0.884347975
vn 0.970149517 0.239819795 -0.036006834
vn 0.557111621 -0.105590068 -0.823697329
vn 0.283279330 -0.959036410 -0.001415433
vn -0.251689762 -0.345016658 0.904221058
vn -0.919897497 -0.392158926 -0.000000548
vn -0.229737043 -0.338305473 -0.912562490
vn -0.953939915 0.298264056 -0.032205008
vn -0.478606790 0.078805692 0.874485791
vn -0.583923101 0.062423766 -0.809405506
vn -0.098837107 -0.419023901 0.902579784
vn -0.455766797 -0.148051664 0.877700031
vn -0.455767155 -0.148048893 -0.877700329
vn 0.121073544 0.574631989 0.809406757
vn 0.121072650 0.574633121 -0.809406102
vn -0.029741462 0.999557674 0.000001608
vn 0.460032046 0.145864874 -0.875838995
vn 0.460030317 0.145865858 0.875839770
vn 0.992282093 -0.124000832 0.000001273
vn 0.017163655 -0.999852777 -0.000000228
vn -0.098836780 -0.419024110 -0.902579725
vn -0.992282271 0.123999335 0.000001697
vn -0.304440230 0.245840430 0.920260191
vn -0.331869483 -0.146111608 0.931941092
vn 0.012336472 -0.448989481 -0.893451869
vn -0.985907197 0.159562647 -0.050267186
vn -0.574605942 0.302396387 -0.760515928
vn -0.609657407 0.792595863 0.010475769
vn 0.046849944 0.477680653 -0.877283514
vn 0.422934800 0.176575109 0.888789952
vn 0.740174532 0.672163367 0.018385416
vn 0.501498580 -0.247471049 -0.829009771
vn 0.700845540 -0.613806546 0.363396645
vn -0.376128107 -0.926540971 -0.007032272
vn 0.317593396 0.098623052 0.943084300
vn 0.005386703 -0.492680877 0.870193362
vn 0.000036826 -0.479209840 -0.877700388
vn 0.424566150 -0.905396938 -0.000000212
vn -0.433521032 -0.217563435 0.874485910
vn -0.367971867 -0.223485544 -0.902580082
vn -0.942638397 -0.330000639 -0.050323863
vn -0.627007663 0.758525431 0.177484289
vn -0.106480479 0.399976999 -0.910318792
vn 0.519592345 0.854406953 -0.003562846
vn 0.326550484 0.394327819 0.858993769
vn 0.961470842 0.274692267 0.010862307
vn 0.509094119 0.292719662 -0.809406161
vn 0.074763350 -0.459301561 0.885128558
vn 0.466818690 -0.003154892 0.884347498
vn 0.929402232 0.328800708 -0.167635217
vn 0.210787430 -0.365540743 -0.906613767
vn 0.535104096 -0.844026268 0.035820931
vn -0.199845359 -0.979823351 0.002859037
vn 0.041283719 -0.397640407 -0.916612148
vn -0.454852819 0.201622292 -0.867443025
vn -0.442203283 0.197251037 0.874956191
vn -0.997739971 -0.067193247 -0.000000554
vn -0.015824307 0.999353886 0.032272395
vn -0.121073224 0.574632525 0.809406400
vn -0.072947942 0.479531676 -0.874487281
vn 0.013296405 -0.027020425 0.999546468
vn -0.638411045 0.713632286 -0.288375437
vn 0.167612314 0.316886872 -0.933535635
vn 0.819173455 0.381679833 0.428106666
vn 0.865243375 -0.427433491 -0.262020111
vn -0.354355395 -0.809714973 -0.467754155
vn -0.799546897 -0.420535207 0.428806365
vn 0.013296860 -0.027020311 0.999546468
vn 0.819172144 0.381680489 0.428108573
vn 0.167616189 0.316885501 -0.933535516
vn 0.865242481 -0.427434206 -0.262022167
vn -0.799545050 -0.420537382 0.428807944
vn -0.354353487 -0.809716225 -0.467753619
vn -0.638408482 0.713635683 -0.288372725
vn 0.193321571 -0.345807612 0.918174267
vn -0.282714725 0.831042230 0.479000270
vn 0.863574982 0.405046731 0.300292164
vn 0.193319023 0.345809966 -0.918173909
vn 0.863576949 -0.405043960 -0.300290287
vn -0.797158718 -0.449216098 0.403414279
vn -0.282714635 -0.831041038 -0.479002386
vn -0.797159672 0.449213415 -0.403415084
vn 0.183250174 -0.331570655 0.925462246
vn -0.274868608 0.846101165 0.456683844
vn 0.870671332 0.431130648 0.236765563
vn 0.016813846 0.039872516 -0.999063313
vn 0.615364254 -0.700132847 -0.362133712
vn -0.811155558 -0.473933786 0.342656523
vn -0.787563562 0.387707084 -0.478985280
vn -0.183248654 0.331568986 0.925463140
vn 0.811156690 0.473931789 0.342656314
vn 0.787564993 -0.387704760 -0.478984773
vn 0.274870247 -0.846100688 0.456683606
vn -0.016813092 -0.039872739 -0.999063313
vn -0.870669782 -0.431133777 0.236765504
vn -0.615363896 0.700132787 -0.362134427
vn -0.090447217 0.039341930 0.995123863
vn 0.799547136 0.420530319 0.428810686
vn 0.227254122 0.818683863 -0.527363718
vn 0.608709514 -0.709874928 -0.354330838
vn -0.892957032 -0.222877979 0.391092479
vn -0.626158953 -0.008394551 -0.779650211
vn -0.183248907 0.331571996 0.925462008
vn 0.811156929 0.473932058 0.342655629
vn 0.787564993 -0.387706369 -0.478983581
vn 0.274870843 -0.846100152 0.456684411
vn -0.016813347 -0.039876487 -0.999063134
vn -0.870669842 -0.431131840 0.236768588
vn -0.615362465 0.700133026 -0.362136543
vn 0.626157463 -0.008395748 0.779651463
vn -0.227252394 0.818684518 0.527363300
vn 0.090444960 0.039344337 -0.995124042
vn 0.892957509 -0.222875863 -0.391092330
vn -0.608710110 -0.709874213 0.354331315
vn -0.799545944 0.420531988 -0.428811550
vn 0.013298616 -0.027020987 0.999546409
vn 0.167617127 0.316885889 -0.933535099
vn 0.819174170 0.381676197 0.428108841
vn 0.865242362 -0.427434832 -0.262021482
vn -0.354350239 -0.809719205 -0.467750818
vn -0.799545765 -0.420534462 0.428809196
vn -0.638409853 0.713632464 -0.288377553
vn 0.013298519 -0.027020587 0.999546468
vn -0.638408482 0.713634312 -0.288376063
vn 0.819176137 0.381679147 0.428102225
vn 0.167617023 0.316883534 -0.933535933
vn 0.865243733 -0.427434593 -0.262017459
vn -0.799545884 -0.420533299 0.428810060
vn -0.354350984 -0.809718072 -0.467752099
vn 0.013299750 -0.027020399 0.999546409
vn 0.167617604 0.316884220 -0.933535635
vn 0.819173515 0.381682754 0.428103805
vn 0.865243673 -0.427431971 -0.262021482
vn -0.354352623 -0.809715569 -0.467755288
vn -0.799544811 -0.420532286 0.428813338
vn -0.638407528 0.713635206 -0.288375914
vn 0.167615831 -0.316883117 0.933536291
vn -0.354350656 0.809717596 0.467753112
vn 0.865245044 0.427429974 0.262020230
vn 0.013297518 0.027023597 -0.999546349
vn 0.819172859 -0.381683975 -0.428103983
vn -0.638408661 -0.713633895 0.288376570
vn -0.799546123 0.420533687 -0.428809255
vn -0.193319023 0.345810801 0.918173552
vn 0.282711923 0.831043184 -0.479000270
vn 0.797159255 0.449216545 0.403412431
vn 0.797161758 -0.449211389 -0.403413206
vn 0.282715112 -0.831040025 0.479003817
vn -0.193322897 -0.345805526 -0.918174744
vn -0.863576949 -0.405045003 0.300288826
vn -0.863573730 0.405048698 -0.300293118
vn 0.013299031 -0.027021613 0.999546409
vn -0.638409555 0.713634014 -0.288374484
vn 0.819174290 0.381681442 0.428103626
vn 0.167613655 0.316883147 -0.933536708
vn 0.865242422 -0.427432626 -0.262024581
vn -0.799546182 -0.420532286 0.428810656
vn -0.354353577 -0.809715569 -0.467754662
vn 0.432787389 -0.233871758 0.870631337
vn -0.855181694 0.482697874 -0.188857242
vn 0.013989717 0.815021396 0.579262078
vn -0.054384250 -0.429073006 -0.901631176
vn 0.552221060 0.692566574 -0.464115769
vn 0.937156856 -0.324185014 -0.129000574
vn -0.493794769 -0.745393097 0.447834700
vn -0.151052833 -0.193037346 0.969494522
vn 0.119616315 0.335657299 0.934358656
vn -0.018324606 0.901669025 0.432038575
vn 0.018208027 0.896437705 -0.442795664
vn 0.645898879 0.628223121 0.433763087
vn 0.620389402 0.652488410 -0.435173422
vn 0.360600859 0.154821485 -0.919781148
vn 0.801472187 -0.023695935 0.597562492
vn 0.920367420 -0.028481482 -0.390016437
vn 0.653929949 -0.628941059 0.420486510
vn 0.648377597 -0.618659854 -0.443696499
vn 0.108821943 -0.262720287 -0.958715737
vn 0.171391085 -0.302172512 0.937718987
vn -0.012582081 -0.901466787 0.432665318
vn -0.010281916 -0.893001974 -0.449935228
vn -0.631850898 -0.623635828 0.460263908
vn -0.618026018 -0.645380914 -0.448917896
vn -0.415821582 -0.134657145 -0.899421990
vn -0.999995112 0.002552733 -0.001816259
vn -0.429614007 0.123769529 0.894490361
vn -0.619127095 0.639674008 0.455520362
vn -0.644399822 0.615064979 -0.454361022
vn -0.141432181 0.341448784 -0.929198384
vn 0.120872214 -0.273383349 0.954280615
vn -0.095495418 0.416668415 0.904028773
vn 0.041202024 0.998832285 0.025227793
vn 0.169341996 0.502673984 -0.847727656
vn 0.298360616 0.230796427 0.926128507
vn 0.931608975 0.363335848 -0.009579183
vn 0.325881958 -0.191032559 -0.925909102
vn 0.604591131 -0.795774579 0.034819130
vn -0.109568946 -0.421505868 0.900181890
vn 0.071246579 -0.997105002 -0.026563643
vn -0.104754299 -0.422255307 -0.900403798
vn -0.605535865 -0.795783699 -0.007390797
vn -0.344647855 0.000195871 0.938732028
vn -0.991719544 -0.010367558 -0.128003880
vn -0.588207006 0.808682919 0.006670668
vn -0.129567340 0.254313916 -0.958403230
vn -0.293424815 -0.022682311 0.955713093
vn -0.283142537 0.218239561 0.933917522
vn -0.965314269 0.261090696 -0.000000421
vn -0.369233876 0.244713262 -0.896538854
vn -0.546360433 0.837347031 -0.018449198
vn 0.260961592 0.955158055 0.139900029
vn 0.247035488 0.239189312 -0.939021826
vn 0.389610887 -0.004254463 0.920969784
vn 0.963710606 0.265342355 0.029247301
vn 0.951056719 -0.309016556 -0.000000664
vn 0.369218111 -0.230111226 -0.900403678
vn 0.068625823 -0.352567703 0.933266580
vn 0.623692513 -0.781122506 -0.029248336
vn -0.336232603 -0.934776843 -0.114629239
vn -0.945582926 -0.324478447 0.024224095
vn -0.281905055 -0.044638276 -0.958403349
vn 0.280022740 -0.028943473 0.959556997
vn -0.176474765 -0.408999175 0.895308018
vn -0.661593795 -0.749862432 0.000000220
vn -0.937300563 -0.348522335 -0.000000305
vn -0.374899119 0.036879230 0.926331818
vn -0.375931114 0.037001558 -0.925908566
vn 0.165395036 0.495449573 0.852745116
vn -0.513943732 0.857823908 0.000000016
vn 0.158464193 0.506210148 -0.847726703
vn 0.618947208 0.785100460 0.022840576
vn 0.940088570 0.340923607 -0.002148455
vn 0.254304439 0.129586756 -0.958403111
vn 0.781959414 -0.615125000 -0.100801334
vn 0.053565640 -0.998422205 0.016846627
vn -0.163447842 -0.403186113 -0.900403082
vn 0.062902085 -0.292219013 0.954280496
vn 0.546610713 -0.837386966 -0.000000763
vn -0.094175279 -0.995555699 -0.000000513
vn 0.069100522 -0.286073238 -0.955713034
vn -0.959065616 -0.283184052 -0.000000369
vn -0.377038449 0.011346576 0.926128089
vn -0.377037197 0.011346615 -0.926128626
vn -0.167653635 0.393223524 0.904028475
vn -0.673070967 0.739577949 -0.000000616
vn -0.124443211 0.369227350 -0.920969605
vn 0.022139415 0.999727666 -0.007390413
vn 0.278710753 0.202737227 0.938732088
vn 0.800304055 0.579676092 -0.153261542
vn 0.336399734 -0.276601791 0.900181413
vn 0.957638800 -0.287877202 -0.007389930
vn 0.295054942 -0.201845661 -0.933916986
vn -0.209531143 0.188008696 0.959556878
vn 0.975998700 0.217776582 -0.000000498
vn 0.963148475 -0.268970370 -0.000001078
vn 0.281623006 -0.250196099 0.926331699
vn -0.088425070 -0.996082902 -0.000000486
vn 0.282385200 -0.250900745 -0.925908983
vn -0.425024778 -0.303608984 0.852745891
vn -0.962209284 -0.271351427 0.022839770
vn -0.425740927 -0.316388160 -0.847728252
vn -0.960937381 0.276757598 -0.002149640
vn -0.281905472 0.044637900 -0.958403170
vn -0.271058053 0.957270324 -0.100802235
vn 0.383174360 0.227158412 0.895308137
vn 0.543522477 0.839225471 0.016846335
vn 0.369218469 0.230112255 -0.900403321
usemtl field_material_05
f 6//6 5//5 10//10
f 3//3 9//9 4//4
f 2//2 1//1 7//7
f 5//5 9//9 10//10
f 2//2 8//8 3//3
f 6//6 10//10 14//14
f 8//8 13//13 9//9
f 7//7 1//1 11//11
f 9//9 14//14 10//10
f 7//7 12//12 8//8
f 6//6 14//14 18//18
f 12//12 17//17 13//13
f 11//11 1//1 15//15
f 14//14 17//17 18//18
f 11//11 16//16 12//12
f 6//6 18//18 22//22
f 16//16 21//21 17//17
f 15//15 1//1 19//19
f 17//17 22//22 18//18
f 15//15 20//20 16//16
f 6//6 22//22 26//26
f 20//20 25//25 21//21
f 19//19 1//1 23//23
f 22//22 25//25 26//26
f 19//19 24//24 20//20
f 6//6 26//26 30//30
f 24//24 29//29 25//25
f 23//23 1//1 27//27
f 25//25 30//30 26//26
f 23//23 28//28 24//24
f 6//6 30//30 34//34
f 28//28 33//33 29//29
f 27//27 1//1 31//31
f 30//30 33//33 34//34
f 27//27 32//32 28//28
f 6//6 34//34 5//5
f 32//32 4//4 33//33
f 31//31 1//1 2//2
f 33//33 5//5 34//34
f 31//31 3//3 32//32
f 35//35 37//37 36//36
f 38//38 39//39 36//36
f 41//41 40//40 39//39
f 40//40 43//43 42//42
f 43//43 35//35 42//42
f 39//39 40//40 42//42
usemtl field_material_07
f 45//45 46//46 44//44
f 46//46 49//49 48//48
f 49//49 50//50 48//48
f 51//51 52//52 50//50
f 52//52 55//55 54//54
f 54//54 57//57 56//56
f 56//56 59//59 58//58
f 59//59 60//60 58//58
usemtl field_material_05
f 63//63 64//64 66//66
f 65//65 66//66 64//64
usemtl field_material_07
f 68//68 69//69 67//67
f 70//70 71//71 69//69
f 71//71 74//74 73//73
f 73//73 76//76 75//75
f 75//75 78//78 77//77
f 78//78 79//79 77//77
f 79//79 82//82 81//81
f 81//81 84//84 83//83
usemtl field_material_05
f 88//88 87//87 86//86
f 89//89 88//88 86//86
usemtl field_material_07
f 91//91 92//92 90//90
f 93//93 94//94 92//92
f 94//94 97//97 96//96
f 97//97 98//98 96//96
f 99//99 100//100 98//98
f 101//101 102//102 100//100
f 103//103 104//104 102//102
f 105//105 106//106 104//104
f 106//106 107//107 108//108
usemtl field_material_05
f 112//112 111//111 109//109
f 110//110 109//109 111//111
f 115//115 116//116 113//113
f 117//117 118//118 116//116
f 119//119 120//120 118//118
f 122//122 119//119 117//117
f 122//122 121//121 120//120
f 121//121 114//114 113//113
f 120//120 121//121 113//113
usemtl field_material_07
f 124//124 125//125 123//123
f 126//126 127//127 125//125
f 128//128 129//129 127//127
f 129//129 132//132 131//131
f 132//132 133//133 131//131
f 134//134 135//135 133//133
f 136//136 137//137 135//135
f 138//138 139//139 137//137
usemtl field_material_05
f 143//143 144//144 142//142
f 145//145 142//142 144//144
usemtl field_material_07
f 147//147 148//148 146//146
f 149//149 150//150 148//148
f 151//151 152//152 150//150
f 152//152 155//155 154//154
f 155//155 156//156 154//154
f 157//157 158//158 156//156
f 158//158 161//161 160//160
f 161//161 162//162 160//160
usemtl field_material_05
f 168//168 167//167 165//165
f 166//166 165//165 167//167
usemtl field_material_07
f 170//170 171//171 169//169
f 171//171 174//174 173//173
f 174//174 175//175 173//173
f 176//176 177//177 175//175
f 178//178 179//179 177//177
f 180//180 181//181 179//179
f 181//181 184//184 183//183
f 184//184 185//185 183//183
usemtl field_material_05
f 189//189 190//190 188//188
f 191//191 188//188 190//190
f 194//194 195//195 192//192
f 196//196 197//197 195//195
f 198//198 199//199 197//197
f 201//201 198//198 196//196
f 201//201 200//200 199//199
f 200//200 193//193 192//192
f 197//197 199//199 200//200
usemtl field_material_17
f 203//203 204//204 202//202
f 205//205 206//206 204//204
f 207//207 208//208 206//206
f 208//208 211//211 210//210
f 211//211 212//212 210//210
f 213//213 214//214 212//212
f 215//215 216//216 214//214
f 216//216 219//219 218//218
f 218//218 219//219 220//220
usemtl field_material_05
f 223//223 222//222 224//224
f 221//221 224//224 222//222
usemtl field_material_17
f 225//225 228//228 227//227
f 228//228 229//229 227//227
f 230//230 231//231 229//229
f 231//231 234//234 233//233
f 234//234 235//235 233//233
f 236//236 237//237 235//235
f 237//237 240//240 239//239
f 240//240 241//241 239//239
f 241//241 242//242 243//243
usemtl field_material_05
f 247//247 246//246 244//244
f 245//245 244//244 246//246
usemtl field_material_17
f 249//249 250//250 248//248
f 251//251 252//252 250//250
f 253//253 254//254 252//252
f 254//254 257//257 256//256
f 257//257 258//258 256//256
f 259//259 260//260 258//258
f 260//260 263//263 262//262
f 263//263 264//264 262//262
f 264//264 265//265 266//266
usemtl field_material_05
f 268//268 267//267 269//269
f 270//270 269//269 267//267
f 271//271 274//274 273//273
f 274//274 275//275 273//273
f 275//275 278//278 277//277
f 278//278 276//276 272//272
f 279//279 280//280 277//277
f 272//272 271//271 280//280
usemtl field_material_17
f 281//281 284//284 283//283
f 283//283 286//286 285//285
f 286//286 287//287 285//285
f 287//287 290//290 289//289
f 289//289 292//292 291//291
f 292//292 293//293 291//291
f 294//294 295//295 293//293
f 296//296 297//297 295//295
f 297//297 298//298 299//299
usemtl field_material_05
f 302//302 303//303 300//300
f 301//301 300//300 303//303
usemtl field_material_17
f 304//304 307//307 306//306
f 306//306 309//309 308//308
f 308//308 311//311 310//310
f 311//311 312//312 310//310
f 313//313 314//314 312//312
f 314//314 317//317 316//316
f 317//317 318//318 316//316
f 319//319 320//320 318//318
f 320//320 321//321 322//322
usemtl field_material_05
f 325//325 323//323 324//324
f 324//324 326//326 325//325
usemtl field_material_17
f 327//327 330//330 329//329
f 330//330 331//331 329//329
f 331//331 334//334 333//333
f 333//333 336//336 335//335
f 336//336 337//337 335//335
f 338//338 339//339 337//337
f 339//339 342//342 341//341
f 341//341 344//344 343//343
f 343//343 344//344 345//345
usemtl field_material_05
f 347//347 346//346 348//348
f 349//349 348//348 346//346
f 352//352 353//353 350//350
f 354//354 355//355 353//353
f 356//356 357//357 355//355
f 356//356 354//354 351//351
f 359//359 358//358 357//357
f 358//358 351//351 350//350
f 355//355 357//357 358//358
usemtl field_material_07
f 361//361 362//362 360//360
f 362//362 365//365 364//364
f 365//365 366//366 364//364
f 367//367 368//368 366//366
f 369//369 370//370 368//368
f 371//371 372//372 370//370
f 373//373 374//374 372//372
f 374//374 377//377 376//376
usemtl field_material_05
f 380//380 381//381 379//379
f 381//381 382//382 379//379
usemtl field_material_07
f 384//384 385//385 383//383
f 386//386 387//387 385//385
f 388//388 389//389 387//387
f 390//390 391//391 389//389
f 392//392 393//393 391//391
f 394//394 395//395 393//393
f 396//396 397//397 395//395
f 397//397 400//400 399//399
usemtl field_material_05
f 404//404 405//405 402//402
f 405//405 403//403 402//402
usemtl field_material_07
f 406//406 409//409 408//408
f 408//408 411//411 410//410
f 410//410 413//413 412//412
f 413//413 414//414 412//412
f 415//415 416//416 414//414
f 417//417 418//418 416//416
f 419//419 420//420 418//418
f 420//420 423//423 422//422
f 422//422 423//423 424//424
usemtl field_material_05
f 425//425 428//428 427//427
f 427//427 426//426 425//425
f 431//431 432//432 429//429
f 432//432 434//434 433//433
f 433//433 436//436 435//435
f 435//435 438//438 437//437
f 437//437 430//430 429//429
f 429//429 433//433 437//437
usemtl field_material_07
f 440//440 441//441 439//439
f 441//441 444//444 443//443
f 444//444 445//445 443//443
f 445//445 448//448 447//447
f 447//447 450//450 449//449
f 450//450 451//451 449//449
f 452//452 453//453 451//451
f 454//454 455//455 453//453
usemtl field_material_05
f 459//459 458//458 460//460
f 461//461 460//460 458//458
usemtl field_material_07
f 463//463 464//464 462//462
f 464//464 467//467 466//466
f 466//466 469//469 468//468
f 468//468 471//471 470//470
f 471//471 472//472 470//470
f 472//472 475//475 474//474
f 474//474 477//477 476//476
f 477//477 478//478 476//476
usemtl field_material_05
f 482//482 481//481 483//483
f 484//484 483//483 481//481
usemtl field_material_07
f 486//486 487//487 485//485
f 488//488 489//489 487//487
f 489//489 492//492 491//491
f 492//492 493//493 491//491
f 493//493 496//496 495//495
f 495//495 498//498 497//497
f 498//498 499//499 497//497
f 499//499 502//502 501//501
f 501//501 502//502 503//503
usemtl field_material_05
f 504//504 505//505 507//507
f 506//506 507//507 505//505
f 509//509 508//508 514//514
f 508//508 511//511 510//510
f 513//513 512//512 510//510
f 512//512 515//515 514//514
f 510//510 512//512 514//514
usemtl field_material_23
f 517//517 518//518 516//516
f 519//519 520//520 518//518
f 520//520 523//523 522//522
f 523//523 524//524 522//522
f 525//525 526//526 524//524
f 526//526 529//529 528//528
f 529//529 530//530 528//528
f 530//530 533//533 532//532
f 532//532 533//533 534//534
usemtl field_material_05
f 537//537 536//536 538//538
f 535//535 538//538 536//536
usemtl field_material_23
f 539//539 542//542 541//541
f 542//542 543//543 541//541
f 543//543 546//546 545//545
f 546//546 547//547 545//545
f 547//547 550//550 549//549
f 549//549 552//552 551//551
f 552//552 553//553 551//551
f 554//554 555//555 553//553
f 555//555 556//556 557//557
usemtl field_material_05
f 558//558 559//559 561//561
f 560//560 561//561 559//559
usemtl field_material_23
f 563//563 564//564 562//562
f 565//565 566//566 564//564
f 566//566 569//569 568//568
f 568//568 571//571 570//570
f 570//570 573//573 572//572
f 573//573 574//574 572//572
f 575//575 576//576 574//574
f 576//576 579//579 578//578
usemtl field_material_05
f 583//583 582//582 584//584
f 581//581 584//584 582//582
f 585//585 588//588 587//587
f 589//589 590//590 587//587
f 591//591 592//592 590//590
f 591//591 589//589 586//586
f 593//593 594//594 592//592
f 586//586 585//585 594//594
f 587//587 590//590 594//594
usemtl field_material_23
f 595//595 598//598 597//597
f 597//597 600//600 599//599
f 599//599 602//602 601//601
f 602//602 603//603 601//601
f 603//603 606//606 605//605
f 606//606 607//607 605//605
f 607//607 610//610 609//609
f 610//610 611//611 609//609
f 611//611 612//612 613//613
usemtl field_material_05
f 615//615 614//614 616//616
f 617//617 616//616 614//614
usemtl field_material_23
f 618//618 621//621 620//620
f 621//621 622//622 620//620
f 622//622 625//625 624//624
f 625//625 626//626 624//624
f 627//627 628//628 626//626
f 628//628 631//631 630//630
f 630//630 633//633 632//632
f 633//633 634//634 632//632
f 634//634 635//635 636//636
usemtl field_material_05
f 637//637 638//638 640//640
f 639//639 640//640 638//638
usemtl field_material_23
f 642//642 643//643 641//641
f 644//644 645//645 643//643
f 646//646 647//647 645//645
f 647//647 650//650 649//649
f 650//650 651//651 649//649
f 651//651 654//654 653//653
f 653//653 656//656 655//655
f 656//656 657//657 655//655
f 657//657 658//658 659//659
usemtl field_material_05
f 662//662 663//663 660//660
f 663//663 661//661 660//660
f 670//670 665//665 664//664
f 664//664 667//667 666//666
f 669//669 668//668 666//666
f 668//668 671//671 670//670
f 666//666 668//668 670//670
usemtl field_material_09
f 672//672 673//673 674//674
f 672//672 674//674 675//675
f 672//672 675//675 676//676
f 672//672 676//676 677//677
f 672//672 677//677 686//686
f 672//672 686//686 678//678
f 672//672 678//678 673//673
f 673//673 680//680 674//674
f 675//675 682//682 676//676
f 683//683 677//677 676//676
f 677//677 685//685 686//686
f 687//687 678//678 686//686
f 689//689 673//673 678//678
f 679//679 690//690 680//680
f 680//680 691//691 674//674
f 696//696 683//683 682//682
f 690//690 693//693 691//691
f 694//694 681//681 691//691
f 694//694 682//682 681//681
f 695//695 696//696 682//682
f 697//697 684//684 683//683
f 698//698 685//685 684//684
f 685//685 699//699 686//686
f 699//699 687//687 686//686
f 700//700 688//688 687//687
f 688//688 702//702 689//689
f 702//702 679//679 689//689
f 703//703 690//690 679//679
f 705//705 695//695 694//694
f 696//696 706//706 697//697
f 706//706 698//698 697//697
f 699//699 708//708 700//700
f 709//709 701//701 700//700
f 701//701 710//710 702//702
f 712//712 693//693 692//692
f 713//713 704//704 693//693
f 714//714 715//715 695//695
f 715//715 706//706 696//696
f 716//716 707//707 698//698
f 707//707 717//717 708//708
f 718//718 710//710 701//701
f 711//711 692//692 703//703
f 725//725 713//713 712//712
f 725//725 720//720 713//713
f 720//720 726//726 704//704
f 726//726 705//705 704//704
f 727//727 721//721 705//705
f 721//721 722//722 714//714
f 729//729 730//730 706//706
f 730//730 723//723 706//706
f 731//731 707//707 716//716
f 707//707 733//733 717//717
f 724//724 734//734 718//718
f 735//735 710//710 718//718
f 710//710 737//737 711//711
f 737//737 719//719 711//711
f 719//719 738//738 725//725
f 738//738 740//740 725//725
f 740//740 720//720 725//725
f 737//737 739//739 719//719
f 740//740 755//755 720//720
f 727//727 750//750 721//721
f 750//750 741//741 721//721
f 735//735 754//754 736//736
f 754//754 747//747 736//736
f 755//755 750//750 726//726
f 742//742 756//756 728//728
f 757//757 732//732 731//731
f 757//757 752//752 732//732
f 746//746 753//753 734//734
f 758//758 749//749 739//739
f 759//759 740//740 749//749
f 759//759 755//755 740//740
f 760//760 750//750 755//755
f 750//750 761//761 741//741
f 761//761 742//742 741//741
f 762//762 756//756 742//742
f 756//756 762//762 743//743
f 743//743 763//763 744//744
f 763//763 751//751 744//744
f 764//764 757//757 751//751
f 764//764 752//752 757//757
f 752//752 765//765 745//745
f 745//745 765//765 746//746
f 765//765 753//753 746//746
f 766//766 754//754 753//753
f 754//754 766//766 747//747
f 747//747 758//758 748//748
f 748//748 758//758 739//739
f 758//758 767//767 759//759
f 759//759 767//767 760//760
f 760//760 767//767 761//761
f 761//761 767//767 762//762
f 762//762 767//767 763//763
f 763//763 767//767 764//764
f 764//764 767//767 765//765
f 765//765 767//767 766//766
f 766//766 767//767 758//758
usemtl field_material_05
f 769//769 768//768 770//770
f 771//771 772//772 773//773
f 772//772 768//768 774//774
f 774//774 777//777 773//773
f 775//775 776//776 774//774
f 777//777 778//778 780//780
f 775//775 768//768 779//779
f 773//773 777//777 780//780
f 775//775 778//778 776//776
f 778//778 771//771 780//780
f 779//779 768//768 769//769
f 773//773 780//780 771//771
f 782//782 781//781 784//784
f 791//791 783//783 785//785
f 782//782 786//786 792//792
f 783//783 786//786 785//785
f 791//791 785//785 787//787
f 786//786 788//788 789//789
f 786//786 787//787 785//785
f 784//784 781//781 788//788
f 787//787 790//790 791//791
f 788//788 790//790 789//789
f 790//790 783//783 791//791
f 790//790 782//782 792//792
f 802//802 795//795 797//797
f 794//794 796//796 804//804
f 795//795 796//796 797//797
f 794//794 798//798 796//796
f 802//802 797//797 799//799
f 798//798 799//799 797//797
f 798//798 800//800 801//801
f 799//799 801//801 802//802
f 800//800 793//793 803//803
f 800//800 803//803 801//801
f 803//803 795//795 802//802
f 803//803 793//793 794//794
f 806//806 811//811 808//808
f 807//807 811//811 810//810
f 806//806 805//805 809//809
f 811//811 813//813 810//810
f 809//809 805//805 812//812
f 812//812 805//805 815//815
f 810//810 813//813 817//817
f 815//815 816//816 814//814
f 813//813 816//816 817//817
f 816//816 807//807 817//817
f 810//810 817//817 807//807
f 816//816 806//806 808//808
f 824//824 820//820 821//821
f 819//819 822//822 820//820
f 820//820 822//822 821//821
f 822//822 818//818 823//823
f 822//822 824//824 821//821
f 823//823 826//826 827//827
f 823//823 825//825 824//824
f 825//825 828//828 830//830
f 826//826 818//818 829//829
f 824//824 825//825 830//830
f 826//826 828//828 827//827
f 828//828 820//820 830//830
f 829//829 818//818 819//819
f 824//824 830//830 820//820
f 828//828 819//819 820//820
usemtl field_material_29
f 834//834 835//835 833//833
f 833//833 835//835 836//836
f 831//831 836//836 835//835
f 833//833 836//836 832//832
f 837//837 832//832 836//836
f 839//839 841//841 840//840
f 840//840 841//841 843//843
f 838//838 843//843 841//841
f 842//842 844//844 843//843
f 840//840 843//843 844//844
f 846//846 845//845 847//847
f 847//847 849//849 848//848
f 848//848 849//849 851//851
f 845//845 851//851 849//849
f 850//850 852//852 851//851
f 850//850 845//845 846//846
f 848//848 851//851 852//852
f 852//852 846//846 848//848
f 854//854 853//853 855//855
f 855//855 857//857 856//856
f 858//858 859//859 856//856
f 858//858 853//853 854//854
f 859//859 854//854 856//856
f 861//861 862//862 864//864
f 861//861 860//860 863//863
f 862//862 863//863 864//864
f 863//863 860//860 865//865
f 865//865 866//866 864//864
f 868//868 870//870 869//869
f 872//872 869//869 870//870
f 867//867 869//869 872//872
f 874//874 875//875 877//877
f 874//874 873//873 876//876
f 875//875 876//876 877//877
f 876//876 873//873 878//878
f 878//878 879//879 877//877
f 880//880 883//883 882//882
f 883//883 884//884 882//882
f 880//880 884//884 883//883
f 884//884 885//885 882//882
f 884//884 880//880 881//881
f 885//885 881//881 882//882
f 888//888 889//889 887//887
f 887//887 889//889 890//890
f 886//886 890//890 889//889
f 891//891 892//892 890//890
f 887//887 890//890 892//892
f 895//895 897//897 896//896
f 896//896 897//897 899//899
f 893//893 899//899 897//897
f 898//898 894//894 899//899
f 896//896 899//899 894//894
f 902//902 903//903 901//901
f 901//901 903//903 904//904
f 900//900 904//904 903//903
f 901//901 904//904 906//906
f 905//905 906//906 904//904
f 908//908 907//907 909//909
f 909//909 911//911 910//910
f 911//911 912//912 910//910
f 907//907 912//912 911//911
f 912//912 913//913 910//910
f 912//912 907//907 908//908
f 913//913 908//908 910//910
f 919//919 915//915 917//917
f 916//916 917//917 915//915
f 916//916 914//914 918//918
f 917//917 918//918 919//919
f 918//918 914//914 920//920
f 920//920 921//921 919//919
f 919//919 921//921 915//915
f 914//914 915//915 921//921
f 924//924 926//926 925//925
f 925//925 926//926 928//928
f 922//922 928//928 926//926
f 927//927 923//923 928//928
f 925//925 928//928 923//923
usemtl field_material_05
f 935//935 931//931 930//930
f 933//933 932//932 930//930
f 934//934 935//935 932//932
usemtl field_material_27
f 939//939 942//942 958//958
f 937//937 940//940 938//938
f 947//947 958//958 942//942
f 938//938 941//941 939//939
f 940//940 944//944 941//941
f 937//937 936//936 943//943
f 943//943 946//946 944//944
f 943//943 936//936 948//948
f 942//942 946//946 947//947
f 945//945 950//950 946//946
f 948//948 949//949 945//945
f 949//949 952//952 950//950
f 950//950 953//953 947//947
f 949//949 936//936 951//951
f 951//951 954//954 952//952
f 951//951 955//955 954//954
f 947//947 953//953 958//958
f 953//953 957//957 958//958
f 955//955 956//956 954//954
f 956//956 939//939 957//957
f 955//955 936//936 937//937
f 956//956 937//937 938//938
usemtl field_material_25
f 961//961 963//963 964//964
f 960//960 959//959 963//963
f 974//974 962//962 965//965
f 964//964 965//965 962//962
f 963//963 966//966 964//964
f 974//974 965//965 969//969
f 959//959 968//968 966//966
f 965//965 968//968 969//969
f 968//968 967//967 970//970
f 967//967 959//959 971//971
f 974//974 969//969 972//972
f 970//970 971//971 972//972
f 970//970 972//972 969//969
f 972//972 973//973 974//974
f 971//971 959//959 960//960
f 971//971 973//973 972//972
f 974//974 961//961 962//962
f 960//960 961//961 973//973
f 977//977 976//976 979//979
f 979//979 981//981 978//978
f 976//976 975//975 980//980
f 990//990 978//978 981//981
f 980//980 975//975 982//982
f 990//990 981//981 985//985
f 982//982 984//984 983//983
f 981//981 984//984 985//985
f 984//984 986//986 987//987
f 982//982 975//975 986//986
f 990//990 985//985 988//988
f 987//987 986//986 988//988
f 987//987 988//988 985//985
f 986//986 989//989 988//988
f 988//988 989//989 990//990
f 990//990 977//977 978//978
f 975//975 977//977 989//989
f 1002//1002 1005//1005 996//996
f 993//993 995//995 994//994
f 993//993 996//996 1005//1005
f 992//992 991//991 995//995
f 994//994 995//995 998//998
f 996//996 998//998 999//999
f 995//995 991//991 997//997
f 1002//1002 996//996 999//999
f 997//997 1000//1000 998//998
f 1000//1000 991//991 1001//1001
f 1000//1000 1002//1002 999//999
f 1001//1001 991//991 1003//1003
f 1001//1001 1003//1003 1002//1002
f 1002//1002 1003//1003 1005//1005
f 991//991 1004//1004 1003//1003
f 1003//1003 1004//1004 1005//1005
f 992//992 993//993 1004//1004
f 1007//1007 1006//1006 1008//1008
f 1007//1007 1009//1009 1021//1021
f 1008//1008 1012//1012 1009//1009
f 1008//1008 1011//1011 1010//1010
f 1011//1011 1014//1014 1010//1010
f 1012//1012 1014//1014 1015//1015
f 1011//1011 1006//1006 1013//1013
f 1009//1009 1012//1012 1015//1015
f 1014//1014 1013//1013 1016//1016
f 1009//1009 1015//1015 1018//1018
f 1016//1016 1017//1017 1018//1018
f 1016//1016 1018//1018 1015//1015
f 1013//1013 1006//1006 1017//1017
f 1009//1009 1018//1018 1021//1021
f 1017//1017 1020//1020 1018//1018
f 1018//1018 1020//1020 1021//1021
f 1017//1017 1006//1006 1019//1019
f 1019//1019 1007//1007 1020//1020
f 1023//1023 1027//1027 1036//1036
f 1034//1034 1022//1022 1025//1025
f 1032//1032 1036//1036 1027//1027
f 1023//1023 1025//1025 1024//1024
f 1024//1024 1025//1025 1026//1026
f 1027//1027 1026//1026 1030//1030
f 1025//1025 1022//1022 1028//1028
f 1032//1032 1027//1027 1030//1030
f 1028//1028 1029//1029 1026//1026
f 1029//1029 1022//1022 1031//1031
f 1029//1029 1032//1032 1030//1030
f 1031//1031 1022//1022 1033//1033
f 1031//1031 1033//1033 1032//1032
f 1032//1032 1033//1033 1036//1036
f 1022//1022 1035//1035 1033//1033
f 1033//1033 1035//1035 1036//1036
f 1034//1034 1023//1023 1035//1035
usemtl field_material_05
f 3//3 8//8 9//9
f 5//5 4//4 9//9
f 2//2 7//7 8//8
f 8//8 12//12 13//13
f 9//9 13//13 14//14
f 7//7 11//11 12//12
f 12//12 16//16 17//17
f 14//14 13//13 17//17
f 11//11 15//15 16//16
f 16//16 20//20 21//21
f 17//17 21//21 22//22
f 15//15 19//19 20//20
f 20//20 24//24 25//25
f 22//22 21//21 25//25
f 19//19 23//23 24//24
f 24//24 28//28 29//29
f 25//25 29//29 30//30
f 23//23 27//27 28//28
f 28//28 32//32 33//33
f 30//30 29//29 33//33
f 27//27 31//31 32//32
f 32//32 3//3 4//4
f 33//33 4//4 5//5
f 31//31 2//2 3//3
f 36//36 37//37 38//38
f 38//38 41//41 39//39
f 37//37 43//43 38//38
f 43//43 41//41 38//38
f 40//40 41//41 43//43
f 43//43 37//37 35//35
f 42//42 35//35 36//36
f 36//36 39//39 42//42
usemtl field_material_07
f 45//45 47//47 46//46
f 46//46 47//47 49//49
f 49//49 51//51 50//50
f 51//51 53//53 52//52
f 52//52 53//53 55//55
f 54//54 55//55 57//57
f 56//56 57//57 59//59
f 59//59 61//61 60//60
f 61//61 62//62 60//60
usemtl field_material_05
f 63//63 65//65 64//64
f 65//65 63//63 66//66
usemtl field_material_07
f 68//68 70//70 69//69
f 70//70 72//72 71//71
f 71//71 72//72 74//74
f 73//73 74//74 76//76
f 75//75 76//76 78//78
f 78//78 80//80 79//79
f 79//79 80//80 82//82
f 81//81 82//82 84//84
f 84//84 85//85 83//83
usemtl field_material_05
f 87//87 89//89 86//86
f 89//89 87//87 88//88
usemtl field_material_07
f 91//91 93//93 92//92
f 93//93 95//95 94//94
f 94//94 95//95 97//97
f 97//97 99//99 98//98
f 99//99 101//101 100//100
f 101//101 103//103 102//102
f 103//103 105//105 104//104
f 105//105 107//107 106//106
usemtl field_material_05
f 109//109 110//110 112//112
f 112//112 110//110 111//111
f 114//114 115//115 113//113
f 115//115 117//117 116//116
f 117//117 119//119 118//118
f 119//119 122//122 120//120
f 117//117 115//115 122//122
f 115//115 114//114 122//122
f 121//121 122//122 114//114
f 113//113 116//116 118//118
f 118//118 120//120 113//113
usemtl field_material_07
f 124//124 126//126 125//125
f 126//126 128//128 127//127
f 128//128 130//130 129//129
f 129//129 130//130 132//132
f 132//132 134//134 133//133
f 134//134 136//136 135//135
f 136//136 138//138 137//137
f 138//138 140//140 139//139
f 140//140 141//141 139//139
usemtl field_material_05
f 143//143 145//145 144//144
f 145//145 143//143 142//142
usemtl field_material_07
f 147//147 149//149 148//148
f 149//149 151//151 150//150
f 151//151 153//153 152//152
f 152//152 153//153 155//155
f 155//155 157//157 156//156
f 157//157 159//159 158//158
f 158//158 159//159 161//161
f 161//161 163//163 162//162
f 163//163 164//164 162//162
usemtl field_material_05
f 166//166 168//168 165//165
f 168//168 166//166 167//167
usemtl field_material_07
f 170//170 172//172 171//171
f 171//171 172//172 174//174
f 174//174 176//176 175//175
f 176//176 178//178 177//177
f 178//178 180//180 179//179
f 180//180 182//182 181//181
f 181//181 182//182 184//184
f 184//184 186//186 185//185
f 186//186 187//187 185//185
usemtl field_material_05
f 189//189 191//191 190//190
f 191//191 189//189 188//188
f 193//193 194//194 192//192
f 194//194 196//196 195//195
f 196//196 198//198 197//197
f 198//198 201//201 199//199
f 196//196 194//194 193//193
f 193//193 201//201 196//196
f 200//200 201//201 193//193
f 192//192 195//195 200//200
f 195//195 197//197 200//200
usemtl field_material_17
f 203//203 205//205 204//204
f 205//205 207//207 206//206
f 207//207 209//209 208//208
f 208//208 209//209 211//211
f 211//211 213//213 212//212
f 213//213 215//215 214//214
f 215//215 217//217 216//216
f 216//216 217//217 219//219
usemtl field_material_05
f 221//221 223//223 224//224
f 223//223 221//221 222//222
usemtl field_material_17
f 225//225 226//226 228//228
f 228//228 230//230 229//229
f 230//230 232//232 231//231
f 231//231 232//232 234//234
f 234//234 236//236 235//235
f 236//236 238//238 237//237
f 237//237 238//238 240//240
f 240//240 242//242 241//241
usemtl field_material_05
f 245//245 247//247 244//244
f 247//247 245//245 246//246
usemtl field_material_17
f 249//249 251//251 250//250
f 251//251 253//253 252//252
f 253//253 255//255 254//254
f 254//254 255//255 257//257
f 257//257 259//259 258//258
f 259//259 261//261 260//260
f 260//260 261//261 263//263
f 263//263 265//265 264//264
usemtl field_material_05
f 268//268 270//270 267//267
f 270//270 268//268 269//269
f 271//271 272//272 274//274
f 274//274 276//276 275//275
f 275//275 276//276 278//278
f 278//278 279//279 277//277
f 276//276 274//274 272//272
f 279//279 278//278 272//272
f 279//279 272//272 280//280
f 280//280 271//271 277//277
f 271//271 273//273 277//277
f 273//273 275//275 277//277
usemtl field_material_17
f 281//281 282//282 284//284
f 283//283 284//284 286//286
f 286//286 288//288 287//287
f 287//287 288//288 290//290
f 289//289 290//290 292//292
f 292//292 294//294 293//293
f 294//294 296//296 295//295
f 296//296 298//298 297//297
usemtl field_material_05
f 301//301 302//302 300//300
f 302//302 301//301 303//303
usemtl field_material_17
f 304//304 305//305 307//307
f 306//306 307//307 309//309
f 308//308 309//309 311//311
f 311//311 313//313 312//312
f 313//313 315//315 314//314
f 314//314 315//315 317//317
f 317//317 319//319 318//318
f 319//319 321//321 320//320
usemtl field_material_05
f 323//323 326//326 324//324
f 326//326 323//323 325//325
usemtl field_material_17
f 327//327 328//328 330//330
f 330//330 332//332 331//331
f 331//331 332//332 334//334
f 333//333 334//334 336//336
f 336//336 338//338 337//337
f 338//338 340//340 339//339
f 339//339 340//340 342//342
f 341//341 342//342 344//344
usemtl field_material_05
f 347//347 349//349 346//346
f 349//349 347//347 348//348
f 351//351 352//352 350//350
f 352//352 354//354 353//353
f 354//354 356//356 355//355
f 356//356 359//359 357//357
f 354//354 352//352 351//351
f 359//359 356//356 351//351
f 358//358 359//359 351//351
f 350//350 353//353 358//358
f 353//353 355//355 358//358
usemtl field_material_07
f 361//361 363//363 362//362
f 362//362 363//363 365//365
f 365//365 367//367 366//366
f 367//367 369//369 368//368
f 369//369 371//371 370//370
f 371//371 373//373 372//372
f 373//373 375//375 374//374
f 374//374 375//375 377//377
f 377//377 378//378 376//376
usemtl field_material_05
f 380//380 382//382 381//381
f 379//379 382//382 380//380
usemtl field_material_07
f 384//384 386//386 385//385
f 386//386 388//388 387//387
f 388//388 390//390 389//389
f 390//390 392//392 391//391
f 392//392 394//394 393//393
f 394//394 396//396 395//395
f 396//396 398//398 397//397
f 397//397 398//398 400//400
f 400//400 401//401 399//399
usemtl field_material_05
f 403//403 404//404 402//402
f 404//404 403//403 405//405
usemtl field_material_07
f 406//406 407//407 409//409
f 408//408 409//409 411//411
f 410//410 411//411 413//413
f 413//413 415//415 414//414
f 415//415 417//417 416//416
f 417//417 419//419 418//418
f 419//419 421//421 420//420
f 420//420 421//421 423//423
usemtl field_material_05
f 425//425 426//426 428//428
f 427//427 428//428 426//426
f 429//429 430//430 431//431
f 431//431 434//434 432//432
f 433//433 434//434 436//436
f 434//434 431//431 430//430
f 430//430 438//438 434//434
f 438//438 436//436 434//434
f 435//435 436//436 438//438
f 437//437 438//438 430//430
f 429//429 432//432 433//433
f 433//433 435//435 437//437
usemtl field_material_07
f 440//440 442//442 441//441
f 441//441 442//442 444//444
f 444//444 446//446 445//445
f 445//445 446//446 448//448
f 447//447 448//448 450//450
f 450//450 452//452 451//451
f 452//452 454//454 453//453
f 454//454 456//456 455//455
f 456//456 457//457 455//455
usemtl field_material_05
f 459//459 461//461 458//458
f 461//461 459//459 460//460
usemtl field_material_07
f 463//463 465//465 464//464
f 464//464 465//465 467//467
f 466//466 467//467 469//469
f 468//468 469//469 471//471
f 471//471 473//473 472//472
f 472//472 473//473 475//475
f 474//474 475//475 477//477
f 477//477 479//479 478//478
f 479//479 480//480 478//478
usemtl field_material_05
f 482//482 484//484 481//481
f 484//484 482//482 483//483
usemtl field_material_07
f 486//486 488//488 487//487
f 488//488 490//490 489//489
f 489//489 490//490 492//492
f 492//492 494//494 493//493
f 493//493 494//494 496//496
f 495//495 496//496 498//498
f 498//498 500//500 499//499
f 499//499 500//500 502//502
usemtl field_material_05
f 504//504 506//506 505//505
f 506//506 504//504 507//507
f 508//508 509//509 511//511
f 511//511 513//513 510//510
f 511//511 509//509 513//513
f 509//509 515//515 513//513
f 512//512 513//513 515//515
f 515//515 509//509 514//514
f 514//514 508//508 510//510
usemtl field_material_23
f 517//517 519//519 518//518
f 519//519 521//521 520//520
f 520//520 521//521 523//523
f 523//523 525//525 524//524
f 525//525 527//527 526//526
f 526//526 527//527 529//529
f 529//529 531//531 530//530
f 530//530 531//531 533//533
usemtl field_material_05
f 535//535 537//537 538//538
f 537//537 535//535 536//536
usemtl field_material_23
f 539//539 540//540 542//542
f 542//542 544//544 543//543
f 543//543 544//544 546//546
f 546//546 548//548 547//547
f 547//547 548//548 550//550
f 549//549 550//550 552//552
f 552//552 554//554 553//553
f 554//554 556//556 555//555
usemtl field_material_05
f 558//558 560//560 559//559
f 560//560 558//558 561//561
usemtl field_material_23
f 563//563 565//565 564//564
f 565//565 567//567 566//566
f 566//566 567//567 569//569
f 568//568 569//569 571//571
f 570//570 571//571 573//573
f 573//573 575//575 574//574
f 575//575 577//577 576//576
f 576//576 577//577 579//579
f 579//579 580//580 578//578
usemtl field_material_05
f 581//581 583//583 584//584
f 583//583 581//581 582//582
f 585//585 586//586 588//588
f 588//588 589//589 587//587
f 589//589 591//591 590//590
f 591//591 593//593 592//592
f 589//589 588//588 586//586
f 593//593 591//591 586//586
f 593//593 586//586 594//594
f 594//594 585//585 587//587
f 590//590 592//592 594//594
usemtl field_material_23
f 595//595 596//596 598//598
f 597//597 598//598 600//600
f 599//599 600//600 602//602
f 602//602 604//604 603//603
f 603//603 604//604 606//606
f 606//606 608//608 607//607
f 607//607 608//608 610//610
f 610//610 612//612 611//611
usemtl field_material_05
f 615//615 617//617 614//614
f 617//617 615//615 616//616
usemtl field_material_23
f 618//618 619//619 621//621
f 621//621 623//623 622//622
f 622//622 623//623 625//625
f 625//625 627//627 626//626
f 627//627 629//629 628//628
f 628//628 629//629 631//631
f 630//630 631//631 633//633
f 633//633 635//635 634//634
usemtl field_material_05
f 637//637 639//639 638//638
f 639//639 637//637 640//640
usemtl field_material_23
f 642//642 644//644 643//643
f 644//644 646//646 645//645
f 646//646 648//648 647//647
f 647//647 648//648 650//650
f 650//650 652//652 651//651
f 651//651 652//652 654//654
f 653//653 654//654 656//656
f 656//656 658//658 657//657
usemtl field_material_05
f 660//660 661//661 662//662
f 662//662 661//661 663//663
f 664//664 665//665 667//667
f 666//666 667//667 669//669
f 667//667 665//665 669//669
f 665//665 671//671 669//669
f 668//668 669//669 671//671
f 671//671 665//665 670//670
f 664//664 666//666 670//670
usemtl field_material_09
f 679//679 680//680 673//673
f 674//674 681//681 675//675
f 681//681 682//682 675//675
f 676//676 682//682 683//683
f 683//683 684//684 677//677
f 684//684 685//685 677//677
f 687//687 688//688 678//678
f 678//678 688//688 689//689
f 689//689 679//679 673//673
f 680//680 690//690 691//691
f 691//691 681//681 674//674
f 690//690 692//692 693//693
f 691//691 693//693 694//694
f 694//694 695//695 682//682
f 696//696 697//697 683//683
f 684//684 697//697 698//698
f 685//685 698//698 699//699
f 699//699 700//700 687//687
f 700//700 701//701 688//688
f 688//688 701//701 702//702
f 702//702 703//703 679//679
f 703//703 692//692 690//690
f 693//693 704//704 694//694
f 694//694 704//704 705//705
f 695//695 715//715 696//696
f 706//706 716//716 698//698
f 698//698 707//707 699//699
f 699//699 707//707 708//708
f 700//700 708//708 709//709
f 709//709 718//718 701//701
f 710//710 703//703 702//702
f 711//711 712//712 692//692
f 712//712 713//713 693//693
f 705//705 714//714 695//695
f 708//708 717//717 709//709
f 710//710 711//711 703//703
f 711//711 719//719 712//712
f 713//713 720//720 704//704
f 705//705 721//721 714//714
f 714//714 722//722 715//715
f 715//715 729//729 706//706
f 706//706 723//723 716//716
f 717//717 724//724 709//709
f 709//709 724//724 718//718
f 719//719 725//725 712//712
f 726//726 727//727 705//705
f 722//722 728//728 715//715
f 715//715 728//728 729//729
f 723//723 731//731 716//716
f 731//731 732//732 707//707
f 707//707 732//732 733//733
f 717//717 733//733 724//724
f 718//718 734//734 735//735
f 735//735 736//736 710//710
f 710//710 736//736 737//737
f 719//719 739//739 738//738
f 721//721 741//741 722//722
f 722//722 741//741 742//742
f 722//722 742//742 728//728
f 728//728 743//743 729//729
f 743//743 744//744 729//729
f 729//729 744//744 730//730
f 733//733 745//745 724//724
f 745//745 746//746 724//724
f 724//724 746//746 734//734
f 736//736 747//747 737//737
f 737//737 747//747 748//748
f 737//737 748//748 739//739
f 739//739 749//749 738//738
f 738//738 749//749 740//740
f 720//720 755//755 726//726
f 726//726 750//750 727//727
f 730//730 751//751 723//723
f 723//723 751//751 731//731
f 732//732 752//752 733//733
f 733//733 752//752 745//745
f 734//734 753//753 735//735
f 735//735 753//753 754//754
f 728//728 756//756 743//743
f 744//744 751//751 730//730
f 751//751 757//757 731//731
f 758//758 759//759 749//749
f 759//759 760//760 755//755
f 760//760 761//761 750//750
f 761//761 762//762 742//742
f 743//743 762//762 763//763
f 763//763 764//764 751//751
f 752//752 764//764 765//765
f 765//765 766//766 753//753
f 747//747 766//766 758//758
usemtl field_material_05
f 771//771 769//769 772//772
f 769//769 770//770 772//772
f 772//772 770//770 768//768
f 772//772 774//774 773//773
f 774//774 768//768 775//775
f 777//777 774//774 776//776
f 777//777 776//776 778//778
f 775//775 779//779 778//778
f 778//778 769//769 771//771
f 778//778 779//779 769//769
f 782//782 784//784 786//786
f 783//783 792//792 786//786
f 786//786 784//784 788//788
f 786//786 789//789 787//787
f 787//787 789//789 790//790
f 788//788 781//781 790//790
f 790//790 792//792 783//783
f 790//790 781//781 782//782
f 795//795 804//804 796//796
f 794//794 793//793 798//798
f 797//797 796//796 798//798
f 798//798 793//793 800//800
f 798//798 801//801 799//799
f 802//802 801//801 803//803
f 803//803 804//804 795//795
f 804//804 803//803 794//794
f 806//806 809//809 811//811
f 807//807 808//808 811//811
f 811//811 809//809 812//812
f 811//811 812//812 813//813
f 812//812 815//815 814//814
f 813//813 812//812 814//814
f 813//813 814//814 816//816
f 816//816 815//815 805//805
f 816//816 808//808 807//807
f 816//816 805//805 806//806
f 819//819 818//818 822//822
f 822//822 823//823 824//824
f 823//823 818//818 826//826
f 823//823 827//827 825//825
f 825//825 827//827 828//828
f 826//826 829//829 828//828
f 828//828 829//829 819//819
usemtl field_material_29
f 832//832 831//831 834//834
f 832//832 834//834 833//833
f 834//834 831//831 835//835
f 836//836 831//831 837//837
f 837//837 831//831 832//832
f 844//844 839//839 840//840
f 844//844 838//838 839//839
f 839//839 838//838 841//841
f 843//843 838//838 842//842
f 842//842 838//838 844//844
f 846//846 847//847 848//848
f 847//847 845//845 849//849
f 851//851 845//845 850//850
f 850//850 846//846 852//852
f 854//854 855//855 856//856
f 855//855 853//853 857//857
f 857//857 858//858 856//856
f 857//857 853//853 858//858
f 858//858 854//854 859//859
f 866//866 860//860 861//861
f 866//866 861//861 864//864
f 861//861 863//863 862//862
f 863//863 865//865 864//864
f 865//865 860//860 866//866
f 869//869 867//867 868//868
f 868//868 867//867 870//870
f 870//870 867//867 871//871
f 870//870 871//871 872//872
f 871//871 867//867 872//872
f 879//879 873//873 874//874
f 879//879 874//874 877//877
f 874//874 876//876 875//875
f 876//876 878//878 877//877
f 878//878 873//873 879//879
f 881//881 880//880 882//882
f 884//884 881//881 885//885
f 892//892 886//886 888//888
f 892//892 888//888 887//887
f 888//888 886//886 889//889
f 890//890 886//886 891//891
f 891//891 886//886 892//892
f 894//894 895//895 896//896
f 894//894 893//893 895//895
f 895//895 893//893 897//897
f 899//899 893//893 898//898
f 898//898 893//893 894//894
f 906//906 900//900 902//902
f 906//906 902//902 901//901
f 902//902 900//900 903//903
f 904//904 900//900 905//905
f 905//905 900//900 906//906
f 908//908 909//909 910//910
f 909//909 907//907 911//911
f 912//912 908//908 913//913
f 915//915 914//914 916//916
f 916//916 918//918 917//917
f 918//918 920//920 919//919
f 920//920 914//914 921//921
f 923//923 924//924 925//925
f 923//923 922//922 924//924
f 924//924 922//922 926//926
f 928//928 922//922 927//927
f 927//927 922//922 923//923
usemtl field_material_05
f 935//935 929//929 931//931
f 931//931 933//933 930//930
f 933//933 934//934 932//932
f 933//933 931//931 929//929
f 934//934 933//933 929//929
f 934//934 929//929 935//935
f 935//935 930//930 932//932
usemtl field_material_27
f 939//939 941//941 942//942
f 938//938 940//940 941//941
f 940//940 943//943 944//944
f 941//941 944//944 942//942
f 940//940 937//937 943//943
f 943//943 945//945 946//946
f 942//942 944//944 946//946
f 943//943 948//948 945//945
f 945//945 949//949 950//950
f 947//947 946//946 950//950
f 949//949 951//951 952//952
f 950//950 952//952 953//953
f 949//949 948//948 936//936
f 952//952 954//954 953//953
f 951//951 936//936 955//955
f 954//954 956//956 957//957
f 953//953 954//954 957//957
f 956//956 938//938 939//939
f 957//957 939//939 958//958
f 956//956 955//955 937//937
usemtl field_material_25
f 961//961 960//960 963//963
f 961//961 964//964 962//962
f 963//963 959//959 966//966
f 965//965 964//964 966//966
f 959//959 967//967 968//968
f 965//965 966//966 968//968
f 968//968 970//970 969//969
f 970//970 967//967 971//971
f 971//971 960//960 973//973
f 974//974 973//973 961//961
f 977//977 979//979 978//978
f 979//979 976//976 980//980
f 979//979 980//980 981//981
f 980//980 982//982 983//983
f 981//981 980//980 983//983
f 981//981 983//983 984//984
f 984//984 982//982 986//986
f 984//984 987//987 985//985
f 986//986 975//975 989//989
f 990//990 989//989 977//977
f 975//975 976//976 977//977
f 993//993 992//992 995//995
f 993//993 994//994 996//996
f 994//994 998//998 996//996
f 995//995 997//997 998//998
f 999//999 998//998 1000//1000
f 1000//1000 997//997 991//991
f 1000//1000 1001//1001 1002//1002
f 991//991 992//992 1004//1004
f 1005//1005 1004//1004 993//993
f 1007//1007 1019//1019 1006//1006
f 1007//1007 1008//1008 1009//1009
f 1008//1008 1010//1010 1012//1012
f 1008//1008 1006//1006 1011//1011
f 1011//1011 1013//1013 1014//1014
f 1012//1012 1010//1010 1014//1014
f 1014//1014 1016//1016 1015//1015
f 1016//1016 1013//1013 1017//1017
f 1017//1017 1019//1019 1020//1020
f 1021//1021 1020//1020 1007//1007
f 1023//1023 1024//1024 1027//1027
f 1023//1023 1034//1034 1025//1025
f 1024//1024 1026//1026 1027//1027
f 1025//1025 1028//1028 1026//1026
f 1030//1030 1026//1026 1029//1029
f 1029//1029 1028//1028 1022//1022
f 1029//1029 1031//1031 1032//1032
f 1022//1022 1034//1034 1035//1035
f 1036//1036 1035//1035 1023//1023
