# Strawberry URP Gazebo mesh generated by export_gazebo_assets.py
mtllib plant_variant_23.mtl

o field_export_plant_variant_23
v 0.000000000 0.000000000 0.025000000
v 0.000000000 0.026450338 0.020225426
v 0.000000000 0.042797547 0.007725425
v 0.000000000 0.042797547 -0.007725425
v 0.000000000 0.026450338 -0.020225426
v 0.000000000 0.000000000 -0.025000000
v 0.018703211 0.018703211 0.020225426
v 0.030262435 0.030262435 0.007725425
v 0.030262435 0.030262435 -0.007725425
v 0.018703211 0.018703211 -0.020225426
v 0.026450334 0.000000000 0.020225426
v 0.042797547 0.000000000 0.007725425
v 0.042797547 0.000000000 -0.007725425
v 0.026450334 0.000000000 -0.020225426
v 0.018703211 -0.018703211 0.020225426
v 0.030262435 -0.030262435 0.007725425
v 0.030262435 -0.030262435 -0.007725425
v 0.018703211 -0.018703211 -0.020225426
v 0.000000000 -0.026450334 0.020225426
v 0.000000000 -0.042797547 0.007725425
v 0.000000000 -0.042797547 -0.007725425
v 0.000000000 -0.026450334 -0.020225426
v -0.018703211 -0.018703211 0.020225426
v -0.030262435 -0.030262435 0.007725425
v -0.030262435 -0.030262435 -0.007725425
v -0.018703211 -0.018703211 -0.020225426
v -0.026450334 0.000000000 0.020225426
v -0.042797547 0.000000000 0.007725425
v -0.042797547 0.000000000 -0.007725425
v -0.026450334 0.000000000 -0.020225426
v -0.018703211 0.018703211 0.020225426
v -0.030262435 0.030262435 0.007725425
v -0.030262435 0.030262435 -0.007725425
v -0.018703211 0.018703211 -0.020225426
v 0.001885999 0.002950475 0.006061193
v -0.116422683 -0.182132021 0.132968932
v 0.006050806 -0.001789778 0.003030606
v -0.112257883 -0.186872274 0.129938334
v 0.004164804 -0.004740246 -0.003030561
v -0.114143878 -0.189822733 0.123877175
v -0.001885999 -0.002950460 -0.006061144
v -0.120194688 -0.188032955 0.120846584
v -0.006050803 0.001789793 -0.003030561
v -0.124359488 -0.183292702 0.123877175
v -0.004164804 0.004740261 0.003030606
v -0.122473493 -0.180342227 0.129938334
v -0.102649190 -0.218359336 0.134222656
v -0.155464083 -0.184527665 0.131535202
v -0.107247278 -0.226925552 0.136527047
v -0.161506638 -0.192241818 0.133865431
v -0.100425735 -0.242807269 0.138905868
v -0.178909093 -0.192639038 0.135055974
v -0.110946856 -0.247549698 0.139679641
v -0.178867996 -0.204133064 0.136347860
v -0.106567509 -0.261757195 0.140343025
v -0.193614841 -0.206114694 0.136073038
v -0.121256106 -0.263714314 0.139200062
v -0.189177245 -0.220297694 0.135868281
v -0.121044233 -0.275136501 0.137946695
v -0.199527591 -0.224968284 0.134096801
v -0.138175011 -0.275419414 0.135088295
v -0.192434371 -0.240735680 0.132426679
v -0.143851832 -0.282961756 0.132283792
v -0.196705401 -0.249195188 0.129583195
v -0.180124164 -0.282074392 0.124053098
v -0.117405243 -0.185471088 0.128234059
v -0.172052011 -0.269158691 0.140694946
v -0.118144579 -0.185429335 0.125208989
v -0.170934871 -0.270245820 0.138075858
v -0.119715378 -0.184104636 0.127460063
v -0.173523366 -0.268544883 0.138401181
v -0.161244035 -0.174318582 0.132222027
v -0.179929748 -0.142666638 0.141732693
v -0.164541438 -0.188916057 0.137086570
v -0.171495318 -0.192436934 0.142193735
v -0.187336400 -0.144958839 0.146911770
v -0.175104842 -0.205813542 0.145107567
v -0.198018134 -0.137138933 0.151931942
v -0.183774486 -0.203818619 0.148062140
v -0.203604132 -0.144386187 0.153968096
v -0.188090459 -0.214642957 0.148084521
v -0.213504016 -0.138474688 0.155653566
v -0.197969779 -0.208555743 0.148070663
v -0.217799425 -0.149123296 0.153976619
v -0.203495443 -0.215287760 0.145124644
v -0.226408750 -0.146613166 0.151949018
v -0.214081228 -0.206648275 0.142219335
v -0.229922324 -0.159170181 0.146937370
v -0.221335202 -0.207892150 0.137327567
v -0.236751154 -0.161622941 0.141715840
v -0.242993727 -0.188237533 0.126966253
v -0.157394290 -0.161418304 0.126690775
v -0.231347531 -0.185401678 0.140366256
v -0.158454329 -0.158835292 0.125468493
v -0.158023909 -0.158783942 0.128228024
v -0.232353181 -0.183678791 0.137709975
v -0.053266600 -0.222892404 0.135258883
v -0.101774395 -0.228262603 0.131253809
v -0.051981088 -0.230343387 0.137780786
v -0.101784363 -0.235906422 0.133773819
v -0.040184051 -0.236632288 0.140681714
v -0.112221897 -0.244678944 0.134885862
v -0.044296850 -0.244669437 0.141567990
v -0.106639922 -0.251633167 0.136552140
v -0.034723375 -0.251145601 0.142736033
v -0.114621878 -0.260070294 0.136307746
v -0.042642020 -0.259542286 0.141648456
v -0.104985088 -0.266506046 0.136632606
v -0.036874391 -0.266378015 0.140842646
v -0.108912237 -0.274424672 0.135046795
v -0.047016598 -0.274961978 0.138022169
v -0.096819863 -0.280525029 0.134015217
v -0.046645287 -0.282347977 0.135447741
v -0.095163263 -0.287749797 0.131632641
v -0.068816550 -0.299618214 0.127402842
v -0.077138722 -0.210298896 0.126403496
v -0.069107190 -0.287604451 0.140228033
v -0.079734825 -0.210733622 0.125468478
v -0.069697201 -0.288136512 0.137216672
v -0.079472646 -0.210240513 0.128464773
v -0.071759865 -0.288020015 0.139457539
v -0.002475683 0.004435219 0.004816636
v 0.096226662 -0.172390789 0.218371943
v 0.004055530 0.005172312 0.002408318
v 0.102757871 -0.171653688 0.215963632
v 0.006531216 0.000737101 -0.002408303
v 0.105233558 -0.176088899 0.211147010
v 0.002475690 -0.004435204 -0.004816622
v 0.101178035 -0.181261212 0.208738685
v -0.004055522 -0.005172297 -0.002408303
v 0.094646819 -0.181998298 0.211147010
v -0.006531209 -0.000737086 0.002408318
v 0.092171133 -0.177563086 0.215963632
v 0.135757759 -0.178799063 0.226075754
v 0.080910273 -0.209345654 0.225838766
v 0.141261101 -0.186949357 0.230830640
v 0.084982514 -0.218363449 0.230834559
v 0.158586964 -0.188469693 0.234676525
v 0.077182904 -0.233908534 0.234682173
v 0.157839134 -0.200000450 0.237053767
v 0.087390363 -0.239324182 0.237058669
v 0.172450781 -0.202870607 0.237790495
v 0.082164034 -0.253267676 0.237796769
v 0.167185962 -0.216745391 0.236831322
v 0.096737191 -0.256069124 0.236836225
v 0.177280620 -0.221959561 0.234231651
v 0.095876560 -0.267398417 0.234237298
v 0.169301569 -0.237184167 0.230163321
v 0.113022983 -0.268598258 0.230167240
v 0.173125193 -0.245756879 0.224894017
v 0.118301086 -0.276341736 0.225075021
v 0.154695824 -0.277283639 0.212239772
v 0.146420434 -0.264512926 0.227020413
v 0.098615363 -0.176670134 0.215042591
v 0.148281470 -0.263840854 0.224352047
v 0.098808274 -0.177015737 0.211744294
v 0.079985090 -0.218805686 0.220875636
v 0.031914733 -0.210467845 0.225078419
v 0.079679482 -0.226331532 0.224523455
v 0.030336225 -0.217816144 0.229006812
v 0.089692079 -0.235654652 0.226592138
v 0.018319618 -0.223337591 0.233077079
v 0.083797544 -0.242229402 0.229072794
v 0.022030320 -0.231569946 0.234685004
v 0.091301985 -0.251112849 0.229183450
v 0.012141474 -0.237451762 0.236376017
v 0.081309319 -0.256972998 0.229690671
v 0.019542091 -0.246313557 0.235302895
v 0.084715620 -0.265141875 0.227827907
v 0.013343163 -0.252824813 0.234312847
v 0.072214797 -0.270562351 0.226377085
v 0.022871543 -0.262046963 0.230860442
v 0.070029587 -0.277760923 0.223305136
v 0.021954458 -0.269463837 0.227513403
v 0.042788472 -0.288169652 0.217270210
v 0.059197173 -0.200077251 0.213051006
v 0.045679256 -0.276634544 0.226734564
v 0.056582671 -0.199772015 0.212115988
v 0.044355486 -0.276844978 0.223923385
v 0.056971770 -0.199371397 0.215112284
v 0.042725604 -0.276223063 0.226105049
v 0.163439646 -0.136716604 0.217724115
v 0.145182207 -0.182060167 0.220642716
v 0.170854628 -0.138853908 0.219783559
v 0.152164266 -0.185420230 0.222884804
v 0.182175457 -0.131220087 0.220718503
v 0.155140817 -0.198575854 0.225204289
v 0.187422603 -0.138529703 0.221905261
v 0.164026245 -0.196820796 0.225787356
v 0.197691128 -0.133118004 0.221415639
v 0.167706504 -0.207823515 0.226390913
v 0.201276228 -0.144139633 0.221162066
v 0.177879885 -0.202430725 0.225044161
v 0.209882721 -0.142439976 0.219232127
v 0.182848081 -0.209795743 0.223717913
v 0.212415546 -0.155683741 0.217554003
v 0.193725169 -0.202250049 0.220655248
v 0.218804896 -0.159141019 0.214715287
v 0.200606227 -0.204506055 0.217638373
v 0.222860098 -0.187537417 0.209111169
v 0.139914796 -0.152941912 0.214875549
v 0.211874694 -0.182870284 0.227334350
v 0.140104324 -0.153713465 0.211864188
v 0.212815657 -0.181602761 0.224727154
v 0.139025629 -0.155475438 0.214105055
v 0.211615786 -0.184458449 0.225051016
v -0.004610725 0.000111721 0.005265810
v 0.178381681 -0.004322498 0.165587783
v -0.002158508 0.006116258 0.002632909
v 0.180833906 0.001682039 0.162954897
v 0.002452224 0.006004533 -0.002632894
v 0.185444638 0.001570314 0.157689095
v 0.004610740 -0.000111728 -0.005265795
v 0.187603146 -0.004545948 0.155056179
v 0.002158523 -0.006116265 -0.002632894
v 0.185150936 -0.010550484 0.157689095
v -0.002452210 -0.006004540 0.002632909
v 0.180540204 -0.010438759 0.162954897
v 0.202438116 0.027259059 0.167640015
v 0.200874418 -0.035273425 0.172982991
v 0.211797029 0.028218875 0.171629071
v 0.210241646 -0.035968438 0.177258730
v 0.221553862 0.042622022 0.173827142
v 0.219304085 -0.050221600 0.181970164
v 0.230863869 0.036363922 0.176867068
v 0.228916869 -0.043984905 0.183914229
v 0.240657121 0.047570519 0.177293047
v 0.238161862 -0.055404060 0.186324626
v 0.249961883 0.036052406 0.178591758
v 0.248014867 -0.044296421 0.185638919
v 0.259749889 0.041998994 0.177276507
v 0.257500112 -0.050844628 0.185419545
v 0.269091040 0.027284337 0.176803127
v 0.267535657 -0.036902975 0.182432801
v 0.278801411 0.025992006 0.174360290
v 0.277254045 -0.036516540 0.179958493
v 0.297551662 -0.006347084 0.170690924
v 0.182778031 -0.004429028 0.162109151
v 0.282780498 -0.007823055 0.173648223
v 0.183129206 -0.002910290 0.159490049
v 0.283031136 -0.005130124 0.172103956
v 0.183015168 -0.006005541 0.159815386
v 0.283110917 -0.007918600 0.170876086
v 0.209315434 -0.042556625 0.169898808
v 0.177577510 -0.079847977 0.169967830
v 0.215499297 -0.046933383 0.173639566
v 0.182950735 -0.085246533 0.173890233
v 0.228526369 -0.043255445 0.176658034
v 0.181446582 -0.098673433 0.177020624
v 0.231097639 -0.051847164 0.178675756
v 0.190353796 -0.099807054 0.178989545
v 0.242548704 -0.049944054 0.179419085
v 0.190331623 -0.111409172 0.179821223
v 0.242500871 -0.061532535 0.179002404
v 0.201757029 -0.109492429 0.179316193
v 0.251332849 -0.062626183 0.177311331
v 0.204253048 -0.118044175 0.177673906
v 0.249709010 -0.075989500 0.174619496
v 0.217160448 -0.114302650 0.174870163
v 0.254916638 -0.081291080 0.171160355
v 0.223207936 -0.118604973 0.171236396
v 0.250277728 -0.109468825 0.162293747
v 0.182997927 -0.050125349 0.160104960
v 0.241596967 -0.101200022 0.173878938
v 0.242152393 -0.101258174 0.170882657
v 0.181337625 -0.052370124 0.158882678
v 0.181070730 -0.052028563 0.161642209
v 0.240341082 -0.103168130 0.171817660
v 0.180491418 0.071657591 0.169085845
v 0.210232109 0.032941736 0.172896490
v 0.185771629 0.076971538 0.173236474
v 0.216324151 0.037259638 0.177344710
v 0.184676170 0.090601951 0.175813973
v 0.228868797 0.033160746 0.181756333
v 0.193440273 0.091434285 0.178559303
v 0.231685519 0.041723460 0.183701947
v 0.193919286 0.103054836 0.178899080
v 0.242934152 0.039345734 0.185489848
v 0.205243930 0.100598320 0.179360136
v 0.243489176 0.050887488 0.184502766
v 0.208283454 0.108930014 0.177415624
v 0.252476096 0.051488813 0.183357984
v 0.221182570 0.104463637 0.175638944
v 0.251735091 0.064751744 0.179747194
v 0.227713227 0.108289063 0.172060490
v 0.257449806 0.069605775 0.176199466
v 0.254952252 0.097467817 0.165143535
v 0.183213592 0.043446887 0.161501244
v 0.245309263 0.090556815 0.173878938
v 0.184329987 0.042705063 0.158690065
v 0.245482340 0.091087788 0.170882657
v 0.185107827 0.041143589 0.160871729
v 0.246971011 0.088916928 0.171817675
v -0.002759803 -0.003162853 0.005601775
v 0.110651761 0.126811475 0.134861693
v -0.005947649 0.002404250 0.002800893
v 0.107463911 0.132378578 0.132060796
v -0.003187846 0.005567107 -0.002800874
v 0.110223725 0.135541439 0.126459032
v 0.002759811 0.003162853 -0.005601764
v 0.116171375 0.133137196 0.123658150
v 0.005947661 -0.002404250 -0.002800874
v 0.119359225 0.127570093 0.126459032
v 0.003187854 -0.005567104 0.002800889
v 0.116599426 0.124407232 0.132060796
v 0.101891525 0.164097935 0.143248901
v 0.149143636 0.122787982 0.141797006
v 0.107340172 0.171441019 0.148671508
v 0.155894011 0.129074454 0.147359371
v 0.102638155 0.187788665 0.153553352
v 0.172868773 0.126507625 0.151655406
v 0.113552466 0.190654874 0.156736419
v 0.174331516 0.137620971 0.155093908
v 0.111241668 0.205222502 0.158852890
v 0.189135745 0.137254551 0.156747848
v 0.126106128 0.204970837 0.159030944
v 0.186885178 0.151936918 0.157388419
v 0.127745464 0.216420561 0.158142373
v 0.197976083 0.155139521 0.156244442
v 0.145001143 0.214388877 0.155555040
v 0.193554997 0.172022298 0.154242903
v 0.152081192 0.221330017 0.152396947
v 0.199382603 0.180080682 0.150921956
v 0.188658684 0.215877041 0.143040583
v 0.179850459 0.204485357 0.142725050
v 0.112126991 0.131129965 0.129041940
v 0.114322856 0.129409462 0.127814069
v 0.178589731 0.206010401 0.140056670
v 0.114038207 0.129216343 0.130586207
v 0.159265473 0.126378193 0.136750907
v 0.167633682 0.078250587 0.140163153
v 0.166443855 0.128561258 0.140349552
v 0.175092101 0.079171538 0.143987328
v 0.171842262 0.141090974 0.142544046
v 0.184351519 0.069651328 0.147805899
v 0.180024207 0.137717187 0.144908249
v 0.190849975 0.075891808 0.149461970
v 0.185852766 0.147775710 0.145165905
v 0.199727014 0.068540670 0.151001930
v 0.194742829 0.140342116 0.145555332
v 0.205568612 0.078516737 0.150109053
v 0.201279521 0.146340832 0.143838197
v 0.213788778 0.074901186 0.149100065
v 0.210599720 0.136436045 0.142290801
v 0.219247997 0.087046325 0.145928577
v 0.218111292 0.136854738 0.139165178
v 0.226520181 0.088755175 0.142839551
v 0.237113133 0.114771791 0.133158848
v 0.148555711 0.099026196 0.131039008
v 0.225623697 0.111535728 0.142580166
v 0.148687467 0.100599304 0.128431782
v 0.225391269 0.114234291 0.141042903
v 0.149172589 0.097540021 0.128755644
v 0.226056963 0.111522742 0.139820620
v 0.054352202 0.176730216 0.138320327
v 0.103257969 0.174854651 0.136698708
v 0.054081261 0.184188664 0.141607791
v 0.104295760 0.182307169 0.140080288
v 0.043234393 0.192069829 0.144665718
v 0.115867056 0.189348340 0.142456263
v 0.048457362 0.199350655 0.146354347
v 0.111315198 0.196995437 0.144442230
v 0.039912995 0.207149327 0.147479758
v 0.120471224 0.204130888 0.145029202
v 0.049038243 0.214287996 0.147051007
v 0.111896083 0.211932778 0.145138890
v 0.044396155 0.221944511 0.146059036
v 0.117028818 0.219223022 0.143849567
v 0.055823900 0.229000688 0.143697768
v 0.106038399 0.227119207 0.142170250
v 0.056675456 0.236446694 0.141072482
v 0.105581403 0.234622136 0.139451638
v 0.081441104 0.250474870 0.133454993
v 0.076283969 0.160854831 0.129809693
v 0.079643771 0.238686770 0.142439201
v 0.077682734 0.161147416 0.127568811
v 0.081252962 0.239068389 0.139568821
v 0.079258852 0.160646453 0.130439207
v 0.082625903 0.238671944 0.141809687
v 0.000163207 -0.005132735 0.004756980
v -0.004644854 0.146076769 0.168075293
v -0.005977514 -0.002759039 0.002378494
v -0.010785575 0.148450464 0.165696815
v -0.006140720 0.002373673 -0.002378464
v -0.010948780 0.153583169 0.160939857
v -0.000163206 0.005132690 -0.004756950
v -0.004971267 0.156342193 0.158561379
v 0.005977516 0.002758995 -0.002378464
v 0.001169455 0.153968498 0.160939857
v 0.006140721 -0.002373718 0.002378494
v 0.001332660 0.148835778 0.165696815
v -0.036634598 0.169808865 0.172097445
v 0.026099307 0.171741128 0.170673832
v -0.037711885 0.179478303 0.175217047
v 0.026694482 0.181526259 0.173894271
v -0.052346408 0.188726574 0.178002164
v 0.040814064 0.191688821 0.176088840
v -0.046353549 0.198586062 0.179397911
v 0.034269482 0.201149657 0.177742094
v -0.058001399 0.207834825 0.180078849
v 0.045324601 0.211120322 0.177956760
v -0.046967510 0.217753232 0.179178834
v 0.033655521 0.220316827 0.177523002
v -0.053574339 0.227060914 0.177563980
v 0.039586134 0.230023175 0.175650671
v -0.039553780 0.236979827 0.174559772
v 0.024852587 0.239027783 0.173237011
v -0.039086580 0.246431321 0.171045423
v 0.023649257 0.248405293 0.169874772
v -0.008444601 0.266188174 0.162022442
v -0.004802384 0.151031077 0.164805651
v -0.009249725 0.250976592 0.176503003
v -0.004814968 0.151426688 0.161507353
v -0.007992442 0.251355618 0.173678994
v -0.006273044 0.251147121 0.175870612
v 0.037088182 0.166656911 0.168987647
v 0.070883177 0.151068643 0.176585898
v 0.031921342 0.180627018 0.174204335
v 0.036006805 0.187493429 0.179108813
v 0.076037243 0.157174826 0.181499511
v 0.031658933 0.200611442 0.182286769
v 0.089560881 0.156757146 0.185744792
v 0.040119909 0.203861967 0.184731990
v 0.090229467 0.165909544 0.187724635
v 0.037603643 0.215241164 0.184851170
v 0.101823762 0.166601554 0.188686520
v 0.049171258 0.215761453 0.184082076
v 0.099280819 0.177809030 0.187074721
v 0.049761631 0.224410385 0.180986926
v 0.107663572 0.180556118 0.184444949
v 0.063160852 0.223191857 0.177159056
v 0.103191286 0.192873269 0.179549754
v 0.068135656 0.228257701 0.171814814
v 0.107114598 0.198695958 0.173933089
v 0.096376441 0.224087998 0.159432933
v 0.041178070 0.153171614 0.164776847
v 0.090354912 0.213965684 0.175775871
v 0.042981345 0.152318478 0.162120566
v 0.087930612 0.215997651 0.174761266
v -0.080506660 0.144480392 0.172305986
v -0.043483544 0.176371083 0.175502598
v -0.086048625 0.149469301 0.176444426
v -0.048073109 0.182228491 0.179917902
v -0.099555939 0.147618219 0.179155767
v -0.044626333 0.195002690 0.184179962
v -0.100842439 0.156332687 0.181852520
v -0.053305198 0.197340205 0.186200559
v -0.112465143 0.156156823 0.182340860
v -0.051541697 0.208711803 0.187913299
v -0.110646695 0.167602837 0.182751060
v -0.063109457 0.208610356 0.187099114
v -0.119164452 0.170158505 0.180952847
v -0.064234845 0.217542976 0.185977042
v -0.115461394 0.183279723 0.179140061
v -0.077485882 0.216038913 0.182613522
v -0.119715825 0.189560026 0.175852239
v -0.082715534 0.221473515 0.179059118
v -0.110623732 0.217269331 0.168715939
v -0.053024031 0.148748770 0.162814066
v -0.103138864 0.208110541 0.176875353
v -0.103678718 0.208253607 0.173879057
v -0.051127836 0.150574476 0.161879048
v -0.051065490 0.150019497 0.164875343
v -0.101594605 0.209861487 0.174814060
v 0.004878722 -0.002540834 0.004329272
v -0.140878767 0.073370010 0.213136911
v -0.000360824 -0.006647117 0.002164640
v -0.146118313 0.069263726 0.210972279
v -0.005239516 -0.004106283 -0.002164625
v -0.150997013 0.071804561 0.206643015
v -0.004878663 0.002540834 -0.004329257
v -0.150636166 0.078451678 0.204478383
v 0.000360884 0.006647117 -0.002164625
v -0.145396620 0.082557961 0.206643015
v 0.005239576 0.004106283 0.002164640
v -0.140517920 0.080017127 0.210972279
v -0.176629022 0.057492524 0.223742306
v -0.147642374 0.113051675 0.219954282
v -0.185251087 0.061376017 0.228946850
v -0.155527592 0.118448511 0.225290641
v -0.200182915 0.053232487 0.234062210
v -0.157189414 0.135784894 0.228773683
v -0.205652997 0.063329481 0.236618549
v -0.168445513 0.134772062 0.232041746
v -0.219328687 0.057752036 0.238628164
v -0.171643794 0.149312437 0.232762560
v -0.222603470 0.072229646 0.237747416
v -0.185395986 0.143672228 0.233170614
v -0.234083861 0.071032815 0.236319944
v -0.191090345 0.153585225 0.231031418
v -0.236102492 0.088076510 0.232333452
v -0.206378996 0.145149007 0.228677243
v -0.244407684 0.093078606 0.228174597
v -0.215473771 0.148665160 0.224422053
v -0.247446135 0.129230469 0.215598211
v -0.145567223 0.075811774 0.210594848
v -0.146536693 0.074546166 0.208301082
v -0.234757096 0.121167861 0.222133920
v -0.145140707 0.077311106 0.207975745
v -0.234780937 0.121907987 0.219108850
v -0.233600438 0.123589858 0.221359923
v -0.152611807 0.120400645 0.219415769
v -0.107749201 0.139885679 0.221786931
v -0.156248152 0.126504779 0.224178508
v -0.110216588 0.146546885 0.226781920
v -0.169567555 0.128493413 0.227668926
v -0.102985278 0.157483280 0.231434613
v -0.168117821 0.137024000 0.230851710
v -0.110496119 0.162112445 0.234110624
v -0.179246277 0.140202388 0.232048348
v -0.105398640 0.172355592 0.236224949
v -0.174133211 0.150581047 0.232843816
v -0.116511509 0.175669491 0.236102730
v -0.181598336 0.155607507 0.231653124
v -0.115016066 0.184597373 0.235418826
v -0.174294338 0.167175919 0.230154827
v -0.128262758 0.187218025 0.232758224
v -0.176655233 0.174627274 0.227176696
v -0.131818607 0.194126621 0.229867905
v -0.160073131 0.198921099 0.220771849
v -0.123938262 0.117345378 0.210586727
v -0.155075952 0.188860714 0.222586736
v -0.125644937 0.116937235 0.208590642
v -0.156635955 0.188618973 0.219979525
v -0.122698523 0.118322633 0.207979500
v -0.153614491 0.189831972 0.220590651
v -0.177150235 0.006799551 0.217822760
v -0.186823577 0.054752301 0.220037758
v -0.184283152 0.004493885 0.221775174
v -0.194251493 0.053707287 0.224233344
v -0.189342603 -0.008132394 0.224532649
v -0.203761280 0.063052237 0.228088260
v -0.197611257 -0.004931133 0.226982027
v -0.210089475 0.056673545 0.230059132
v -0.203168169 -0.015135657 0.227536395
v -0.219160199 0.063816532 0.231480002
v -0.212254822 -0.007932682 0.227691621
v -0.224733055 0.053671997 0.230768725
v -0.218629748 -0.014135491 0.225951836
v -0.233048424 0.057049140 0.229507461
v -0.228213876 -0.004510757 0.223903969
v -0.238182217 0.044702642 0.226362139
v -0.235704556 -0.005197315 0.220595807
v -0.245422617 0.042743318 0.222838596
v -0.255279720 0.016172247 0.213073641
v -0.167473137 0.033325810 0.207609877
v -0.243691638 0.018785903 0.222288206
v -0.244186714 0.018685626 0.219004869
v -0.167460248 0.035320681 0.210266158
v 0.004374065 0.002087019 0.005050957
v -0.161977142 -0.077284537 0.181904957
v 0.004797570 -0.004427783 0.002525486
v -0.161553651 -0.083799340 0.179379493
v 0.000423513 -0.006514788 -0.002525456
v -0.165927708 -0.085886344 0.174328536
v -0.004374050 -0.002086990 -0.005050927
v -0.170725256 -0.081458546 0.171803072
v -0.004797556 0.004427813 -0.002525456
v -0.171148777 -0.074943744 0.174328536
v -0.000423498 0.006514817 0.002525486
v -0.166774720 -0.072856739 0.179379493
v -0.170050487 -0.115474530 0.186117843
v -0.197008103 -0.058859944 0.183071256
v -0.178249240 -0.120144077 0.189331532
v -0.205973536 -0.062038034 0.186302483
v -0.180665568 -0.137079284 0.192716628
v -0.220767319 -0.053031906 0.188335270
v -0.191983134 -0.135432914 0.194404110
v -0.226688042 -0.062696546 0.190612376
v -0.195731640 -0.149732858 0.196109787
v -0.240209252 -0.056514367 0.191250324
v -0.209269121 -0.143602192 0.195908666
v -0.243974030 -0.070865817 0.192116931
v -0.215237513 -0.153417826 0.195725739
v -0.255339265 -0.069370449 0.191344380
v -0.230107158 -0.144651890 0.193845198
v -0.257831454 -0.086545847 0.190816149
v -0.239133775 -0.148122460 0.192096800
v -0.266162843 -0.091543660 0.189057887
v -0.270034403 -0.128410235 0.185902312
v -0.165861979 -0.079961024 0.178418115
v -0.255929589 -0.123517975 0.190038681
v -0.166052178 -0.080401130 0.175408170
v -0.167082295 -0.077980459 0.176347435
v -0.256781787 -0.122518867 0.187214673
v -0.257281601 -0.120860569 0.189406291
v -0.197147951 -0.047282778 0.182559043
v -0.196290389 -0.010149335 0.190401688
v -0.207698643 -0.057694916 0.187819913
v -0.215485975 -0.056773752 0.192835167
v -0.203805134 -0.007946169 0.195441738
v -0.225644842 -0.066072211 0.196102202
v -0.208749101 0.004554350 0.199872479
v -0.231956691 -0.059664831 0.198734701
v -0.217334762 0.001456883 0.201997578
v -0.241349667 -0.066555500 0.199014440
v -0.222610295 0.011777721 0.203196123
v -0.246506661 -0.056172393 0.198515490
v -0.231884733 0.004949320 0.201778367
v -0.254744768 -0.059087329 0.195663780
v -0.237849057 0.011539228 0.199434057
v -0.259135902 -0.046296429 0.192177534
v -0.247455060 0.002531148 0.194784105
v -0.265924573 -0.043732785 0.187149689
v -0.254521906 0.003830746 0.189481765
v -0.273840994 -0.016082602 0.175549999
v -0.187025085 -0.038625140 0.176637024
v -0.262568891 -0.020081101 0.190033302
v -0.262911677 -0.019782465 0.187414721
v -0.186559841 -0.035872109 0.175414741
v -0.186119020 -0.035760939 0.178033307
v -0.262080669 -0.017116934 0.188637018
v -0.130628169 -0.145464122 0.189419717
v -0.174782664 -0.124341011 0.187959671
v -0.133324489 -0.152339980 0.194110349
v -0.178673506 -0.130678922 0.192832008
v -0.126475573 -0.163799733 0.198293880
v -0.192070574 -0.132468134 0.196444839
v -0.134146854 -0.168355495 0.200806409
v -0.190914154 -0.141240463 0.199206203
v -0.129393041 -0.178881377 0.202261940
v -0.202145681 -0.144130930 0.200211123
v -0.140605345 -0.181817532 0.201810524
v -0.197372630 -0.154702514 0.200210318
v -0.139392540 -0.190723822 0.200302124
v -0.204987541 -0.159392238 0.198453069
v -0.152699932 -0.192726120 0.197122708
v -0.198048949 -0.171065062 0.195844367
v -0.156467438 -0.199322268 0.193381056
v -0.200629205 -0.178217024 0.191937163
v -0.184786171 -0.202541888 0.182888955
v -0.145338327 -0.121894427 0.178411037
v -0.179612428 -0.191926628 0.190633088
v -0.145252496 -0.122446276 0.175414741
v -0.178407609 -0.192946658 0.188025862
v -0.147544369 -0.121247366 0.176025882
v -0.181303784 -0.191459090 0.188637018
v 0.000001579 -0.000026278 0.040499948
v 0.012455114 -0.207254797 0.039505970
v 0.004755350 0.000272594 0.037749980
v 0.017208885 -0.206955910 0.036756001
v 0.004753771 0.000298880 0.032250039
v 0.017207306 -0.206929624 0.031256061
v -0.000001580 0.000026293 0.029500071
v 0.012451955 -0.207202226 0.028506093
v -0.004755352 -0.000272579 0.032250039
v 0.007698183 -0.207501084 0.031256061
v -0.004753772 -0.000298865 0.037749980
v 0.007699763 -0.207527369 0.036756001
v 0.012453534 -0.207228497 -0.025370944
v 0.017220911 -0.201015547 -0.021397296
v 0.010365821 -0.197008729 -0.019387754
v 0.005212353 -0.204481676 -0.021428192
v 0.004020031 -0.213192835 -0.019426327
v 0.012453531 -0.214677408 -0.021728322
v 0.019620519 -0.209403247 -0.021735415
v 0.024802575 -0.210681200 -0.016836111
v 0.025208600 -0.203146353 -0.016081341
v 0.018986624 -0.196165100 -0.017086264
v 0.005214918 -0.196181580 -0.016273098
v 0.019231908 -0.218968987 -0.015976448
v 0.027350307 -0.194118142 -0.008663118
v 0.020270512 -0.188700452 -0.008430049
v -0.000033399 -0.200153887 -0.014811483
v -0.000326753 -0.207431287 -0.016888114
v 0.009269130 -0.219649419 -0.016836122
v 0.032517355 -0.209774241 -0.008388896
v 0.031154970 -0.199337140 -0.008211925
v 0.013973583 -0.186959743 -0.007967133
v 0.001510206 -0.189873576 -0.008546850
v -0.006387078 -0.199424446 -0.008013614
v -0.007696623 -0.209860772 -0.008454232
v -0.003663870 -0.219595760 -0.008451126
v 0.001796126 -0.224041194 -0.008525923
v 0.009648134 -0.227511868 -0.008359178
v 0.020194983 -0.225918025 -0.008401081
v 0.028859226 -0.219375581 -0.008359987
v 0.024972299 -0.186147720 0.000121214
v 0.006408598 -0.183724374 -0.000244184
v -0.004820397 -0.224573538 0.000146110
v 0.002659159 -0.229948044 -0.000051447
v 0.012541343 -0.231742993 0.000044796
v 0.029773379 -0.224548340 0.000166711
v 0.033727631 -0.219409719 0.000044847
v 0.037025612 -0.210636094 -0.000080020
v 0.036218040 -0.200831220 0.000022456
v 0.032366447 -0.192647830 -0.000311812
v 0.015514376 -0.182677358 -0.000140169
v -0.002825082 -0.187796712 -0.000010936
v -0.010459648 -0.197737560 0.000138315
v -0.012126388 -0.209528282 -0.000207511
v -0.009492408 -0.217772365 -0.000546261
v 0.022191703 -0.230000019 -0.000229798
v 0.039365243 -0.207228497 0.008831102
v 0.031815734 -0.187925026 0.011364694
v 0.019491747 -0.180961534 0.010424432
v 0.005629121 -0.181211025 0.008871629
v -0.001143231 -0.183678180 0.010424437
v -0.013823981 -0.214203343 0.010474197
v 0.005464952 -0.233211353 0.008811306
v 0.038717370 -0.200191125 0.010546517
v 0.035728768 -0.193278745 0.010496391
v 0.025938427 -0.183921203 0.008627865
v 0.012274409 -0.179971710 0.011622427
v -0.006591351 -0.187709406 0.011772024
v -0.011018647 -0.193676844 0.009899780
v -0.013920870 -0.200346962 0.011622426
v -0.014684563 -0.207062691 0.010451509
v -0.011018651 -0.220780149 0.009899778
v -0.006693246 -0.226628646 0.011622412
v -0.000728522 -0.230946958 0.010496393
v 0.012608803 -0.234399155 0.010798596
v 0.022644481 -0.232378304 0.008934732
v 0.031442739 -0.226635873 0.010250273
v 0.035777360 -0.220692948 0.008644667
v 0.038804010 -0.214261964 0.011759637
v 0.037734605 -0.207228497 0.025582578
v 0.024740748 -0.184955791 0.025180656
v 0.005536432 -0.182711631 0.024979968
v 0.006185490 -0.231919274 0.024979981
v 0.019073458 -0.231934324 0.024757814
v 0.025094071 -0.229122564 0.025582554
v 0.034408305 -0.219904095 0.025233632
v 0.036452740 -0.200654075 0.026268218
v 0.032607540 -0.192399278 0.026417550
v -0.002531447 -0.187192947 0.026480654
v -0.012339886 -0.210492611 0.026497785
v -0.000021695 -0.228742421 0.026362140
v 0.012453531 -0.232081085 0.026387822
v 0.030183071 -0.224707529 0.026246417
v 0.015888803 -0.182446733 0.026408736
v -0.010514895 -0.197188914 0.026248256
v -0.007725219 -0.222099945 0.026248250
v 0.036336526 -0.213735580 0.026471213
v 0.032305941 -0.203844517 0.034049384
v 0.020110587 -0.188742757 0.034046087
v 0.003138190 -0.189769536 0.034023449
v -0.007398874 -0.203844532 0.034049384
v -0.001999556 -0.220745131 0.034023453
v 0.012453534 -0.227125019 0.034022398
v 0.026906626 -0.220745131 0.034023453
v 0.012453534 -0.207228497 0.034896687
v 0.020550849 -0.211385041 0.036433373
v 0.021610066 -0.198087811 0.035188019
v 0.021610066 -0.198087811 0.028824059
v 0.023843691 -0.202609912 0.035313055
v 0.023843691 -0.202609897 0.028699027
v 0.025088931 -0.200516328 0.032006040
v 0.022215206 -0.216030002 0.035393510
v 0.022215206 -0.216030002 0.028618570
v 0.022358393 -0.219744191 0.032006040
v 0.018131204 -0.213940650 0.032006044
v 0.020550845 -0.211385041 0.027578712
v 0.019376442 -0.202609897 0.035313051
v 0.020861745 -0.194712773 0.032006040
v 0.019376444 -0.202609912 0.028699027
v 0.018908855 -0.200811937 0.036433373
v 0.006589757 -0.195695490 0.035188019
v 0.003148656 -0.195364237 0.032006040
v 0.006589757 -0.195695490 0.028824059
v 0.011580705 -0.194968581 0.028699031
v 0.011580668 -0.194968566 0.035313047
v 0.009974436 -0.193137333 0.032006044
v 0.027417451 -0.201675981 0.032006051
v 0.023840800 -0.200664401 0.035393506
v 0.023840789 -0.200664401 0.028618572
v 0.020591659 -0.203902885 0.032006044
v 0.018908843 -0.200811937 0.027578712
v 0.010200251 -0.199217170 0.035313051
v 0.010200246 -0.199217170 0.028699033
v 0.001745660 -0.204586551 0.036433373
v 0.000361899 -0.209322706 0.035393506
v -0.002916219 -0.211531997 0.032006040
v 0.000361903 -0.209322706 0.028618572
v 0.001903816 -0.203759924 0.027659168
v 0.002213351 -0.199788570 0.032006040
v 0.005953439 -0.196797013 0.035313051
v 0.011796892 -0.191281140 0.032006044
v 0.010418497 -0.194451451 0.035188019
v 0.009729586 -0.194370151 0.028618574
v 0.011805506 -0.198460996 0.032006044
v 0.009567524 -0.199422807 0.035313055
v 0.009567526 -0.199422792 0.028699027
v 0.001675791 -0.210696504 0.032006040
v 0.001745656 -0.209870458 0.036433373
v 0.010418499 -0.220005542 0.035188019
v 0.010418499 -0.220005542 0.028824059
v 0.005953434 -0.217659980 0.035313051
v 0.008415696 -0.221460655 0.032006040
v 0.005953450 -0.217659995 0.028699031
v -0.001714024 -0.209225148 0.032006044
v 0.001745651 -0.209870443 0.027578712
v -0.001705406 -0.202045292 0.032006044
v 0.000361898 -0.205134302 0.035393510
v 0.000361901 -0.205134302 0.028618570
v 0.007878132 -0.210552722 0.032006040
v 0.009567527 -0.215034202 0.035313051
v 0.013007704 -0.222296149 0.032006040
v 0.009567529 -0.215034217 0.028699027
v 0.018908868 -0.213645071 0.036433373
v 0.023840794 -0.213792592 0.035393510
v 0.023840800 -0.213792592 0.028618572
v 0.027417462 -0.212781012 0.032006040
v 0.011580658 -0.219488427 0.035313047
v 0.016364936 -0.219266564 0.032006040
v 0.011580694 -0.219488427 0.028699033
v 0.006589758 -0.218761504 0.035188019
v 0.003611151 -0.220516175 0.032006040
v 0.006725320 -0.218081191 0.028618569
v 0.007824381 -0.214702472 0.032006040
v 0.010200253 -0.215239838 0.035313059
v 0.023211356 -0.210757822 0.032006040
v 0.018073836 -0.213540047 0.027659168
v 0.000066539 0.000708371 0.040453784
v -0.024728181 -0.263255417 0.075041540
v 0.004775533 -0.000091270 0.037726890
v -0.020019187 -0.264055073 0.072314650
v 0.004708994 -0.000799641 0.032273103
v -0.020085726 -0.264763415 0.066860862
v -0.000066539 -0.000708371 0.029546211
v -0.024861259 -0.264672160 0.064133964
v -0.004775534 0.000091270 0.032273103
v -0.029570254 -0.263872504 0.066860862
v -0.004708995 0.000799641 0.037726890
v -0.029503714 -0.263164163 0.072314650
v -0.024794720 -0.263963789 -0.016691811
v -0.016606227 -0.258059710 -0.010955987
v -0.022606218 -0.250329584 -0.007742248
v -0.029849373 -0.255208910 -0.010760655
v -0.034759667 -0.262348473 -0.010955994
v -0.032198846 -0.270996720 -0.010708764
v -0.023775876 -0.274007291 -0.010955980
v -0.015587386 -0.268103182 -0.010955990
v -0.028138231 -0.246272698 -0.002340613
v -0.036566745 -0.252632558 -0.005093446
v -0.042236812 -0.262105256 -0.002934993
v -0.038830403 -0.272707164 -0.004817891
v -0.031104287 -0.280330569 -0.002934964
v -0.022459261 -0.281703323 -0.002422748
v -0.014792508 -0.277509063 -0.003965190
v -0.009095568 -0.268493056 -0.005093457
v -0.004273902 -0.266665399 0.001438456
v -0.009350428 -0.256325275 -0.003777695
v -0.015255290 -0.249838784 -0.003743501
v -0.032674205 -0.239280045 0.007741504
v -0.040845610 -0.251361400 0.001193251
v -0.042661939 -0.273495853 0.000611995
v -0.008743811 -0.276566178 0.001193251
v 0.001443786 -0.267418146 0.007894211
v 0.000595681 -0.257377863 0.008349102
v -0.001839533 -0.251973242 0.007734284
v -0.008570120 -0.243115738 0.008194283
v -0.020582331 -0.237980068 0.007837757
v -0.040950920 -0.242908612 0.008478691
v -0.047509998 -0.250849158 0.008046221
v -0.050185122 -0.257377863 0.008349108
v -0.051109351 -0.267428190 0.008426906
v -0.047339920 -0.277396232 0.008231412
v -0.041187849 -0.284765124 0.007743168
v -0.033439077 -0.288956106 0.008445572
v -0.020881260 -0.290267199 0.008027794
v -0.011680052 -0.286679059 0.008046216
v -0.003365853 -0.279617190 0.007895173
v 0.006801344 -0.264279932 0.019773060
v -0.019789917 -0.232288718 0.019748168
v -0.047784142 -0.285778582 0.019814145
v -0.024730884 -0.295840830 0.020348400
v -0.016529039 -0.294812083 0.020185817
v -0.002209165 -0.286459178 0.020348378
v 0.003476278 -0.278388292 0.019593051
v 0.005160429 -0.252288163 0.019725243
v -0.004748748 -0.238545284 0.020380905
v -0.037107065 -0.234239161 0.019762520
v -0.050303049 -0.244122475 0.020056501
v -0.056775600 -0.259844959 0.020033628
v -0.054409318 -0.276887804 0.020116482
v -0.036959611 -0.293814421 0.020036178
v -0.008609763 -0.291576505 0.020103715
v 0.006174897 -0.272044450 0.020103715
v 0.010244677 -0.264149189 0.033061594
v 0.005611989 -0.246543288 0.033080883
v -0.007265563 -0.233602375 0.033003684
v -0.024710314 -0.228544459 0.035389647
v -0.055133402 -0.246409416 0.032974910
v -0.059015058 -0.273133099 0.035317186
v -0.049702395 -0.288609296 0.033061605
v -0.015956294 -0.298212796 0.034950521
v 0.009421916 -0.254795462 0.035490502
v 0.000489338 -0.239225075 0.035061710
v -0.015631046 -0.229633123 0.037244067
v -0.033996586 -0.229621977 0.036602013
v -0.042573720 -0.233472705 0.034823731
v -0.050070286 -0.239018768 0.037045680
v -0.058889449 -0.254604012 0.035350963
v -0.059873361 -0.263929993 0.032708205
v -0.055373769 -0.281618595 0.034554239
v -0.042506553 -0.294641614 0.035490613
v -0.033873420 -0.297852695 0.032735415
v -0.024760721 -0.299496412 0.037244186
v -0.007223579 -0.294324070 0.032718550
v 0.000354662 -0.289065123 0.037244096
v 0.005589726 -0.281504214 0.032735404
v 0.009449798 -0.272929728 0.035853587
v 0.008326843 -0.263739079 0.056829367
v 0.004001763 -0.247597650 0.056829374
v -0.008286740 -0.235371128 0.056882039
v -0.053659450 -0.247796312 0.057053410
v -0.057967223 -0.264396220 0.056518871
v -0.047945455 -0.287726074 0.056518864
v -0.033519611 -0.295753181 0.057166204
v -0.008582921 -0.292908251 0.056518812
v 0.003653290 -0.280619115 0.057166215
v 0.006470743 -0.255586237 0.058539368
v -0.002033288 -0.240867659 0.058332421
v -0.024608104 -0.231555179 0.058364738
v -0.041163288 -0.235946596 0.058296356
v -0.056177270 -0.255799860 0.058332413
v -0.056147348 -0.272171468 0.058364745
v -0.052863192 -0.280169100 0.058466785
v -0.041160684 -0.291937143 0.058364719
v -0.016173599 -0.295223832 0.058332387
v 0.006461288 -0.272532046 0.058364734
v -0.016319390 -0.232864857 0.058670994
v -0.033136576 -0.232831493 0.058774076
v -0.047669671 -0.241088867 0.058338203
v -0.024654046 -0.296122462 0.058895249
v -0.002099943 -0.286853105 0.058671076
v -0.000011755 -0.257323235 0.069611825
v -0.009252397 -0.243708640 0.069591336
v -0.022068489 -0.238663733 0.069594853
v -0.038424920 -0.242080346 0.069610141
v -0.048239108 -0.254252821 0.069597282
v -0.049906652 -0.269799709 0.069610141
v -0.040337063 -0.284218937 0.069591336
v -0.024794761 -0.289621025 0.069611825
v -0.009252375 -0.284218937 0.069591336
v -0.001062321 -0.273145258 0.069594853
v -0.024794720 -0.263963789 0.070881948
v -0.014365781 -0.269768506 0.072009355
v -0.012866308 -0.252056032 0.070769735
v -0.013923320 -0.247704446 0.067587756
v -0.012866308 -0.252056032 0.064405777
v -0.009641291 -0.252056032 0.067587756
v -0.009962985 -0.258057088 0.070919447
v -0.008305445 -0.263963789 0.067587756
v -0.009962986 -0.258057088 0.064256065
v -0.011809293 -0.280223131 0.067587763
v -0.011366837 -0.269768506 0.063166156
v -0.012033425 -0.275366038 0.071021020
v -0.016091324 -0.275871545 0.067587756
v -0.013699191 -0.275366008 0.064154491
v -0.015769631 -0.258057058 0.070919447
v -0.017427171 -0.263963789 0.067587756
v -0.015769631 -0.258057088 0.064256065
v -0.015124659 -0.252986878 0.072009355
v -0.032433588 -0.248939514 0.070769735
v -0.036245562 -0.246589527 0.067587756
v -0.031695426 -0.248303622 0.064154491
v -0.025829103 -0.248032704 0.070919447
v -0.019699255 -0.248281568 0.067587756
v -0.008787105 -0.253231734 0.067587756
v -0.014593855 -0.251683265 0.064256057
v -0.005971698 -0.258648902 0.067587763
v -0.009783690 -0.256298900 0.064405777
v -0.010521826 -0.256934822 0.071021013
v -0.027623489 -0.253555149 0.070919439
v -0.022518022 -0.256956846 0.067587756
v -0.016388170 -0.257205725 0.064256072
v -0.033430174 -0.252006680 0.067587756
v -0.027092606 -0.252251536 0.063166156
v -0.039070025 -0.260767192 0.072009355
v -0.044857163 -0.269485235 0.067587756
v -0.041820891 -0.265687495 0.064154491
v -0.038134824 -0.254271626 0.067587756
v -0.033321932 -0.250467241 0.070919439
v -0.030054901 -0.245423242 0.067587756
v -0.033321954 -0.250467271 0.064256065
v -0.027445808 -0.247318864 0.070769735
v -0.024032863 -0.244419649 0.067587756
v -0.027445808 -0.247318864 0.064405777
v -0.028624268 -0.253880292 0.070919447
v -0.030755194 -0.259633243 0.067587756
v -0.028624274 -0.253880322 0.064256072
v -0.040473264 -0.266666591 0.071021020
v -0.038835119 -0.268481642 0.067587756
v -0.036643852 -0.262529939 0.063166156
v -0.029819991 -0.274789900 0.072009355
v -0.028416755 -0.280689299 0.071021020
v -0.024032857 -0.283507943 0.067587763
v -0.030054897 -0.282504350 0.067587756
v -0.032246172 -0.276552647 0.063166156
v -0.040265754 -0.267903000 0.070919439
v -0.038134824 -0.273655951 0.067587756
v -0.040265750 -0.267903030 0.064256072
v -0.041444216 -0.261341572 0.070769735
v -0.044857167 -0.258442342 0.067587763
v -0.041444216 -0.261341572 0.064405777
v -0.035568114 -0.264489919 0.070919447
v -0.038835123 -0.259445935 0.067587756
v -0.035568118 -0.264489919 0.064256072
v -0.030755196 -0.268294334 0.067587756
v -0.027069127 -0.279710203 0.064154498
v -0.021108638 -0.275308371 0.072087757
v -0.021108638 -0.275308371 0.063087754
v -0.005318440 -0.271289229 0.067587763
v -0.014593812 -0.276244313 0.070919439
v -0.019699253 -0.279646009 0.067587756
v -0.014593812 -0.276244313 0.064256072
v -0.031695444 -0.279623985 0.071021013
v -0.031437002 -0.282055259 0.067587756
v -0.031695433 -0.279623985 0.064154491
v -0.027623499 -0.274372458 0.070919439
v -0.036898844 -0.279327512 0.067587763
v -0.027623495 -0.274372458 0.064256072
v -0.022518024 -0.270970732 0.067587756
v -0.010521838 -0.270992786 0.071021013
v -0.010780277 -0.268561482 0.067587756
v -0.010521860 -0.270992786 0.064154491
v -0.000053562 -0.000055946 0.040499464
v -0.165434718 -0.172889978 0.037130229
v 0.003414646 -0.003320999 0.037749734
v -0.161966518 -0.176155031 0.034380499
v 0.003468201 -0.003265031 0.032250281
v -0.161912963 -0.176099062 0.028881047
v 0.000053547 0.000055976 0.029500553
v -0.165327609 -0.172778040 0.026131319
v -0.003414661 0.003321029 0.032250281
v -0.168795824 -0.169512987 0.028881047
v -0.003468215 0.003265060 0.037749734
v -0.168849379 -0.169568956 0.034380499
v -0.165381178 -0.172833994 -0.026592324
v -0.158673063 -0.169816270 -0.022724867
v -0.161964431 -0.163756490 -0.020942764
v -0.170049325 -0.164142981 -0.020707482
v -0.174714014 -0.171703845 -0.021197233
v -0.170032293 -0.178532526 -0.022724854
v -0.161351368 -0.178085759 -0.023550101
v -0.153023317 -0.175491199 -0.017569987
v -0.152627811 -0.169416741 -0.016786007
v -0.177082911 -0.178018510 -0.017294953
v -0.172766536 -0.182955414 -0.017652279
v -0.165381178 -0.185170472 -0.018293602
v -0.157004610 -0.181963578 -0.017914947
v -0.156147614 -0.163922817 -0.017372539
v -0.165808082 -0.159250155 -0.016344404
v -0.176105112 -0.165757209 -0.017325170
v -0.173740789 -0.189712018 -0.010222214
v -0.161342159 -0.191312134 -0.010060719
v -0.146187440 -0.175360888 -0.009582766
v -0.147518277 -0.165589988 -0.009805715
v -0.153246060 -0.157769352 -0.010000624
v -0.164623022 -0.153367400 -0.010097468
v -0.173866332 -0.155534476 -0.009641484
v -0.180885985 -0.161099657 -0.009910858
v -0.184937745 -0.172219411 -0.009929243
v -0.181892306 -0.182868630 -0.009872476
v -0.167696521 -0.191944793 -0.010101145
v -0.153752699 -0.188199520 -0.009776481
v -0.148816094 -0.182397857 -0.009884848
v -0.150841460 -0.154485658 -0.001756541
v -0.161715686 -0.149780184 -0.001973864
v -0.181899399 -0.156433091 -0.001675630
v -0.188637942 -0.172833994 -0.001558924
v -0.181991488 -0.189093530 -0.001651741
v -0.174819097 -0.194181636 -0.001973898
v -0.142028764 -0.176250726 -0.001572259
v -0.143686160 -0.163899675 -0.001981264
v -0.174611017 -0.151206002 -0.001942699
v -0.186768994 -0.163368329 -0.001880570
v -0.187209964 -0.181586370 -0.001940483
v -0.162321180 -0.196073338 -0.001714589
v -0.151090160 -0.191563100 -0.001579282
v -0.145098269 -0.184366465 -0.001757558
v -0.139599666 -0.173072472 0.008258619
v -0.155387595 -0.149052441 0.006822882
v -0.165085748 -0.147058144 0.008300869
v -0.172064841 -0.147890270 0.008506440
v -0.190303415 -0.166092947 0.008555247
v -0.187512934 -0.185611770 0.006944510
v -0.172262698 -0.197851807 0.009316141
v -0.140496522 -0.166013420 0.008871826
v -0.143114313 -0.159610346 0.009825078
v -0.147198766 -0.154410884 0.009678588
v -0.181487694 -0.152532727 0.007387828
v -0.187882513 -0.160039380 0.009678565
v -0.191326320 -0.172834009 0.009632748
v -0.190311864 -0.179843977 0.009825046
v -0.183754578 -0.191011488 0.010305924
v -0.178168282 -0.194981888 0.006760291
v -0.165381148 -0.198654667 0.008625277
v -0.158760861 -0.197536379 0.006762219
v -0.152291775 -0.195165113 0.009678576
v -0.147111073 -0.190948188 0.008174881
v -0.142879874 -0.185628623 0.009678562
v -0.140688583 -0.179475918 0.006743803
v -0.153563514 -0.151729465 0.022789940
v -0.159022793 -0.149655864 0.023229707
v -0.177715972 -0.152104557 0.023151789
v -0.186266661 -0.184727341 0.023229703
v -0.177383602 -0.193622798 0.023379305
v -0.159151003 -0.196085304 0.023037510
v -0.141933888 -0.178629741 0.022986475
v -0.141702950 -0.172794104 0.023874616
v -0.168350577 -0.149242356 0.024144929
v -0.182192430 -0.156190977 0.024002096
v -0.187484860 -0.164032400 0.024040649
v -0.167732924 -0.196377143 0.024329159
v -0.150594518 -0.191396609 0.024298253
v -0.143248945 -0.164468959 0.024329169
v -0.148763955 -0.156216756 0.024320068
v -0.188723549 -0.175690994 0.024553219
v -0.182070389 -0.189382881 0.024249000
v -0.144908637 -0.184451684 0.024189973
v -0.149184942 -0.163483128 0.031648111
v -0.160490930 -0.154583335 0.031646054
v -0.176948532 -0.157759130 0.031668849
v -0.183832258 -0.170404837 0.031633664
v -0.180456057 -0.184401333 0.031668849
v -0.168234900 -0.191161916 0.031635948
v -0.158259347 -0.190027684 0.031633664
v -0.147447065 -0.179477543 0.031671740
v -0.165381178 -0.172833994 0.032504126
v -0.155365333 -0.176020384 0.033980366
v -0.156116351 -0.164468437 0.033010237
v -0.156116351 -0.164468437 0.026251324
v -0.155985013 -0.160943702 0.029630782
v -0.153361470 -0.172833994 0.029630780
v -0.155648470 -0.180236414 0.025887368
v -0.157255799 -0.181199551 0.033010237
v -0.155985013 -0.184724286 0.029630780
v -0.158807874 -0.177230462 0.026327386
v -0.158807874 -0.168437570 0.032934174
v -0.159989566 -0.179223254 0.029630782
v -0.159036919 -0.164153934 0.029630780
v -0.157674491 -0.168956608 0.025202177
v -0.166076407 -0.162426248 0.034059383
v -0.174219221 -0.161556885 0.029630788
v -0.167749941 -0.159448236 0.029630778
v -0.166076422 -0.162426233 0.025202181
v -0.155333519 -0.165865093 0.033374194
v -0.153712571 -0.165010944 0.029630780
v -0.157857314 -0.163905069 0.026327396
v -0.155974790 -0.167838737 0.025887370
v -0.159168646 -0.167940974 0.032934166
v -0.151602581 -0.168905497 0.029630784
v -0.163721606 -0.167726338 0.029630780
v -0.170826405 -0.162521198 0.033010241
v -0.170826405 -0.162521183 0.026251322
v -0.169336990 -0.165167272 0.034059383
v -0.178837433 -0.177754655 0.029630780
v -0.178843766 -0.170950383 0.029630773
v -0.176716402 -0.170032769 0.032934170
v -0.175357103 -0.169524670 0.025281204
v -0.169215545 -0.159319028 0.029630780
v -0.167959452 -0.160620391 0.033010237
v -0.167959452 -0.160620391 0.026251322
v -0.164859578 -0.158515781 0.029630776
v -0.168114945 -0.165413514 0.026327396
v -0.175927252 -0.174321696 0.033374190
v -0.169726014 -0.169677287 0.029630780
v -0.176871911 -0.174825892 0.026251325
v -0.173220083 -0.174590707 0.033980362
v -0.165993929 -0.187976375 0.029630788
v -0.167959452 -0.185047597 0.026251320
v -0.171548098 -0.182748809 0.032934166
v -0.178843766 -0.174717605 0.029630780
v -0.176716417 -0.175635234 0.026327394
v -0.177793741 -0.171511859 0.033010237
v -0.178837448 -0.167913347 0.029630776
v -0.176871911 -0.170842111 0.026251320
v -0.169474259 -0.179746389 0.025281202
v -0.167037606 -0.184377864 0.033010237
v -0.165987596 -0.181172103 0.029630782
v -0.159255683 -0.181374982 0.033980362
v -0.151602566 -0.176762491 0.029630782
v -0.155596927 -0.182271004 0.029630776
v -0.157857314 -0.181762919 0.026327398
v -0.170223013 -0.186021626 0.029630780
v -0.166076422 -0.183241755 0.025202181
v -0.170474306 -0.184230477 0.033010241
v -0.174219206 -0.184111103 0.029630780
v -0.170826405 -0.183146805 0.026251322
v -0.167531192 -0.180444166 0.032934163
v -0.163721606 -0.177941650 0.029630780
v -0.154914200 -0.177976608 0.033010237
v -0.155974790 -0.177829251 0.025887372
vn 0.000000017 -0.000000007 1.000000000
vn -0.000002043 0.450434566 0.892809451
vn -0.000009648 0.914307714 0.405020088
vn 0.000004780 0.914311528 -0.405011714
vn 0.000000000 0.450433195 -0.892810166
vn 0.000000003 -0.000000007 -1.000000000
vn 0.318503916 0.318506688 0.892809451
vn 0.646506429 0.646520078 0.405020148
vn 0.646513999 0.646507204 -0.405028671
vn 0.318506271 0.318506181 -0.892808795
vn 0.450434536 0.000002026 0.892809570
vn 0.914307833 0.000009595 0.405020177
vn 0.914311528 -0.000004768 -0.405011714
vn 0.450433105 0.000000000 -0.892810166
vn 0.318506688 -0.318503827 0.892809510
vn 0.646520078 -0.646506429 0.405020177
vn 0.646507204 -0.646513939 -0.405028641
vn 0.318506241 -0.318506211 -0.892808795
vn 0.000002031 -0.450434536 0.892809451
vn 0.000009641 -0.914307833 0.405020207
vn -0.000004787 -0.914311528 -0.405011803
vn 0.000000000 -0.450433195 -0.892810166
vn -0.318503857 -0.318506718 0.892809451
vn -0.646506429 -0.646520078 0.405020207
vn -0.646513939 -0.646507204 -0.405028641
vn -0.318506211 -0.318506211 -0.892808795
vn -0.450434536 -0.000002026 0.892809570
vn -0.914307833 -0.000009595 0.405020177
vn -0.914311528 0.000004768 -0.405011714
vn -0.450433105 0.000000000 -0.892810166
vn -0.318506688 0.318503797 0.892809510
vn -0.646520078 0.646506429 0.405020177
vn -0.646507263 0.646513939 -0.405028671
vn -0.318506271 0.318506181 -0.892808795
vn 0.497966677 0.779027581 0.380979300
vn -0.070971958 -0.111034803 0.991279125
vn 0.969428837 0.242425114 0.037918501
vn 0.400494456 -0.647633195 0.648209453
vn 0.755931854 -0.091571905 -0.648214221
vn 0.186987013 -0.981630504 -0.037914012
vn 0.070971817 0.111034743 -0.991279125
vn -0.497967243 -0.779028177 -0.380977422
vn -0.400490642 0.647632360 -0.648212612
vn -0.969429612 -0.242421880 -0.037918419
vn -0.186991408 0.981629610 0.037915017
vn -0.755931973 0.091571160 0.648214221
vn 0.087900996 0.214497998 0.972761035
vn 0.092698246 0.219759047 0.971140087
vn 0.072575770 0.189454079 0.979203761
vn 0.074333385 0.191390961 0.978695035
vn 0.037971362 0.135378718 0.990066051
vn 0.037971128 0.135380402 0.990065813
vn -0.002100410 0.073245838 0.997311711
vn -0.002102233 0.073246330 0.997311711
vn -0.048275601 0.001127692 0.998833418
vn -0.048274197 0.001130206 0.998833477
vn -0.094428174 -0.071523853 0.992959082
vn -0.094427258 -0.071523674 0.992959201
vn -0.134181380 -0.134572864 0.981776714
vn -0.134182304 -0.134574458 0.981776357
vn -0.169605672 -0.190152764 0.966993153
vn -0.170895740 -0.193207443 0.966160238
vn -0.195211843 -0.229291752 0.953581572
vn -0.197786808 -0.235467166 0.951543868
vn -0.219407663 -0.268412918 0.937984467
vn 0.813170731 0.227794275 0.535596073
vn -0.221846789 -0.403121948 0.887849510
vn 0.426629901 0.270574957 -0.863004148
vn 0.260294199 -0.886924207 -0.381591946
vn -0.355514437 0.921175718 0.158255443
vn -0.955327511 -0.100246139 -0.278029054
vn 0.608547390 0.123737894 0.783810616
vn 0.557704687 0.102819756 0.823646545
vn 0.570091784 0.108762115 0.814350188
vn 0.498913318 0.080714785 0.862885177
vn 0.497156352 0.079552591 0.864006341
vn 0.380938470 0.035287049 0.923926830
vn 0.380940288 0.035287865 0.923926055
vn 0.225958616 -0.021388056 0.973902047
vn 0.225959271 -0.021387743 0.973901868
vn 0.030079445 -0.088898301 0.995586455
vn 0.030086683 -0.088895366 0.995586455
vn -0.171425134 -0.153896213 0.973102987
vn -0.171423301 -0.153895557 0.973103404
vn -0.335914612 -0.203466594 0.919653594
vn -0.335915834 -0.203467041 0.919653058
vn -0.459149629 -0.238240421 0.855817199
vn -0.465241969 -0.238637567 0.852409542
vn -0.540147364 -0.258450150 0.800902188
vn -0.551222026 -0.258883029 0.793179691
vn -0.605179727 -0.272572368 0.747971833
vn 0.776857436 -0.615684271 -0.132005632
vn -0.621944189 -0.544770062 0.562504232
vn 0.274878472 0.580870330 -0.766179800
vn 0.500051498 0.596054614 0.628225625
vn -0.951745093 0.018452562 -0.306334496
vn -0.111542121 0.301278472 0.946989775
vn -0.110790402 0.310345978 0.944145620
vn -0.107499212 0.267703772 0.957485557
vn -0.107238978 0.271059871 0.956570089
vn -0.099976338 0.191813454 0.976325929
vn -0.099976905 0.191813037 0.976325929
vn -0.091079734 0.101868153 0.990619659
vn -0.091079436 0.101868138 0.990619719
vn -0.079804964 -0.003529304 0.996804237
vn -0.079804026 -0.003529222 0.996804297
vn -0.067483239 -0.110107109 0.991626143
vn -0.067483015 -0.110106669 0.991626203
vn -0.056104198 -0.201996073 0.977778018
vn -0.056104712 -0.201999947 0.977777302
vn -0.045073703 -0.285917729 0.957193494
vn -0.044983666 -0.282673866 0.958160758
vn -0.036292437 -0.345864832 0.937582195
vn -0.036123946 -0.339392394 0.939951062
vn -0.028726505 -0.391546607 0.919709742
vn 0.746767759 0.618701160 -0.244022086
vn 0.609809816 -0.398931861 0.684825063
vn -0.556638896 0.398962915 -0.728684902
vn 0.287534237 -0.647326469 -0.705898404
vn -0.370063454 0.633953691 0.679084539
vn -0.731160283 -0.607585311 0.310233474
vn -0.484826028 0.868569255 0.102621257
vn -0.075674362 0.135572523 0.987873197
vn 0.254515231 0.952008605 -0.170004994
vn 0.663661540 0.219009295 0.715254009
vn 0.534760952 0.449938267 -0.715252638
vn 0.943917215 -0.283054054 0.170002222
vn 0.075672522 -0.135569304 -0.987873852
vn 0.484826148 -0.868569374 -0.102620058
vn -0.663664460 -0.219021216 -0.715247691
vn -0.254518420 -0.952008307 0.170001626
vn -0.943916082 0.283056676 -0.170004368
vn -0.534760356 -0.449938178 0.715253174
vn -0.215279236 0.379563093 0.899770439
vn -0.219750807 0.393151641 0.892827749
vn -0.192563072 0.343037218 0.919372082
vn -0.194270194 0.348152578 0.917087197
vn -0.140253603 0.251384169 0.957671702
vn -0.140255079 0.251387298 0.957670569
vn -0.074150339 0.132964522 0.988343120
vn -0.074152321 0.132965297 0.988342941
vn 0.005747027 -0.010171148 0.999931753
vn 0.005743679 -0.010166411 0.999931812
vn 0.086575553 -0.154981256 0.984116614
vn 0.086577840 -0.154981092 0.984116495
vn 0.154027358 -0.275825351 0.948786557
vn 0.154027984 -0.275822282 0.948787332
vn 0.211330265 -0.376898676 0.901824236
vn 0.208618298 -0.373627394 0.903814733
vn 0.251661360 -0.446028203 0.858909428
vn 0.246485919 -0.439887464 0.863564551
vn 0.277923971 -0.493306339 0.824261546
vn 0.099748977 -0.836658120 0.538566113
vn -0.436470866 0.784864306 0.439864963
vn 0.711669564 -0.616985977 -0.335938692
vn -0.373431176 0.669612825 -0.642003000
vn 0.151881769 0.426108629 0.891831398
vn 0.155764937 0.438029110 0.885363162
vn 0.148472160 0.386149645 0.910408914
vn 0.149938226 0.390634298 0.908252895
vn 0.136210740 0.290642351 0.947086930
vn 0.136210218 0.290639997 0.947087824
vn 0.118291177 0.170397535 0.978249371
vn 0.118289776 0.170396775 0.978249788
vn 0.094842665 0.025617465 0.995162606
vn 0.094840601 0.025612986 0.995162964
vn 0.068902940 -0.122044757 0.990130007
vn 0.068900928 -0.122044340 0.990130305
vn 0.045247998 -0.247386351 0.967859864
vn 0.045245968 -0.247391313 0.967858672
vn 0.023509586 -0.350799084 0.936155617
vn 0.023339709 -0.356513858 0.933998406
vn 0.006843457 -0.420506865 0.907263637
vn 0.006485055 -0.431553930 0.902063847
vn -0.007539233 -0.486730784 0.873519480
vn 0.889446259 0.385900646 -0.244879618
vn 0.553642690 -0.576273203 0.601156354
vn -0.423520386 0.537390232 -0.729275227
vn -0.019168731 -0.688038886 -0.725420594
vn -0.179078355 0.712286711 0.678659379
vn -0.852106869 -0.374446601 0.365655214
vn -0.223588169 0.151995555 0.962759495
vn -0.231672719 0.156747237 0.960082293
vn -0.190692246 0.140623733 0.971525252
vn -0.193677664 0.142382309 0.970678210
vn -0.117413066 0.112835318 0.986652076
vn -0.117414854 0.112836249 0.986651778
vn -0.031210838 0.078886174 0.996394992
vn -0.031213550 0.078886382 0.996394873
vn 0.069170132 0.038626913 0.996856809
vn 0.069165364 0.038628232 0.996857047
vn 0.169907361 -0.002565652 0.985456765
vn 0.169907212 -0.002565843 0.985456765
vn 0.256055027 -0.038445521 0.965897441
vn 0.256052792 -0.038444735 0.965898097
vn 0.330440164 -0.069945037 0.941231668
vn 0.333471745 -0.071875863 0.940016150
vn 0.383437306 -0.093320683 0.918840170
vn 0.389419705 -0.097202897 0.915916979
vn 0.430767775 -0.115131833 0.895088673
vn -0.392870694 0.762848437 0.513531804
vn 0.410914570 -0.132354990 0.902015269
vn -0.320137113 0.358208567 -0.877039909
vn 0.835547924 0.414893836 -0.360170543
vn -0.844298005 -0.517723620 0.138286859
vn 0.286048442 -0.923070312 -0.257133216
vn -0.980677366 0.023763075 0.194183171
vn -0.063206702 0.001531803 0.997999370
vn -0.703084826 0.703481257 -0.103854865
vn 0.214393869 0.681251109 0.699951649
vn -0.181133464 0.690842330 -0.699948251
vn 0.736331761 0.668601811 0.103861041
vn 0.063199669 -0.001531331 -0.997999728
vn 0.980673730 -0.023763943 -0.194202200
vn -0.214391708 -0.681248367 -0.699954867
vn 0.703081310 -0.703484058 0.103860274
vn -0.736329734 -0.668605030 -0.103855126
vn 0.181149349 -0.690831065 0.699955285
vn -0.398199141 0.087973334 0.913070738
vn -0.407121301 0.089420728 0.908986330
vn -0.364534497 0.089545488 0.926874518
vn -0.367855132 0.090087153 0.925509095
vn -0.288017094 0.090592854 0.953330517
vn -0.288017452 0.090592794 0.953330398
vn -0.196460113 0.090391971 0.976336420
vn -0.196461365 0.090392202 0.976336181
vn -0.088105589 0.089150384 0.992113709
vn -0.088105962 0.089150153 0.992113709
vn 0.022324825 0.086813018 0.995974422
vn 0.022328677 0.086812839 0.995974362
vn 0.118210122 0.083915979 0.989436507
vn 0.118212059 0.083916143 0.989436269
vn 0.206068605 0.080540165 0.975217402
vn 0.202695966 0.081228018 0.975866973
vn 0.269168705 0.078196518 0.959913254
vn 0.262427479 0.079628937 0.961660504
vn 0.317413360 0.076791622 0.945172906
vn -0.654318452 0.045954611 0.754821539
vn 0.460623413 -0.415076584 0.784561992
vn -0.481688023 0.709360600 -0.514571846
vn 0.577794909 0.815887928 0.021911014
vn -0.533327103 -0.738884926 -0.411838889
vn 0.627126336 -0.477404296 -0.615465403
vn -0.337487429 0.288887084 0.895905435
vn -0.345837653 0.299245894 0.889296412
vn -0.304874301 0.263775110 0.915136218
vn -0.308039159 0.267663389 0.912944853
vn -0.227992520 0.199923724 0.952916503
vn -0.227991581 0.199921966 0.952917218
vn -0.130795792 0.117555931 0.984415114
vn -0.130792439 0.117555380 0.984415650
vn -0.013341989 0.017873921 0.999751210
vn -0.013334297 0.017870367 0.999751389
vn 0.106402270 -0.083911464 0.990776122
vn 0.106403112 -0.083911821 0.990776062
vn 0.207518235 -0.169991001 0.963348031
vn 0.207518235 -0.169993684 0.963347495
vn 0.289422631 -0.241188839 0.926316559
vn 0.294537216 -0.244176552 0.923918724
vn 0.343454361 -0.290040135 0.893261373
vn 0.353313774 -0.295716852 0.887536526
vn 0.395442873 -0.334297955 0.855494022
vn 0.118410088 0.984561920 -0.128906682
vn 0.524661899 -0.055073354 0.849527419
vn 0.829538167 -0.036578491 -0.557250798
vn -0.643978834 -0.059307981 -0.762741029
vn -0.768866658 0.123216771 0.627424777
vn -0.082222149 -0.993953347 -0.072775573
vn -0.432789803 -0.247127309 0.866960824
vn -0.444757849 -0.253716856 0.858963490
vn -0.402355760 -0.218862966 0.888936937
vn -0.406893045 -0.221362740 0.886248529
vn -0.324042767 -0.152717978 0.933634579
vn -0.324044287 -0.152719826 0.933633745
vn -0.220383659 -0.068896353 0.972977042
vn -0.220382512 -0.068895869 0.972977400
vn -0.092229858 0.031999446 0.995223522
vn -0.092233807 0.031996544 0.995223165
vn 0.040748306 0.133782789 0.990172565
vn 0.040745202 0.133782268 0.990172803
vn 0.154139578 0.218277603 0.963636816
vn 0.154139534 0.218278721 0.963636577
vn 0.250798106 0.289503783 0.923735917
vn 0.247745767 0.286352068 0.925540090
vn 0.317821532 0.339056283 0.885454834
vn 0.312006891 0.333076656 0.889781773
vn 0.364429712 0.371509254 0.853915572
vn -0.892797530 0.125695065 0.432566106
vn 0.161463976 0.501276195 0.850089133
vn -0.400929332 -0.184940860 -0.897247195
vn 0.207110733 0.803336442 -0.558350980
vn -0.000217936 -0.980706215 0.195487380
vn 0.954355597 -0.289516121 -0.073388331
vn -0.633355141 -0.725851536 0.268329680
vn 0.008526221 0.009770818 0.999915898
vn -0.994221747 -0.095650703 -0.048724461
vn -0.352349043 0.639975309 0.682848275
vn -0.681809723 0.262390316 -0.682851970
vn -0.039925069 0.998013735 0.048729368
vn -0.008525431 -0.009774419 -0.999915898
vn 0.633352697 0.725852549 -0.268332899
vn 0.352345109 -0.639973938 -0.682851553
vn 0.994222164 0.095646225 0.048723701
vn 0.039928827 -0.998013854 -0.048724458
vn 0.681811571 -0.262383908 0.682852626
vn -0.322731256 -0.396766990 0.859314084
vn -0.327230573 -0.404319316 0.854076147
vn -0.295332611 -0.365797341 0.882593393
vn -0.297045529 -0.368651122 0.880829275
vn -0.233909190 -0.296743870 0.925866902
vn -0.233911574 -0.296746850 0.925865412
vn -0.156797737 -0.209586501 0.965136230
vn -0.156796545 -0.209587350 0.965136290
vn -0.063410267 -0.103411391 0.992615402
vn -0.063403592 -0.103407651 0.992616236
vn 0.032451175 0.006237480 0.999453902
vn 0.032454152 0.006237586 0.999453783
vn 0.114650004 0.100785948 0.988280118
vn 0.114648670 0.100782998 0.988280594
vn 0.184097841 0.179594606 0.966361105
vn 0.187054604 0.184490487 0.964869857
vn 0.232505769 0.232851729 0.944309890
vn 0.238235086 0.242455766 0.940456986
vn 0.277203053 0.285064071 0.917549431
vn 0.752970874 0.379129738 0.537862182
vn -0.984723508 0.136514604 -0.108089842
vn 0.038054209 -0.661629915 -0.748864353
vn 0.343328834 0.878390849 -0.332498103
vn -0.115454979 -0.747243524 0.654444218
vn -0.446162850 -0.012405728 0.894865811
vn -0.454639524 -0.015912561 0.890533388
vn -0.404405177 -0.003449580 0.914573491
vn -0.407605261 -0.004742839 0.913145959
vn -0.311510175 0.015434442 0.950117528
vn -0.311503768 0.015435581 0.950119555
vn -0.195258334 0.037992403 0.980015695
vn -0.195259675 0.037992142 0.980015516
vn -0.055090804 0.063746043 0.996444404
vn -0.055099010 0.063744396 0.996444106
vn 0.088400677 0.088555187 0.992140770
vn 0.088401362 0.088554487 0.992140770
vn 0.210980892 0.108495578 0.971450388
vn 0.210980713 0.108495004 0.971450448
vn 0.318730950 0.125013828 0.939564884
vn 0.314110607 0.125119671 0.941105604
vn 0.393443972 0.136640832 0.909137607
vn 0.384453714 0.136950806 0.912929296
vn 0.448145211 0.145723224 0.882003725
vn -0.675697446 -0.087750092 0.731937826
vn 0.508565903 -0.320667058 0.799082875
vn -0.595787585 0.603152394 -0.530324817
vn 0.406899780 0.912579477 0.040387493
vn -0.365623325 -0.826349676 -0.428329289
vn 0.729132831 -0.341055185 -0.593335211
vn 0.014896168 -0.402831554 0.915152907
vn 0.012416518 -0.413418949 0.910456240
vn 0.015314667 -0.365752369 0.930586278
vn 0.014407802 -0.369707674 0.929036498
vn 0.018734982 -0.279373378 0.959999800
vn 0.018734662 -0.279375613 0.959999084
vn 0.023443304 -0.173631057 0.984531760
vn 0.023443317 -0.173630565 0.984531760
vn 0.028588193 -0.047619727 0.998456419
vn 0.028588403 -0.047615346 0.998456597
vn 0.033334412 0.080914065 0.996163487
vn 0.033334471 0.080915421 0.996163368
vn 0.037008472 0.191432714 0.980807722
vn 0.037008848 0.191430986 0.980808079
vn 0.040658399 0.285577863 0.957492650
vn 0.039969668 0.290556282 0.956022680
vn 0.044083994 0.350603908 0.935485721
vn 0.042662397 0.360413641 0.931816459
vn 0.045562506 0.413388014 0.909414351
vn -0.784405351 -0.574464083 0.233878449
vn -0.649311423 0.497310311 0.575393081
vn -0.000501422 -0.421459556 -0.906847060
vn 0.009979213 0.674390554 -0.738307416
vn 0.643653452 -0.648300886 0.406713843
vn 0.780727029 0.476325303 0.404449910
vn 0.031649079 -0.995349050 0.090987474
vn 0.005299666 -0.166710541 0.985991657
vn -0.663488567 -0.726642728 -0.178250447
vn -0.689831376 0.102002516 0.716748357
vn -0.681958795 -0.145616144 -0.716748357
vn -0.708312511 0.683021784 0.178254619
vn -0.005300404 0.166704550 -0.985992730
vn -0.031649645 0.995347321 -0.091005459
vn 0.689841866 -0.101987123 -0.716740489
vn 0.663485169 0.726644635 0.178255349
vn 0.708308876 -0.683026552 -0.178250715
vn 0.681961119 0.145620555 0.716745198
vn 0.030965079 -0.303767860 0.952242792
vn 0.029619858 -0.313108921 0.949255228
vn 0.028903114 -0.268986046 0.962710321
vn 0.028415764 -0.272443354 0.961752176
vn 0.026207462 -0.190339655 0.981368363
vn 0.026207704 -0.190338254 0.981368780
vn 0.023522316 -0.097091049 0.994997561
vn 0.023522392 -0.097091578 0.994997501
vn 0.020147093 0.012108938 0.999723673
vn 0.020147301 0.012105912 0.999723732
vn 0.016496357 0.122172572 0.992371857
vn 0.016496526 0.122172773 0.992371798
vn 0.013155583 0.216749847 0.976138473
vn 0.013155676 0.216751575 0.976138175
vn 0.009951787 0.302600235 0.953065574
vn 0.009532122 0.299290001 0.954114676
vn 0.007039532 0.363730937 0.931477547
vn 0.006191242 0.357157677 0.934023559
vn 0.004113346 0.410139143 0.912013710
vn 0.026875922 -0.899636090 0.435812622
vn -0.663087368 0.466448277 0.585441053
vn 0.022478279 -0.768149376 -0.639875948
vn -0.120227888 0.647252560 -0.752734601
vn 0.762030780 0.546099186 0.347972304
vn -0.386763245 -0.444713503 0.807863891
vn -0.354126692 -0.398623437 0.845986843
vn -0.361588091 -0.410573810 0.837068260
vn -0.315422058 -0.346808314 0.883307934
vn -0.314559698 -0.344850987 0.884381115
vn -0.239216760 -0.241691157 0.940404654
vn -0.239218310 -0.241694719 0.940403283
vn -0.138670936 -0.105443016 0.984709144
vn -0.138668984 -0.105443403 0.984709442
vn -0.011512273 0.063488185 0.997916222
vn -0.011516673 0.063482441 0.997916579
vn 0.119000599 0.233220011 0.965115249
vn 0.118998319 0.233219251 0.965115726
vn 0.224962026 0.368158281 0.902137220
vn 0.224959075 0.368154705 0.902139425
vn 0.303629041 0.466401815 0.830830157
vn 0.308251649 0.470141888 0.827011168
vn 0.355800331 0.528386295 0.770852864
vn 0.364238888 0.534899533 0.762373090
vn 0.398071975 0.576040983 0.713943601
vn -0.795554280 -0.519450128 0.311873317
vn 0.899049342 0.325501561 0.292846471
vn -0.202190280 -0.800998807 -0.563489079
vn 0.099897049 0.994117796 -0.041837949
vn 0.278702557 -0.410583258 0.868185699
vn 0.285759181 -0.422015578 0.860374689
vn 0.249298498 -0.381854713 0.889964759
vn 0.251975924 -0.386181653 0.887339771
vn 0.180262581 -0.308015883 0.934147537
vn 0.180265561 -0.308016807 0.934146643
vn 0.092716135 -0.210663959 0.973151803
vn 0.092715986 -0.210664377 0.973151743
vn -0.012973730 -0.090546206 0.995807827
vn -0.012974972 -0.090547167 0.995807648
vn -0.120150127 0.034080919 0.992170572
vn -0.120148897 0.034080911 0.992170751
vn -0.209766924 0.140573338 0.967593372
vn -0.209762767 0.140572101 0.967594504
vn -0.280980557 0.228578344 0.932095468
vn -0.285685509 0.232603669 0.929666281
vn -0.327080965 0.288800359 0.899784684
vn -0.336081237 0.296504527 0.893943191
vn -0.371432602 0.343977392 0.862390518
vn -0.266217709 -0.932498574 -0.244079351
vn -0.510043502 0.134183839 0.849617839
vn -0.814114511 0.162965268 -0.557368875
vn 0.684892356 -0.013173711 -0.728525221
vn 0.663726032 -0.312320888 0.679649472
vn 0.234375760 0.969413936 -0.072833590
vn 0.886874378 -0.461885542 0.010750392
vn 0.217670649 -0.113362990 0.969416499
vn 0.293753892 -0.926720560 -0.234302476
vn -0.375444561 -0.578209579 0.724372268
vn -0.258520395 -0.639097035 -0.724377155
vn -0.927722633 -0.290573686 0.234302536
vn -0.217668757 0.113362096 -0.969417095
vn -0.886874914 0.461885005 -0.010738538
vn 0.375449985 0.578199565 -0.724377394
vn -0.293754429 0.926720202 0.234303191
vn 0.927722692 0.290573329 -0.234302714
vn 0.258520454 0.639097571 0.724376619
vn 0.449843109 -0.174983531 0.875797987
vn 0.459953398 -0.183564410 0.868761718
vn 0.413432062 -0.156803727 0.896931827
vn 0.417273909 -0.160006776 0.894583821
vn 0.326103419 -0.109683938 0.938949406
vn 0.326107204 -0.109685272 0.938948035
vn 0.214508340 -0.049224723 0.975480974
vn 0.214510024 -0.049224935 0.975480616
vn 0.078381002 0.023027146 0.996657550
vn 0.078387097 0.023024689 0.996657133
vn -0.061444804 0.095648453 0.993516922
vn -0.061445974 0.095648304 0.993516862
vn -0.180536911 0.156235039 0.971080422
vn -0.180543602 0.156236380 0.971078932
vn -0.278663218 0.205233335 0.938203752
vn -0.282795668 0.208269462 0.936296105
vn -0.346668184 0.239650056 0.906856775
vn -0.354585588 0.245476410 0.902225256
vn -0.405107319 0.269837409 0.873542130
vn 0.595604539 -0.277416676 0.753853679
vn 0.110424004 -0.904771447 -0.411333412
vn -0.690214097 -0.274800926 0.669394433
vn 0.765704870 0.385991186 -0.514496684
vn -0.674965203 0.110027909 -0.729599833
vn -0.103825495 0.950605512 0.292522520
vn 0.186259404 -0.534302413 0.824517071
vn 0.192243293 -0.542165816 0.817984581
vn 0.167602748 -0.495639652 0.852203429
vn 0.169858381 -0.498668194 0.849987149
vn 0.125680685 -0.406224161 0.905089080
vn 0.125682548 -0.406228095 0.905087054
vn 0.071719222 -0.288735092 0.954719007
vn 0.071719252 -0.288738191 0.954718053
vn 0.006114412 -0.142609701 0.989760160
vn 0.006114585 -0.142611086 0.989759922
vn -0.060813155 0.010022429 0.998098791
vn -0.060812209 0.010021402 0.998098910
vn -0.117001571 0.141025856 0.983067811
vn -0.117004022 0.141029865 0.983066976
vn -0.164672419 0.254425138 0.952969491
vn -0.163486987 0.249139309 0.954568803
vn -0.197753474 0.332041472 0.922302544
vn -0.195566386 0.321828246 0.926380336
vn -0.222250983 0.387566626 0.894648850
vn 0.340005547 -0.595837295 0.727581084
vn -0.240108743 0.366412282 0.898938179
vn -0.515544772 -0.779941738 -0.354830295
vn -0.870509148 0.298361123 -0.391400665
vn 0.812079072 -0.164167181 -0.559979379
vn 0.482366383 0.856136262 -0.185346603
vn 0.470495492 0.054228954 0.880734503
vn 0.483721912 0.054648075 0.873513997
vn 0.431068689 0.043260794 0.901281476
vn 0.436064869 0.043428160 0.898866773
vn 0.333836526 0.020547166 0.942407072
vn 0.333838791 0.020548075 0.942406237
vn 0.208607152 -0.006595169 0.977977335
vn 0.208606467 -0.006594954 0.977977514
vn 0.056131598 -0.038463615 0.997682214
vn 0.056135073 -0.038463548 0.997682035
vn -0.100333244 -0.069897644 0.992495596
vn -0.100333147 -0.069897495 0.992495716
vn -0.233087242 -0.095551886 0.967750132
vn -0.233087450 -0.095551185 0.967750132
vn -0.342015207 -0.115855031 0.932525158
vn -0.347229332 -0.115887918 0.930592239
vn -0.417765707 -0.128617719 0.899404943
vn -0.427775085 -0.128570631 0.894694448
vn -0.483281970 -0.138407290 0.864454746
vn 0.810307980 -0.164215550 -0.562524855
vn -0.730457902 -0.149577215 0.666376710
vn -0.891369581 -0.181094438 -0.415529817
vn 0.811939955 0.493223399 0.312224507
vn 0.892393887 0.425790548 0.149450839
vn 0.097904339 0.046711911 0.994098961
vn 0.940335989 -0.311693937 -0.136437878
vn 0.145834565 -0.690769315 0.708216131
vn 0.445187628 -0.547939956 -0.708215892
vn -0.349302649 -0.927022696 0.136442512
vn -0.097897813 -0.046710134 -0.994099736
vn -0.892393351 -0.425790042 -0.149455756
vn -0.145842195 0.690770924 -0.708212912
vn -0.940336227 0.311690271 0.136443824
vn 0.349308372 0.927021086 -0.136438742
vn -0.445192248 0.547939360 0.708213449
vn 0.268996179 0.179010123 0.946359634
vn 0.275409997 0.180751920 0.944181204
vn 0.244058520 0.166688934 0.955327272
vn 0.246419713 0.167337760 0.954607546
vn 0.188917741 0.140801266 0.971846223
vn 0.188921019 0.140801549 0.971845567
vn 0.125051856 0.111062787 0.985914350
vn 0.125055075 0.111062877 0.985913932
vn 0.050686765 0.076096900 0.995811284
vn 0.050690681 0.076097108 0.995811045
vn -0.024553359 0.040357187 0.998883605
vn -0.024548503 0.040357362 0.998883784
vn -0.090186007 0.008885254 0.995885313
vn -0.090182684 0.008884662 0.995885611
vn -0.148876384 -0.019493477 0.988663614
vn -0.151544318 -0.020313159 0.988241673
vn -0.192126840 -0.040098596 0.980550587
vn -0.197545901 -0.041767821 0.979403436
vn -0.232100815 -0.058730990 0.970917046
vn 0.710741282 0.007938772 0.703408718
vn -0.164619207 -0.793115973 0.586402178
vn 0.652242959 -0.254695982 -0.713939130
vn 0.135341063 0.964612424 -0.226287097
vn -0.548523068 -0.370571315 -0.749532759
vn -0.806718588 0.476795197 0.349100858
vn 0.576451898 -0.181577519 0.796701193
vn 0.523771644 -0.170127347 0.834697545
vn 0.536191463 -0.173512444 0.826070249
vn 0.460166454 -0.157108963 0.873821259
vn 0.458583981 -0.156403691 0.874779284
vn 0.336198837 -0.130220905 0.932744801
vn 0.336204588 -0.130221695 0.932742596
vn 0.174891040 -0.094158024 0.980075181
vn 0.174890339 -0.094157986 0.980075359
vn -0.026496045 -0.046966985 0.998545051
vn -0.026489159 -0.046968438 0.998545110
vn -0.231089875 0.003344711 0.972926676
vn -0.231088042 0.003344415 0.972927094
vn -0.396179885 0.045822386 0.917028844
vn -0.396176219 0.045821354 0.917030454
vn -0.518643975 0.078624114 0.851367533
vn -0.524002910 0.081353001 0.847822309
vn -0.597738802 0.101861216 0.795193553
vn -0.607324004 0.106999472 0.787215829
vn -0.660157442 0.121924445 0.741165698
vn 0.342973769 -0.934519351 -0.095092356
vn -0.549395561 -0.353650481 0.757030964
vn -0.747851551 -0.255082339 -0.612903774
vn 0.538641810 0.305135906 -0.785338819
vn 0.750369549 0.305572420 0.586149335
vn -0.345990777 0.935241759 0.074921280
vn 0.208446756 0.494069070 0.844065011
vn 0.217521921 0.505503297 0.834955454
vn 0.191797465 0.455443859 0.869358718
vn 0.195220977 0.459831655 0.866281509
vn 0.145620286 0.359268308 0.921803117
vn 0.145620570 0.359266222 0.921803892
vn 0.082989365 0.230954096 0.969418943
vn 0.082989484 0.230954841 0.969418705
vn 0.005982397 0.071388237 0.997430742
vn 0.005981413 0.071387850 0.997430742
vn -0.072694644 -0.093590170 0.992953360
vn -0.072693780 -0.093590856 0.992953300
vn -0.138075411 -0.232249305 0.962806046
vn -0.138076469 -0.232253045 0.962804973
vn -0.190493912 -0.341637105 0.920324028
vn -0.192162067 -0.348155499 0.917530119
vn -0.226172924 -0.412899643 0.882246971
vn -0.229185939 -0.425229043 0.875587821
vn -0.256489694 -0.479271293 0.839352190
vn 0.528192520 0.488077164 0.694833338
vn -0.120318070 -0.417853504 0.900512099
vn 0.687638044 0.180504724 -0.703258157
vn 0.344672412 -0.853255212 -0.391352057
vn -0.498316497 0.804140568 -0.324096560
vn -0.963854134 -0.192412838 -0.184289619
vn -0.036362201 0.605103016 0.795316339
vn 0.036816351 -0.612671375 0.789479792
vn 0.648532033 0.648160160 0.399117321
vn 0.721712470 -0.569616854 0.393278360
vn 0.648299754 0.651951611 -0.393276811
vn 0.721490204 -0.565820754 -0.399122477
vn -0.036817037 0.612673998 -0.789477825
vn 0.036362249 -0.605102956 -0.795316458
vn -0.721717358 0.569607437 -0.393282861
vn -0.648534954 -0.648156166 -0.399119198
vn -0.721488178 0.565824687 0.399120480
vn -0.648300469 -0.651950359 0.393277496
vn 0.010592305 -0.004791316 0.999932408
vn -0.353268176 -0.423480660 0.834185719
vn 0.133211061 -0.627774775 0.766911864
vn 0.512782633 -0.203714713 0.833998978
vn 0.509814739 0.366436422 0.778340101
vn -0.014985671 0.549356282 0.835453868
vn -0.523066163 0.167049497 0.835760891
vn -0.669003785 0.206804559 0.713908792
vn -0.668159246 -0.224043697 0.709484041
vn -0.355406582 -0.606063724 0.711598933
vn 0.393882990 -0.596994340 0.698894858
vn -0.344900787 0.607716024 0.715349317
vn -0.595052004 -0.556963503 0.579400361
vn -0.319576085 -0.772899151 0.548177183
vn 0.647612274 -0.349953115 0.676853955
vn 0.710426033 -0.005681974 0.703748941
vn 0.159459114 0.682565391 0.713216186
vn -0.821341753 0.089129277 0.563430369
vn -0.769322336 -0.289940029 0.569278598
vn -0.033390753 -0.820684195 0.570405543
vn 0.428958893 -0.695247531 0.576736629
vn 0.758717775 -0.317123830 0.569016516
vn 0.811416626 0.089063920 0.577642500
vn 0.654785991 0.495678574 0.570576906
vn 0.436933190 0.692311764 0.574276805
vn 0.093709543 0.815729618 0.570792139
vn -0.309519261 0.757638872 0.574613929
vn -0.659646571 0.494113714 0.566319704
vn -0.470978260 -0.800775051 0.370052576
vn 0.235129207 -0.897799611 0.372384578
vn 0.655534804 0.673426569 0.341717362
vn 0.380652875 0.852701128 0.357776850
vn -0.013307650 0.935615838 0.352768868
vn -0.647691131 0.675000608 0.353370190
vn -0.816394567 0.452344507 0.359004915
vn -0.919091284 0.128902912 0.372364253
vn -0.901017547 -0.232068390 0.366485596
vn -0.745273650 -0.560426831 0.361232668
vn -0.121585019 -0.919425368 0.373997450
vn 0.590100348 -0.724826932 0.355538458
vn 0.859810352 -0.358327299 0.363768607
vn 0.930842221 0.061890945 0.360141903
vn 0.835303962 0.409405917 0.366952360
vn -0.367070198 0.853352666 0.370200813
vn -0.994883239 -0.007225627 0.100772478
vn -0.696989596 -0.716487348 0.029179854
vn -0.273237020 -0.960218012 0.057645265
vn 0.255763978 -0.958558798 0.125498906
vn 0.478767812 -0.875482321 0.065667957
vn 0.962892830 0.266743034 0.041057173
vn 0.245348245 0.963730514 0.105013363
vn -0.963852882 -0.262990117 0.042708114
vn -0.871214211 -0.488031596 0.053018592
vn -0.494937688 -0.859638751 0.126720414
vn 0.020647541 -0.999569535 0.020842612
vn 0.712953031 -0.701113164 0.011762991
vn 0.855330527 -0.511774719 0.080600969
vn 0.970053911 -0.242256820 0.017519146
vn 0.997968495 -0.019208645 0.060746092
vn 0.864033639 0.498068452 0.073306203
vn 0.697519064 0.715988576 0.028768480
vn 0.492098063 0.868601918 0.058054667
vn -0.015982423 0.998771906 0.046896871
vn -0.374279827 0.922439277 0.094976179
vn -0.689607859 0.721965551 0.056627858
vn -0.858552992 0.498861611 0.118422203
vn -0.965670824 0.259562314 0.010359347
vn -0.944243252 0.007706596 -0.329158396
vn -0.470621496 -0.819904327 -0.325994492
vn 0.239902809 -0.909588277 -0.339257807
vn 0.243025988 0.913962185 -0.324979186
vn -0.244413704 0.913495779 -0.325249761
vn -0.463195294 0.806220353 -0.368047446
vn -0.818954766 0.466854006 -0.333707094
vn -0.896086991 -0.278780997 -0.345411718
vn -0.733168364 -0.544528008 -0.407373905
vn 0.583228827 -0.709357083 -0.395798743
vn 0.911384821 0.135986939 -0.388439596
vn 0.465739131 0.790368140 -0.398001522
vn -0.002492795 0.925221801 -0.379418761
vn -0.662616193 0.653919518 -0.365142494
vn -0.097537726 -0.912058771 -0.398290336
vn 0.837608218 -0.388646722 -0.383883327
vn 0.764095128 0.528402686 -0.370066494
vn -0.870139003 0.247331247 -0.426245809
vn -0.531295657 -0.092382297 -0.842134476
vn -0.211458400 -0.496164799 -0.842084289
vn 0.253681570 -0.470780969 -0.844991684
vn 0.541162133 -0.098353736 -0.835146666
vn 0.393200397 0.357837260 -0.846962810
vn -0.002550803 0.536974967 -0.843594372
vn -0.389671952 0.360419542 -0.847498357
vn 0.000025178 0.000198059 -1.000000000
vn -0.305262983 -0.132108882 0.943059802
vn 0.050255910 0.542007625 0.838869631
vn 0.050254319 0.542008579 -0.838869035
vn 0.658914030 0.080826193 0.747863233
vn 0.658913672 0.080826521 -0.747863591
vn 0.957622886 0.288024992 0.000000057
vn 0.259772748 -0.518832207 0.814451516
vn 0.259772599 -0.518831849 -0.814451694
vn 0.188021556 -0.982164860 -0.000000547
vn -0.944988430 -0.327104032 0.000000571
vn -0.305264950 -0.132108942 -0.943059206
vn -0.783101499 0.166119114 0.599296629
vn -0.181532264 0.983385026 0.000000491
vn -0.783100784 0.166118845 -0.599297762
vn 0.031312011 -0.331146419 0.943059802
vn -0.499949843 0.215285301 0.838869691
vn -0.991350889 0.131237805 0.000001301
vn -0.499951065 0.215284631 -0.838869154
vn 0.126742810 0.651636899 -0.747867346
vn 0.126740992 0.651640475 0.747864544
vn 0.021993740 0.999758124 -0.000002256
vn 0.992194951 -0.124696419 0.000003936
vn 0.573713243 0.086730570 0.814451277
vn 0.573714912 0.086729445 -0.814450264
vn 0.019076563 -0.999817967 0.000000139
vn 0.031310525 -0.331147850 -0.943059266
vn -0.399979383 -0.693437278 0.599300623
vn -0.399980038 -0.693438470 -0.599298775
vn -0.396015257 0.098002940 0.912999094
vn -0.087432012 -0.492146969 0.866110265
vn -0.774831295 -0.632168114 0.000017537
vn -0.093492649 -0.478643268 -0.873017609
vn -0.428254455 0.170041502 -0.887515664
vn -0.816515565 0.576158941 -0.036651652
vn -0.485534638 0.564886391 0.667202830
vn 0.446444035 0.894253492 -0.031598300
vn 0.359241843 0.408952206 0.838870287
vn 0.123279929 0.537627280 -0.834121644
vn 0.951261580 -0.307580173 -0.022269847
vn 0.580582976 -0.321910530 0.747861683
vn 0.595697641 -0.309990555 -0.740979254
vn 0.523629069 -0.851946473 -0.000000394
vn -0.324615657 -0.072551966 0.943059385
vn 0.291001946 -0.425090522 0.857097387
vn 0.291001320 -0.425089926 -0.857097983
vn -0.491556853 -0.521067381 0.697754085
vn -0.440258414 -0.897871137 -0.000000103
vn -0.491556615 -0.521067202 -0.697754323
vn -0.959280372 -0.282455623 0.000000366
vn -0.324615330 -0.072551452 -0.943059444
vn -0.449613154 0.893223464 0.000000274
vn -0.132822171 0.545601964 0.827452004
vn -0.132822573 0.545602679 -0.827451468
vn 0.774070442 0.633099496 -0.000000701
vn 0.665999174 0.293873161 0.685626447
vn 0.747714341 -0.664020538 0.000000199
vn 0.665998399 0.293872982 -0.685627282
vn -0.003483807 0.384691805 0.923038602
vn 0.544380724 -0.080696747 0.834947705
vn 0.534031332 -0.078585744 -0.841804504
vn 0.994798422 0.101863421 0.000007140
vn 0.073683083 -0.724214673 0.685626626
vn 0.362913072 -0.931823015 0.000000436
vn 0.073051639 -0.728098273 -0.681569099
vn -0.530793786 -0.120437481 0.838899732
vn -0.881070614 -0.472984016 0.000804403
vn -0.528757095 0.049613174 -0.847321868
vn -0.560254991 0.827821076 -0.028750943
vn -0.304950178 0.603621423 0.736645520
vn 0.166361794 0.986064553 0.000659662
vn -0.048298113 0.442217976 -0.895606220
vn 0.066154562 0.704278469 0.706834793
vn -0.046980694 -0.500155747 0.864660084
vn 0.744600475 0.589062810 0.313966930
vn 0.631456256 -0.615373135 0.471782833
vn 0.735008597 0.487011492 -0.471786141
vn 0.621877015 -0.717422843 -0.313964099
vn 0.046980985 0.500156999 -0.864659250
vn -0.066153631 -0.704274356 -0.706839025
vn -0.631462514 0.615366042 -0.471783519
vn -0.744597733 -0.589067340 -0.313964903
vn -0.621877432 0.717420876 0.313967913
vn -0.735015690 -0.487003565 0.471783310
vn -0.003367878 -0.005556186 0.999978960
vn -0.488721073 -0.334647804 0.805706263
vn -0.114422955 -0.709434390 0.695420921
vn 0.286020160 -0.523216248 0.802768469
vn 0.600875139 -0.088082969 0.794474959
vn 0.430899620 0.425599396 0.795732915
vn -0.065869063 0.603147566 0.794905186
vn -0.541235149 0.241339728 0.805493414
vn 0.123128802 -0.751975894 0.647589147
vn 0.551203966 -0.514632583 0.656755269
vn 0.753032207 -0.079308622 0.653186560
vn 0.646466434 0.417289585 0.638710141
vn 0.280443966 0.697290063 0.659649789
vn -0.089683779 0.753890693 0.650850058
vn -0.441303611 0.599853754 0.667402923
vn -0.726893783 0.193459854 0.658937573
vn -0.774691105 0.083900042 0.626749158
vn -0.691734850 -0.300059378 0.656861663
vn -0.397886306 -0.643412769 0.653992772
vn 0.242979199 -0.805133462 0.541037202
vn 0.619701326 -0.487283856 0.615243733
vn 0.684339404 0.366574913 0.630319357
vn -0.633785725 0.456466556 0.624463022
vn -0.833840787 0.108619019 0.541212976
vn -0.795094132 -0.190944999 0.575643420
vn -0.737035215 -0.405452937 0.540728152
vn -0.526303887 -0.676215470 0.515496790
vn -0.135533765 -0.838035226 0.528514445
vn 0.496255010 -0.663497746 0.559912324
vn 0.734764218 -0.417745113 0.534425557
vn 0.825783432 -0.212471887 0.522434175
vn 0.841474891 0.113690659 0.528199196
vn 0.734051347 0.422809780 0.531413674
vn 0.523760021 0.680619180 0.512282193
vn 0.258841425 0.818572760 0.512776554
vn -0.107801564 0.839021564 0.533311903
vn -0.431943297 0.727555990 0.532998323
vn -0.675600171 0.491084456 0.549909532
vn -0.939297378 0.001020996 0.343102604
vn -0.139868155 -0.930160999 0.339466333
vn 0.666908741 0.666702151 0.332777768
vn 0.017532147 0.946955025 0.320887744
vn -0.243728936 0.916086733 0.318404287
vn -0.684625804 0.659449935 0.310504943
vn -0.836370230 0.431576312 0.337974370
vn -0.871659040 -0.351984888 0.341052949
vn -0.584758639 -0.735918522 0.341293454
vn 0.347145170 -0.876537681 0.333424687
vn 0.747408688 -0.577158213 0.329042077
vn 0.934872389 -0.122338921 0.333236903
vn 0.871774375 0.363631755 0.328300685
vn 0.368306816 0.862488985 0.347077668
vn -0.479838371 0.812032104 0.332203299
vn -0.754262030 0.179684773 0.631507814
vn -0.994551778 -0.001313912 0.104235716
vn -0.857253313 -0.505289495 0.098991401
vn -0.486478835 -0.868090332 0.098780528
vn 0.006648386 -0.997832119 0.065473773
vn 0.868577123 -0.484539509 0.103900202
vn 0.968086064 0.246549010 0.044978507
vn 0.704031527 0.702348709 0.105099946
vn -0.259042621 0.963962078 0.060613658
vn -0.966856480 -0.252460986 0.038105372
vn -0.716373622 -0.696425438 0.042432718
vn -0.271562636 -0.962356746 0.011098415
vn 0.256835669 -0.966126978 0.025181327
vn 0.513030052 -0.855620503 0.068657354
vn 0.711421430 -0.702642500 0.013158754
vn 0.962284386 -0.269183904 0.039355233
vn 0.993536949 0.017236618 0.112193026
vn 0.856586635 0.513400674 0.051760111
vn 0.505881548 0.861701727 0.039420977
vn 0.245043248 0.964210331 0.101254232
vn 0.008295603 0.999908209 0.010718655
vn -0.497712821 0.860586166 0.108043581
vn -0.710865915 0.703118086 0.017166153
vn -0.849460363 0.513352931 0.122008190
vn -0.966544449 0.255031794 0.027397087
vn -0.950894117 0.001897514 -0.309510827
vn -0.821715891 -0.478315085 -0.309834868
vn -0.474020630 -0.827968538 -0.299620867
vn 0.821644723 -0.473681748 -0.317057610
vn 0.955509365 0.002462322 -0.294950277
vn 0.674781084 0.679265559 -0.288563520
vn 0.253953606 0.913106978 -0.318972409
vn -0.467964947 0.833868146 -0.292699367
vn -0.816450059 0.484326452 -0.314383864
vn -0.903640628 -0.242129683 -0.353280187
vn -0.664704978 -0.656137526 -0.357282549
vn 0.000870236 -0.941448987 -0.337154537
vn 0.475788713 -0.818593204 -0.321761280
vn 0.906685352 -0.217737213 -0.361264735
vn 0.908879459 0.249382228 -0.334285200
vn 0.808163762 0.469990015 -0.354937643
vn 0.458637565 0.812017858 -0.360941529
vn -0.244037747 0.902186632 -0.355675191
vn -0.903324842 0.235735342 -0.358375549
vn -0.248240247 -0.897965133 -0.363366842
vn 0.234004438 -0.902660489 -0.361173272
vn 0.667119622 -0.648939073 -0.365827203
vn -0.006985531 0.935347795 -0.353660643
vn -0.658999979 0.652745843 -0.373686850
vn -0.533630908 -0.144399703 -0.833298743
vn -0.342158556 -0.430912226 -0.835010409
vn -0.052001148 -0.539704442 -0.840246975
vn 0.296314985 -0.467581928 -0.832805276
vn 0.503447056 -0.212795496 -0.837412179
vn 0.540690124 0.124126375 -0.832013726
vn 0.334416956 0.436667591 -0.835156739
vn 0.003367846 0.549901068 -0.835223019
vn -0.331177533 0.439277679 -0.835078776
vn -0.512908876 0.192092463 -0.836674988
vn -0.000039942 0.000052135 -1.000000000
vn -0.361866951 -0.110800870 0.925621748
vn 0.022746664 0.440985471 0.897225916
vn -0.224718645 0.974423707 0.000000043
vn 0.022268170 0.440990329 -0.897235572
vn 0.874360621 0.485276729 0.000000186
vn 0.626537681 0.103570849 0.772478878
vn 0.996934235 -0.072499916 0.029425940
vn 0.638685822 0.118567422 -0.760277689
vn 0.240131080 -0.970636368 0.014215592
vn 0.406324446 -0.137745097 -0.903286636
vn 0.267848551 -0.420760214 0.866728306
vn -0.892940760 -0.446708709 0.055750955
vn -0.234537929 -0.391096085 -0.889964044
vn -0.695153832 0.159938857 0.700842857
vn -0.998819292 -0.037094645 -0.031369377
vn -0.684501529 0.144895405 -0.714466989
vn 0.217201009 0.309914798 0.925622225
vn -0.426434934 0.114641175 0.897223830
vn -0.859339416 0.510940552 -0.021808069
vn -0.317396104 0.384758621 -0.866729796
vn 0.062702924 0.710553527 0.700843871
vn 0.281953424 0.958951533 -0.030235497
vn 0.732793152 0.678879201 0.046231315
vn 0.292112172 0.563867033 -0.772479475
vn 0.859335244 -0.510947943 0.021802407
vn 0.426433802 -0.114641324 -0.897224367
vn 0.317397922 -0.384768754 0.866724610
vn -0.292114139 -0.563869894 0.772476614
vn -0.281953603 -0.958951414 0.030238198
vn -0.062703811 -0.710559368 -0.700837851
vn -0.732794106 -0.678877950 -0.046232976
vn -0.217200726 -0.309915096 -0.925622225
vn -0.409686059 0.127392828 0.903287530
vn -0.764796257 -0.644115567 -0.014207339
vn -0.464011431 -0.182965517 -0.866727769
vn -0.849150956 0.527329922 -0.029425301
vn -0.447016865 0.471336335 0.760274947
vn -0.422134191 0.906533301 -0.000002295
vn -0.446001172 0.452060729 -0.772479177
vn 0.241190225 0.369859159 0.897235513
vn 0.754556000 0.656235695 0.000002341
vn 0.240807578 0.370134711 -0.897224605
vn 0.638941646 -0.285117954 0.714465797
vn 0.786258221 -0.617101312 0.031370845
vn 0.656404138 -0.279210895 -0.700838685
vn -0.040136263 -0.454257041 0.889966071
vn 0.459836453 -0.886251986 -0.055749536
vn 0.227629080 -0.302338302 -0.925622344
vn 0.409685880 0.127393559 0.903287530
vn 0.040139064 -0.454257727 0.889965653
vn 0.764797568 -0.644114077 -0.014207433
vn -0.459835410 -0.886252522 -0.055749554
vn -0.227625608 -0.302338183 -0.925623119
vn -0.638941884 -0.285119474 0.714464962
vn -0.786257625 -0.617102027 0.031368572
vn -0.656403005 -0.279209495 -0.700840294
vn -0.241191298 0.369859904 0.897234917
vn -0.754549325 0.656243384 0.000002611
vn -0.240806654 0.370137781 -0.897223651
vn 0.447012097 0.471333116 0.760279715
vn 0.422131956 0.906534374 0.000000687
vn 0.446000814 0.452060580 -0.772479415
vn 0.849150717 0.527330339 -0.029424997
vn 0.464013606 -0.182964504 -0.866726816
vn 0.000000437 -0.000001328 1.000000000
vn 0.000000204 0.000000621 -1.000000000
vn 0.997756958 0.066939987 0.000002326
vn 0.375287026 -0.633308947 0.676815689
vn 0.259476304 -0.965749443 0.000004007
vn 0.375289053 -0.633309066 -0.676814497
vn -0.293429822 -0.330305606 0.897104800
vn -0.106001526 -0.994366050 -0.000000464
vn -0.293431342 -0.330304980 -0.897104621
vn -0.375286907 0.633309424 0.676815271
vn -0.997756779 -0.066943593 -0.000001310
vn -0.375288844 0.633309186 -0.676814437
vn -0.259475380 0.965749741 0.000000056
vn 0.293435156 0.330298215 0.897105813
vn 0.106003135 0.994365871 0.000000710
vn 0.293436885 0.330298603 -0.897105157
vn 0.413966089 0.432624966 0.800916851
vn -0.429395139 -0.448747754 0.783738136
vn 0.913643241 -0.037786823 0.404756933
vn 0.070278816 -0.919157147 0.387570649
vn 0.921361268 -0.029721281 -0.387569547
vn 0.077995472 -0.911092460 -0.404755712
vn 0.429394960 0.448744684 -0.783739924
vn -0.413969696 -0.432624042 -0.800915420
vn -0.070287034 0.919154346 -0.387575805
vn -0.913643181 0.037791204 -0.404756546
vn -0.077999257 0.911093652 0.404752403
vn -0.921357036 0.029732464 0.387578666
vn 0.016019130 -0.017434722 0.999719679
vn -0.533042192 -0.203155056 0.821336806
vn -0.223452166 -0.634738028 0.739713967
vn 0.301329345 -0.556279302 0.774437845
vn 0.611923456 -0.076913498 0.787168264
vn 0.357183874 0.438705385 0.824595332
vn -0.331333131 0.419216156 0.845266938
vn -0.692826390 0.152747393 0.704740942
vn -0.712240219 -0.200178027 0.672787189
vn 0.658090055 0.298621684 0.691189229
vn 0.430332243 0.586787879 0.685925841
vn -0.006370202 0.712883592 0.701253414
vn -0.482531577 0.535506606 0.693106055
vn -0.524537265 -0.529152036 0.666977286
vn -0.015794054 -0.738566697 0.673995435
vn 0.614316344 -0.388648748 0.686707735
vn 0.382068992 0.721692681 0.577220142
vn -0.195687681 0.798720241 0.568992376
vn -0.832998276 0.088020854 0.546229243
vn -0.768538058 -0.311955899 0.558598995
vn -0.510728776 -0.655179977 0.556682408
vn -0.027089577 -0.842026830 0.538755119
vn 0.352665365 -0.758319855 0.548250139
vn 0.662065029 -0.499149024 0.559035063
vn 0.839374840 -0.012472340 0.543410003
vn 0.708103597 0.435881078 0.555515051
vn 0.066273518 0.583592355 0.809337974
vn -0.489327252 0.678214252 0.548255622
vn -0.722538114 0.417477429 0.551045656
vn -0.584809959 -0.727349460 0.359110117
vn -0.137164861 -0.917147219 0.374201715
vn 0.674888194 -0.654520512 0.340776861
vn 0.940796733 0.008466904 0.338865757
vn 0.661168158 0.661405325 0.354118228
vn 0.361533672 0.860665917 0.358535290
vn -0.927083075 0.119129747 0.355422527
vn -0.861693919 -0.358523160 0.359088808
vn 0.330630481 -0.866657495 0.373615116
vn 0.861223817 -0.375272840 0.342729926
vn 0.870459914 0.319756091 0.374239981
vn -0.118857801 0.927078784 0.355524600
vn -0.553515792 0.752797782 0.356252670
vn -0.814275324 0.464528888 0.348093092
vn -0.998289347 -0.001856550 0.058437169
vn -0.384058207 -0.917533576 0.103108667
vn -0.021621851 -0.997572780 0.066190720
vn 0.265219241 -0.962475777 0.057437878
vn 0.965559483 -0.252058357 0.064509228
vn 0.851804972 0.512551188 0.108257420
vn 0.264871597 0.963494420 0.039007515
vn -0.967418075 -0.248606429 0.047929402
vn -0.856429875 -0.515532553 0.027463721
vn -0.693763435 -0.719343841 0.035166729
vn 0.626946568 -0.774486721 0.084311619
vn 0.854160786 -0.519404054 0.025076216
vn 0.999577522 -0.003363476 0.028869307
vn 0.960374057 0.278009057 0.019815682
vn 0.710312009 0.703883350 0.002264562
vn 0.514302969 0.849978447 0.114144824
vn -0.000769352 0.998180687 0.060288280
vn -0.271676779 0.955545723 0.114560358
vn -0.495594174 0.868418336 0.015363649
vn -0.715943098 0.694977999 0.066566020
vn -0.870454907 0.491923302 0.017884897
vn -0.947058141 0.293905050 0.129231289
vn -0.478527099 -0.816714525 -0.322473526
vn -0.224652737 -0.919793904 -0.321730226
vn 0.461963147 -0.828008950 -0.317791104
vn 0.833085418 0.447646677 -0.324932456
vn 0.451475471 0.819152236 -0.353778958
vn -0.242708504 0.912760198 -0.328575075
vn -0.925695777 0.227552459 -0.302170962
vn -0.920054317 -0.045239698 -0.389170319
vn 0.122391701 -0.913038015 -0.389078200
vn 0.694203079 -0.626213014 -0.354879409
vn 0.863776565 -0.336448252 -0.375090122
vn 0.093211882 0.919287086 -0.382391155
vn -0.582876921 0.715163767 -0.385740012
vn -0.867312074 -0.312623620 -0.387345254
vn -0.657521367 -0.640207529 -0.397240490
vn 0.912851810 0.102678023 -0.395169586
vn 0.651539207 0.661360741 -0.371616393
vn -0.792108893 0.493424028 -0.359299600
vn -0.468267500 -0.259621531 -0.844584048
vn -0.138767749 -0.525666118 -0.839296520
vn 0.328247041 -0.435970962 -0.837963700
vn 0.527673900 -0.072003931 -0.846389771
vn 0.433181971 0.332112700 -0.837886930
vn 0.094310425 0.521113634 -0.848260641
vn -0.210829809 0.490818590 -0.845368505
vn -0.518281877 0.183278799 -0.835339904
vn -0.000020685 -0.000109320 -1.000000000
vn 0.440290302 -0.115572505 0.890386164
vn 0.247145593 0.493020207 0.834176421
vn 0.242248267 0.498420775 -0.832401633
vn 0.209969372 0.977707982 0.000000199
vn 0.998669624 0.022295948 -0.046495494
vn 0.320081323 -0.464552015 -0.825675070
vn -0.180963874 -0.508750558 0.841679811
vn 0.172467291 -0.984099388 -0.042466730
vn -0.696070671 -0.168188691 -0.697995842
vn -0.697835624 0.128582209 0.704621911
vn -0.949779630 -0.312377840 -0.018405067
vn -0.880153298 0.474372119 -0.017356779
vn -0.344049424 0.118121028 -0.931492090
vn -0.004125094 0.345115185 0.938551366
vn -0.988439858 0.151614055 0.000007201
vn -0.015415033 0.999862671 0.006086612
vn -0.039941519 0.311212987 -0.949500501
vn 0.465333909 0.199704766 0.862312317
vn 0.719071507 0.689683616 -0.085280538
vn 0.385280252 0.636663198 -0.667996347
vn 0.308300644 -0.468789101 -0.827760518
vn -0.067940392 -0.749963880 0.657980442
vn 0.867162883 -0.497229964 -0.028126387
vn -0.346809566 -0.935819089 -0.062974848
vn -0.571520507 -0.035293955 0.819828451
vn -0.564588547 -0.040316369 -0.824387312
vn 0.390222102 -0.102454752 0.915002644
vn -0.463244140 -0.885918617 0.023518780
vn -0.959627867 0.281271726 0.000811862
vn -0.640775084 0.289611369 0.711008132
vn -0.372058630 0.197930932 -0.906860411
vn -0.524300754 0.851533234 -0.000000488
vn 0.100471273 0.499244183 0.860616624
vn 0.075740710 0.492558926 -0.866976976
vn 0.766660333 0.641924739 0.012828101
vn 0.674822152 -0.295562834 -0.676208377
vn -0.021555671 -0.566132128 0.824032664
vn 0.795221925 -0.606081545 0.016953701
vn -0.140479118 -0.546073556 -0.825874984
vn 0.327369183 0.391217470 0.860103667
vn 0.417992175 -0.907384336 -0.044003803
vn 0.103259422 -0.572165966 -0.813611507
vn -0.536841631 -0.580049396 0.612653136
vn -0.942432702 -0.334339380 0.006153839
vn -0.605779648 -0.311242342 -0.732228935
vn -0.445436358 0.305223674 0.841679811
vn -0.406048089 0.913403153 -0.028629851
vn -0.094299316 0.572967410 -0.814135134
vn 0.372061133 0.197931588 -0.906859219
vn 0.460362911 -0.281121761 0.842043102
vn 0.938041687 0.345928073 -0.020285798
vn 0.184661567 -0.378814757 0.906862438
vn 0.895501435 0.444437027 -0.023517570
vn 0.614536703 -0.788887501 0.001148520
vn 0.375055104 -0.610023081 -0.698001087
vn -0.116155729 -0.992274523 -0.043578561
vn -0.006021901 -0.363712788 -0.931491733
vn -0.350793362 -0.353962004 0.866980314
vn -0.995507598 -0.091022208 -0.026066665
vn -0.548881948 0.076370083 -0.832403898
vn -0.372216493 0.635766268 0.676207185
vn -0.291914761 0.954366207 -0.063015558
vn 0.434623837 0.359211445 0.825874865
vn 0.342904091 0.447969586 -0.825675488
usemtl field_material_05
f 6//6 5//5 10//10
f 3//3 9//9 4//4
f 2//2 1//1 7//7
f 5//5 9//9 10//10
f 2//2 8//8 3//3
f 9//9 14//14 10//10
f 7//7 12//12 8//8
f 6//6 10//10 14//14
f 8//8 13//13 9//9
f 7//7 1//1 11//11
f 14//14 17//17 18//18
f 11//11 16//16 12//12
f 6//6 14//14 18//18
f 12//12 17//17 13//13
f 11//11 1//1 15//15
f 17//17 22//22 18//18
f 15//15 20//20 16//16
f 6//6 18//18 22//22
f 16//16 21//21 17//17
f 15//15 1//1 19//19
f 22//22 25//25 26//26
f 19//19 24//24 20//20
f 6//6 22//22 26//26
f 20//20 25//25 21//21
f 19//19 1//1 23//23
f 25//25 30//30 26//26
f 23//23 28//28 24//24
f 6//6 26//26 30//30
f 24//24 29//29 25//25
f 23//23 1//1 27//27
f 30//30 33//33 34//34
f 27//27 32//32 28//28
f 6//6 30//30 34//34
f 28//28 33//33 29//29
f 27//27 1//1 31//31
f 33//33 5//5 34//34
f 31//31 3//3 32//32
f 6//6 34//34 5//5
f 32//32 4//4 33//33
f 31//31 1//1 2//2
f 36//36 37//37 35//35
f 38//38 39//39 37//37
f 39//39 42//42 41//41
f 41//41 44//44 43//43
f 44//44 42//42 40//40
f 44//44 45//45 43//43
f 46//46 35//35 45//45
f 43//43 45//45 37//37
usemtl field_material_23
f 48//48 49//49 47//47
f 50//50 51//51 49//49
f 52//52 53//53 51//51
f 54//54 55//55 53//53
f 56//56 57//57 55//55
f 57//57 60//60 59//59
f 59//59 62//62 61//61
f 61//61 64//64 63//63
usemtl field_material_05
f 69//69 68//68 66//66
f 67//67 71//71 69//69
f 71//71 70//70 68//68
f 70//70 67//67 66//66
f 66//66 68//68 70//70
usemtl field_material_23
f 73//73 74//74 72//72
f 74//74 76//76 75//75
f 76//76 77//77 75//75
f 78//78 79//79 77//77
f 80//80 81//81 79//79
f 82//82 83//83 81//81
f 83//83 86//86 85//85
f 85//85 88//88 87//87
f 88//88 89//89 87//87
usemtl field_material_05
f 93//93 92//92 95//95
f 96//96 94//94 92//92
f 94//94 96//96 95//95
f 92//92 94//94 95//95
usemtl field_material_23
f 98//98 99//99 97//97
f 99//99 102//102 101//101
f 102//102 103//103 101//101
f 103//103 106//106 105//105
f 106//106 107//107 105//105
f 108//108 109//109 107//107
f 109//109 112//112 111//111
f 112//112 113//113 111//111
f 113//113 114//114 115//115
usemtl field_material_05
f 120//120 117//117 116//116
f 119//119 118//118 116//116
f 118//118 121//121 120//120
f 122//122 125//125 124//124
f 124//124 127//127 126//126
f 126//126 129//129 128//128
f 129//129 130//130 128//128
f 123//123 131//131 127//127
f 131//131 132//132 130//130
f 133//133 122//122 132//132
f 130//130 132//132 124//124
usemtl field_material_23
f 135//135 136//136 134//134
f 137//137 138//138 136//136
f 138//138 141//141 140//140
f 141//141 142//142 140//140
f 143//143 144//144 142//142
f 144//144 147//147 146//146
f 147//147 148//148 146//146
f 148//148 151//151 150//150
f 150//150 151//151 152//152
usemtl field_material_05
f 155//155 156//156 154//154
f 156//156 153//153 154//154
usemtl field_material_23
f 158//158 159//159 157//157
f 159//159 162//162 161//161
f 161//161 164//164 163//163
f 163//163 166//166 165//165
f 165//165 168//168 167//167
f 168//168 169//169 167//167
f 169//169 172//172 171//171
f 171//171 174//174 173//173
usemtl field_material_05
f 180//180 177//177 176//176
f 179//179 178//178 176//176
f 178//178 181//181 180//180
usemtl field_material_23
f 183//183 184//184 182//182
f 185//185 186//186 184//184
f 187//187 188//188 186//186
f 189//189 190//190 188//188
f 191//191 192//192 190//190
f 193//193 194//194 192//192
f 195//195 196//196 194//194
f 197//197 198//198 196//196
usemtl field_material_05
f 204//204 203//203 201//201
f 206//206 205//205 203//203
f 205//205 202//202 201//201
f 201//201 203//203 205//205
f 208//208 209//209 207//207
f 210//210 211//211 209//209
f 211//211 214//214 213//213
f 214//214 215//215 213//213
f 214//214 212//212 208//208
f 216//216 217//217 215//215
f 217//217 208//208 207//207
f 213//213 215//215 217//217
usemtl field_material_17
f 220//220 221//221 219//219
f 221//221 224//224 223//223
f 224//224 225//225 223//223
f 226//226 227//227 225//225
f 227//227 230//230 229//229
f 229//229 232//232 231//231
f 232//232 233//233 231//231
f 234//234 235//235 233//233
f 235//235 236//236 237//237
usemtl field_material_05
f 238//238 241//241 240//240
f 240//240 243//243 242//242
f 239//239 238//238 242//242
usemtl field_material_17
f 245//245 246//246 244//244
f 246//246 249//249 248//248
f 248//248 251//251 250//250
f 250//250 253//253 252//252
f 252//252 255//255 254//254
f 255//255 256//256 254//254
f 256//256 259//259 258//258
f 258//258 261//261 260//260
usemtl field_material_05
f 264//264 263//263 267//267
f 265//265 266//266 263//263
f 266//266 268//268 267//267
f 263//263 266//266 267//267
usemtl field_material_17
f 270//270 271//271 269//269
f 272//272 273//273 271//271
f 274//274 275//275 273//273
f 276//276 277//277 275//275
f 278//278 279//279 277//277
f 280//280 281//281 279//279
f 281//281 284//284 283//283
f 283//283 286//286 285//285
f 285//285 286//286 287//287
usemtl field_material_05
f 288//288 291//291 290//290
f 293//293 292//292 290//290
f 292//292 289//289 288//288
f 295//295 296//296 294//294
f 297//297 298//298 296//296
f 298//298 301//301 300//300
f 300//300 303//303 302//302
f 303//303 301//301 299//299
f 303//303 304//304 302//302
f 304//304 295//295 294//294
f 302//302 304//304 296//296
usemtl field_material_07
f 306//306 309//309 308//308
f 309//309 310//310 308//308
f 310//310 313//313 312//312
f 312//312 315//315 314//314
f 314//314 317//317 316//316
f 316//316 319//319 318//318
f 319//319 320//320 318//318
f 320//320 323//323 322//322
usemtl field_material_05
f 325//325 326//326 329//329
f 328//328 327//327 326//326
f 327//327 325//325 329//329
usemtl field_material_07
f 330//330 333//333 332//332
f 332//332 335//335 334//334
f 334//334 337//337 336//336
f 337//337 338//338 336//336
f 339//339 340//340 338//338
f 341//341 342//342 340//340
f 343//343 344//344 342//342
f 345//345 346//346 344//344
f 346//346 347//347 348//348
usemtl field_material_05
f 349//349 352//352 351//351
f 351//351 354//354 353//353
f 350//350 354//354 352//352
f 350//350 349//349 353//353
usemtl field_material_07
f 356//356 357//357 355//355
f 358//358 359//359 357//357
f 359//359 362//362 361//361
f 361//361 364//364 363//363
f 363//363 366//366 365//365
f 366//366 367//367 365//365
f 368//368 369//369 367//367
f 369//369 372//372 371//371
usemtl field_material_05
f 375//375 374//374 378//378
f 375//375 376//376 374//374
f 377//377 378//378 376//376
f 374//374 376//376 378//378
f 381//381 382//382 380//380
f 382//382 385//385 384//384
f 384//384 387//387 386//386
f 387//387 388//388 386//386
f 387//387 385//385 381//381
f 388//388 391//391 390//390
f 390//390 381//381 380//380
f 388//388 390//390 382//382
usemtl field_material_17
f 393//393 394//394 392//392
f 394//394 397//397 396//396
f 396//396 399//399 398//398
f 399//399 400//400 398//398
f 401//401 402//402 400//400
f 403//403 404//404 402//402
f 404//404 407//407 406//406
f 407//407 408//408 406//406
f 408//408 409//409 410//410
usemtl field_material_05
f 412//412 413//413 411//411
f 413//413 415//415 411//411
usemtl field_material_17
f 416//416 417//417 418//418
f 418//418 420//420 419//419
f 420//420 421//421 419//419
f 422//422 423//423 421//421
f 424//424 425//425 423//423
f 426//426 427//427 425//425
f 427//427 430//430 429//429
f 430//430 431//431 429//429
f 432//432 433//433 431//431
usemtl field_material_05
f 436//436 439//439 438//438
f 437//437 436//436 438//438
usemtl field_material_17
f 441//441 442//442 440//440
f 443//443 444//444 442//442
f 445//445 446//446 444//444
f 446//446 449//449 448//448
f 449//449 450//450 448//448
f 451//451 452//452 450//450
f 453//453 454//454 452//452
f 454//454 457//457 456//456
usemtl field_material_05
f 463//463 460//460 459//459
f 461//461 462//462 459//459
f 462//462 464//464 463//463
f 465//465 468//468 467//467
f 468//468 469//469 467//467
f 469//469 472//472 471//471
f 472//472 473//473 471//471
f 474//474 472//472 470//470
f 473//473 476//476 475//475
f 476//476 465//465 475//475
f 471//471 473//473 475//475
usemtl field_material_07
f 478//478 479//479 477//477
f 480//480 481//481 479//479
f 481//481 484//484 483//483
f 484//484 485//485 483//483
f 486//486 487//487 485//485
f 488//488 489//489 487//487
f 489//489 492//492 491//491
f 492//492 493//493 491//491
usemtl field_material_05
f 496//496 498//498 497//497
f 500//500 499//499 497//497
f 501//501 496//496 499//499
usemtl field_material_07
f 502//502 505//505 504//504
f 505//505 506//506 504//504
f 506//506 509//509 508//508
f 508//508 511//511 510//510
f 511//511 512//512 510//510
f 513//513 514//514 512//512
f 514//514 517//517 516//516
f 517//517 518//518 516//516
f 518//518 519//519 520//520
usemtl field_material_05
f 522//522 523//523 521//521
f 524//524 525//525 523//523
f 526//526 521//521 525//525
usemtl field_material_07
f 528//528 529//529 527//527
f 530//530 531//531 529//529
f 531//531 534//534 533//533
f 533//533 536//536 535//535
f 536//536 537//537 535//535
f 537//537 540//540 539//539
f 540//540 541//541 539//539
f 542//542 543//543 541//541
usemtl field_material_05
f 549//549 547//547 546//546
f 548//548 549//549 546//546
f 551//551 552//552 550//550
f 552//552 555//555 554//554
f 554//554 557//557 556//556
f 557//557 558//558 556//556
f 557//557 555//555 551//551
f 558//558 561//561 560//560
f 560//560 551//551 550//550
f 556//556 558//558 560//560
usemtl field_material_07
f 563//563 564//564 562//562
f 565//565 566//566 564//564
f 567//567 568//568 566//566
f 569//569 570//570 568//568
f 570//570 573//573 572//572
f 573//573 574//574 572//572
f 574//574 577//577 576//576
f 577//577 578//578 576//576
usemtl field_material_05
f 582//582 583//583 581//581
f 583//583 585//585 584//584
f 586//586 581//581 584//584
f 581//581 583//583 584//584
usemtl field_material_07
f 588//588 589//589 587//587
f 588//588 590//590 589//589
f 591//591 592//592 590//590
f 593//593 594//594 592//592
f 595//595 596//596 594//594
f 597//597 598//598 596//596
f 598//598 601//601 600//600
f 601//601 602//602 600//600
f 603//603 604//604 602//602
usemtl field_material_05
f 608//608 607//607 611//611
f 609//609 610//610 607//607
f 608//608 612//612 609//609
f 612//612 611//611 610//610
f 607//607 610//610 611//611
usemtl field_material_07
f 614//614 615//615 613//613
f 615//615 618//618 617//617
f 618//618 619//619 617//617
f 620//620 621//621 619//619
f 621//621 624//624 623//623
f 623//623 626//626 625//625
f 625//625 628//628 627//627
f 627//627 630//630 629//629
usemtl field_material_05
f 635//635 634//634 632//632
f 635//635 636//636 634//634
f 637//637 632//632 636//636
f 638//638 641//641 640//640
f 640//640 643//643 642//642
f 643//643 644//644 642//642
f 645//645 646//646 644//644
f 639//639 647//647 643//643
f 647//647 648//648 646//646
f 648//648 639//639 638//638
f 646//646 648//648 640//640
usemtl field_material_13
f 650//650 656//656 651//651
f 650//650 651//651 652//652
f 650//650 652//652 653//653
f 650//650 653//653 654//654
f 650//650 654//654 655//655
f 650//650 655//655 656//656
f 658//658 651//651 656//656
f 652//652 660//660 653//653
f 653//653 665//665 654//654
f 654//654 666//666 655//655
f 661//661 656//656 655//655
f 662//662 659//659 658//658
f 654//654 674//674 666//666
f 668//668 662//662 658//658
f 669//669 660//660 652//652
f 660//660 670//670 664//664
f 664//664 672//672 665//665
f 672//672 654//654 665//665
f 654//654 673//673 674//674
f 674//674 675//675 666//666
f 666//666 676//676 661//661
f 677//677 657//657 661//661
f 667//667 658//658 657//657
f 669//669 679//679 670//670
f 672//672 692//692 673//673
f 680//680 674//674 673//673
f 676//676 683//683 677//677
f 685//685 668//668 667//667
f 668//668 687//687 662//662
f 687//687 678//678 662//662
f 678//678 688//688 669//669
f 689//689 671//671 670//670
f 671//671 691//691 672//672
f 691//691 692//692 672//672
f 680//680 681//681 674//674
f 682//682 693//693 676//676
f 693//693 683//683 676//676
f 695//695 678//678 687//687
f 697//697 689//689 679//679
f 699//699 692//692 691//691
f 694//694 701//701 686//686
f 701//701 687//687 686//686
f 702//702 695//695 687//687
f 695//695 703//703 678//678
f 703//703 696//696 678//678
f 704//704 697//697 688//688
f 698//698 705//705 689//689
f 689//689 706//706 690//690
f 707//707 691//691 690//690
f 708//708 699//699 691//691
f 699//699 709//709 692//692
f 709//709 680//680 692//692
f 710//710 681//681 680//680
f 711//711 700//700 681//681
f 712//712 713//713 682//682
f 693//693 714//714 683//683
f 714//714 684//684 683//683
f 715//715 685//685 684//684
f 716//716 694//694 685//685
f 718//718 696//696 703//703
f 719//719 698//698 697//697
f 720//720 712//712 700//700
f 712//712 721//721 713//713
f 701//701 725//725 702//702
f 705//705 732//732 706//706
f 732//732 707//707 706//706
f 727//727 699//699 708//708
f 699//699 733//733 709//709
f 733//733 710//710 709//709
f 710//710 728//728 711//711
f 730//730 723//723 714//714
f 731//731 719//719 704//704
f 726//726 732//732 705//705
f 732//732 727//727 707//707
f 733//733 728//728 710//710
f 734//734 717//717 716//716
f 717//717 735//735 724//724
f 724//724 735//735 725//725
f 725//725 736//736 718//718
f 718//718 736//736 731//731
f 731//731 737//737 719//719
f 737//737 726//726 719//719
f 726//726 738//738 732//732
f 738//738 727//727 732//732
f 727//727 739//739 733//733
f 739//739 728//728 733//733
f 728//728 740//740 720//720
f 740//740 729//729 720//720
f 729//729 740//740 721//721
f 740//740 722//722 721//721
f 722//722 741//741 730//730
f 730//730 741//741 723//723
f 741//741 734//734 723//723
f 735//735 717//717 734//734
f 735//735 742//742 736//736
f 736//736 742//742 737//737
f 737//737 742//742 738//738
f 738//738 742//742 739//739
f 739//739 742//742 740//740
f 740//740 742//742 741//741
f 741//741 742//742 735//735
usemtl field_material_05
f 753//753 745//745 747//747
f 744//744 748//748 755//755
f 745//745 748//748 747//747
f 744//744 743//743 746//746
f 753//753 747//747 750//750
f 748//748 749//749 751//751
f 748//748 750//750 747//747
f 746//746 743//743 749//749
f 749//749 752//752 751//751
f 750//750 752//752 753//753
f 753//753 752//752 756//756
f 752//752 754//754 755//755
f 755//755 745//745 756//756
f 754//754 743//743 744//744
f 753//753 756//756 745//745
f 760//760 763//763 761//761
f 758//758 757//757 762//762
f 768//768 760//760 761//761
f 758//758 763//763 759//759
f 763//763 766//766 761//761
f 762//762 757//757 765//765
f 768//768 761//761 766//766
f 763//763 765//765 764//764
f 766//766 767//767 768//768
f 765//765 767//767 764//764
f 768//768 767//767 770//770
f 767//767 769//769 759//759
f 759//759 760//760 770//770
f 769//769 757//757 758//758
f 768//768 770//770 760//760
f 774//774 773//773 775//775
f 771//771 776//776 773//773
f 776//776 777//777 778//778
f 776//776 780//780 775//775
f 777//777 771//771 779//779
f 780//780 781//781 783//783
f 779//779 771//771 782//782
f 775//775 780//780 783//783
f 779//779 781//781 778//778
f 781//781 774//774 783//783
f 782//782 771//771 772//772
f 775//775 783//783 774//774
f 781//781 772//772 784//784
f 784//784 772//772 773//773
f 786//786 785//785 788//788
f 792//792 787//787 790//790
f 786//786 789//789 798//798
f 787//787 789//789 790//790
f 788//788 791//791 789//789
f 791//791 792//792 790//790
f 791//791 794//794 793//793
f 791//791 795//795 792//792
f 795//795 796//796 799//799
f 794//794 785//785 797//797
f 792//792 795//795 799//799
f 794//794 796//796 793//793
f 796//796 797//797 798//798
f 798//798 787//787 799//799
f 797//797 785//785 786//786
f 792//792 799//799 787//787
f 813//813 802//802 806//806
f 801//801 805//805 803//803
f 802//802 805//805 806//806
f 801//801 800//800 804//804
f 805//805 804//804 808//808
f 813//813 806//806 809//809
f 808//808 809//809 806//806
f 804//804 800//800 807//807
f 807//807 800//800 811//811
f 807//807 810//810 808//808
f 809//809 810//810 813//813
f 810//810 800//800 812//812
f 812//812 802//802 813//813
f 812//812 801//801 803//803
f 815//815 816//816 814//814
f 816//816 819//819 818//818
f 818//818 821//821 820//820
f 821//821 822//822 820//820
f 823//823 821//821 819//819
f 822//822 825//825 824//824
f 824//824 815//815 814//814
f 816//816 820//820 824//824
usemtl field_material_03
f 826//826 833//833 827//827
f 826//826 827//827 828//828
f 826//826 828//828 829//829
f 826//826 829//829 830//830
f 826//826 830//830 831//831
f 826//826 831//831 832//832
f 826//826 832//832 833//833
f 841//841 827//827 833//833
f 844//844 828//828 827//827
f 828//828 834//834 829//829
f 835//835 830//830 829//829
f 837//837 831//831 830//830
f 838//838 832//832 831//831
f 840//840 833//833 832//832
f 842//842 843//843 841//841
f 834//834 845//845 835//835
f 836//836 847//847 837//837
f 848//848 841//841 840//840
f 842//842 850//850 851//851
f 851//851 852//852 843//843
f 843//843 852//852 844//844
f 853//853 834//834 844//844
f 854//854 846//846 845//845
f 855//855 836//836 846//846
f 857//857 847//847 836//836
f 859//859 838//838 847//847
f 860//860 839//839 838//838
f 839//839 862//862 840//840
f 862//862 848//848 840//840
f 863//863 842//842 848//848
f 864//864 850//850 849//849
f 865//865 845//845 853//853
f 860//860 867//867 861//861
f 862//862 869//869 863//863
f 863//863 870//870 849//849
f 850//850 871//871 851//851
f 871//871 852//852 851//851
f 852//852 865//865 853//853
f 865//865 873//873 845//845
f 873//873 854//854 845//845
f 854//854 874//874 855//855
f 874//874 856//856 855//855
f 856//856 875//875 857//857
f 876//876 858//858 857//857
f 876//876 866//866 858//858
f 877//877 867//867 860//860
f 868//868 878//878 862//862
f 878//878 869//869 862//862
f 879//879 864//864 870//870
f 880//880 871//871 864//864
f 881//881 872//872 871//871
f 883//883 873//873 865//865
f 886//886 877//877 866//866
f 880//880 888//888 871//871
f 888//888 881//881 871//871
f 881//881 889//889 872//872
f 889//889 882//882 872//872
f 890//890 883//883 865//865
f 883//883 891//891 873//873
f 892//892 874//874 873//873
f 893//893 884//884 874//874
f 895//895 885//885 875//875
f 885//885 896//896 876//876
f 896//896 886//886 876//876
f 886//886 897//897 877//877
f 898//898 867//867 877//877
f 899//899 887//887 867//867
f 900//900 869//869 878//878
f 901//901 870//870 869//869
f 902//902 879//879 870//870
f 903//903 880//880 879//879
f 904//904 888//888 880//880
f 888//888 905//905 881//881
f 907//907 894//894 884//884
f 908//908 885//885 895//895
f 909//909 897//897 886//886
f 887//887 911//911 900//900
f 914//914 906//906 889//889
f 891//891 916//916 892//892
f 916//916 893//893 892//892
f 917//917 908//908 894//894
f 885//885 919//919 896//896
f 919//919 909//909 896//896
f 921//921 911//911 887//887
f 923//923 915//915 890//890
f 915//915 924//924 891//891
f 924//924 916//916 891//891
f 916//916 925//925 893//893
f 925//925 907//907 893//893
f 926//926 921//921 899//899
f 927//927 912//912 901//901
f 928//928 913//913 904//904
f 913//913 928//928 905//905
f 905//905 929//929 914//914
f 914//914 929//929 906//906
f 929//929 923//923 906//906
f 930//930 915//915 923//923
f 930//930 924//924 915//915
f 924//924 931//931 916//916
f 916//916 931//931 925//925
f 931//931 907//907 925//925
f 907//907 932//932 917//917
f 917//917 933//933 908//908
f 933//933 918//918 908//908
f 933//933 919//919 918//918
f 919//919 934//934 909//909
f 934//934 920//920 909//909
f 934//934 910//910 920//920
f 935//935 926//926 910//910
f 926//926 935//935 921//921
f 921//921 936//936 911//911
f 936//936 927//927 911//911
f 936//936 912//912 927//927
f 937//937 922//922 912//912
f 937//937 904//904 922//922
f 928//928 938//938 929//929
f 929//929 938//938 930//930
f 930//930 938//938 931//931
f 931//931 938//938 932//932
f 932//932 938//938 933//933
f 933//933 938//938 934//934
f 934//934 938//938 935//935
f 935//935 938//938 936//936
f 936//936 938//938 937//937
f 937//937 938//938 928//928
usemtl field_material_05
f 942//942 943//943 946//946
f 940//940 939//939 944//944
f 948//948 942//942 946//946
f 940//940 943//943 941//941
f 944//944 945//945 943//943
f 945//945 948//948 946//946
f 944//944 939//939 949//949
f 945//945 949//949 947//947
f 947//947 951//951 948//948
f 949//949 950//950 947//947
f 939//939 953//953 950//950
f 951//951 953//953 954//954
f 948//948 951//951 954//954
f 953//953 952//952 941//941
f 948//948 954//954 942//942
f 941//941 942//942 954//954
f 952//952 939//939 940//940
f 956//956 955//955 959//959
f 958//958 960//960 962//962
f 970//970 958//958 962//962
f 959//959 960//960 957//957
f 960//960 955//955 961//961
f 961//961 964//964 962//962
f 970//970 962//962 964//964
f 961//961 965//965 963//963
f 964//964 963//963 968//968
f 970//970 964//964 968//968
f 965//965 955//955 966//966
f 965//965 967//967 963//963
f 967//967 966//966 969//969
f 967//967 970//970 968//968
f 969//969 956//956 957//957
f 969//969 958//958 970//970
f 966//966 955//955 956//956
f 986//986 973//973 977//977
f 971//971 974//974 972//972
f 973//973 974//974 977//977
f 974//974 975//975 976//976
f 976//976 980//980 977//977
f 975//975 971//971 978//978
f 986//986 977//977 980//980
f 976//976 978//978 979//979
f 980//980 979//979 983//983
f 978//978 971//971 981//981
f 986//986 980//980 983//983
f 981//981 982//982 979//979
f 982//982 986//986 983//983
f 981//981 971//971 984//984
f 982//982 984//984 985//985
f 985//985 984//984 972//972
f 985//985 973//973 986//986
f 988//988 990//990 989//989
f 1002//1002 990//990 991//991
f 991//991 993//993 994//994
f 988//988 987//987 992//992
f 988//988 993//993 990//990
f 993//993 992//992 996//996
f 991//991 994//994 997//997
f 996//996 997//997 994//994
f 992//992 987//987 995//995
f 991//991 997//997 1000//1000
f 995//995 999//999 996//996
f 997//997 999//999 1000//1000
f 995//995 987//987 998//998
f 998//998 1001//1001 999//999
f 991//991 1000//1000 1002//1002
f 1001//1001 987//987 989//989
f 1001//1001 1002//1002 1000//1000
f 1018//1018 1005//1005 1008//1008
f 1016//1016 1003//1003 1006//1006
f 1004//1004 1018//1018 1008//1008
f 1006//1006 1007//1007 1005//1005
f 1007//1007 1011//1011 1008//1008
f 1006//1006 1003//1003 1009//1009
f 1004//1004 1008//1008 1011//1011
f 1007//1007 1009//1009 1010//1010
f 1010//1010 1009//1009 1013//1013
f 1004//1004 1011//1011 1014//1014
f 1011//1011 1013//1013 1014//1014
f 1009//1009 1003//1003 1012//1012
f 1012//1012 1015//1015 1013//1013
f 1004//1004 1014//1014 1018//1018
f 1015//1015 1016//1016 1017//1017
f 1015//1015 1018//1018 1014//1014
f 1012//1012 1003//1003 1016//1016
f 1017//1017 1016//1016 1005//1005
f 1020//1020 1021//1021 1019//1019
f 1022//1022 1023//1023 1021//1021
f 1024//1024 1025//1025 1023//1023
f 1025//1025 1028//1028 1027//1027
f 1028//1028 1026//1026 1024//1024
f 1028//1028 1029//1029 1027//1027
f 1030//1030 1019//1019 1029//1029
f 1027//1027 1029//1029 1021//1021
usemtl field_material_13
f 1031//1031 1032//1032 1033//1033
f 1031//1031 1033//1033 1034//1034
f 1031//1031 1034//1034 1035//1035
f 1031//1031 1035//1035 1036//1036
f 1031//1031 1036//1036 1037//1037
f 1031//1031 1037//1037 1032//1032
f 1045//1045 1034//1034 1033//1033
f 1034//1034 1046//1046 1035//1035
f 1040//1040 1036//1036 1035//1035
f 1042//1042 1037//1037 1036//1036
f 1037//1037 1038//1038 1032//1032
f 1047//1047 1042//1042 1041//1041
f 1039//1039 1051//1051 1044//1044
f 1044//1044 1052//1052 1045//1045
f 1045//1045 1053//1053 1034//1034
f 1054//1054 1046//1046 1034//1034
f 1055//1055 1035//1035 1046//1046
f 1055//1055 1040//1040 1035//1035
f 1056//1056 1041//1041 1040//1040
f 1047//1047 1057//1057 1048//1048
f 1048//1048 1058//1058 1043//1043
f 1043//1043 1059//1059 1038//1038
f 1049//1049 1039//1039 1038//1038
f 1060//1060 1052//1052 1051//1051
f 1064//1064 1047//1047 1056//1056
f 1047//1047 1065//1065 1057//1057
f 1071//1071 1048//1048 1057//1057
f 1049//1049 1067//1067 1050//1050
f 1067//1067 1060//1060 1050//1050
f 1060//1060 1061//1061 1052//1052
f 1061//1061 1068//1068 1053//1053
f 1068//1068 1062//1062 1053//1053
f 1069//1069 1063//1063 1055//1055
f 1063//1063 1070//1070 1056//1056
f 1070//1070 1064//1064 1056//1056
f 1064//1064 1065//1065 1047//1047
f 1071//1071 1058//1058 1048//1048
f 1058//1058 1073//1073 1059//1059
f 1073//1073 1049//1049 1059//1059
f 1076//1076 1068//1068 1061//1061
f 1078//1078 1063//1063 1069//1069
f 1080//1080 1071//1071 1065//1065
f 1082//1082 1060//1060 1067//1067
f 1083//1083 1075//1075 1060//1060
f 1075//1075 1076//1076 1061//1061
f 1077//1077 1084//1084 1068//1068
f 1084//1084 1062//1062 1068//1068
f 1084//1084 1069//1069 1062//1062
f 1085//1085 1078//1078 1069//1069
f 1078//1078 1086//1086 1063//1063
f 1086//1086 1070//1070 1063//1063
f 1087//1087 1079//1079 1070//1070
f 1064//1064 1089//1089 1065//1065
f 1089//1089 1080//1080 1065//1065
f 1080//1080 1090//1090 1071//1071
f 1091//1091 1072//1072 1071//1071
f 1093//1093 1073//1073 1072//1072
f 1094//1094 1066//1066 1073//1073
f 1095//1095 1074//1074 1066//1066
f 1102//1102 1074//1074 1095//1095
f 1103//1103 1081//1081 1074//1074
f 1104//1104 1077//1077 1076//1076
f 1098//1098 1105//1105 1084//1084
f 1105//1105 1085//1085 1084//1084
f 1092//1092 1108//1108 1093//1093
f 1108//1108 1094//1094 1093//1093
f 1082//1082 1110//1110 1083//1083
f 1110//1110 1096//1096 1083//1083
f 1105//1105 1106//1106 1085//1085
f 1086//1086 1111//1111 1087//1087
f 1112//1112 1100//1100 1088//1088
f 1101//1101 1108//1108 1092//1092
f 1108//1108 1113//1113 1094//1094
f 1113//1113 1102//1102 1094//1094
f 1121//1121 1109//1109 1103//1103
f 1114//1114 1110//1110 1109//1109
f 1110//1110 1115//1115 1096//1096
f 1115//1115 1097//1097 1096//1096
f 1115//1115 1104//1104 1097//1097
f 1116//1116 1098//1098 1104//1104
f 1098//1098 1116//1116 1105//1105
f 1105//1105 1116//1116 1106//1106
f 1117//1117 1111//1111 1106//1106
f 1118//1118 1099//1099 1111//1111
f 1118//1118 1112//1112 1099//1099
f 1118//1118 1100//1100 1112//1112
f 1100//1100 1119//1119 1107//1107
f 1107//1107 1120//1120 1101//1101
f 1120//1120 1108//1108 1101//1101
f 1108//1108 1121//1121 1113//1113
f 1113//1113 1121//1121 1102//1102
f 1102//1102 1121//1121 1103//1103
f 1121//1121 1122//1122 1114//1114
f 1114//1114 1122//1122 1115//1115
f 1115//1115 1122//1122 1116//1116
f 1116//1116 1122//1122 1117//1117
f 1117//1117 1122//1122 1118//1118
f 1118//1118 1122//1122 1119//1119
f 1119//1119 1122//1122 1120//1120
f 1120//1120 1122//1122 1121//1121
usemtl field_material_05
f 1125//1125 1127//1127 1128//1128
f 1135//1135 1125//1125 1128//1128
f 1124//1124 1127//1127 1126//1126
f 1127//1127 1123//1123 1130//1130
f 1135//1135 1128//1128 1131//1131
f 1129//1129 1133//1133 1130//1130
f 1128//1128 1133//1133 1131//1131
f 1129//1129 1123//1123 1132//1132
f 1133//1133 1132//1132 1134//1134
f 1133//1133 1135//1135 1131//1131
f 1132//1132 1123//1123 1124//1124
f 1134//1134 1124//1124 1126//1126
f 1134//1134 1125//1125 1135//1135
f 1147//1147 1138//1138 1137//1137
f 1148//1148 1138//1138 1139//1139
f 1139//1139 1138//1138 1142//1142
f 1138//1138 1140//1140 1141//1141
f 1141//1141 1140//1140 1145//1145
f 1141//1141 1143//1143 1142//1142
f 1139//1139 1142//1142 1143//1143
f 1140//1140 1136//1136 1144//1144
f 1144//1144 1146//1146 1145//1145
f 1139//1139 1143//1143 1148//1148
f 1146//1146 1147//1147 1137//1137
f 1146//1146 1148//1148 1143//1143
f 1144//1144 1136//1136 1147//1147
f 1161//1161 1151//1151 1153//1153
f 1159//1159 1149//1149 1152//1152
f 1159//1159 1151//1151 1150//1150
f 1151//1151 1156//1156 1153//1153
f 1152//1152 1149//1149 1155//1155
f 1151//1151 1155//1155 1154//1154
f 1154//1154 1155//1155 1157//1157
f 1156//1156 1157//1157 1158//1158
f 1153//1153 1156//1156 1158//1158
f 1149//1149 1160//1160 1157//1157
f 1153//1153 1158//1158 1161//1161
f 1160//1160 1159//1159 1150//1150
f 1160//1160 1161//1161 1158//1158
f 1172//1172 1162//1162 1165//1165
f 1164//1164 1166//1166 1167//1167
f 1171//1171 1164//1164 1167//1167
f 1165//1165 1166//1166 1163//1163
f 1165//1165 1162//1162 1168//1168
f 1166//1166 1170//1170 1167//1167
f 1171//1171 1167//1167 1170//1170
f 1166//1166 1168//1168 1169//1169
f 1162//1162 1173//1173 1169//1169
f 1170//1170 1173//1173 1171//1171
f 1173//1173 1172//1172 1163//1163
f 1173//1173 1164//1164 1171//1171
f 1186//1186 1176//1176 1177//1177
f 1179//1179 1186//1186 1177//1177
f 1185//1185 1176//1176 1175//1175
f 1176//1176 1179//1179 1177//1177
f 1176//1176 1180//1180 1178//1178
f 1178//1178 1182//1182 1179//1179
f 1178//1178 1180//1180 1181//1181
f 1180//1180 1174//1174 1183//1183
f 1182//1182 1184//1184 1186//1186
f 1179//1179 1182//1182 1186//1186
f 1183//1183 1184//1184 1181//1181
f 1184//1184 1185//1185 1175//1175
f 1183//1183 1174//1174 1185//1185
f 3//3 8//8 9//9
f 5//5 4//4 9//9
f 2//2 7//7 8//8
f 9//9 13//13 14//14
f 7//7 11//11 12//12
f 8//8 12//12 13//13
f 14//14 13//13 17//17
f 11//11 15//15 16//16
f 12//12 16//16 17//17
f 17//17 21//21 22//22
f 15//15 19//19 20//20
f 16//16 20//20 21//21
f 22//22 21//21 25//25
f 19//19 23//23 24//24
f 20//20 24//24 25//25
f 25//25 29//29 30//30
f 23//23 27//27 28//28
f 24//24 28//28 29//29
f 30//30 29//29 33//33
f 27//27 31//31 32//32
f 28//28 32//32 33//33
f 33//33 4//4 5//5
f 31//31 2//2 3//3
f 32//32 3//3 4//4
f 36//36 38//38 37//37
f 38//38 40//40 39//39
f 39//39 40//40 42//42
f 41//41 42//42 44//44
f 40//40 38//38 44//44
f 38//38 36//36 44//44
f 36//36 46//46 44//44
f 44//44 46//46 45//45
f 46//46 36//36 35//35
f 45//45 35//35 37//37
f 37//37 39//39 41//41
f 41//41 43//43 37//37
usemtl field_material_23
f 48//48 50//50 49//49
f 50//50 52//52 51//51
f 52//52 54//54 53//53
f 54//54 56//56 55//55
f 56//56 58//58 57//57
f 57//57 58//58 60//60
f 59//59 60//60 62//62
f 61//61 62//62 64//64
f 64//64 65//65 63//63
usemtl field_material_05
f 67//67 69//69 66//66
f 69//69 71//71 68//68
f 70//70 71//71 67//67
usemtl field_material_23
f 74//74 73//73 76//76
f 76//76 78//78 77//77
f 78//78 80//80 79//79
f 80//80 82//82 81//81
f 82//82 84//84 83//83
f 83//83 84//84 86//86
f 85//85 86//86 88//88
f 88//88 90//90 89//89
f 90//90 91//91 89//89
usemtl field_material_05
f 93//93 96//96 92//92
f 95//95 96//96 93//93
usemtl field_material_23
f 98//98 100//100 99//99
f 99//99 100//100 102//102
f 102//102 104//104 103//103
f 103//103 104//104 106//106
f 106//106 108//108 107//107
f 108//108 110//110 109//109
f 109//109 110//110 112//112
f 112//112 114//114 113//113
usemtl field_material_05
f 116//116 117//117 119//119
f 117//117 121//121 119//119
f 118//118 119//119 121//121
f 121//121 117//117 120//120
f 120//120 116//116 118//118
f 122//122 123//123 125//125
f 124//124 125//125 127//127
f 126//126 127//127 129//129
f 129//129 131//131 130//130
f 127//127 125//125 123//123
f 123//123 133//133 131//131
f 131//131 129//129 127//127
f 131//131 133//133 132//132
f 133//133 123//123 122//122
f 132//132 122//122 124//124
f 124//124 126//126 128//128
f 128//128 130//130 124//124
usemtl field_material_23
f 135//135 137//137 136//136
f 137//137 139//139 138//138
f 138//138 139//139 141//141
f 141//141 143//143 142//142
f 143//143 145//145 144//144
f 144//144 145//145 147//147
f 147//147 149//149 148//148
f 148//148 149//149 151//151
usemtl field_material_05
f 153//153 155//155 154//154
f 156//156 155//155 153//153
usemtl field_material_23
f 158//158 160//160 159//159
f 159//159 160//160 162//162
f 161//161 162//162 164//164
f 163//163 164//164 166//166
f 165//165 166//166 168//168
f 168//168 170//170 169//169
f 169//169 170//170 172//172
f 171//171 172//172 174//174
f 174//174 175//175 173//173
usemtl field_material_05
f 177//177 179//179 176//176
f 177//177 181//181 179//179
f 178//178 179//179 181//181
f 181//181 177//177 180//180
f 180//180 176//176 178//178
usemtl field_material_23
f 183//183 185//185 184//184
f 185//185 187//187 186//186
f 187//187 189//189 188//188
f 189//189 191//191 190//190
f 191//191 193//193 192//192
f 193//193 195//195 194//194
f 195//195 197//197 196//196
f 197//197 199//199 198//198
f 199//199 200//200 198//198
usemtl field_material_05
f 202//202 204//204 201//201
f 204//204 206//206 203//203
f 204//204 202//202 206//206
f 205//205 206//206 202//202
f 208//208 210//210 209//209
f 210//210 212//212 211//211
f 211//211 212//212 214//214
f 214//214 216//216 215//215
f 212//212 210//210 208//208
f 208//208 218//218 216//216
f 216//216 214//214 208//208
f 216//216 218//218 217//217
f 217//217 218//218 208//208
f 217//217 207//207 209//209
f 209//209 211//211 217//217
f 211//211 213//213 217//217
usemtl field_material_17
f 220//220 222//222 221//221
f 221//221 222//222 224//224
f 224//224 226//226 225//225
f 226//226 228//228 227//227
f 227//227 228//228 230//230
f 229//229 230//230 232//232
f 232//232 234//234 233//233
f 234//234 236//236 235//235
usemtl field_material_05
f 238//238 239//239 241//241
f 240//240 241//241 243//243
f 241//241 239//239 243//243
f 243//243 239//239 242//242
f 238//238 240//240 242//242
usemtl field_material_17
f 245//245 247//247 246//246
f 246//246 247//247 249//249
f 248//248 249//249 251//251
f 250//250 251//251 253//253
f 252//252 253//253 255//255
f 255//255 257//257 256//256
f 256//256 257//257 259//259
f 258//258 259//259 261//261
f 261//261 262//262 260//260
usemtl field_material_05
f 263//263 264//264 265//265
f 265//265 268//268 266//266
f 264//264 268//268 265//265
f 267//267 268//268 264//264
usemtl field_material_17
f 270//270 272//272 271//271
f 272//272 274//274 273//273
f 274//274 276//276 275//275
f 276//276 278//278 277//277
f 278//278 280//280 279//279
f 280//280 282//282 281//281
f 281//281 282//282 284//284
f 283//283 284//284 286//286
usemtl field_material_05
f 288//288 289//289 291//291
f 291//291 293//293 290//290
f 291//291 289//289 293//293
f 292//292 293//293 289//289
f 292//292 288//288 290//290
f 295//295 297//297 296//296
f 297//297 299//299 298//298
f 298//298 299//299 301//301
f 300//300 301//301 303//303
f 299//299 297//297 303//303
f 297//297 295//295 303//303
f 295//295 305//305 303//303
f 303//303 305//305 304//304
f 304//304 305//305 295//295
f 304//304 294//294 296//296
f 296//296 298//298 300//300
f 300//300 302//302 296//296
usemtl field_material_07
f 306//306 307//307 309//309
f 309//309 311//311 310//310
f 310//310 311//311 313//313
f 312//312 313//313 315//315
f 314//314 315//315 317//317
f 316//316 317//317 319//319
f 319//319 321//321 320//320
f 320//320 321//321 323//323
f 323//323 324//324 322//322
usemtl field_material_05
f 325//325 328//328 326//326
f 327//327 328//328 325//325
f 329//329 326//326 327//327
usemtl field_material_07
f 330//330 331//331 333//333
f 332//332 333//333 335//335
f 334//334 335//335 337//337
f 337//337 339//339 338//338
f 339//339 341//341 340//340
f 341//341 343//343 342//342
f 343//343 345//345 344//344
f 345//345 347//347 346//346
usemtl field_material_05
f 349//349 350//350 352//352
f 351//351 352//352 354//354
f 354//354 350//350 353//353
f 353//353 349//349 351//351
usemtl field_material_07
f 356//356 358//358 357//357
f 358//358 360//360 359//359
f 359//359 360//360 362//362
f 361//361 362//362 364//364
f 363//363 364//364 366//366
f 366//366 368//368 367//367
f 368//368 370//370 369//369
f 369//369 370//370 372//372
f 372//372 373//373 371//371
usemtl field_material_05
f 375//375 377//377 376//376
f 375//375 379//379 377//377
f 377//377 379//379 378//378
f 379//379 375//375 378//378
f 381//381 383//383 382//382
f 382//382 383//383 385//385
f 384//384 385//385 387//387
f 387//387 389//389 388//388
f 385//385 383//383 381//381
f 381//381 391//391 389//389
f 389//389 387//387 381//381
f 388//388 389//389 391//391
f 390//390 391//391 381//381
f 390//390 380//380 382//382
f 382//382 384//384 386//386
f 386//386 388//388 382//382
usemtl field_material_17
f 393//393 395//395 394//394
f 394//394 395//395 397//397
f 396//396 397//397 399//399
f 399//399 401//401 400//400
f 401//401 403//403 402//402
f 403//403 405//405 404//404
f 404//404 405//405 407//407
f 407//407 409//409 408//408
usemtl field_material_05
f 412//412 414//414 413//413
f 412//412 415//415 414//414
f 413//413 414//414 415//415
f 415//415 412//412 411//411
usemtl field_material_17
f 418//418 417//417 420//420
f 420//420 422//422 421//421
f 422//422 424//424 423//423
f 424//424 426//426 425//425
f 426//426 428//428 427//427
f 427//427 428//428 430//430
f 430//430 432//432 431//431
f 432//432 434//434 433//433
f 434//434 435//435 433//433
usemtl field_material_05
f 436//436 437//437 439//439
f 439//439 437//437 438//438
usemtl field_material_17
f 441//441 443//443 442//442
f 443//443 445//445 444//444
f 445//445 447//447 446//446
f 446//446 447//447 449//449
f 449//449 451//451 450//450
f 451//451 453//453 452//452
f 453//453 455//455 454//454
f 454//454 455//455 457//457
f 457//457 458//458 456//456
usemtl field_material_05
f 459//459 460//460 461//461
f 461//461 464//464 462//462
f 461//461 460//460 464//464
f 463//463 464//464 460//460
f 463//463 459//459 462//462
f 465//465 466//466 468//468
f 468//468 470//470 469//469
f 469//469 470//470 472//472
f 472//472 474//474 473//473
f 470//470 468//468 474//474
f 468//468 466//466 474//474
f 466//466 476//476 474//474
f 473//473 474//474 476//476
f 476//476 466//466 465//465
f 475//475 465//465 471//471
f 465//465 467//467 471//471
f 467//467 469//469 471//471
usemtl field_material_07
f 478//478 480//480 479//479
f 480//480 482//482 481//481
f 481//481 482//482 484//484
f 484//484 486//486 485//485
f 486//486 488//488 487//487
f 488//488 490//490 489//489
f 489//489 490//490 492//492
f 492//492 494//494 493//493
f 494//494 495//495 493//493
usemtl field_material_05
f 497//497 498//498 500//500
f 498//498 501//501 500//500
f 499//499 500//500 501//501
f 501//501 498//498 496//496
f 499//499 496//496 497//497
usemtl field_material_07
f 502//502 503//503 505//505
f 505//505 507//507 506//506
f 506//506 507//507 509//509
f 508//508 509//509 511//511
f 511//511 513//513 512//512
f 513//513 515//515 514//514
f 514//514 515//515 517//517
f 517//517 519//519 518//518
usemtl field_material_05
f 522//522 524//524 523//523
f 524//524 526//526 525//525
f 524//524 522//522 526//526
f 526//526 522//522 521//521
f 525//525 521//521 523//523
usemtl field_material_07
f 528//528 530//530 529//529
f 530//530 532//532 531//531
f 531//531 532//532 534//534
f 533//533 534//534 536//536
f 536//536 538//538 537//537
f 537//537 538//538 540//540
f 540//540 542//542 541//541
f 542//542 544//544 543//543
f 544//544 545//545 543//543
usemtl field_material_05
f 546//546 547//547 548//548
f 548//548 547//547 549//549
f 551//551 553//553 552//552
f 552//552 553//553 555//555
f 554//554 555//555 557//557
f 557//557 559//559 558//558
f 555//555 553//553 551//551
f 551//551 561//561 559//559
f 559//559 557//557 551//551
f 558//558 559//559 561//561
f 560//560 561//561 551//551
f 560//560 550//550 556//556
f 550//550 552//552 556//556
f 552//552 554//554 556//556
usemtl field_material_07
f 563//563 565//565 564//564
f 565//565 567//567 566//566
f 567//567 569//569 568//568
f 569//569 571//571 570//570
f 570//570 571//571 573//573
f 573//573 575//575 574//574
f 574//574 575//575 577//577
f 577//577 579//579 578//578
f 579//579 580//580 578//578
usemtl field_material_05
f 582//582 585//585 583//583
f 582//582 586//586 585//585
f 584//584 585//585 586//586
f 586//586 582//582 581//581
usemtl field_material_07
f 588//588 591//591 590//590
f 591//591 593//593 592//592
f 593//593 595//595 594//594
f 595//595 597//597 596//596
f 597//597 599//599 598//598
f 598//598 599//599 601//601
f 601//601 603//603 602//602
f 603//603 605//605 604//604
f 605//605 606//606 604//604
usemtl field_material_05
f 608//608 609//609 607//607
f 609//609 612//612 610//610
f 612//612 608//608 611//611
usemtl field_material_07
f 614//614 616//616 615//615
f 615//615 616//616 618//618
f 618//618 620//620 619//619
f 620//620 622//622 621//621
f 621//621 622//622 624//624
f 623//623 624//624 626//626
f 625//625 626//626 628//628
f 627//627 628//628 630//630
f 630//630 631//631 629//629
usemtl field_material_05
f 633//633 635//635 632//632
f 635//635 637//637 636//636
f 635//635 633//633 637//637
f 637//637 633//633 632//632
f 632//632 634//634 636//636
f 638//638 639//639 641//641
f 640//640 641//641 643//643
f 643//643 645//645 644//644
f 645//645 647//647 646//646
f 643//643 641//641 639//639
f 639//639 649//649 647//647
f 647//647 645//645 643//643
f 647//647 649//649 648//648
f 648//648 649//649 639//639
f 648//648 638//638 640//640
f 640//640 642//642 644//644
f 644//644 646//646 640//640
usemtl field_material_13
f 657//657 658//658 656//656
f 651//651 658//658 659//659
f 651//651 659//659 652//652
f 660//660 664//664 653//653
f 653//653 664//664 665//665
f 666//666 661//661 655//655
f 656//656 661//661 657//657
f 659//659 662//662 663//663
f 659//659 663//663 652//652
f 667//667 668//668 658//658
f 663//663 669//669 652//652
f 669//669 670//670 660//660
f 670//670 671//671 664//664
f 664//664 671//671 672//672
f 672//672 673//673 654//654
f 666//666 675//675 676//676
f 676//676 677//677 661//661
f 657//657 677//677 667//667
f 662//662 678//678 663//663
f 678//678 669//669 663//663
f 679//679 689//689 670//670
f 673//673 692//692 680//680
f 674//674 681//681 675//675
f 681//681 682//682 675//675
f 675//675 682//682 676//676
f 683//683 684//684 677//677
f 677//677 684//684 667//667
f 685//685 686//686 668//668
f 686//686 687//687 668//668
f 669//669 688//688 679//679
f 689//689 690//690 671//671
f 671//671 690//690 691//691
f 684//684 685//685 667//667
f 685//685 694//694 686//686
f 678//678 696//696 688//688
f 688//688 697//697 679//679
f 697//697 698//698 689//689
f 681//681 700//700 682//682
f 682//682 713//713 693//693
f 701//701 702//702 687//687
f 696//696 704//704 688//688
f 689//689 705//705 706//706
f 706//706 707//707 690//690
f 707//707 708//708 691//691
f 709//709 710//710 680//680
f 710//710 711//711 681//681
f 700//700 712//712 682//682
f 693//693 713//713 714//714
f 714//714 715//715 684//684
f 715//715 716//716 685//685
f 694//694 717//717 701//701
f 695//695 718//718 703//703
f 704//704 719//719 697//697
f 711//711 720//720 700//700
f 721//721 722//722 713//713
f 713//713 722//722 714//714
f 714//714 723//723 715//715
f 715//715 723//723 716//716
f 716//716 717//717 694//694
f 717//717 724//724 701//701
f 701//701 724//724 725//725
f 702//702 725//725 695//695
f 718//718 731//731 696//696
f 696//696 731//731 704//704
f 719//719 726//726 698//698
f 698//698 726//726 705//705
f 707//707 727//727 708//708
f 699//699 727//727 733//733
f 711//711 728//728 720//720
f 720//720 729//729 712//712
f 712//712 729//729 721//721
f 722//722 730//730 714//714
f 695//695 725//725 718//718
f 723//723 734//734 716//716
f 735//735 736//736 725//725
f 731//731 736//736 737//737
f 726//726 737//737 738//738
f 727//727 738//738 739//739
f 728//728 739//739 740//740
f 740//740 741//741 722//722
f 741//741 735//735 734//734
usemtl field_material_05
f 744//744 746//746 748//748
f 745//745 755//755 748//748
f 748//748 746//746 749//749
f 748//748 751//751 750//750
f 749//749 743//743 752//752
f 750//750 751//751 752//752
f 743//743 754//754 752//752
f 752//752 755//755 756//756
f 755//755 754//754 744//744
f 760//760 759//759 763//763
f 758//758 762//762 763//763
f 763//763 764//764 766//766
f 763//763 762//762 765//765
f 766//766 764//764 767//767
f 765//765 757//757 767//767
f 757//757 769//769 767//767
f 767//767 759//759 770//770
f 759//759 769//769 758//758
f 772//772 771//771 773//773
f 771//771 777//777 776//776
f 775//775 773//773 776//776
f 776//776 778//778 780//780
f 778//778 777//777 779//779
f 780//780 778//778 781//781
f 779//779 782//782 781//781
f 781//781 784//784 774//774
f 781//781 782//782 772//772
f 784//784 773//773 774//774
f 786//786 788//788 789//789
f 787//787 798//798 789//789
f 790//790 789//789 791//791
f 791//791 788//788 785//785
f 791//791 785//785 794//794
f 791//791 793//793 795//795
f 795//795 793//793 796//796
f 794//794 797//797 796//796
f 796//796 798//798 799//799
f 798//798 797//797 786//786
f 801//801 804//804 805//805
f 802//802 803//803 805//805
f 805//805 808//808 806//806
f 808//808 804//804 807//807
f 807//807 811//811 810//810
f 809//809 808//808 810//810
f 810//810 812//812 813//813
f 810//810 811//811 800//800
f 812//812 803//803 802//802
f 812//812 800//800 801//801
f 815//815 817//817 816//816
f 816//816 817//817 819//819
f 818//818 819//819 821//821
f 821//821 823//823 822//822
f 819//819 817//817 815//815
f 815//815 825//825 819//819
f 825//825 823//823 819//819
f 822//822 823//823 825//825
f 824//824 825//825 815//815
f 824//824 814//814 816//816
f 816//816 818//818 820//820
f 820//820 822//822 824//824
usemtl field_material_03
f 841//841 843//843 827//827
f 827//827 843//843 844//844
f 829//829 834//834 835//835
f 835//835 836//836 830//830
f 836//836 837//837 830//830
f 837//837 838//838 831//831
f 838//838 839//839 832//832
f 832//832 839//839 840//840
f 833//833 840//840 841//841
f 842//842 851//851 843//843
f 828//828 844//844 834//834
f 845//845 846//846 835//835
f 835//835 846//846 836//836
f 837//837 847//847 838//838
f 841//841 848//848 842//842
f 842//842 849//849 850//850
f 844//844 852//852 853//853
f 834//834 853//853 845//845
f 846//846 854//854 855//855
f 855//855 856//856 836//836
f 856//856 857//857 836//836
f 847//847 857//857 858//858
f 847//847 858//858 859//859
f 859//859 860//860 838//838
f 860//860 861//861 839//839
f 839//839 861//861 862//862
f 862//862 863//863 848//848
f 863//863 849//849 842//842
f 858//858 866//866 859//859
f 866//866 860//860 859//859
f 867//867 868//868 861//861
f 861//861 868//868 862//862
f 869//869 870//870 863//863
f 849//849 870//870 864//864
f 864//864 871//871 850//850
f 871//871 872//872 852//852
f 852//852 872//872 865//865
f 873//873 874//874 854//854
f 874//874 875//875 856//856
f 875//875 876//876 857//857
f 866//866 877//877 860//860
f 872//872 882//882 865//865
f 874//874 884//884 875//875
f 875//875 885//885 876//876
f 876//876 886//886 866//866
f 867//867 887//887 868//868
f 868//868 887//887 878//878
f 879//879 880//880 864//864
f 882//882 890//890 865//865
f 891//891 892//892 873//873
f 892//892 893//893 874//874
f 884//884 894//894 875//875
f 894//894 895//895 875//875
f 897//897 898//898 877//877
f 898//898 899//899 867//867
f 887//887 900//900 878//878
f 900//900 901//901 869//869
f 901//901 902//902 870//870
f 902//902 903//903 879//879
f 881//881 905//905 889//889
f 889//889 906//906 882//882
f 882//882 906//906 890//890
f 893//893 907//907 884//884
f 894//894 908//908 895//895
f 896//896 909//909 886//886
f 897//897 910//910 898//898
f 898//898 910//910 899//899
f 900//900 911//911 901//901
f 901//901 912//912 902//902
f 902//902 912//912 903//903
f 903//903 904//904 880//880
f 904//904 913//913 888//888
f 888//888 913//913 905//905
f 905//905 914//914 889//889
f 890//890 915//915 883//883
f 883//883 915//915 891//891
f 907//907 917//917 894//894
f 908//908 918//918 885//885
f 885//885 918//918 919//919
f 909//909 920//920 897//897
f 897//897 920//920 910//910
f 899//899 921//921 887//887
f 912//912 922//922 903//903
f 903//903 922//922 904//904
f 906//906 923//923 890//890
f 910//910 926//926 899//899
f 911//911 927//927 901//901
f 905//905 928//928 929//929
f 929//929 930//930 923//923
f 930//930 931//931 924//924
f 931//931 932//932 907//907
f 917//917 932//932 933//933
f 919//919 933//933 934//934
f 934//934 935//935 910//910
f 921//921 935//935 936//936
f 936//936 937//937 912//912
f 937//937 928//928 904//904
usemtl field_material_05
f 942//942 941//941 943//943
f 940//940 944//944 943//943
f 946//946 943//943 945//945
f 945//945 947//947 948//948
f 945//945 944//944 949//949
f 951//951 947//947 950//950
f 949//949 939//939 950//950
f 939//939 952//952 953//953
f 951//951 950//950 953//953
f 953//953 941//941 954//954
f 941//941 952//952 940//940
f 956//956 959//959 957//957
f 958//958 957//957 960//960
f 960//960 961//961 962//962
f 960//960 959//959 955//955
f 961//961 963//963 964//964
f 961//961 955//955 965//965
f 968//968 963//963 967//967
f 965//965 966//966 967//967
f 967//967 969//969 970//970
f 969//969 966//966 956//956
f 969//969 957//957 958//958
f 984//984 971//971 972//972
f 971//971 975//975 974//974
f 973//973 972//972 974//974
f 974//974 976//976 977//977
f 976//976 979//979 980//980
f 976//976 975//975 978//978
f 978//978 981//981 979//979
f 983//983 979//979 982//982
f 982//982 985//985 986//986
f 982//982 981//981 984//984
f 985//985 972//972 973//973
f 1002//1002 989//989 990//990
f 991//991 990//990 993//993
f 988//988 992//992 993//993
f 993//993 996//996 994//994
f 996//996 992//992 995//995
f 995//995 998//998 999//999
f 997//997 996//996 999//999
f 1000//1000 999//999 1001//1001
f 1001//1001 998//998 987//987
f 1001//1001 989//989 1002//1002
f 989//989 987//987 988//988
f 1016//1016 1006//1006 1005//1005
f 1008//1008 1005//1005 1007//1007
f 1007//1007 1010//1010 1011//1011
f 1007//1007 1006//1006 1009//1009
f 1010//1010 1013//1013 1011//1011
f 1009//1009 1012//1012 1013//1013
f 1014//1014 1013//1013 1015//1015
f 1015//1015 1012//1012 1016//1016
f 1015//1015 1017//1017 1018//1018
f 1017//1017 1005//1005 1018//1018
f 1020//1020 1022//1022 1021//1021
f 1022//1022 1024//1024 1023//1023
f 1024//1024 1026//1026 1025//1025
f 1025//1025 1026//1026 1028//1028
f 1024//1024 1022//1022 1020//1020
f 1020//1020 1030//1030 1024//1024
f 1030//1030 1028//1028 1024//1024
f 1028//1028 1030//1030 1029//1029
f 1030//1030 1020//1020 1019//1019
f 1029//1029 1019//1019 1021//1021
f 1021//1021 1023//1023 1025//1025
f 1025//1025 1027//1027 1021//1021
usemtl field_material_13
f 1032//1032 1038//1038 1039//1039
f 1039//1039 1044//1044 1032//1032
f 1032//1032 1044//1044 1033//1033
f 1040//1040 1041//1041 1036//1036
f 1041//1041 1042//1042 1036//1036
f 1037//1037 1042//1042 1043//1043
f 1037//1037 1043//1043 1038//1038
f 1044//1044 1045//1045 1033//1033
f 1042//1042 1047//1047 1048//1048
f 1042//1042 1048//1048 1043//1043
f 1039//1039 1049//1049 1050//1050
f 1039//1039 1050//1050 1051//1051
f 1044//1044 1051//1051 1052//1052
f 1045//1045 1052//1052 1053//1053
f 1053//1053 1054//1054 1034//1034
f 1054//1054 1055//1055 1046//1046
f 1040//1040 1055//1055 1056//1056
f 1041//1041 1056//1056 1047//1047
f 1043//1043 1058//1058 1059//1059
f 1059//1059 1049//1049 1038//1038
f 1050//1050 1060//1060 1051//1051
f 1061//1061 1053//1053 1052//1052
f 1053//1053 1062//1062 1054//1054
f 1054//1054 1062//1062 1069//1069
f 1054//1054 1069//1069 1055//1055
f 1063//1063 1056//1056 1055//1055
f 1057//1057 1065//1065 1071//1071
f 1049//1049 1066//1066 1067//1067
f 1071//1071 1072//1072 1058//1058
f 1058//1058 1072//1072 1073//1073
f 1073//1073 1066//1066 1049//1049
f 1066//1066 1074//1074 1067//1067
f 1060//1060 1075//1075 1061//1061
f 1076//1076 1077//1077 1068//1068
f 1070//1070 1079//1079 1064//1064
f 1074//1074 1081//1081 1067//1067
f 1081//1081 1082//1082 1067//1067
f 1082//1082 1083//1083 1060//1060
f 1084//1084 1085//1085 1069//1069
f 1086//1086 1087//1087 1070//1070
f 1079//1079 1088//1088 1064//1064
f 1064//1064 1088//1088 1089//1089
f 1090//1090 1091//1091 1071//1071
f 1091//1091 1092//1092 1072//1072
f 1092//1092 1093//1093 1072//1072
f 1093//1093 1094//1094 1073//1073
f 1094//1094 1095//1095 1066//1066
f 1083//1083 1096//1096 1075//1075
f 1096//1096 1097//1097 1075//1075
f 1075//1075 1097//1097 1076//1076
f 1077//1077 1098//1098 1084//1084
f 1087//1087 1099//1099 1079//1079
f 1079//1079 1099//1099 1088//1088
f 1088//1088 1100//1100 1089//1089
f 1089//1089 1100//1100 1080//1080
f 1090//1090 1101//1101 1091//1091
f 1091//1091 1101//1101 1092//1092
f 1094//1094 1102//1102 1095//1095
f 1103//1103 1109//1109 1081//1081
f 1081//1081 1109//1109 1082//1082
f 1097//1097 1104//1104 1076//1076
f 1077//1077 1104//1104 1098//1098
f 1085//1085 1106//1106 1078//1078
f 1078//1078 1106//1106 1086//1086
f 1080//1080 1107//1107 1090//1090
f 1090//1090 1107//1107 1101//1101
f 1102//1102 1103//1103 1074//1074
f 1082//1082 1109//1109 1110//1110
f 1106//1106 1111//1111 1086//1086
f 1087//1087 1111//1111 1099//1099
f 1099//1099 1112//1112 1088//1088
f 1100//1100 1107//1107 1080//1080
f 1121//1121 1114//1114 1109//1109
f 1110//1110 1114//1114 1115//1115
f 1115//1115 1116//1116 1104//1104
f 1106//1106 1116//1116 1117//1117
f 1117//1117 1118//1118 1111//1111
f 1100//1100 1118//1118 1119//1119
f 1107//1107 1119//1119 1120//1120
f 1120//1120 1121//1121 1108//1108
usemtl field_material_05
f 1125//1125 1126//1126 1127//1127
f 1124//1124 1123//1123 1127//1127
f 1127//1127 1130//1130 1128//1128
f 1130//1130 1123//1123 1129//1129
f 1128//1128 1130//1130 1133//1133
f 1129//1129 1132//1132 1133//1133
f 1133//1133 1134//1134 1135//1135
f 1134//1134 1132//1132 1124//1124
f 1134//1134 1126//1126 1125//1125
f 1147//1147 1136//1136 1138//1138
f 1148//1148 1137//1137 1138//1138
f 1136//1136 1140//1140 1138//1138
f 1138//1138 1141//1141 1142//1142
f 1141//1141 1145//1145 1143//1143
f 1140//1140 1144//1144 1145//1145
f 1143//1143 1145//1145 1146//1146
f 1146//1146 1144//1144 1147//1147
f 1146//1146 1137//1137 1148//1148
f 1161//1161 1150//1150 1151//1151
f 1159//1159 1152//1152 1151//1151
f 1151//1151 1154//1154 1156//1156
f 1151//1151 1152//1152 1155//1155
f 1154//1154 1157//1157 1156//1156
f 1155//1155 1149//1149 1157//1157
f 1149//1149 1159//1159 1160//1160
f 1158//1158 1157//1157 1160//1160
f 1160//1160 1150//1150 1161//1161
f 1172//1172 1165//1165 1163//1163
f 1164//1164 1163//1163 1166//1166
f 1166//1166 1165//1165 1168//1168
f 1166//1166 1169//1169 1170//1170
f 1168//1168 1162//1162 1169//1169
f 1170//1170 1169//1169 1173//1173
f 1173//1173 1162//1162 1172//1172
f 1173//1173 1163//1163 1164//1164
f 1186//1186 1175//1175 1176//1176
f 1185//1185 1174//1174 1176//1176
f 1176//1176 1178//1178 1179//1179
f 1176//1176 1174//1174 1180//1180
f 1178//1178 1181//1181 1182//1182
f 1180//1180 1183//1183 1181//1181
f 1182//1182 1181//1181 1184//1184
f 1184//1184 1183//1183 1185//1185
f 1184//1184 1175//1175 1186//1186
