# Strawberry URP Gazebo mesh generated by export_gazebo_assets.py
mtllib plant_variant_05.mtl

o field_export_plant_variant_05
v 0.000000000 0.000000000 0.025000000
v 0.000000000 0.026450338 0.020225426
v 0.000000000 0.042797547 0.007725425
v 0.000000000 0.042797547 -0.007725425
v 0.000000000 0.026450338 -0.020225426
v 0.000000000 0.000000000 -0.025000000
v 0.018703211 0.018703211 0.020225426
v 0.030262435 0.030262435 0.007725425
v 0.030262435 0.030262435 -0.007725425
v 0.018703211 0.018703211 -0.020225426
v 0.026450334 0.000000000 0.020225426
v 0.042797547 0.000000000 0.007725425
v 0.042797547 0.000000000 -0.007725425
v 0.026450334 0.000000000 -0.020225426
v 0.018703211 -0.018703211 0.020225426
v 0.030262435 -0.030262435 0.007725425
v 0.030262435 -0.030262435 -0.007725425
v 0.018703211 -0.018703211 -0.020225426
v 0.000000000 -0.026450334 0.020225426
v 0.000000000 -0.042797547 0.007725425
v 0.000000000 -0.042797547 -0.007725425
v 0.000000000 -0.026450334 -0.020225426
v -0.018703211 -0.018703211 0.020225426
v -0.030262435 -0.030262435 0.007725425
v -0.030262435 -0.030262435 -0.007725425
v -0.018703211 -0.018703211 -0.020225426
v -0.026450334 0.000000000 0.020225426
v -0.042797547 0.000000000 0.007725425
v -0.042797547 0.000000000 -0.007725425
v -0.026450334 0.000000000 -0.020225426
v -0.018703211 0.018703211 0.020225426
v -0.030262435 0.030262435 0.007725425
v -0.030262435 0.030262435 -0.007725425
v -0.018703211 0.018703211 -0.020225426
v 0.023828875 0.212351352 0.155917674
v -0.006246002 -0.001299068 0.002880983
v 0.018026140 0.215002462 0.153036714
v -0.005802736 0.002651095 -0.002880938
v 0.018469406 0.218952626 0.147274792
v 0.000443265 0.003950156 -0.005761899
v 0.006246000 0.001299053 -0.002880938
v 0.028094584 0.219301090 0.145216972
v 0.003062554 -0.003772163 0.004938817
v 0.030074876 0.213650420 0.153036714
v -0.004240233 0.238606721 0.160152510
v 0.058010027 0.231569290 0.156076729
v -0.003810022 0.248070583 0.163430512
v 0.060112268 0.240897596 0.159354657
v -0.016847152 0.259102345 0.167063281
v 0.075613126 0.248726979 0.161167756
v -0.009440660 0.267862737 0.168603450
v 0.070576407 0.258883685 0.163501337
v -0.019574344 0.278616726 0.170381948
v 0.082975060 0.267109215 0.163843110
v -0.007229943 0.286874533 0.169816062
v 0.072787121 0.277895480 0.164713949
v -0.012425721 0.297125936 0.169488505
v 0.080034561 0.286750555 0.163592964
v 0.002822122 0.305105925 0.167068347
v 0.066744402 0.297932923 0.162992477
v 0.004595011 0.314616561 0.164863124
v 0.066857956 0.307598412 0.160981447
v 0.037573088 0.330346644 0.157446593
v 0.023513140 0.216197804 0.151719868
v 0.036140740 0.315408468 0.163719848
v 0.024797048 0.216403171 0.148826167
v 0.034934267 0.315893292 0.160826162
v 0.064365819 0.238844529 0.160199940
v 0.098742343 0.203974232 0.159689620
v 0.069192298 0.244484574 0.164083570
v 0.104513377 0.208712146 0.163730994
v 0.066607431 0.257670701 0.167399511
v 0.117697522 0.205927745 0.166889533
v 0.075351313 0.259406358 0.169567406
v 0.119565755 0.214626908 0.169126064
v 0.074439272 0.270947039 0.170677334
v 0.131104246 0.213557944 0.170111716
v 0.085985176 0.269897163 0.170467824
v 0.130199611 0.225117713 0.170026481
v 0.087875150 0.278652340 0.169200331
v 0.138965249 0.226909369 0.168690354
v 0.101093888 0.275957018 0.166784793
v 0.136414945 0.240184590 0.166432217
v 0.106890380 0.280794591 0.163758516
v 0.141294464 0.245953873 0.163254872
v 0.134722546 0.274015337 0.155569836
v 0.071392514 0.211011797 0.148464650
v 0.125469014 0.266874254 0.162226439
v 0.070566326 0.211178869 0.151523009
v 0.127720028 0.264657438 0.161938757
v -0.051668297 0.219553620 0.161835089
v -0.010541985 0.245763078 0.166260317
v -0.056482460 0.224905297 0.167341530
v -0.014301223 0.251838297 0.172108665
v -0.070135683 0.224703297 0.170945525
v -0.009122713 0.263660491 0.177840948
v -0.070204720 0.233288839 0.174651861
v -0.017402811 0.267003208 0.180619299
v -0.081743605 0.234677866 0.175463766
v -0.014072996 0.277886003 0.183111578
v -0.078341290 0.245738521 0.176309675
v -0.025539380 0.279452890 0.182277113
v -0.086408824 0.249602690 0.174261153
v -0.025395853 0.288559884 0.181156561
v -0.080892175 0.262254387 0.172314972
v -0.038710937 0.289187372 0.177082092
v -0.084190831 0.269370466 0.168202564
v -0.043109030 0.295577556 0.173024222
v -0.071163714 0.296223938 0.160119548
v -0.023448829 0.221057385 0.149267077
v -0.065611720 0.286504984 0.162226439
v -0.021267777 0.222072542 0.151335046
v -0.062973000 0.288242340 0.161938757
v -0.001116306 -0.006271139 0.002902925
v -0.184943810 0.094288923 0.147039711
v -0.004570089 -0.004437067 -0.002902895
v -0.190849572 0.094483420 0.139160380
v -0.003453776 0.001834054 -0.005805813
v 0.001116306 0.006271109 -0.002902895
v -0.187615201 0.103552014 0.137086883
v 0.004585075 0.001487418 0.004976433
v -0.181709409 0.103357524 0.144966200
v -0.216615722 0.080079727 0.157298177
v -0.187166363 0.135469496 0.154828668
v -0.224924237 0.083779931 0.163005114
v -0.194715053 0.140667573 0.160697430
v -0.239687979 0.075536825 0.168364927
v -0.195991963 0.157821849 0.165026993
v -0.244901478 0.085545577 0.171638906
v -0.207086027 0.156756759 0.168750197
v -0.258528411 0.080009229 0.174042851
v -0.210064337 0.171273082 0.170340687
v -0.261660784 0.094544306 0.174079001
v -0.223845333 0.165755495 0.171190277
v -0.273206592 0.093534268 0.173245087
v -0.229510590 0.175819293 0.169907153
v -0.275202185 0.110776097 0.170325354
v -0.244993001 0.167663738 0.168017685
v -0.283656716 0.116073303 0.166791588
v -0.254202247 0.171474472 0.164722756
v -0.286762714 0.152947932 0.156713828
v -0.273953766 0.146837011 0.154841170
v -0.186453238 0.099012718 0.140423939
v -0.275403261 0.144519344 0.153231367
v -0.186150819 0.098852128 0.143277317
v -0.191667065 0.145144731 0.154350534
v -0.146833405 0.164193973 0.149348989
v -0.194854259 0.151946440 0.158243611
v -0.148826599 0.171549588 0.153289780
v -0.207785174 0.154605985 0.162508085
v -0.141208559 0.182960913 0.155342638
v -0.206055239 0.163495347 0.164101481
v -0.148438424 0.188034296 0.157900348
v -0.217021823 0.166961387 0.165842086
v -0.143180460 0.198410362 0.157894760
v -0.211871862 0.177275002 0.164585844
v -0.154255047 0.201813966 0.158384711
v -0.219418406 0.182165325 0.163476810
v -0.152841792 0.210520253 0.156311363
v -0.212304115 0.193285450 0.159696698
v -0.166276470 0.212888598 0.154742867
v -0.214941308 0.200240791 0.156073526
v -0.170092970 0.219333202 0.151394472
v -0.199072585 0.223094627 0.144977391
v -0.165316477 0.140119150 0.141174614
v -0.196112424 0.211622372 0.154133976
v -0.162997916 0.140760839 0.143242583
v -0.193223387 0.212900892 0.153846294
v -0.217154220 0.030653466 0.156191692
v -0.226484001 0.078724787 0.156271785
v -0.223915160 0.028639089 0.161867604
v -0.233500049 0.077988699 0.162206486
v -0.228729099 0.016239531 0.166597530
v -0.242593139 0.087621182 0.167087689
v -0.236737400 0.019645330 0.170012325
v -0.248735636 0.081420511 0.170436516
v -0.242259428 0.009534631 0.171746388
v -0.257636279 0.088705346 0.172290027
v -0.251300812 0.016803417 0.171955884
v -0.263299048 0.078578606 0.172380075
v -0.257855952 0.010555707 0.170484647
v -0.271719962 0.081937358 0.170974806
v -0.267605424 0.020113353 0.167698279
v -0.277190298 0.069462970 0.168037146
v -0.275439620 0.019286275 0.163678184
v -0.284767151 0.067353807 0.164210722
v -0.295654714 0.040437538 0.153734341
v -0.284614086 0.042211395 0.155430555
v -0.208244219 0.056288779 0.141174629
v -0.285209328 0.042808216 0.152372196
v -0.208386540 0.058690291 0.143242598
v 0.004056118 0.000462885 0.005686305
v -0.194199413 -0.022161864 0.148945898
v 0.002715416 -0.005791639 0.002843156
v -0.195540100 -0.028416388 0.146102756
v -0.001340680 -0.006254515 -0.002843127
v -0.004056074 -0.000462866 -0.005686276
v -0.201339394 -0.026463248 0.138385653
v -0.000785515 0.006883539 0.000000015
v -0.200970888 -0.016833089 0.140416473
v -0.196914792 -0.016370215 0.146102756
v -0.214481786 -0.056656528 0.153401852
v -0.221527115 0.005651447 0.156480074
v -0.224167317 -0.058834597 0.157798305
v -0.231464982 0.005113265 0.161195159
v -0.232284799 -0.074410573 0.160598189
v -0.242840499 0.018086703 0.165511578
v -0.242659286 -0.069402643 0.163061768
v -0.251794428 0.010646438 0.167313904
v -0.250945508 -0.081794575 0.163006410
v -0.262653023 0.020795854 0.168455929
v -0.261709094 -0.071546897 0.162502736
v -0.270844221 0.008502185 0.166754887
v -0.270384431 -0.078699075 0.159480155
v -0.280940115 0.013798201 0.164393529
v -0.281316757 -0.065267354 0.156121239
v -0.288614422 -0.001319489 0.159518093
v -0.290651321 -0.065223187 0.151082456
v -0.297755510 -0.002925729 0.154193014
v -0.312495261 -0.035553288 0.139919624
v -0.297764450 -0.032540008 0.155330628
v -0.198299110 -0.023515917 0.142056391
v -0.297440737 -0.035682581 0.155041635
v -0.198202342 -0.021539591 0.144724786
v -0.229898751 0.011628521 0.150294796
v -0.203582272 0.052917600 0.151057422
v -0.236742735 0.015149207 0.153108403
v -0.209772110 0.057565033 0.154031336
v -0.249240324 0.009750395 0.155159652
v -0.210228696 0.071102686 0.156494632
v -0.253030419 0.017928531 0.156600192
v -0.219268933 0.071024090 0.157755509
v -0.264130026 0.014480691 0.156777069
v -0.220861524 0.082527652 0.158257723
v -0.265651107 0.025961563 0.156232461
v -0.231889635 0.079057120 0.157387778
v -0.274481714 0.025816461 0.154424205
v -0.235470101 0.087168746 0.155759186
v -0.274604857 0.039248310 0.152005211
v -0.247634217 0.081664130 0.152928159
v -0.280344993 0.043740820 0.148774445
v -0.254078507 0.085059360 0.149550915
v -0.279309511 0.072219707 0.141067892
v -0.203780875 0.023316920 0.144816607
v -0.268804342 0.066423200 0.156816602
v -0.203482524 0.024612056 0.141936064
v -0.269850641 0.065603636 0.153936058
v -0.185960367 -0.096494429 0.156088322
v -0.220820755 -0.062165234 0.154038429
v -0.190731630 -0.102018669 0.160805583
v -0.226545960 -0.066789009 0.158914968
v -0.187977001 -0.114998400 0.165165424
v -0.239780545 -0.064040519 0.162430733
v -0.196704760 -0.116752893 0.167692661
v -0.241536647 -0.072652869 0.165326014
v -0.195636675 -0.128221095 0.169369116
v -0.253092945 -0.071702763 0.166336030
v -0.207195237 -0.127349287 0.168962836
v -0.252027124 -0.083249271 0.166596174
v -0.208957940 -0.136191189 0.167705759
v -0.260761499 -0.085233316 0.164971069
v -0.222203046 -0.133807868 0.164616093
v -0.258017361 -0.098578207 0.162725478
v -0.227921501 -0.138885260 0.160922363
v -0.262794197 -0.104551233 0.159229591
v -0.255877882 -0.132824630 0.150889114
v -0.247744381 -0.124515571 0.156626865
v -0.193340659 -0.069279157 0.141568527
v -0.247575745 -0.125341430 0.153568521
v -0.192512125 -0.069434166 0.144626871
v 0.001664087 0.004854880 0.004760385
v -0.050545309 -0.147463173 0.178352669
v 0.006566701 0.000461802 0.002380200
v 0.004902622 -0.004393056 -0.002380170
v -0.045655500 -0.154564485 0.173592299
v -0.004703307 -0.003038068 -0.004080301
v -0.053873468 -0.157172918 0.168831930
v -0.058776081 -0.152779832 0.171212107
v -0.004902607 0.004393086 0.002380200
v -0.057112001 -0.147924975 0.175972492
v -0.027543845 -0.180307075 0.182960778
v -0.086666778 -0.159974366 0.188655555
v -0.029320005 -0.189476222 0.187835664
v -0.090024672 -0.168668747 0.193845332
v -0.018428016 -0.203084201 0.190671310
v -0.106234178 -0.172987267 0.199363992
v -0.027126726 -0.210056901 0.194224924
v -0.103116021 -0.184010386 0.201747760
v -0.019364625 -0.222760737 0.194786549
v -0.116752058 -0.189379677 0.204427764
v -0.033152524 -0.228170067 0.196071133
v -0.109141827 -0.202123553 0.203593969
v -0.030479614 -0.239310533 0.194363728
v -0.118285775 -0.209213614 0.203056410
v -0.047397397 -0.243815720 0.193374276
v -0.108102068 -0.223008245 0.199383944
v -0.051662322 -0.252722979 0.190134868
v -0.110766716 -0.232433274 0.196144134
v -0.088404693 -0.260941476 0.184689790
v -0.051445935 -0.152381301 0.175156385
v -0.085275784 -0.246496916 0.187156364
v -0.052743841 -0.152303502 0.172262698
v -0.084203064 -0.247231677 0.184262678
v -0.096910365 -0.165308118 0.185151473
v -0.122846909 -0.123910494 0.181763500
v -0.103100821 -0.169662148 0.189031571
v -0.129772514 -0.127175003 0.185740367
v -0.103655227 -0.182987943 0.192915097
v -0.142234445 -0.121532485 0.188154519
v -0.112697348 -0.182741612 0.194629818
v -0.146084607 -0.129556775 0.190509915
v -0.114373490 -0.194171667 0.196002692
v -0.157162413 -0.126010299 0.190722644
v -0.125379682 -0.190679863 0.194929332
v -0.158766940 -0.137495026 0.190809444
v -0.129019886 -0.198864430 0.193514138
v -0.167599097 -0.137408972 0.188753560
v -0.141147807 -0.193476886 0.189930126
v -0.167819500 -0.150989741 0.186638921
v -0.147620350 -0.197051778 0.186283261
v -0.173595697 -0.155678272 0.182923049
v -0.172702059 -0.184730694 0.175404742
v -0.163269028 -0.177469686 0.186366618
v -0.096717604 -0.137492076 0.171901196
v -0.162028074 -0.179910183 0.184764132
v -0.096690945 -0.136649594 0.174959525
v 0.020372061 -0.174082518 0.186575413
v -0.025636276 -0.190791100 0.185183510
v 0.023539092 -0.181198895 0.191321746
v -0.023676071 -0.198422238 0.190116093
v 0.036640901 -0.184644654 0.195396766
v -0.031653378 -0.209557340 0.193652838
v 0.034609348 -0.193513677 0.197622612
v -0.024493963 -0.215073630 0.196113378
v 0.045496732 -0.197561696 0.198546872
v -0.030249724 -0.225192815 0.196612641
v 0.039742913 -0.207567960 0.197357163
v -0.019360401 -0.229127914 0.195847929
v 0.046908021 -0.212753236 0.194865867
v -0.021386255 -0.237665921 0.193121940
v 0.038939781 -0.223361760 0.190525413
v -0.008275385 -0.240585119 0.189319745
v 0.040897615 -0.230270058 0.185244083
v -0.005086943 -0.247070417 0.184276626
v 0.022965048 -0.251848012 0.172017097
v 0.019261107 -0.240508586 0.186959535
v -0.007354124 -0.167690635 0.171901196
v 0.018765328 -0.241190284 0.183901176
v -0.008172385 -0.167488277 0.174959525
v -0.002328999 0.003843248 0.005367063
v 0.004020005 0.005063429 0.002683535
v 0.097545065 -0.154281691 0.160632402
v 0.004958855 -0.001498867 -0.004600313
v 0.102927774 -0.158151016 0.153348535
v -0.004020005 -0.005063415 -0.002683520
v 0.095612481 -0.164460734 0.151431724
v -0.006349001 -0.001220182 0.002683535
v 0.090229779 -0.160591394 0.158715591
v 0.133573577 -0.159696877 0.163703054
v 0.079853840 -0.192181185 0.164196432
v 0.139308080 -0.167493045 0.166776821
v 0.084189616 -0.200894773 0.167412251
v 0.156640306 -0.168287188 0.169137150
v 0.076914303 -0.216601044 0.170056269
v 0.156282350 -0.179769933 0.170790076
v 0.087285794 -0.221581772 0.171585500
v 0.170979410 -0.182094082 0.171252981
v 0.082553849 -0.235679895 0.172272384
v 0.166222423 -0.196170881 0.170887843
v 0.097225875 -0.237982720 0.171683267
v 0.176520467 -0.201089069 0.169332698
v 0.096794464 -0.249402940 0.170251817
v 0.169128299 -0.216695875 0.167070150
v 0.114009842 -0.250097603 0.167705581
v 0.173304439 -0.225266486 0.163930133
v 0.119603634 -0.257774234 0.164643079
v 0.156169653 -0.257778734 0.156638309
v 0.097556636 -0.158669472 0.156809941
v 0.148639768 -0.244558379 0.169405550
v 0.095324762 -0.160247862 0.155200139
v 0.148232728 -0.245236143 0.166333258
v 0.079483964 -0.201293603 0.164303705
v 0.031119119 -0.194684625 0.168189988
v 0.079496592 -0.208547160 0.168384045
v 0.029852675 -0.201795056 0.172538549
v 0.089890525 -0.217276037 0.170975134
v 0.018083189 -0.207509473 0.176984414
v 0.084280036 -0.223897725 0.173905462
v 0.022136450 -0.215445533 0.179106027
v 0.092149734 -0.232430488 0.174592197
v 0.012506880 -0.221598208 0.181257203
v 0.082415260 -0.238649234 0.175597340
v 0.020271678 -0.230197057 0.180797905
v 0.086160980 -0.246779054 0.174358889
v 0.014353640 -0.237012506 0.180368185
v 0.073902264 -0.252801687 0.173459694
v 0.024258349 -0.246049598 0.177614197
v 0.072004616 -0.260290354 0.170876816
v 0.023664048 -0.253692865 0.175053015
v 0.045153368 -0.272199482 0.166197985
v 0.058090836 -0.183995470 0.155815065
v 0.047152907 -0.261009157 0.169211343
v 0.054966625 -0.183525890 0.156102747
v 0.044747185 -0.261003047 0.167143375
v 0.159434587 -0.116923764 0.166640893
v 0.142793477 -0.162971929 0.167401806
v 0.166792452 -0.118795760 0.170903206
v 0.149747416 -0.166080490 0.171898291
v 0.177721173 -0.110734716 0.174194485
v 0.153066412 -0.179129630 0.175633833
v 0.183154196 -0.117845580 0.176567659
v 0.161817461 -0.177035972 0.177813292
v 0.193214908 -0.112036608 0.177288786
v 0.165869862 -0.187894657 0.178885192
v 0.197230577 -0.122912109 0.176932216
v 0.175893843 -0.182102501 0.178177848
v 0.205873907 -0.120867774 0.174923599
v 0.181219161 -0.189262688 0.176362947
v 0.209021568 -0.133995339 0.171996877
v 0.191976532 -0.181280077 0.172991961
v 0.215726137 -0.137195468 0.167850882
v 0.199126497 -0.183249146 0.168991894
v 0.221167699 -0.165451199 0.158234194
v 0.136912212 -0.134030953 0.157352313
v 0.209675029 -0.162081391 0.169589043
v 0.136671960 -0.135739937 0.155054376
v 0.210516855 -0.161052912 0.166708499
v -0.004756242 0.001059962 0.005025409
v 0.146391958 -0.032624781 0.155182809
v -0.001059465 0.006446999 0.002512708
v 0.150088727 -0.027237747 0.152670100
v 0.003696769 0.005387029 -0.002512693
v 0.004756227 -0.001059977 -0.005025394
v 0.155978486 -0.031212144 0.145849928
v -0.001507043 -0.006762313 0.000000005
v 0.152207643 -0.040131759 0.147644699
v 0.147451416 -0.039071791 0.152670100
v 0.177207991 -0.007286773 0.158364743
v 0.163477644 -0.068546511 0.158563629
v 0.186883405 -0.008573126 0.161560491
v 0.172863692 -0.071481526 0.161882252
v 0.199517205 0.003364425 0.164027497
v 0.179238394 -0.087629333 0.164492905
v 0.207602441 -0.004856661 0.165586278
v 0.190052733 -0.083604559 0.165989041
v 0.219462425 0.004140422 0.165928975
v 0.196970820 -0.096782431 0.166445166
v 0.226317614 -0.009029398 0.165217251
v 0.208767906 -0.087777302 0.165620029
v 0.236947536 -0.004981048 0.163289458
v 0.216668755 -0.095974803 0.163754866
v 0.243028924 -0.021091336 0.160453424
v 0.229009196 -0.083999738 0.160775185
v 0.252012789 -0.023972459 0.156723976
v 0.238339409 -0.085241631 0.157162666
v 0.263401866 -0.058762148 0.147963256
v 0.248401582 -0.056587975 0.162935257
v 0.151417851 -0.033411812 0.148458615
v 0.249183267 -0.053968523 0.161325470
v 0.150905877 -0.034014232 0.151530892
v 0.168465659 -0.075971752 0.162076741
v 0.130179346 -0.106336340 0.158900470
v 0.173237696 -0.081353649 0.166311666
v 0.133956015 -0.112572059 0.163192585
v 0.186348617 -0.080203310 0.170556128
v 0.129529700 -0.125359133 0.166044533
v 0.186958477 -0.089073412 0.172788695
v 0.137786195 -0.128152207 0.168884248
v 0.198416308 -0.089417569 0.174745753
v 0.135397404 -0.139500722 0.169741854
v 0.196132451 -0.100781344 0.174434736
v 0.146960154 -0.139860153 0.170530289
v 0.204696566 -0.103619181 0.173848212
v 0.147877648 -0.148775011 0.169336602
v 0.200759619 -0.116477452 0.171249792
v 0.161477923 -0.147695869 0.168130696
v 0.205141932 -0.122779816 0.168637112
v 0.166895315 -0.153189704 0.165442809
v 0.195984080 -0.149750307 0.160046428
v 0.188440874 -0.141277060 0.162931740
v 0.142297968 -0.078510553 0.149940401
v 0.190728992 -0.139773533 0.161329269
v 0.139797330 -0.080441363 0.150228083
v 0.162829474 0.041643813 0.162149921
v 0.184500933 -0.002050423 0.166513100
v 0.168824315 0.045935906 0.167689040
v 0.191075444 0.001106484 0.172440737
v 0.170200095 0.059586629 0.171302840
v 0.202385217 -0.005256802 0.178175911
v 0.178823948 0.058764532 0.174932271
v 0.206677631 0.002647658 0.180880368
v 0.181489021 0.070092440 0.175580293
v 0.217186138 -0.001826616 0.183203340
v 0.192130715 0.065499760 0.176162496
v 0.219984397 0.009382889 0.182110608
v 0.196813643 0.073057093 0.173763290
v 0.228998765 0.008213660 0.180636376
v 0.208744630 0.066141605 0.171379715
v 0.230995774 0.021312177 0.176131412
v 0.216087028 0.068588398 0.166979253
v 0.237764180 0.024903741 0.171394363
v 0.241115466 0.052633975 0.157540619
v 0.160633549 0.013752237 0.149940401
v 0.231216788 0.046439622 0.163524643
v 0.161998376 0.010902946 0.150228098
v 0.231327310 0.047275249 0.160466298
v -0.002893552 -0.003589831 0.005266912
v 0.138175786 0.171424985 0.202054828
v -0.006166592 0.002009459 0.002633452
v 0.134902745 0.177024275 0.199421376
v -0.000216854 0.005250939 -0.004514509
v 0.137796298 0.180614114 0.194154456
v 0.143962905 0.178604633 0.191520989
v 0.006166607 -0.002009459 -0.002633467
v 0.003273055 -0.005599298 0.002633452
v 0.146463424 0.170666933 0.196787924
v 0.128411204 0.210072383 0.206372976
v 0.177198544 0.170650557 0.209035307
v 0.133635506 0.218186617 0.210627437
v 0.183765590 0.177779615 0.213520691
v 0.128365263 0.234801888 0.213485867
v 0.200875863 0.176355258 0.217670813
v 0.139197484 0.238417894 0.216048777
v 0.201949686 0.187836945 0.219670504
v 0.136352003 0.253036380 0.216456085
v 0.216774851 0.188212141 0.221097693
v 0.151215285 0.253357768 0.216471091
v 0.213967472 0.202776819 0.220092833
v 0.152400866 0.264681637 0.214330509
v 0.224911451 0.206234992 0.218515456
v 0.169688895 0.263006240 0.211894408
v 0.219818994 0.222599238 0.214787662
v 0.176466435 0.269786417 0.207851574
v 0.225277960 0.230420366 0.210829005
v 0.213196710 0.264587849 0.199342206
v 0.204700977 0.252045959 0.209565759
v 0.140944183 0.175377533 0.195089102
v 0.202699244 0.253907591 0.207955986
v 0.141257316 0.174651593 0.198161379
v 0.187330261 0.172241941 0.206166700
v 0.197596267 0.124420255 0.203795403
v 0.194549337 0.174312025 0.209416151
v 0.205135286 0.125219807 0.207122520
v 0.199553505 0.186735064 0.212585241
v 0.214865521 0.115725711 0.209267631
v 0.207930893 0.183459029 0.214119762
v 0.221182227 0.122006044 0.211248636
v 0.213389724 0.193655595 0.215278715
v 0.230372563 0.114897810 0.211599097
v 0.222556785 0.186590865 0.214590713
v 0.235808134 0.125137880 0.211719573
v 0.228805304 0.192998737 0.213527113
v 0.244117305 0.121989377 0.210209504
v 0.238427028 0.183707535 0.210828960
v 0.249012977 0.134615302 0.208535329
v 0.245795369 0.184761330 0.207999304
v 0.256117344 0.136952713 0.205644742
v 0.265382379 0.164345756 0.199629471
v 0.177560508 0.146639168 0.195899233
v 0.253686875 0.161913037 0.210268468
v 0.254180640 0.162019506 0.206985131
v 0.177752152 0.144241095 0.197967187
v 0.079857484 0.219752267 0.207011357
v 0.128825262 0.219787121 0.207325578
v 0.079153970 0.227340937 0.211029589
v 0.129424125 0.227420658 0.211554065
v 0.067886069 0.234900475 0.214207605
v 0.140599236 0.235015780 0.214966223
v 0.072744906 0.242450029 0.216370374
v 0.135672405 0.242549807 0.217026904
v 0.063864753 0.249938130 0.217069820
v 0.144512266 0.250066012 0.217911214
v 0.072718918 0.257413268 0.216587707
v 0.135646418 0.257513046 0.217244223
v 0.067834087 0.264826983 0.214642256
v 0.140547246 0.264942288 0.215400875
v 0.079075992 0.272230715 0.211681560
v 0.129346132 0.272310436 0.212206036
v 0.079761140 0.279588670 0.207644433
v 0.128723696 0.279666364 0.208318204
v 0.104377083 0.294245958 0.198106274
v 0.104476996 0.204282314 0.198268458
v 0.103084549 0.282326549 0.209967181
v 0.104476184 0.204787448 0.194985136
v 0.105468646 0.282648474 0.207899213
v 0.182641998 0.126699492 0.084061831
v -0.003388252 0.004497610 0.035735842
v 0.178571969 0.134367913 0.078267060
v 0.002540981 -0.001843849 0.029941065
v 0.184047326 0.128016025 0.074377596
v 0.000839200 -0.002744980 0.039625298
v 0.181724116 0.129701823 -0.031175382
v 0.194840074 0.129364371 -0.023535302
v 0.189922988 0.139751554 -0.023851257
v 0.178288072 0.142525345 -0.023452248
v 0.170033425 0.131240934 -0.025174601
v 0.176405698 0.117872521 -0.023851264
v 0.189309403 0.119181283 -0.023851255
v 0.204206705 0.131118402 -0.013780235
v 0.197245702 0.144507915 -0.015732506
v 0.186484233 0.151383698 -0.014207952
v 0.171576455 0.148079708 -0.016364420
v 0.159321845 0.126437441 -0.013437511
v 0.164135277 0.115797520 -0.013780762
v 0.173616201 0.108672075 -0.013605922
v 0.185217306 0.107435562 -0.013605926
v 0.195794776 0.112731293 -0.014464346
v 0.201554909 0.119488455 -0.014050643
v 0.209652886 0.147718132 -0.000116927
v 0.180320635 0.162949041 0.000020047
v 0.163952917 0.148706138 -0.009078632
v 0.161329627 0.137962952 -0.014409924
v 0.215435952 0.134140104 0.000220755
v 0.202423677 0.156678021 0.000220756
v 0.191072017 0.162018806 0.000456781
v 0.168571904 0.161183342 0.000590383
v 0.154793546 0.150164902 0.000284867
v 0.148041695 0.133902922 0.000607193
v 0.150356516 0.116528720 0.000328427
v 0.161024570 0.102725647 0.000220752
v 0.172376245 0.097384855 0.000456783
v 0.186412349 0.096070334 0.000556256
v 0.202065080 0.102249287 0.000391284
v 0.213323936 0.116612777 0.000218049
v 0.218180388 0.124023795 0.007609441
v 0.221264407 0.140381634 0.016127156
v 0.217280045 0.149892777 0.015647329
v 0.210743234 0.158604845 0.016127162
v 0.202672631 0.164974377 0.016089523
v 0.143282920 0.114274047 0.015793266
v 0.152745813 0.100723527 0.016165487
v 0.161016047 0.094571598 0.015594839
v 0.197427154 0.091287240 0.016097303
v 0.210743234 0.100798823 0.016127154
v 0.217322275 0.109316312 0.015955506
v 0.222978562 0.125057340 0.015828861
v 0.187597662 0.170735106 0.015471466
v 0.166045353 0.167979643 0.015784627
v 0.148950860 0.155194923 0.015752003
v 0.140572533 0.135232732 0.016149312
v 0.176328495 0.088717788 0.015377178
v 0.220928088 0.152663574 0.034890614
v 0.181724146 0.175219715 0.035239927
v 0.142445475 0.152379364 0.034215849
v 0.141990796 0.107034452 0.036706630
v 0.204081938 0.090136550 0.034771681
v 0.225213170 0.118004784 0.032248747
v 0.227237076 0.129701853 0.035461526
v 0.225398988 0.142174095 0.035367139
v 0.214198530 0.161751598 0.037448056
v 0.204876080 0.168811396 0.034913875
v 0.193242833 0.173850372 0.037447959
v 0.169937432 0.173690215 0.038345218
v 0.159224793 0.168753862 0.031911820
v 0.149380639 0.161677107 0.035925400
v 0.137575567 0.141220510 0.037448026
v 0.136647537 0.129699588 0.031942792
v 0.137860969 0.117679171 0.035925388
v 0.149826020 0.097861715 0.031911790
v 0.163841814 0.087955378 0.032100495
v 0.181767806 0.084048986 0.037701424
v 0.193392977 0.086161785 0.031942826
v 0.214198530 0.097652055 0.037448037
v 0.221282482 0.106913231 0.037701417
v 0.159931958 0.166335091 0.062310979
v 0.139370173 0.129958272 0.063138060
v 0.152219370 0.099024579 0.062681943
v 0.161164597 0.092433482 0.062681951
v 0.171229854 0.088388816 0.062310975
v 0.192438409 0.088724680 0.063138083
v 0.222923532 0.119236149 0.062993720
v 0.223429993 0.129701838 0.064384386
v 0.221943110 0.140396938 0.064844050
v 0.152449667 0.159314916 0.064669803
v 0.142856568 0.114150636 0.065072134
v 0.202427924 0.093538590 0.064619280
v 0.215286925 0.154861391 0.064802088
v 0.198294491 0.168158248 0.064751461
v 0.176798850 0.171203136 0.065191232
v 0.143446743 0.146689773 0.064893194
v 0.181547523 0.088287450 0.065060198
v 0.214737341 0.103950359 0.064907551
v 0.213894576 0.138321891 0.079028696
v 0.194542170 0.160647288 0.079070069
v 0.169170991 0.160007656 0.079007551
v 0.155324429 0.148988292 0.079012021
v 0.149218082 0.133204550 0.079012021
v 0.153175756 0.113219403 0.079033799
v 0.169171020 0.099395990 0.079007551
v 0.191362709 0.098011158 0.079031691
v 0.210272491 0.113219410 0.079033799
v 0.181724116 0.129701823 0.080655590
v 0.194992751 0.137456432 0.081420317
v 0.198537305 0.150521189 0.077002913
v 0.195906952 0.144254655 0.073519446
v 0.198193029 0.144254670 0.080486365
v 0.199107230 0.137456417 0.072585493
v 0.202874124 0.118871257 0.077002905
v 0.200770438 0.122322761 0.080367662
v 0.200770423 0.122322761 0.073638149
v 0.197049990 0.108747594 0.077956550
v 0.191225857 0.118871257 0.077002905
v 0.193329558 0.122322761 0.080367662
v 0.195099279 0.117141314 0.073030666
v 0.192906424 0.145001158 0.077002905
v 0.191230252 0.139834225 0.081333220
v 0.167119324 0.152125657 0.077002905
v 0.172972754 0.149861783 0.073519446
v 0.180591807 0.150096223 0.080367662
v 0.198560312 0.146469861 0.077002905
v 0.192930952 0.145068556 0.072672591
v 0.200653881 0.140867636 0.080486365
v 0.205800861 0.136429548 0.077002905
v 0.199947417 0.138693437 0.073519446
v 0.172266290 0.147687584 0.080486365
v 0.174359858 0.142085359 0.077002905
v 0.178292498 0.143019512 0.073638149
v 0.175025165 0.141873717 0.081333227
v 0.158291161 0.120992698 0.077002905
v 0.161696017 0.126264796 0.073519446
v 0.163625270 0.135546550 0.072672583
v 0.161978036 0.134927198 0.080367662
v 0.158247367 0.133371368 0.077002905
v 0.180359274 0.156427577 0.077002905
v 0.176954433 0.151155502 0.080486365
v 0.176954418 0.151155487 0.073519446
v 0.180403084 0.144048899 0.077002905
v 0.176672429 0.142493099 0.073638149
v 0.161696002 0.126264781 0.080486365
v 0.166431516 0.128176332 0.081420317
v 0.181641817 0.103741162 0.077956550
v 0.170652628 0.112536892 0.080367662
v 0.176954433 0.108248144 0.073519446
v 0.170979440 0.108508050 0.077002905
v 0.163625285 0.123857088 0.072672583
v 0.155884653 0.136662498 0.077002905
v 0.159846529 0.131795138 0.080486365
v 0.163684711 0.135506451 0.077002905
v 0.161696017 0.133138850 0.073519446
v 0.180403084 0.115354739 0.077002913
v 0.176672429 0.116910532 0.080367662
v 0.176672429 0.116910540 0.073638149
v 0.191230237 0.119569421 0.081333227
v 0.200653851 0.118536018 0.073519439
v 0.200653881 0.118536025 0.080486365
v 0.180591807 0.109307423 0.080367662
v 0.198560342 0.112933807 0.077002905
v 0.180591807 0.109307431 0.073638149
v 0.167119309 0.107277982 0.077002905
v 0.172266290 0.111716069 0.080486372
v 0.174359828 0.117318287 0.077002905
v 0.172266304 0.111716069 0.073519439
v 0.205800861 0.122974105 0.077002905
v 0.191230223 0.119569421 0.072672583
v 0.220788926 0.132907838 0.021450572
v 0.221510634 0.134686500 0.014408145
v 0.223180518 0.133822843 0.018895317
v 0.222654656 0.131195769 0.015396983
v 0.220201284 0.132314622 0.012912523
v 0.218397334 0.131992832 0.018895321
v 0.218397334 0.133822829 0.015083159
v 0.216241226 0.144714281 0.014151674
v 0.218632802 0.145629302 0.011596422
v 0.216962919 0.146492943 0.007109253
v 0.218106955 0.143002212 0.008098086
v 0.213849619 0.143799290 0.011596425
v 0.215653569 0.144121081 0.005613631
v 0.213849619 0.145629287 0.007784268
v 0.201326787 0.161557972 0.012390833
v 0.202636138 0.162743434 0.005733039
v 0.204306021 0.161879778 0.010220198
v 0.204306021 0.160049751 0.006408053
v 0.202636123 0.159186095 0.010895217
v 0.201326787 0.160371557 0.004237418
v 0.199522853 0.160049751 0.010220203
v 0.199522853 0.161879778 0.006408048
v 0.194389567 0.165848538 0.038012113
v 0.193080202 0.168220416 0.036516488
v 0.193801925 0.166441754 0.029474068
v 0.196193516 0.167356744 0.035841484
v 0.196193516 0.165526748 0.032029323
v 0.191936180 0.164729685 0.035527658
v 0.191410318 0.167356744 0.032029327
v 0.177023977 0.168277904 0.031806462
v 0.175714627 0.170649782 0.030310834
v 0.178827912 0.169786111 0.029635839
v 0.177023977 0.169464320 0.023653040
v 0.178827912 0.167956114 0.025823666
v 0.174044728 0.167956114 0.029635828
v 0.175714627 0.167092443 0.025148654
v 0.174044728 0.169786111 0.025823683
v 0.159040362 0.158461720 0.013160753
v 0.157731012 0.160833582 0.011665137
v 0.160844296 0.159969926 0.010990123
v 0.160257533 0.159094170 0.005304259
v 0.157731012 0.157276258 0.006502938
v 0.156061113 0.158139929 0.010990116
v 0.156061113 0.159969926 0.007177965
v 0.144820467 0.141500622 0.023691710
v 0.143511117 0.143872485 0.022196095
v 0.146624416 0.143008828 0.021521069
v 0.144232810 0.142093822 0.015153666
v 0.146098554 0.140381753 0.018022740
v 0.141841218 0.141178831 0.021521080
v 0.141841218 0.143008828 0.017708916
v 0.144289851 0.134508014 0.039277185
v 0.142980516 0.136879891 0.037781570
v 0.146093816 0.136016220 0.037106548
v 0.143702209 0.135101229 0.030739143
v 0.146093816 0.134186223 0.033294391
v 0.141836479 0.133389160 0.036792733
v 0.141310617 0.136016220 0.033294387
v 0.147108734 0.117511854 0.009945063
v 0.150087982 0.117833637 0.007774430
v 0.148418069 0.118697301 0.003287239
v 0.150087982 0.116003647 0.003962273
v 0.148418069 0.115139984 0.008449471
v 0.145304784 0.116003647 0.007774439
v 0.147108734 0.116325431 0.001791643
v 0.145304784 0.117833637 0.003962268
v 0.156179935 0.105082922 0.007822352
v 0.159159184 0.105404705 0.005651718
v 0.157489270 0.106268369 0.001164518
v 0.159159184 0.103574708 0.001839557
v 0.157489270 0.102711052 0.006326757
v 0.154375985 0.103574708 0.005651724
v 0.156179935 0.103896499 -0.000331076
v 0.154375985 0.105404705 0.001839551
v 0.174123511 0.091951273 0.017558960
v 0.174845204 0.093729936 0.010516511
v 0.176515087 0.092866279 0.015003713
v 0.175989226 0.090239212 0.011505360
v 0.173535854 0.091358066 0.009020914
v 0.171731904 0.091036275 0.015003712
v 0.171731904 0.092866272 0.011191547
v 0.187997133 0.094802558 0.048580632
v 0.186131403 0.096514612 0.042527039
v 0.190388739 0.095717549 0.046025392
v 0.188584790 0.095395766 0.040042598
v 0.190388739 0.093887560 0.042213228
v 0.185605541 0.093887553 0.046025392
v 0.187275440 0.093023896 0.041538190
v 0.204570025 0.100944914 0.011345784
v 0.205157682 0.101538129 0.002807745
v 0.206435755 0.102656983 0.008476723
v 0.206961617 0.100029908 0.004978374
v 0.203848347 0.099166259 0.004303337
v 0.202178434 0.100029916 0.008790536
v 0.202178434 0.101859920 0.004978375
v 0.213991508 0.112937570 0.043766491
v 0.216970757 0.113259353 0.041595865
v 0.215300843 0.114123009 0.037108660
v 0.216970757 0.111429356 0.037783697
v 0.215300843 0.110565700 0.042270899
v 0.212187558 0.111429363 0.041595869
v 0.213991508 0.111751147 0.035613067
v 0.212187558 0.113259353 0.037783690
v 0.002401170 -0.001700082 0.003979192
v -0.136501670 -0.057925683 0.064352214
v -0.000232109 -0.003488805 -0.003798314
v -0.140036345 -0.058554314 0.055568621
v -0.002023109 0.005020360 0.000000004
v -0.140977651 -0.051476166 0.059999999
v -0.141967192 -0.049211595 0.068857029
v -0.139127940 -0.038947172 0.062781148
v -0.139127940 -0.038947172 0.057218842
v -0.127022967 -0.043961216 0.062781148
v -0.127022967 -0.043961216 0.057218842
v -0.129364118 -0.052021891 0.052267261
v -0.129364118 -0.052021891 0.067732729
v -0.121232264 -0.056066189 0.059999999
v -0.127022967 -0.068171158 0.062781148
v -0.127022967 -0.068171158 0.057218842
v -0.136288688 -0.062920779 0.051142961
v -0.135996640 -0.065889515 0.067705333
v -0.139127940 -0.073185205 0.062781148
v -0.139127940 -0.073185205 0.057218842
v -0.151232913 -0.068171158 0.062781148
v -0.151232913 -0.068171158 0.057218842
v -0.148891777 -0.060110491 0.052267261
v -0.148951277 -0.059197504 0.067705333
v -0.157023624 -0.056066189 0.059999999
v -0.151232913 -0.043961216 0.062781148
v -0.151232913 -0.043961216 0.057218842
v -0.142987058 -0.046749447 0.052312288
v -0.122209616 -0.060395617 0.063921273
v -0.107706860 -0.049125377 0.063101687
v -0.114127941 -0.045066189 0.059999995
v -0.107706860 -0.049125373 0.056898307
v -0.098571591 -0.048288014 0.059999995
v -0.098571591 -0.056066189 0.062828422
v -0.092685595 -0.056066189 0.059318621
v -0.107706852 -0.063007005 0.063101687
v -0.098571591 -0.063844360 0.059999995
v -0.107706852 -0.063007005 0.056898307
v -0.114127941 -0.067066185 0.059999995
v -0.135003105 -0.059845749 0.059999995
v -0.122209616 -0.060395621 0.056078725
v -0.128668383 -0.053354777 0.063202284
v -0.129684284 -0.048288014 0.059999995
v -0.128668383 -0.053354774 0.056797709
v -0.133022681 -0.023265794 0.063921273
v -0.139987856 -0.036251750 0.063101694
v -0.141864151 -0.028890591 0.059999995
v -0.139987856 -0.036251765 0.056898307
v -0.133992836 -0.015091222 0.059999995
v -0.133022681 -0.023265798 0.056078721
v -0.124776475 -0.011896890 0.060681373
v -0.124330580 -0.019298870 0.056797709
v -0.122817196 -0.028327795 0.063101687
v -0.119197860 -0.019898400 0.059999995
v -0.120940901 -0.035688963 0.059999995
v -0.126785651 -0.040541429 0.056898307
v -0.128812209 -0.049488328 0.059999995
v -0.133317053 -0.046956412 0.063202292
v -0.138028577 -0.052682653 0.059318621
v -0.143607184 -0.044681154 0.059999995
v -0.155359924 -0.049624424 0.063921273
v -0.168627843 -0.043212585 0.063101687
v -0.165819004 -0.050270744 0.059999995
v -0.168627843 -0.043212585 0.056898307
v -0.176510602 -0.038520440 0.059999995
v -0.169523090 -0.030631330 0.063202292
v -0.176700577 -0.028768066 0.059318621
v -0.167366818 -0.025935093 0.059999995
v -0.160468429 -0.031982098 0.056898307
v -0.150078893 -0.039530534 0.063101687
v -0.152887717 -0.032472372 0.059999995
v -0.142196119 -0.044222672 0.059999995
v -0.145996168 -0.047724634 0.056797713
v -0.142006144 -0.053975049 0.060681377
v -0.151339903 -0.056808025 0.059999995
v -0.155359939 -0.049624417 0.056078725
v -0.155359939 -0.062507957 0.063921273
v -0.160468444 -0.080150284 0.063101694
v -0.152887717 -0.079660006 0.059999995
v -0.160468429 -0.080150276 0.056898307
v -0.167366818 -0.086197287 0.059999995
v -0.171938702 -0.079904608 0.062828422
v -0.176700577 -0.083364323 0.059318621
v -0.168627858 -0.068919815 0.063101694
v -0.176510602 -0.073611937 0.059999995
v -0.168627843 -0.068919793 0.056898307
v -0.165819004 -0.061861631 0.059999995
v -0.151339903 -0.055324350 0.059999995
v -0.149183646 -0.060020585 0.056797709
v -0.145996183 -0.064407744 0.063202284
v -0.140243426 -0.061548423 0.059999999
v -0.150270402 -0.069513127 0.056078721
v -0.133022681 -0.088866577 0.063921273
v -0.120940901 -0.076443411 0.059999995
v -0.119197860 -0.092233971 0.059999995
v -0.122817189 -0.083804585 0.056898307
v -0.124330580 -0.092833497 0.063202292
v -0.128546312 -0.100864008 0.059999995
v -0.129487991 -0.094509251 0.056797709
v -0.139987856 -0.075880647 0.063101694
v -0.141864136 -0.083241783 0.059999995
v -0.139987856 -0.075880624 0.056898307
v -0.143607184 -0.067451224 0.059999995
v -0.136209697 -0.065047629 0.062828422
v -0.138028577 -0.059449717 0.059318621
v -0.126785651 -0.071590960 0.063101687
v -0.128812224 -0.062644042 0.059999995
v -0.129782364 -0.070818618 0.056078725
vn 0.000000017 -0.000000007 1.000000000
vn -0.000002043 0.450434566 0.892809451
vn -0.000009648 0.914307714 0.405020088
vn 0.000004780 0.914311528 -0.405011714
vn 0.000000000 0.450433195 -0.892810166
vn 0.000000003 -0.000000007 -1.000000000
vn 0.318503916 0.318506688 0.892809570
vn 0.646506369 0.646520078 0.405020088
vn 0.646513939 0.646507204 -0.405028611
vn 0.318506271 0.318506181 -0.892808795
vn 0.450434536 0.000002026 0.892809570
vn 0.914307833 0.000009595 0.405020177
vn 0.914311528 -0.000004768 -0.405011714
vn 0.450433105 0.000000000 -0.892810166
vn 0.318506718 -0.318503827 0.892809510
vn 0.646520078 -0.646506429 0.405020177
vn 0.646507204 -0.646513939 -0.405028641
vn 0.318506241 -0.318506211 -0.892808795
vn 0.000002031 -0.450434536 0.892809570
vn 0.000009641 -0.914307833 0.405020207
vn -0.000004787 -0.914311528 -0.405011803
vn 0.000000000 -0.450433195 -0.892810166
vn -0.318503857 -0.318506718 0.892809451
vn -0.646506429 -0.646520078 0.405020207
vn -0.646513939 -0.646507204 -0.405028641
vn -0.318506211 -0.318506211 -0.892808795
vn -0.450434536 -0.000002026 0.892809570
vn -0.914307833 -0.000009595 0.405020177
vn -0.914311528 0.000004768 -0.405011714
vn -0.450433105 0.000000000 -0.892810166
vn -0.318506747 0.318503797 0.892809510
vn -0.646520078 0.646506429 0.405020177
vn -0.646507263 0.646513939 -0.405028671
vn -0.318506271 0.318506181 -0.892808795
vn 0.005083792 0.052719958 0.998596370
vn -0.719800293 -0.691006958 0.066309147
vn -0.651056051 0.351921469 0.672515631
vn -0.712864518 -0.198870346 -0.672513843
vn -0.548735440 0.833363175 -0.066296279
vn -0.006729758 -0.052556522 -0.998595297
vn 0.703629613 -0.396016061 -0.589980245
vn 0.502240896 0.827865720 -0.249785185
vn 0.306264341 -0.918590844 0.249785677
vn 0.773900509 0.230217651 0.589981258
vn 0.024723543 -0.328196853 0.944285750
vn 0.022569571 -0.335193306 0.941879094
vn 0.027746890 -0.298735231 0.953932643
vn 0.026962655 -0.301316679 0.953142822
vn 0.035713375 -0.233835101 0.971620142
vn 0.035713911 -0.233832970 0.971620619
vn 0.045129705 -0.158297345 0.986359596
vn 0.045129705 -0.158297375 0.986359596
vn 0.055655800 -0.069975086 0.995994985
vn 0.055654831 -0.069974460 0.995995045
vn 0.065810472 0.019587433 0.997639894
vn 0.065810397 0.019588590 0.997639894
vn 0.074241124 0.097674198 0.992445469
vn 0.074242145 0.097676866 0.992445111
vn 0.081739448 0.170442298 0.981971622
vn 0.081055366 0.167838767 0.982476532
vn 0.086573251 0.223420233 0.970870018
vn 0.085199416 0.218156770 0.972187638
vn 0.089692496 0.264664352 0.960160375
vn -0.315429717 -0.862201929 0.396373451
vn 0.302076727 0.743936002 0.596077919
vn 0.126124561 -0.792355657 -0.596879482
vn -0.112849727 0.910825610 -0.397066504
vn -0.324119329 -0.332488030 0.885662675
vn -0.334610909 -0.339432865 0.879102290
vn -0.297030509 -0.303437203 0.905372083
vn -0.300964504 -0.306071341 0.903183639
vn -0.229260162 -0.235675082 0.944402993
vn -0.229256853 -0.235673308 0.944404244
vn -0.142618641 -0.150461406 0.978274643
vn -0.142619327 -0.150462061 0.978274465
vn -0.037835903 -0.047196280 0.998168826
vn -0.037839655 -0.047199935 0.998168468
vn 0.069477774 0.058785062 0.995849967
vn 0.069475852 0.058784846 0.995850086
vn 0.160886064 0.149238884 0.975624681
vn 0.160885930 0.149241224 0.975624323
vn 0.237298191 0.223583415 0.945357144
vn 0.240656167 0.228323236 0.943373322
vn 0.289998621 0.273103416 0.917232394
vn 0.296454519 0.282330424 0.912361979
vn 0.338492304 0.321467072 0.884353936
vn -0.447675854 -0.608582675 -0.655143917
vn 0.201943368 0.963113606 0.177851245
vn -0.732529879 -0.551460028 0.399113804
vn 0.977014542 0.198078409 0.078788131
vn 0.271322012 -0.562554002 0.780972123
vn 0.280209690 -0.570089459 0.772321522
vn 0.243735999 -0.525955081 0.814839900
vn 0.247134924 -0.528943539 0.811876237
vn 0.178904161 -0.436278969 0.881846845
vn 0.178905994 -0.436279327 0.881846368
vn 0.090315484 -0.309022993 0.946756542
vn 0.090312175 -0.309019566 0.946757972
vn -0.019623335 -0.144375816 0.989328325
vn -0.019629581 -0.144369632 0.989329159
vn -0.131080225 0.029901022 0.990920782
vn -0.131081730 0.029901030 0.990920603
vn -0.221240982 0.176742330 0.959069669
vn -0.221238747 0.176739365 0.959070683
vn -0.292681873 0.295553625 0.909387350
vn -0.289226413 0.291592628 0.911768496
vn -0.340561837 0.375248790 0.862093985
vn -0.334225655 0.367938608 0.867706418
vn -0.369608432 0.427615821 0.824945033
vn 0.069021106 -0.873392045 -0.482102126
vn -0.900097489 0.398968667 0.175067246
vn 0.820082724 -0.523419797 0.231292546
vn 0.009681357 0.997133672 0.075038217
vn 0.377309233 -0.923053026 0.074906841
vn -0.269024432 -0.317634046 0.909249365
vn -0.070497677 -0.739562035 -0.669386327
vn -0.956841111 -0.290304363 -0.013365878
vn 0.056231223 -0.030834651 -0.997941494
vn 0.632746518 0.505626082 -0.586493075
vn -0.582876146 0.770050347 -0.259379834
vn 0.964334548 -0.051587675 0.259610593
vn 0.106528856 0.741891384 0.662003577
vn 0.484030843 -0.219581544 0.847052574
vn 0.493474156 -0.227685466 0.839430034
vn 0.449293733 -0.202268586 0.870185375
vn 0.452891409 -0.205304548 0.867605567
vn 0.366096824 -0.157202706 0.917202592
vn 0.366095722 -0.157201737 0.917203188
vn 0.259647697 -0.098912753 0.960624397
vn 0.259647220 -0.098913036 0.960624635
vn 0.129037872 -0.028312892 0.991235435
vn 0.129039839 -0.028314872 0.991235077
vn -0.006250298 0.043844923 0.999018788
vn -0.006251076 0.043844916 0.999018788
vn -0.122674629 0.105176337 0.986858130
vn -0.122675985 0.105177402 0.986857772
vn -0.224847972 0.158402875 0.961432159
vn -0.220904320 0.155411184 0.962833703
vn -0.296313167 0.194341466 0.935109615
vn -0.288661152 0.188522562 0.938687384
vn -0.349025577 0.219582140 0.911024034
vn -0.487154305 0.787433505 0.377662897
vn 0.678853750 -0.358626723 -0.640737414
vn -0.984605312 -0.008729654 -0.174574539
vn 0.793966055 -0.420423687 0.439160347
vn 0.261938423 -0.384024978 0.885388672
vn 0.264115721 -0.397302300 0.878859401
vn 0.245936751 -0.346274763 0.905322611
vn 0.246806651 -0.351264209 0.903161108
vn 0.209486797 -0.253197700 0.944460809
vn 0.209484980 -0.253195673 0.944461763
vn 0.162435159 -0.134366497 0.977527738
vn 0.162434891 -0.134367183 0.977527618
vn 0.103319257 0.008753047 0.994609714
vn 0.103319034 0.008752670 0.994609833
vn 0.040641047 0.154053092 0.987226427
vn 0.040641397 0.154052719 0.987226486
vn -0.014197566 0.276184678 0.960999787
vn -0.014195587 0.276181519 0.961000681
vn -0.062865302 0.380740047 0.922542691
vn -0.061572064 0.375969023 0.924584329
vn -0.097799011 0.451522142 0.886884034
vn -0.095289491 0.442381442 0.891750276
vn -0.124381177 0.501933932 0.855915725
vn -0.075816885 -0.872867763 -0.482030779
vn -0.822021902 0.541877270 0.175068587
vn 0.722616613 -0.651365578 0.231404647
vn 0.173960894 0.981889904 0.075032279
vn 0.617485046 0.118548073 0.777597964
vn 0.632269263 0.117977522 0.765713334
vn 0.577797651 0.107973143 0.809006572
vn 0.583521903 0.107806787 0.804909885
vn 0.471539795 0.085557461 0.877684593
vn 0.471544057 0.085558280 0.877682149
vn 0.321250945 0.055903547 0.945342600
vn 0.321252912 0.055903535 0.945341885
vn 0.128610432 0.018170724 0.991528749
vn 0.128617674 0.018172078 0.991527796
vn -0.073517777 -0.021125454 0.997070074
vn -0.073517174 -0.021125415 0.997070193
vn -0.242608771 -0.053771310 0.968632936
vn -0.242604464 -0.053770833 0.968633950
vn -0.379896104 -0.080112867 0.921553493
vn -0.373532534 -0.080120742 0.924150527
vn -0.469806433 -0.098536633 0.877252758
vn -0.457985908 -0.098660327 0.883467674
vn -0.530728042 -0.112295710 0.840069890
vn -0.710941672 -0.262492597 0.652426004
vn 0.838451028 -0.255780190 -0.481223941
vn -0.913994253 -0.055904124 -0.401857197
vn 0.787096560 0.571753025 0.231468245
vn 0.929547369 0.211931974 0.301706344
vn -0.033183210 -0.003790401 0.999442160
vn 0.799711943 -0.599425197 -0.033915088
vn -0.216608882 -0.772973716 0.596315563
vn 0.341716141 -0.651679695 -0.677158475
vn 0.005975490 0.107362770 -0.994201958
vn -0.831553519 -0.504230976 -0.232959077
vn 0.377272099 0.861724615 -0.339258671
vn -0.836207628 0.545983195 -0.051566564
vn -0.340720117 0.650897563 0.678411484
vn 0.413009018 0.001707444 0.910725355
vn 0.427023739 0.001001083 0.904239953
vn 0.370757192 -0.006046413 0.928710103
vn 0.376029819 -0.006307342 0.926586092
vn 0.267372906 -0.020661268 0.963371634
vn 0.267375410 -0.020661024 0.963370919
vn 0.135516375 -0.037126884 0.990079284
vn 0.135516852 -0.037127208 0.990079224
vn -0.023106996 -0.055659343 0.998182416
vn -0.023103051 -0.055658992 0.998182595
vn -0.183236331 -0.072986789 0.980355799
vn -0.183241144 -0.072986789 0.980354846
vn -0.317002833 -0.086346462 0.944485843
vn -0.317009151 -0.086346880 0.944483697
vn -0.424839914 -0.096296057 0.900132358
vn -0.429907143 -0.095821366 0.897774041
vn -0.498850137 -0.101715647 0.860698938
vn -0.508456051 -0.100682743 0.855181456
vn -0.561964512 -0.105051219 0.820463359
vn -0.883860171 0.443845510 0.147622913
vn 0.812088907 -0.227972448 -0.537159443
vn -0.770998120 -0.634952366 0.048963327
vn 0.842035472 0.419603497 0.338982701
vn 0.283752441 -0.198182121 0.938194215
vn 0.292287856 -0.205912858 0.933899283
vn 0.250125796 -0.178873137 0.951546967
vn 0.253311932 -0.181747809 0.950158298
vn 0.173204422 -0.131373763 0.976084590
vn 0.173207343 -0.131375194 0.976083875
vn 0.079798602 -0.072371848 0.994180322
vn 0.079795323 -0.072371744 0.994180560
vn -0.030638913 -0.002264970 0.999527991
vn -0.030643106 -0.002264954 0.999527872
vn -0.142109051 0.068876728 0.987451792
vn -0.142112121 0.068876646 0.987451315
vn -0.236776307 0.129606873 0.962880611
vn -0.236780897 0.129608050 0.962879300
vn -0.316483557 0.180979326 0.931173801
vn -0.319676608 0.183915630 0.929506361
vn -0.372204840 0.217894390 0.902211487
vn -0.378389955 0.223663971 0.898217976
vn -0.420879871 0.251175672 0.871648371
vn 0.645206690 -0.669227540 0.368568689
vn -0.516414046 0.587399423 0.623119891
vn 0.749021351 -0.222708941 -0.623993456
vn -0.877966821 0.304703087 -0.369229466
vn 0.354964077 0.410609961 0.839880943
vn 0.367001474 0.418175220 0.830926836
vn 0.326874018 0.380275846 0.865184188
vn 0.331430137 0.383199602 0.862155497
vn 0.253066450 0.306509972 0.917610466
vn 0.253067225 0.306512177 0.917609513
vn 0.154371321 0.208756492 0.965707183
vn 0.154369682 0.208756760 0.965707362
vn 0.032765836 0.086743042 0.995691776
vn 0.032767851 0.086746722 0.995691359
vn -0.092135891 -0.040271144 0.994931757
vn -0.092137508 -0.040271141 0.994931698
vn -0.196829572 -0.148084059 0.969190061
vn -0.196828499 -0.148081079 0.969190598
vn -0.283583641 -0.239663050 0.928516030
vn -0.280984998 -0.235723242 0.930312812
vn -0.342321664 -0.303857386 0.889093101
vn -0.337484628 -0.296346575 0.893466771
vn -0.382498890 -0.346265018 0.856618524
vn -0.610243201 -0.446745932 0.654233336
vn 0.437422872 0.616899192 -0.654290915
vn -0.551292658 -0.732553363 -0.399301857
vn 0.724002063 0.562491477 0.399279833
vn 0.322879136 0.941992044 0.091651730
vn 0.158100843 0.137134135 0.977853954
vn 0.877244949 0.445832133 -0.177974626
vn 0.617385864 -0.164100647 -0.769354045
vn 0.641049385 -0.638021767 0.426595747
vn -0.423812211 0.017678229 -0.905577600
vn -0.220362321 -0.969637811 -0.106033169
vn -0.877738893 -0.444422126 0.179063097
vn -0.499077171 0.836556017 -0.226044595
vn -0.689484537 0.104882076 0.716666460
vn 0.231349006 0.422361314 0.876406729
vn 0.232171133 0.430861473 0.872040689
vn 0.220108360 0.383043021 0.897123396
vn 0.220448285 0.386238873 0.895668626
vn 0.194216847 0.296547413 0.935061216
vn 0.194214955 0.296544999 0.935062349
vn 0.160883933 0.189618677 0.968587220
vn 0.160883158 0.189618826 0.968587339
vn 0.119124047 0.061319206 0.990984082
vn 0.119123831 0.061319150 0.990984082
vn 0.074616343 -0.069624394 0.994778812
vn 0.074616984 -0.069624841 0.994778693
vn 0.034970295 -0.181804836 0.982712626
vn 0.034970235 -0.181807697 0.982712030
vn -0.001376679 -0.281185001 0.959652603
vn 0.000834781 -0.277337641 0.960772157
vn -0.026868457 -0.350953251 0.936007500
vn -0.022438740 -0.343443692 0.938905180
vn -0.045357574 -0.402868867 0.914133132
vn 0.494759858 0.773392081 0.396329820
vn -0.456128031 -0.660681903 0.596193552
vn 0.048673637 0.800862551 -0.596866906
vn -0.087347589 -0.913709104 -0.396870345
vn 0.351352513 0.292906612 0.889245272
vn 0.364358008 0.297443449 0.882479846
vn 0.316440463 0.270228922 0.909308374
vn 0.321324736 0.271980166 0.907070696
vn 0.229242712 0.217404738 0.948779702
vn 0.229242712 0.217405841 0.948779404
vn 0.117183723 0.149614751 0.981775582
vn 0.117181309 0.149614453 0.981775999
vn -0.017895678 0.066048078 0.997655988
vn -0.017894570 0.066048615 0.997655928
vn -0.154821455 -0.020677559 0.987726033
vn -0.154820964 -0.020677362 0.987726212
vn -0.269432187 -0.094901949 0.958331823
vn -0.269436121 -0.094904125 0.958330512
vn -0.362079829 -0.156109989 0.918981969
vn -0.366835952 -0.158176392 0.916739762
vn -0.426085800 -0.198002756 0.882749081
vn -0.435147762 -0.201935649 0.877421498
vn -0.481167853 -0.233464822 0.844968438
vn -0.914160430 -0.020763000 0.404820442
vn 0.694514334 0.296572506 -0.655510962
vn -0.485655695 -0.861720920 -0.146886811
vn 0.704868019 0.586761177 0.398588091
vn -0.198311940 0.482959926 0.852890432
vn -0.204855815 0.493679255 0.845171571
vn -0.181545958 0.435978889 0.881455302
vn -0.184052631 0.440132976 0.878867328
vn -0.141896516 0.323498189 0.935528874
vn -0.141894609 0.323493153 0.935530901
vn -0.086505786 0.168407708 0.981914222
vn -0.086505927 0.168407172 0.981914401
vn -0.016388003 -0.025044359 0.999552011
vn -0.016389031 -0.025044288 0.999552011
vn 0.055972945 -0.221592546 0.973531604
vn 0.055974189 -0.221591130 0.973531842
vn 0.115314595 -0.380356193 0.917622864
vn 0.115317836 -0.380357116 0.917622089
vn 0.162373498 -0.504486263 0.848014474
vn 0.161444649 -0.498587698 0.851672411
vn 0.193896547 -0.583028853 0.788974941
vn 0.192324936 -0.572321177 0.797157228
vn 0.216217667 -0.634542167 0.742028475
vn 0.370231062 -0.659595013 0.654112756
vn -0.142519116 0.742919147 -0.654033184
vn 0.198106453 -0.895165741 -0.399289578
vn -0.425802469 0.811870873 0.399447173
vn -0.506903291 0.834739208 0.215080217
vn 0.297327518 0.943467557 -0.146510586
vn 0.344610870 0.216033369 0.913549602
vn 0.351088732 0.205297098 -0.913558841
vn 0.969175875 -0.238823846 0.060509875
vn -0.618735254 -0.210557744 -0.756856740
vn 0.117735170 -0.978933156 -0.166818053
vn -0.961097121 0.261870921 -0.087840892
vn -0.507652342 -0.522687733 0.684898973
vn -0.151123852 0.264380872 0.952504337
vn -0.154381230 0.272527277 0.949681699
vn -0.132826671 0.236464545 0.962518394
vn -0.134034172 0.239473999 0.961606503
vn -0.093450740 0.172861531 0.980502903
vn -0.093451254 0.172863513 0.980502486
vn -0.047665391 0.097568698 0.994086742
vn -0.047666226 0.097568788 0.994086683
vn 0.005806603 0.009442846 0.999938607
vn 0.005804170 0.009442881 0.999938607
vn 0.059683915 -0.079557732 0.995041907
vn 0.059681982 -0.079557240 0.995042086
vn 0.106100410 -0.156402484 0.981978178
vn 0.106098644 -0.156399786 0.981978714
vn 0.148735508 -0.226313576 0.962631702
vn 0.147038311 -0.224312931 0.963360488
vn 0.180270299 -0.277096719 0.943779647
vn 0.176877156 -0.273112208 0.945581436
vn 0.202932745 -0.314896762 0.927177668
vn -0.049636737 0.982904673 0.177298322
vn 0.502717555 -0.595540404 0.626583338
vn -0.815922558 0.440384477 -0.374609262
vn 0.363330662 -0.827325046 -0.428397357
vn 0.135775730 0.485919088 0.863393068
vn 0.139037192 0.497199655 0.856423497
vn 0.134034544 0.447767109 0.884047210
vn 0.135265291 0.452022076 0.881691217
vn 0.125958249 0.356468260 0.925777972
vn 0.125958622 0.356471807 0.925776660
vn 0.113461316 0.241173729 0.963826716
vn 0.113461137 0.241175145 0.963826299
vn 0.096635751 0.101264782 0.990155041
vn 0.096635908 0.101269893 0.990154564
vn 0.077517718 -0.042937007 0.996065974
vn 0.077517077 -0.042935297 0.996066093
vn 0.059659712 -0.166912049 0.984165192
vn 0.059658650 -0.166914508 0.984164834
vn 0.042731736 -0.276534528 0.960053504
vn 0.044236857 -0.272066474 0.961261094
vn 0.030997021 -0.353170276 0.935045481
vn 0.034040906 -0.344450533 0.938187182
vn 0.022852618 -0.409787327 0.911894798
vn 0.650346458 0.738125801 -0.179498926
vn 0.301620841 -0.820383489 0.485793948
vn -0.426182657 0.901117325 -0.079723731
vn -0.527051389 -0.818829954 -0.227451861
vn -0.458369702 0.180029944 0.870336950
vn -0.470995277 0.187551752 0.861967385
vn -0.417141527 0.168004632 0.893178225
vn -0.421951115 0.170841590 0.890376568
vn -0.315095335 0.133358523 0.939643860
vn -0.315097749 0.133359224 0.939642966
vn -0.180844516 0.085808121 0.979761362
vn -0.180840954 0.085807763 0.979762077
vn -0.016097806 0.026837425 0.999510229
vn -0.016095378 0.026837464 0.999510288
vn 0.152255699 -0.034096949 0.987752795
vn 0.152255252 -0.034096796 0.987752855
vn 0.292546809 -0.085413076 0.952428997
vn 0.292545170 -0.085411772 0.952429652
vn 0.409298986 -0.128534108 0.903301358
vn 0.404565513 -0.125683203 0.905831456
vn 0.487461627 -0.156543389 0.858996809
vn 0.478599638 -0.151078001 0.864938021
vn 0.542453825 -0.175166324 0.821620762
vn -0.731911242 0.607324541 0.308970511
vn 0.632610440 -0.460418671 0.622750998
vn -0.824898303 -0.041576117 -0.563750207
vn 0.923100173 -0.105626807 -0.369768828
vn -0.980986655 0.111169189 0.159080341
vn -0.110951178 0.024726059 0.993518233
vn -0.547370076 0.825064361 -0.140195936
vn 0.368650496 0.679242253 0.634607553
vn -0.010317132 0.705359340 -0.708774865
vn 0.101553619 -0.131046638 -0.986161053
vn 0.974818349 0.199235961 -0.100171112
vn -0.584836245 -0.702630103 -0.405311763
vn 0.611209869 -0.789014757 0.062276699
vn 0.009346321 -0.704103529 0.710035801
vn -0.304864019 0.072665192 0.949619830
vn -0.312080950 0.073023319 0.947245002
vn -0.267183423 0.064461924 0.961487234
vn -0.269864500 0.064601257 0.960728824
vn -0.186949372 0.046681982 0.981259823
vn -0.186950669 0.046682499 0.981259525
vn -0.091754377 0.025539123 0.995454192
vn -0.091748379 0.025539069 0.995454669
vn 0.019903170 0.000677779 0.999801636
vn 0.019905228 0.000677925 0.999801636
vn 0.132379949 -0.024433674 0.990897834
vn 0.132378578 -0.024433434 0.990898073
vn 0.228724375 -0.045999970 0.972403824
vn 0.228728637 -0.046000484 0.972402751
vn 0.315607160 -0.065494537 0.946627021
vn 0.312360197 -0.064169906 0.947794020
vn 0.377295792 -0.078790732 0.922735035
vn 0.370878696 -0.076141357 0.925554752
vn 0.424008667 -0.088171802 0.901355863
vn 0.679030955 -0.629764855 0.377244174
vn -0.725013077 0.282470584 -0.628145278
vn 0.946812630 0.270150930 -0.174826711
vn -0.901083946 0.076548055 0.426835150
vn -0.356887490 0.362748802 0.860839486
vn -0.363434464 0.368756980 0.855531216
vn -0.331995785 0.329437047 0.883883536
vn -0.334476024 0.331718385 0.882093370
vn -0.276131928 0.254864216 0.926712155
vn -0.276133478 0.254864544 0.926711619
vn -0.204716757 0.161130130 0.965467811
vn -0.204717457 0.161129922 0.965467691
vn -0.116792761 0.047845677 0.992003143
vn -0.116797186 0.047849663 0.992002487
vn -0.024944542 -0.068260401 0.997355700
vn -0.024944277 -0.068260655 0.997355700
vn 0.054874752 -0.167399943 0.984360695
vn 0.054880235 -0.167401955 0.984360039
vn 0.121571034 -0.250510037 0.960450470
vn 0.125980869 -0.254321337 0.958879232
vn 0.166504577 -0.307814389 0.936763883
vn 0.175182432 -0.315176874 0.932724416
vn 0.211195305 -0.361031711 0.908324182
vn 0.120667934 -0.906482399 0.404634267
vn -0.083797187 0.980693758 -0.176685855
vn 0.909086108 -0.389118612 -0.148826256
vn -0.945765018 0.315104514 -0.078979380
vn -0.579025984 -0.208476692 0.788204491
vn -0.593779325 -0.212995842 0.775924563
vn -0.543422937 -0.184450269 0.818944216
vn -0.549145520 -0.186213598 0.814717054
vn -0.444694906 -0.126742214 0.886669517
vn -0.444691509 -0.126740366 0.886671424
vn -0.301387787 -0.048660286 0.952259183
vn -0.301391363 -0.048660852 0.952258050
vn -0.115679927 0.047742430 0.992138505
vn -0.115691140 0.047738526 0.992137372
vn 0.079589359 0.144053191 0.986364126
vn 0.079583794 0.144052312 0.986364663
vn 0.241615221 0.220099881 0.945081055
vn 0.241609141 0.220098287 0.945082963
vn 0.364094555 0.275036216 0.889826059
vn 0.370360643 0.276422828 0.886805177
vn 0.445536137 0.308739543 0.840343654
vn 0.457024604 0.311004460 0.833309591
vn 0.511405110 0.333799869 0.791860104
vn -0.976577818 0.124260001 -0.175657049
vn 0.723268628 0.222503290 0.653739154
vn -0.507146537 -0.858415484 -0.076975897
vn 0.761137187 0.510093689 -0.400593042
vn -0.615585685 -0.763710678 0.194423020
vn 0.032590650 -0.127741203 0.991271913
vn -0.986437261 -0.038639996 -0.159525916
vn -0.410032332 0.584808648 0.699908793
vn -0.299839824 0.276449531 -0.913056314
vn -0.082541555 0.991071105 0.104714140
vn 0.692821085 0.690282643 -0.208587617
vn 0.418544948 -0.496426702 -0.760513425
vn 0.081449293 -0.991261721 -0.103760496
vn 0.908014297 -0.170366555 0.382733881
vn -0.288791537 -0.293306023 0.911356747
vn -0.292878270 -0.301169544 0.907479703
vn -0.262927324 -0.259659171 0.929218233
vn -0.264476359 -0.262600213 0.927951217
vn -0.205518320 -0.186176851 0.960781157
vn -0.205514848 -0.186174080 0.960782468
vn -0.134339407 -0.096045464 0.986269832
vn -0.134339124 -0.096045904 0.986269891
vn -0.048739105 0.011045756 0.998750508
vn -0.048739705 0.011045525 0.998750508
vn 0.038792312 0.119164452 0.992116451
vn 0.038791455 0.119165353 0.992116392
vn 0.113874651 0.210793272 0.970875263
vn 0.113875389 0.210795820 0.970874608
vn 0.180415139 0.291099876 0.939527154
vn 0.177095681 0.288274616 0.941028595
vn 0.226429805 0.347233802 0.910032094
vn 0.219910398 0.341782421 0.913687110
vn 0.259818196 0.389006466 0.883837342
vn 0.865510166 0.329441965 0.377306700
vn -0.574503243 -0.524620950 -0.628266573
vn 0.177888110 0.968435168 -0.174611688
vn -0.468095034 -0.773922682 0.426533341
vn -0.376798570 -0.126391277 0.917631865
vn -0.388010532 -0.126545101 0.912926257
vn -0.340075314 -0.117671221 0.933007181
vn -0.344256163 -0.117751949 0.931462407
vn -0.253637731 -0.099644989 0.962153196
vn -0.253636688 -0.099645667 0.962153375
vn -0.147463769 -0.077864356 0.985997736
vn -0.147458345 -0.077864274 0.985998571
vn -0.021122813 -0.051203355 0.998464823
vn -0.021120423 -0.051203262 0.998464882
vn 0.107364692 -0.023286968 0.993947029
vn 0.107361592 -0.023286968 0.993947268
vn 0.217348829 0.001263211 0.976093173
vn 0.217343718 0.001262498 0.976094365
vn 0.310708493 0.022603339 0.950236440
vn 0.315070391 0.022866067 0.948792875
vn 0.377020001 0.037331011 0.925452530
vn 0.385567069 0.037841521 0.921903551
vn 0.435958266 0.049869318 0.898584127
vn -0.843528986 0.238796219 -0.481077135
vn 0.728595197 0.158320144 0.666396081
vn 0.889087439 0.192241967 -0.415411413
vn -0.775330365 -0.587645948 0.231376350
vn -0.005336814 -0.468330830 0.883537114
vn -0.008045708 -0.482411534 0.875907779
vn -0.007727732 -0.425787479 0.904790223
vn -0.008729467 -0.431121945 0.902251422
vn -0.009375985 -0.320141613 0.947323263
vn -0.009375785 -0.320144802 0.947322249
vn -0.009968245 -0.182429239 0.983168542
vn -0.009968191 -0.182429284 0.983168483
vn -0.010408286 -0.014427098 0.999841809
vn -0.010408578 -0.014432315 0.999841750
vn -0.010551853 0.157027677 0.987537861
vn -0.010551999 0.157026380 0.987538040
vn -0.010426928 0.300519228 0.953718781
vn -0.010426586 0.300522000 0.953717887
vn -0.010129704 0.421313614 0.906858444
vn -0.011118668 0.416096777 0.909252346
vn -0.010790215 0.502488494 0.864516616
vn -0.012755672 0.492622346 0.870149791
vn -0.012289573 0.559803069 0.828534663
vn 0.002656846 -0.911430001 0.411446571
vn -0.412262172 0.770791709 0.485716015
vn 0.001660286 -0.742562950 -0.669774234
vn 0.409920961 0.883643389 -0.226139620
vn 0.558651686 -0.090774097 0.824420035
vn -0.936203659 0.348916560 -0.042189252
vn -0.025687682 0.998779356 0.042189654
vn -0.095729649 -0.557823002 -0.824420631
vn 0.809917808 0.044960104 -0.584817767
vn -0.305757284 -0.751331925 0.584818661
vn -0.000347644 0.001552988 0.999998748
vn -0.618876159 0.001713703 0.785486817
vn -0.384984463 -0.460147917 0.800031841
vn 0.157269001 -0.579881728 0.799377024
vn 0.567391813 -0.063321151 0.821009755
vn 0.259084523 0.542708635 0.798963428
vn -0.340720147 0.494273394 0.799752235
vn -0.738902032 -0.068530612 0.670318842
vn -0.547870696 -0.525185108 0.651166856
vn -0.164812297 -0.729710698 0.663595676
vn 0.361532390 -0.648716331 0.669672608
vn 0.734619975 0.115036719 0.668655396
vn 0.577940106 0.446954131 0.682801008
vn 0.259982079 0.701440156 0.663619697
vn -0.114188373 0.740763009 0.661990345
vn -0.461625457 0.592873931 0.659850299
vn -0.668531716 0.325423896 0.668703735
vn -0.707007349 -0.445416152 0.549313366
vn 0.060867466 -0.836061597 0.545248687
vn 0.506212592 -0.593835473 0.625386477
vn 0.685263097 -0.284411848 0.670465767
vn -0.844932318 -0.117637463 0.521776557
vn -0.513923109 -0.646178782 0.564212739
vn -0.238522679 -0.813161433 0.530919373
vn 0.317937762 -0.758258343 0.569174826
vn 0.680688679 -0.513566732 0.522410035
vn 0.847602248 -0.109174371 0.519279718
vn 0.787957072 0.321943194 0.524858356
vn 0.527069032 0.666423857 0.527330458
vn 0.224109277 0.815165818 0.534116030
vn -0.120163232 0.835071206 0.536858320
vn -0.504599631 0.678897619 0.533364177
vn -0.786838293 0.328637928 0.522381663
vn -0.894524217 0.124311157 0.429386973
vn -0.914447129 -0.233166277 0.330786765
vn -0.820005774 -0.462699324 0.336897522
vn -0.677756429 -0.663817465 0.316215992
vn -0.470599324 -0.823500097 0.316834211
vn 0.876976252 0.343681961 0.335850209
vn 0.682743788 0.655356765 0.323060989
vn 0.474037915 0.817204475 0.327818513
vn -0.345802397 0.880401611 0.324520946
vn -0.667640746 0.672957420 0.318408847
vn -0.821910858 0.466924429 0.326257855
vn -0.925965309 0.092383772 0.366133153
vn -0.122289933 -0.935577273 0.331270754
vn 0.354350626 -0.872673035 0.335972369
vn 0.742030501 -0.574721575 0.345088333
vn 0.930848241 -0.131396607 0.340964317
vn 0.107115030 0.937960804 0.329781532
vn -0.865828276 -0.496477157 0.062062073
vn 0.013449267 -0.997955680 0.062478881
vn 0.868666589 -0.490547299 0.069149442
vn 0.859239280 0.510685384 0.030138724
vn -0.493873388 0.867946982 0.052509539
vn -0.957882106 0.269665420 0.098704219
vn -0.999249220 -0.003786803 0.038556755
vn -0.960725307 -0.273862064 0.044794176
vn -0.705655515 -0.708402872 0.014685017
vn -0.505659580 -0.860027015 0.068277478
vn -0.257635862 -0.966183841 0.010608479
vn 0.267866760 -0.963424146 0.007826632
vn 0.500724077 -0.858471990 0.110910900
vn 0.705936790 -0.707869530 0.023959171
vn 0.967935026 -0.250780493 0.014524569
vn 0.994172156 0.014881039 0.106771886
vn 0.970633864 0.237705126 0.036962200
vn 0.688598633 0.717325687 0.106187962
vn 0.401084334 0.911714375 0.088928469
vn 0.003592124 0.999699831 0.024235258
vn -0.215716913 0.968136787 0.127190232
vn -0.703008652 0.710541248 0.030166162
vn -0.873847961 0.485597581 0.024180319
vn 0.474635214 -0.827759743 -0.299224496
vn 0.947983682 -0.003257506 -0.318302333
vn 0.667776346 0.674990296 -0.313787907
vn 0.469985634 0.827217817 -0.307935447
vn 0.223040238 0.927355409 -0.300441444
vn -0.240939155 0.923723698 -0.297796845
vn -0.913826942 0.237125203 -0.329684705
vn -0.933370113 0.004858426 -0.358882487
vn -0.910759091 -0.259146988 -0.321497649
vn 0.671197116 -0.652755857 -0.351289332
vn 0.868583143 0.340489089 -0.360042453
vn -0.495314866 0.791372716 -0.358319134
vn -0.734284639 -0.575063109 -0.360733241
vn -0.374950945 -0.865816772 -0.331320256
vn 0.087883867 -0.926534712 -0.365800411
vn 0.857165992 -0.381819397 -0.345659316
vn 0.010129817 0.923938274 -0.382407486
vn -0.723807752 0.586651623 -0.363238633
vn -0.536294699 -0.144393593 -0.831587911
vn -0.222810552 -0.519709289 -0.824777484
vn 0.202417523 -0.510251462 -0.835865200
vn 0.432006896 -0.323517293 -0.841847241
vn 0.544406295 -0.046223335 -0.837547183
vn 0.474405080 0.280934393 -0.834275544
vn 0.212491333 0.508316338 -0.834542990
vn -0.169122577 0.527020574 -0.832854629
vn -0.480168998 0.274753451 -0.833035648
vn -0.000098267 0.000043537 -1.000000000
vn -0.390147090 0.079163618 0.917343140
vn 0.269025862 0.962973535 0.017521910
vn -0.253751010 0.322667241 -0.911864161
vn 0.337372929 0.344972491 0.875884414
vn 0.500690699 0.116835356 -0.857705295
vn 0.945615649 -0.320509374 -0.055541210
vn 0.464681894 -0.070064023 0.882701397
vn 0.575212717 -0.112229325 -0.810268402
vn 0.033894133 -0.991588533 0.124914154
vn -0.973710299 -0.227468669 -0.012097750
vn -0.397541642 -0.079167664 0.914162576
vn -0.238190293 -0.334778011 -0.911695778
vn -0.894741118 0.442997396 0.056495935
vn -0.076648213 -0.566955864 0.820174456
vn -0.866417885 0.498596966 -0.026854759
vn -0.257483661 0.381724000 -0.887687504
vn 0.113166675 0.763183534 0.636195064
vn 0.560412467 0.828158319 -0.009573905
vn 0.161073104 0.394140393 -0.904825270
vn 0.457152694 0.117479250 0.881595194
vn 0.862641871 -0.505288541 -0.023075132
vn 0.261765033 -0.382861078 -0.885943830
vn -0.452275038 -0.116854817 0.884190202
vn -0.566285491 -0.824205518 0.002455837
vn -0.227133974 -0.519727886 -0.823585629
vn 0.361980647 -0.224190295 0.904825270
vn -0.423940271 -0.905690193 0.000002778
vn 0.013265364 -0.463600963 -0.885944784
vn -0.361981422 0.224191353 -0.904824674
vn -0.489243329 0.286963195 0.823585629
vn -0.958890975 0.283292264 -0.016543612
vn 0.423937947 0.905691266 -0.000003882
vn -0.013266179 0.463603646 0.885943472
vn -0.016064420 0.460167050 -0.887687027
vn 0.958891392 -0.283290625 0.016545210
vn 0.489244580 -0.286962688 -0.823584914
vn 0.016060803 -0.460165054 0.887688100
vn 0.269103855 0.293367684 0.917343199
vn 0.603886724 -0.782524467 0.151579753
vn -0.334752709 -0.329816103 0.882701516
vn 0.123169646 -0.426583171 -0.896022379
vn -0.647611856 -0.761298656 -0.031989157
vn -0.515520096 -0.248093665 -0.820176005
vn -0.782949567 0.621888876 0.015631652
vn -0.475711107 0.080783464 0.875884116
vn 0.463473856 0.884307802 0.056495856
vn -0.000129094 0.392672539 -0.919678330
vn 0.949253917 0.312800586 -0.032753166
vn 0.368150413 0.169621736 0.914162874
vn 0.489244044 0.286963463 -0.823585033
vn -0.076646544 0.566953182 0.820176482
vn 0.457150936 -0.117473826 -0.881596863
vn 0.457150698 -0.117474705 0.881596863
vn 0.113167442 -0.763187528 0.636190236
vn 0.516310751 -0.856401324 0.000001978
vn 0.113167003 -0.763186455 -0.636191607
vn -0.859684706 -0.510825038 -0.000001988
vn -0.452275693 0.116851933 0.884190202
vn -0.517136395 0.855902970 -0.000000949
vn -0.452273786 0.116851427 -0.884191334
vn 0.852116108 0.523352802 0.000000821
vn -0.076647542 0.566953242 -0.820176303
vn -0.013292020 0.027031079 0.999546230
vn 0.354355544 0.809716463 -0.467751443
vn 0.799543977 0.420539677 0.428807259
vn 0.638412416 -0.713632047 -0.288372874
vn -0.167615920 -0.316883236 -0.933536291
vn -0.819174230 -0.381680399 0.428104728
vn -0.865243495 0.427431256 -0.262023687
vn -0.013296380 0.027021095 0.999546468
vn 0.799543083 0.420541197 0.428807735
vn 0.354356110 0.809714258 -0.467754811
vn 0.638409197 -0.713634014 -0.288375139
vn -0.819171846 -0.381678343 0.428111136
vn -0.167615831 -0.316887170 -0.933534980
vn -0.865244567 0.427427858 -0.262025267
vn -0.193325669 0.345808059 0.918173194
vn 0.282714844 0.831040800 -0.479002655
vn 0.797159314 0.449214965 0.403414071
vn 0.797156572 -0.449217916 -0.403416276
vn 0.282712847 -0.831042886 0.479000270
vn -0.193326160 -0.345809579 -0.918172538
vn -0.863573909 -0.405046999 0.300294846
vn -0.863576412 0.405044258 -0.300291359
vn 0.167622849 -0.316882491 0.933535278
vn -0.354354978 0.809718251 0.467748731
vn 0.013297585 0.027022935 -0.999546409
vn 0.865240991 0.427439302 0.262018412
vn 0.819172621 -0.381680489 -0.428107679
vn -0.638410509 -0.713632941 0.288374871
vn -0.799547553 0.420532793 -0.428807616
vn 0.193323374 -0.345805615 0.918174565
vn -0.282712817 0.831044078 0.478998125
vn 0.863577604 0.405039459 0.300294608
vn 0.193328023 0.345805973 -0.918173492
vn 0.863575697 -0.405043155 -0.300295174
vn -0.797160685 -0.449207723 0.403419435
vn -0.282712698 -0.831041873 -0.479001880
vn -0.797160208 0.449212193 -0.403415680
vn 0.238370001 -0.367674768 0.898885429
vn -0.279479265 0.840574920 0.464031577
vn 0.930288196 0.295587212 0.217237368
vn 0.617800295 0.074220195 -0.782824516
vn -0.187899217 -0.829405665 -0.526099145
vn -0.797159791 -0.449212879 0.403415531
vn -0.739461362 0.479703516 -0.472314984
vn 0.183247209 -0.331573248 0.925461888
vn -0.274873853 0.846099317 0.456683904
vn 0.870669842 0.431132615 0.236767620
vn 0.016813001 0.039872967 -0.999063313
vn 0.615361929 -0.700133383 -0.362136602
vn -0.811154604 -0.473932624 0.342660218
vn -0.787563324 0.387703627 -0.478988379
vn 0.167613134 -0.316887319 0.933535397
vn -0.354352653 0.809717774 0.467751324
vn 0.865243316 0.427430809 0.262024611
vn 0.013296115 0.027026635 -0.999546289
vn 0.819174469 -0.381679714 -0.428104967
vn -0.638410985 -0.713630795 0.288379014
vn -0.799544454 0.420534939 -0.428811193
vn -0.193321660 0.345814109 0.918171763
vn 0.797159612 0.449212164 0.403416753
vn 0.282712221 0.831040919 -0.479003996
vn 0.797160566 -0.449211419 -0.403415591
vn 0.282712996 -0.831040382 0.479004592
vn -0.863577724 -0.405040771 0.300292671
vn -0.193321988 -0.345814884 -0.918171406
vn -0.863578022 0.405039161 -0.300293773
vn -0.193323389 0.345812261 0.918172061
vn 0.797161341 0.449210316 0.403415322
vn 0.282711834 0.831039846 -0.479006261
vn 0.797159016 -0.449213356 -0.403416514
vn 0.282712460 -0.831040084 0.479005247
vn -0.863576651 -0.405041218 0.300294876
vn -0.193323582 -0.345812619 -0.918171883
vn -0.863578260 0.405039370 -0.300292790
vn -0.013294739 0.027021579 0.999546468
vn 0.354352981 0.809715927 -0.467754334
vn 0.799543381 0.420538932 0.428809255
vn 0.638410628 -0.713631868 -0.288377374
vn -0.167619094 -0.316887289 -0.933534384
vn -0.819170892 -0.381681114 0.428110540
vn -0.865245700 0.427429020 -0.262019783
vn 0.013300585 -0.027017102 0.999546528
vn -0.638409853 0.713632822 -0.288376570
vn 0.819173574 0.381676674 0.428109318
vn 0.167619109 0.316889733 -0.933533490
vn 0.865243018 -0.427434802 -0.262019426
vn -0.799545109 -0.420533925 0.428811073
vn -0.354352385 -0.809716582 -0.467753828
vn 0.016813751 -0.039880801 0.999062955
vn 0.183249041 0.331576824 -0.925460219
vn 0.615363777 0.700131476 0.362137288
vn 0.870669603 -0.431133389 -0.236766607
vn -0.274872154 -0.846098900 -0.456686020
vn -0.787563741 -0.387704790 0.478986830
vn -0.811155260 0.473932356 -0.342659056
vn -0.193322077 0.345812023 0.918172419
vn 0.797158897 0.449213207 0.403416842
vn 0.282712817 0.831040859 -0.479003787
vn 0.797160327 -0.449210972 -0.403416604
vn 0.282713771 -0.831039846 0.479004890
vn -0.863577187 -0.405042380 0.300291926
vn -0.193321764 -0.345812082 -0.918172538
vn -0.863577545 0.405040175 -0.300293982
vn 0.880438268 -0.070678040 0.468863547
vn -0.070735894 -0.495850652 0.865522146
vn 0.421174765 -0.338924438 -0.841274083
vn -0.605587304 -0.627496123 -0.489400417
vn 0.159550801 0.961286604 -0.224659234
vn -0.783747971 0.577387214 0.228830114
vn -0.105164841 0.263781250 0.958832502
vn 0.010269698 0.893002152 0.449935406
vn 0.018208276 0.896437466 -0.442796022
vn 0.618024349 0.645386755 0.448911846
vn 0.618026376 0.645380616 -0.448917866
vn 0.411998123 0.144236609 -0.899696290
vn 0.415413231 0.132973209 0.899861097
vn 0.999665856 -0.025852451 0.000000000
vn 0.644512177 -0.613370061 0.456487954
vn 0.636305928 -0.618148208 -0.461527407
vn 0.108821690 -0.262720287 -0.958715737
vn 0.115677506 -0.356939793 0.926937282
vn -0.018312681 -0.901669085 0.432038844
vn -0.010281692 -0.893001914 -0.449935347
vn -0.619124830 -0.639680445 0.455514371
vn -0.618025959 -0.645381153 -0.448917598
vn -0.415822566 -0.134657264 -0.899421513
vn -0.421515346 -0.114006475 0.899626315
vn -0.999728203 0.023244340 -0.001815102
vn -0.635766208 0.620211184 0.459499151
vn -0.644399464 0.615065336 -0.454360992
vn -0.141432077 0.341448665 -0.929198503
vn -0.139458999 -0.330803394 0.933338284
vn 0.095495433 0.416667759 0.904029012
vn -0.094482519 0.995526552 -0.000000038
vn 0.116349846 0.371856421 -0.920969903
vn 0.605536282 0.795783460 -0.007389646
vn 0.344647288 0.000195844 0.938732207
vn 0.988184690 -0.001438144 -0.153261572
vn 0.109569661 -0.421507001 0.900181293
vn 0.605536044 -0.795783639 -0.007389564
vn 0.120062836 -0.336725831 -0.933916807
vn -0.076635815 -0.997059166 -0.000000283
vn -0.918191791 -0.396136373 -0.000000274
vn -0.130685776 -0.329656899 -0.935012043
vn -0.334427208 0.214143649 0.917769551
vn -0.553435862 0.832891822 0.000000047
vn -0.334427267 0.214143485 -0.917769551
vn -0.201828420 0.201813743 0.958403111
vn -0.442556977 0.019052945 0.896537960
vn -0.934421182 0.356170088 -0.000000562
vn -0.357345939 -0.010133117 -0.933917224
vn -0.574270010 0.818307519 -0.024224896
vn -0.224053025 0.190821588 -0.955713093
vn 0.277428716 0.953883350 0.114629380
vn 0.262752771 0.244896099 -0.933266759
vn 0.433960378 -0.030856930 0.900403380
vn 0.963710487 0.265342861 0.029247774
vn 0.951056540 -0.309016943 -0.000000780
vn 0.317702264 -0.225565031 -0.920969963
vn 0.623692811 -0.781122208 -0.029247791
vn 0.059264347 -0.338711560 0.939021945
vn -0.350308269 -0.926127613 -0.139899254
vn -0.934195578 -0.356284022 0.018448263
vn -0.044659868 -0.281902611 0.958403051
vn -0.346837819 -0.275543153 0.896537542
vn -0.546610415 -0.837387025 -0.000000386
vn -0.295055568 -0.201846063 -0.933916688
vn -0.965198755 -0.260866076 0.018448759
vn -0.151143849 0.308858097 0.939021945
vn -0.827768981 0.543347836 -0.139898807
vn 0.045446113 0.998538554 -0.029247887
vn 0.124442376 0.369227171 -0.920969903
vn 0.332944334 0.280039191 0.900403321
vn 0.587784469 0.809017539 -0.000001020
vn 0.935622931 0.351787478 0.029247560
vn 0.356518537 -0.043682616 -0.933266580
vn 0.785123706 -0.608638525 0.114629827
vn 0.016395351 -0.999572098 -0.024224652
vn -0.069100946 -0.286073297 -0.955712914
vn -0.062902041 0.292219043 0.954280615
vn 0.167653173 -0.393222898 0.904028893
vn 0.659925759 -0.750901520 0.025395658
vn 0.100789450 -0.342987359 -0.933917105
vn -0.022139611 -0.999727607 -0.007390320
vn -0.278710991 -0.202737078 0.938732028
vn -0.798613369 -0.582003117 -0.153261453
vn -0.336398989 0.276601911 0.900181711
vn -0.957638741 0.287877500 -0.007390604
vn -0.312701404 0.232450098 -0.920969486
vn -0.528443515 0.848552823 -0.026563289
vn 0.021381343 0.999164879 0.034819540
vn 0.144685775 0.369816124 -0.917770147
vn 0.377037108 -0.011345981 0.926128685
vn 0.968015373 0.250881493 -0.002159830
vn 0.299493402 -0.189882293 -0.935012519
vn -0.271517247 -0.234857649 0.933338225
vn 0.956450403 0.290677965 0.026626192
vn 0.939958990 -0.338508546 -0.043465450
vn 0.442556381 0.019052941 -0.896538258
vn 0.307005942 -0.251884580 0.917769849
vn -0.060529586 -0.998164117 0.002159633
vn -0.118123837 -0.341015190 -0.932606757
vn -0.434736520 -0.026045794 0.900180936
vn -0.918077409 -0.395586818 -0.025395874
vn -0.433961213 -0.030856719 -0.900403082
vn -0.943956494 0.329987347 -0.007390381
vn -0.106315285 0.327839613 0.938732266
vn -0.316319197 0.939977467 -0.128002375
vn 0.366765112 0.219579399 0.904028893
vn 0.587337255 0.809314907 0.006671350
vn 0.201828092 0.201813295 -0.958403349
usemtl field_material_05
f 5//5 9//9 10//10
f 2//2 8//8 3//3
f 6//6 5//5 10//10
f 3//3 9//9 4//4
f 2//2 1//1 7//7
f 7//7 1//1 11//11
f 9//9 14//14 10//10
f 7//7 12//12 8//8
f 6//6 10//10 14//14
f 8//8 13//13 9//9
f 11//11 1//1 15//15
f 14//14 17//17 18//18
f 11//11 16//16 12//12
f 6//6 14//14 18//18
f 12//12 17//17 13//13
f 15//15 1//1 19//19
f 17//17 22//22 18//18
f 15//15 20//20 16//16
f 6//6 18//18 22//22
f 16//16 21//21 17//17
f 19//19 1//1 23//23
f 22//22 25//25 26//26
f 19//19 24//24 20//20
f 6//6 22//22 26//26
f 20//20 25//25 21//21
f 23//23 1//1 27//27
f 25//25 30//30 26//26
f 23//23 28//28 24//24
f 6//6 26//26 30//30
f 24//24 29//29 25//25
f 27//27 1//1 31//31
f 30//30 33//33 34//34
f 27//27 32//32 28//28
f 6//6 30//30 34//34
f 28//28 33//33 29//29
f 31//31 1//1 2//2
f 33//33 5//5 34//34
f 31//31 3//3 32//32
f 6//6 34//34 5//5
f 32//32 4//4 33//33
f 35//35 36//36 43//43
f 36//36 39//39 38//38
f 39//39 40//40 38//38
f 40//40 42//42 41//41
f 41//41 44//44 43//43
f 40//40 41//41 43//43
usemtl field_material_17
f 46//46 47//47 45//45
f 47//47 50//50 49//49
f 50//50 51//51 49//49
f 52//52 53//53 51//51
f 53//53 56//56 55//55
f 56//56 57//57 55//55
f 57//57 60//60 59//59
f 60//60 61//61 59//59
f 61//61 62//62 63//63
usemtl field_material_05
f 67//67 66//66 64//64
f 65//65 64//64 66//66
usemtl field_material_17
f 69//69 70//70 68//68
f 70//70 73//73 72//72
f 73//73 74//74 72//72
f 75//75 76//76 74//74
f 77//77 78//78 76//76
f 78//78 81//81 80//80
f 80//80 83//83 82//82
f 82//82 85//85 84//84
usemtl field_material_05
f 89//89 88//88 87//87
f 87//87 90//90 89//89
usemtl field_material_17
f 91//91 94//94 93//93
f 94//94 95//95 93//93
f 96//96 97//97 95//95
f 97//97 100//100 99//99
f 99//99 102//102 101//101
f 101//101 104//104 103//103
f 104//104 105//105 103//103
f 105//105 108//108 107//107
f 107//107 108//108 109//109
usemtl field_material_05
f 111//111 110//110 112//112
f 113//113 112//112 110//110
f 115//115 114//114 121//121
f 114//114 117//117 116//116
f 117//117 118//118 116//116
f 118//118 120//120 119//119
f 120//120 117//117 115//115
f 119//119 122//122 121//121
f 114//114 118//118 121//121
usemtl field_material_23
f 124//124 125//125 123//123
f 125//125 128//128 127//127
f 127//127 130//130 129//129
f 130//130 131//131 129//129
f 132//132 133//133 131//131
f 133//133 136//136 135//135
f 135//135 138//138 137//137
f 138//138 139//139 137//137
f 139//139 140//140 141//141
usemtl field_material_05
f 145//145 144//144 143//143
f 142//142 145//145 143//143
usemtl field_material_23
f 147//147 148//148 146//146
f 148//148 151//151 150//150
f 151//151 152//152 150//150
f 152//152 155//155 154//154
f 155//155 156//156 154//154
f 156//156 159//159 158//158
f 159//159 160//160 158//158
f 161//161 162//162 160//160
f 162//162 163//163 164//164
usemtl field_material_05
f 166//166 165//165 167//167
f 168//168 167//167 165//165
usemtl field_material_23
f 170//170 171//171 169//169
f 172//172 173//173 171//171
f 173//173 176//176 175//175
f 176//176 177//177 175//175
f 178//178 179//179 177//177
f 180//180 181//181 179//179
f 182//182 183//183 181//181
f 184//184 185//185 183//183
f 185//185 186//186 187//187
usemtl field_material_05
f 188//188 189//189 191//191
f 190//190 191//191 189//189
f 193//193 194//194 192//192
f 195//195 196//196 194//194
f 198//198 197//197 196//196
f 197//197 200//200 199//199
f 193//193 200//200 198//198
f 201//201 192//192 199//199
usemtl field_material_23
f 203//203 204//204 202//202
f 205//205 206//206 204//204
f 207//207 208//208 206//206
f 209//209 210//210 208//208
f 211//211 212//212 210//210
f 213//213 214//214 212//212
f 214//214 217//217 216//216
f 217//217 218//218 216//216
usemtl field_material_05
f 224//224 223//223 222//222
f 221//221 224//224 222//222
usemtl field_material_23
f 226//226 227//227 225//225
f 228//228 229//229 227//227
f 230//230 231//231 229//229
f 231//231 234//234 233//233
f 234//234 235//235 233//233
f 235//235 238//238 237//237
f 237//237 240//240 239//239
f 240//240 241//241 239//239
usemtl field_material_05
f 247//247 246//246 244//244
f 245//245 244//244 246//246
usemtl field_material_23
f 249//249 250//250 248//248
f 251//251 252//252 250//250
f 253//253 254//254 252//252
f 255//255 256//256 254//254
f 257//257 258//258 256//256
f 259//259 260//260 258//258
f 261//261 262//262 260//260
f 262//262 265//265 264//264
f 264//264 265//265 266//266
usemtl field_material_05
f 270//270 269//269 268//268
f 268//268 267//267 270//270
f 272//272 273//273 271//271
f 275//275 274//274 273//273
f 274//274 277//277 276//276
f 272//272 278//278 275//275
f 278//278 279//279 276//276
f 280//280 271//271 279//279
f 273//273 276//276 279//279
usemtl field_material_07
f 281//281 284//284 283//283
f 283//283 286//286 285//285
f 285//285 288//288 287//287
f 288//288 289//289 287//287
f 289//289 292//292 291//291
f 292//292 293//293 291//291
f 293//293 296//296 295//295
f 296//296 297//297 295//295
f 297//297 298//298 299//299
usemtl field_material_05
f 303//303 302//302 300//300
f 301//301 300//300 302//302
usemtl field_material_07
f 305//305 306//306 304//304
f 307//307 308//308 306//306
f 309//309 310//310 308//308
f 311//311 312//312 310//310
f 312//312 315//315 314//314
f 315//315 316//316 314//314
f 316//316 319//319 318//318
f 319//319 320//320 318//318
usemtl field_material_05
f 325//325 324//324 326//326
f 323//323 326//326 324//324
usemtl field_material_07
f 327//327 330//330 329//329
f 329//329 332//332 331//331
f 332//332 333//333 331//331
f 334//334 335//335 333//333
f 335//335 338//338 337//337
f 337//337 340//340 339//339
f 339//339 342//342 341//341
f 342//342 343//343 341//341
f 343//343 344//344 345//345
usemtl field_material_05
f 346//346 347//347 349//349
f 348//348 349//349 347//347
f 350//350 352//352 351//351
f 351//351 354//354 353//353
f 356//356 355//355 353//353
f 355//355 358//358 357//357
f 358//358 350//350 357//357
f 353//353 355//355 357//357
usemtl field_material_23
f 360//360 361//361 359//359
f 362//362 363//363 361//361
f 364//364 365//365 363//363
f 366//366 367//367 365//365
f 367//367 370//370 369//369
f 370//370 371//371 369//369
f 372//372 373//373 371//371
f 373//373 376//376 375//375
f 375//375 376//376 377//377
usemtl field_material_05
f 381//381 380//380 378//378
f 379//379 378//378 380//380
usemtl field_material_23
f 383//383 384//384 382//382
f 385//385 386//386 384//384
f 386//386 389//389 388//388
f 389//389 390//390 388//388
f 391//391 392//392 390//390
f 392//392 395//395 394//394
f 394//394 397//397 396//396
f 397//397 398//398 396//396
f 398//398 399//399 400//400
usemtl field_material_05
f 402//402 401//401 403//403
f 404//404 403//403 401//401
usemtl field_material_23
f 406//406 407//407 405//405
f 408//408 409//409 407//407
f 410//410 411//411 409//409
f 411//411 414//414 413//413
f 414//414 415//415 413//413
f 416//416 417//417 415//415
f 418//418 419//419 417//417
f 420//420 421//421 419//419
f 421//421 422//422 423//423
usemtl field_material_05
f 427//427 426//426 424//424
f 426//426 425//425 424//424
f 428//428 431//431 430//430
f 431//431 432//432 430//430
f 432//432 434//434 433//433
f 433//433 436//436 435//435
f 437//437 428//428 435//435
usemtl field_material_17
f 438//438 441//441 440//440
f 441//441 442//442 440//440
f 442//442 445//445 444//444
f 444//444 447//447 446//446
f 447//447 448//448 446//446
f 448//448 451//451 450//450
f 450//450 453//453 452//452
f 453//453 454//454 452//452
f 454//454 455//455 456//456
usemtl field_material_05
f 459//459 458//458 460//460
f 457//457 460//460 458//458
usemtl field_material_17
f 461//461 464//464 463//463
f 464//464 465//465 463//463
f 466//466 467//467 465//465
f 468//468 469//469 467//467
f 470//470 471//471 469//469
f 471//471 474//474 473//473
f 473//473 476//476 475//475
f 475//475 478//478 477//477
usemtl field_material_05
f 480//480 481//481 483//483
f 482//482 483//483 481//481
usemtl field_material_17
f 485//485 486//486 484//484
f 486//486 489//489 488//488
f 489//489 490//490 488//488
f 491//491 492//492 490//490
f 493//493 494//494 492//492
f 495//495 496//496 494//494
f 497//497 498//498 496//496
f 499//499 500//500 498//498
usemtl field_material_05
f 504//504 503//503 505//505
f 506//506 505//505 503//503
f 507//507 510//510 509//509
f 509//509 512//512 511//511
f 513//513 514//514 511//511
f 513//513 512//512 508//508
f 514//514 516//516 515//515
f 515//515 508//508 507//507
f 514//514 515//515 509//509
usemtl field_material_17
f 517//517 520//520 519//519
f 519//519 522//522 521//521
f 521//521 524//524 523//523
f 524//524 525//525 523//523
f 525//525 528//528 527//527
f 528//528 529//529 527//527
f 529//529 532//532 531//531
f 532//532 533//533 531//531
f 533//533 534//534 535//535
usemtl field_material_05
f 538//538 537//537 539//539
f 536//536 539//539 537//537
usemtl field_material_17
f 541//541 542//542 540//540
f 543//543 544//544 542//542
f 545//545 546//546 544//544
f 546//546 549//549 548//548
f 549//549 550//550 548//548
f 551//551 552//552 550//550
f 553//553 554//554 552//552
f 555//555 556//556 554//554
usemtl field_material_05
f 560//560 559//559 562//562
f 561//561 562//562 559//559
usemtl field_material_17
f 564//564 565//565 563//563
f 566//566 567//567 565//565
f 567//567 570//570 569//569
f 570//570 571//571 569//569
f 572//572 573//573 571//571
f 574//574 575//575 573//573
f 575//575 578//578 577//577
f 578//578 579//579 577//577
f 579//579 580//580 581//581
usemtl field_material_05
f 583//583 584//584 582//582
f 584//584 585//585 582//582
f 586//586 587//587 591//591
f 588//588 589//589 587//587
f 586//586 590//590 588//588
f 589//589 586//586 591//591
usemtl field_material_09
f 592//592 593//593 594//594
f 592//592 594//594 595//595
f 592//592 595//595 596//596
f 592//592 596//596 597//597
f 592//592 597//597 598//598
f 592//592 598//598 593//593
f 599//599 594//594 593//593
f 601//601 595//595 594//594
f 595//595 602//602 596//596
f 604//604 597//597 596//596
f 606//606 598//598 597//597
f 608//608 593//593 598//598
f 610//610 602//602 601//601
f 611//611 612//612 602//602
f 614//614 601//601 609//609
f 615//615 610//610 601//601
f 616//616 611//611 610//610
f 617//617 612//612 611//611
f 618//618 603//603 612//612
f 603//603 619//619 604//604
f 620//620 605//605 604//604
f 621//621 606//606 605//605
f 622//622 607//607 606//606
f 623//623 608//608 607//607
f 624//624 599//599 608//608
f 626//626 609//609 613//613
f 609//609 628//628 614//614
f 629//629 615//615 614//614
f 619//619 631//631 620//620
f 632//632 621//621 620//620
f 634//634 624//624 623//623
f 624//624 625//625 613//613
f 636//636 626//626 625//625
f 629//629 637//637 615//615
f 615//615 637//637 610//610
f 637//637 638//638 610//610
f 638//638 617//617 616//616
f 639//639 618//618 617//617
f 618//618 630//630 619//619
f 632//632 641//641 621//621
f 621//621 641//641 622//622
f 642//642 628//628 627//627
f 631//631 660//660 632//632
f 648//648 626//626 636//636
f 649//649 642//642 626//626
f 642//642 650//650 628//628
f 628//628 651//651 629//629
f 651//651 637//637 629//629
f 652//652 643//643 637//637
f 654//654 639//639 638//638
f 655//655 644//644 639//639
f 657//657 630//630 640//640
f 658//658 645//645 630//630
f 645//645 659//659 631//631
f 659//659 660//660 631//631
f 661//661 633//633 641//641
f 662//662 646//646 633//633
f 663//663 635//635 634//634
f 664//664 647//647 635//635
f 647//647 648//648 636//636
f 665//665 655//655 654//654
f 667//667 660//660 659//659
f 669//669 661//661 660//660
f 671//671 648//648 647//647
f 648//648 673//673 649//649
f 649//649 677//677 642//642
f 678//678 652//652 651//651
f 655//655 680//680 644//644
f 680//680 656//656 644//644
f 676//676 663//663 646//646
f 677//677 678//678 650//650
f 678//678 679//679 652//652
f 679//679 665//665 653//653
f 680//680 666//666 656//656
f 675//675 667//667 645//645
f 681//681 670//670 661//661
f 676//676 682//682 663//663
f 682//682 664//664 663//663
f 682//682 671//671 664//664
f 683//683 673//673 672//672
f 673//673 683//683 677//677
f 677//677 684//684 678//678
f 684//684 679//679 678//678
f 679//679 685//685 665//665
f 685//685 674//674 665//665
f 686//686 680//680 674//674
f 687//687 666//666 680//680
f 687//687 675//675 666//666
f 675//675 688//688 667//667
f 667//667 689//689 668//668
f 668//668 689//689 669//669
f 689//689 681//681 669//669
f 690//690 670//670 681//681
f 690//690 676//676 670//670
f 690//690 682//682 676//676
f 691//691 671//671 682//682
f 671//671 683//683 672//672
f 683//683 692//692 684//684
f 684//684 692//692 685//685
f 685//685 692//692 686//686
f 686//686 692//692 687//687
f 687//687 692//692 688//688
f 688//688 692//692 689//689
f 689//689 692//692 690//690
f 690//690 692//692 691//691
f 691//691 692//692 683//683
usemtl field_material_05
f 695//695 694//694 697//697
f 696//696 693//693 699//699
f 696//696 698//698 694//694
f 697//697 698//698 700//700
f 698//698 704//704 700//700
f 699//699 693//693 701//701
f 697//697 700//700 704//704
f 701//701 693//693 703//703
f 702//702 695//695 704//704
f 697//697 704//704 695//695
f 702//702 693//693 705//705
f 705//705 696//696 694//694
f 715//715 706//706 709//709
f 708//708 710//710 711//711
f 709//709 710//710 707//707
f 709//709 706//706 712//712
f 710//710 714//714 711//711
f 710//710 712//712 713//713
f 714//714 716//716 717//717
f 711//711 714//714 717//717
f 706//706 716//716 713//713
f 711//711 717//717 708//708
f 716//716 715//715 707//707
f 716//716 708//708 717//717
f 720//720 723//723 721//721
f 729//729 718//718 722//722
f 729//729 723//723 719//719
f 723//723 726//726 721//721
f 722//722 718//718 725//725
f 723//723 725//725 724//724
f 726//726 727//727 728//728
f 721//721 726//726 728//728
f 725//725 727//727 724//724
f 727//727 720//720 728//728
f 721//721 728//728 720//720
f 727//727 729//729 719//719
f 731//731 730//730 732//732
f 733//733 734//734 735//735
f 732//732 730//730 737//737
f 734//734 737//737 736//736
f 736//736 739//739 735//735
f 737//737 738//738 736//736
f 739//739 740//740 742//742
f 735//735 739//739 742//742
f 730//730 740//740 738//738
f 740//740 733//733 742//742
f 741//741 730//730 731//731
f 735//735 742//742 733//733
f 745//745 747//747 753//753
f 754//754 744//744 748//748
f 744//744 747//747 748//748
f 745//745 743//743 746//746
f 747//747 746//746 749//749
f 746//746 743//743 750//750
f 754//754 748//748 752//752
f 749//749 752//752 748//748
f 750//750 751//751 749//749
f 752//752 751//751 754//754
f 751//751 743//743 753//753
f 753//753 744//744 754//754
usemtl field_material_29
f 759//759 756//756 758//758
f 757//757 758//758 756//756
f 760//760 761//761 759//759
f 759//759 761//761 756//756
f 755//755 756//756 761//761
f 763//763 765//765 764//764
f 767//767 764//764 765//765
f 766//766 768//768 767//767
f 767//767 768//768 764//764
f 762//762 764//764 768//768
f 774//774 770//770 772//772
f 771//771 772//772 770//770
f 771//771 769//769 773//773
f 772//772 773//773 774//774
f 773//773 769//769 775//775
f 775//775 776//776 774//774
f 774//774 776//776 770//770
f 769//769 770//770 776//776
f 778//778 777//777 780//780
f 780//780 781//781 779//779
f 777//777 782//782 781//781
f 781//781 782//782 779//779
f 782//782 783//783 779//779
f 782//782 777//777 778//778
f 783//783 778//778 779//779
f 785//785 784//784 786//786
f 786//786 788//788 787//787
f 787//787 788//788 790//790
f 784//784 790//790 788//788
f 789//789 791//791 790//790
f 789//789 784//784 785//785
f 787//787 790//790 791//791
f 791//791 785//785 787//787
f 793//793 792//792 794//794
f 792//792 796//796 795//795
f 795//795 796//796 798//798
f 797//797 798//798 796//796
f 797//797 792//792 793//793
f 798//798 793//793 795//795
f 800//800 799//799 801//801
f 801//801 803//803 802//802
f 804//804 805//805 802//802
f 804//804 799//799 800//800
f 805//805 800//800 802//802
f 807//807 806//806 808//808
f 808//808 810//810 809//809
f 810//810 811//811 809//809
f 806//806 811//811 810//810
f 811//811 812//812 809//809
f 811//811 806//806 807//807
f 812//812 807//807 809//809
f 819//819 815//815 816//816
f 814//814 816//816 815//815
f 814//814 813//813 817//817
f 816//816 817//817 819//819
f 817//817 813//813 818//818
f 818//818 820//820 819//819
f 819//819 820//820 815//815
f 813//813 815//815 820//820
f 822//822 824//824 823//823
f 822//822 821//821 825//825
f 827//827 823//823 824//824
f 824//824 825//825 827//827
f 825//825 821//821 826//826
f 826//826 828//828 827//827
f 827//827 828//828 823//823
f 821//821 823//823 828//828
f 833//833 830//830 832//832
f 831//831 832//832 830//830
f 834//834 835//835 833//833
f 833//833 835//835 830//830
f 829//829 830//830 835//835
f 838//838 840//840 839//839
f 839//839 840//840 842//842
f 836//836 842//842 840//840
f 839//839 842//842 837//837
f 841//841 837//837 842//842
f 845//845 846//846 844//844
f 844//844 846//846 847//847
f 843//843 847//847 846//846
f 844//844 847//847 849//849
f 848//848 849//849 847//847
f 849//849 845//845 844//844
f 843//843 845//845 849//849
f 851//851 853//853 852//852
f 851//851 850//850 854//854
f 856//856 852//852 853//853
f 853//853 854//854 856//856
f 854//854 850//850 855//855
f 855//855 857//857 856//856
f 856//856 857//857 852//852
f 850//850 852//852 857//857
usemtl field_material_05
f 859//859 860//860 858//858
f 861//861 862//862 860//860
f 859//859 863//863 861//861
f 862//862 859//859 858//858
usemtl field_material_27
f 866//866 869//869 885//885
f 865//865 870//870 867//867
f 874//874 885//885 869//869
f 865//865 868//868 866//866
f 867//867 871//871 868//868
f 867//867 870//870 871//871
f 870//870 864//864 875//875
f 869//869 873//873 874//874
f 870//870 872//872 871//871
f 872//872 877//877 873//873
f 872//872 875//875 876//876
f 876//876 879//879 877//877
f 875//875 864//864 881//881
f 877//877 880//880 874//874
f 875//875 878//878 876//876
f 878//878 882//882 879//879
f 878//878 881//881 882//882
f 874//874 880//880 885//885
f 880//880 884//884 885//885
f 881//881 883//883 882//882
f 883//883 866//866 884//884
f 864//864 865//865 883//883
usemtl field_material_25
f 888//888 887//887 890//890
f 898//898 889//889 892//892
f 890//890 891//891 892//892
f 890//890 892//892 889//889
f 887//887 886//886 891//891
f 898//898 892//892 895//895
f 891//891 894//894 892//892
f 892//892 894//894 895//895
f 891//891 886//886 893//893
f 893//893 896//896 894//894
f 896//896 886//886 897//897
f 896//896 898//898 895//895
f 897//897 901//901 898//898
f 899//899 900//900 897//897
f 901//901 888//888 889//889
f 899//899 886//886 887//887
f 898//898 901//901 889//889
f 899//899 888//888 900//900
f 904//904 902//902 906//906
f 904//904 907//907 905//905
f 906//906 909//909 907//907
f 908//908 902//902 910//910
f 907//907 909//909 913//913
f 910//910 912//912 911//911
f 909//909 912//912 913//913
f 912//912 915//915 914//914
f 910//910 902//902 915//915
f 907//907 913//913 916//916
f 914//914 915//915 916//916
f 914//914 916//916 913//913
f 916//916 917//917 905//905
f 915//915 902//902 903//903
f 907//907 916//916 905//905
f 915//915 917//917 916//916
f 903//903 904//904 917//917
f 920//920 919//919 922//922
f 922//922 923//923 924//924
f 922//922 924//924 921//921
f 919//919 918//918 923//923
f 933//933 921//921 924//924
f 933//933 924//924 926//926
f 923//923 925//925 924//924
f 924//924 925//925 926//926
f 923//923 928//928 925//925
f 923//923 918//918 927//927
f 933//933 926//926 930//930
f 928//928 927//927 929//929
f 928//928 930//930 926//926
f 927//927 918//918 931//931
f 930//930 932//932 933//933
f 933//933 920//920 921//921
f 918//918 920//920 932//932
f 936//936 935//935 938//938
f 938//938 940//940 937//937
f 935//935 934//934 939//939
f 949//949 937//937 940//940
f 938//938 939//939 940//940
f 939//939 942//942 940//940
f 940//940 942//942 943//943
f 939//939 934//934 941//941
f 949//949 940//940 943//943
f 941//941 944//944 942//942
f 949//949 943//943 946//946
f 944//944 934//934 945//945
f 944//944 946//946 943//943
f 945//945 947//947 948//948
f 946//946 948//948 949//949
f 947//947 934//934 935//935
f 947//947 936//936 948//948
f 949//949 936//936 937//937
f 951//951 954//954 952//952
f 963//963 950//950 954//954
f 952//952 956//956 953//953
f 965//965 953//953 956//956
f 952//952 954//954 955//955
f 950//950 958//958 955//955
f 956//956 958//958 959//959
f 965//965 956//956 959//959
f 958//958 957//957 960//960
f 965//965 959//959 962//962
f 960//960 961//961 962//962
f 960//960 962//962 959//959
f 957//957 950//950 961//961
f 961//961 964//964 962//962
f 962//962 964//964 965//965
f 961//961 950//950 963//963
f 963//963 951//951 964//964
f 965//965 951//951 953//953
usemtl field_material_05
f 5//5 4//4 9//9
f 2//2 7//7 8//8
f 3//3 8//8 9//9
f 9//9 13//13 14//14
f 7//7 11//11 12//12
f 8//8 12//12 13//13
f 14//14 13//13 17//17
f 11//11 15//15 16//16
f 12//12 16//16 17//17
f 17//17 21//21 22//22
f 15//15 19//19 20//20
f 16//16 20//20 21//21
f 22//22 21//21 25//25
f 19//19 23//23 24//24
f 20//20 24//24 25//25
f 25//25 29//29 30//30
f 23//23 27//27 28//28
f 24//24 28//28 29//29
f 30//30 29//29 33//33
f 27//27 31//31 32//32
f 28//28 32//32 33//33
f 33//33 4//4 5//5
f 31//31 2//2 3//3
f 32//32 3//3 4//4
f 35//35 37//37 36//36
f 36//36 37//37 39//39
f 39//39 42//42 40//40
f 39//39 37//37 35//35
f 35//35 44//44 39//39
f 44//44 42//42 39//39
f 41//41 42//42 44//44
f 43//43 44//44 35//35
f 43//43 36//36 40//40
f 36//36 38//38 40//40
usemtl field_material_17
f 46//46 48//48 47//47
f 47//47 48//48 50//50
f 50//50 52//52 51//51
f 52//52 54//54 53//53
f 53//53 54//54 56//56
f 56//56 58//58 57//57
f 57//57 58//58 60//60
f 60//60 62//62 61//61
usemtl field_material_05
f 65//65 67//67 64//64
f 67//67 65//65 66//66
usemtl field_material_17
f 69//69 71//71 70//70
f 70//70 71//71 73//73
f 73//73 75//75 74//74
f 75//75 77//77 76//76
f 77//77 79//79 78//78
f 78//78 79//79 81//81
f 80//80 81//81 83//83
f 82//82 83//83 85//85
f 85//85 86//86 84//84
usemtl field_material_05
f 88//88 90//90 87//87
f 90//90 88//88 89//89
usemtl field_material_17
f 91//91 92//92 94//94
f 94//94 96//96 95//95
f 96//96 98//98 97//97
f 97//97 98//98 100//100
f 99//99 100//100 102//102
f 101//101 102//102 104//104
f 104//104 106//106 105//105
f 105//105 106//106 108//108
usemtl field_material_05
f 111//111 113//113 110//110
f 113//113 111//111 112//112
f 114//114 115//115 117//117
f 117//117 120//120 118//118
f 115//115 122//122 120//120
f 119//119 120//120 122//122
f 122//122 115//115 121//121
f 114//114 116//116 118//118
f 118//118 119//119 121//121
usemtl field_material_23
f 124//124 126//126 125//125
f 125//125 126//126 128//128
f 127//127 128//128 130//130
f 130//130 132//132 131//131
f 132//132 134//134 133//133
f 133//133 134//134 136//136
f 135//135 136//136 138//138
f 138//138 140//140 139//139
usemtl field_material_05
f 142//142 144//144 145//145
f 144//144 142//142 143//143
usemtl field_material_23
f 147//147 149//149 148//148
f 148//148 149//149 151//151
f 151//151 153//153 152//152
f 152//152 153//153 155//155
f 155//155 157//157 156//156
f 156//156 157//157 159//159
f 159//159 161//161 160//160
f 161//161 163//163 162//162
usemtl field_material_05
f 166//166 168//168 165//165
f 168//168 166//166 167//167
usemtl field_material_23
f 170//170 172//172 171//171
f 172//172 174//174 173//173
f 173//173 174//174 176//176
f 176//176 178//178 177//177
f 178//178 180//180 179//179
f 180//180 182//182 181//181
f 182//182 184//184 183//183
f 184//184 186//186 185//185
usemtl field_material_05
f 188//188 190//190 189//189
f 190//190 188//188 191//191
f 193//193 195//195 194//194
f 195//195 198//198 196//196
f 197//197 198//198 200//200
f 198//198 195//195 193//193
f 193//193 201//201 200//200
f 200//200 201//201 199//199
f 201//201 193//193 192//192
f 199//199 192//192 194//194
f 194//194 196//196 197//197
f 197//197 199//199 194//194
usemtl field_material_23
f 203//203 205//205 204//204
f 205//205 207//207 206//206
f 207//207 209//209 208//208
f 209//209 211//211 210//210
f 211//211 213//213 212//212
f 213//213 215//215 214//214
f 214//214 215//215 217//217
f 217//217 219//219 218//218
f 219//219 220//220 218//218
usemtl field_material_05
f 224//224 221//221 223//223
f 222//222 223//223 221//221
usemtl field_material_23
f 226//226 228//228 227//227
f 228//228 230//230 229//229
f 230//230 232//232 231//231
f 231//231 232//232 234//234
f 234//234 236//236 235//235
f 235//235 236//236 238//238
f 237//237 238//238 240//240
f 240//240 242//242 241//241
f 242//242 243//243 241//241
usemtl field_material_05
f 245//245 247//247 244//244
f 247//247 245//245 246//246
usemtl field_material_23
f 249//249 251//251 250//250
f 251//251 253//253 252//252
f 253//253 255//255 254//254
f 255//255 257//257 256//256
f 257//257 259//259 258//258
f 259//259 261//261 260//260
f 261//261 263//263 262//262
f 262//262 263//263 265//265
usemtl field_material_05
f 270//270 267//267 269//269
f 268//268 269//269 267//267
f 272//272 275//275 273//273
f 274//274 275//275 277//277
f 277//277 278//278 276//276
f 272//272 280//280 278//278
f 278//278 277//277 275//275
f 278//278 280//280 279//279
f 280//280 272//272 271//271
f 279//279 271//271 273//273
f 273//273 274//274 276//276
usemtl field_material_07
f 281//281 282//282 284//284
f 283//283 284//284 286//286
f 285//285 286//286 288//288
f 288//288 290//290 289//289
f 289//289 290//290 292//292
f 292//292 294//294 293//293
f 293//293 294//294 296//296
f 296//296 298//298 297//297
usemtl field_material_05
f 301//301 303//303 300//300
f 303//303 301//301 302//302
usemtl field_material_07
f 305//305 307//307 306//306
f 307//307 309//309 308//308
f 309//309 311//311 310//310
f 311//311 313//313 312//312
f 312//312 313//313 315//315
f 315//315 317//317 316//316
f 316//316 317//317 319//319
f 319//319 321//321 320//320
f 321//321 322//322 320//320
usemtl field_material_05
f 323//323 325//325 326//326
f 325//325 323//323 324//324
usemtl field_material_07
f 327//327 328//328 330//330
f 329//329 330//330 332//332
f 332//332 334//334 333//333
f 334//334 336//336 335//335
f 335//335 336//336 338//338
f 337//337 338//338 340//340
f 339//339 340//340 342//342
f 342//342 344//344 343//343
usemtl field_material_05
f 346//346 348//348 347//347
f 348//348 346//346 349//349
f 351//351 352//352 354//354
f 354//354 356//356 353//353
f 352//352 358//358 354//354
f 358//358 356//356 354//354
f 355//355 356//356 358//358
f 358//358 352//352 350//350
f 357//357 350//350 351//351
f 351//351 353//353 357//357
usemtl field_material_23
f 360//360 362//362 361//361
f 362//362 364//364 363//363
f 364//364 366//366 365//365
f 366//366 368//368 367//367
f 367//367 368//368 370//370
f 370//370 372//372 371//371
f 372//372 374//374 373//373
f 373//373 374//374 376//376
usemtl field_material_05
f 379//379 381//381 378//378
f 381//381 379//379 380//380
usemtl field_material_23
f 383//383 385//385 384//384
f 385//385 387//387 386//386
f 386//386 387//387 389//389
f 389//389 391//391 390//390
f 391//391 393//393 392//392
f 392//392 393//393 395//395
f 394//394 395//395 397//397
f 397//397 399//399 398//398
usemtl field_material_05
f 402//402 404//404 401//401
f 404//404 402//402 403//403
usemtl field_material_23
f 406//406 408//408 407//407
f 408//408 410//410 409//409
f 410//410 412//412 411//411
f 411//411 412//412 414//414
f 414//414 416//416 415//415
f 416//416 418//418 417//417
f 418//418 420//420 419//419
f 420//420 422//422 421//421
usemtl field_material_05
f 425//425 427//427 424//424
f 427//427 425//425 426//426
f 428//428 429//429 431//431
f 431//431 434//434 432//432
f 433//433 434//434 436//436
f 434//434 431//431 429//429
f 429//429 437//437 436//436
f 436//436 434//434 429//429
f 435//435 436//436 437//437
f 437//437 429//429 428//428
f 435//435 428//428 433//433
f 428//428 430//430 433//433
f 430//430 432//432 433//433
usemtl field_material_17
f 438//438 439//439 441//441
f 441//441 443//443 442//442
f 442//442 443//443 445//445
f 444//444 445//445 447//447
f 447//447 449//449 448//448
f 448//448 449//449 451//451
f 450//450 451//451 453//453
f 453//453 455//455 454//454
usemtl field_material_05
f 457//457 459//459 460//460
f 459//459 457//457 458//458
usemtl field_material_17
f 461//461 462//462 464//464
f 464//464 466//466 465//465
f 466//466 468//468 467//467
f 468//468 470//470 469//469
f 470//470 472//472 471//471
f 471//471 472//472 474//474
f 473//473 474//474 476//476
f 475//475 476//476 478//478
f 478//478 479//479 477//477
usemtl field_material_05
f 480//480 482//482 481//481
f 482//482 480//480 483//483
usemtl field_material_17
f 485//485 487//487 486//486
f 486//486 487//487 489//489
f 489//489 491//491 490//490
f 491//491 493//493 492//492
f 493//493 495//495 494//494
f 495//495 497//497 496//496
f 497//497 499//499 498//498
f 499//499 501//501 500//500
f 501//501 502//502 500//500
usemtl field_material_05
f 503//503 504//504 506//506
f 505//505 506//506 504//504
f 507//507 508//508 510//510
f 509//509 510//510 512//512
f 511//511 512//512 513//513
f 513//513 516//516 514//514
f 512//512 510//510 508//508
f 516//516 513//513 508//508
f 515//515 516//516 508//508
f 515//515 507//507 509//509
f 511//511 514//514 509//509
usemtl field_material_17
f 517//517 518//518 520//520
f 519//519 520//520 522//522
f 521//521 522//522 524//524
f 524//524 526//526 525//525
f 525//525 526//526 528//528
f 528//528 530//530 529//529
f 529//529 530//530 532//532
f 532//532 534//534 533//533
usemtl field_material_05
f 536//536 538//538 539//539
f 538//538 536//536 537//537
usemtl field_material_17
f 541//541 543//543 542//542
f 543//543 545//545 544//544
f 545//545 547//547 546//546
f 546//546 547//547 549//549
f 549//549 551//551 550//550
f 551//551 553//553 552//552
f 553//553 555//555 554//554
f 555//555 557//557 556//556
f 557//557 558//558 556//556
usemtl field_material_05
f 559//559 560//560 561//561
f 561//561 560//560 562//562
usemtl field_material_17
f 564//564 566//566 565//565
f 566//566 568//568 567//567
f 567//567 568//568 570//570
f 570//570 572//572 571//571
f 572//572 574//574 573//573
f 574//574 576//576 575//575
f 575//575 576//576 578//578
f 578//578 580//580 579//579
usemtl field_material_05
f 583//583 585//585 584//584
f 585//585 583//583 582//582
f 586//586 588//588 587//587
f 588//588 590//590 589//589
f 589//589 590//590 586//586
f 591//591 587//587 589//589
usemtl field_material_09
f 599//599 600//600 594//594
f 594//594 600//600 601//601
f 595//595 601//601 602//602
f 602//602 612//612 596//596
f 612//612 603//603 596//596
f 603//603 604//604 596//596
f 604//604 605//605 597//597
f 605//605 606//606 597//597
f 606//606 607//607 598//598
f 607//607 608//608 598//598
f 593//593 608//608 599//599
f 599//599 609//609 600//600
f 609//609 601//601 600//600
f 602//602 610//610 611//611
f 599//599 613//613 609//609
f 601//601 614//614 615//615
f 611//611 616//616 617//617
f 617//617 618//618 612//612
f 618//618 619//619 603//603
f 619//619 620//620 604//604
f 605//605 620//620 621//621
f 621//621 622//622 606//606
f 622//622 623//623 607//607
f 608//608 623//623 624//624
f 624//624 613//613 599//599
f 613//613 625//625 626//626
f 626//626 627//627 609//609
f 609//609 627//627 628//628
f 628//628 629//629 614//614
f 610//610 638//638 616//616
f 619//619 630//630 631//631
f 631//631 632//632 620//620
f 622//622 633//633 623//623
f 623//623 633//633 634//634
f 634//634 635//635 624//624
f 624//624 635//635 625//625
f 638//638 639//639 617//617
f 639//639 640//640 618//618
f 618//618 640//640 630//630
f 641//641 633//633 622//622
f 635//635 636//636 625//625
f 626//626 642//642 627//627
f 637//637 643//643 638//638
f 639//639 644//644 640//640
f 630//630 645//645 631//631
f 632//632 660//660 641//641
f 633//633 646//646 634//634
f 635//635 647//647 636//636
f 648//648 649//649 626//626
f 628//628 650//650 651//651
f 651//651 652//652 637//637
f 643//643 653//653 638//638
f 638//638 653//653 654//654
f 654//654 655//655 639//639
f 644//644 656//656 640//640
f 656//656 657//657 640//640
f 657//657 658//658 630//630
f 660//660 661//661 641//641
f 661//661 662//662 633//633
f 646//646 663//663 634//634
f 663//663 664//664 635//635
f 653//653 665//665 654//654
f 656//656 666//666 657//657
f 657//657 666//666 658//658
f 645//645 667//667 659//659
f 667//667 668//668 660//660
f 668//668 669//669 660//660
f 661//661 670//670 662//662
f 662//662 670//670 646//646
f 664//664 671//671 647//647
f 648//648 672//672 673//673
f 649//649 673//673 677//677
f 642//642 677//677 650//650
f 650//650 678//678 651//651
f 652//652 679//679 643//643
f 643//643 679//679 653//653
f 665//665 674//674 655//655
f 655//655 674//674 680//680
f 666//666 675//675 658//658
f 658//658 675//675 645//645
f 670//670 676//676 646//646
f 671//671 672//672 648//648
f 669//669 681//681 661//661
f 683//683 684//684 677//677
f 679//679 684//684 685//685
f 685//685 686//686 674//674
f 686//686 687//687 680//680
f 687//687 688//688 675//675
f 667//667 688//688 689//689
f 689//689 690//690 681//681
f 690//690 691//691 682//682
f 671//671 691//691 683//683
usemtl field_material_05
f 696//696 699//699 698//698
f 697//697 694//694 698//698
f 698//698 701//701 704//704
f 698//698 699//699 701//701
f 704//704 701//701 702//702
f 701//701 703//703 702//702
f 702//702 705//705 695//695
f 702//702 703//703 693//693
f 705//705 693//693 696//696
f 705//705 694//694 695//695
f 715//715 709//709 707//707
f 708//708 707//707 710//710
f 710//710 709//709 712//712
f 710//710 713//713 714//714
f 712//712 706//706 713//713
f 714//714 713//713 716//716
f 716//716 706//706 715//715
f 716//716 707//707 708//708
f 720//720 719//719 723//723
f 729//729 722//722 723//723
f 723//723 724//724 726//726
f 723//723 722//722 725//725
f 726//726 724//724 727//727
f 725//725 718//718 727//727
f 727//727 719//719 720//720
f 727//727 718//718 729//729
f 733//733 731//731 734//734
f 731//731 732//732 734//734
f 734//734 732//732 737//737
f 734//734 736//736 735//735
f 739//739 736//736 738//738
f 737//737 730//730 738//738
f 739//739 738//738 740//740
f 730//730 741//741 740//740
f 740//740 731//731 733//733
f 740//740 741//741 731//731
f 744//744 753//753 747//747
f 745//745 746//746 747//747
f 747//747 749//749 748//748
f 749//749 746//746 750//750
f 752//752 749//749 751//751
f 750//750 743//743 751//751
f 751//751 753//753 754//754
f 753//753 743//743 745//745
usemtl field_material_29
f 756//756 755//755 757//757
f 757//757 755//755 758//758
f 758//758 755//755 760//760
f 758//758 760//760 759//759
f 760//760 755//755 761//761
f 764//764 762//762 763//763
f 763//763 762//762 765//765
f 765//765 766//766 767//767
f 765//765 762//762 766//766
f 766//766 762//762 768//768
f 770//770 769//769 771//771
f 771//771 773//773 772//772
f 773//773 775//775 774//774
f 775//775 769//769 776//776
f 778//778 780//780 779//779
f 780//780 777//777 781//781
f 782//782 778//778 783//783
f 785//785 786//786 787//787
f 786//786 784//784 788//788
f 790//790 784//784 789//789
f 789//789 785//785 791//791
f 793//793 794//794 795//795
f 794//794 792//792 795//795
f 796//796 792//792 797//797
f 797//797 793//793 798//798
f 800//800 801//801 802//802
f 801//801 799//799 803//803
f 803//803 804//804 802//802
f 803//803 799//799 804//804
f 804//804 800//800 805//805
f 807//807 808//808 809//809
f 808//808 806//806 810//810
f 811//811 807//807 812//812
f 815//815 813//813 814//814
f 814//814 817//817 816//816
f 817//817 818//818 819//819
f 818//818 813//813 820//820
f 823//823 821//821 822//822
f 822//822 825//825 824//824
f 825//825 826//826 827//827
f 826//826 821//821 828//828
f 830//830 829//829 831//831
f 831//831 829//829 832//832
f 832//832 829//829 834//834
f 832//832 834//834 833//833
f 834//834 829//829 835//835
f 837//837 836//836 838//838
f 837//837 838//838 839//839
f 838//838 836//836 840//840
f 842//842 836//836 841//841
f 841//841 836//836 837//837
f 845//845 843//843 846//846
f 847//847 843//843 848//848
f 848//848 843//843 849//849
f 852//852 850//850 851//851
f 851//851 854//854 853//853
f 854//854 855//855 856//856
f 855//855 850//850 857//857
usemtl field_material_05
f 859//859 861//861 860//860
f 861//861 863//863 862//862
f 862//862 863//863 859//859
f 862//862 858//858 860//860
usemtl field_material_27
f 866//866 868//868 869//869
f 865//865 864//864 870//870
f 865//865 867//867 868//868
f 868//868 871//871 869//869
f 871//871 872//872 873//873
f 869//869 871//871 873//873
f 870//870 875//875 872//872
f 872//872 876//876 877//877
f 873//873 877//877 874//874
f 876//876 878//878 879//879
f 877//877 879//879 880//880
f 875//875 881//881 878//878
f 879//879 882//882 880//880
f 882//882 883//883 884//884
f 880//880 882//882 884//884
f 881//881 864//864 883//883
f 883//883 865//865 866//866
f 885//885 884//884 866//866
usemtl field_material_25
f 888//888 890//890 889//889
f 890//890 887//887 891//891
f 891//891 893//893 894//894
f 895//895 894//894 896//896
f 896//896 893//893 886//886
f 896//896 897//897 898//898
f 897//897 886//886 899//899
f 901//901 897//897 900//900
f 901//901 900//900 888//888
f 899//899 887//887 888//888
f 904//904 903//903 902//902
f 904//904 906//906 907//907
f 906//906 902//902 908//908
f 906//906 908//908 909//909
f 908//908 910//910 911//911
f 909//909 908//908 911//911
f 909//909 911//911 912//912
f 912//912 910//910 915//915
f 912//912 914//914 913//913
f 915//915 903//903 917//917
f 905//905 917//917 904//904
f 920//920 922//922 921//921
f 922//922 919//919 923//923
f 923//923 927//927 928//928
f 926//926 925//925 928//928
f 928//928 929//929 930//930
f 929//929 927//927 931//931
f 929//929 931//931 930//930
f 931//931 918//918 932//932
f 930//930 931//931 932//932
f 933//933 932//932 920//920
f 918//918 919//919 920//920
f 936//936 938//938 937//937
f 938//938 935//935 939//939
f 939//939 941//941 942//942
f 943//943 942//942 944//944
f 944//944 941//941 934//934
f 944//944 945//945 946//946
f 945//945 934//934 947//947
f 945//945 948//948 946//946
f 947//947 935//935 936//936
f 949//949 948//948 936//936
f 951//951 963//963 954//954
f 951//951 952//952 953//953
f 952//952 955//955 956//956
f 954//954 950//950 955//955
f 950//950 957//957 958//958
f 956//956 955//955 958//958
f 958//958 960//960 959//959
f 960//960 957//957 961//961
f 961//961 963//963 964//964
f 965//965 964//964 951//951
