# Strawberry URP Gazebo mesh generated by export_gazebo_assets.py
mtllib plant_variant_08.mtl

o field_export_plant_variant_08
v 0.000000000 0.000000000 0.025000000
v 0.000000000 0.026450338 0.020225426
v 0.000000000 0.042797547 0.007725425
v 0.000000000 0.042797547 -0.007725425
v 0.000000000 0.026450338 -0.020225426
v 0.000000000 0.000000000 -0.025000000
v 0.018703211 0.018703211 0.020225426
v 0.030262435 0.030262435 0.007725425
v 0.030262435 0.030262435 -0.007725425
v 0.018703211 0.018703211 -0.020225426
v 0.026450334 0.000000000 0.020225426
v 0.042797547 0.000000000 0.007725425
v 0.042797547 0.000000000 -0.007725425
v 0.026450334 0.000000000 -0.020225426
v 0.018703211 -0.018703211 0.020225426
v 0.030262435 -0.030262435 0.007725425
v 0.030262435 -0.030262435 -0.007725425
v 0.018703211 -0.018703211 -0.020225426
v 0.000000000 -0.026450334 0.020225426
v 0.000000000 -0.042797547 0.007725425
v 0.000000000 -0.042797547 -0.007725425
v 0.000000000 -0.026450334 -0.020225426
v -0.018703211 -0.018703211 0.020225426
v -0.030262435 -0.030262435 0.007725425
v -0.030262435 -0.030262435 -0.007725425
v -0.018703211 -0.018703211 -0.020225426
v -0.026450334 0.000000000 0.020225426
v -0.042797547 0.000000000 0.007725425
v -0.042797547 0.000000000 -0.007725425
v -0.026450334 0.000000000 -0.020225426
v -0.018703211 0.018703211 0.020225426
v -0.030262435 0.030262435 0.007725425
v -0.030262435 0.030262435 -0.007725425
v -0.018703211 0.018703211 -0.020225426
v 0.002856568 0.004411757 0.004623502
v -0.105134547 -0.162373036 0.230490148
v 0.006516922 -0.001088940 0.002311751
v -0.101474196 -0.167873740 0.228178397
v 0.003660373 -0.005500682 -0.002311736
v -0.104330741 -0.172285467 0.223554909
v -0.002856530 -0.004411727 -0.004623488
v -0.110847645 -0.171196520 0.221243158
v -0.006516885 0.001088969 -0.002311736
v -0.114508003 -0.165695816 0.223554909
v -0.003660336 0.005500712 0.002311751
v -0.111651450 -0.161284089 0.228178397
v -0.092017755 -0.199812219 0.233385459
v -0.144681692 -0.165642232 0.233029097
v -0.096473783 -0.208204031 0.236383513
v -0.150575042 -0.173174143 0.236093596
v -0.089583673 -0.224013075 0.238963187
v -0.167838335 -0.173344150 0.238543853
v -0.100042745 -0.228609562 0.240725622
v -0.167765990 -0.184759602 0.240362734
v -0.095708445 -0.242807835 0.241759524
v -0.182502121 -0.186609983 0.241294429
v -0.110452414 -0.244677216 0.241854861
v -0.178175658 -0.200827256 0.241491958
v -0.110402994 -0.256148368 0.241221666
v -0.188657656 -0.205479458 0.240802333
v -0.127702758 -0.256406993 0.239771217
v -0.181804001 -0.221377105 0.239481315
v -0.133635864 -0.264042377 0.237790316
v -0.186314315 -0.229896888 0.237587377
v -0.170468360 -0.263154775 0.232659310
v -0.107089937 -0.167178646 0.227192923
v -0.163298115 -0.249994814 0.238644481
v -0.107829012 -0.167132571 0.224167839
v -0.161114246 -0.251638979 0.237034693
v -0.109392039 -0.165798709 0.226418912
v -0.153073058 -0.168839335 0.237647533
v -0.168258131 -0.122284859 0.237459645
v -0.159553438 -0.171640009 0.242412016
v -0.175185651 -0.123859234 0.242384166
v -0.162836775 -0.184519291 0.246470779
v -0.185447961 -0.115406886 0.246430501
v -0.171231538 -0.182115734 0.249400020
v -0.190799728 -0.122304410 0.249365166
v -0.175461695 -0.192821369 0.251087010
v -0.200540185 -0.116167530 0.251042336
v -0.185318142 -0.186723188 0.251470208
v -0.204886347 -0.126911864 0.251435339
v -0.191009998 -0.193734184 0.250611156
v -0.213621184 -0.124621779 0.250570863
v -0.201813281 -0.185462341 0.248622566
v -0.217445493 -0.137681574 0.248594731
v -0.209412664 -0.187261477 0.245724872
v -0.224608883 -0.140711963 0.245829254
v -0.231940299 -0.168820903 0.238296434
v -0.146956801 -0.142343462 0.226640970
v -0.221121103 -0.166850835 0.237937301
v -0.148039013 -0.139828518 0.225038484
v -0.222145453 -0.163862199 0.237649605
v -0.042701993 -0.205197975 0.237615004
v -0.091399118 -0.210282341 0.236802801
v -0.041304819 -0.212759063 0.242016822
v -0.091294803 -0.218047261 0.241380051
v -0.029386133 -0.219188288 0.245713055
v -0.101694055 -0.226837382 0.244791999
v -0.033481739 -0.227249980 0.247880682
v -0.096058533 -0.233869672 0.247083589
v -0.023889732 -0.233795017 0.248745263
v -0.104087785 -0.242278770 0.247723699
v -0.031907156 -0.242131755 0.247855991
v -0.094483949 -0.248751432 0.247058883
v -0.026236966 -0.248951823 0.245663658
v -0.098544888 -0.256600916 0.244742602
v -0.036581069 -0.257404387 0.241942734
v -0.086571060 -0.262692571 0.241305962
v -0.036406830 -0.264706314 0.237460628
v -0.085096851 -0.269844621 0.236654028
v -0.059034631 -0.281557649 0.225731701
v -0.068567783 -0.192057312 0.227645695
v -0.067007259 -0.192295581 0.225038484
v -0.060727894 -0.269726872 0.239233866
v -0.070092432 -0.192571849 0.225362346
v -0.059982911 -0.270121217 0.236175522
v -0.001724631 0.004337035 0.005216926
v 0.074615218 -0.187639832 0.190050811
v 0.004770819 0.004408561 0.002608478
v 0.081110671 -0.187568307 0.187442362
v 0.006495435 0.000071555 -0.002608433
v 0.082835287 -0.191905305 0.182225451
v 0.001724601 -0.004336976 -0.005216882
v 0.078064449 -0.196313828 0.179617003
v -0.004770849 -0.004408501 -0.002608433
v 0.071568996 -0.196385354 0.182225451
v -0.006495465 -0.000071496 0.002608478
v 0.069844380 -0.192048356 0.187442362
v 0.112742670 -0.197964236 0.194363609
v 0.054392464 -0.221093535 0.195637703
v 0.117096275 -0.206412330 0.198419526
v 0.057220209 -0.230222136 0.199859798
v 0.134049535 -0.209914312 0.201483175
v 0.047441900 -0.244353950 0.203566447
v 0.131794870 -0.221076876 0.203945145
v 0.056842819 -0.250881672 0.205748051
v 0.145905048 -0.225757107 0.204827070
v 0.049846925 -0.263954759 0.207137674
v 0.138892591 -0.238862798 0.204988837
v 0.063940525 -0.268667579 0.206791759
v 0.148244932 -0.245486140 0.203570560
v 0.061637305 -0.279925793 0.205653846
v 0.138389379 -0.259770095 0.201550618
v 0.078513309 -0.283579886 0.202990890
v 0.141108170 -0.269072235 0.198359698
v 0.082780711 -0.292237550 0.199894473
v 0.118867844 -0.298681915 0.191114664
v 0.076260567 -0.191777512 0.186621085
v 0.077821456 -0.191453040 0.184327319
v 0.114417054 -0.284298629 0.198018551
v 0.074957959 -0.192633733 0.184001982
v 0.112293325 -0.285411447 0.195941165
v 0.051489305 -0.231638283 0.190885067
v 0.004754985 -0.217034906 0.191632450
v 0.049858317 -0.239210248 0.193289742
v 0.001860516 -0.224282801 0.194156975
v 0.058317818 -0.249900818 0.194962457
v -0.011108506 -0.228309050 0.196216866
v 0.051402267 -0.255722374 0.196070105
v -0.008680735 -0.237036407 0.197155699
v 0.057630014 -0.265534163 0.196000189
v -0.019372005 -0.241586328 0.197391480
v 0.046951298 -0.269987136 0.195262477
v -0.013131704 -0.251301169 0.196348071
v 0.049415875 -0.278430343 0.193347201
v -0.020010442 -0.256838590 0.194601610
v 0.036505405 -0.282004535 0.190866843
v -0.011492394 -0.267077118 0.191734076
v 0.033693038 -0.288647979 0.187515855
v -0.013053531 -0.274101287 0.188467637
v 0.005929272 -0.294898540 0.180005059
v 0.033446468 -0.209335536 0.186390892
v 0.008864256 -0.283375531 0.198390871
v 0.032118388 -0.209386602 0.183510348
v 0.010978747 -0.284365267 0.196329609
v 0.008426279 -0.283722073 0.195394590
v 0.144299254 -0.161173075 0.198255002
v 0.120312706 -0.203716233 0.194696829
v 0.150818408 -0.164465010 0.202944994
v 0.126233578 -0.208178863 0.199473143
v 0.162578404 -0.158541948 0.207591504
v 0.127017722 -0.221771777 0.202569649
v 0.166535452 -0.166578472 0.209905371
v 0.135760486 -0.221298888 0.205559358
v 0.177305177 -0.162596583 0.211808637
v 0.137864172 -0.232725963 0.206238806
v 0.179498732 -0.173962325 0.211079672
v 0.148723766 -0.228682756 0.206733659
v 0.188504964 -0.173309669 0.209940106
v 0.152944282 -0.236539498 0.204918265
v 0.189708233 -0.186616585 0.206467912
v 0.165123403 -0.230330452 0.202996060
v 0.196132362 -0.190695450 0.202900559
v 0.172198296 -0.233266771 0.199348167
v 0.197778791 -0.218838811 0.191892102
v 0.120650508 -0.173333660 0.185291424
v 0.188329175 -0.211800858 0.198292375
v 0.119237855 -0.176163927 0.184276819
v 0.187728211 -0.213703096 0.195636109
v -0.003434874 0.002579108 0.005527191
v 0.166068256 -0.124693304 0.170253128
v 0.001922525 0.006137311 0.002763592
v 0.171425641 -0.121135101 0.167489529
v 0.005357407 0.003558204 -0.002763592
v 0.174860537 -0.123714209 0.161962360
v 0.003434889 -0.002579093 -0.005527191
v 0.172938019 -0.129851505 0.159198761
v -0.001922511 -0.006137293 -0.002763592
v 0.167580605 -0.133409709 0.161962360
v -0.005357392 -0.003558192 0.002763592
v 0.164145738 -0.130830601 0.167489529
v 0.203667775 -0.113633089 0.177588448
v 0.165932342 -0.163807005 0.177491143
v 0.211805224 -0.118688673 0.182612985
v 0.173105583 -0.170229375 0.182748526
v 0.228098586 -0.112920173 0.186739862
v 0.172121570 -0.187471122 0.186935931
v 0.231989607 -0.123679250 0.189505294
v 0.183545917 -0.188197210 0.189674973
v 0.246471375 -0.120344535 0.190666676
v 0.184386238 -0.203030378 0.190884143
v 0.247315183 -0.135184571 0.190253600
v 0.198871493 -0.199702531 0.190423280
v 0.258749723 -0.135930821 0.188236475
v 0.202772707 -0.210481778 0.188432544
v 0.257781923 -0.153204650 0.184857905
v 0.219082296 -0.204745352 0.184993461
v 0.264957696 -0.159648493 0.180522546
v 0.227259606 -0.209847748 0.180435762
v 0.261456311 -0.196219996 0.169230089
v 0.170148998 -0.126256779 0.165503770
v 0.250322849 -0.186166495 0.176796913
v 0.168666214 -0.128553286 0.163893998
v 0.248453811 -0.188713491 0.176507905
v 0.167651489 -0.172534660 0.178274915
v 0.120263889 -0.184450611 0.175054356
v 0.169708699 -0.179274350 0.183152497
v 0.121051602 -0.191530123 0.180045709
v 0.182060421 -0.183501989 0.187975287
v 0.111680463 -0.201229334 0.183481485
v 0.178910524 -0.191746682 0.190652996
v 0.118002236 -0.207088307 0.186763957
v 0.189178854 -0.196737051 0.192898899
v 0.111119136 -0.216398776 0.187914729
v 0.182406187 -0.206149578 0.192722723
v 0.121497892 -0.221491203 0.188833684
v 0.189051747 -0.212307796 0.192114726
v 0.118671782 -0.230035141 0.187620923
v 0.180195674 -0.222483054 0.189361662
v 0.131538570 -0.234738827 0.186254874
v 0.181645513 -0.230154306 0.186323345
v 0.134237826 -0.242073581 0.183453903
v 0.162192032 -0.251245916 0.177149326
v 0.142921939 -0.164356798 0.165275678
v 0.141661331 -0.165029824 0.163034812
v 0.161719456 -0.240134373 0.176796600
v 0.140007958 -0.164990917 0.165905192
v 0.158666953 -0.240948886 0.176508918
v 0.211482421 -0.064494573 0.173077092
v 0.213204011 -0.113423236 0.174050018
v 0.218774959 -0.063501805 0.176615447
v 0.220581502 -0.113729358 0.177754790
v 0.225733548 -0.051956996 0.179359838
v 0.228346616 -0.124608546 0.181007832
v 0.233304799 -0.056531791 0.181582168
v 0.235566199 -0.119405977 0.183008388
v 0.240419239 -0.047386512 0.182503194
v 0.243317440 -0.127965689 0.184331030
v 0.248209253 -0.055968069 0.182801306
v 0.250470638 -0.118842252 0.184227526
v 0.255542457 -0.050829545 0.181798100
v 0.258155525 -0.123481095 0.183446094
v 0.263488352 -0.061810628 0.180272847
v 0.265294880 -0.112038180 0.181412190
v 0.271069437 -0.062243618 0.177917674
v 0.272841364 -0.111168638 0.178893313
v 0.287122130 -0.086264297 0.172052607
v 0.197820231 -0.088567741 0.163837239
v 0.275611043 -0.085454263 0.176796585
v 0.197588012 -0.090962231 0.165905192
v 0.275768816 -0.088609628 0.176508918
v -0.004418306 0.000235586 0.005424302
v 0.154203713 -0.008222092 0.134995461
v -0.001886375 0.006171374 0.002712153
v 0.156735629 -0.002286305 0.132283300
v 0.002531931 0.005935791 -0.002712153
v 0.161153942 -0.002521887 0.126859009
v 0.004418306 -0.000235579 -0.005424306
v 0.163040310 -0.008693257 0.124146849
v 0.001886375 -0.006171367 -0.002712153
v 0.160508394 -0.014629046 0.126859009
v -0.002531931 -0.005935784 0.002712153
v 0.156090081 -0.014393463 0.132283300
v 0.179400176 0.022444732 0.135144860
v 0.176014706 -0.040036235 0.140236318
v 0.188946322 0.023038767 0.138328284
v 0.185526416 -0.041100617 0.143673196
v 0.199257135 0.037073582 0.139852300
v 0.194310427 -0.055700712 0.147583440
v 0.208478838 0.030477837 0.142249733
v 0.204197854 -0.049810991 0.148940414
v 0.218644127 0.041350756 0.142248094
v 0.213157639 -0.061546925 0.150822848
v 0.227612168 0.029533561 0.143160671
v 0.223331183 -0.050755266 0.149851367
v 0.237523794 0.035185035 0.141674206
v 0.232577085 -0.057589259 0.149405330
v 0.246346295 0.020205949 0.141061142
v 0.242926389 -0.043933436 0.146406054
v 0.255867898 0.018665243 0.138744488
v 0.252562672 -0.043817297 0.143844485
v 0.273402214 -0.014080104 0.135053411
v 0.158443779 -0.008448178 0.131058455
v 0.258405775 -0.012507605 0.142755806
v 0.158839017 -0.008469248 0.127760157
v 0.258527726 -0.014902093 0.140678421
v 0.184082389 -0.046995986 0.141667038
v 0.151301324 -0.083339363 0.143234342
v 0.190263331 -0.051438779 0.146650523
v 0.156638771 -0.088765293 0.148518711
v 0.203476340 -0.048041724 0.150350586
v 0.154840171 -0.102032587 0.153052822
v 0.205857068 -0.056634024 0.153198779
v 0.163766310 -0.103358850 0.155537352
v 0.217376783 -0.055041548 0.153917804
v 0.163433507 -0.114923812 0.156914905
v 0.216981888 -0.066634417 0.153620213
v 0.174891114 -0.113359243 0.155958802
v 0.225725964 -0.068042502 0.151193470
v 0.177089810 -0.122033358 0.153895706
v 0.223637775 -0.081439950 0.147914857
v 0.190013230 -0.118766457 0.149783045
v 0.228590563 -0.087012284 0.143263489
v 0.195824787 -0.123365387 0.144878566
v 0.222865492 -0.115297146 0.132108927
v 0.156618193 -0.054533977 0.130891412
v 0.214623645 -0.106649816 0.143029630
v 0.156530425 -0.055323608 0.127880052
v 0.154910922 -0.056606323 0.130120918
v 0.213620380 -0.108374104 0.140373364
v 0.158715352 0.066151775 0.143291190
v 0.187375009 0.026535828 0.140619695
v 0.164317593 0.070703410 0.148265392
v 0.193765640 0.030036043 0.145746037
v 0.163742393 0.083867013 0.152989596
v 0.206337452 0.025043780 0.149345458
v 0.172626853 0.084087491 0.155638158
v 0.209489509 0.033180628 0.152484462
v 0.173477173 0.095537409 0.157561690
v 0.220720142 0.030295469 0.153519928
v 0.184730843 0.092759624 0.157132968
v 0.221593499 0.041852761 0.153979272
v 0.187950373 0.101211280 0.155979201
v 0.230545431 0.042388044 0.152335078
v 0.200629577 0.096719816 0.152749822
v 0.230077624 0.056052446 0.150230467
v 0.207142487 0.100849420 0.149215251
v 0.235816091 0.061244410 0.146560937
v 0.233670309 0.090526327 0.138549939
v 0.160138234 0.039894614 0.129354149
v 0.223409519 0.085143842 0.142750427
v 0.161955148 0.037310023 0.129641831
v 0.225065768 0.083399028 0.140682474
v -0.003254451 -0.003204212 0.005304873
v 0.126133174 0.124186754 0.161628559
v -0.005880378 0.002717711 0.002652444
v 0.123507254 0.130108684 0.158976138
v -0.002625927 0.005921938 -0.002652414
v 0.126761705 0.133312911 0.153671265
v 0.003254440 0.003204241 -0.005304843
v 0.132642061 0.130595207 0.151018843
v 0.005880363 -0.002717681 -0.002652414
v 0.135268003 0.124673285 0.153671265
v 0.002625916 -0.005921908 0.002652444
v 0.132013544 0.121469058 0.158976138
v 0.120943412 0.163518697 0.166227847
v 0.164922953 0.118743129 0.167749107
v 0.127112165 0.170917347 0.170404822
v 0.172315195 0.125005841 0.172120318
v 0.123813890 0.187981457 0.173453540
v 0.189197749 0.121572837 0.175934911
v 0.135018572 0.190296650 0.175862357
v 0.191603124 0.132825226 0.178009778
v 0.133871049 0.205136821 0.176474780
v 0.206389487 0.131481797 0.179226920
v 0.148672312 0.203756720 0.176318035
v 0.205256879 0.146285295 0.178465471
v 0.151121363 0.214901596 0.174364910
v 0.216505215 0.148492977 0.176846281
v 0.168073356 0.211297542 0.171771884
v 0.213276401 0.165386051 0.173487380
v 0.175534129 0.217318282 0.167846769
v 0.219546720 0.172589406 0.169671416
v 0.211323231 0.208085492 0.159077168
v 0.128396228 0.128195316 0.157508358
v 0.201033279 0.196888819 0.169887796
v 0.130246863 0.126671001 0.155430973
v 0.200401634 0.198025301 0.166994125
v 0.174410865 0.119835876 0.165517271
v 0.179148257 0.071101084 0.166157886
v 0.181580067 0.121252686 0.169339091
v 0.186479419 0.071225613 0.170150131
v 0.187770993 0.133185938 0.172402278
v 0.194857657 0.060824379 0.173575416
v 0.195580155 0.129072130 0.174780503
v 0.201713100 0.066448912 0.175795764
v 0.202102154 0.138632774 0.175882891
v 0.209962115 0.058375228 0.177184045
v 0.210406259 0.130546793 0.176180035
v 0.216539204 0.067923576 0.177195296
v 0.217423216 0.136135280 0.175201342
v 0.224509895 0.063773721 0.176374465
v 0.226058394 0.125676706 0.173537672
v 0.230957776 0.075649634 0.174348712
v 0.233702689 0.125725210 0.170931980
v 0.238453284 0.076997682 0.171843469
v 0.251293302 0.102700338 0.164733455
v 0.162065461 0.094845667 0.157643974
v 0.239718437 0.101475388 0.170102775
v 0.162589461 0.094248459 0.154632613
v 0.239968851 0.103034019 0.167495549
v 0.162444890 0.092187583 0.156873494
v 0.240221098 0.099946789 0.167819411
v 0.073519535 0.178027064 0.166525304
v 0.122165881 0.172466367 0.167271107
v 0.073614456 0.185318112 0.170752436
v 0.123556957 0.179641679 0.171697780
v 0.063224122 0.193850711 0.174120978
v 0.135463357 0.185640037 0.175488383
v 0.068869077 0.200614661 0.176726058
v 0.131386429 0.193508968 0.177909434
v 0.060879808 0.208988413 0.177882954
v 0.141001686 0.199881807 0.179399565
v 0.070525065 0.215420097 0.178141579
v 0.133042410 0.208314404 0.179324955
v 0.066536091 0.223461568 0.176952019
v 0.138775319 0.215250909 0.178319439
v 0.078582406 0.229734421 0.174998999
v 0.128524914 0.224058002 0.175944343
v 0.080151930 0.237242088 0.171976447
v 0.128792390 0.231695876 0.173039719
v 0.106394954 0.249672383 0.164828643
v 0.095648013 0.160728291 0.157880694
v 0.105932631 0.238061547 0.169880688
v 0.096943043 0.161027104 0.155000135
v 0.104737692 0.238643378 0.167000145
v 0.000094831 -0.003973559 0.005762130
v -0.005283277 0.221378833 0.161253437
v -0.006013038 -0.002131417 0.002881072
v -0.011391145 0.223220974 0.158372372
v -0.006107868 0.001842134 -0.002881043
v -0.011485976 0.227194518 0.152610272
v -0.000094830 0.003973544 -0.005762100
v -0.005472937 0.229325935 0.149729207
v 0.006013039 0.002131402 -0.002881043
v 0.000634932 0.227483794 0.152610272
v 0.006107870 -0.001842149 0.002881072
v 0.000729762 0.223510236 0.158372372
v -0.036525495 0.243989646 0.167293504
v 0.026095880 0.245425388 0.163069099
v -0.037340533 0.253590047 0.171133012
v 0.026958564 0.255124539 0.166962266
v -0.051722612 0.262888759 0.175164565
v 0.041282702 0.265108347 0.169131786
v -0.045563519 0.272658527 0.176769048
v 0.034925237 0.274579406 0.171548158
v -0.057073601 0.281985343 0.178298712
v 0.046080314 0.284447104 0.171607643
v -0.045999598 0.291828990 0.177099466
v 0.034489159 0.293749869 0.171878576
v -0.052594762 0.301229656 0.175825387
v 0.040410552 0.303449243 0.169792622
v -0.038648754 0.311101407 0.172124267
v 0.025650343 0.312635899 0.167953506
v -0.038269941 0.320616663 0.168555111
v 0.024348605 0.322128147 0.164347649
v -0.008044441 0.340342313 0.157496095
v -0.007105951 0.225337312 0.155273333
v -0.009028897 0.325151563 0.168675989
v -0.004324534 0.225551069 0.154045478
v -0.007768653 0.325520605 0.165851980
v -0.004404076 0.225216419 0.156817615
v -0.006050962 0.325298488 0.168043599
v 0.031245742 0.254245758 0.163277477
v 0.069900259 0.224396229 0.166851193
v 0.035220817 0.260930449 0.166902065
v 0.074938886 0.230350047 0.170733824
v 0.030872613 0.273992300 0.168981969
v 0.088322744 0.229759336 0.174524412
v 0.039277270 0.277133673 0.171131864
v 0.088995814 0.238853514 0.175928414
v 0.036839388 0.288509786 0.170941561
v 0.100558385 0.239450157 0.177088782
v 0.048426252 0.288970411 0.170764461
v 0.098144799 0.250690252 0.175560996
v 0.049170572 0.297665775 0.168247148
v 0.106620699 0.253432781 0.173789591
v 0.062667757 0.296440631 0.165799826
v 0.102385834 0.265860230 0.169631585
v 0.067825384 0.301562607 0.161762714
v 0.106516950 0.271763414 0.165333286
v 0.096431293 0.297494143 0.153296053
v 0.088768482 0.288338959 0.168858573
v 0.041509666 0.226878196 0.153800219
v 0.089609668 0.288285136 0.165800244
v 0.041776758 0.226078734 0.156858578
v -0.081438445 0.220356166 0.167816564
v -0.044063602 0.251990557 0.168318883
v -0.087043151 0.225842550 0.172639787
v -0.048721842 0.258373886 0.173386961
v -0.100661322 0.224456847 0.176353768
v -0.045231536 0.271511734 0.177434534
v -0.101911902 0.233435452 0.178800821
v -0.053941797 0.274157763 0.179736137
v -0.113553211 0.233443037 0.179363221
v -0.052075014 0.285632491 0.180561915
v -0.111589991 0.244844139 0.178449512
v -0.063619889 0.285566419 0.179384828
v -0.120017506 0.247274220 0.175651178
v -0.064587727 0.294329107 0.176731944
v -0.116077431 0.260068595 0.171585903
v -0.077756122 0.292599916 0.172333091
v -0.120124370 0.265972733 0.166133553
v -0.082819909 0.297678441 0.167074487
v -0.110335954 0.292678833 0.153405279
v -0.052780923 0.224218979 0.153800219
v -0.103681356 0.282826871 0.168265671
v -0.051943265 0.224312887 0.156858578
v -0.101762153 0.284779489 0.166663185
v 0.002069224 -0.003571473 0.005653583
v -0.113440469 0.195799142 0.173877090
v -0.004210789 -0.004824772 0.002826802
v -0.119720474 0.194545850 0.171050310
v -0.006280005 -0.001253285 -0.002826773
v -0.121789694 0.198117346 0.165396750
v -0.002069209 0.003571488 -0.005653553
v -0.117578894 0.202942103 0.162569970
v 0.004210804 0.004824787 -0.002826773
v -0.111298889 0.204195410 0.165396750
v 0.006280020 0.001253299 0.002826802
v -0.109229669 0.200623930 0.171050310
v -0.152137026 0.201156989 0.180527270
v -0.097864553 0.232524604 0.177068815
v -0.157605112 0.209352642 0.184590340
v -0.101911537 0.241619915 0.181247681
v -0.174808934 0.210718691 0.188550323
v -0.094251066 0.257391632 0.183715329
v -0.174176902 0.222323358 0.190143898
v -0.104460433 0.262715101 0.185959592
v -0.188800409 0.224983513 0.191207677
v -0.099452190 0.276749313 0.185845107
v -0.183811799 0.238896728 0.189597979
v -0.114095330 0.279288471 0.185413688
v -0.194078714 0.243865415 0.187458500
v -0.113520853 0.290538341 0.182623520
v -0.186509803 0.259072721 0.182952613
v -0.130816236 0.291339993 0.179609954
v -0.190661669 0.267411828 0.178092092
v -0.136404499 0.298840851 0.175008699
v -0.173243493 0.298806071 0.164964482
v -0.116528936 0.198903918 0.167330801
v -0.166874960 0.285172492 0.180294499
v -0.114340648 0.199883640 0.169408172
v -0.164158970 0.286786139 0.180005506
v -0.095873311 0.240580723 0.179998130
v -0.047714200 0.233029395 0.175350666
v -0.095057443 0.247676164 0.183931649
v -0.045597546 0.239953637 0.179300189
v -0.104681432 0.256476045 0.188295424
v -0.033140268 0.245305806 0.181596249
v -0.098518647 0.262888879 0.190302774
v -0.036605410 0.253221929 0.184505165
v -0.105962664 0.271513164 0.192604855
v -0.026615024 0.259124041 0.185174674
v -0.096050590 0.277517438 0.192267716
v -0.034137350 0.267850488 0.186470106
v -0.099745318 0.285733163 0.192225292
v -0.028204154 0.274562925 0.185526118
v -0.087653264 0.291561842 0.189826444
v -0.038193371 0.283839315 0.185194984
v -0.086009510 0.299060285 0.187804461
v -0.037841406 0.291564703 0.183178499
v -0.060077686 0.310683131 0.180028528
v -0.064013198 0.300065964 0.180997849
v -0.075123176 0.223239481 0.166532412
v -0.074504778 0.222666711 0.169590756
v -0.061281044 0.299888879 0.179395363
v -0.178163782 0.157199338 0.179300964
v -0.160668522 0.202844158 0.182200521
v -0.185087979 0.158812031 0.184314847
v -0.167147323 0.205666155 0.187507421
v -0.195837542 0.150642619 0.187903047
v -0.169887304 0.218414679 0.192520931
v -0.200911447 0.157604873 0.191288665
v -0.178453565 0.216256261 0.195285067
v -0.210977510 0.151874200 0.192433462
v -0.182195619 0.227041438 0.197555244
v -0.214806527 0.162789136 0.193287998
v -0.192348629 0.221440509 0.197284400
v -0.223627687 0.161011130 0.191901714
v -0.197677463 0.228783190 0.196519583
v -0.226773202 0.174364805 0.190312833
v -0.208832547 0.221218929 0.193505406
v -0.233751357 0.177961394 0.187051877
v -0.216264293 0.223581985 0.190331385
v -0.239481553 0.206951603 0.180231571
v -0.155602053 0.177114293 0.168681040
v -0.156877577 0.174219623 0.167666435
v -0.228807136 0.203619361 0.181704059
v -0.229278862 0.203799993 0.178420722
v 0.004272260 -0.001253366 0.005401582
v -0.214134008 0.062820785 0.193012536
v 0.000429586 -0.006443709 0.002700791
v -0.217976689 0.057630442 0.190311745
v -0.003842667 -0.005190350 -0.002700776
v -0.222248942 0.058883801 0.184910178
v -0.004272245 0.001253344 -0.005401567
v -0.222678512 0.065327495 0.182209387
v -0.000429571 0.006443685 -0.002700776
v -0.218835846 0.070517838 0.184910178
v 0.003842682 0.005190330 0.002700791
v -0.214563593 0.069264479 0.190311745
v -0.246459559 0.039468635 0.194764420
v -0.228721425 0.099684812 0.195594981
v -0.256155342 0.041399572 0.197561115
v -0.238013685 0.103238136 0.198559180
v -0.269642025 0.030329257 0.199507311
v -0.243401065 0.119775541 0.200950965
v -0.277219266 0.039070308 0.200763419
v -0.254509777 0.116479002 0.202012792
v -0.289654732 0.030881047 0.200619921
v -0.260550410 0.130087569 0.202221110
v -0.295586765 0.044476576 0.199661955
v -0.272877276 0.121885270 0.200911328
v -0.306376994 0.041141797 0.197304398
v -0.280136049 0.130588084 0.198748052
v -0.311257809 0.057618380 0.194256738
v -0.293116152 0.119456947 0.195254818
v -0.319867939 0.061078917 0.190308794
v -0.302206039 0.121315174 0.191146672
v -0.328599602 0.096457660 0.181023210
v -0.218654498 0.062896416 0.188388795
v -0.314309388 0.091819309 0.200984418
v -0.218072250 0.065567285 0.186779022
v -0.314466268 0.092594177 0.197912127
v -0.234719619 0.108047508 0.198296502
v -0.194452703 0.135859981 0.200013906
v -0.239860028 0.114024498 0.202659369
v -0.198555842 0.142612815 0.204669580
v -0.253617764 0.113950707 0.205739960
v -0.193873405 0.155302212 0.208647639
v -0.254027784 0.122984201 0.208064631
v -0.202323750 0.158770666 0.210581005
v -0.265617847 0.124133147 0.208277494
v -0.199354246 0.169996873 0.211502463
v -0.262524217 0.135293737 0.207581997
v -0.210820183 0.171080202 0.210098371
v -0.270610660 0.138569772 0.204774693
v -0.210866287 0.179921284 0.207682371
v -0.265349358 0.150953099 0.201211467
v -0.224045157 0.179541409 0.203221679
v -0.268682480 0.157280684 0.196082309
v -0.228471100 0.185140625 0.198237777
v -0.256066233 0.183020070 0.184736565
v -0.204747960 0.109213464 0.188978180
v -0.205590799 0.109202325 0.185919836
v -0.250737280 0.172485888 0.199681625
v -0.248164967 0.174320117 0.199393943
v -0.236564234 -0.009483787 0.199407130
v -0.255350649 0.035732605 0.198718935
v -0.243422702 -0.012999229 0.203821719
v -0.262750387 0.033407524 0.203349203
v -0.246179104 -0.026266675 0.207515478
v -0.274135590 0.040858287 0.206832021
v -0.255070359 -0.024646513 0.209723040
v -0.279264480 0.033444844 0.209131569
v -0.258606255 -0.035709191 0.210571140
v -0.289613277 0.038740344 0.209813103
v -0.268884927 -0.030400176 0.209711432
v -0.293079048 0.027691178 0.209119961
v -0.273808241 -0.037774004 0.207492277
v -0.301764727 0.029350959 0.206808835
v -0.284866393 -0.030260224 0.203786910
v -0.304194063 0.016146529 0.203314409
v -0.291838944 -0.032503884 0.199300408
v -0.310636550 0.012706451 0.198630840
v -0.314447433 -0.015584014 0.187554374
v -0.231003642 0.017367115 0.187393948
v -0.303303659 -0.011278604 0.200978190
v -0.232177332 0.020300316 0.187681615
v -0.304006875 -0.010813884 0.197919831
v 0.004540078 0.002696097 0.004595533
v -0.144422501 -0.085763544 0.203658313
v 0.005365349 -0.003864333 0.002297774
v -0.143597245 -0.092323974 0.201360554
v 0.000825264 -0.006560408 -0.002297744
v -0.148137331 -0.095020048 0.196765035
v -0.004540093 -0.002696052 -0.004595503
v -0.153502673 -0.091155693 0.194467276
v -0.005365364 0.003864378 -0.002297744
v -0.154327959 -0.084595263 0.196765035
v -0.000825278 0.006560452 0.002297774
v -0.149787873 -0.081899188 0.201360554
v -0.149597242 -0.125202909 0.208606422
v -0.181598678 -0.071200497 0.207625747
v -0.157438621 -0.130773261 0.212174580
v -0.190344766 -0.075360514 0.211315900
v -0.158381537 -0.148019344 0.215290397
v -0.205978572 -0.067867681 0.214048356
v -0.169856265 -0.147508383 0.217129171
v -0.211047739 -0.078143440 0.216054276
v -0.172310278 -0.162163615 0.218085513
v -0.225101024 -0.073265918 0.216707930
v -0.186344624 -0.157292753 0.217582405
v -0.227536112 -0.087927818 0.216507509
v -0.191358268 -0.167588085 0.216196865
v -0.238955289 -0.087436430 0.214954808
v -0.206903711 -0.160126388 0.213534266
v -0.239809871 -0.104713656 0.212675571
v -0.215500221 -0.164308548 0.210365400
v -0.247567952 -0.110347718 0.209397897
v -0.247844934 -0.147192627 0.201802462
v -0.148422003 -0.089002363 0.200626880
v -0.235162616 -0.138784602 0.212626860
v -0.149360359 -0.088102296 0.197733194
v -0.234195247 -0.140900254 0.210556194
v -0.235634178 -0.138697922 0.209616914
v -0.191057071 -0.070142075 0.212373585
v -0.184000090 -0.021685969 0.212043434
v -0.198472723 -0.069714002 0.217540592
v -0.191252246 -0.019962354 0.217456505
v -0.207414672 -0.079748690 0.221849829
v -0.196970627 -0.007785510 0.221728206
v -0.214064747 -0.073834360 0.224706471
v -0.205026239 -0.011555910 0.224601209
v -0.222715482 -0.081530035 0.225996017
v -0.211131796 -0.001714341 0.225861132
v -0.228847221 -0.071687445 0.225609750
v -0.219808728 -0.009408996 0.225504503
v -0.236979634 -0.075454861 0.223656386
v -0.226535589 -0.003491685 0.223534763
v -0.242820174 -0.063273259 0.220250443
v -0.235599697 -0.013521612 0.220166355
v -0.250202835 -0.061550546 0.215899453
v -0.243164554 -0.013092931 0.215616226
v -0.261601031 -0.035243008 0.204491913
v -0.172830164 -0.048817400 0.200619772
v -0.250154525 -0.038126774 0.212242067
v -0.173088774 -0.047513731 0.197739214
v -0.250126868 -0.035721205 0.210174099
v -0.106642716 -0.150837660 0.207029074
v -0.152517453 -0.133800611 0.208804160
v -0.108384468 -0.157812923 0.210655227
v -0.155488759 -0.140355378 0.212601766
v -0.100264005 -0.168521807 0.213372767
v -0.168397918 -0.143270388 0.216188326
v -0.107297145 -0.173691720 0.215917557
v -0.166261673 -0.151838601 0.218354210
v -0.101503886 -0.183701336 0.217041224
v -0.177072465 -0.155694515 0.220164016
v -0.112377152 -0.187623203 0.217931092
v -0.171341673 -0.165770084 0.220367730
v -0.110424012 -0.196384773 0.217399806
v -0.178557932 -0.171133354 0.220215380
v -0.123624481 -0.199607372 0.216695800
v -0.170728773 -0.182149827 0.218642339
v -0.126967698 -0.206546187 0.214932129
v -0.172833756 -0.189512789 0.216910169
v -0.155471385 -0.212425053 0.211157441
v -0.123356245 -0.129502922 0.198845774
v -0.150818244 -0.202280581 0.212242037
v -0.126302987 -0.128363624 0.199133456
v -0.153164774 -0.201750219 0.210174084
v 0.249346063 0.044782124 0.082259133
v -0.001281455 0.004609210 0.037713498
v -0.000402525 0.004767062 0.032286480
v 0.249262720 0.050297841 0.076832116
v 0.000878915 0.000157859 0.029572967
v 0.251103938 0.045097832 0.071405083
v 0.001281433 -0.004609199 0.032286480
v 0.251506448 0.040330775 0.074118599
v -0.000272251 -0.002814230 0.039651722
v 0.250627518 0.040172920 0.079545617
v 0.250224978 0.044939984 -0.022119123
v 0.255650252 0.054336801 -0.016035587
v 0.242459208 0.052705757 -0.016049106
v 0.240953043 0.039178856 -0.016041707
v 0.251682281 0.033870582 -0.015583683
v 0.260833234 0.042097516 -0.016049119
v 0.267634332 0.049604837 -0.009024305
v 0.263473183 0.059444349 -0.006332085
v 0.253869563 0.063664511 -0.007233522
v 0.244056806 0.063172445 -0.007308938
v 0.236176312 0.058117516 -0.006626633
v 0.232100457 0.049342819 -0.008248692
v 0.232207999 0.038807269 -0.007301675
v 0.235546663 0.031830065 -0.006389264
v 0.241821453 0.027838599 -0.007245049
v 0.251482338 0.025889505 -0.007205777
v 0.266592383 0.035996202 -0.008248714
v 0.273149401 0.047958009 -0.001326052
v 0.241736501 0.066098116 -0.001607290
v 0.228756040 0.054019533 -0.001050306
v 0.260942042 0.027212463 -0.004862289
v 0.275864005 0.031553973 0.005880955
v 0.279536784 0.041081067 0.006077762
v 0.277874023 0.055635192 0.006078874
v 0.271105886 0.065586299 0.006411884
v 0.261347651 0.072156265 0.006121829
v 0.246025324 0.074158169 0.006394719
v 0.234853044 0.069955595 0.006544661
v 0.226595014 0.062630780 0.006394731
v 0.220805243 0.048724338 0.006403286
v 0.223115236 0.033560105 0.006121841
v 0.229806110 0.023673477 0.006857925
v 0.239254296 0.017462363 0.005904712
v 0.254083991 0.015628193 0.006077784
v 0.268012792 0.021529855 0.006121836
v 0.281922996 0.049876861 0.012713428
v 0.281086415 0.062388629 0.019873366
v 0.215741813 0.054179724 0.020253710
v 0.232844070 0.013817009 0.020286506
v 0.245288059 0.013241976 0.012713431
v 0.259446472 0.010525005 0.020385982
v 0.284504741 0.035754792 0.020083573
v 0.286094666 0.048977591 0.020093903
v 0.272104830 0.073454343 0.019686593
v 0.253579617 0.080708757 0.019808866
v 0.236187682 0.078114070 0.020015949
v 0.221170709 0.066363193 0.020096745
v 0.214441553 0.040637456 0.019773392
v 0.221709952 0.022930173 0.019997843
v 0.244764119 0.009438755 0.019643966
v 0.271935940 0.016196297 0.020015925
v 0.281306177 0.027266026 0.020078119
v 0.288057268 0.055038758 0.034841251
v 0.284062833 0.064627059 0.034962669
v 0.260441542 0.083340846 0.038711481
v 0.222543448 0.073138162 0.037106786
v 0.212392688 0.034841239 0.034841292
v 0.250065655 0.005785590 0.034988470
v 0.288055331 0.034803376 0.034874283
v 0.289740115 0.044509124 0.037233662
v 0.278347820 0.072742447 0.038140565
v 0.269947976 0.079101212 0.036652062
v 0.250266224 0.084127225 0.034547959
v 0.240082860 0.082798474 0.034567345
v 0.231041059 0.079461075 0.037639823
v 0.216308460 0.064569324 0.034547966
v 0.212381959 0.055116858 0.034539536
v 0.210794702 0.044770624 0.036960471
v 0.215866596 0.025059370 0.039733887
v 0.222422510 0.016817164 0.038140561
v 0.230656475 0.010707696 0.036960505
v 0.240424991 0.006476349 0.039754774
v 0.260467380 0.006714877 0.037724938
v 0.270086795 0.010877036 0.036960516
v 0.277940363 0.017227402 0.034567408
v 0.284309655 0.024981726 0.037564527
v 0.285795420 0.054967687 0.062467918
v 0.281905681 0.064063311 0.062188298
v 0.249504060 0.081937931 0.062188305
v 0.240679488 0.080564253 0.062270645
v 0.217823371 0.062814638 0.062188279
v 0.214307249 0.054065380 0.061855480
v 0.214556620 0.034883898 0.061855469
v 0.250224978 0.008161674 0.062849596
v 0.276303798 0.018861227 0.062270634
v 0.285735309 0.035192356 0.062596381
v 0.286454678 0.044806544 0.063920394
v 0.275865197 0.070580177 0.063709460
v 0.268511325 0.076236933 0.063887343
v 0.232225731 0.076382503 0.063920461
v 0.224591300 0.070476718 0.064122573
v 0.214019567 0.044940006 0.064082980
v 0.224477157 0.019489022 0.063966155
v 0.231938645 0.013643019 0.063887313
v 0.259797782 0.010024889 0.063966148
v 0.268511325 0.013643037 0.063887335
v 0.281534076 0.026709612 0.063920438
v 0.259543180 0.079715982 0.064437702
v 0.218966708 0.027071057 0.064320341
v 0.240478963 0.010307014 0.064363547
v 0.277911305 0.052358516 0.076859094
v 0.270178825 0.064893834 0.076832101
v 0.257643491 0.072626293 0.076859094
v 0.239310175 0.071290702 0.076835945
v 0.224814415 0.058498420 0.076857001
v 0.222669721 0.036559302 0.076857001
v 0.233455539 0.021985695 0.076840021
v 0.246524766 0.016833955 0.076842844
v 0.264704645 0.019860443 0.076854028
v 0.276737392 0.034682903 0.076840021
v 0.250224978 0.044939984 0.078316376
v 0.261235505 0.050084747 0.079164870
v 0.264778316 0.063078128 0.074832104
v 0.264507383 0.057642289 0.078286864
v 0.264507383 0.057642318 0.071377352
v 0.268645704 0.044939984 0.074832104
v 0.266790420 0.038414057 0.078177266
v 0.267153382 0.031637415 0.074832104
v 0.266790450 0.038414147 0.071486942
v 0.262593865 0.032237668 0.078286864
v 0.262322932 0.026801838 0.074832104
v 0.262593865 0.032237642 0.071377352
v 0.258455515 0.044939984 0.074832104
v 0.261235476 0.050084744 0.070499346
v 0.259947836 0.058242552 0.074832104
v 0.258520305 0.053821802 0.079164863
v 0.237471804 0.064386025 0.074832104
v 0.249137595 0.062711239 0.078177273
v 0.255917311 0.062459152 0.074832104
v 0.250165343 0.061405051 0.070499346
v 0.268107653 0.056929152 0.074832104
v 0.266719133 0.054598115 0.078286856
v 0.271213859 0.050840832 0.074832112
v 0.266719103 0.054598119 0.071377352
v 0.252768338 0.052767698 0.074832104
v 0.259548098 0.052515611 0.071486935
v 0.241966560 0.060628731 0.078286856
v 0.240578011 0.058297697 0.074832104
v 0.241966560 0.060628731 0.071377352
v 0.236953646 0.046405509 0.079251699
v 0.231204033 0.043058567 0.078286856
v 0.231204048 0.043058578 0.071377352
v 0.227789745 0.038820144 0.074832104
v 0.240659058 0.059956428 0.078177273
v 0.235322282 0.055767424 0.074832104
v 0.244348645 0.065652266 0.074832104
v 0.240595311 0.058295574 0.070499346
v 0.250122905 0.067470446 0.075869150
v 0.247684568 0.062486615 0.071377352
v 0.245901138 0.056147810 0.078177273
v 0.250178069 0.061416946 0.074832104
v 0.243566319 0.049777776 0.074832104
v 0.238229573 0.045588776 0.071486942
v 0.234539956 0.039892934 0.074832104
v 0.238293305 0.042630326 0.079164863
v 0.251098871 0.023154916 0.074832104
v 0.244348645 0.024227703 0.074832104
v 0.240659043 0.029923564 0.078177273
v 0.235322282 0.034112543 0.074832104
v 0.240659028 0.029923573 0.071486935
v 0.231204033 0.046821397 0.078286856
v 0.227789745 0.051059820 0.074832104
v 0.231204033 0.046821393 0.071377352
v 0.234539956 0.049987029 0.074832104
v 0.238293305 0.042630333 0.070499346
v 0.243566319 0.040102191 0.074832104
v 0.247684568 0.027393335 0.078286856
v 0.247684568 0.027393350 0.071377352
v 0.248585388 0.028579436 0.079251699
v 0.271621197 0.037880626 0.075869150
v 0.268107653 0.032950819 0.074832104
v 0.266719103 0.035281852 0.071377352
v 0.261550426 0.031201908 0.078177273
v 0.255917311 0.027420815 0.074832104
v 0.242804646 0.024729375 0.074832104
v 0.250165343 0.028474916 0.070499346
v 0.241966560 0.029251238 0.078286856
v 0.236713052 0.027829148 0.074832104
v 0.241966575 0.029251240 0.071377352
v 0.259548098 0.037364364 0.078177273
v 0.252768338 0.037112270 0.074832104
v 0.259548098 0.037364364 0.071486935
v 0.265881002 0.039803710 0.074832104
v 0.282940865 0.048288997 0.017527990
v 0.284140259 0.049548395 0.013451274
v 0.284591109 0.046756648 0.015542223
v 0.283773392 0.048070431 0.009669673
v 0.281374425 0.045933928 0.016017182
v 0.280516356 0.046478119 0.010790346
v 0.280115336 0.048634924 0.015542233
v 0.281415880 0.048026413 0.009336194
v 0.277305990 0.063427016 0.040678576
v 0.278946996 0.065205678 0.033849508
v 0.280616909 0.064342014 0.038336698
v 0.279162675 0.063096397 0.032315537
v 0.279881686 0.061703742 0.038282588
v 0.276169330 0.062200520 0.033961024
v 0.275987417 0.064366162 0.034339666
v 0.269879699 0.072904937 0.027762942
v 0.268570334 0.075276807 0.026267340
v 0.271683633 0.074413151 0.025592308
v 0.270337760 0.074558437 0.020367486
v 0.271683633 0.072583161 0.021780135
v 0.267426312 0.071786091 0.025278499
v 0.268704385 0.072904937 0.019609520
v 0.266900450 0.074413143 0.021780152
v 0.254949450 0.078639992 0.040614218
v 0.256124735 0.078639992 0.032460798
v 0.257402837 0.079758845 0.038129773
v 0.256582826 0.076986484 0.039856248
v 0.257928699 0.077131778 0.034631431
v 0.254815400 0.076268122 0.033956390
v 0.253145486 0.077131785 0.038443595
v 0.253145486 0.078961775 0.034631431
v 0.241695970 0.073399119 0.013025477
v 0.240386635 0.075770989 0.011529880
v 0.243499905 0.074907325 0.010854854
v 0.241695970 0.074585542 0.004872056
v 0.243499905 0.073077336 0.007042674
v 0.238716722 0.073077336 0.010854845
v 0.240386635 0.072213672 0.006367647
v 0.238716722 0.074907325 0.007042688
v 0.232744440 0.069435008 0.010700032
v 0.234053776 0.070620455 0.004042204
v 0.235723689 0.069756798 0.008529398
v 0.235723689 0.067926794 0.004717242
v 0.234053776 0.067063130 0.009204434
v 0.232744440 0.068248585 0.002546609
v 0.230940491 0.067926794 0.008529402
v 0.230940491 0.069756791 0.004717237
v 0.221476838 0.054276668 0.048544351
v 0.218901172 0.055999942 0.046148364
v 0.222613513 0.055503171 0.041826788
v 0.222795412 0.053337526 0.042205434
v 0.218165934 0.053361669 0.046202470
v 0.219835833 0.052498005 0.041715287
v 0.219620183 0.054607294 0.040181309
v 0.218358219 0.043526400 0.043664321
v 0.215782553 0.045249674 0.041268334
v 0.219494894 0.044752907 0.036946759
v 0.219676778 0.042587250 0.037325397
v 0.216717228 0.041747738 0.036835242
v 0.215047315 0.042611405 0.041322447
v 0.216501564 0.043857023 0.035301272
v 0.223977581 0.031654663 0.012526505
v 0.225176975 0.032914057 0.008449793
v 0.224810079 0.031436097 0.004668185
v 0.225627810 0.030122316 0.010540743
v 0.222411126 0.029299594 0.011015696
v 0.221553072 0.029843783 0.005788853
v 0.221152052 0.032000590 0.010540751
v 0.222452566 0.031392075 0.004334707
v 0.228564546 0.018492328 0.035727721
v 0.229873881 0.019677782 0.029069899
v 0.231543794 0.018814120 0.033557091
v 0.231543794 0.016984116 0.029744929
v 0.229873896 0.016120458 0.034232117
v 0.228564546 0.017305909 0.027574293
v 0.226760596 0.016984120 0.033557095
v 0.226760596 0.018814119 0.029744923
v 0.236833766 0.013007094 0.035900924
v 0.240144670 0.013922092 0.033559050
v 0.238474771 0.014785755 0.029071854
v 0.238690421 0.012676472 0.027537879
v 0.239409432 0.011283819 0.033504937
v 0.235697091 0.011780589 0.029183371
v 0.235515192 0.013946239 0.029562015
v 0.254967004 0.014375845 0.015754374
v 0.256142288 0.014375851 0.007600950
v 0.257420391 0.015494702 0.013269933
v 0.257946223 0.012867626 0.009771579
v 0.256276369 0.012003975 0.014258766
v 0.254508913 0.012722345 0.008358916
v 0.253163069 0.012867637 0.013583743
v 0.253163069 0.014697634 0.009771573
v 0.266919374 0.018901289 0.012328313
v 0.265610009 0.021273157 0.010832706
v 0.268723309 0.020409500 0.010157679
v 0.266919374 0.020087704 0.004174888
v 0.268723309 0.018579504 0.006345505
v 0.263940126 0.018579492 0.010157680
v 0.265610009 0.017715834 0.005670495
v 0.263940126 0.020409497 0.006345520
v 0.281162411 0.031606000 0.019649897
v 0.278586745 0.033329275 0.017253911
v 0.282299101 0.032832503 0.012932344
v 0.282480985 0.030666862 0.013310995
v 0.279521406 0.029827340 0.012820828
v 0.277851492 0.030691011 0.017308027
v 0.279305756 0.031936627 0.011286852
v 0.001493022 -0.000542231 0.040265653
v -0.177788630 0.064567745 0.097803362
v -0.001858194 -0.005116622 0.035000019
v -0.180161059 0.060361817 0.095170543
v -0.181654066 0.060904037 0.089904904
v -0.001492992 0.000542209 0.029734381
v 0.000879444 0.004748134 0.032367200
v -0.179632261 0.068133034 0.088024326
v 0.002372451 0.004205916 0.037632838
v -0.176909208 0.069315895 0.095170543
v -0.179281622 0.065109953 -0.011182606
v -0.171431825 0.072959751 -0.004812732
v -0.183952600 0.075505435 -0.004282741
v -0.190465510 0.066582352 -0.004330436
v -0.186300129 0.055963296 -0.004223840
v -0.174964800 0.054688230 -0.004330432
v -0.168227702 0.061843548 -0.003988215
v -0.161103964 0.060886711 0.003092336
v -0.163470894 0.074551307 0.002847180
v -0.172896832 0.083880566 0.005145433
v -0.190643057 0.079916477 0.003478318
v -0.197115302 0.075955555 0.006824506
v -0.196642771 0.055558395 0.005143739
v -0.191654742 0.049640615 0.005287146
v -0.182045355 0.045811135 0.004923621
v -0.172022447 0.047307450 0.004438182
v -0.156249776 0.062077735 0.010626198
v -0.157700911 0.074048959 0.010612803
v -0.165538907 0.083923243 0.010632318
v -0.182730868 0.084240384 0.004577458
v -0.198651180 0.065822832 0.004515023
v -0.164412588 0.050805215 0.006471402
v -0.149733096 0.068111375 0.018292617
v -0.153512597 0.079793692 0.018710691
v -0.161077082 0.088702269 0.018672014
v -0.172204077 0.093785763 0.018567618
v -0.183017418 0.094826311 0.018339390
v -0.194256380 0.090710960 0.018710682
v -0.203047961 0.083085373 0.018703768
v -0.208034649 0.072814330 0.018994842
v -0.208952323 0.061027259 0.018339409
v -0.202874035 0.047006838 0.018021097
v -0.194165275 0.039330717 0.018994804
v -0.183890522 0.035517965 0.018374460
v -0.171577573 0.036358051 0.018451780
v -0.160494208 0.041786987 0.018374456
v -0.151687980 0.053680331 0.018373303
v -0.144411892 0.073843561 0.033086594
v -0.179026306 0.101018332 0.032876931
v -0.188596383 0.099873140 0.033357788
v -0.215249792 0.065038934 0.033321723
v -0.214090794 0.055782843 0.033134118
v -0.210395470 0.047064390 0.033321690
v -0.204830289 0.040017061 0.032820322
v -0.188903272 0.030427860 0.033235278
v -0.180215254 0.029363409 0.032680832
v -0.169947997 0.030276330 0.033224095
v -0.160833701 0.034185637 0.033255935
v -0.153176934 0.045079123 0.026406325
v -0.144636363 0.055294435 0.033255938
v -0.143114343 0.065109968 0.033102497
v -0.150149614 0.086950041 0.032727752
v -0.165453702 0.098769419 0.032961145
v -0.201212853 0.094148107 0.032979943
v -0.212761700 0.079418965 0.032727756
v -0.197365254 0.033788167 0.033102475
v -0.151108369 0.042320076 0.032389909
v -0.141064078 0.075350314 0.048556827
v -0.150794506 0.093075253 0.050896544
v -0.178823173 0.105018958 0.050971851
v -0.217481747 0.075384378 0.048522182
v -0.217501104 0.054907765 0.048522156
v -0.207153320 0.037051450 0.048649013
v -0.179491088 0.025565673 0.048625842
v -0.144844592 0.045095477 0.050473638
v -0.139361426 0.064674564 0.051028300
v -0.144570574 0.085194588 0.053645488
v -0.159454286 0.099375717 0.048203200
v -0.168717891 0.103589274 0.051374212
v -0.189493209 0.103358947 0.048206773
v -0.199366242 0.099821016 0.053645507
v -0.207692951 0.093197443 0.051977411
v -0.214030936 0.085128307 0.053645507
v -0.219232321 0.064881049 0.051977370
v -0.213960320 0.045370687 0.051374216
v -0.199107066 0.030843154 0.048206773
v -0.189845338 0.026630633 0.051374231
v -0.169070035 0.026860969 0.048206765
v -0.159542337 0.030431274 0.051374227
v -0.150870308 0.037022460 0.051977430
v -0.141036645 0.054860212 0.048235919
v -0.143292964 0.074516021 0.077630140
v -0.160985768 0.097769193 0.076855600
v -0.189438045 0.101140656 0.076855607
v -0.215463072 0.074305326 0.077496767
v -0.215318337 0.055198614 0.077228226
v -0.205335751 0.038373560 0.077496730
v -0.197577491 0.032450709 0.076855600
v -0.178799197 0.027781418 0.077496737
v -0.168905199 0.029198691 0.077204056
v -0.143396094 0.055494439 0.077895209
v -0.142630488 0.065172203 0.078748532
v -0.153599024 0.091175161 0.079020008
v -0.169677392 0.100425795 0.079011098
v -0.179350942 0.101660840 0.079223223
v -0.204990000 0.091120966 0.079059333
v -0.215911284 0.065109953 0.078789860
v -0.211044922 0.046929128 0.079011127
v -0.188885882 0.029794114 0.079011090
v -0.160902157 0.033400238 0.078748509
v -0.153454244 0.039282579 0.079269722
v -0.147523910 0.046774674 0.078711063
v -0.147938251 0.083390385 0.079704955
v -0.197330505 0.096684359 0.079434700
v -0.210699618 0.083429731 0.079434730
v -0.150728405 0.062033031 0.092545733
v -0.154204205 0.079588465 0.092565157
v -0.165027693 0.089798480 0.092537746
v -0.180254668 0.094190747 0.092562728
v -0.197296053 0.087475888 0.092545733
v -0.205740497 0.076069631 0.092548743
v -0.207849130 0.061349005 0.092541389
v -0.202002391 0.047675699 0.092548743
v -0.190308288 0.038489293 0.092541389
v -0.170815066 0.037271913 0.092562728
v -0.156092286 0.048168629 0.092545733
v -0.179281622 0.065109953 0.094093546
v -0.167569473 0.071803406 0.094957165
v -0.164850459 0.077938817 0.093994536
v -0.164850459 0.077938825 0.087080948
v -0.164574757 0.083431229 0.090537734
v -0.162546992 0.058524750 0.093884245
v -0.160672337 0.065109953 0.090537734
v -0.162179932 0.051671222 0.090537734
v -0.162546992 0.058524754 0.087191232
v -0.165819585 0.051671222 0.093719713
v -0.165819585 0.046752345 0.089507252
v -0.169092193 0.058524761 0.093884237
v -0.169459239 0.051671222 0.090537734
v -0.169092193 0.058524765 0.087191239
v -0.170966834 0.065109953 0.090537734
v -0.169459239 0.078548685 0.090537734
v -0.167569473 0.071803398 0.086118311
v -0.179340824 0.081749581 0.094870269
v -0.192161515 0.084758632 0.090537734
v -0.187023133 0.082799166 0.087080941
v -0.173531026 0.082808450 0.090537734
v -0.161215916 0.077221841 0.090537734
v -0.169453204 0.078536905 0.086205207
v -0.162621170 0.074870482 0.093994536
v -0.158081740 0.071067616 0.090537734
v -0.163220122 0.073027082 0.087080941
v -0.169870004 0.072765753 0.093884245
v -0.176712215 0.073017791 0.090537734
v -0.187622085 0.080955759 0.093994536
v -0.189027324 0.078604400 0.090537734
v -0.182395831 0.076835640 0.087191232
v -0.195125118 0.070195608 0.094870269
v -0.196929216 0.062074330 0.093994536
v -0.198497310 0.063213609 0.087080941
v -0.201948732 0.058932211 0.090537734
v -0.194336861 0.076048225 0.090537734
v -0.188949570 0.080273874 0.087191239
v -0.183416069 0.083971158 0.093994536
v -0.185218096 0.086034246 0.090537734
v -0.181847975 0.082831882 0.087080941
v -0.178396568 0.087113284 0.090537742
v -0.183654368 0.076426700 0.093884245
v -0.186008424 0.069997266 0.090537734
v -0.195127189 0.060011245 0.090537734
v -0.191331014 0.067439012 0.086205207
v -0.192691267 0.063640840 0.094957165
v -0.179382309 0.042345539 0.091568224
v -0.185218096 0.044185661 0.090537734
v -0.188949555 0.049946047 0.093884245
v -0.194336861 0.054171681 0.090537734
v -0.188949570 0.049946036 0.087191232
v -0.198497310 0.067006297 0.093994528
v -0.201016277 0.065929987 0.090537734
v -0.198497310 0.067006297 0.087080948
v -0.199934527 0.072751090 0.090537742
v -0.191331014 0.062780894 0.086205207
v -0.183654398 0.053793259 0.093884245
v -0.186008424 0.060222641 0.090537734
v -0.179329008 0.048464336 0.090537734
v -0.181847975 0.047388017 0.087080948
v -0.169296518 0.056039426 0.094957165
v -0.162621170 0.055349432 0.093994536
v -0.157312378 0.056784462 0.090537734
v -0.173531026 0.047411464 0.090537734
v -0.167847440 0.051229294 0.087191232
v -0.180373251 0.047159415 0.093884245
v -0.186777890 0.044692472 0.090537734
v -0.192580745 0.046633974 0.091568224
v -0.187023133 0.047420748 0.087080941
v -0.182395786 0.053384293 0.093884245
v -0.189027324 0.051615510 0.090537734
v -0.180790052 0.052930567 0.086205207
v -0.176712215 0.057202116 0.090537734
v -0.163465351 0.059921108 0.090537734
v -0.163220137 0.057192832 0.087080941
v -0.146800131 0.064508274 0.060696319
v -0.148109466 0.066880144 0.059200726
v -0.144996181 0.066016488 0.058525693
v -0.146800131 0.065694697 0.052542899
v -0.144996181 0.064186484 0.054713521
v -0.149779379 0.064186484 0.058525689
v -0.148109466 0.063322820 0.054038495
v -0.149779379 0.066016488 0.054713529
v -0.148671120 0.077452883 0.031055810
v -0.149980456 0.079824753 0.029560214
v -0.146867171 0.078961097 0.028885182
v -0.148671120 0.078639306 0.022902384
v -0.146867171 0.077131093 0.025073012
v -0.151650369 0.077131093 0.028885175
v -0.149980456 0.076267429 0.024397982
v -0.151650369 0.078961097 0.025073020
v -0.159477204 0.093555212 0.046151947
v -0.160786539 0.095927089 0.044656359
v -0.157673255 0.095063426 0.043981329
v -0.159477204 0.094741635 0.037998531
v -0.157673255 0.093233429 0.040169153
v -0.162456453 0.093233429 0.043981321
v -0.160786539 0.092369772 0.039494127
v -0.162456453 0.095063426 0.040169157
v -0.173932105 0.098859206 0.048682541
v -0.175241455 0.101231083 0.047186945
v -0.173932105 0.100045629 0.040529121
v -0.172128156 0.100367419 0.046511911
v -0.172128156 0.098537415 0.042699747
v -0.175241455 0.097673751 0.042024717
v -0.176911339 0.098537408 0.046511911
v -0.176911339 0.100367427 0.042699747
v -0.186227009 0.098503545 0.046432465
v -0.187536344 0.100875415 0.044936869
v -0.186227009 0.099689968 0.038279045
v -0.184423059 0.100011759 0.044261839
v -0.184423059 0.098181754 0.040449671
v -0.187536344 0.097318098 0.039774638
v -0.189206257 0.098181754 0.044261836
v -0.189206257 0.100011759 0.040449675
v -0.203258485 0.091203570 0.049398717
v -0.200279236 0.091525353 0.047228090
v -0.201949149 0.092389010 0.042740893
v -0.200279236 0.089695357 0.043415926
v -0.201949149 0.088831700 0.047903124
v -0.205062419 0.089695364 0.047228098
v -0.203258485 0.090017147 0.041245300
v -0.205062419 0.091525353 0.043415915
v -0.210924268 0.075320370 0.036061253
v -0.212233603 0.077692240 0.034565661
v -0.209120318 0.076828577 0.033890627
v -0.210924268 0.076506786 0.027907826
v -0.209120318 0.074998587 0.030078454
v -0.213903517 0.074998587 0.033890624
v -0.212233603 0.074134931 0.029403418
v -0.213903517 0.076828577 0.030078458
v -0.209730059 0.061995421 0.028055405
v -0.210649356 0.063995421 0.023807444
v -0.208005756 0.061995421 0.023807447
v -0.210061714 0.062588632 0.019730732
v -0.209670559 0.060233559 0.021241540
v -0.212473840 0.061995424 0.027100628
v -0.213178173 0.061995424 0.021504672
v -0.209100530 0.047405645 0.050409347
v -0.210378602 0.048524503 0.044740368
v -0.207925230 0.047405645 0.042255927
v -0.206131414 0.047104497 0.048883513
v -0.206274986 0.045873296 0.044241685
v -0.209491685 0.045050573 0.048898537
v -0.210349724 0.045594759 0.043671701
v -0.201244041 0.038950536 0.042109299
v -0.203819692 0.040673815 0.039713312
v -0.200107366 0.040177047 0.035391744
v -0.199925467 0.038011387 0.035770386
v -0.204554930 0.038035538 0.039767426
v -0.202885032 0.037171874 0.035280231
v -0.203100696 0.039281163 0.033746257
v -0.181915969 0.031164302 0.052887712
v -0.184491634 0.032887578 0.050491724
v -0.180779293 0.032390803 0.046170156
v -0.180597380 0.030225161 0.046548802
v -0.185226873 0.030249299 0.050545834
v -0.183556959 0.029385637 0.046058647
v -0.183772624 0.031494927 0.044524670
v -0.172732159 0.032330528 0.052737877
v -0.171422809 0.033515979 0.046080057
v -0.169615701 0.031737320 0.050963942
v -0.171207145 0.031406697 0.044546083
v -0.173123315 0.029975455 0.051227067
v -0.173981354 0.030519640 0.046000231
v -0.174536094 0.032652326 0.046755083
v -0.156859234 0.039154813 0.054960180
v -0.159434900 0.040878091 0.052564193
v -0.155722558 0.040381316 0.048242625
v -0.155540660 0.038215671 0.048621267
v -0.158500239 0.037376150 0.048131116
v -0.160170138 0.038239814 0.052618302
v -0.158715889 0.039485440 0.046597142
v -0.145816848 0.054420114 0.052161667
v -0.148392513 0.056143392 0.049765680
v -0.144680172 0.055646617 0.045444112
v -0.144498274 0.053480972 0.045822751
v -0.149127752 0.053505115 0.049819790
v -0.147457853 0.052641451 0.045332603
v -0.147673503 0.054750741 0.043798629
v -0.000071269 0.001309276 0.040341437
v 0.007780039 -0.193001583 0.087265767
v 0.004720463 0.000913531 0.037670724
v 0.015279362 -0.193062350 0.085358113
v 0.004791731 -0.000395730 0.032329306
v 0.015350631 -0.194371611 0.080016695
v -0.002656681 -0.001270161 0.030421659
v 0.010630166 -0.195285141 0.077345982
v 0.005838434 -0.194889396 0.080016695
v -0.004791733 0.000395745 0.037670724
v 0.010558897 -0.193975866 -0.032259900
v 0.023950176 -0.195738882 -0.024670145
v 0.021607522 -0.185497954 -0.024062667
v 0.012321894 -0.180584580 -0.024670135
v -0.000012665 -0.185350806 -0.024619434
v -0.002931028 -0.197590485 -0.024202855
v -0.002845600 -0.206334352 -0.020904198
v 0.014388368 -0.206609786 -0.025206583
v 0.032464359 -0.191091970 -0.016376764
v 0.029677691 -0.179893553 -0.013981717
v 0.020171219 -0.172298446 -0.013926971
v 0.007403206 -0.171297774 -0.015131766
v -0.005261187 -0.178607121 -0.016711799
v -0.011626393 -0.190920934 -0.016052656
v 0.001762254 -0.214795098 -0.015847569
v 0.013221248 -0.216039583 -0.016195724
v 0.025824877 -0.210301071 -0.016440922
v 0.034202471 -0.198896661 -0.013435380
v 0.036356438 -0.182788000 -0.007783487
v -0.003913650 -0.170743167 -0.009206875
v -0.015593736 -0.183645263 -0.007783483
v -0.016548295 -0.197544605 -0.008772385
v -0.012125000 -0.201831788 -0.013684016
v -0.006188494 -0.216563627 -0.007783489
v 0.007287254 -0.221436575 -0.008444961
v 0.025001215 -0.217687353 -0.008670743
v 0.035923459 -0.204813629 -0.008432256
v 0.046023637 -0.198644876 0.000495194
v 0.043593530 -0.180260167 0.000467374
v 0.031716485 -0.165011987 0.000496475
v 0.015227941 -0.158511132 0.000495189
v 0.001382478 -0.159728989 0.000702687
v -0.011216979 -0.165597036 0.000495186
v -0.020146009 -0.176248387 0.000702676
v -0.024003966 -0.185719371 0.001058916
v -0.025151242 -0.198066637 0.000672992
v -0.020316534 -0.211570874 0.000899676
v -0.010862447 -0.222656250 0.000293874
v 0.005889858 -0.229440615 0.000495195
v 0.019041849 -0.228337348 0.000745301
v 0.028500283 -0.224651307 0.000899675
v 0.035832029 -0.218848065 0.001111051
v 0.041434348 -0.211570829 0.000899679
v 0.049337588 -0.188550174 0.008756381
v 0.040698066 -0.163084552 0.017053789
v 0.026254795 -0.158476800 0.008203723
v 0.010558897 -0.151030183 0.016784657
v -0.010910138 -0.156617388 0.017093722
v -0.019580254 -0.163084552 0.017053779
v -0.027626121 -0.199451357 0.007571826
v -0.019503007 -0.224909306 0.017014949
v -0.005136995 -0.229474917 0.008203681
v 0.010558898 -0.236921579 0.016784698
v 0.052378990 -0.204543546 0.017014964
v 0.053826317 -0.187987909 0.016698837
v 0.048165608 -0.172592014 0.016763061
v 0.026390001 -0.153385192 0.016672596
v -0.000623101 -0.152244136 0.016702181
v -0.027047817 -0.172592029 0.016763050
v -0.031350035 -0.183127835 0.016886860
v -0.032729704 -0.194344282 0.016886856
v -0.029905770 -0.210423857 0.016698832
v -0.005272210 -0.234566554 0.016672593
v 0.021406939 -0.235884815 0.016886901
v 0.037378315 -0.228452593 0.016698837
v 0.048072778 -0.215634525 0.016824571
v 0.058365013 -0.194417953 0.036541972
v 0.034844823 -0.152795613 0.036541935
v 0.010603776 -0.146599665 0.033909786
v -0.030910214 -0.217918098 0.037030626
v -0.013727047 -0.235156119 0.036541954
v 0.010558899 -0.241341352 0.033866808
v 0.034208141 -0.235027298 0.033909809
v 0.056369066 -0.181752786 0.033567831
v 0.052325018 -0.170765117 0.037163801
v 0.044090196 -0.160444558 0.033586532
v 0.022677459 -0.147690505 0.037746437
v -0.001809791 -0.147815272 0.038531136
v -0.013104242 -0.152890220 0.033567812
v -0.022878416 -0.159801543 0.036690634
v -0.030479264 -0.170229658 0.033554059
v -0.035226893 -0.181660250 0.033554047
v -0.037285864 -0.194249749 0.037746452
v -0.035245012 -0.206251457 0.033590354
v -0.022970654 -0.227508813 0.033590384
v -0.001559665 -0.240261242 0.037746452
v 0.022781961 -0.239786029 0.033567812
v 0.043788612 -0.228311479 0.037163801
v 0.051626191 -0.217686087 0.033586524
v 0.056349244 -0.206243500 0.033529613
v 0.055902716 -0.181867719 0.050162505
v 0.043744247 -0.160790563 0.050120264
v 0.010599173 -0.147043303 0.050162576
v -0.012911453 -0.153331622 0.050102666
v -0.030065781 -0.170474708 0.050162539
v -0.034764081 -0.181789950 0.050162531
v -0.034780744 -0.206075594 0.050198462
v -0.022626467 -0.227161184 0.050120167
v 0.010558897 -0.240905181 0.050227795
v 0.022752086 -0.239291951 0.050189819
v 0.034029234 -0.234620124 0.050102632
v 0.051174652 -0.217480034 0.050198480
v 0.055881813 -0.206161529 0.050163284
v 0.054396361 -0.194134846 0.067679256
v 0.048540600 -0.171961412 0.067389056
v 0.032444809 -0.155919939 0.067389041
v 0.022139370 -0.151728049 0.067731924
v -0.000796784 -0.151595876 0.067434266
v -0.020326456 -0.162865698 0.067679279
v -0.033316106 -0.193975866 0.067434236
v -0.027252126 -0.216096312 0.067731909
v -0.011079552 -0.232092530 0.067688949
v -0.000536023 -0.236353800 0.067731939
v 0.041444257 -0.225086033 0.067679286
v 0.052497607 -0.182541713 0.068436548
v 0.041364454 -0.163170308 0.068275966
v 0.010368891 -0.150506809 0.068436570
v -0.010975314 -0.156020686 0.068018258
v -0.027080258 -0.172030598 0.068138078
v -0.031478167 -0.182908773 0.068436548
v -0.031379815 -0.205410033 0.068436548
v -0.020065069 -0.225064293 0.068018280
v 0.010938170 -0.237394139 0.068388328
v 0.022014635 -0.236012354 0.068138078
v 0.032422364 -0.231844470 0.067695647
v 0.048198052 -0.215921134 0.068138078
v 0.052595381 -0.205431640 0.068138070
v 0.045237567 -0.193975866 0.082719862
v 0.038331211 -0.173686653 0.082696997
v 0.020698611 -0.160637647 0.082717724
v -0.006959498 -0.163633153 0.082714684
v -0.023382712 -0.186088026 0.082717724
v -0.019473707 -0.211315215 0.082719862
v -0.003347994 -0.225433022 0.082696997
v 0.014243728 -0.228172004 0.082696997
v 0.035333633 -0.218750596 0.082714684
v 0.010558897 -0.193975866 0.084411621
v 0.029607413 -0.187772080 0.085017234
v 0.025461854 -0.178688824 0.084181607
v 0.026681647 -0.171214342 0.080687411
v 0.025461854 -0.178688824 0.077193223
v 0.031040663 -0.177881032 0.080687411
v 0.029607413 -0.187772065 0.076357596
v 0.032846227 -0.193975866 0.080687411
v 0.027901439 -0.209262922 0.084181607
v 0.031040663 -0.210070699 0.080687411
v 0.027901441 -0.209262922 0.077193223
v 0.026681647 -0.216737390 0.080687411
v 0.022322631 -0.210070699 0.080687411
v 0.022770034 -0.201684922 0.077314898
v 0.022770034 -0.201684907 0.084059931
v 0.020517066 -0.193975866 0.080687411
v 0.022322631 -0.177881032 0.080687411
v 0.022666140 -0.183259115 0.085104130
v -0.005442885 -0.171824098 0.081614330
v 0.000625324 -0.175078347 0.077193223
v 0.009418078 -0.172539815 0.084059931
v 0.001581016 -0.169522971 0.080687411
v 0.009418153 -0.172539815 0.077314906
v 0.017446062 -0.172779351 0.080687411
v 0.030456871 -0.182206094 0.084181607
v 0.032195203 -0.179470122 0.080687411
v 0.030456873 -0.182206079 0.077193223
v 0.037188601 -0.185675919 0.080687411
v 0.029501185 -0.187761456 0.080687411
v 0.020537132 -0.183341876 0.076357596
v 0.013636141 -0.184505075 0.080687411
v 0.007000610 -0.179980144 0.084059931
v -0.001113003 -0.177814305 0.080687411
v 0.003528817 -0.181199893 0.085017234
v -0.010483341 -0.197583601 0.084181614
v -0.015863571 -0.202913612 0.080687411
v -0.010483351 -0.197583616 0.077193223
v -0.010180508 -0.188436702 0.084059931
v -0.015471505 -0.194957972 0.080687411
v -0.010180506 -0.188436687 0.077314898
v -0.007471933 -0.180875689 0.080687411
v 0.005513975 -0.171414703 0.084181614
v 0.003449102 -0.168915987 0.080687411
v 0.005513984 -0.171414688 0.077193223
v 0.010894206 -0.166084677 0.080687411
v 0.010502140 -0.174040318 0.080687411
v 0.003528816 -0.181199893 0.076357596
v 0.002502568 -0.188122600 0.080687411
v -0.008418467 -0.200082302 0.080687411
v -0.008498183 -0.200153336 0.085017234
v 0.005513981 -0.216537043 0.084181614
v 0.010894212 -0.221867055 0.080687411
v 0.005513989 -0.216537058 0.077193223
v 0.003449107 -0.219035745 0.080687411
v -0.007471932 -0.207076043 0.080687411
v -0.008498181 -0.200153336 0.076357596
v -0.015471506 -0.192993760 0.080687411
v -0.010483342 -0.190368146 0.084181614
v -0.015863575 -0.185038120 0.080687411
v -0.010483351 -0.190368131 0.077193223
v -0.008418470 -0.187869430 0.080687411
v 0.002502568 -0.199829131 0.080687411
v 0.005211147 -0.207390144 0.084059931
v 0.010502142 -0.213911414 0.080687411
v 0.005211142 -0.207390130 0.077314898
v 0.008416064 -0.213926420 0.085104130
v 0.036525082 -0.202491418 0.081614330
v 0.032195203 -0.208481610 0.080687411
v 0.030456875 -0.205745667 0.077193223
v 0.024081595 -0.210647449 0.084059931
v 0.017446062 -0.215172380 0.080687411
v 0.001581020 -0.218428761 0.080687411
v 0.009418157 -0.215411916 0.077314898
v 0.000625333 -0.212873399 0.084181607
v -0.005442863 -0.216127634 0.079760492
v -0.001113001 -0.210137427 0.080687411
v 0.007000632 -0.207971558 0.077314906
v 0.021664126 -0.203207120 0.084059931
v 0.013636140 -0.203446656 0.080687411
v 0.029501181 -0.200190276 0.080687411
v 0.022666091 -0.204692632 0.076270700
v 0.050610717 -0.191786170 0.039904043
v 0.053064093 -0.190667316 0.037419580
v 0.051785998 -0.191786170 0.031750608
v 0.053589951 -0.193294376 0.033921253
v 0.051920053 -0.194158047 0.038408425
v 0.048806753 -0.193294376 0.037733395
v 0.050152618 -0.193439662 0.032508582
v 0.048806757 -0.191464379 0.033921253
v 0.044537917 -0.170382097 0.024541141
v 0.045713201 -0.170382097 0.016387701
v 0.046991300 -0.169263229 0.022056671
v 0.046171293 -0.172035575 0.023783173
v 0.047517158 -0.171890289 0.018558349
v 0.044403866 -0.172753945 0.017883316
v 0.042733964 -0.171890289 0.022370497
v 0.042733964 -0.170060292 0.018558351
v 0.032823358 -0.158937961 0.030851830
v 0.031514015 -0.156566083 0.029356211
v 0.034627311 -0.157429755 0.028681185
v 0.033281449 -0.157284468 0.023456372
v 0.034101453 -0.160056815 0.025182869
v 0.029844111 -0.159259751 0.028681183
v 0.031648070 -0.158937961 0.022698401
v 0.029844111 -0.157429755 0.024869053
v 0.020977218 -0.156566814 0.010798408
v 0.022152508 -0.156566814 0.002644989
v 0.023430604 -0.155447945 0.008313939
v 0.023956465 -0.158075035 0.004815640
v 0.022286560 -0.158938691 0.009302788
v 0.020519122 -0.158220321 0.003402963
v 0.019173259 -0.158075035 0.008627756
v 0.019173259 -0.156245023 0.004815639
v 0.007757861 -0.154420942 0.041634172
v 0.006448521 -0.152049065 0.040138558
v 0.009561817 -0.152912736 0.039463531
v 0.007757862 -0.153234527 0.033480752
v 0.009561817 -0.154742733 0.035651401
v 0.004778615 -0.154742733 0.039463531
v 0.006448520 -0.155606404 0.034976363
v 0.004778615 -0.152912736 0.035651397
v -0.011923903 -0.161209166 0.018143674
v -0.013233243 -0.158837289 0.016648056
v -0.011923902 -0.160022750 0.009990256
v -0.010119945 -0.159700945 0.015973024
v -0.010119946 -0.161530972 0.012160907
v -0.013490358 -0.162377834 0.011501086
v -0.014749433 -0.161555111 0.016157893
v -0.014903149 -0.159700960 0.012160907
v -0.029019520 -0.178708032 0.026571853
v -0.026040273 -0.178386226 0.024401203
v -0.027710173 -0.177522570 0.019914057
v -0.026040273 -0.180216253 0.020589087
v -0.027710175 -0.181079909 0.025076233
v -0.030823477 -0.180216253 0.024401203
v -0.029019520 -0.179894447 0.018418435
v -0.030823477 -0.178386241 0.020589085
v -0.031723503 -0.195043728 0.029711090
v -0.030548215 -0.195043728 0.021557668
v -0.028744258 -0.194721937 0.027540445
v -0.030090114 -0.196697220 0.028953111
v -0.028744256 -0.196551934 0.023728322
v -0.031857554 -0.197415605 0.023053283
v -0.033527456 -0.196551934 0.027540449
v -0.033001598 -0.193924859 0.024042135
v -0.022469416 -0.216127753 0.043046556
v -0.023778759 -0.213755876 0.041550942
v -0.020665461 -0.214619532 0.040875908
v -0.022469416 -0.214941338 0.034893136
v -0.020665461 -0.216449559 0.037063785
v -0.025448663 -0.216449559 0.040875908
v -0.023778761 -0.217313215 0.036388755
v -0.025448663 -0.214619532 0.037063785
v -0.010751506 -0.225342572 0.049453016
v -0.012060850 -0.222970694 0.047957398
v -0.008947550 -0.223834351 0.047282372
v -0.010751505 -0.224156156 0.041299604
v -0.008947550 -0.225664362 0.043470249
v -0.013577037 -0.225688517 0.047467239
v -0.012317965 -0.226511240 0.042810433
v -0.013730753 -0.223834351 0.043470252
v 0.000840625 -0.233427837 0.020911738
v -0.000437473 -0.232308969 0.015242773
v 0.002015908 -0.233427837 0.012758301
v 0.003819867 -0.233106032 0.018741086
v 0.002473997 -0.235081315 0.020153772
v 0.003819866 -0.234936029 0.014928950
v 0.000706574 -0.235799685 0.014253915
v -0.000963334 -0.234936029 0.018741090
v 0.019171927 -0.234269038 0.040702496
v 0.017862590 -0.231897175 0.039206877
v 0.020975886 -0.232760847 0.038531847
v 0.019630019 -0.232615560 0.033307023
v 0.020975886 -0.234590843 0.034719702
v 0.016718546 -0.235387906 0.038218025
v 0.017996643 -0.234269038 0.032549053
v 0.016192686 -0.232760847 0.034719706
v 0.037788656 -0.222927824 0.018236488
v 0.039098002 -0.221742362 0.011578689
v 0.040767904 -0.222606018 0.016065838
v 0.040767904 -0.224436030 0.012253716
v 0.039097998 -0.225299701 0.016740872
v 0.037788656 -0.224114239 0.010083067
v 0.035984702 -0.224436045 0.016065840
v 0.035984702 -0.222606018 0.012253715
v 0.043710221 -0.211792588 0.010823047
v 0.046163596 -0.210673735 0.008338582
v 0.044885501 -0.211792588 0.002669613
v 0.046689454 -0.213300794 0.004840259
v 0.045019552 -0.214164466 0.009327428
v 0.041906256 -0.213300794 0.008652395
v 0.043252122 -0.213446081 0.003427588
v 0.041906256 -0.211470798 0.004840261
v 0.001633398 -0.000883318 0.004642380
v -0.129365593 0.072771557 0.063979171
v -0.002354019 -0.004352975 -0.000000010
v -0.133185714 0.067101672 0.062321182
v -0.000622916 0.002574465 -0.004431376
v -0.134438083 0.070464052 0.055568635
v -0.130699605 0.075602695 0.057678800
v 0.002876461 0.003367197 0.002321189
v -0.131942660 0.071352184 0.068999991
v -0.135073960 0.081175521 0.067705333
v -0.131942660 0.088471204 0.062781148
v -0.131942660 0.088471204 0.057218842
v -0.135801777 0.080668934 0.052312288
v -0.119837686 0.083457157 0.062781148
v -0.119837686 0.083457157 0.057218842
v -0.122119337 0.074483506 0.067705333
v -0.114823639 0.071352184 0.062781148
v -0.114823639 0.071352184 0.057218842
v -0.122782342 0.076084152 0.052294657
v -0.119837686 0.059247211 0.062781148
v -0.119837686 0.059247211 0.057218842
v -0.126706451 0.066953994 0.051048964
v -0.128083542 0.062035445 0.067687705
v -0.131942660 0.054233167 0.062781148
v -0.131942660 0.054233167 0.057218842
v -0.144047633 0.059247211 0.062781148
v -0.144047633 0.059247211 0.057218842
v -0.135073975 0.061528854 0.052294657
v -0.141706496 0.067307882 0.067732729
v -0.149061680 0.071352184 0.062781148
v -0.149061680 0.071352184 0.057218842
v -0.142522797 0.071352184 0.052718841
v -0.144047633 0.083457157 0.062781148
v -0.144047633 0.083457157 0.057218842
v -0.115024321 0.075681612 0.063921273
v -0.100521587 0.078292996 0.063101694
v -0.106942661 0.082352184 0.059999995
v -0.100521579 0.078292996 0.056898307
v -0.091386311 0.079130359 0.059999995
v -0.091386311 0.071352184 0.062828422
v -0.085500315 0.071352184 0.059318621
v -0.100521594 0.064411379 0.063101694
v -0.091386311 0.063574009 0.059999995
v -0.100521579 0.064411379 0.056898307
v -0.106942661 0.060352184 0.059999995
v -0.121483102 0.068640776 0.063202284
v -0.122499011 0.063574009 0.059999995
v -0.115024321 0.067022763 0.056078725
v -0.128942654 0.071352184 0.059999995
v -0.121483095 0.074063599 0.056797709
v -0.122499011 0.079130359 0.059999995
v -0.130832136 0.088780329 0.063921273
v -0.128834113 0.103380263 0.063101687
v -0.134678856 0.098527782 0.059999995
v -0.126807541 0.112327151 0.059999995
v -0.128834128 0.103380248 0.056898307
v -0.117591187 0.115521483 0.059318621
v -0.117145292 0.108119495 0.063202292
v -0.112012580 0.107519977 0.059999995
v -0.119600363 0.086876951 0.063101687
v -0.113755614 0.091729410 0.059999995
v -0.115631908 0.099090606 0.056898307
v -0.121626928 0.077930041 0.059999995
v -0.122597083 0.086104617 0.056078725
v -0.130843297 0.074735716 0.060681373
v -0.131289199 0.082137689 0.056797713
v -0.136421889 0.082737215 0.059999995
v -0.148174644 0.077793956 0.063921273
v -0.158633724 0.077147625 0.059999995
v -0.161442548 0.084205776 0.063101694
v -0.169325322 0.088897929 0.059999995
v -0.161442548 0.084205784 0.056898307
v -0.164753437 0.095190607 0.062828422
v -0.169515327 0.098650314 0.059318621
v -0.160181537 0.101483278 0.059999995
v -0.153283134 0.095436268 0.063101694
v -0.145702437 0.094946004 0.059999995
v -0.153283149 0.095436275 0.056898307
v -0.138810888 0.079693735 0.063202284
v -0.135010839 0.083195701 0.059999995
v -0.138810888 0.079693735 0.056797713
v -0.134369701 0.073115543 0.059999995
v -0.144154623 0.070610352 0.059999995
v -0.148174658 0.077793956 0.056078725
v -0.148174658 0.064910419 0.063921273
v -0.153283149 0.047268100 0.063101694
v -0.145702437 0.047758367 0.059999995
v -0.160181537 0.041221082 0.059999995
v -0.153283134 0.047268100 0.056898307
v -0.164753422 0.047513761 0.062828422
v -0.169515312 0.044054061 0.059318621
v -0.161442578 0.058498561 0.063101687
v -0.169325322 0.053806435 0.059999995
v -0.158633724 0.065556735 0.059999995
v -0.161442548 0.058498576 0.056898307
v -0.144154623 0.072094023 0.059999995
v -0.141998366 0.067397796 0.056797709
v -0.138810903 0.063010626 0.063202284
v -0.134369701 0.069588833 0.059999995
v -0.135010839 0.059508670 0.059999995
v -0.143085122 0.057905246 0.056078725
v -0.125837401 0.038551785 0.063921273
v -0.113755614 0.050974961 0.059999995
v -0.112012573 0.035184395 0.059999995
v -0.117602333 0.041227523 0.056078725
v -0.117145285 0.034584872 0.063202284
v -0.117418855 0.026652532 0.059999995
v -0.126807541 0.030377217 0.059999995
v -0.122302711 0.032909125 0.056797709
v -0.132802591 0.051537782 0.063101687
v -0.134678856 0.044176582 0.059999995
v -0.136421889 0.059967149 0.059999995
v -0.132802576 0.051537760 0.056898307
v -0.129024416 0.062370736 0.062828422
v -0.130843297 0.067968652 0.059318621
v -0.119600371 0.055827428 0.063101687
v -0.121626928 0.064774327 0.059999995
v -0.119600363 0.055827428 0.056898307
vn 0.000000017 -0.000000007 1.000000000
vn -0.000002043 0.450434566 0.892809451
vn -0.000009648 0.914307714 0.405020088
vn 0.000004780 0.914311528 -0.405011714
vn 0.000000000 0.450433195 -0.892810166
vn 0.000000003 -0.000000007 -1.000000000
vn 0.318503916 0.318506688 0.892809451
vn 0.646506369 0.646520078 0.405020088
vn 0.646513999 0.646507204 -0.405028671
vn 0.318506271 0.318506181 -0.892808795
vn 0.450434536 0.000002026 0.892809570
vn 0.914307833 0.000009595 0.405020177
vn 0.914311528 -0.000004768 -0.405011714
vn 0.450433105 0.000000000 -0.892810166
vn 0.318506688 -0.318503827 0.892809510
vn 0.646520078 -0.646506429 0.405020177
vn 0.646507204 -0.646513939 -0.405028641
vn 0.318506241 -0.318506211 -0.892808795
vn 0.000002031 -0.450434536 0.892809451
vn 0.000009641 -0.914307833 0.405020207
vn -0.000004787 -0.914311528 -0.405011803
vn 0.000000000 -0.450433195 -0.892810166
vn -0.318503857 -0.318506718 0.892809451
vn -0.646506429 -0.646520078 0.405020207
vn -0.646513939 -0.646507204 -0.405028641
vn -0.318506211 -0.318506211 -0.892808795
vn -0.450434536 -0.000002026 0.892809570
vn -0.914307833 -0.000009595 0.405020177
vn -0.914311528 0.000004768 -0.405011714
vn -0.450433105 0.000000000 -0.892810166
vn -0.318506688 0.318503797 0.892809510
vn -0.646520078 0.646506429 0.405020177
vn -0.646507263 0.646513939 -0.405028671
vn -0.318506271 0.318506181 -0.892808795
vn 0.542341769 0.837609828 0.065385282
vn 0.104382463 0.161216006 0.981383562
vn 0.956697881 0.214922562 -0.196309522
vn 0.518738985 -0.461466014 0.719693720
vn 0.633333445 -0.284482956 -0.719693124
vn 0.195378542 -0.960880756 0.196304202
vn -0.104387879 -0.161221027 -0.981382191
vn -0.542342782 -0.837609649 -0.065380134
vn -0.518748939 0.461466759 -0.719686031
vn -0.956697583 -0.214927390 0.196305484
vn -0.195376560 0.960880280 -0.196308628
vn -0.633334219 0.284498215 0.719686389
vn 0.160513699 0.255935729 0.953274548
vn 0.162382782 0.260199338 0.951802552
vn 0.144446209 0.231050268 0.962159574
vn 0.145138964 0.232621849 0.961676478
vn 0.111088566 0.179659620 0.977436304
vn 0.111090712 0.179661646 0.977435648
vn 0.072792642 0.120618217 0.990026474
vn 0.072793603 0.120617822 0.990026534
vn 0.028222242 0.051848594 0.998256087
vn 0.028223796 0.051850319 0.998256028
vn -0.016854202 -0.017757317 0.999700308
vn -0.016854698 -0.017757030 0.999700308
vn -0.056167047 -0.078508280 0.995330036
vn -0.056167152 -0.078509539 0.995329857
vn -0.092961304 -0.135405421 0.986419618
vn -0.091327645 -0.133581772 0.986820757
vn -0.119510189 -0.177149206 0.976900995
vn -0.116194569 -0.173453003 0.977963686
vn -0.139860973 -0.210020319 0.967641652
vn 0.813237011 0.221444815 0.538152158
vn -0.826625228 -0.420755297 0.373705328
vn 0.423804492 0.265236884 -0.866048098
vn -0.080288604 -0.981144667 -0.175809070
vn -0.356831461 0.920573950 0.158792406
vn 0.534021318 0.175435588 0.827069342
vn 0.542362690 0.180220768 0.820587099
vn 0.493708432 0.162022471 0.854400754
vn 0.496911168 0.163830683 0.852196574
vn 0.401119232 0.131761149 0.906500161
vn 0.401124269 0.131762296 0.906497657
vn 0.280459166 0.092313610 0.955416620
vn 0.280460060 0.092313714 0.955416381
vn 0.131213829 0.043506205 0.990399063
vn 0.131216779 0.043505795 0.990398586
vn -0.024098538 -0.007299440 0.999682903
vn -0.024087505 -0.007299996 0.999683201
vn -0.157232776 -0.050864980 0.986250758
vn -0.157226160 -0.050865777 0.986251771
vn -0.272015929 -0.089234225 0.958146453
vn -0.268089265 -0.087150536 0.959444165
vn -0.352537245 -0.117169447 0.928433478
vn -0.344994873 -0.113119319 0.931763113
vn -0.408468246 -0.135369003 0.902678728
vn 0.973064423 -0.175282806 0.149738058
vn -0.610203624 -0.772527397 0.175650507
vn 0.600177586 0.690562069 -0.403622270
vn -0.963131189 0.257480741 0.077988148
vn -0.063669644 0.494738817 0.866706312
vn -0.067172140 0.505996943 0.859915793
vn -0.058615189 0.446590483 0.892816424
vn -0.059935357 0.450914890 0.890552342
vn -0.047311503 0.333881915 0.941426814
vn -0.047310919 0.333879262 0.941427827
vn -0.031879745 0.183043852 0.982587755
vn -0.031879321 0.183043748 0.982587814
vn -0.012407477 -0.003113647 0.999918222
vn -0.012408458 -0.003108364 0.999918222
vn 0.007903818 -0.192864597 0.981193602
vn 0.007903838 -0.192864507 0.981193602
vn 0.024998905 -0.349118650 0.936744988
vn 0.024999296 -0.349114299 0.936746657
vn 0.038470183 -0.469858915 0.881902874
vn 0.038003106 -0.475579083 0.878851771
vn 0.046466026 -0.550416112 0.833596408
vn 0.045506723 -0.560972452 0.826582730
vn 0.052062079 -0.616646945 0.785516560
vn -0.039126240 0.674861491 0.736906409
vn 0.647211790 0.549754262 -0.528097630
vn -0.038630638 -0.758667111 0.650332153
vn -0.801352620 0.419106394 -0.426830053
vn 0.215884045 -0.892397046 -0.396259755
vn -0.363209784 0.913387895 0.183850959
vn -0.027244505 0.068513341 0.997278214
vn 0.372079074 0.921486914 -0.111440927
vn 0.708044827 0.076610833 0.701999485
vn 0.567306757 0.430537224 -0.701997638
vn 0.903273344 -0.414342135 0.111435629
vn 0.027247442 -0.068519257 -0.997277617
vn 0.363209903 -0.913388848 -0.183846116
vn -0.708046377 -0.076609395 -0.701998174
vn -0.372080028 -0.921487033 0.111437298
vn -0.903273344 0.414340705 -0.111441150
vn -0.567307055 -0.430532932 0.702000082
vn -0.127578527 0.375967383 0.917808414
vn -0.131558195 0.382277668 0.914634585
vn -0.112811416 0.340166628 0.933573902
vn -0.114288002 0.342529297 0.932529926
vn -0.081380129 0.262807161 0.961410344
vn -0.081378736 0.262804866 0.961410999
vn -0.043734644 0.169535607 0.984553158
vn -0.043732919 0.169535428 0.984553337
vn 0.000635162 0.058787368 0.998270392
vn 0.000635751 0.058788110 0.998270273
vn 0.045446895 -0.053946901 0.997509062
vn 0.045446347 -0.053946003 0.997509181
vn 0.083816454 -0.151197985 0.984943628
vn 0.083815187 -0.151195258 0.984944165
vn 0.118255422 -0.239085793 0.963770628
vn 0.117472202 -0.235379100 0.964778185
vn 0.143131524 -0.301297635 0.942726493
vn 0.141617641 -0.293947369 0.945272207
vn 0.162496418 -0.347974598 0.923313916
vn -0.271863073 0.594725192 0.756566107
vn 0.509242773 0.754244864 -0.414471388
vn 0.670022488 -0.586798847 0.454683393
vn -0.833380997 0.198263258 -0.515914500
vn -0.055026222 -0.965562582 -0.254285187
vn 0.104587801 0.281370997 0.953882456
vn 0.105590977 0.289222956 0.951420307
vn 0.092907146 0.242629781 0.965659976
vn 0.093285888 0.245548725 0.964885294
vn 0.067414947 0.159546733 0.984885812
vn 0.067414396 0.159549594 0.984885454
vn 0.036704276 0.060066462 0.997519374
vn 0.036704369 0.060066603 0.997519374
vn 0.000401156 -0.056710720 0.998390555
vn 0.000402702 -0.056710660 0.998390615
vn -0.036389779 -0.174175933 0.984041989
vn -0.036387857 -0.174174547 0.984042227
vn -0.067912035 -0.274098992 0.959300637
vn -0.067912363 -0.274096549 0.959301293
vn -0.096197091 -0.363156140 0.926749051
vn -0.094472744 -0.359831184 0.928222239
vn -0.115557589 -0.425775290 0.897419631
vn -0.112125747 -0.419266999 0.900912404
vn -0.129367515 -0.472759366 0.871643662
vn 0.473077565 0.801255941 0.366314769
vn -0.417170912 -0.319487244 0.850820959
vn 0.018789779 0.784918070 -0.619314551
vn 0.603810132 -0.793519616 -0.075762957
vn -0.683712721 -0.466220975 -0.561404467
vn -0.498633713 0.213410959 0.840131044
vn -0.508560240 0.217047691 0.833220780
vn -0.459992737 0.189811513 0.867397428
vn -0.463797331 0.191211879 0.865060747
vn -0.370297581 0.135266557 0.919011831
vn -0.370300174 0.135268196 0.919010520
vn -0.250956953 0.064429045 0.965851784
vn -0.250956386 0.064429089 0.965851843
vn -0.102206141 -0.021506665 0.994530737
vn -0.102206126 -0.021506956 0.994530737
vn 0.052498344 -0.108369514 0.992723465
vn 0.052497901 -0.108369745 0.992723525
vn 0.183766529 -0.180099338 0.966330230
vn 0.183765233 -0.180097789 0.966330767
vn 0.289546460 -0.236505359 0.927484810
vn 0.293999761 -0.239998460 0.925183773
vn 0.361715764 -0.275358498 0.890695989
vn 0.370124638 -0.281952053 0.885161459
vn 0.422473758 -0.308632463 0.852210045
vn -0.489740282 0.871056795 0.037610330
vn 0.819620430 -0.090248771 0.565753937
vn -0.953358173 -0.062661201 -0.295265585
vn 0.624215841 -0.717312574 -0.309543639
vn -0.773993015 0.581159115 0.251374364
vn -0.003671441 0.002754017 0.999989510
vn -0.167528853 0.983949184 -0.061466098
vn 0.602789700 0.405547708 0.687150359
vn 0.221310556 0.691990316 -0.687147021
vn 0.991624236 0.113592163 0.061467849
vn 0.003669870 -0.002758478 -0.999989450
vn 0.773995101 -0.581156492 -0.251374036
vn -0.602794945 -0.405542701 -0.687148690
vn 0.167527035 -0.983949602 0.061463956
vn -0.991624475 -0.113592029 -0.061463349
vn -0.221308529 -0.691991508 0.687146485
vn -0.373107702 0.278894126 0.884877801
vn -0.382113010 0.288856804 0.877810597
vn -0.338928640 0.255683988 0.905402184
vn -0.342343152 0.259426296 0.903049946
vn -0.257786095 0.196047679 0.946103394
vn -0.257781029 0.196045905 0.946105182
vn -0.154745564 0.118771136 0.980789125
vn -0.154745549 0.118770964 0.980789125
vn -0.029881563 0.025066152 0.999239087
vn -0.029881177 0.025062986 0.999239266
vn 0.097376071 -0.070504300 0.992747307
vn 0.097376041 -0.070504621 0.992747247
vn 0.204842433 -0.151265040 0.967035890
vn 0.204847530 -0.151266709 0.967034638
vn 0.291722268 -0.217917025 0.931348622
vn 0.297069341 -0.220613539 0.929020643
vn 0.349137574 -0.263744742 0.899189472
vn 0.359425187 -0.268854618 0.893605411
vn 0.404117197 -0.304971039 0.862369955
vn -0.412371874 0.893632412 0.177117184
vn 0.986953914 -0.062700368 0.148292363
vn -0.920334160 0.106037535 -0.376485169
vn 0.345849872 -0.936919451 0.050693024
vn -0.190801606 0.536627233 0.821964681
vn -0.190747842 0.549858093 0.813185930
vn -0.180756450 0.498582453 0.847787023
vn -0.180792227 0.503617346 0.844798088
vn -0.158974379 0.402636468 0.901449442
vn -0.158975407 0.402638674 0.901448250
vn -0.130335569 0.276052922 0.952264309
vn -0.130335048 0.276052564 0.952264547
vn -0.093169697 0.119321175 0.988474488
vn -0.093169950 0.119326837 0.988473892
vn -0.052739441 -0.043519650 0.997659624
vn -0.052739523 -0.043518409 0.997659624
vn -0.016802225 -0.182496756 0.983062863
vn -0.016801411 -0.182499260 0.983062446
vn 0.015219536 -0.302050442 0.953170419
vn 0.014726108 -0.296642423 0.954875112
vn 0.038688805 -0.383622527 0.922679186
vn 0.037730973 -0.373228878 0.926971793
vn 0.056914520 -0.441895753 0.895259202
vn 0.590518236 0.770559311 0.239846736
vn -0.119664170 0.410028905 -0.904188454
vn 0.723446250 -0.666859210 0.178673789
vn -0.797547936 0.440099865 0.412588775
vn -0.321639717 -0.943514884 0.079545990
vn -0.436806023 0.002517831 0.899552226
vn -0.447468042 0.003977312 0.894291162
vn -0.400220692 0.005673012 0.916401327
vn -0.404212385 0.006209139 0.914644063
vn -0.314419895 0.010223189 0.949229002
vn -0.314425021 0.010222862 0.949227214
vn -0.208741367 0.014673631 0.977860808
vn -0.208750889 0.014673357 0.977858782
vn -0.082183689 0.019646626 0.996423602
vn -0.082186826 0.019646624 0.996423304
vn 0.047509827 0.024360165 0.998573661
vn 0.047510564 0.024360165 0.998573661
vn 0.159442455 0.028118957 0.986806691
vn 0.159447148 0.028119128 0.986805916
vn 0.255083710 0.030257076 0.966445506
vn 0.260093570 0.031246085 0.965077758
vn 0.321364850 0.030512661 0.946463764
vn 0.331247449 0.032483224 0.942984641
vn 0.385342002 0.032346070 0.922206759
vn -0.787686229 0.383692920 -0.482006341
vn 0.800542116 0.573139846 0.175051600
vn -0.867168248 -0.441000581 0.231382117
vn 0.854336917 -0.514276445 0.075021371
vn -0.972170711 0.051832680 0.228467643
vn -0.028143544 0.001504471 0.999602735
vn -0.685550570 0.723775625 -0.078544497
vn 0.258475870 0.673435628 0.692585528
vn -0.185401395 0.697101951 -0.692585945
vn 0.758628070 0.646772087 0.078544900
vn 0.028144794 -0.001497474 -0.999602795
vn 0.972167194 -0.051839046 -0.228481025
vn -0.258463442 -0.673445046 -0.692580998
vn 0.685554683 -0.723771155 0.078549869
vn -0.758630872 -0.646768391 -0.078549534
vn 0.185393661 -0.697105527 0.692584395
vn -0.320215344 0.094165757 0.942653120
vn -0.327952892 0.095667116 0.939837575
vn -0.288945347 0.094313607 0.952688634
vn -0.291806042 0.094871633 0.951760828
vn -0.219503537 0.092637092 0.971203685
vn -0.219504684 0.092636853 0.971203387
vn -0.138230652 0.089564964 0.986341953
vn -0.138232887 0.089565158 0.986341655
vn -0.043157410 0.085252449 0.995424330
vn -0.043159954 0.085252851 0.995424151
vn 0.053088389 0.080116205 0.995370805
vn 0.053088006 0.080116548 0.995370746
vn 0.136658326 0.075027063 0.987773061
vn 0.136656940 0.075027466 0.987773180
vn 0.210443586 0.070036374 0.975094020
vn 0.213604391 0.069305256 0.974458754
vn 0.264132947 0.065613560 0.962251842
vn 0.270476788 0.064098090 0.960590363
vn 0.313059479 0.060799900 0.947785378
vn -0.897001922 0.046767205 0.439545751
vn 0.809622824 0.366920292 0.458127052
vn -0.765361845 0.040494531 -0.642325044
vn 0.853002071 -0.455753773 -0.254314929
vn -0.391993731 0.389513850 0.833438575
vn -0.401521683 0.402291447 0.822764814
vn -0.356815368 0.362759352 0.860864937
vn -0.360506475 0.367655754 0.857242286
vn -0.268488884 0.287870169 0.919263005
vn -0.268487096 0.287867546 0.919264376
vn -0.147393525 0.181438863 0.972293735
vn -0.147392109 0.181438193 0.972294033
vn 0.004046497 0.046350557 0.998917103
vn 0.004047405 0.046351288 0.998917043
vn 0.158572033 -0.093651339 0.982895911
vn 0.158572137 -0.093650460 0.982895970
vn 0.284128666 -0.209117576 0.935703337
vn 0.284126014 -0.209114969 0.935704768
vn 0.378185809 -0.296791852 0.876863837
vn 0.381728649 -0.301766843 0.873624682
vn 0.438765913 -0.355638862 0.825230539
vn 0.445073396 -0.364820242 0.817811668
vn 0.486396909 -0.403980136 0.774737477
vn -0.099090047 0.850225091 0.517009020
vn 0.781656325 -0.269917369 0.562279284
vn -0.170943722 0.445930868 -0.878592014
vn -0.969982505 -0.198058099 0.141092435
vn 0.455659717 -0.835940421 -0.305904984
vn -0.432013303 -0.368056387 0.823346257
vn -0.445403665 -0.373387992 0.813754976
vn -0.399164170 -0.343110949 0.850260377
vn -0.404259086 -0.345202774 0.847000360
vn -0.312898040 -0.282746643 0.906724513
vn -0.312894523 -0.282744914 0.906726182
vn -0.196354091 -0.201628566 0.959578633
vn -0.196350187 -0.201628983 0.959579349
vn -0.051661652 -0.098970383 0.993748426
vn -0.051656764 -0.098970443 0.993748665
vn 0.097551122 0.008987980 0.995189905
vn 0.097555585 0.008987630 0.995189488
vn 0.222527593 0.101065546 0.969673753
vn 0.222523659 0.101062939 0.969674945
vn 0.321878731 0.173884973 0.930676162
vn 0.326512098 0.178939790 0.928100407
vn 0.387989610 0.220931575 0.894792438
vn 0.396645367 0.230605558 0.888534486
vn 0.446987361 0.266382277 0.853957117
vn -0.982976317 -0.039292462 -0.179481655
vn 0.385373890 0.784528673 0.485800087
vn -0.357782155 -0.930394650 -0.079736084
vn 0.956272423 0.184098527 -0.227268025
vn -0.697815299 -0.687046766 0.202535301
vn -0.038999900 -0.038398862 0.998501122
vn -0.995073497 -0.016678015 -0.097726785
vn -0.336247057 0.631973088 0.698246300
vn -0.626664102 0.346039116 -0.698247135
vn 0.032149605 0.994693577 0.097729497
vn 0.038995251 0.038393132 -0.998501539
vn 0.697813869 0.687046289 -0.202542067
vn 0.336255580 -0.631972671 -0.698242664
vn 0.995073140 0.016681949 0.097730249
vn -0.032154724 -0.994693816 -0.097725540
vn 0.626669943 -0.346037954 0.698242426
vn -0.303633600 -0.264989376 0.915197968
vn -0.308502287 -0.272051036 0.911490381
vn -0.274304390 -0.235231593 0.932428718
vn -0.276143014 -0.237868905 0.931216121
vn -0.209739089 -0.170529202 0.962771773
vn -0.209738716 -0.170526981 0.962772250
vn -0.130403876 -0.091504425 0.987229347
vn -0.130404919 -0.091504559 0.987229228
vn -0.035568006 0.002322405 0.999364555
vn -0.035568770 0.002322038 0.999364614
vn 0.060987681 0.097165450 0.993397892
vn 0.060986858 0.097165614 0.993398011
vn 0.143658355 0.177816972 0.973521173
vn 0.143654838 0.177815169 0.973522007
vn 0.217026860 0.248946175 0.943888366
vn 0.213527784 0.246560171 0.945311666
vn 0.267935008 0.299003661 0.915864468
vn 0.261065185 0.294387072 0.919337332
vn 0.305119544 0.336574495 0.890853405
vn -0.911589921 -0.321220309 0.256556720
vn 0.702940047 0.387915254 0.596151948
vn -0.276711285 -0.845497429 -0.456689239
vn 0.485926479 0.778439164 -0.397376299
vn -0.464977056 -0.033570405 0.884686112
vn -0.476318479 -0.032639313 0.878666759
vn -0.427763671 -0.028031090 0.903455853
vn -0.432024091 -0.027695743 0.901436627
vn -0.339082032 -0.017958988 0.940585375
vn -0.339088142 -0.017959230 0.940583169
vn -0.228255317 -0.006570158 0.973579109
vn -0.228256658 -0.006570122 0.973578870
vn -0.094583295 0.006876378 0.995493174
vn -0.094583102 0.006875936 0.995493293
vn 0.042850949 0.020390363 0.998873413
vn 0.042852815 0.020390518 0.998873353
vn 0.161264807 0.031784695 0.986399174
vn 0.161260128 0.031784754 0.986399949
vn 0.266842574 0.041742694 0.962835729
vn 0.262432873 0.042068023 0.964032829
vn 0.340944707 0.049329717 0.938788176
vn 0.332284898 0.050013769 0.941852093
vn 0.395952553 0.055747606 0.916577220
vn -0.700395226 0.495713145 0.513531983
vn 0.425646663 0.072069913 0.902014911
vn -0.449260801 0.170211658 -0.877036393
vn 0.550054371 0.753470123 -0.360170752
vn -0.510398984 -0.848744333 0.138296396
vn 0.679505825 -0.687132716 -0.257139146
vn -0.070350170 -0.499641389 0.863371015
vn -0.074081197 -0.511727393 0.855948031
vn -0.068143077 -0.460206062 0.885193229
vn -0.069534965 -0.464781731 0.882690787
vn -0.059010778 -0.364412516 0.929366052
vn -0.059009891 -0.364409506 0.929367304
vn -0.045811661 -0.241633996 0.969285548
vn -0.045810804 -0.241633087 0.969285786
vn -0.029274881 -0.091801077 0.995346963
vn -0.029274309 -0.091795571 0.995347500
vn -0.011762889 0.062706783 0.997962713
vn -0.011763239 0.062706172 0.997962713
vn 0.003569820 0.194760680 0.980844319
vn 0.003570066 0.194757089 0.980845094
vn 0.017224295 0.309864879 0.950624645
vn 0.015789187 0.305076957 0.952196777
vn 0.025985649 0.389454693 0.920678973
vn 0.023139918 0.380195737 0.924616575
vn 0.031484902 0.447462380 0.893748343
vn -0.319261074 -0.873018503 0.368661404
vn 0.302020431 0.721378148 0.623215318
vn 0.127688676 -0.770988226 -0.623917222
vn -0.110444412 0.922797799 -0.369115502
vn 0.022715606 -0.951787531 0.305915862
vn -0.001245001 0.052170556 0.998637497
vn -0.668700159 -0.743257046 -0.020224385
vn -0.692660689 0.260699064 0.672500670
vn -0.679437220 -0.293446422 -0.672498584
vn -0.703394055 0.710512400 0.020223889
vn 0.001244323 -0.052170601 -0.998637497
vn -0.022713445 0.951786697 -0.305918574
vn 0.692664802 -0.260691106 -0.672499537
vn 0.668702900 0.743254662 0.020223517
vn 0.703398824 -0.710507631 -0.020224039
vn 0.679440796 0.293436289 0.672499299
vn 0.070990227 -0.365197569 0.928219378
vn 0.069113486 -0.375753462 0.924138904
vn 0.069620505 -0.328110218 0.942070425
vn 0.068945132 -0.332038105 0.940742910
vn 0.068558238 -0.242371961 0.967758119
vn 0.068557300 -0.242367789 0.967759132
vn 0.067396700 -0.138520762 0.988063633
vn 0.067396231 -0.138520107 0.988063753
vn 0.065093309 -0.015669337 0.997756124
vn 0.065093160 -0.015674036 0.997756124
vn 0.061762035 0.108699255 0.992154241
vn 0.061761547 0.108697675 0.992154360
vn 0.058094956 0.215256020 0.974828184
vn 0.058094796 0.215252936 0.974828780
vn 0.054340038 0.306222379 0.950407803
vn 0.054838561 0.310307413 0.949053288
vn 0.051955488 0.371007383 0.927175403
vn 0.052927557 0.379039079 0.923865914
vn 0.050261840 0.428705722 0.902044952
vn -0.815789223 -0.567649007 -0.110736474
vn -0.656037927 0.475472212 0.586123168
vn 0.472784460 -0.464700669 -0.748684347
vn -0.113966264 0.652945817 -0.748781383
vn 0.418558657 -0.633868992 0.650398910
vn 0.764309764 0.542178333 0.349103749
vn -0.317784339 -0.300454140 0.899299979
vn -0.322360069 -0.310378879 0.894286811
vn -0.290579677 -0.262100339 0.920253694
vn -0.292348057 -0.265840888 0.918619215
vn -0.227758259 -0.175811484 0.957714200
vn -0.227760285 -0.175814137 0.957713246
vn -0.145904139 -0.065816462 0.987107038
vn -0.145903319 -0.065816864 0.987107158
vn -0.045286447 0.066080660 0.996786058
vn -0.045287516 0.066076405 0.996786296
vn 0.058404278 0.198448524 0.978369713
vn 0.058407299 0.198447764 0.978369594
vn 0.146165177 0.307649940 0.940205991
vn 0.146164939 0.307646632 0.940207064
vn 0.217327237 0.394159138 0.892976820
vn 0.221406370 0.397549212 0.890468359
vn 0.267122060 0.451982230 0.851092279
vn 0.274936020 0.458254874 0.845229387
vn 0.310407043 0.499916047 0.808536649
vn 0.359345734 0.666038930 0.653653443
vn -0.551311612 -0.518321812 -0.653756797
vn 0.649950445 0.646085501 -0.400172323
vn -0.457612395 -0.794039130 0.400115997
vn 0.332265884 -0.410364211 0.849235415
vn 0.342530966 -0.418048888 0.841372550
vn 0.299131393 -0.372547239 0.878481030
vn 0.303078592 -0.375556529 0.875842869
vn 0.220204964 -0.280854911 0.934146821
vn 0.220204517 -0.280852109 0.934147775
vn 0.110490292 -0.152711406 0.982074916
vn 0.110488333 -0.152710527 0.982075214
vn -0.026633261 0.008416039 0.999609888
vn -0.026640965 0.008421528 0.999609590
vn -0.165571377 0.172739297 0.970951736
vn -0.165571794 0.172739297 0.970951676
vn -0.276903003 0.305259824 0.911120832
vn -0.276900381 0.305256218 0.911122859
vn -0.362715304 0.408028752 0.837824643
vn -0.359906435 0.402661324 0.841624141
vn -0.417748749 0.472222835 0.776203275
vn -0.412848443 0.462464482 0.784654617
vn -0.454783469 0.513497174 0.727662444
vn 0.389427215 -0.647308946 -0.655238569
vn -0.865390897 0.295174271 0.404933214
vn 0.679431021 -0.615981698 0.398672968
vn -0.203404292 0.967956126 -0.147267684
vn 0.481213450 -0.830576539 0.280314595
vn -0.012741939 0.021990769 0.999676943
vn -0.229687080 -0.972454786 -0.039693151
vn -0.723642528 -0.119886771 0.679682732
vn -0.463925391 -0.568158448 -0.679683268
vn -0.957879841 0.284412920 0.039694048
vn 0.012742020 -0.021987496 -0.999677062
vn -0.481215239 0.830576479 -0.280311674
vn 0.723642349 0.119879857 -0.679684162
vn 0.229690596 0.972454071 0.039689727
vn 0.957881212 -0.284408063 -0.039693985
vn 0.463923275 0.568157613 0.679685354
vn 0.233605891 -0.302293777 0.924146533
vn 0.237726450 -0.314602107 0.918973148
vn 0.212167680 -0.267112613 0.940019011
vn 0.213735104 -0.271704584 0.938346386
vn 0.163551584 -0.181843311 0.969630778
vn 0.163551897 -0.181845263 0.969630420
vn 0.103265800 -0.075495154 0.991784632
vn 0.103265218 -0.075496063 0.991784573
vn 0.030535622 0.050706334 0.998246670
vn 0.030535774 0.050705872 0.998246729
vn -0.043743793 0.177353457 0.983174562
vn -0.043745965 0.177355126 0.983174205
vn -0.107072107 0.283529431 0.952967286
vn -0.107073635 0.283528745 0.952967346
vn -0.162478730 0.374985099 0.912681162
vn -0.160853028 0.370788544 0.914681435
vn -0.201564670 0.437128305 0.876521885
vn -0.198452801 0.429048747 0.881211460
vn -0.230951607 0.481640518 0.845389724
vn 0.042069845 -0.889509499 -0.454975754
vn -0.883800030 0.443769962 0.148208201
vn 0.792200804 -0.552679241 0.258773178
vn 0.048266947 0.997669041 0.048237082
vn 0.008222701 -0.485558122 0.874165833
vn 0.004231900 -0.495274395 0.868726313
vn 0.013984436 -0.450434238 0.892700136
vn 0.012522904 -0.454082668 0.890871465
vn 0.029507579 -0.368307322 0.929235816
vn 0.029508378 -0.368308187 0.929235339
vn 0.048478417 -0.266778052 0.962537944
vn 0.048477728 -0.266783625 0.962536454
vn 0.069897041 -0.144311622 0.987060606
vn 0.069894873 -0.144316703 0.987059951
vn 0.090463452 -0.017796224 0.995740771
vn 0.090462908 -0.017795980 0.995740891
vn 0.107111447 0.092301160 0.989953399
vn 0.107111298 0.092298299 0.989953697
vn 0.120545477 0.187389791 0.974860966
vn 0.121827252 0.191579908 0.973886669
vn 0.130316332 0.255603015 0.957958698
vn 0.132817805 0.263907641 0.955359697
vn 0.139388070 0.316703469 0.938226998
vn -0.341843843 0.848072350 0.404865503
vn -0.235561714 -0.717953205 -0.655022085
vn -0.022339556 -0.916773796 0.398781627
vn 0.599849463 0.786445200 -0.147257045
vn 0.527817011 -0.253797382 0.810553074
vn 0.539503694 -0.260757476 0.800588071
vn 0.488992274 -0.243149847 0.837713957
vn 0.493476331 -0.245803237 0.834303200
vn 0.392189085 -0.211176157 0.895316899
vn 0.392188728 -0.211177155 0.895316839
vn 0.263181984 -0.165534139 0.950438738
vn 0.263177931 -0.165534511 0.950439811
vn 0.102406666 -0.106601410 0.989014149
vn 0.102403738 -0.106601484 0.989014447
vn -0.064625368 -0.043186847 0.996974707
vn -0.064627677 -0.043186653 0.996974528
vn -0.206066370 0.012233247 0.978461564
vn -0.206063554 0.012231289 0.978462160
vn -0.325581461 0.060372449 0.943584621
vn -0.320709854 0.057284135 0.945443630
vn -0.406646222 0.092674434 0.908873081
vn -0.397425890 0.086668797 0.913532317
vn -0.464288712 0.114837676 0.878207445
vn 0.982846141 0.179811940 0.041001026
vn 0.561813593 -0.773689091 -0.292866319
vn -0.694915116 0.267672241 0.667416334
vn -0.849238694 0.327087045 -0.414497137
vn 0.935291648 -0.274383962 0.223479167
vn 0.031956259 -0.009380029 0.999445260
vn 0.500294566 -0.861940026 -0.082247667
vn -0.403034717 -0.596931636 0.693711460
vn 0.016674858 -0.720055997 -0.693715572
vn -0.886660099 -0.455047756 0.082252160
vn -0.031956073 0.009377545 -0.999445319
vn -0.935291588 0.274384499 -0.223479256
vn 0.403034836 0.596930981 -0.693711996
vn -0.500294447 0.861940026 0.082249016
vn 0.886660397 0.455047339 -0.082252041
vn -0.016674044 0.720054686 0.693717003
vn 0.259495556 -0.089703329 0.961569309
vn 0.268582135 -0.094078153 0.958651662
vn 0.224195316 -0.080804557 0.971188426
vn 0.227557883 -0.082418978 0.970270395
vn 0.144715682 -0.058397580 0.987748504
vn 0.144718572 -0.058398325 0.987748027
vn 0.050506331 -0.030928900 0.998244703
vn 0.050507389 -0.030928910 0.998244703
vn -0.059505545 0.001345347 0.998227060
vn -0.059506215 0.001346419 0.998227060
vn -0.169795007 0.033916194 0.984895587
vn -0.169790044 0.033916287 0.984896481
vn -0.263827801 0.061862934 0.962583959
vn -0.263821065 0.061862078 0.962585926
vn -0.344324410 0.085924909 0.934910476
vn -0.347692281 0.087589696 0.933508575
vn -0.401474476 0.103729039 0.909977198
vn -0.408099473 0.107047938 0.906639755
vn -0.452278197 0.120319948 0.883723736
vn 0.699673295 -0.692084372 0.177416474
vn -0.772882879 0.100347713 0.626563966
vn 0.899344921 0.225471735 -0.374621600
vn -0.826258481 0.365494758 -0.428614646
vn 0.252471715 -0.419374764 0.871999323
vn 0.259091139 -0.434263527 0.862720668
vn 0.223747745 -0.384043843 0.895794213
vn 0.226297170 -0.389723182 0.892695606
vn 0.154285595 -0.289342254 0.944710076
vn 0.154288262 -0.289339602 0.944710374
vn 0.061866682 -0.158674568 0.985390782
vn 0.061869472 -0.158674955 0.985390484
vn -0.051321104 0.003925442 0.998674512
vn -0.051316220 0.003919442 0.998674750
vn -0.164791644 0.169767857 0.971608222
vn -0.164790258 0.169767290 0.971608639
vn -0.255880147 0.305193841 0.917268813
vn -0.255882829 0.305197418 0.917266905
vn -0.327305913 0.413134485 0.849818170
vn -0.325150907 0.407700092 0.853262961
vn -0.373741210 0.482122719 0.792385876
vn -0.369983524 0.472107828 0.800141573
vn -0.405665874 0.527779341 0.746246755
vn 0.615428090 -0.679610014 0.399222434
vn 0.324544221 -0.682648897 -0.654722512
vn -0.913787544 0.365105629 0.178017348
vn -0.026793927 0.996544540 0.078619443
vn 0.454713941 0.202125743 0.867398679
vn 0.470131338 0.204964161 0.858467400
vn 0.414734006 0.183098391 0.891330838
vn 0.420604974 0.184220359 0.888343573
vn 0.310550690 0.138914123 0.940351605
vn 0.310556322 0.138916016 0.940349460
vn 0.169616103 0.080642074 0.982205272
vn 0.169613600 0.080642395 0.982205689
vn -0.004458151 0.008323001 0.999955416
vn -0.004458289 0.008325649 0.999955416
vn -0.181860000 -0.065752730 0.981123686
vn -0.181863010 -0.065751843 0.981123149
vn -0.327747583 -0.126969874 0.936194539
vn -0.327752173 -0.126970544 0.936192811
vn -0.440422207 -0.173045218 0.880956113
vn -0.445991546 -0.176814899 0.877398491
vn -0.513559878 -0.201175511 0.834137201
vn -0.523787558 -0.208283857 0.825993121
vn -0.578126252 -0.228773743 0.783219397
vn 0.966254652 -0.188182160 -0.175895900
vn -0.643708467 -0.397299886 0.654058337
vn 0.562543392 0.823197067 -0.076756038
vn -0.885248423 -0.236897647 -0.400268316
vn 0.858266473 0.509673715 0.060094371
vn 0.169619352 0.100723207 0.980348945
vn 0.951690376 -0.232974157 -0.200021327
vn 0.263045609 -0.641924977 0.720235586
vn 0.437747210 -0.538172603 -0.720241368
vn -0.250906050 -0.947120070 0.200024396
vn -0.169618532 -0.100722954 -0.980349183
vn -0.858267426 -0.509673357 -0.060085293
vn -0.263034523 0.641923010 -0.720241427
vn -0.951690912 0.232972741 0.200020149
vn 0.250905007 0.947120190 -0.200025156
vn -0.437747687 0.538173497 0.720240414
vn 0.291702062 0.189883664 0.937472284
vn 0.300782651 0.193295717 0.933898628
vn 0.261969388 0.170989975 0.949807584
vn 0.265332043 0.172265470 0.948643029
vn 0.193172976 0.129784316 0.972543180
vn 0.193170264 0.129782915 0.972543955
vn 0.110623538 0.081042863 0.990552664
vn 0.110624075 0.081042908 0.990552604
vn 0.013486317 0.023499710 0.999632895
vn 0.013490186 0.023501767 0.999632776
vn -0.084754750 -0.034899928 0.995790541
vn -0.084755078 -0.034899913 0.995790422
vn -0.169289023 -0.085315876 0.981866896
vn -0.169288889 -0.085314773 0.981867015
vn -0.242341146 -0.129010752 0.961575210
vn -0.245885596 -0.130411878 0.960485816
vn -0.295068800 -0.159928039 0.941996515
vn -0.302104384 -0.162691966 0.939289212
vn -0.342774302 -0.187196553 0.920577645
vn 0.877399921 0.272804230 0.394648492
vn -0.546970725 0.027031563 0.836715162
vn 0.557783008 0.580703378 -0.593010664
vn -0.079015292 -0.992385328 -0.094488166
vn -0.803790152 0.120348617 -0.582612813
vn 0.566990376 -0.076986678 0.820118904
vn 0.581512690 -0.082598269 0.809333444
vn 0.524009168 -0.073323533 0.848550558
vn 0.529618561 -0.075435549 0.844874978
vn 0.412004352 -0.058257852 0.909317553
vn 0.412005395 -0.058256947 0.909317255
vn 0.256379247 -0.035576120 0.965921342
vn 0.256381482 -0.035575874 0.965920806
vn 0.059816174 -0.006994339 0.998184919
vn 0.059816334 -0.006994376 0.998184919
vn -0.143415734 0.022486081 0.989407063
vn -0.143415406 0.022486048 0.989407122
vn -0.311165512 0.046763439 0.949204564
vn -0.311159492 0.046763141 0.949206471
vn -0.439135581 0.065245934 0.896048546
vn -0.444920540 0.067278020 0.893039405
vn -0.523713529 0.078684717 0.848252833
vn -0.534299135 0.082522050 0.841257691
vn -0.592104614 0.090680964 0.800742805
vn 0.863660634 -0.343275636 0.369123518
vn -0.823899567 -0.295719624 0.483466208
vn 0.774213433 0.104695752 -0.624205530
vn -0.813936293 0.534257054 -0.228204057
vn 0.188725144 0.415457159 0.889819145
vn 0.193379402 0.423638105 0.884949267
vn 0.178744063 0.383045018 0.906271040
vn 0.180477574 0.386101902 0.904628813
vn 0.153356165 0.309134632 0.938572168
vn 0.153352708 0.309132755 0.938573360
vn 0.121415086 0.219669610 0.967989564
vn 0.121413186 0.219669729 0.967989683
vn 0.082752049 0.112879843 0.990156651
vn 0.082752354 0.112878472 0.990156889
vn 0.042472903 0.003202278 0.999092519
vn 0.042473432 0.003202367 0.999092519
vn 0.006941400 -0.092292711 0.995707750
vn 0.006943716 -0.092288941 0.995708048
vn -0.025385190 -0.179557785 0.983419836
vn -0.024760729 -0.176527873 0.983984232
vn -0.048663154 -0.243524820 0.968673170
vn -0.047415197 -0.237476319 0.970235407
vn -0.066580422 -0.290146858 0.954663217
vn 0.795414090 0.578884840 -0.179468155
vn 0.115753584 -0.866296589 0.485933632
vn -0.219751686 0.972296953 -0.079672962
vn -0.692736745 -0.684459507 -0.227224544
vn 0.430593818 0.185340956 0.883310676
vn -0.767941117 0.509745479 0.387847960
vn -0.650751591 0.579647005 -0.490440398
vn 0.420139790 0.902546823 0.094296545
vn -0.465809166 -0.083658315 -0.880921721
vn 0.685109079 0.230419815 -0.691037118
vn -0.395638674 -0.826860905 -0.399713814
vn 0.777056754 -0.557655752 -0.291895330
vn -0.604755759 -0.522157550 0.601350129
vn 0.651054263 -0.580274224 0.489295661
vn 0.001054120 -0.003039012 0.999994814
vn -0.281864643 -0.519631743 0.806557596
vn 0.404353708 -0.421227038 0.811828852
vn 0.501339495 0.303000003 0.810462654
vn -0.093865588 0.601872563 0.793056548
vn -0.564333320 0.163067818 0.809281766
vn -0.738492310 -0.216402292 0.638591588
vn -0.531257927 -0.550303221 0.644151688
vn -0.120922931 -0.751989603 0.647988677
vn 0.233684793 -0.718695521 0.654880285
vn 0.560709596 -0.535349846 0.631668687
vn 0.776076972 -0.144203782 0.613929808
vn 0.733479083 0.206697345 0.647521913
vn 0.573919594 0.579633772 0.578481615
vn 0.333507210 0.672251046 0.660947382
vn -0.054254748 0.750509202 0.658629298
vn -0.652350962 0.368650168 0.662219942
vn -0.771670222 -0.082026541 0.630711257
vn 0.387374908 -0.714893818 0.582123339
vn 0.740538418 -0.272106647 0.614459872
vn -0.409022391 0.645732462 0.644771457
vn -0.741785347 0.399093211 0.538961172
vn -0.823099673 0.121695220 0.554704666
vn -0.795041800 -0.305199564 0.524177253
vn -0.610294878 -0.597921491 0.519644141
vn -0.301326245 -0.796104610 0.524804831
vn 0.103105560 -0.840462446 0.531970084
vn 0.461944580 -0.727047622 0.507945836
vn 0.688983023 -0.512046874 0.512942851
vn 0.837841630 -0.115515202 0.533551872
vn 0.782053411 0.331089020 0.527989328
vn 0.597711504 0.601875424 0.529610217
vn 0.315861225 0.798293173 0.512796104
vn -0.121252671 0.854297340 0.505444229
vn -0.518009424 0.673518479 0.527294159
vn -0.900938511 -0.126001254 0.415251106
vn -0.826606274 -0.463368326 0.319393277
vn 0.912386417 -0.251831174 0.322695076
vn 0.467960805 0.826222777 0.313637644
vn 0.120521024 0.899600625 0.419753909
vn -0.243610755 0.914646924 0.322606415
vn -0.917972982 0.220125407 0.329955161
vn -0.929723501 -0.099624537 0.354526639
vn -0.566038966 -0.759251416 0.321149826
vn -0.104040913 -0.939080000 0.327573299
vn 0.382355511 -0.863555372 0.328749835
vn 0.747074902 -0.574726045 0.334019482
vn 0.936903119 0.128055915 0.325290978
vn 0.754069746 0.574516296 0.318292111
vn 0.136220336 0.923836172 0.357730120
vn -0.560756087 0.758663833 0.331635088
vn -0.815260112 0.474773586 0.331573755
vn -0.956316411 -0.278561622 0.088670298
vn -0.865080953 -0.491851836 0.098573156
vn -0.260521144 -0.964963377 0.031217292
vn 0.696918011 -0.715458572 0.049237959
vn 0.957322240 0.271303028 0.099643588
vn -0.007138732 0.995245337 0.097138092
vn -0.961269736 0.258380353 0.095916510
vn -0.999177516 0.013304878 0.038305830
vn -0.716197491 -0.697209835 0.030978480
vn -0.491270244 -0.867942154 0.073006213
vn 0.016803117 -0.995672345 0.091401361
vn 0.241265267 -0.966377378 0.088915080
vn 0.489349633 -0.871363282 0.035537630
vn 0.869820118 -0.486178428 0.083925515
vn 0.960920453 -0.260635048 0.093280785
vn 0.999167621 -0.000769609 0.040787764
vn 0.871254146 0.490643233 0.013619985
vn 0.693332016 0.719451487 0.040992003
vn 0.495241433 0.865907848 0.070281386
vn 0.246873856 0.969015300 0.007919909
vn -0.257027149 0.965422332 0.043553792
vn -0.499494970 0.864780188 0.051574633
vn -0.708505750 0.699925184 0.090135671
vn -0.864259064 0.501974404 0.032831714
vn -0.922220826 -0.253110617 -0.292307615
vn -0.814279020 -0.497404277 -0.299230248
vn 0.014128239 -0.951888680 -0.306118131
vn 0.250965267 -0.920808315 -0.298543781
vn 0.835008442 -0.471412152 -0.283780932
vn 0.930573285 -0.224367738 -0.289296448
vn 0.927102685 0.255428523 -0.274293363
vn -0.008772865 0.947803676 -0.318733931
vn -0.679273009 0.670246124 -0.298928648
vn -0.921478450 0.248170242 -0.298812836
vn -0.937038481 0.010317008 -0.349073619
vn -0.657968998 -0.673170984 -0.337517023
vn -0.478182733 -0.814002752 -0.329758734
vn 0.479584128 -0.810832798 -0.335483521
vn 0.654630125 -0.670917988 -0.348322481
vn 0.930824697 -0.007421388 -0.365390807
vn 0.676912963 0.652587771 -0.340467423
vn 0.471508443 0.819017828 -0.326939702
vn -0.235522404 0.905480444 -0.353035837
vn -0.474819005 0.821056128 -0.316881567
vn -0.801061511 0.483079463 -0.353460938
vn -0.244494513 -0.906519175 -0.344159007
vn 0.796249449 0.482099414 -0.365467995
vn 0.262351036 0.897560954 -0.354339153
vn -0.539169371 -0.141024247 -0.830306292
vn -0.387422472 -0.382499963 -0.838807225
vn -0.132063508 -0.539880872 -0.831316888
vn 0.209634334 -0.514291644 -0.831599414
vn 0.499360621 -0.257076770 -0.827375650
vn 0.538447022 0.157308042 -0.827846050
vn 0.332597852 0.437565655 -0.835413098
vn 0.056897089 0.546703815 -0.835390806
vn -0.283698320 0.489246428 -0.824714005
vn -0.513424695 0.203296468 -0.833705962
vn 0.000132073 -0.000024797 -1.000000000
vn -0.429827452 0.072901160 0.899963140
vn 0.218724355 0.975786746 -0.000000053
vn 0.266549319 0.380198389 0.885663927
vn 0.266549975 0.380200595 -0.885662794
vn 0.996644676 0.081850402 0.000002428
vn 0.614411891 -0.102415800 0.782310069
vn 0.853483975 -0.521119058 0.000000701
vn 0.614412546 -0.102413520 -0.782309949
vn -0.268356293 -0.375151485 0.887268960
vn -0.218723536 -0.975786805 0.000001274
vn -0.268356413 -0.375152856 -0.887268364
vn -0.997936904 -0.064202115 0.000000767
vn -0.429831237 0.072899811 -0.899961591
vn -0.865019441 0.501738369 0.000000488
vn -0.046800844 -0.480067939 0.875982046
vn -0.839146554 0.543886960 -0.004479423
vn 0.075522050 0.688329637 0.721456051
vn 0.348376751 0.937340856 -0.005090183
vn 0.046800725 0.480067402 -0.875982344
vn 0.672746360 0.739873230 -0.000000670
vn 0.408071607 0.098245427 0.907648265
vn 0.839146793 -0.543886602 0.004480239
vn 0.401910037 0.103335604 -0.909829676
vn -0.348376483 -0.937340915 0.005089658
vn -0.075521745 -0.688330650 -0.721455038
vn -0.401909977 -0.103335880 0.909829676
vn -0.672749341 -0.739870489 -0.000000014
vn -0.408070505 -0.098246232 -0.907648742
vn 0.237132952 -0.292806357 0.926300406
vn -0.451546252 -0.154356822 0.878794670
vn -0.437612593 -0.145767987 -0.887269378
vn -0.750505447 -0.660864294 0.000000315
vn -0.330071211 0.412111282 0.849245131
vn -0.849790871 0.527107656 -0.003589946
vn -0.452168792 0.889355779 -0.067747645
vn -0.304890901 0.311625093 -0.899961829
vn 0.560057461 0.803873837 0.200306296
vn 0.376125455 0.210185811 -0.902414322
vn 0.453961432 -0.157681063 0.876958191
vn 0.976718545 -0.214502156 -0.003141977
vn 0.816841304 -0.575890183 -0.033478759
vn 0.436870217 -0.443994939 -0.782312572
vn 0.396283001 -0.918115199 0.004936212
vn 0.304891080 0.311625183 0.899961770
vn 0.750506282 -0.660863400 -0.000000289
vn -0.384178877 -0.923258662 -0.000000283
vn -0.436868787 -0.443992943 0.782314360
vn -0.854411364 -0.519597232 0.000000992
vn -0.436869204 -0.443993509 -0.782314062
vn -0.439118177 0.150915831 0.885663390
vn -0.750505984 0.660863638 -0.000000788
vn -0.439117700 0.150915161 -0.885663748
vn 0.404901415 0.914360344 0.000000199
vn 0.304892510 0.311625659 -0.899961174
vn 0.845085263 0.534631550 0.000000227
vn 0.437611967 -0.145767480 0.887269735
vn 0.437613040 -0.145766631 -0.887269378
vn 0.019737048 -0.376269728 0.926299989
vn 0.925602436 0.321148574 0.200309530
vn 0.664096594 -0.747640193 -0.003143847
vn 0.424023300 -0.054171469 -0.904029667
vn 0.274582267 -0.394397497 0.876957953
vn 0.313968182 -0.948710024 -0.037058126
vn -0.207932130 -0.978139102 -0.002855177
vn 0.063493073 -0.431320310 -0.899961889
vn -0.456036448 0.140533835 0.878795266
vn -0.995618045 -0.093513198 -0.000000236
vn -0.443958640 0.136013210 -0.885664225
vn -0.024800664 0.527417243 0.849244475
vn -0.385821491 0.922573507 -0.000000829
vn -0.092462540 0.615983665 -0.782313764
vn 0.167869270 0.983982444 -0.059988316
vn 0.179859579 0.294444829 0.938590884
vn 0.558537543 0.828742504 -0.034953531
vn 0.822380006 -0.502058923 0.267633945
vn 0.628455818 0.032889042 -0.777149737
vn -0.346813381 -0.830738306 0.435424328
vn -0.604335070 -0.668835104 -0.432941884
vn -0.814419448 0.464735419 0.347479224
vn -0.374342918 0.235359311 -0.896924376
vn -0.395218790 0.058181722 0.916742623
vn 0.288548768 0.869512081 -0.400859684
vn 0.777729571 0.512796342 0.363561302
vn 0.386570722 -0.213089019 -0.897304952
vn 0.502451897 -0.807757497 0.308334351
vn -0.661795795 -0.624749601 -0.414384156
vn -0.795167983 0.543327153 -0.269264787
vn 0.167623058 -0.316890091 0.933532655
vn -0.366201371 0.779240251 0.508607209
vn 0.862000287 0.383140743 0.331901520
vn 0.400658607 0.624812961 -0.670135379
vn 0.808672965 -0.496716917 -0.315151483
vn -0.632937670 -0.706927121 0.315664381
vn -0.247591585 -0.353566706 -0.902047098
vn -0.849225223 0.415025085 -0.326451838
vn -0.255683929 0.337128341 0.906074047
vn 0.183249086 0.331569076 -0.925462961
vn 0.614427805 0.744534373 0.261050075
vn 0.468149096 -0.583135545 0.663919747
vn 0.868681788 -0.388201475 -0.307720214
vn -0.290599138 -0.818707168 -0.495248109
vn -0.838018954 -0.408102870 0.362182766
vn -0.804491997 0.465597570 -0.368797660
vn 0.193325207 -0.345806956 0.918173671
vn -0.282709420 0.831043482 0.479001164
vn 0.863576651 0.405043334 0.300291926
vn 0.193323180 0.345814109 -0.918171465
vn 0.863579094 -0.405038267 -0.300291687
vn -0.797162056 -0.449207962 0.403416455
vn -0.282712102 -0.831040621 -0.479004622
vn -0.797160327 0.449212074 -0.403415382
vn -0.193323106 0.345812261 0.918172121
vn 0.282711804 0.831040919 -0.479004174
vn 0.797158897 0.449215680 0.403414339
vn 0.797161341 -0.449210614 -0.403414905
vn 0.282714427 -0.831039310 0.479005635
vn -0.193326458 -0.345805764 -0.918173969
vn -0.863577068 -0.405042142 0.300292492
vn -0.863575876 0.405044973 -0.300291926
vn 0.395216435 -0.058192454 0.916742980
vn -0.502449989 0.807758510 0.308334529
vn 0.661798418 0.624745250 -0.414386541
vn 0.795164585 -0.543332577 -0.269264162
vn -0.777729750 -0.512795687 0.363561511
vn -0.288558155 -0.869508028 -0.400861651
vn -0.386568576 0.213094279 -0.897304595
vn 0.395217627 -0.058178879 0.916743279
vn -0.502447009 0.807760298 0.308334708
vn 0.661794424 0.624753535 -0.414380491
vn 0.795168042 -0.543325484 -0.269268245
vn -0.288559049 -0.869505763 -0.400865853
vn -0.777733147 -0.512791157 0.363560766
vn -0.386570573 0.213096976 -0.897303104
vn 0.179863915 0.294441581 0.938591003
vn 0.558534503 0.828744411 -0.034956947
vn 0.628455460 0.032902114 -0.777149379
vn 0.822379589 -0.502060413 0.267632425
vn -0.346821308 -0.830735028 0.435424417
vn -0.604336023 -0.668838143 -0.432935894
vn -0.814418077 0.464741945 0.347474098
vn -0.374347955 0.235360309 -0.896922052
vn -0.193325475 0.345810682 0.918172240
vn 0.282711715 0.831040919 -0.479004115
vn 0.797157586 0.449216753 0.403415531
vn 0.797160149 -0.449210256 -0.403417647
vn 0.282716304 -0.831039011 0.479004890
vn -0.193324447 -0.345809877 -0.918172717
vn -0.863576710 -0.405041635 0.300294161
vn -0.863576353 0.405043691 -0.300292432
vn -0.395216167 0.058187190 0.916743398
vn 0.777730525 0.512792766 0.363564074
vn 0.288557649 0.869508207 -0.400861531
vn 0.386567950 -0.213091195 -0.897305608
vn 0.502448440 -0.807760298 0.308332533
vn -0.661799312 -0.624745369 -0.414384991
vn -0.795162797 0.543335199 -0.269263983
vn -0.167622924 0.316883415 0.933534980
vn 0.247585148 0.353571475 -0.902047038
vn 0.632934451 0.706930876 0.315662444
vn 0.849226296 -0.415020108 -0.326455176
vn 0.366204023 -0.779239357 0.508606553
vn -0.400664479 -0.624811709 -0.670133054
vn -0.862000823 -0.383138567 0.331902951
vn -0.808671176 0.496721983 -0.315148234
vn 0.193324327 -0.345814556 0.918170989
vn -0.282718837 0.831038594 0.479004115
vn 0.863577247 0.405040026 0.300294638
vn 0.193324462 0.345808625 -0.918173313
vn 0.863574922 -0.405044854 -0.300295204
vn -0.797158360 -0.449214727 0.403416395
vn -0.282717943 -0.831039846 -0.479002625
vn -0.797158539 0.449213803 -0.403417200
vn 0.395214587 -0.058191024 0.916743755
vn -0.502449393 0.807759702 0.308332413
vn 0.661803007 0.624739766 -0.414387673
vn 0.795161426 -0.543338716 -0.269260734
vn -0.288559586 -0.869505346 -0.400866300
vn -0.777733207 -0.512790084 0.363562107
vn -0.386567652 0.213096634 -0.897304475
vn 0.714925230 -0.371597677 0.592281222
vn -0.333837897 0.121238939 0.934801280
vn 0.245686516 -0.954685807 -0.167968214
vn -0.675802529 -0.483725935 0.556147695
vn -0.885604203 -0.356398344 -0.297800899
vn 0.282386631 -0.215360776 -0.934814215
vn 0.676503897 0.484386653 -0.554717958
vn -0.575767398 0.641831577 -0.506501853
vn 0.890728533 0.406610340 0.203152046
vn -0.196959868 0.862529218 0.466101050
vn 0.001594272 -0.001213494 0.999998033
vn -0.421011657 -0.440305561 0.793019712
vn 0.238248765 -0.573148608 0.784052491
vn 0.621317565 -0.084918000 0.778943777
vn 0.379230112 0.496596098 0.780754030
vn -0.231941998 0.582932651 0.778712094
vn -0.612831414 0.161365792 0.773562491
vn -0.762860656 0.172992945 0.622990429
vn -0.667786717 -0.381482780 0.639164925
vn -0.253144801 -0.715912819 0.650681615
vn 0.543834507 -0.735179007 0.404667526
vn 0.660330296 -0.419810176 0.622674346
vn 0.702436864 0.332591057 0.629258037
vn 0.454586715 0.626284540 0.633339345
vn 0.113192126 0.754291117 0.646709025
vn -0.289448172 0.716746688 0.634424150
vn -0.786269605 0.096833393 0.610248685
vn -0.736450970 -0.305677533 0.603490949
vn -0.504011810 -0.624941289 0.596171498
vn 0.145336881 -0.747198641 0.648514807
vn 0.780364215 -0.034349170 0.624381125
vn -0.576206207 0.525662541 0.625831723
vn -0.847619236 -0.081589013 0.524294615
vn -0.736809433 -0.422576487 0.527769923
vn -0.519765735 -0.673014462 0.526208341
vn -0.223279282 -0.830664456 0.510042071
vn 0.111719005 -0.856544435 0.503835976
vn 0.437849700 -0.734425187 0.518562675
vn 0.679517567 -0.523838639 0.513662279
vn 0.826911092 -0.209080443 0.522018790
vn 0.844905138 0.119890645 0.521307528
vn 0.691237688 0.512591362 0.509353101
vn 0.434332013 0.750095546 0.498710662
vn 0.137152016 0.849711537 0.509096920
vn -0.226640448 0.830574512 0.508704305
vn -0.541652799 0.670133531 0.507477522
vn -0.796963632 0.322250098 0.510885358
vn -0.914710462 -0.258703768 0.310446501
vn -0.019479474 -0.953724682 0.300049514
vn 0.260494351 -0.916961610 0.302198678
vn 0.953373551 -0.018726604 0.301211119
vn 0.915619850 0.255982727 0.310021490
vn 0.826484263 0.473144352 0.305054575
vn 0.678988516 0.664454103 0.312210470
vn 0.250571430 0.919895530 0.301672310
vn 0.014311934 0.950777590 0.309543371
vn -0.242045090 0.919620037 0.309375554
vn -0.499641597 0.811122775 0.304036409
vn -0.727409124 0.548124254 0.412838727
vn -0.908597291 0.273717552 0.315483212
vn -0.950175166 0.015558804 0.311328173
vn -0.754743695 -0.578006625 0.310274661
vn -0.370392352 -0.875295401 0.310913861
vn 0.580081105 -0.754634082 0.306648642
vn 0.870033860 -0.381630301 0.312088788
vn 0.477108657 0.819538951 0.317369252
vn -0.723886192 0.590908408 0.356112331
vn -0.960237861 -0.261871964 0.096779734
vn -0.696048141 -0.715751410 0.056717772
vn -0.006345007 -0.998665988 0.051244091
vn 0.964366496 -0.246874034 0.095134445
vn 0.961494803 0.256792426 0.097905107
vn 0.703059971 0.706435263 0.081583478
vn 0.001018689 0.996459007 0.084074162
vn -0.870711386 0.489154637 0.050887149
vn -0.999217093 0.008495184 0.038639154
vn -0.872695088 -0.488245815 0.004388752
vn -0.517653644 -0.848883688 0.106916152
vn -0.262638181 -0.964126945 0.038478244
vn 0.255274892 -0.960631788 0.109642476
vn 0.491722405 -0.870692432 0.010195775
vn 0.714953601 -0.697247207 0.051842734
vn 0.869416475 -0.493938297 0.011825198
vn 0.999497592 0.003729243 0.031476237
vn 0.866577268 0.497515053 0.039021470
vn 0.503896892 0.859345257 0.087256208
vn 0.259847105 0.964955151 0.036620982
vn -0.249139979 0.964197099 0.090848252
vn -0.495345831 0.867502391 0.045520443
vn -0.704624891 0.708887398 0.031343024
vn -0.960568845 0.259620577 0.099522464
vn -0.923192501 -0.238709465 -0.301219970
vn -0.474068135 -0.836463690 -0.274932623
vn 0.260032833 -0.923642933 -0.281543255
vn 0.925474405 -0.234671757 -0.297365695
vn 0.923890233 0.255144686 -0.285180807
vn 0.668143511 0.682275832 -0.296789378
vn 0.468786955 0.838779151 -0.276926517
vn 0.002437486 0.953586876 -0.301108152
vn -0.270646989 0.922807395 -0.274183691
vn -0.919746280 0.252868652 -0.300207078
vn -0.944150567 -0.009934332 -0.329364777
vn -0.664245307 -0.670607746 -0.330247581
vn -0.241038084 -0.911906719 -0.332154781
vn -0.003264889 -0.947582960 -0.319493234
vn 0.670200288 -0.668702483 -0.321975946
vn 0.941557646 -0.002982452 -0.336838722
vn 0.817350507 0.465365887 -0.339665622
vn 0.232730404 0.910253227 -0.342455238
vn -0.493816346 0.804861188 -0.329156607
vn -0.658335984 0.673982859 -0.335172951
vn -0.821333885 0.473785132 -0.317708045
vn -0.811869144 -0.476658523 -0.337142557
vn 0.459886611 -0.814051151 -0.354718268
vn 0.804909706 -0.482951224 -0.344787866
vn -0.557864130 0.052189946 -0.828289807
vn -0.492607355 -0.272553653 -0.826469898
vn -0.274574667 -0.479671359 -0.833381176
vn 0.028057212 -0.567220926 -0.823087633
vn 0.341900349 -0.440315366 -0.830196679
vn 0.515149295 -0.209027484 -0.831221223
vn 0.558392107 0.072356008 -0.826415658
vn 0.440279245 0.340399265 -0.830832422
vn 0.207457379 0.525099576 -0.825367689
vn -0.162233427 0.546197712 -0.821795881
vn -0.447393864 0.334715426 -0.829339683
vn 0.000029294 0.000122721 -1.000000000
vn -0.364178777 0.103783324 0.925528407
vn 0.275095075 0.387502998 0.879866064
vn 0.275096297 0.387502730 -0.879865825
vn 0.219041571 0.975715518 -0.000000159
vn 0.606751204 -0.096937120 0.788959026
vn 0.996643543 0.081863701 -0.000000592
vn 0.895996571 -0.443674386 0.018523922
vn 0.508175433 -0.138496414 -0.850045025
vn 0.000198362 -0.449617535 0.893221259
vn -0.000571167 -0.978091419 -0.208175167
vn -0.617747724 -0.110533997 0.778569162
vn -0.895995378 -0.443676978 0.018522976
vn -0.458837152 -0.138274014 -0.877695143
vn -0.999177516 0.040549904 -0.000000242
vn -0.866578758 0.499040425 -0.000000863
vn -0.363997370 0.096986689 -0.926336646
vn 0.047134612 0.480119735 0.875935793
vn -0.847126126 0.531256676 -0.011992518
vn -0.271128416 0.370608509 -0.888334811
vn 0.292233795 0.956343770 0.002451998
vn 0.706184685 0.705377698 -0.061200511
vn 0.201774254 0.386265218 -0.900047958
vn 0.399717182 0.104001515 0.910719454
vn 0.850946128 -0.524999440 -0.016317137
vn 0.276431739 -0.370574564 -0.886713088
vn -0.075563073 -0.687096775 0.722625911
vn -0.295753330 -0.955263853 0.000981515
vn -0.405902773 -0.099280611 0.908507705
vn -0.714248002 -0.697840095 -0.053563021
vn -0.286164194 -0.551301599 -0.783694208
vn -0.442055732 0.193192348 0.875935793
vn -0.031012416 -0.416714638 0.908508182
vn -0.437859297 -0.148386955 -0.886713386
vn -0.767032206 -0.641496539 -0.011993197
vn -0.824317992 0.566097140 0.005820587
vn -0.435891390 0.442519158 -0.783693492
vn 0.024608174 0.412289947 0.910720289
vn -0.442970574 0.894934714 -0.053562220
vn 0.436252028 0.143333599 -0.888335347
vn 0.762260377 0.647064924 -0.016313365
vn 0.630118370 -0.284189254 0.722625315
vn 0.811926901 -0.583754301 -0.002385662
vn 0.452632606 -0.889594376 -0.061200581
vn 0.305008084 -0.311261952 -0.900047839
vn 0.261652678 0.343049288 0.902139187
vn 0.560164452 -0.804337442 0.198134243
vn -0.442568958 -0.894760847 -0.059463829
vn -0.329719543 -0.410743415 0.850044012
vn -0.849193752 -0.528081477 0.000000364
vn -0.435890228 -0.442519039 -0.783694327
vn -0.408057183 0.150939763 0.900392413
vn -0.979220331 -0.202799439 -0.000000587
vn -0.386734903 0.158264965 -0.908508897
vn -0.351253301 0.936278701 -0.001816844
vn 0.320339918 0.360720575 -0.875935555
vn 0.452484965 0.157831550 0.877693892
vn 0.798358619 0.600978076 -0.038063593
vn 0.976707578 0.214564607 -0.002099135
vn 0.373079628 -0.203068674 -0.905303717
vn -0.020242771 0.376153618 0.926336169
vn 0.453544408 -0.141886517 0.879866898
vn 0.997016847 0.075441092 0.016315430
vn 0.322220981 -0.946663976 -0.000981219
vn 0.342734069 -0.600289226 -0.722624600
vn 0.025318844 -0.526103139 0.850043833
vn -0.097755201 -0.995208263 -0.002102727
vn -0.938411832 -0.283070415 0.198127106
vn -0.313288778 -0.291904896 -0.903682292
vn -0.273294598 0.393653482 0.877694249
vn -0.706229806 0.704801559 -0.067039579
vn -0.201775089 0.386265695 -0.900047600
vn -0.263514996 0.963946998 -0.036961403
vn 0.155087754 0.986178875 0.058301285
vn 0.262246579 0.319086909 -0.910719693
vn 0.193322986 -0.345813364 0.918171763
vn -0.282712847 0.831039488 0.479006141
vn 0.863577127 0.405041933 0.300292611
vn 0.193323329 0.345813811 -0.918171465
vn 0.863578200 -0.405039072 -0.300293297
vn -0.797159672 -0.449212998 0.403415531
vn -0.282711059 -0.831041336 -0.479003966
vn -0.797159791 0.449212223 -0.403416336
vn 0.193323135 -0.345812976 0.918171823
vn -0.282711804 0.831040740 0.479004532
vn 0.863576710 0.405041933 0.300293595
vn 0.193323940 0.345814049 -0.918171287
vn 0.863577902 -0.405039996 -0.300292850
vn -0.797160208 -0.449212164 0.403415531
vn -0.282709956 -0.831041038 -0.479005158
vn -0.797158718 0.449214011 -0.403416336
vn 0.193323880 -0.345812947 0.918171704
vn -0.282710493 0.831040561 0.479005814
vn 0.863577783 0.405040801 0.300292403
vn 0.193324685 0.345812142 -0.918171823
vn 0.863577962 -0.405038834 -0.300294042
vn -0.797159970 -0.449210644 0.403417677
vn -0.282711565 -0.831040919 -0.479004383
vn -0.797159851 0.449211866 -0.403416753
vn 0.193325832 -0.345814079 0.918170869
vn -0.282712489 0.831039548 0.479006141
vn 0.193327680 0.345811725 -0.918171465
vn 0.863579452 0.405037165 0.300292253
vn 0.863577306 -0.405040920 -0.300293267
vn -0.282713830 -0.831039786 -0.479004920
vn -0.797157586 -0.449215859 0.403416634
vn -0.797157705 0.449216813 -0.403415233
vn 0.193324402 -0.345810562 0.918172479
vn -0.282711744 0.831040800 0.479004413
vn 0.193325534 0.345809430 -0.918172717
vn 0.863575935 0.405044198 0.300292909
vn 0.863575876 -0.405043870 -0.300293416
vn -0.282711297 -0.831041336 -0.479003787
vn -0.797159851 -0.449211568 0.403416812
vn -0.797159612 0.449212641 -0.403416097
vn -0.193324313 0.345811397 0.918172240
vn 0.797159970 0.449210376 0.403417915
vn 0.282712758 0.831040978 -0.479003698
vn 0.797159970 -0.449211657 -0.403416544
vn 0.282712132 -0.831040561 0.479004800
vn -0.863577068 -0.405042052 0.300292552
vn -0.193323940 -0.345812708 -0.918171823
vn -0.863577545 0.405040085 -0.300293773
vn 0.193322897 -0.345815599 0.918170989
vn -0.282710195 0.831041515 0.479004323
vn 0.863579214 0.405035734 0.300294816
vn 0.193325222 0.345811397 -0.918172061
vn 0.863578022 -0.405040205 -0.300292253
vn -0.797161520 -0.449211121 0.403414041
vn -0.282710612 -0.831040144 -0.479006112
vn -0.797159493 0.449211419 -0.403417736
vn 0.340580046 -0.063122511 0.938094318
vn -0.001212976 0.999481380 0.032178923
vn 0.996878564 0.016046137 0.077302553
vn 0.201048464 0.313141048 -0.928182244
vn 0.289051771 -0.859207749 -0.422150582
vn -0.717118323 -0.089083560 0.691234708
vn -0.914510012 -0.044583745 -0.402099341
vn -0.264223486 0.340984672 0.902172685
vn -0.611315668 0.774545372 -0.162396386
vn 0.264189720 0.309601039 -0.913428128
vn 0.855456293 0.172384411 0.488342196
vn 0.835461736 -0.409505725 -0.366481543
vn -0.408495486 -0.780501842 0.473231614
vn -0.655550003 -0.575649381 -0.488755643
vn 0.395215064 -0.058186423 0.916743994
vn -0.502446771 0.807760954 0.308333337
vn 0.661797345 0.624747396 -0.414385080
vn 0.795163631 -0.543333709 -0.269264340
vn -0.777729452 -0.512794316 0.363564193
vn -0.288553774 -0.869510293 -0.400859922
vn -0.386569738 0.213091314 -0.897304833
vn 0.395218968 -0.058181908 0.916742563
vn -0.502448320 0.807759225 0.308335692
vn 0.661796033 0.624749839 -0.414383441
vn 0.795167267 -0.543328822 -0.269263655
vn -0.777731359 -0.512793779 0.363560766
vn -0.288558602 -0.869507015 -0.400863439
vn -0.386572540 0.213094696 -0.897302806
vn -0.236040697 0.349008501 0.906905651
vn 0.315479547 0.856976867 -0.407508641
vn 0.914572895 -0.006705075 0.404365540
vn 0.408321172 -0.238717049 -0.881072044
vn -0.363421410 -0.817142189 0.447441071
vn -0.567134500 -0.651679754 -0.503658712
vn -0.839820266 0.484486848 -0.244896889
vn 0.395215213 -0.058189958 0.916743696
vn -0.502447009 0.807761550 0.308331788
vn 0.661801577 0.624741197 -0.414387763
vn 0.795161545 -0.543337822 -0.269262493
vn -0.288559020 -0.869506836 -0.400863469
vn -0.777732611 -0.512790978 0.363561988
vn -0.386568040 0.213096291 -0.897304416
vn 0.395215541 -0.058186375 0.916743696
vn -0.502446592 0.807761431 0.308332443
vn 0.661798596 0.624746144 -0.414384961
vn 0.795163810 -0.543332875 -0.269265234
vn -0.777732968 -0.512790978 0.363561600
vn -0.288559049 -0.869507790 -0.400861263
vn -0.386569053 0.213094950 -0.897304356
vn -0.041637357 0.780740798 0.623466253
vn -0.384571046 -0.418385804 0.822835505
vn 0.647884309 0.723159432 0.239345774
vn 0.662301183 -0.424418956 0.617434859
vn 0.612319052 0.493802220 -0.617434025
vn 0.722552240 -0.648561180 -0.239346519
vn -0.427712381 0.374169290 -0.822836220
vn 0.043354437 -0.780647218 -0.623466372
vn -0.706883788 -0.689875185 -0.156165019
vn -0.777590334 0.609069884 0.156163752
vn 0.004720611 0.008568108 0.999952137
vn -0.580798268 0.101659425 0.807674885
vn -0.483899415 -0.384026706 0.786361814
vn -0.063301705 -0.598964095 0.798269987
vn 0.447764874 -0.382320642 0.808293045
vn 0.579399645 0.122628950 0.805765510
vn 0.481439352 0.474083006 0.737198353
vn -0.150406510 0.543646932 0.825727522
vn -0.769689202 -0.108490676 0.629132986
vn -0.593916476 -0.450331807 0.666681707
vn -0.300700039 -0.674610794 0.674151123
vn 0.107341371 -0.723206878 0.682238758
vn 0.535952926 -0.532475829 0.655151904
vn 0.750152707 -0.109276369 0.652172983
vn 0.281141907 0.705009758 0.651091814
vn -0.100638561 0.765653729 0.635331750
vn -0.533222318 0.535611749 0.654823720
vn -0.747620642 0.160906509 0.644338787
vn -0.734175086 -0.181011036 0.654386759
vn 0.434168756 -0.638211012 0.635754824
vn 0.717899442 -0.294643968 0.630718112
vn 0.786154091 0.065931097 0.614503741
vn 0.722655714 0.273876011 0.634634256
vn 0.452423573 0.617404759 0.643524945
vn 0.080162726 0.775614083 0.626096547
vn -0.400333911 0.667750537 0.627568305
vn -0.683352292 0.376664758 0.625422478
vn -0.839088857 0.098260447 0.535046399
vn -0.778696597 -0.320460588 0.539385378
vn -0.509220243 -0.683641851 0.522808433
vn -0.119084112 -0.846665859 0.518628836
vn 0.222249657 -0.819609225 0.528058589
vn 0.516773045 -0.658623874 0.546955466
vn 0.716008246 -0.425644040 0.553316712
vn 0.824669540 -0.179590613 0.536346257
vn 0.853330910 0.090893269 0.513385773
vn 0.732147813 0.415415972 0.539804757
vn 0.495295912 0.672875166 0.549473345
vn 0.118650332 0.832651377 0.540937960
vn -0.198123515 0.811208248 0.550171137
vn -0.415830404 0.738873720 0.530236483
vn -0.603629529 0.572336495 0.555033684
vn -0.723105490 0.418740779 0.549340248
vn -0.888233721 -0.117175035 0.444197059
vn -0.644968390 -0.683482468 0.341858953
vn -0.351584762 -0.831956983 0.429226935
vn -0.022841871 -0.940196395 0.339866400
vn 0.472331852 -0.817402124 0.329782635
vn 0.662320197 -0.676252365 0.322513074
vn 0.897302449 0.111651704 0.427062482
vn 0.657806933 0.675677419 0.332791477
vn 0.351885945 0.831052423 0.430730015
vn 0.026018312 0.939881623 0.340507954
vn -0.916965067 0.214534998 0.336377591
vn -0.923124492 -0.124160543 0.363903075
vn -0.821313620 -0.460075974 0.337303996
vn -0.329653680 -0.870403528 0.365685791
vn 0.241840541 -0.910569906 0.335224628
vn 0.812898755 -0.474364787 0.337896168
vn 0.910248995 -0.226285473 0.346758902
vn 0.935850441 0.009172321 0.352278024
vn 0.869732916 0.359736949 0.337866932
vn 0.329509318 0.870495558 0.365596980
vn -0.245113939 0.906735718 0.343146443
vn -0.575974941 0.744368911 0.337887168
vn -0.814012706 0.474299580 0.335295916
vn -0.998382270 0.011058772 0.055773143
vn -0.503806293 -0.861974418 0.056385972
vn 0.000964188 -0.991740942 0.128253907
vn 0.861771166 0.504606426 0.052180234
vn 0.503835678 0.861971080 0.056172494
vn 0.002564919 0.992874742 0.119135492
vn -0.484457701 0.868258297 0.106902964
vn -0.951936126 -0.276414722 0.131957069
vn -0.871826410 -0.486780792 0.054435696
vn -0.704654932 -0.698520660 0.124620967
vn -0.256117105 -0.965928793 0.037223045
vn 0.256848365 -0.965864599 0.033683021
vn 0.492205918 -0.860591114 0.130829856
vn 0.700576961 -0.710931063 0.061391558
vn 0.858360767 -0.499620795 0.116601512
vn 0.959351480 -0.257974803 0.114427991
vn 0.998798013 0.007850945 0.048382845
vn 0.964030325 0.228182673 0.136302218
vn 0.704095840 0.697517514 0.133110479
vn 0.255809188 0.966007710 0.037293151
vn -0.257305235 0.960292161 0.107855774
vn -0.701670170 0.710945249 0.047073007
vn -0.858300030 0.499702096 0.116700254
vn -0.957730651 0.260667145 0.121674635
vn -0.960513830 -0.252875298 -0.116048694
vn -0.703246891 -0.701723516 -0.114139818
vn -0.001729038 -0.993047178 -0.117704354
vn 0.499763012 -0.858381152 -0.115839526
vn 0.852902591 -0.510271013 -0.110366970
vn 0.962345302 -0.247797176 -0.111750320
vn 0.958696783 0.258591741 -0.118452325
vn 0.700421691 0.704179943 -0.116361775
vn 0.009484915 0.993571162 -0.112810843
vn -0.257774800 0.960415006 -0.105618171
vn -0.507623732 0.854641199 -0.109117217
vn -0.852755666 0.510490477 -0.110486597
vn -0.963103294 0.245164111 -0.111025460
vn -0.941489816 0.002719498 -0.337030500
vn -0.816055596 -0.466633081 -0.341037959
vn -0.473253310 -0.811099052 -0.343729287
vn -0.249874115 -0.909808815 -0.331377476
vn 0.231282189 -0.906338811 -0.353636056
vn 0.666756034 -0.652332783 -0.360414177
vn 0.936395168 0.010800814 -0.350781262
vn 0.812259972 0.475093544 -0.338407993
vn 0.465326041 0.815906584 -0.343173683
vn 0.233322695 0.907758117 -0.348619670
vn -0.664624333 0.669567525 -0.331592828
vn -0.889451802 -0.249080896 -0.383189321
vn -0.645185351 -0.662140310 -0.381190449
vn 0.015696015 -0.918668807 -0.394716918
vn 0.461928755 -0.815668941 -0.348290145
vn 0.792678654 -0.471196115 -0.386826545
vn 0.900935531 -0.243667543 -0.359083951
vn 0.891919017 0.228845313 -0.390013456
vn 0.646298945 0.664890230 -0.374457777
vn -0.003096141 0.927842140 -0.372960269
vn -0.254183829 0.890998006 -0.376182497
vn -0.450518459 0.812418461 -0.370147854
vn -0.808795810 0.449356407 -0.379378915
vn -0.885927200 0.258688450 -0.384984851
vn -0.544659257 0.010546193 -0.838591099
vn -0.434815317 -0.320544064 -0.841538608
vn -0.153446019 -0.527537525 -0.835558891
vn 0.276966542 -0.478929520 -0.833016276
vn 0.534018457 -0.127070963 -0.835869193
vn 0.474946290 0.266701519 -0.838627756
vn 0.223711029 0.490885228 -0.842012525
vn -0.068365104 0.536253691 -0.841283679
vn -0.394707024 0.388765275 -0.832507074
vn 0.000054862 -0.000111875 -1.000000000
vn 0.423348427 0.066146322 0.903549075
vn -0.184537917 0.288054347 0.939665139
vn 0.046192568 0.998932600 0.000000415
vn -0.184537962 0.288054079 -0.939665198
vn 0.896612287 0.442816466 -0.000000564
vn 0.423348576 0.066146426 -0.903548896
vn 0.998266935 -0.058848560 -0.000000383
vn 0.184269309 -0.283771902 0.941019773
vn 0.943679810 -0.330860347 -0.000001064
vn 0.184268594 -0.283771455 -0.941020131
vn -0.046193179 -0.998932481 0.000001009
vn -0.888476729 -0.458921760 0.000000226
vn -0.581615508 -0.091251202 -0.808329642
vn -0.581617057 -0.091250882 0.808328509
vn -0.997324884 0.073097311 -0.000001246
vn -0.943679571 0.330860734 -0.000000233
vn -0.027705697 -0.369919568 0.928650618
vn -0.931113422 0.326420516 0.162719131
vn -0.371912032 -0.068563461 -0.925732434
vn 0.033716597 0.501703560 0.864382327
vn -0.168400168 0.984438241 -0.050225858
vn 0.092945494 0.581350803 -0.808326900
vn 0.377710998 0.925923645 0.000002342
vn 0.342788577 0.091899790 0.934906721
vn 0.606279016 0.795252025 0.000001166
vn 0.330981106 0.086492866 -0.939665139
vn 0.935765922 -0.352622032 -0.000001543
vn 0.143763199 -0.989602804 -0.004287024
vn -0.067914069 -0.423073202 -0.903546870
vn -0.316734076 -0.947852433 -0.035429675
vn -0.250984311 -0.379723132 0.890402913
vn -0.663558722 -0.747964799 0.015444192
vn 0.381377637 -0.195325613 0.903548062
vn -0.017719669 -0.337886512 0.941020072
vn -0.624528825 -0.781001866 -0.000001721
vn -0.017718533 -0.337887257 -0.941019833
vn -0.524174452 0.268042803 0.808328032
vn -0.988540232 0.150958166 -0.000001643
vn -0.524174511 0.268043071 -0.808327913
vn -0.763887346 0.645349622 0.000001807
vn 0.020019935 0.341509104 0.939665258
vn -0.568978131 0.822352707 -0.000001968
vn 0.020019947 0.341507971 -0.939665675
vn 0.624529362 0.781001389 -0.000001068
vn 0.985655546 -0.168769822 -0.000000864
vn 0.381376892 -0.195324615 -0.903548539
vn 0.773024559 -0.634376109 -0.000001816
vn 0.568978727 -0.822352350 0.000001356
vn -0.381376803 -0.195324779 0.903548658
vn 0.017719395 -0.337886870 0.941019952
vn 0.624526799 -0.781003296 -0.000001009
vn 0.017719122 -0.337888002 -0.941019535
vn -0.568978369 -0.822352529 0.000001137
vn -0.773024499 -0.634376287 -0.000000486
vn -0.381375968 -0.195324510 -0.903548956
vn -0.985655546 -0.168769687 -0.000000705
vn -0.020019192 0.341509551 0.939665079
vn -0.624529302 0.781001449 -0.000000119
vn -0.020020038 0.341508597 -0.939665377
vn 0.568978786 0.822352171 -0.000002464
vn 0.763886988 0.645350099 0.000003951
vn 0.524174154 0.268042386 0.808328390
vn 0.988540113 0.150958240 -0.000001008
vn 0.524174750 0.268043220 -0.808327734
vn 0.027705196 -0.369918883 0.928650916
vn 0.931113303 0.326420307 0.162719846
vn 0.663559258 -0.747964323 0.015445023
vn 0.387621313 -0.073096901 -0.918915987
vn 0.250982821 -0.379722923 0.890403450
vn 0.323275715 -0.945627332 -0.035801869
vn -0.159554020 -0.985892773 0.050575797
vn 0.033717524 -0.501703978 -0.864382029
vn -0.387621403 0.073093183 0.918916285
vn -0.931113064 -0.326420486 -0.162721232
vn -0.663559020 0.747964561 -0.015443862
vn -0.250986695 0.379728168 -0.890400052
vn -0.033715822 0.501701415 0.864383578
vn -0.323274672 0.945627689 0.035803076
vn 0.159554809 0.985892415 -0.050579846
vn -0.027706807 0.369919181 -0.928650737
vn -0.167615712 0.316888034 0.933534682
vn 0.632935345 0.706929028 0.315664619
vn 0.247587681 0.353569597 -0.902047098
vn 0.849227786 -0.415019542 -0.326452017
vn 0.366197675 -0.779244363 0.508603573
vn -0.862002075 -0.383137852 0.331900597
vn -0.400658458 -0.624814272 -0.670134306
vn -0.808673143 0.496718496 -0.315148473
vn -0.255686134 0.337130278 0.906072736
vn 0.183248237 0.331567883 -0.925463617
vn 0.614425898 0.744536161 0.261049479
vn 0.468151987 -0.583129346 0.663923144
vn 0.868682623 -0.388201416 -0.307717621
vn -0.290601134 -0.818705261 -0.495250136
vn -0.838021338 -0.408102036 0.362178028
vn -0.804487467 0.465605676 -0.368797004
vn 0.183247849 -0.331570953 0.925462544
vn -0.290601075 0.818706393 0.495248437
vn 0.868683457 0.388200432 0.307716638
vn 0.468153507 0.583131015 -0.663920581
vn 0.614427149 -0.744535267 -0.261048794
vn -0.804488540 -0.465604544 0.368796229
vn -0.255684555 -0.337130368 -0.906073153
vn -0.838020205 0.408102274 -0.362180471
vn -0.167615429 0.316886336 0.933535278
vn 0.247579217 0.353573322 -0.902047992
vn 0.632933736 0.706929386 0.315667242
vn 0.849228382 -0.415020734 -0.326449305
vn 0.366199702 -0.779241800 0.508606017
vn -0.400665015 -0.624809623 -0.670134664
vn -0.862000942 -0.383142650 0.331897855
vn -0.808673024 0.496717721 -0.315149784
vn 0.193324402 -0.345808864 0.918173075
vn -0.282711238 0.831042588 0.479001641
vn 0.863577485 0.405041724 0.300291747
vn 0.193321541 0.345808327 -0.918173969
vn 0.863577545 -0.405042589 -0.300290436
vn -0.797159970 -0.449213237 0.403414726
vn -0.282714039 -0.831042290 -0.479000479
vn -0.797161460 0.449211061 -0.403414160
vn 0.200491339 -0.344784230 0.917020738
vn -0.287253052 0.832010925 0.474598378
vn 0.204710141 0.341699243 -0.917243361
vn 0.863574743 0.405048132 0.300291300
vn 0.857336342 -0.414188713 -0.305650473
vn -0.336986750 -0.812464118 -0.475754201
vn -0.771427989 -0.465397745 0.433939844
vn -0.798883140 0.464405924 -0.382247418
vn -0.193320736 0.345810533 0.918173373
vn 0.797158062 0.449215084 0.403416514
vn 0.282714188 0.831043005 -0.478999197
vn 0.797158718 -0.449215204 -0.403415293
vn 0.282716364 -0.831040382 0.479002416
vn -0.863577485 -0.405044198 0.300288379
vn -0.193321824 -0.345805675 -0.918174922
vn -0.863576353 0.405043274 -0.300293237
vn -0.247587606 0.353566796 0.902048171
vn 0.167618990 0.316885233 -0.933535039
vn 0.808673680 0.496718615 0.315146923
vn 0.400662243 -0.624813318 0.670132875
vn 0.862001717 -0.383139670 -0.331899196
vn -0.366197258 -0.779244006 -0.508604169
vn -0.849226534 -0.415019840 0.326454848
vn -0.632934213 0.706930459 -0.315663666
vn 0.193324760 -0.345807910 0.918173432
vn -0.282713830 0.831041694 0.479001880
vn 0.863575161 0.405047297 0.300290883
vn 0.193323046 0.345809430 -0.918173194
vn 0.863576591 -0.405046165 -0.300288260
vn -0.797158897 -0.449216783 0.403412968
vn -0.282714456 -0.831040621 -0.479003221
vn -0.797158062 0.449216843 -0.403414458
vn 0.200491309 -0.344783932 0.917020917
vn -0.287253380 0.832010984 0.474597931
vn 0.863574386 0.405047476 0.300292909
vn 0.204710409 0.341697991 -0.917243779
vn 0.857337475 -0.414184660 -0.305652618
vn -0.771427989 -0.465397745 0.433939785
vn -0.336986303 -0.812464297 -0.475754201
vn -0.798880637 0.464409292 -0.382248223
vn -0.247581422 0.353568852 0.902049124
vn -0.632934153 0.706930280 -0.315664321
vn 0.167615339 0.316883773 -0.933536232
vn 0.808673799 0.496717781 0.315148085
vn 0.400664032 -0.624810934 0.670134068
vn 0.862000108 -0.383139938 -0.331903130
vn -0.366198808 -0.779241920 -0.508606434
vn -0.849228978 -0.415018201 0.326450706
vn 0.167617843 -0.316885531 0.933535218
vn -0.366197348 0.779244006 0.508604288
vn 0.862001598 0.383139104 0.331900060
vn 0.400659561 0.624813676 -0.670134127
vn 0.808671892 -0.496718735 -0.315151185
vn -0.632933617 -0.706931591 0.315662414
vn -0.247589678 -0.353565723 -0.902048051
vn -0.849228501 0.415018529 -0.326451421
vn -0.193323269 0.345810026 0.918172956
vn 0.282712907 0.831042886 -0.479000211
vn 0.797157466 0.449216634 0.403415859
vn 0.797161043 -0.449212998 -0.403412938
vn 0.282714248 -0.831040084 0.479004264
vn -0.193324983 -0.345807076 -0.918173730
vn -0.863575935 -0.405046314 0.300290346
vn -0.863574505 0.405048192 -0.300291657
vn -0.167610541 0.316886544 0.933536172
vn 0.632937551 0.706927478 0.315663874
vn 0.247586399 0.353567481 -0.902048230
vn 0.849227309 -0.415019929 -0.326452792
vn 0.366199613 -0.779244602 0.508601665
vn -0.862000287 -0.383139908 0.331902564
vn -0.400659591 -0.624814272 -0.670133591
vn -0.808674276 0.496716738 -0.315148205
vn 0.695698857 -0.496597618 0.519031703
vn -0.051895570 0.490289092 0.870013595
vn 0.057212923 -0.957465529 -0.282818794
vn -0.685260057 -0.443028480 0.578052282
vn 0.337645173 0.118013471 -0.933846116
vn -0.882975578 0.070274279 -0.464129001
vn -0.257997543 0.957465053 -0.129220858
vn 0.936049998 0.348370433 0.049482517
vn -0.000795788 0.000891632 0.999999285
vn -0.120016128 0.370535314 0.921031952
vn 0.018313138 0.901669085 0.432038635
vn 0.016388733 0.897683680 -0.440335602
vn -0.131854489 0.347894818 -0.928215325
vn 0.621586502 0.646556377 0.442261308
vn 0.624627352 0.650525212 -0.432038844
vn 0.373270661 0.118915580 0.920069695
vn 0.901668847 -0.018312704 0.432039261
vn 0.901246011 -0.013744333 -0.433089584
vn 0.344129801 0.204678997 -0.916341186
vn 0.646346390 -0.623169780 0.440336108
vn 0.629647374 -0.634288788 -0.448577613
vn 0.198608756 -0.177991211 -0.963780940
vn 0.144038811 -0.358321041 0.922420144
vn -0.018195868 -0.896437764 0.442796052
vn 0.018312819 -0.901669025 -0.432038993
vn -0.620380580 -0.652496815 0.435173362
vn -0.645026684 -0.631052196 -0.430945098
vn -0.121252336 -0.377335250 -0.918104529
vn -0.367284983 -0.150504231 0.917850852
vn -0.900060594 0.022697790 0.435173273
vn -0.905646324 0.000006334 -0.424033910
vn -0.394579798 -0.001108536 -0.918861032
vn -0.646888614 0.619342089 0.444916278
vn -0.644519329 0.632432640 -0.429678798
vn -0.120872721 0.273383290 0.954280615
vn 0.109569453 0.421506077 0.900181711
vn -0.071246929 0.997104943 -0.026564037
vn 0.116350055 0.371856660 -0.920969784
vn 0.605535924 0.795783639 -0.007390127
vn 0.344648182 -0.000195954 0.938731968
vn 0.988184571 -0.001437812 -0.153261885
vn 0.095495619 -0.416666925 0.904029429
vn 0.605536163 -0.795783460 -0.007390060
vn 0.120062329 -0.336724520 -0.933917403
vn -0.071246967 -0.997105002 0.026562689
vn -0.274246693 -0.178743705 0.944901824
vn -0.537289083 -0.842316031 -0.042712379
vn -0.112245634 -0.272054434 -0.955713034
vn -1.000000000 -0.000000065 -0.000000692
vn -0.274246126 0.178743795 -0.944901943
vn -0.537289739 0.842315495 0.042712249
vn -0.281905472 -0.044638541 0.958403230
vn -0.369236529 0.244714648 0.896537304
vn -0.970319867 0.240362152 -0.026562434
vn -0.546360672 0.837346852 0.018447792
vn -0.317703724 0.225565687 -0.920969367
vn 0.263866156 0.954357088 -0.139918625
vn 0.247035444 0.239188507 0.939022064
vn 0.963710427 0.265342861 -0.029247833
vn 0.369218737 -0.230111748 0.900403380
vn 0.956450820 -0.290676892 0.026626008
vn 0.357345223 0.010132667 -0.933917403
vn 0.555304110 -0.831587434 -0.009991433
vn 0.224053070 -0.190821588 -0.955713034
vn -0.256586909 -0.959711969 0.114525601
vn -0.262753963 -0.244895935 -0.933266461
vn -0.968867600 -0.247118250 0.015105404
vn -0.062901877 -0.292218596 0.954280674
vn -0.546609879 -0.837387443 -0.000000588
vn -0.336398870 -0.276602268 0.900181651
vn -0.957638621 -0.287878126 -0.007390115
vn -0.295053989 -0.201845229 -0.933917344
vn -0.278710693 0.202736869 0.938732266
vn -0.800304532 0.579675794 -0.153260216
vn -0.022138940 0.999727666 -0.007389367
vn 0.167653188 0.393222868 0.904028893
vn 0.661593199 0.749862969 -0.000000144
vn 0.124442756 0.369227350 -0.920969784
vn 0.326932698 -0.016591815 0.944901943
vn 0.900585532 0.434678912 -0.000000606
vn 0.326932102 -0.016591601 -0.944902122
vn 0.756033599 -0.654532850 0.000000086
vn 0.029615603 -0.999561369 -0.000000156
vn -0.069100551 -0.286073416 -0.955712914
vn -0.062902190 0.292218894 0.954280615
vn 0.167653129 -0.393222421 0.904029071
vn 0.643723547 -0.764796972 0.026563201
vn -0.022139659 -0.999727547 -0.007390332
vn 0.100789160 -0.342987478 -0.933917105
vn -0.278710335 -0.202737331 0.938732266
vn -0.798613727 -0.582002640 -0.153261244
vn -0.336399674 0.276603073 0.900181174
vn -0.957638681 0.287877977 -0.007389722
vn -0.528443575 0.848552763 -0.026563847
vn -0.312701106 0.232449517 -0.920969665
vn -0.060424771 0.997258484 0.042711958
vn 0.116805814 0.305804104 -0.944902241
vn 0.326932579 0.016590711 0.944902062
vn 0.809016705 0.587785661 -0.000000951
vn 0.929776907 -0.365637064 -0.042712573
vn 0.250718057 -0.154120490 -0.955713093
vn -0.222651735 -0.199437290 0.954280436
vn 0.970319569 0.240362838 0.026563693
vn 0.967121422 -0.250702620 -0.042712010
vn 0.293425322 -0.022682540 -0.955712855
vn 0.254741699 -0.205588460 0.944902122
vn 0.309017599 -0.951056302 0.000000216
vn -0.635059118 -0.771281838 0.042711992
vn -0.085249580 -0.316057950 -0.944902122
vn -0.434737295 -0.026045235 0.900180638
vn -0.926286578 -0.375882387 -0.026563182
vn -0.943956077 0.329988390 -0.007389868
vn -0.389611721 -0.004254459 -0.920969367
vn -0.106315717 0.327840030 0.938732088
vn -0.303999096 0.940263510 -0.153261662
vn 0.366764545 0.219579518 0.904029131
vn 0.569713593 0.821810067 -0.007390050
vn 0.283142567 0.218240365 -0.933917344
usemtl field_material_05
f 2//2 8//8 3//3
f 6//6 5//5 10//10
f 3//3 9//9 4//4
f 2//2 1//1 7//7
f 5//5 9//9 10//10
f 9//9 14//14 10//10
f 7//7 12//12 8//8
f 6//6 10//10 14//14
f 8//8 13//13 9//9
f 7//7 1//1 11//11
f 14//14 17//17 18//18
f 11//11 16//16 12//12
f 6//6 14//14 18//18
f 12//12 17//17 13//13
f 11//11 1//1 15//15
f 17//17 22//22 18//18
f 15//15 20//20 16//16
f 6//6 18//18 22//22
f 16//16 21//21 17//17
f 15//15 1//1 19//19
f 22//22 25//25 26//26
f 19//19 24//24 20//20
f 6//6 22//22 26//26
f 20//20 25//25 21//21
f 19//19 1//1 23//23
f 25//25 30//30 26//26
f 23//23 28//28 24//24
f 6//6 26//26 30//30
f 24//24 29//29 25//25
f 23//23 1//1 27//27
f 30//30 33//33 34//34
f 27//27 32//32 28//28
f 6//6 30//30 34//34
f 28//28 33//33 29//29
f 27//27 1//1 31//31
f 33//33 5//5 34//34
f 31//31 3//3 32//32
f 6//6 34//34 5//5
f 32//32 4//4 33//33
f 31//31 1//1 2//2
f 35//35 38//38 37//37
f 37//37 40//40 39//39
f 40//40 41//41 39//39
f 41//41 44//44 43//43
f 44//44 42//42 40//40
f 43//43 46//46 45//45
f 46//46 35//35 45//45
f 43//43 45//45 37//37
usemtl field_material_17
f 47//47 50//50 49//49
f 50//50 51//51 49//49
f 52//52 53//53 51//51
f 54//54 55//55 53//53
f 56//56 57//57 55//55
f 58//58 59//59 57//57
f 59//59 62//62 61//61
f 62//62 63//63 61//61
f 63//63 64//64 65//65
usemtl field_material_05
f 69//69 68//68 66//66
f 67//67 70//70 68//68
f 70//70 67//67 66//66
usemtl field_material_17
f 71//71 74//74 73//73
f 74//74 75//75 73//73
f 75//75 78//78 77//77
f 78//78 79//79 77//77
f 79//79 82//82 81//81
f 82//82 83//83 81//81
f 83//83 86//86 85//85
f 85//85 88//88 87//87
f 87//87 88//88 89//89
usemtl field_material_05
f 91//91 92//92 90//90
f 93//93 90//90 92//92
usemtl field_material_17
f 94//94 97//97 96//96
f 96//96 99//99 98//98
f 99//99 100//100 98//98
f 101//101 102//102 100//100
f 103//103 104//104 102//102
f 104//104 107//107 106//106
f 107//107 108//108 106//106
f 109//109 110//110 108//108
usemtl field_material_05
f 113//113 115//115 114//114
f 114//114 117//117 116//116
f 115//115 113//113 116//116
f 118//118 121//121 120//120
f 121//121 122//122 120//120
f 123//123 124//124 122//122
f 124//124 127//127 126//126
f 125//125 123//123 119//119
f 126//126 129//129 128//128
f 129//129 118//118 128//128
f 124//124 126//126 128//128
usemtl field_material_07
f 130//130 133//133 132//132
f 132//132 135//135 134//134
f 135//135 136//136 134//134
f 136//136 139//139 138//138
f 139//139 140//140 138//138
f 141//141 142//142 140//140
f 143//143 144//144 142//142
f 145//145 146//146 144//144
f 146//146 147//147 148//148
usemtl field_material_05
f 149//149 151//151 150//150
f 153//153 152//152 150//150
f 153//153 149//149 152//152
usemtl field_material_07
f 154//154 157//157 156//156
f 157//157 158//158 156//156
f 159//159 160//160 158//158
f 160//160 163//163 162//162
f 163//163 164//164 162//162
f 164//164 167//167 166//166
f 167//167 168//168 166//166
f 169//169 170//170 168//168
f 170//170 171//171 172//172
usemtl field_material_05
f 176//176 175//175 173//173
f 174//174 177//177 176//176
f 174//174 173//173 175//175
usemtl field_material_07
f 178//178 181//181 180//180
f 181//181 182//182 180//180
f 183//183 184//184 182//182
f 185//185 186//186 184//184
f 186//186 189//189 188//188
f 189//189 190//190 188//188
f 191//191 192//192 190//190
f 193//193 194//194 192//192
usemtl field_material_05
f 200//200 199//199 197//197
f 199//199 198//198 197//197
f 201//201 204//204 203//203
f 203//203 206//206 205//205
f 205//205 208//208 207//207
f 207//207 210//210 209//209
f 210//210 208//208 206//206
f 210//210 211//211 209//209
f 211//211 202//202 201//201
f 207//207 209//209 211//211
usemtl field_material_07
f 214//214 215//215 213//213
f 215//215 218//218 217//217
f 218//218 219//219 217//217
f 219//219 222//222 221//221
f 221//221 224//224 223//223
f 224//224 225//225 223//223
f 225//225 228//228 227//227
f 227//227 230//230 229//229
usemtl field_material_05
f 233//233 234//234 232//232
f 235//235 232//232 234//234
usemtl field_material_07
f 237//237 238//238 236//236
f 239//239 240//240 238//238
f 241//241 242//242 240//240
f 243//243 244//244 242//242
f 245//245 246//246 244//244
f 246//246 249//249 248//248
f 248//248 251//251 250//250
f 251//251 252//252 250//250
f 252//252 253//253 254//254
usemtl field_material_05
f 257//257 255//255 258//258
f 257//257 256//256 255//255
f 259//259 258//258 256//256
usemtl field_material_07
f 261//261 262//262 260//260
f 263//263 264//264 262//262
f 264//264 267//267 266//266
f 266//266 269//269 268//268
f 268//268 271//271 270//270
f 270//270 273//273 272//272
f 272//272 275//275 274//274
f 274//274 277//277 276//276
usemtl field_material_05
f 280//280 279//279 281//281
f 282//282 281//281 279//279
f 284//284 285//285 283//283
f 285//285 288//288 287//287
f 288//288 289//289 287//287
f 290//290 291//291 289//289
f 290//290 288//288 284//284
f 291//291 294//294 293//293
f 294//294 283//283 293//293
f 291//291 293//293 285//285
usemtl field_material_07
f 296//296 297//297 295//295
f 297//297 300//300 299//299
f 299//299 302//302 301//301
f 302//302 303//303 301//301
f 304//304 305//305 303//303
f 305//305 308//308 307//307
f 308//308 309//309 307//307
f 310//310 311//311 309//309
usemtl field_material_05
f 315//315 316//316 314//314
f 316//316 317//317 314//314
usemtl field_material_07
f 319//319 320//320 318//318
f 320//320 323//323 322//322
f 322//322 325//325 324//324
f 324//324 327//327 326//326
f 327//327 328//328 326//326
f 328//328 331//331 330//330
f 331//331 332//332 330//330
f 333//333 334//334 332//332
usemtl field_material_05
f 338//338 339//339 337//337
f 341//341 340//340 339//339
f 340//340 338//338 337//337
f 337//337 339//339 340//340
usemtl field_material_07
f 343//343 344//344 342//342
f 344//344 347//347 346//346
f 347//347 348//348 346//346
f 348//348 351//351 350//350
f 351//351 352//352 350//350
f 352//352 355//355 354//354
f 355//355 356//356 354//354
f 356//356 359//359 358//358
usemtl field_material_05
f 362//362 361//361 363//363
f 364//364 363//363 361//361
f 366//366 367//367 365//365
f 367//367 370//370 369//369
f 369//369 372//372 371//371
f 372//372 373//373 371//371
f 372//372 370//370 366//366
f 373//373 376//376 375//375
f 375//375 366//366 365//365
f 371//371 373//373 375//375
usemtl field_material_17
f 377//377 380//380 379//379
f 379//379 382//382 381//381
f 381//381 384//384 383//383
f 383//383 386//386 385//385
f 386//386 387//387 385//385
f 388//388 389//389 387//387
f 390//390 391//391 389//389
f 392//392 393//393 391//391
f 393//393 394//394 395//395
usemtl field_material_05
f 396//396 399//399 398//398
f 398//398 397//397 396//396
usemtl field_material_17
f 401//401 402//402 400//400
f 403//403 404//404 402//402
f 404//404 407//407 406//406
f 407//407 408//408 406//406
f 409//409 410//410 408//408
f 410//410 413//413 412//412
f 413//413 414//414 412//412
f 415//415 416//416 414//414
f 416//416 417//417 418//418
usemtl field_material_05
f 422//422 421//421 419//419
f 424//424 423//423 421//421
f 423//423 420//420 419//419
usemtl field_material_17
f 426//426 427//427 425//425
f 427//427 430//430 429//429
f 430//430 431//431 429//429
f 431//431 434//434 433//433
f 433//433 436//436 435//435
f 435//435 438//438 437//437
f 438//438 439//439 437//437
f 440//440 441//441 439//439
f 441//441 442//442 443//443
usemtl field_material_05
f 447//447 446//446 444//444
f 445//445 444//444 446//446
f 448//448 451//451 450//450
f 451//451 452//452 450//450
f 452//452 455//455 454//454
f 455//455 456//456 454//454
f 457//457 455//455 453//453
f 457//457 458//458 456//456
f 459//459 448//448 458//458
f 456//456 458//458 450//450
usemtl field_material_07
f 461//461 462//462 460//460
f 462//462 465//465 464//464
f 464//464 467//467 466//466
f 467//467 468//468 466//466
f 469//469 470//470 468//468
f 471//471 472//472 470//470
f 473//473 474//474 472//472
f 475//475 476//476 474//474
usemtl field_material_05
f 480//480 479//479 483//483
f 482//482 481//481 479//479
f 481//481 484//484 483//483
f 479//479 481//481 483//483
usemtl field_material_07
f 485//485 488//488 487//487
f 488//488 489//489 487//487
f 489//489 492//492 491//491
f 492//492 493//493 491//491
f 494//494 495//495 493//493
f 496//496 497//497 495//495
f 498//498 499//499 497//497
f 500//500 501//501 499//499
usemtl field_material_05
f 504//504 505//505 507//507
f 506//506 507//507 505//505
usemtl field_material_07
f 508//508 511//511 510//510
f 510//510 513//513 512//512
f 513//513 514//514 512//512
f 514//514 517//517 516//516
f 516//516 519//519 518//518
f 519//519 520//520 518//518
f 521//521 522//522 520//520
f 523//523 524//524 522//522
f 524//524 525//525 526//526
usemtl field_material_05
f 528//528 527//527 529//529
f 530//530 529//529 527//527
f 531//531 534//534 533//533
f 534//534 535//535 533//533
f 535//535 538//538 537//537
f 537//537 540//540 539//539
f 538//538 536//536 532//532
f 540//540 541//541 539//539
f 542//542 531//531 541//541
f 537//537 539//539 541//541
usemtl field_material_07
f 544//544 545//545 543//543
f 546//546 547//547 545//545
f 548//548 549//549 547//547
f 550//550 551//551 549//549
f 551//551 554//554 553//553
f 553//553 556//556 555//555
f 556//556 557//557 555//555
f 558//558 559//559 557//557
f 559//559 560//560 561//561
usemtl field_material_05
f 563//563 562//562 564//564
f 565//565 564//564 562//562
usemtl field_material_07
f 567//567 568//568 566//566
f 568//568 571//571 570//570
f 571//571 572//572 570//570
f 573//573 574//574 572//572
f 575//575 576//576 574//574
f 576//576 579//579 578//578
f 579//579 580//580 578//578
f 581//581 582//582 580//580
usemtl field_material_05
f 585//585 586//586 587//587
f 588//588 587//587 586//586
usemtl field_material_07
f 590//590 591//591 589//589
f 592//592 593//593 591//591
f 594//594 595//595 593//593
f 595//595 598//598 597//597
f 598//598 599//599 597//597
f 600//600 601//601 599//599
f 602//602 603//603 601//601
f 604//604 605//605 603//603
f 605//605 606//606 607//607
usemtl field_material_05
f 610//610 609//609 608//608
f 609//609 611//611 608//608
f 613//613 614//614 612//612
f 614//614 617//617 616//616
f 616//616 619//619 618//618
f 618//618 621//621 620//620
f 621//621 619//619 617//617
f 621//621 622//622 620//620
f 623//623 612//612 622//622
f 620//620 622//622 614//614
usemtl field_material_23
f 625//625 626//626 624//624
f 627//627 628//628 626//626
f 628//628 631//631 630//630
f 630//630 633//633 632//632
f 632//632 635//635 634//634
f 635//635 636//636 634//634
f 637//637 638//638 636//636
f 639//639 640//640 638//638
usemtl field_material_05
f 646//646 645//645 643//643
f 644//644 643//643 645//645
usemtl field_material_23
f 648//648 649//649 647//647
f 649//649 652//652 651//651
f 651//651 654//654 653//653
f 654//654 655//655 653//653
f 656//656 657//657 655//655
f 657//657 660//660 659//659
f 659//659 662//662 661//661
f 662//662 663//663 661//661
f 663//663 664//664 665//665
usemtl field_material_05
f 668//668 667//667 666//666
f 669//669 666//666 667//667
usemtl field_material_23
f 671//671 672//672 670//670
f 673//673 674//674 672//672
f 674//674 677//677 676//676
f 677//677 678//678 676//676
f 679//679 680//680 678//678
f 680//680 683//683 682//682
f 682//682 685//685 684//684
f 684//684 687//687 686//686
usemtl field_material_05
f 690//690 689//689 691//691
f 692//692 691//691 689//689
f 694//694 695//695 693//693
f 696//696 697//697 695//695
f 697//697 700//700 699//699
f 699//699 702//702 701//701
f 702//702 700//700 698//698
f 701//701 704//704 703//703
f 704//704 693//693 703//703
f 699//699 701//701 703//703
usemtl field_material_17
f 706//706 707//707 705//705
f 707//707 710//710 709//709
f 709//709 712//712 711//711
f 712//712 713//713 711//711
f 714//714 715//715 713//713
f 716//716 717//717 715//715
f 718//718 719//719 717//717
f 720//720 721//721 719//719
usemtl field_material_05
f 727//727 726//726 724//724
f 725//725 728//728 727//727
f 725//725 724//724 726//726
usemtl field_material_17
f 730//730 731//731 729//729
f 731//731 734//734 733//733
f 734//734 735//735 733//733
f 735//735 738//738 737//737
f 738//738 739//739 737//737
f 740//740 741//741 739//739
f 742//742 743//743 741//741
f 744//744 745//745 743//743
usemtl field_material_05
f 749//749 750//750 748//748
f 751//751 748//748 750//750
usemtl field_material_17
f 753//753 754//754 752//752
f 754//754 757//757 756//756
f 757//757 758//758 756//756
f 759//759 760//760 758//758
f 760//760 763//763 762//762
f 762//762 765//765 764//764
f 765//765 766//766 764//764
f 766//766 769//769 768//768
f 768//768 769//769 770//770
usemtl field_material_05
f 772//772 771//771 773//773
f 774//774 773//773 771//771
f 775//775 776//776 783//783
f 778//778 777//777 776//776
f 777//777 780//780 779//779
f 780//780 781//781 779//779
f 775//775 782//782 778//778
f 781//781 784//784 783//783
f 776//776 779//779 783//783
usemtl field_material_09
f 785//785 790//790 786//786
f 785//785 786//786 787//787
f 785//785 787//787 788//788
f 785//785 788//788 789//789
f 785//785 789//789 790//790
f 790//790 791//791 786//786
f 793//793 787//787 786//786
f 787//787 796//796 788//788
f 788//788 799//799 789//789
f 805//805 790//790 789//789
f 795//795 804//804 796//796
f 801//801 802//802 791//791
f 802//802 808//808 792//792
f 792//792 810//810 793//793
f 810//810 794//794 793//793
f 811//811 803//803 794//794
f 812//812 795//795 803//803
f 813//813 804//804 795//795
f 814//814 797//797 804//804
f 815//815 798//798 797//797
f 815//815 799//799 798//798
f 817//817 800//800 799//799
f 818//818 805//805 800//800
f 819//819 806//806 805//805
f 807//807 802//802 806//806
f 820//820 808//808 807//807
f 821//821 809//809 808//808
f 816//816 823//823 817//817
f 817//817 824//824 818//818
f 825//825 819//819 818//818
f 806//806 826//826 807//807
f 821//821 828//828 809//809
f 828//828 810//810 809//809
f 829//829 811//811 810//810
f 830//830 812//812 811//811
f 830//830 813//813 812//812
f 831//831 822//822 813//813
f 822//822 832//832 814//814
f 832//832 815//815 814//814
f 833//833 816//816 815//815
f 833//833 823//823 816//816
f 834//834 825//825 824//824
f 825//825 835//835 819//819
f 819//819 836//836 806//806
f 836//836 826//826 806//806
f 826//826 827//827 820//820
f 827//827 838//838 821//821
f 828//828 839//839 829//829
f 842//842 825//825 834//834
f 844//844 837//837 827//827
f 838//838 845//845 828//828
f 846//846 839//839 828//828
f 839//839 847//847 829//829
f 829//829 848//848 830//830
f 840//840 850//850 831//831
f 831//831 851//851 822//822
f 851//851 832//832 822//822
f 852//852 841//841 832//832
f 854//854 823//823 833//833
f 855//855 834//834 823//823
f 856//856 842//842 834//834
f 842//842 857//857 825//825
f 857//857 835//835 825//825
f 859//859 836//836 835//835
f 860//860 843//843 836//836
f 843//843 844//844 827//827
f 861//861 838//838 837//837
f 862//862 845//845 838//838
f 863//863 848//848 847//847
f 865//865 851//851 850//850
f 866//866 852//852 851//851
f 867//867 853//853 841//841
f 871//871 861//861 844//844
f 845//845 873//873 846//846
f 873//873 839//839 846//846
f 874//874 840//840 849//849
f 875//875 865//865 840//840
f 866//866 876//876 852//852
f 876//876 867//867 852//852
f 854//854 878//878 855//855
f 878//878 856//856 855//855
f 857//857 880//880 858//858
f 880//880 869//869 858//858
f 881//881 870//870 860//860
f 873//873 882//882 839//839
f 882//882 863//863 839//839
f 883//883 877//877 853//853
f 878//878 884//884 856//856
f 885//885 861//861 871//871
f 861//861 885//885 862//862
f 862//862 886//886 872//872
f 886//886 873//873 872//872
f 887//887 882//882 873//873
f 882//882 887//887 863//863
f 863//863 888//888 864//864
f 888//888 874//874 864//864
f 888//888 875//875 874//874
f 875//875 889//889 865//865
f 865//865 889//889 866//866
f 889//889 876//876 866//866
f 876//876 890//890 867//867
f 890//890 883//883 867//867
f 890//890 877//877 883//883
f 891//891 878//878 877//877
f 891//891 884//884 878//878
f 892//892 868//868 884//884
f 868//868 893//893 879//879
f 879//879 893//893 880//880
f 880//880 893//893 869//869
f 893//893 881//881 869//869
f 894//894 870//870 881//881
f 894//894 871//871 870//870
f 885//885 895//895 886//886
f 886//886 895//895 887//887
f 887//887 895//895 888//888
f 888//888 895//895 889//889
f 889//889 895//895 890//890
f 890//890 895//895 891//891
f 891//891 895//895 892//892
f 892//892 895//895 893//893
f 893//893 895//895 894//894
f 894//894 895//895 885//885
usemtl field_material_05
f 899//899 900//900 903//903
f 898//898 896//896 901//901
f 908//908 899//899 903//903
f 898//898 900//900 897//897
f 900//900 901//901 902//902
f 902//902 906//906 903//903
f 901//901 896//896 904//904
f 908//908 903//903 906//906
f 902//902 904//904 905//905
f 904//904 907//907 905//905
f 906//906 907//907 908//908
f 907//907 896//896 909//909
f 909//909 898//898 897//897
f 909//909 899//899 908//908
f 923//923 911//911 914//914
f 921//921 910//910 912//912
f 912//912 913//913 911//911
f 913//913 918//918 914//914
f 912//912 910//910 916//916
f 913//913 916//916 915//915
f 915//915 916//916 917//917
f 918//918 917//917 920//920
f 914//914 918//918 920//920
f 910//910 919//919 917//917
f 914//914 920//920 923//923
f 919//919 921//921 922//922
f 919//919 923//923 920//920
f 922//922 921//921 911//911
f 926//926 929//929 931//931
f 925//925 924//924 928//928
f 925//925 929//929 927//927
f 929//929 928//928 930//930
f 930//930 933//933 931//931
f 928//928 924//924 932//932
f 932//932 924//924 934//934
f 931//931 933//933 937//937
f 934//934 936//936 935//935
f 933//933 936//936 937//937
f 936//936 924//924 938//938
f 931//931 937//937 926//926
f 938//938 925//925 927//927
f 938//938 926//926 937//937
f 951//951 941//941 940//940
f 952//952 941//941 944//944
f 951//951 939//939 942//942
f 949//949 952//952 944//944
f 942//942 943//943 941//941
f 943//943 947//947 944//944
f 942//942 939//939 945//945
f 949//949 944//944 947//947
f 943//943 945//945 946//946
f 945//945 948//948 946//946
f 947//947 948//948 949//949
f 939//939 950//950 948//948
f 950//950 951//951 940//940
f 950//950 952//952 949//949
f 954//954 953//953 957//957
f 956//956 958//958 960//960
f 957//957 958//958 955//955
f 958//958 953//953 959//959
f 959//959 963//963 960//960
f 959//959 961//961 962//962
f 960//960 963//963 966//966
f 961//961 965//965 962//962
f 963//963 965//965 966//966
f 961//961 953//953 964//964
f 965//965 964//964 967//967
f 960//960 966//966 956//956
f 967//967 956//956 966//966
f 964//964 953//953 954//954
usemtl field_material_29
f 971//971 972//972 973//973
f 970//970 968//968 972//972
f 975//975 971//971 973//973
f 972//972 974//974 973//973
f 972//972 968//968 974//974
f 975//975 969//969 971//971
f 978//978 979//979 977//977
f 978//978 976//976 980//980
f 979//979 980//980 981//981
f 980//980 976//976 981//981
f 979//979 981//981 982//982
f 981//981 976//976 982//982
f 979//979 982//982 977//977
f 976//976 977//977 982//982
f 984//984 983//983 985//985
f 985//985 987//987 986//986
f 989//989 986//986 987//987
f 987//987 988//988 989//989
f 983//983 988//988 987//987
f 988//988 990//990 989//989
f 988//988 983//983 984//984
f 989//989 990//990 986//986
f 990//990 984//984 986//986
f 993//993 995//995 992//992
f 993//993 991//991 994//994
f 992//992 995//995 996//996
f 994//994 996//996 995//995
f 994//994 991//991 997//997
f 992//992 996//996 998//998
f 997//997 998//998 996//996
f 991//991 993//993 998//998
f 998//998 993//993 992//992
f 1000//1000 999//999 1001//1001
f 1001//1001 1003//1003 1002//1002
f 1002//1002 1003//1003 1005//1005
f 999//999 1005//1005 1003//1003
f 1004//1004 1006//1006 1005//1005
f 1004//1004 999//999 1000//1000
f 1002//1002 1005//1005 1006//1006
f 1006//1006 1000//1000 1002//1002
f 1012//1012 1008//1008 1010//1010
f 1009//1009 1010//1010 1008//1008
f 1009//1009 1007//1007 1011//1011
f 1010//1010 1011//1011 1012//1012
f 1011//1011 1007//1007 1013//1013
f 1013//1013 1014//1014 1012//1012
f 1012//1012 1014//1014 1008//1008
f 1007//1007 1008//1008 1014//1014
f 1016//1016 1015//1015 1017//1017
f 1021//1021 1017//1017 1018//1018
f 1017//1017 1015//1015 1018//1018
f 1021//1021 1018//1018 1020//1020
f 1015//1015 1020//1020 1018//1018
f 1019//1019 1021//1021 1020//1020
f 1019//1019 1015//1015 1016//1016
f 1021//1021 1016//1016 1017//1017
f 1023//1023 1022//1022 1024//1024
f 1028//1028 1024//1024 1025//1025
f 1024//1024 1022//1022 1025//1025
f 1028//1028 1025//1025 1026//1026
f 1022//1022 1026//1026 1025//1025
f 1027//1027 1028//1028 1026//1026
f 1027//1027 1022//1022 1023//1023
f 1028//1028 1023//1023 1024//1024
f 1031//1031 1033//1033 1034//1034
f 1032//1032 1029//1029 1033//1033
f 1036//1036 1031//1031 1034//1034
f 1033//1033 1029//1029 1035//1035
f 1033//1033 1035//1035 1034//1034
f 1036//1036 1030//1030 1031//1031
f 1039//1039 1040//1040 1038//1038
f 1039//1039 1037//1037 1041//1041
f 1042//1042 1038//1038 1040//1040
f 1040//1040 1041//1041 1042//1042
f 1041//1041 1037//1037 1043//1043
f 1043//1043 1044//1044 1042//1042
f 1042//1042 1044//1044 1038//1038
f 1037//1037 1038//1038 1044//1044
f 1046//1046 1048//1048 1047//1047
f 1046//1046 1045//1045 1049//1049
f 1048//1048 1049//1049 1050//1050
f 1049//1049 1045//1045 1050//1050
f 1048//1048 1050//1050 1051//1051
f 1050//1050 1045//1045 1051//1051
f 1048//1048 1051//1051 1047//1047
f 1045//1045 1047//1047 1051//1051
f 1054//1054 1055//1055 1053//1053
f 1054//1054 1052//1052 1056//1056
f 1055//1055 1056//1056 1057//1057
f 1053//1053 1055//1055 1057//1057
f 1056//1056 1052//1052 1058//1058
f 1053//1053 1057//1057 1059//1059
f 1058//1058 1059//1059 1057//1057
f 1052//1052 1054//1054 1059//1059
f 1059//1059 1054//1054 1053//1053
f 1061//1061 1060//1060 1062//1062
f 1062//1062 1064//1064 1063//1063
f 1063//1063 1064//1064 1066//1066
f 1060//1060 1066//1066 1064//1064
f 1065//1065 1067//1067 1066//1066
f 1065//1065 1060//1060 1061//1061
f 1063//1063 1066//1066 1067//1067
f 1067//1067 1061//1061 1063//1063
f 1069//1069 1068//1068 1070//1070
f 1070//1070 1068//1068 1071//1071
f 1074//1074 1070//1070 1071//1071
f 1074//1074 1071//1071 1072//1072
f 1068//1068 1072//1072 1071//1071
f 1073//1073 1074//1074 1072//1072
f 1073//1073 1068//1068 1069//1069
f 1074//1074 1069//1069 1070//1070
usemtl field_material_05
f 1075//1075 1078//1078 1077//1077
f 1079//1079 1080//1080 1077//1077
f 1082//1082 1081//1081 1080//1080
f 1082//1082 1079//1079 1076//1076
f 1081//1081 1084//1084 1083//1083
f 1084//1084 1075//1075 1083//1083
f 1080//1080 1081//1081 1083//1083
usemtl field_material_15
f 1085//1085 1091//1091 1086//1086
f 1085//1085 1086//1086 1087//1087
f 1085//1085 1087//1087 1088//1088
f 1085//1085 1088//1088 1089//1089
f 1085//1085 1089//1089 1090//1090
f 1085//1085 1090//1090 1091//1091
f 1092//1092 1086//1086 1091//1091
f 1086//1086 1104//1104 1087//1087
f 1087//1087 1096//1096 1088//1088
f 1097//1097 1089//1089 1088//1088
f 1089//1089 1099//1099 1090//1090
f 1106//1106 1091//1091 1090//1090
f 1092//1092 1102//1102 1093//1093
f 1103//1103 1094//1094 1093//1093
f 1107//1107 1102//1102 1101//1101
f 1102//1102 1109//1109 1103//1103
f 1103//1103 1110//1110 1094//1094
f 1094//1094 1111//1111 1104//1104
f 1112//1112 1096//1096 1104//1104
f 1096//1096 1115//1115 1105//1105
f 1105//1105 1116//1116 1097//1097
f 1116//1116 1098//1098 1097//1097
f 1098//1098 1118//1118 1099//1099
f 1099//1099 1119//1119 1100//1100
f 1119//1119 1106//1106 1100//1100
f 1106//1106 1121//1121 1101//1101
f 1122//1122 1108//1108 1107//1107
f 1124//1124 1112//1112 1111//1111
f 1114//1114 1125//1125 1115//1115
f 1115//1115 1127//1127 1116//1116
f 1128//1128 1117//1117 1116//1116
f 1130//1130 1119//1119 1118//1118
f 1119//1119 1132//1132 1120//1120
f 1120//1120 1133//1133 1121//1121
f 1134//1134 1107//1107 1121//1121
f 1135//1135 1122//1122 1107//1107
f 1122//1122 1136//1136 1108//1108
f 1136//1136 1109//1109 1108//1108
f 1137//1137 1110//1110 1109//1109
f 1137//1137 1123//1123 1110//1110
f 1124//1124 1138//1138 1112//1112
f 1138//1138 1113//1113 1112//1112
f 1113//1113 1139//1139 1114//1114
f 1139//1139 1125//1125 1114//1114
f 1128//1128 1140//1140 1117//1117
f 1140//1140 1129//1129 1117//1117
f 1132//1132 1141//1141 1133//1133
f 1141//1141 1134//1134 1133//1133
f 1134//1134 1135//1135 1107//1107
f 1144//1144 1124//1124 1123//1123
f 1127//1127 1147//1147 1128//1128
f 1148//1148 1131//1131 1130//1130
f 1149//1149 1134//1134 1141//1141
f 1150//1150 1142//1142 1135//1135
f 1151//1151 1143//1143 1136//1136
f 1153//1153 1144//1144 1137//1137
f 1144//1144 1154//1154 1124//1124
f 1154//1154 1138//1138 1124//1124
f 1156//1156 1139//1139 1138//1138
f 1157//1157 1145//1145 1139//1139
f 1158//1158 1146//1146 1125//1125
f 1159//1159 1147//1147 1127//1127
f 1147//1147 1160//1160 1140//1140
f 1160//1160 1129//1129 1140//1140
f 1161//1161 1148//1148 1129//1129
f 1148//1148 1162//1162 1131//1131
f 1162//1162 1132//1132 1131//1131
f 1163//1163 1141//1141 1132//1132
f 1164//1164 1149//1149 1141//1141
f 1149//1149 1165//1165 1134//1134
f 1134//1134 1150//1150 1135//1135
f 1167//1167 1153//1153 1152//1152
f 1168//1168 1155//1155 1154//1154
f 1169//1169 1158//1158 1145//1145
f 1170//1170 1159//1159 1146//1146
f 1171//1171 1160//1160 1147//1147
f 1172//1172 1161//1161 1160//1160
f 1173//1173 1162//1162 1148//1148
f 1174//1174 1163//1163 1162//1162
f 1176//1176 1166//1166 1150//1150
f 1177//1177 1167//1167 1143//1143
f 1178//1178 1144//1144 1153//1153
f 1179//1179 1168//1168 1144//1144
f 1182//1182 1171//1171 1159//1159
f 1183//1183 1173//1173 1161//1161
f 1184//1184 1164//1164 1163//1163
f 1164//1164 1186//1186 1149//1149
f 1186//1186 1175//1175 1149//1149
f 1187//1187 1177//1177 1151//1151
f 1188//1188 1180//1180 1155//1155
f 1189//1189 1169//1169 1157//1157
f 1190//1190 1166//1166 1176//1176
f 1191//1191 1187//1187 1166//1166
f 1187//1187 1191//1191 1177//1177
f 1177//1177 1192//1192 1167//1167
f 1192//1192 1178//1178 1167//1167
f 1193//1193 1179//1179 1178//1178
f 1179//1179 1193//1193 1168//1168
f 1193//1193 1188//1188 1168//1168
f 1194//1194 1180//1180 1188//1188
f 1194//1194 1189//1189 1180//1180
f 1195//1195 1169//1169 1189//1189
f 1169//1169 1196//1196 1181//1181
f 1196//1196 1170//1170 1181//1181
f 1196//1196 1182//1182 1170//1170
f 1197//1197 1171//1171 1182//1182
f 1171//1171 1198//1198 1172//1172
f 1198//1198 1183//1183 1172//1172
f 1198//1198 1173//1173 1183//1183
f 1173//1173 1199//1199 1174//1174
f 1174//1174 1199//1199 1184//1184
f 1199//1199 1185//1185 1184//1184
f 1185//1185 1200//1200 1186//1186
f 1200//1200 1175//1175 1186//1186
f 1175//1175 1190//1190 1176//1176
f 1190//1190 1201//1201 1191//1191
f 1191//1191 1201//1201 1192//1192
f 1192//1192 1201//1201 1193//1193
f 1193//1193 1201//1201 1194//1194
f 1194//1194 1201//1201 1195//1195
f 1195//1195 1201//1201 1196//1196
f 1196//1196 1201//1201 1197//1197
f 1197//1197 1201//1201 1198//1198
f 1198//1198 1201//1201 1199//1199
f 1199//1199 1201//1201 1200//1200
f 1200//1200 1201//1201 1190//1190
usemtl field_material_05
f 1204//1204 1207//1207 1209//1209
f 1203//1203 1202//1202 1206//1206
f 1217//1217 1204//1204 1209//1209
f 1203//1203 1207//1207 1205//1205
f 1207//1207 1206//1206 1208//1208
f 1217//1217 1209//1209 1211//1211
f 1208//1208 1210//1210 1211//1211
f 1208//1208 1211//1211 1209//1209
f 1206//1206 1202//1202 1210//1210
f 1217//1217 1211//1211 1214//1214
f 1210//1210 1213//1213 1211//1211
f 1211//1211 1213//1213 1214//1214
f 1210//1210 1202//1202 1212//1212
f 1212//1212 1215//1215 1213//1213
f 1215//1215 1202//1202 1216//1216
f 1215//1215 1217//1217 1214//1214
f 1216//1216 1203//1203 1205//1205
f 1216//1216 1204//1204 1217//1217
f 1220//1220 1221//1221 1223//1223
f 1218//1218 1221//1221 1219//1219
f 1221//1221 1224//1224 1222//1222
f 1222//1222 1226//1226 1223//1223
f 1222//1222 1224//1224 1225//1225
f 1224//1224 1218//1218 1227//1227
f 1226//1226 1228//1228 1231//1231
f 1223//1223 1226//1226 1231//1231
f 1227//1227 1228//1228 1225//1225
f 1228//1228 1229//1229 1230//1230
f 1227//1227 1218//1218 1229//1229
f 1223//1223 1231//1231 1220//1220
f 1230//1230 1229//1229 1219//1219
f 1230//1230 1220//1220 1231//1231
f 1245//1245 1234//1234 1237//1237
f 1232//1232 1236//1236 1235//1235
f 1234//1234 1236//1236 1237//1237
f 1236//1236 1238//1238 1239//1239
f 1245//1245 1237//1237 1240//1240
f 1239//1239 1238//1238 1241//1241
f 1239//1239 1240//1240 1237//1237
f 1238//1238 1232//1232 1242//1242
f 1240//1240 1243//1243 1245//1245
f 1242//1242 1243//1243 1241//1241
f 1242//1242 1232//1232 1233//1233
f 1243//1243 1233//1233 1244//1244
f 1244//1244 1234//1234 1245//1245
f 1244//1244 1233//1233 1235//1235
f 1260//1260 1248//1248 1251//1251
f 1247//1247 1246//1246 1249//1249
f 1256//1256 1260//1260 1251//1251
f 1249//1249 1250//1250 1248//1248
f 1250//1250 1254//1254 1251//1251
f 1249//1249 1246//1246 1252//1252
f 1256//1256 1251//1251 1254//1254
f 1250//1250 1252//1252 1253//1253
f 1253//1253 1252//1252 1255//1255
f 1254//1254 1255//1255 1256//1256
f 1246//1246 1258//1258 1255//1255
f 1258//1258 1257//1257 1259//1259
f 1258//1258 1260//1260 1256//1256
f 1257//1257 1246//1246 1247//1247
f 1275//1275 1263//1263 1265//1265
f 1272//1272 1275//1275 1265//1265
f 1262//1262 1261//1261 1266//1266
f 1262//1262 1264//1264 1263//1263
f 1264//1264 1269//1269 1265//1265
f 1272//1272 1265//1265 1269//1269
f 1264//1264 1266//1266 1267//1267
f 1266//1266 1261//1261 1268//1268
f 1269//1269 1271//1271 1272//1272
f 1268//1268 1261//1261 1270//1270
f 1270//1270 1273//1273 1271//1271
f 1273//1273 1261//1261 1274//1274
f 1273//1273 1275//1275 1272//1272
f 1274//1274 1262//1262 1263//1263
usemtl field_material_29
f 1277//1277 1276//1276 1278//1278
f 1278//1278 1280//1280 1279//1279
f 1279//1279 1280//1280 1282//1282
f 1276//1276 1282//1282 1280//1280
f 1281//1281 1283//1283 1282//1282
f 1281//1281 1276//1276 1277//1277
f 1279//1279 1282//1282 1283//1283
f 1283//1283 1277//1277 1279//1279
f 1285//1285 1284//1284 1286//1286
f 1286//1286 1288//1288 1287//1287
f 1287//1287 1288//1288 1290//1290
f 1284//1284 1290//1290 1288//1288
f 1289//1289 1291//1291 1290//1290
f 1289//1289 1284//1284 1285//1285
f 1287//1287 1290//1290 1291//1291
f 1291//1291 1285//1285 1287//1287
f 1293//1293 1292//1292 1294//1294
f 1294//1294 1296//1296 1295//1295
f 1295//1295 1296//1296 1298//1298
f 1292//1292 1298//1298 1296//1296
f 1295//1295 1298//1298 1299//1299
f 1297//1297 1299//1299 1298//1298
f 1297//1297 1292//1292 1293//1293
f 1299//1299 1293//1293 1295//1295
f 1301//1301 1300//1300 1303//1303
f 1303//1303 1304//1304 1302//1302
f 1302//1302 1304//1304 1305//1305
f 1300//1300 1305//1305 1304//1304
f 1302//1302 1305//1305 1307//1307
f 1306//1306 1307//1307 1305//1305
f 1306//1306 1300//1300 1301//1301
f 1307//1307 1301//1301 1302//1302
f 1309//1309 1308//1308 1311//1311
f 1311//1311 1312//1312 1310//1310
f 1310//1310 1312//1312 1313//1313
f 1308//1308 1313//1313 1312//1312
f 1314//1314 1308//1308 1309//1309
f 1310//1310 1313//1313 1315//1315
f 1314//1314 1315//1315 1313//1313
f 1315//1315 1309//1309 1310//1310
f 1317//1317 1316//1316 1320//1320
f 1322//1322 1318//1318 1319//1319
f 1317//1317 1319//1319 1318//1318
f 1319//1319 1320//1320 1322//1322
f 1320//1320 1316//1316 1321//1321
f 1321//1321 1323//1323 1322//1322
f 1322//1322 1323//1323 1318//1318
f 1316//1316 1318//1318 1323//1323
f 1325//1325 1324//1324 1326//1326
f 1326//1326 1328//1328 1327//1327
f 1327//1327 1328//1328 1330//1330
f 1324//1324 1330//1330 1328//1328
f 1329//1329 1331//1331 1330//1330
f 1329//1329 1324//1324 1325//1325
f 1327//1327 1330//1330 1331//1331
f 1331//1331 1325//1325 1327//1327
f 1333//1333 1332//1332 1334//1334
f 1334//1334 1336//1336 1335//1335
f 1332//1332 1336//1336 1334//1334
f 1336//1336 1337//1337 1338//1338
f 1335//1335 1336//1336 1338//1338
f 1337//1337 1333//1333 1338//1338
f 1338//1338 1333//1333 1335//1335
f 1342//1342 1343//1343 1341//1341
f 1341//1341 1343//1343 1345//1345
f 1342//1342 1344//1344 1343//1343
f 1343//1343 1344//1344 1345//1345
f 1342//1342 1339//1339 1344//1344
f 1341//1341 1345//1345 1340//1340
f 1344//1344 1340//1340 1345//1345
f 1347//1347 1346//1346 1348//1348
f 1352//1352 1348//1348 1349//1349
f 1348//1348 1346//1346 1349//1349
f 1352//1352 1349//1349 1351//1351
f 1346//1346 1351//1351 1349//1349
f 1350//1350 1352//1352 1351//1351
f 1350//1350 1346//1346 1347//1347
f 1352//1352 1347//1347 1348//1348
f 1354//1354 1353//1353 1355//1355
f 1359//1359 1355//1355 1356//1356
f 1355//1355 1353//1353 1356//1356
f 1359//1359 1356//1356 1358//1358
f 1353//1353 1358//1358 1356//1356
f 1357//1357 1359//1359 1358//1358
f 1357//1357 1353//1353 1354//1354
f 1359//1359 1354//1354 1355//1355
f 1362//1362 1363//1363 1361//1361
f 1363//1363 1364//1364 1365//1365
f 1362//1362 1360//1360 1364//1364
f 1364//1364 1366//1366 1365//1365
f 1363//1363 1365//1365 1366//1366
f 1363//1363 1366//1366 1361//1361
f 1360//1360 1361//1361 1366//1366
f 1368//1368 1367//1367 1369//1369
f 1369//1369 1367//1367 1370//1370
f 1373//1373 1369//1369 1370//1370
f 1373//1373 1370//1370 1371//1371
f 1367//1367 1371//1371 1370//1370
f 1372//1372 1373//1373 1371//1371
f 1372//1372 1367//1367 1368//1368
f 1373//1373 1368//1368 1369//1369
f 1375//1375 1374//1374 1376//1376
f 1380//1380 1376//1376 1377//1377
f 1376//1376 1374//1374 1377//1377
f 1380//1380 1377//1377 1379//1379
f 1374//1374 1379//1379 1377//1377
f 1378//1378 1380//1380 1379//1379
f 1378//1378 1374//1374 1375//1375
f 1380//1380 1375//1375 1376//1376
usemtl field_material_05
f 1381//1381 1384//1384 1383//1383
f 1384//1384 1385//1385 1383//1383
f 1385//1385 1388//1388 1387//1387
f 1382//1382 1389//1389 1386//1386
f 1389//1389 1390//1390 1387//1387
f 1382//1382 1381//1381 1390//1390
f 1387//1387 1390//1390 1383//1383
usemtl field_material_09
f 1391//1391 1392//1392 1393//1393
f 1391//1391 1393//1393 1394//1394
f 1391//1391 1394//1394 1395//1395
f 1391//1391 1395//1395 1396//1396
f 1391//1391 1396//1396 1397//1397
f 1391//1391 1397//1397 1398//1398
f 1391//1391 1398//1398 1392//1392
f 1399//1399 1393//1393 1392//1392
f 1393//1393 1401//1401 1394//1394
f 1402//1402 1395//1395 1394//1394
f 1404//1404 1396//1396 1395//1395
f 1397//1397 1405//1405 1398//1398
f 1398//1398 1407//1407 1392//1392
f 1409//1409 1400//1400 1399//1399
f 1402//1402 1410//1410 1403//1403
f 1411//1411 1404//1404 1403//1403
f 1412//1412 1413//1413 1404//1404
f 1414//1414 1405//1405 1397//1397
f 1405//1405 1415//1415 1406//1406
f 1416//1416 1407//1407 1406//1406
f 1417//1417 1408//1408 1407//1407
f 1408//1408 1419//1419 1409//1409
f 1419//1419 1400//1400 1409//1409
f 1400//1400 1420//1420 1401//1401
f 1401//1401 1421//1421 1402//1402
f 1402//1402 1422//1422 1410//1410
f 1410//1410 1424//1424 1411//1411
f 1425//1425 1412//1412 1411//1411
f 1412//1412 1427//1427 1413//1413
f 1413//1413 1428//1428 1414//1414
f 1428//1428 1415//1415 1414//1414
f 1415//1415 1430//1430 1416//1416
f 1432//1432 1417//1417 1416//1416
f 1418//1418 1408//1408 1417//1417
f 1434//1434 1419//1419 1418//1418
f 1419//1419 1435//1435 1420//1420
f 1420//1420 1436//1436 1421//1421
f 1437//1437 1422//1422 1421//1421
f 1422//1422 1438//1438 1423//1423
f 1439//1439 1424//1424 1423//1423
f 1440//1440 1427//1427 1426//1426
f 1427//1427 1441//1441 1428//1428
f 1428//1428 1442//1442 1429//1429
f 1443//1443 1430//1430 1429//1429
f 1433//1433 1444//1444 1418//1418
f 1434//1434 1446//1446 1419//1419
f 1446//1446 1435//1435 1419//1419
f 1447//1447 1437//1437 1436//1436
f 1437//1437 1448//1448 1422//1422
f 1448//1448 1438//1438 1422//1422
f 1439//1439 1449//1449 1424//1424
f 1449//1449 1425//1425 1424//1424
f 1450//1450 1440//1440 1425//1425
f 1440//1440 1452//1452 1427//1427
f 1452//1452 1441//1441 1427//1427
f 1453//1453 1443//1443 1442//1442
f 1443//1443 1454//1454 1430//1430
f 1430//1430 1455//1455 1431//1431
f 1455//1455 1432//1432 1431//1431
f 1432//1432 1456//1456 1433//1433
f 1456//1456 1444//1444 1433//1433
f 1444//1444 1445//1445 1434//1434
f 1457//1457 1464//1464 1445//1445
f 1445//1445 1465//1465 1446//1446
f 1446//1446 1466//1466 1435//1435
f 1466//1466 1458//1458 1435//1435
f 1467//1467 1459//1459 1447//1447
f 1448//1448 1469//1469 1438//1438
f 1438//1438 1470//1470 1439//1439
f 1470//1470 1449//1449 1439//1439
f 1471//1471 1450//1450 1449//1449
f 1472//1472 1451//1451 1450//1450
f 1473//1473 1452//1452 1451//1451
f 1474//1474 1460//1460 1452//1452
f 1475//1475 1461//1461 1441//1441
f 1476//1476 1462//1462 1453//1453
f 1462//1462 1477//1477 1454//1454
f 1463//1463 1478//1478 1455//1455
f 1455//1455 1479//1479 1456//1456
f 1479//1479 1444//1444 1456//1456
f 1480//1480 1457//1457 1444//1444
f 1481//1481 1465//1465 1464//1464
f 1483//1483 1468//1468 1459//1459
f 1484//1484 1470//1470 1469//1469
f 1485//1485 1472//1472 1471//1471
f 1486//1486 1473//1473 1472//1472
f 1476//1476 1489//1489 1462//1462
f 1489//1489 1477//1477 1462//1462
f 1490//1490 1463//1463 1477//1477
f 1491//1491 1478//1478 1463//1463
f 1479//1479 1493//1493 1480//1480
f 1493//1493 1457//1457 1480//1480
f 1494//1494 1481//1481 1457//1457
f 1495//1495 1482//1482 1465//1465
f 1496//1496 1467//1467 1458//1458
f 1499//1499 1485//1485 1470//1470
f 1502//1502 1476//1476 1461//1461
f 1504//1504 1492//1492 1478//1478
f 1505//1505 1495//1495 1481//1481
f 1495//1495 1506//1506 1482//1482
f 1506//1506 1496//1496 1482//1482
f 1507//1507 1498//1498 1483//1483
f 1498//1498 1508//1508 1484//1484
f 1508//1508 1499//1499 1484//1484
f 1509//1509 1486//1486 1485//1485
f 1510//1510 1500//1500 1486//1486
f 1511//1511 1501//1501 1487//1487
f 1501//1501 1512//1512 1488//1488
f 1512//1512 1502//1502 1488//1488
f 1489//1489 1514//1514 1490//1490
f 1490//1490 1515//1515 1491//1491
f 1515//1515 1504//1504 1491//1491
f 1516//1516 1493//1493 1492//1492
f 1517//1517 1494//1494 1493//1493
f 1518//1518 1505//1505 1494//1494
f 1505//1505 1519//1519 1495//1495
f 1519//1519 1506//1506 1495//1495
f 1506//1506 1520//1520 1496//1496
f 1520//1520 1497//1497 1496//1496
f 1520//1520 1507//1507 1497//1497
f 1507//1507 1521//1521 1498//1498
f 1521//1521 1508//1508 1498//1498
f 1521//1521 1499//1499 1508//1508
f 1521//1521 1509//1509 1499//1499
f 1522//1522 1510//1510 1509//1509
f 1510//1510 1522//1522 1500//1500
f 1522//1522 1511//1511 1500//1500
f 1511//1511 1523//1523 1501//1501
f 1501//1501 1523//1523 1512//1512
f 1512//1512 1524//1524 1502//1502
f 1502//1502 1524//1524 1503//1503
f 1503//1503 1525//1525 1513//1513
f 1513//1513 1525//1525 1514//1514
f 1514//1514 1526//1526 1515//1515
f 1526//1526 1504//1504 1515//1515
f 1526//1526 1516//1516 1504//1504
f 1526//1526 1517//1517 1516//1516
f 1518//1518 1494//1494 1517//1517
f 1518//1518 1527//1527 1519//1519
f 1519//1519 1527//1527 1520//1520
f 1520//1520 1527//1527 1521//1521
f 1521//1521 1527//1527 1522//1522
f 1522//1522 1527//1527 1523//1523
f 1523//1523 1527//1527 1524//1524
f 1524//1524 1527//1527 1525//1525
f 1525//1525 1527//1527 1526//1526
f 1526//1526 1527//1527 1518//1518
usemtl field_material_05
f 1529//1529 1532//1532 1530//1530
f 1531//1531 1532//1532 1533//1533
f 1528//1528 1534//1534 1532//1532
f 1534//1534 1535//1535 1536//1536
f 1534//1534 1537//1537 1533//1533
f 1536//1536 1535//1535 1538//1538
f 1533//1533 1537//1537 1540//1540
f 1535//1535 1539//1539 1538//1538
f 1537//1537 1539//1539 1540//1540
f 1535//1535 1528//1528 1541//1541
f 1541//1541 1542//1542 1539//1539
f 1542//1542 1531//1531 1540//1540
f 1541//1541 1528//1528 1529//1529
f 1533//1533 1540//1540 1531//1531
f 1542//1542 1529//1529 1543//1543
f 1543//1543 1529//1529 1530//1530
f 1556//1556 1546//1546 1549//1549
f 1546//1546 1548//1548 1549//1549
f 1545//1545 1544//1544 1547//1547
f 1547//1547 1550//1550 1548//1548
f 1556//1556 1549//1549 1553//1553
f 1550//1550 1551//1551 1552//1552
f 1550//1550 1553//1553 1549//1549
f 1547//1547 1544//1544 1551//1551
f 1552//1552 1551//1551 1554//1554
f 1551//1551 1555//1555 1554//1554
f 1553//1553 1555//1555 1556//1556
f 1544//1544 1557//1557 1555//1555
f 1557//1557 1546//1546 1556//1556
f 1557//1557 1558//1558 1559//1559
f 1558//1558 1544//1544 1545//1545
f 1573//1573 1563//1563 1566//1566
f 1561//1561 1565//1565 1562//1562
f 1563//1563 1565//1565 1566//1566
f 1561//1561 1560//1560 1564//1564
f 1564//1564 1567//1567 1565//1565
f 1573//1573 1566//1566 1570//1570
f 1567//1567 1568//1568 1569//1569
f 1567//1567 1570//1570 1566//1566
f 1564//1564 1560//1560 1568//1568
f 1569//1569 1568//1568 1571//1571
f 1568//1568 1572//1572 1571//1571
f 1570//1570 1572//1572 1573//1573
f 1560//1560 1574//1574 1572//1572
f 1574//1574 1563//1563 1573//1573
f 1574//1574 1561//1561 1575//1575
f 1575//1575 1561//1561 1562//1562
f 1577//1577 1580//1580 1578//1578
f 1577//1577 1581//1581 1580//1580
f 1579//1579 1581//1581 1582//1582
f 1581//1581 1576//1576 1583//1583
f 1583//1583 1584//1584 1585//1585
f 1583//1583 1586//1586 1582//1582
f 1584//1584 1587//1587 1585//1585
f 1584//1584 1576//1576 1589//1589
f 1582//1582 1586//1586 1591//1591
f 1584//1584 1588//1588 1587//1587
f 1586//1586 1588//1588 1591//1591
f 1588//1588 1589//1589 1590//1590
f 1590//1590 1579//1579 1591//1591
f 1589//1589 1576//1576 1577//1577
f 1582//1582 1591//1591 1579//1579
f 1590//1590 1577//1577 1578//1578
f 1593//1593 1592//1592 1596//1596
f 1595//1595 1597//1597 1599//1599
f 1607//1607 1595//1595 1599//1599
f 1596//1596 1597//1597 1594//1594
f 1597//1597 1592//1592 1598//1598
f 1598//1598 1600//1600 1601//1601
f 1598//1598 1601//1601 1599//1599
f 1607//1607 1599//1599 1601//1601
f 1607//1607 1601//1601 1603//1603
f 1600//1600 1602//1602 1601//1601
f 1601//1601 1602//1602 1603//1603
f 1600//1600 1605//1605 1602//1602
f 1600//1600 1592//1592 1604//1604
f 1605//1605 1604//1604 1606//1606
f 1605//1605 1607//1607 1603//1603
f 1606//1606 1595//1595 1607//1607
f 1604//1604 1592//1592 1593//1593
usemtl field_material_29
f 1609//1609 1611//1611 1610//1610
f 1609//1609 1608//1608 1612//1612
f 1611//1611 1612//1612 1614//1614
f 1610//1610 1611//1611 1614//1614
f 1612//1612 1608//1608 1613//1613
f 1613//1613 1615//1615 1614//1614
f 1610//1610 1614//1614 1615//1615
f 1608//1608 1609//1609 1615//1615
f 1615//1615 1609//1609 1610//1610
f 1618//1618 1620//1620 1617//1617
f 1618//1618 1616//1616 1619//1619
f 1617//1617 1620//1620 1621//1621
f 1619//1619 1621//1621 1620//1620
f 1619//1619 1616//1616 1622//1622
f 1617//1617 1621//1621 1623//1623
f 1622//1622 1623//1623 1621//1621
f 1616//1616 1618//1618 1623//1623
f 1623//1623 1618//1618 1617//1617
f 1625//1625 1624//1624 1626//1626
f 1626//1626 1628//1628 1627//1627
f 1630//1630 1627//1627 1628//1628
f 1629//1629 1631//1631 1630//1630
f 1629//1629 1624//1624 1625//1625
f 1631//1631 1625//1625 1627//1627
f 1630//1630 1631//1631 1627//1627
f 1634//1634 1635//1635 1633//1633
f 1634//1634 1632//1632 1636//1636
f 1633//1633 1635//1635 1637//1637
f 1635//1635 1636//1636 1637//1637
f 1636//1636 1632//1632 1638//1638
f 1633//1633 1637//1637 1639//1639
f 1638//1638 1639//1639 1637//1637
f 1639//1639 1634//1634 1633//1633
f 1632//1632 1634//1634 1639//1639
f 1641//1641 1640//1640 1642//1642
f 1642//1642 1644//1644 1643//1643
f 1643//1643 1644//1644 1646//1646
f 1640//1640 1646//1646 1644//1644
f 1645//1645 1647//1647 1646//1646
f 1645//1645 1640//1640 1641//1641
f 1643//1643 1646//1646 1647//1647
f 1647//1647 1641//1641 1643//1643
f 1649//1649 1648//1648 1651//1651
f 1651//1651 1652//1652 1650//1650
f 1650//1650 1652//1652 1653//1653
f 1648//1648 1653//1653 1652//1652
f 1650//1650 1653//1653 1655//1655
f 1654//1654 1648//1648 1649//1649
f 1655//1655 1649//1649 1650//1650
f 1657//1657 1659//1659 1658//1658
f 1657//1657 1656//1656 1660//1660
f 1662//1662 1658//1658 1659//1659
f 1659//1659 1660//1660 1662//1662
f 1660//1660 1656//1656 1661//1661
f 1661//1661 1663//1663 1662//1662
f 1656//1656 1658//1658 1663//1663
f 1662//1662 1663//1663 1658//1658
f 1666//1666 1668//1668 1665//1665
f 1666//1666 1664//1664 1667//1667
f 1665//1665 1668//1668 1669//1669
f 1667//1667 1669//1669 1668//1668
f 1667//1667 1664//1664 1670//1670
f 1665//1665 1669//1669 1671//1671
f 1670//1670 1671//1671 1669//1669
f 1673//1673 1672//1672 1674//1674
f 1674//1674 1676//1676 1675//1675
f 1675//1675 1676//1676 1678//1678
f 1672//1672 1678//1678 1676//1676
f 1677//1677 1679//1679 1678//1678
f 1677//1677 1672//1672 1673//1673
f 1675//1675 1678//1678 1679//1679
f 1679//1679 1673//1673 1675//1675
f 1681//1681 1680//1680 1682//1682
f 1682//1682 1684//1684 1683//1683
f 1683//1683 1684//1684 1686//1686
f 1680//1680 1686//1686 1684//1684
f 1685//1685 1680//1680 1681//1681
f 1683//1683 1686//1686 1687//1687
f 1687//1687 1681//1681 1683//1683
f 1691//1691 1693//1693 1690//1690
f 1691//1691 1688//1688 1692//1692
f 1690//1690 1693//1693 1694//1694
f 1692//1692 1694//1694 1693//1693
f 1692//1692 1688//1688 1695//1695
f 1690//1690 1694//1694 1689//1689
f 1695//1695 1689//1689 1694//1694
f 1697//1697 1696//1696 1698//1698
f 1698//1698 1700//1700 1699//1699
f 1702//1702 1699//1699 1700//1700
f 1700//1700 1701//1701 1702//1702
f 1696//1696 1701//1701 1700//1700
f 1701//1701 1703//1703 1702//1702
f 1701//1701 1696//1696 1697//1697
f 1703//1703 1697//1697 1699//1699
f 1702//1702 1703//1703 1699//1699
f 1706//1706 1707//1707 1705//1705
f 1706//1706 1704//1704 1708//1708
f 1709//1709 1705//1705 1707//1707
f 1707//1707 1708//1708 1709//1709
f 1708//1708 1704//1704 1710//1710
f 1710//1710 1711//1711 1709//1709
f 1709//1709 1711//1711 1705//1705
f 1704//1704 1705//1705 1711//1711
f 1713//1713 1712//1712 1716//1716
f 1713//1713 1715//1715 1714//1714
f 1715//1715 1716//1716 1718//1718
f 1714//1714 1715//1715 1718//1718
f 1716//1716 1712//1712 1717//1717
f 1717//1717 1719//1719 1718//1718
f 1714//1714 1718//1718 1719//1719
f 1719//1719 1713//1713 1714//1714
f 1712//1712 1713//1713 1719//1719
usemtl field_material_05
f 1720//1720 1723//1723 1722//1722
f 1725//1725 1724//1724 1722//1722
f 1726//1726 1727//1727 1724//1724
f 1721//1721 1720//1720 1727//1727
f 1724//1724 1727//1727 1722//1722
usemtl field_material_27
f 1731//1731 1738//1738 1732//1732
f 1729//1729 1733//1733 1730//1730
f 1741//1741 1732//1732 1738//1738
f 1730//1730 1734//1734 1731//1731
f 1729//1729 1728//1728 1735//1735
f 1733//1733 1735//1735 1736//1736
f 1733//1733 1737//1737 1734//1734
f 1735//1735 1728//1728 1742//1742
f 1737//1737 1741//1741 1738//1738
f 1735//1735 1739//1739 1736//1736
f 1736//1736 1740//1740 1737//1737
f 1740//1740 1747//1747 1741//1741
f 1739//1739 1742//1742 1743//1743
f 1739//1739 1744//1744 1740//1740
f 1742//1742 1728//1728 1748//1748
f 1743//1743 1748//1748 1745//1745
f 1743//1743 1746//1746 1744//1744
f 1746//1746 1751//1751 1747//1747
f 1745//1745 1748//1748 1749//1749
f 1741//1741 1747//1747 1751//1751
f 1745//1745 1750//1750 1746//1746
f 1748//1748 1728//1728 1729//1729
f 1751//1751 1753//1753 1732//1732
f 1748//1748 1752//1752 1749//1749
f 1741//1741 1751//1751 1732//1732
f 1749//1749 1753//1753 1750//1750
f 1752//1752 1729//1729 1730//1730
f 1752//1752 1731//1731 1753//1753
usemtl field_material_25
f 1756//1756 1755//1755 1758//1758
f 1758//1758 1760//1760 1757//1757
f 1755//1755 1754//1754 1759//1759
f 1767//1767 1757//1757 1760//1760
f 1758//1758 1759//1759 1760//1760
f 1759//1759 1762//1762 1760//1760
f 1760//1760 1762//1762 1763//1763
f 1759//1759 1754//1754 1761//1761
f 1767//1767 1760//1760 1763//1763
f 1761//1761 1764//1764 1762//1762
f 1764//1764 1765//1765 1766//1766
f 1764//1764 1767//1767 1763//1763
f 1761//1761 1754//1754 1765//1765
f 1766//1766 1765//1765 1768//1768
f 1766//1766 1769//1769 1767//1767
f 1765//1765 1770//1770 1768//1768
f 1767//1767 1769//1769 1757//1757
f 1754//1754 1756//1756 1770//1770
f 1769//1769 1756//1756 1757//1757
f 1773//1773 1772//1772 1774//1774
f 1774//1774 1776//1776 1775//1775
f 1772//1772 1771//1771 1777//1777
f 1783//1783 1775//1775 1776//1776
f 1774//1774 1777//1777 1776//1776
f 1776//1776 1778//1778 1781//1781
f 1783//1783 1776//1776 1781//1781
f 1777//1777 1778//1778 1776//1776
f 1777//1777 1780//1780 1778//1778
f 1777//1777 1771//1771 1779//1779
f 1780//1780 1779//1779 1782//1782
f 1780//1780 1783//1783 1781//1781
f 1782//1782 1785//1785 1783//1783
f 1779//1779 1771//1771 1784//1784
f 1783//1783 1785//1785 1775//1775
f 1771//1771 1773//1773 1786//1786
f 1785//1785 1773//1773 1775//1775
f 1788//1788 1789//1789 1790//1790
f 1790//1790 1793//1793 1791//1791
f 1789//1789 1787//1787 1792//1792
f 1803//1803 1791//1791 1793//1793
f 1790//1790 1792//1792 1793//1793
f 1793//1793 1794//1794 1797//1797
f 1792//1792 1787//1787 1795//1795
f 1803//1803 1793//1793 1797//1797
f 1792//1792 1794//1794 1793//1793
f 1795//1795 1796//1796 1794//1794
f 1796//1796 1798//1798 1799//1799
f 1796//1796 1800//1800 1797//1797
f 1795//1795 1787//1787 1798//1798
f 1803//1803 1797//1797 1800//1800
f 1799//1799 1798//1798 1801//1801
f 1798//1798 1802//1802 1801//1801
f 1800//1800 1802//1802 1803//1803
f 1787//1787 1788//1788 1802//1802
f 1803//1803 1788//1788 1791//1791
f 1806//1806 1805//1805 1807//1807
f 1807//1807 1810//1810 1808//1808
f 1805//1805 1804//1804 1809//1809
f 1820//1820 1808//1808 1810//1810
f 1807//1807 1809//1809 1810//1810
f 1810//1810 1812//1812 1814//1814
f 1809//1809 1804//1804 1811//1811
f 1820//1820 1810//1810 1814//1814
f 1809//1809 1812//1812 1810//1810
f 1811//1811 1813//1813 1812//1812
f 1820//1820 1814//1814 1816//1816
f 1813//1813 1804//1804 1815//1815
f 1813//1813 1816//1816 1814//1814
f 1815//1815 1817//1817 1818//1818
f 1817//1817 1819//1819 1818//1818
f 1816//1816 1819//1819 1820//1820
f 1817//1817 1806//1806 1819//1819
f 1820//1820 1806//1806 1808//1808
f 1817//1817 1804//1804 1805//1805
f 1822//1822 1824//1824 1837//1837
f 1835//1835 1821//1821 1825//1825
f 1822//1822 1825//1825 1823//1823
f 1823//1823 1828//1828 1824//1824
f 1823//1823 1825//1825 1826//1826
f 1825//1825 1827//1827 1826//1826
f 1828//1828 1830//1830 1832//1832
f 1824//1824 1828//1828 1832//1832
f 1821//1821 1830//1830 1827//1827
f 1830//1830 1829//1829 1831//1831
f 1824//1824 1832//1832 1834//1834
f 1831//1831 1833//1833 1834//1834
f 1831//1831 1834//1834 1832//1832
f 1829//1829 1821//1821 1833//1833
f 1824//1824 1834//1834 1837//1837
f 1833//1833 1836//1836 1834//1834
f 1834//1834 1836//1836 1837//1837
f 1833//1833 1821//1821 1835//1835
f 1835//1835 1822//1822 1836//1836
usemtl field_material_05
f 2//2 7//7 8//8
f 3//3 8//8 9//9
f 5//5 4//4 9//9
f 9//9 13//13 14//14
f 7//7 11//11 12//12
f 8//8 12//12 13//13
f 14//14 13//13 17//17
f 11//11 15//15 16//16
f 12//12 16//16 17//17
f 17//17 21//21 22//22
f 15//15 19//19 20//20
f 16//16 20//20 21//21
f 22//22 21//21 25//25
f 19//19 23//23 24//24
f 20//20 24//24 25//25
f 25//25 29//29 30//30
f 23//23 27//27 28//28
f 24//24 28//28 29//29
f 30//30 29//29 33//33
f 27//27 31//31 32//32
f 28//28 32//32 33//33
f 33//33 4//4 5//5
f 31//31 2//2 3//3
f 32//32 3//3 4//4
f 35//35 36//36 38//38
f 37//37 38//38 40//40
f 40//40 42//42 41//41
f 41//41 42//42 44//44
f 40//40 38//38 36//36
f 36//36 46//46 40//40
f 46//46 44//44 40//40
f 43//43 44//44 46//46
f 46//46 36//36 35//35
f 45//45 35//35 37//37
f 37//37 39//39 41//41
f 41//41 43//43 37//37
usemtl field_material_17
f 47//47 48//48 50//50
f 50//50 52//52 51//51
f 52//52 54//54 53//53
f 54//54 56//56 55//55
f 56//56 58//58 57//57
f 58//58 60//60 59//59
f 59//59 60//60 62//62
f 62//62 64//64 63//63
usemtl field_material_05
f 67//67 69//69 66//66
f 69//69 67//67 68//68
f 66//66 68//68 70//70
usemtl field_material_17
f 71//71 72//72 74//74
f 74//74 76//76 75//75
f 75//75 76//76 78//78
f 78//78 80//80 79//79
f 79//79 80//80 82//82
f 82//82 84//84 83//83
f 83//83 84//84 86//86
f 85//85 86//86 88//88
usemtl field_material_05
f 91//91 93//93 92//92
f 93//93 91//91 90//90
usemtl field_material_17
f 94//94 95//95 97//97
f 96//96 97//97 99//99
f 99//99 101//101 100//100
f 101//101 103//103 102//102
f 103//103 105//105 104//104
f 104//104 105//105 107//107
f 107//107 109//109 108//108
f 109//109 111//111 110//110
f 111//111 112//112 110//110
usemtl field_material_05
f 114//114 115//115 117//117
f 116//116 117//117 115//115
f 116//116 113//113 114//114
f 118//118 119//119 121//121
f 121//121 123//123 122//122
f 123//123 125//125 124//124
f 124//124 125//125 127//127
f 123//123 121//121 119//119
f 119//119 129//129 127//127
f 127//127 125//125 119//119
f 126//126 127//127 129//129
f 129//129 119//119 118//118
f 128//128 118//118 124//124
f 118//118 120//120 124//124
f 120//120 122//122 124//124
usemtl field_material_07
f 130//130 131//131 133//133
f 132//132 133//133 135//135
f 135//135 137//137 136//136
f 136//136 137//137 139//139
f 139//139 141//141 140//140
f 141//141 143//143 142//142
f 143//143 145//145 144//144
f 145//145 147//147 146//146
usemtl field_material_05
f 151//151 153//153 150//150
f 153//153 151//151 149//149
f 149//149 150//150 152//152
usemtl field_material_07
f 154//154 155//155 157//157
f 157//157 159//159 158//158
f 159//159 161//161 160//160
f 160//160 161//161 163//163
f 163//163 165//165 164//164
f 164//164 165//165 167//167
f 167//167 169//169 168//168
f 169//169 171//171 170//170
usemtl field_material_05
f 174//174 176//176 173//173
f 175//175 176//176 177//177
f 177//177 174//174 175//175
usemtl field_material_07
f 178//178 179//179 181//181
f 181//181 183//183 182//182
f 183//183 185//185 184//184
f 185//185 187//187 186//186
f 186//186 187//187 189//189
f 189//189 191//191 190//190
f 191//191 193//193 192//192
f 193//193 195//195 194//194
f 195//195 196//196 194//194
usemtl field_material_05
f 198//198 200//200 197//197
f 199//199 200//200 198//198
f 201//201 202//202 204//204
f 203//203 204//204 206//206
f 205//205 206//206 208//208
f 207//207 208//208 210//210
f 206//206 204//204 202//202
f 202//202 212//212 206//206
f 212//212 210//210 206//206
f 210//210 212//212 211//211
f 211//211 212//212 202//202
f 211//211 201//201 203//203
f 203//203 205//205 211//211
f 205//205 207//207 211//211
usemtl field_material_07
f 214//214 216//216 215//215
f 215//215 216//216 218//218
f 218//218 220//220 219//219
f 219//219 220//220 222//222
f 221//221 222//222 224//224
f 224//224 226//226 225//225
f 225//225 226//226 228//228
f 227//227 228//228 230//230
f 230//230 231//231 229//229
usemtl field_material_05
f 233//233 235//235 234//234
f 235//235 233//233 232//232
usemtl field_material_07
f 237//237 239//239 238//238
f 239//239 241//241 240//240
f 241//241 243//243 242//242
f 243//243 245//245 244//244
f 245//245 247//247 246//246
f 246//246 247//247 249//249
f 248//248 249//249 251//251
f 251//251 253//253 252//252
usemtl field_material_05
f 257//257 259//259 256//256
f 259//259 257//257 258//258
f 255//255 256//256 258//258
usemtl field_material_07
f 261//261 263//263 262//262
f 263//263 265//265 264//264
f 264//264 265//265 267//267
f 266//266 267//267 269//269
f 268//268 269//269 271//271
f 270//270 271//271 273//273
f 272//272 273//273 275//275
f 274//274 275//275 277//277
f 277//277 278//278 276//276
usemtl field_material_05
f 280//280 282//282 279//279
f 282//282 280//280 281//281
f 284//284 286//286 285//285
f 285//285 286//286 288//288
f 288//288 290//290 289//289
f 290//290 292//292 291//291
f 288//288 286//286 284//284
f 284//284 294//294 292//292
f 292//292 290//290 284//284
f 291//291 292//292 294//294
f 294//294 284//284 283//283
f 293//293 283//283 285//285
f 285//285 287//287 289//289
f 289//289 291//291 285//285
usemtl field_material_07
f 296//296 298//298 297//297
f 297//297 298//298 300//300
f 299//299 300//300 302//302
f 302//302 304//304 303//303
f 304//304 306//306 305//305
f 305//305 306//306 308//308
f 308//308 310//310 309//309
f 310//310 312//312 311//311
f 312//312 313//313 311//311
usemtl field_material_05
f 315//315 317//317 316//316
f 317//317 315//315 314//314
usemtl field_material_07
f 319//319 321//321 320//320
f 320//320 321//321 323//323
f 322//322 323//323 325//325
f 324//324 325//325 327//327
f 327//327 329//329 328//328
f 328//328 329//329 331//331
f 331//331 333//333 332//332
f 333//333 335//335 334//334
f 335//335 336//336 334//334
usemtl field_material_05
f 338//338 341//341 339//339
f 340//340 341//341 338//338
usemtl field_material_07
f 343//343 345//345 344//344
f 344//344 345//345 347//347
f 347//347 349//349 348//348
f 348//348 349//349 351//351
f 351//351 353//353 352//352
f 352//352 353//353 355//355
f 355//355 357//357 356//356
f 356//356 357//357 359//359
f 359//359 360//360 358//358
usemtl field_material_05
f 362//362 364//364 361//361
f 364//364 362//362 363//363
f 366//366 368//368 367//367
f 367//367 368//368 370//370
f 369//369 370//370 372//372
f 372//372 374//374 373//373
f 370//370 368//368 366//366
f 366//366 376//376 374//374
f 374//374 372//372 366//366
f 373//373 374//374 376//376
f 375//375 376//376 366//366
f 375//375 365//365 371//371
f 365//365 367//367 371//371
f 367//367 369//369 371//371
usemtl field_material_17
f 377//377 378//378 380//380
f 379//379 380//380 382//382
f 381//381 382//382 384//384
f 383//383 384//384 386//386
f 386//386 388//388 387//387
f 388//388 390//390 389//389
f 390//390 392//392 391//391
f 392//392 394//394 393//393
usemtl field_material_05
f 397//397 399//399 396//396
f 399//399 397//397 398//398
usemtl field_material_17
f 401//401 403//403 402//402
f 403//403 405//405 404//404
f 404//404 405//405 407//407
f 407//407 409//409 408//408
f 409//409 411//411 410//410
f 410//410 411//411 413//413
f 413//413 415//415 414//414
f 415//415 417//417 416//416
usemtl field_material_05
f 420//420 422//422 419//419
f 422//422 424//424 421//421
f 422//422 420//420 424//424
f 423//423 424//424 420//420
f 423//423 419//419 421//421
usemtl field_material_17
f 426//426 428//428 427//427
f 427//427 428//428 430//430
f 430//430 432//432 431//431
f 431//431 432//432 434//434
f 433//433 434//434 436//436
f 435//435 436//436 438//438
f 438//438 440//440 439//439
f 440//440 442//442 441//441
usemtl field_material_05
f 445//445 447//447 444//444
f 447//447 445//445 446//446
f 448//448 449//449 451//451
f 451//451 453//453 452//452
f 452//452 453//453 455//455
f 455//455 457//457 456//456
f 453//453 451//451 449//449
f 449//449 459//459 453//453
f 459//459 457//457 453//453
f 457//457 459//459 458//458
f 459//459 449//449 448//448
f 458//458 448//448 450//450
f 450//450 452//452 454//454
f 454//454 456//456 450//450
usemtl field_material_07
f 461//461 463//463 462//462
f 462//462 463//463 465//465
f 464//464 465//465 467//467
f 467//467 469//469 468//468
f 469//469 471//471 470//470
f 471//471 473//473 472//472
f 473//473 475//475 474//474
f 475//475 477//477 476//476
f 477//477 478//478 476//476
usemtl field_material_05
f 480//480 482//482 479//479
f 480//480 484//484 482//482
f 481//481 482//482 484//484
f 484//484 480//480 483//483
usemtl field_material_07
f 485//485 486//486 488//488
f 488//488 490//490 489//489
f 489//489 490//490 492//492
f 492//492 494//494 493//493
f 494//494 496//496 495//495
f 496//496 498//498 497//497
f 498//498 500//500 499//499
f 500//500 502//502 501//501
f 502//502 503//503 501//501
usemtl field_material_05
f 504//504 506//506 505//505
f 506//506 504//504 507//507
usemtl field_material_07
f 508//508 509//509 511//511
f 510//510 511//511 513//513
f 513//513 515//515 514//514
f 514//514 515//515 517//517
f 516//516 517//517 519//519
f 519//519 521//521 520//520
f 521//521 523//523 522//522
f 523//523 525//525 524//524
usemtl field_material_05
f 527//527 528//528 530//530
f 529//529 530//530 528//528
f 531//531 532//532 534//534
f 534//534 536//536 535//535
f 535//535 536//536 538//538
f 537//537 538//538 540//540
f 536//536 534//534 532//532
f 532//532 542//542 540//540
f 540//540 538//538 532//532
f 540//540 542//542 541//541
f 542//542 532//532 531//531
f 541//541 531//531 537//537
f 531//531 533//533 537//537
f 533//533 535//535 537//537
usemtl field_material_07
f 544//544 546//546 545//545
f 546//546 548//548 547//547
f 548//548 550//550 549//549
f 550//550 552//552 551//551
f 551//551 552//552 554//554
f 553//553 554//554 556//556
f 556//556 558//558 557//557
f 558//558 560//560 559//559
usemtl field_material_05
f 563//563 565//565 562//562
f 565//565 563//563 564//564
usemtl field_material_07
f 567//567 569//569 568//568
f 568//568 569//569 571//571
f 571//571 573//573 572//572
f 573//573 575//575 574//574
f 575//575 577//577 576//576
f 576//576 577//577 579//579
f 579//579 581//581 580//580
f 581//581 583//583 582//582
f 583//583 584//584 582//582
usemtl field_material_05
f 586//586 585//585 588//588
f 587//587 588//588 585//585
usemtl field_material_07
f 590//590 592//592 591//591
f 592//592 594//594 593//593
f 594//594 596//596 595//595
f 595//595 596//596 598//598
f 598//598 600//600 599//599
f 600//600 602//602 601//601
f 602//602 604//604 603//603
f 604//604 606//606 605//605
usemtl field_material_05
f 609//609 610//610 611//611
f 611//611 610//610 608//608
f 613//613 615//615 614//614
f 614//614 615//615 617//617
f 616//616 617//617 619//619
f 618//618 619//619 621//621
f 617//617 615//615 621//621
f 615//615 613//613 621//621
f 613//613 623//623 621//621
f 621//621 623//623 622//622
f 623//623 613//613 612//612
f 622//622 612//612 614//614
f 614//614 616//616 618//618
f 618//618 620//620 614//614
usemtl field_material_23
f 625//625 627//627 626//626
f 627//627 629//629 628//628
f 628//628 629//629 631//631
f 630//630 631//631 633//633
f 632//632 633//633 635//635
f 635//635 637//637 636//636
f 637//637 639//639 638//638
f 639//639 641//641 640//640
f 641//641 642//642 640//640
usemtl field_material_05
f 644//644 646//646 643//643
f 646//646 644//644 645//645
usemtl field_material_23
f 648//648 650//650 649//649
f 649//649 650//650 652//652
f 651//651 652//652 654//654
f 654//654 656//656 655//655
f 656//656 658//658 657//657
f 657//657 658//658 660//660
f 659//659 660//660 662//662
f 662//662 664//664 663//663
usemtl field_material_05
f 668//668 669//669 667//667
f 669//669 668//668 666//666
usemtl field_material_23
f 671//671 673//673 672//672
f 673//673 675//675 674//674
f 674//674 675//675 677//677
f 677//677 679//679 678//678
f 679//679 681//681 680//680
f 680//680 681//681 683//683
f 682//682 683//683 685//685
f 684//684 685//685 687//687
f 687//687 688//688 686//686
usemtl field_material_05
f 690//690 692//692 689//689
f 692//692 690//690 691//691
f 694//694 696//696 695//695
f 696//696 698//698 697//697
f 697//697 698//698 700//700
f 699//699 700//700 702//702
f 698//698 696//696 702//702
f 696//696 694//694 702//702
f 694//694 704//704 702//702
f 701//701 702//702 704//704
f 704//704 694//694 693//693
f 703//703 693//693 699//699
f 693//693 695//695 699//699
f 695//695 697//697 699//699
usemtl field_material_17
f 706//706 708//708 707//707
f 707//707 708//708 710//710
f 709//709 710//710 712//712
f 712//712 714//714 713//713
f 714//714 716//716 715//715
f 716//716 718//718 717//717
f 718//718 720//720 719//719
f 720//720 722//722 721//721
f 722//722 723//723 721//721
usemtl field_material_05
f 725//725 727//727 724//724
f 726//726 727//727 728//728
f 728//728 725//725 726//726
usemtl field_material_17
f 730//730 732//732 731//731
f 731//731 732//732 734//734
f 734//734 736//736 735//735
f 735//735 736//736 738//738
f 738//738 740//740 739//739
f 740//740 742//742 741//741
f 742//742 744//744 743//743
f 744//744 746//746 745//745
f 746//746 747//747 745//745
usemtl field_material_05
f 749//749 751//751 750//750
f 751//751 749//749 748//748
usemtl field_material_17
f 753//753 755//755 754//754
f 754//754 755//755 757//757
f 757//757 759//759 758//758
f 759//759 761//761 760//760
f 760//760 761//761 763//763
f 762//762 763//763 765//765
f 765//765 767//767 766//766
f 766//766 767//767 769//769
usemtl field_material_05
f 772//772 774//774 771//771
f 774//774 772//772 773//773
f 775//775 778//778 776//776
f 777//777 778//778 780//780
f 780//780 782//782 781//781
f 775//775 784//784 782//782
f 782//782 780//780 778//778
f 781//781 782//782 784//784
f 784//784 775//775 783//783
f 776//776 777//777 779//779
f 779//779 781//781 783//783
usemtl field_material_09
f 791//791 792//792 786//786
f 786//786 792//792 793//793
f 793//793 794//794 787//787
f 787//787 794//794 795//795
f 795//795 796//796 787//787
f 788//788 796//796 797//797
f 797//797 798//798 788//788
f 798//798 799//799 788//788
f 799//799 800//800 789//789
f 800//800 805//805 789//789
f 805//805 801//801 790//790
f 790//790 801//801 791//791
f 802//802 792//792 791//791
f 794//794 803//803 795//795
f 804//804 797//797 796//796
f 805//805 806//806 801//801
f 801//801 806//806 802//802
f 802//802 807//807 808//808
f 792//792 808//808 809//809
f 792//792 809//809 810//810
f 810//810 811//811 794//794
f 811//811 812//812 803//803
f 812//812 813//813 795//795
f 813//813 814//814 804//804
f 797//797 814//814 815//815
f 815//815 816//816 799//799
f 799//799 816//816 817//817
f 817//817 818//818 800//800
f 805//805 818//818 819//819
f 820//820 821//821 808//808
f 813//813 822//822 814//814
f 817//817 823//823 824//824
f 818//818 824//824 825//825
f 826//826 820//820 807//807
f 820//820 827//827 821//821
f 828//828 829//829 810//810
f 829//829 830//830 811//811
f 830//830 831//831 813//813
f 832//832 833//833 815//815
f 823//823 834//834 824//824
f 819//819 835//835 836//836
f 827//827 837//837 838//838
f 821//821 838//838 828//828
f 830//830 840//840 831//831
f 832//832 841//841 833//833
f 836//836 843//843 826//826
f 826//826 843//843 827//827
f 828//828 845//845 846//846
f 829//829 847//847 848//848
f 830//830 848//848 849//849
f 830//830 849//849 840//840
f 831//831 850//850 851//851
f 851//851 852//852 832//832
f 841//841 853//853 833//833
f 853//853 854//854 833//833
f 854//854 855//855 823//823
f 855//855 856//856 834//834
f 857//857 858//858 835//835
f 858//858 859//859 835//835
f 859//859 860//860 836//836
f 844//844 861//861 837//837
f 861//861 862//862 838//838
f 839//839 863//863 847//847
f 863//863 864//864 848//848
f 848//848 864//864 849//849
f 840//840 865//865 850//850
f 865//865 866//866 851//851
f 852//852 867//867 841//841
f 856//856 868//868 842//842
f 842//842 868//868 857//857
f 858//858 869//869 859//859
f 859//859 869//869 860//860
f 860//860 870//870 843//843
f 843//843 870//870 844//844
f 862//862 872//872 845//845
f 845//845 872//872 873//873
f 864//864 874//874 849//849
f 874//874 875//875 840//840
f 853//853 877//877 854//854
f 854//854 877//877 878//878
f 868//868 879//879 857//857
f 857//857 879//879 880//880
f 869//869 881//881 860//860
f 870//870 871//871 844//844
f 867//867 883//883 853//853
f 856//856 884//884 868//868
f 862//862 885//885 886//886
f 886//886 887//887 873//873
f 863//863 887//887 888//888
f 888//888 889//889 875//875
f 889//889 890//890 876//876
f 890//890 891//891 877//877
f 891//891 892//892 884//884
f 868//868 892//892 893//893
f 893//893 894//894 881//881
f 894//894 885//885 871//871
usemtl field_material_05
f 899//899 897//897 900//900
f 898//898 901//901 900//900
f 900//900 902//902 903//903
f 902//902 905//905 906//906
f 902//902 901//901 904//904
f 904//904 896//896 907//907
f 906//906 905//905 907//907
f 907//907 909//909 908//908
f 909//909 896//896 898//898
f 909//909 897//897 899//899
f 921//921 912//912 911//911
f 914//914 911//911 913//913
f 913//913 915//915 918//918
f 913//913 912//912 916//916
f 915//915 917//917 918//918
f 916//916 910//910 917//917
f 920//920 917//917 919//919
f 919//919 910//910 921//921
f 919//919 922//922 923//923
f 922//922 911//911 923//923
f 926//926 927//927 929//929
f 925//925 928//928 929//929
f 929//929 930//930 931//931
f 930//930 928//928 932//932
f 930//930 932//932 933//933
f 932//932 934//934 935//935
f 933//933 932//932 935//935
f 933//933 935//935 936//936
f 936//936 934//934 924//924
f 936//936 938//938 937//937
f 938//938 924//924 925//925
f 938//938 927//927 926//926
f 951//951 942//942 941//941
f 952//952 940//940 941//941
f 944//944 941//941 943//943
f 943//943 946//946 947//947
f 943//943 942//942 945//945
f 945//945 939//939 948//948
f 947//947 946//946 948//948
f 949//949 948//948 950//950
f 950//950 939//939 951//951
f 950//950 940//940 952//952
f 956//956 954//954 955//955
f 954//954 957//957 955//955
f 956//956 955//955 958//958
f 958//958 959//959 960//960
f 958//958 957//957 953//953
f 959//959 962//962 963//963
f 959//959 953//953 961//961
f 961//961 964//964 965//965
f 963//963 962//962 965//965
f 965//965 967//967 966//966
f 967//967 964//964 954//954
f 967//967 954//954 956//956
usemtl field_material_29
f 969//969 970//970 971//971
f 969//969 968//968 970//970
f 971//971 970//970 972//972
f 973//973 974//974 975//975
f 974//974 968//968 969//969
f 975//975 974//974 969//969
f 977//977 976//976 978//978
f 978//978 980//980 979//979
f 984//984 985//985 986//986
f 985//985 983//983 987//987
f 988//988 984//984 990//990
f 993//993 994//994 995//995
f 996//996 994//994 997//997
f 997//997 991//991 998//998
f 1000//1000 1001//1001 1002//1002
f 1001//1001 999//999 1003//1003
f 1005//1005 999//999 1004//1004
f 1004//1004 1000//1000 1006//1006
f 1008//1008 1007//1007 1009//1009
f 1009//1009 1011//1011 1010//1010
f 1011//1011 1013//1013 1012//1012
f 1013//1013 1007//1007 1014//1014
f 1020//1020 1015//1015 1019//1019
f 1019//1019 1016//1016 1021//1021
f 1026//1026 1022//1022 1027//1027
f 1027//1027 1023//1023 1028//1028
f 1030//1030 1029//1029 1032//1032
f 1030//1030 1032//1032 1031//1031
f 1031//1031 1032//1032 1033//1033
f 1034//1034 1035//1035 1036//1036
f 1036//1036 1035//1035 1030//1030
f 1035//1035 1029//1029 1030//1030
f 1038//1038 1037//1037 1039//1039
f 1039//1039 1041//1041 1040//1040
f 1041//1041 1043//1043 1042//1042
f 1043//1043 1037//1037 1044//1044
f 1047//1047 1045//1045 1046//1046
f 1046//1046 1049//1049 1048//1048
f 1054//1054 1056//1056 1055//1055
f 1056//1056 1058//1058 1057//1057
f 1058//1058 1052//1052 1059//1059
f 1061//1061 1062//1062 1063//1063
f 1062//1062 1060//1060 1064//1064
f 1066//1066 1060//1060 1065//1065
f 1065//1065 1061//1061 1067//1067
f 1072//1072 1068//1068 1073//1073
f 1073//1073 1069//1069 1074//1074
usemtl field_material_05
f 1075//1075 1076//1076 1078//1078
f 1078//1078 1079//1079 1077//1077
f 1079//1079 1082//1082 1080//1080
f 1079//1079 1078//1078 1076//1076
f 1076//1076 1084//1084 1082//1082
f 1081//1081 1082//1082 1084//1084
f 1084//1084 1076//1076 1075//1075
f 1083//1083 1075//1075 1080//1080
f 1075//1075 1077//1077 1080//1080
usemtl field_material_15
f 1092//1092 1093//1093 1086//1086
f 1093//1093 1094//1094 1086//1086
f 1086//1086 1094//1094 1104//1104
f 1104//1104 1095//1095 1087//1087
f 1087//1087 1095//1095 1096//1096
f 1088//1088 1096//1096 1105//1105
f 1105//1105 1097//1097 1088//1088
f 1097//1097 1098//1098 1089//1089
f 1089//1089 1098//1098 1099//1099
f 1099//1099 1100//1100 1090//1090
f 1090//1090 1100//1100 1106//1106
f 1106//1106 1092//1092 1091//1091
f 1092//1092 1101//1101 1102//1102
f 1102//1102 1103//1103 1093//1093
f 1095//1095 1104//1104 1096//1096
f 1106//1106 1101//1101 1092//1092
f 1102//1102 1107//1107 1108//1108
f 1102//1102 1108//1108 1109//1109
f 1103//1103 1109//1109 1110//1110
f 1110//1110 1111//1111 1094//1094
f 1111//1111 1112//1112 1104//1104
f 1112//1112 1113//1113 1096//1096
f 1113//1113 1114//1114 1096//1096
f 1096//1096 1114//1114 1115//1115
f 1105//1105 1115//1115 1116//1116
f 1116//1116 1117//1117 1098//1098
f 1098//1098 1117//1117 1118//1118
f 1099//1099 1118//1118 1119//1119
f 1119//1119 1120//1120 1106//1106
f 1120//1120 1121//1121 1106//1106
f 1101//1101 1121//1121 1107//1107
f 1110//1110 1123//1123 1111//1111
f 1111//1111 1123//1123 1124//1124
f 1125//1125 1126//1126 1115//1115
f 1115//1115 1126//1126 1127//1127
f 1127//1127 1128//1128 1116//1116
f 1117//1117 1129//1129 1118//1118
f 1129//1129 1130//1130 1118//1118
f 1130//1130 1131//1131 1119//1119
f 1119//1119 1131//1131 1132//1132
f 1120//1120 1132//1132 1133//1133
f 1133//1133 1134//1134 1121//1121
f 1136//1136 1137//1137 1109//1109
f 1113//1113 1138//1138 1139//1139
f 1135//1135 1142//1142 1122//1122
f 1122//1122 1142//1142 1136//1136
f 1136//1136 1143//1143 1137//1137
f 1137//1137 1144//1144 1123//1123
f 1139//1139 1145//1145 1125//1125
f 1125//1125 1146//1146 1126//1126
f 1126//1126 1146//1146 1127//1127
f 1128//1128 1147//1147 1140//1140
f 1129//1129 1148//1148 1130//1130
f 1142//1142 1151//1151 1136//1136
f 1143//1143 1152//1152 1137//1137
f 1152//1152 1153//1153 1137//1137
f 1154//1154 1155//1155 1138//1138
f 1155//1155 1156//1156 1138//1138
f 1156//1156 1157//1157 1139//1139
f 1145//1145 1158//1158 1125//1125
f 1146//1146 1159//1159 1127//1127
f 1160//1160 1161//1161 1129//1129
f 1162//1162 1163//1163 1132//1132
f 1163//1163 1164//1164 1141//1141
f 1134//1134 1165//1165 1150//1150
f 1150//1150 1166//1166 1142//1142
f 1142//1142 1166//1166 1151//1151
f 1143//1143 1167//1167 1152//1152
f 1144//1144 1168//1168 1154//1154
f 1157//1157 1169//1169 1145//1145
f 1158//1158 1170//1170 1146//1146
f 1159//1159 1171//1171 1147//1147
f 1171//1171 1172//1172 1160//1160
f 1161//1161 1173//1173 1148//1148
f 1173//1173 1174//1174 1162//1162
f 1149//1149 1175//1175 1165//1165
f 1165//1165 1175//1175 1150//1150
f 1151//1151 1177//1177 1143//1143
f 1167//1167 1178//1178 1153//1153
f 1178//1178 1179//1179 1144//1144
f 1155//1155 1180//1180 1156//1156
f 1156//1156 1180//1180 1157//1157
f 1169//1169 1181//1181 1158//1158
f 1158//1158 1181//1181 1170//1170
f 1170//1170 1182//1182 1159//1159
f 1172//1172 1183//1183 1161//1161
f 1174//1174 1184//1184 1163//1163
f 1184//1184 1185//1185 1164//1164
f 1164//1164 1185//1185 1186//1186
f 1175//1175 1176//1176 1150//1150
f 1166//1166 1187//1187 1151//1151
f 1168//1168 1188//1188 1155//1155
f 1180//1180 1189//1189 1157//1157
f 1190//1190 1191//1191 1166//1166
f 1177//1177 1191//1191 1192//1192
f 1192//1192 1193//1193 1178//1178
f 1193//1193 1194//1194 1188//1188
f 1194//1194 1195//1195 1189//1189
f 1169//1169 1195//1195 1196//1196
f 1196//1196 1197//1197 1182//1182
f 1171//1171 1197//1197 1198//1198
f 1198//1198 1199//1199 1173//1173
f 1199//1199 1200//1200 1185//1185
f 1200//1200 1190//1190 1175//1175
usemtl field_material_05
f 1204//1204 1205//1205 1207//1207
f 1203//1203 1206//1206 1207//1207
f 1207//1207 1208//1208 1209//1209
f 1208//1208 1206//1206 1210//1210
f 1210//1210 1212//1212 1213//1213
f 1214//1214 1213//1213 1215//1215
f 1215//1215 1212//1212 1202//1202
f 1215//1215 1216//1216 1217//1217
f 1216//1216 1202//1202 1203//1203
f 1216//1216 1205//1205 1204//1204
f 1229//1229 1218//1218 1219//1219
f 1220//1220 1219//1219 1221//1221
f 1221//1221 1222//1222 1223//1223
f 1221//1221 1218//1218 1224//1224
f 1222//1222 1225//1225 1226//1226
f 1224//1224 1227//1227 1225//1225
f 1226//1226 1225//1225 1228//1228
f 1228//1228 1227//1227 1229//1229
f 1228//1228 1230//1230 1231//1231
f 1230//1230 1219//1219 1220//1220
f 1233//1233 1232//1232 1235//1235
f 1234//1234 1235//1235 1236//1236
f 1236//1236 1232//1232 1238//1238
f 1236//1236 1239//1239 1237//1237
f 1239//1239 1241//1241 1240//1240
f 1238//1238 1242//1242 1241//1241
f 1240//1240 1241//1241 1243//1243
f 1243//1243 1244//1244 1245//1245
f 1243//1243 1242//1242 1233//1233
f 1244//1244 1235//1235 1234//1234
f 1247//1247 1249//1249 1248//1248
f 1260//1260 1247//1247 1248//1248
f 1251//1251 1248//1248 1250//1250
f 1250//1250 1253//1253 1254//1254
f 1250//1250 1249//1249 1252//1252
f 1253//1253 1255//1255 1254//1254
f 1252//1252 1246//1246 1255//1255
f 1246//1246 1257//1257 1258//1258
f 1256//1256 1255//1255 1258//1258
f 1258//1258 1259//1259 1260//1260
f 1259//1259 1257//1257 1247//1247
f 1259//1259 1247//1247 1260//1260
f 1265//1265 1263//1263 1264//1264
f 1262//1262 1266//1266 1264//1264
f 1264//1264 1267//1267 1269//1269
f 1267//1267 1266//1266 1268//1268
f 1267//1267 1268//1268 1269//1269
f 1268//1268 1270//1270 1271//1271
f 1269//1269 1268//1268 1271//1271
f 1272//1272 1271//1271 1273//1273
f 1273//1273 1270//1270 1261//1261
f 1273//1273 1274//1274 1275//1275
f 1274//1274 1261//1261 1262//1262
f 1274//1274 1263//1263 1275//1275
usemtl field_material_29
f 1277//1277 1278//1278 1279//1279
f 1278//1278 1276//1276 1280//1280
f 1282//1282 1276//1276 1281//1281
f 1281//1281 1277//1277 1283//1283
f 1285//1285 1286//1286 1287//1287
f 1286//1286 1284//1284 1288//1288
f 1290//1290 1284//1284 1289//1289
f 1289//1289 1285//1285 1291//1291
f 1293//1293 1294//1294 1295//1295
f 1294//1294 1292//1292 1296//1296
f 1298//1298 1292//1292 1297//1297
f 1297//1297 1293//1293 1299//1299
f 1301//1301 1303//1303 1302//1302
f 1303//1303 1300//1300 1304//1304
f 1305//1305 1300//1300 1306//1306
f 1306//1306 1301//1301 1307//1307
f 1309//1309 1311//1311 1310//1310
f 1311//1311 1308//1308 1312//1312
f 1313//1313 1308//1308 1314//1314
f 1314//1314 1309//1309 1315//1315
f 1318//1318 1316//1316 1317//1317
f 1317//1317 1320//1320 1319//1319
f 1320//1320 1321//1321 1322//1322
f 1321//1321 1316//1316 1323//1323
f 1325//1325 1326//1326 1327//1327
f 1326//1326 1324//1324 1328//1328
f 1330//1330 1324//1324 1329//1329
f 1329//1329 1325//1325 1331//1331
f 1333//1333 1334//1334 1335//1335
f 1336//1336 1332//1332 1337//1337
f 1337//1337 1332//1332 1333//1333
f 1340//1340 1339//1339 1342//1342
f 1340//1340 1342//1342 1341//1341
f 1344//1344 1339//1339 1340//1340
f 1351//1351 1346//1346 1350//1350
f 1350//1350 1347//1347 1352//1352
f 1358//1358 1353//1353 1357//1357
f 1357//1357 1354//1354 1359//1359
f 1361//1361 1360//1360 1362//1362
f 1363//1363 1362//1362 1364//1364
f 1364//1364 1360//1360 1366//1366
f 1371//1371 1367//1367 1372//1372
f 1372//1372 1368//1368 1373//1373
f 1379//1379 1374//1374 1378//1378
f 1378//1378 1375//1375 1380//1380
usemtl field_material_05
f 1381//1381 1382//1382 1384//1384
f 1384//1384 1386//1386 1385//1385
f 1385//1385 1386//1386 1388//1388
f 1388//1388 1389//1389 1387//1387
f 1386//1386 1384//1384 1382//1382
f 1389//1389 1388//1388 1386//1386
f 1389//1389 1382//1382 1390//1390
f 1390//1390 1381//1381 1383//1383
f 1383//1383 1385//1385 1387//1387
usemtl field_material_09
f 1399//1399 1400//1400 1393//1393
f 1393//1393 1400//1400 1401//1401
f 1394//1394 1401//1401 1402//1402
f 1402//1402 1403//1403 1395//1395
f 1403//1403 1404//1404 1395//1395
f 1404//1404 1413//1413 1396//1396
f 1413//1413 1397//1397 1396//1396
f 1398//1398 1405//1405 1406//1406
f 1398//1398 1406//1406 1407//1407
f 1392//1392 1407//1407 1408//1408
f 1392//1392 1408//1408 1399//1399
f 1408//1408 1409//1409 1399//1399
f 1410//1410 1411//1411 1403//1403
f 1411//1411 1412//1412 1404//1404
f 1413//1413 1414//1414 1397//1397
f 1414//1414 1415//1415 1405//1405
f 1415//1415 1416//1416 1406//1406
f 1416//1416 1417//1417 1407//1407
f 1408//1408 1418//1418 1419//1419
f 1419//1419 1420//1420 1400//1400
f 1420//1420 1421//1421 1401//1401
f 1402//1402 1421//1421 1422//1422
f 1422//1422 1423//1423 1410//1410
f 1410//1410 1423//1423 1424//1424
f 1424//1424 1425//1425 1411//1411
f 1425//1425 1426//1426 1412//1412
f 1412//1412 1426//1426 1427//1427
f 1413//1413 1427//1427 1428//1428
f 1428//1428 1429//1429 1415//1415
f 1415//1415 1429//1429 1430//1430
f 1430//1430 1431//1431 1416//1416
f 1431//1431 1432//1432 1416//1416
f 1432//1432 1433//1433 1417//1417
f 1433//1433 1418//1418 1417//1417
f 1420//1420 1435//1435 1436//1436
f 1421//1421 1436//1436 1437//1437
f 1438//1438 1439//1439 1423//1423
f 1425//1425 1440//1440 1426//1426
f 1428//1428 1441//1441 1442//1442
f 1429//1429 1442//1442 1443//1443
f 1418//1418 1444//1444 1434//1434
f 1434//1434 1445//1445 1446//1446
f 1435//1435 1447//1447 1436//1436
f 1449//1449 1450//1450 1425//1425
f 1450//1450 1451//1451 1440//1440
f 1451//1451 1452//1452 1440//1440
f 1441//1441 1453//1453 1442//1442
f 1430//1430 1454//1454 1455//1455
f 1432//1432 1455//1455 1456//1456
f 1435//1435 1458//1458 1447//1447
f 1447//1447 1459//1459 1437//1437
f 1437//1437 1459//1459 1448//1448
f 1452//1452 1460//1460 1441//1441
f 1441//1441 1461//1461 1453//1453
f 1453//1453 1462//1462 1443//1443
f 1443//1443 1462//1462 1454//1454
f 1454//1454 1463//1463 1455//1455
f 1444//1444 1457//1457 1445//1445
f 1445//1445 1464//1464 1465//1465
f 1446//1446 1465//1465 1466//1466
f 1458//1458 1467//1467 1447//1447
f 1459//1459 1468//1468 1448//1448
f 1448//1448 1468//1468 1469//1469
f 1438//1438 1469//1469 1470//1470
f 1470//1470 1471//1471 1449//1449
f 1471//1471 1472//1472 1450//1450
f 1472//1472 1473//1473 1451//1451
f 1473//1473 1474//1474 1452//1452
f 1460//1460 1475//1475 1441//1441
f 1461//1461 1476//1476 1453//1453
f 1454//1454 1477//1477 1463//1463
f 1455//1455 1478//1478 1479//1479
f 1479//1479 1480//1480 1444//1444
f 1457//1457 1481//1481 1464//1464
f 1465//1465 1482//1482 1466//1466
f 1466//1466 1482//1482 1458//1458
f 1467//1467 1483//1483 1459//1459
f 1468//1468 1484//1484 1469//1469
f 1470//1470 1485//1485 1471//1471
f 1485//1485 1486//1486 1472//1472
f 1473//1473 1487//1487 1474//1474
f 1474//1474 1487//1487 1460//1460
f 1460//1460 1488//1488 1475//1475
f 1475//1475 1488//1488 1461//1461
f 1489//1489 1490//1490 1477//1477
f 1490//1490 1491//1491 1463//1463
f 1478//1478 1492//1492 1479//1479
f 1479//1479 1492//1492 1493//1493
f 1481//1481 1495//1495 1465//1465
f 1482//1482 1496//1496 1458//1458
f 1496//1496 1497//1497 1467//1467
f 1467//1467 1497//1497 1483//1483
f 1483//1483 1498//1498 1468//1468
f 1468//1468 1498//1498 1484//1484
f 1484//1484 1499//1499 1470//1470
f 1486//1486 1500//1500 1473//1473
f 1473//1473 1500//1500 1487//1487
f 1487//1487 1501//1501 1460//1460
f 1460//1460 1501//1501 1488//1488
f 1488//1488 1502//1502 1461//1461
f 1502//1502 1503//1503 1476//1476
f 1476//1476 1503//1503 1489//1489
f 1491//1491 1504//1504 1478//1478
f 1493//1493 1494//1494 1457//1457
f 1494//1494 1505//1505 1481//1481
f 1497//1497 1507//1507 1483//1483
f 1499//1499 1509//1509 1485//1485
f 1509//1509 1510//1510 1486//1486
f 1500//1500 1511//1511 1487//1487
f 1503//1503 1513//1513 1489//1489
f 1489//1489 1513//1513 1514//1514
f 1490//1490 1514//1514 1515//1515
f 1504//1504 1516//1516 1492//1492
f 1516//1516 1517//1517 1493//1493
f 1505//1505 1518//1518 1519//1519
f 1506//1506 1519//1519 1520//1520
f 1507//1507 1520//1520 1521//1521
f 1521//1521 1522//1522 1509//1509
f 1522//1522 1523//1523 1511//1511
f 1512//1512 1523//1523 1524//1524
f 1503//1503 1524//1524 1525//1525
f 1514//1514 1525//1525 1526//1526
f 1526//1526 1518//1518 1517//1517
usemtl field_material_05
f 1529//1529 1528//1528 1532//1532
f 1531//1531 1530//1530 1532//1532
f 1533//1533 1532//1532 1534//1534
f 1534//1534 1528//1528 1535//1535
f 1534//1534 1536//1536 1537//1537
f 1536//1536 1538//1538 1537//1537
f 1535//1535 1541//1541 1539//1539
f 1537//1537 1538//1538 1539//1539
f 1540//1540 1539//1539 1542//1542
f 1542//1542 1543//1543 1531//1531
f 1542//1542 1541//1541 1529//1529
f 1543//1543 1530//1530 1531//1531
f 1545//1545 1547//1547 1548//1548
f 1546//1546 1545//1545 1548//1548
f 1549//1549 1548//1548 1550//1550
f 1550//1550 1547//1547 1551//1551
f 1550//1550 1552//1552 1553//1553
f 1552//1552 1554//1554 1553//1553
f 1551//1551 1544//1544 1555//1555
f 1553//1553 1554//1554 1555//1555
f 1544//1544 1558//1558 1557//1557
f 1556//1556 1555//1555 1557//1557
f 1557//1557 1559//1559 1546//1546
f 1559//1559 1545//1545 1546//1546
f 1559//1559 1558//1558 1545//1545
f 1561//1561 1564//1564 1565//1565
f 1563//1563 1562//1562 1565//1565
f 1566//1566 1565//1565 1567//1567
f 1567//1567 1564//1564 1568//1568
f 1567//1567 1569//1569 1570//1570
f 1569//1569 1571//1571 1570//1570
f 1568//1568 1560//1560 1572//1572
f 1570//1570 1571//1571 1572//1572
f 1573//1573 1572//1572 1574//1574
f 1574//1574 1575//1575 1563//1563
f 1574//1574 1560//1560 1561//1561
f 1575//1575 1562//1562 1563//1563
f 1579//1579 1578//1578 1580//1580
f 1577//1577 1576//1576 1581//1581
f 1579//1579 1580//1580 1581//1581
f 1581//1581 1583//1583 1582//1582
f 1583//1583 1576//1576 1584//1584
f 1583//1583 1585//1585 1586//1586
f 1586//1586 1585//1585 1587//1587
f 1584//1584 1589//1589 1588//1588
f 1586//1586 1587//1587 1588//1588
f 1588//1588 1590//1590 1591//1591
f 1590//1590 1578//1578 1579//1579
f 1590//1590 1589//1589 1577//1577
f 1593//1593 1596//1596 1594//1594
f 1595//1595 1593//1593 1594//1594
f 1595//1595 1594//1594 1597//1597
f 1597//1597 1598//1598 1599//1599
f 1597//1597 1596//1596 1592//1592
f 1598//1598 1592//1592 1600//1600
f 1600//1600 1604//1604 1605//1605
f 1603//1603 1602//1602 1605//1605
f 1605//1605 1606//1606 1607//1607
f 1606//1606 1604//1604 1593//1593
f 1606//1606 1593//1593 1595//1595
usemtl field_material_29
f 1609//1609 1612//1612 1611//1611
f 1612//1612 1613//1613 1614//1614
f 1613//1613 1608//1608 1615//1615
f 1618//1618 1619//1619 1620//1620
f 1621//1621 1619//1619 1622//1622
f 1622//1622 1616//1616 1623//1623
f 1625//1625 1626//1626 1627//1627
f 1626//1626 1624//1624 1628//1628
f 1628//1628 1629//1629 1630//1630
f 1628//1628 1624//1624 1629//1629
f 1629//1629 1625//1625 1631//1631
f 1634//1634 1636//1636 1635//1635
f 1636//1636 1638//1638 1637//1637
f 1638//1638 1632//1632 1639//1639
f 1641//1641 1642//1642 1643//1643
f 1642//1642 1640//1640 1644//1644
f 1646//1646 1640//1640 1645//1645
f 1645//1645 1641//1641 1647//1647
f 1649//1649 1651//1651 1650//1650
f 1651//1651 1648//1648 1652//1652
f 1653//1653 1648//1648 1654//1654
f 1654//1654 1649//1649 1655//1655
f 1653//1653 1654//1654 1655//1655
f 1658//1658 1656//1656 1657//1657
f 1657//1657 1660//1660 1659//1659
f 1660//1660 1661//1661 1662//1662
f 1661//1661 1656//1656 1663//1663
f 1671//1671 1664//1664 1666//1666
f 1671//1671 1666//1666 1665//1665
f 1666//1666 1667//1667 1668//1668
f 1669//1669 1667//1667 1670//1670
f 1670//1670 1664//1664 1671//1671
f 1673//1673 1674//1674 1675//1675
f 1674//1674 1672//1672 1676//1676
f 1678//1678 1672//1672 1677//1677
f 1677//1677 1673//1673 1679//1679
f 1681//1681 1682//1682 1683//1683
f 1682//1682 1680//1680 1684//1684
f 1686//1686 1680//1680 1685//1685
f 1686//1686 1685//1685 1687//1687
f 1685//1685 1681//1681 1687//1687
f 1689//1689 1688//1688 1691//1691
f 1689//1689 1691//1691 1690//1690
f 1691//1691 1692//1692 1693//1693
f 1694//1694 1692//1692 1695//1695
f 1695//1695 1688//1688 1689//1689
f 1697//1697 1698//1698 1699//1699
f 1698//1698 1696//1696 1700//1700
f 1701//1701 1697//1697 1703//1703
f 1705//1705 1704//1704 1706//1706
f 1706//1706 1708//1708 1707//1707
f 1708//1708 1710//1710 1709//1709
f 1710//1710 1704//1704 1711//1711
f 1713//1713 1716//1716 1715//1715
f 1716//1716 1717//1717 1718//1718
f 1717//1717 1712//1712 1719//1719
usemtl field_material_05
f 1720//1720 1721//1721 1723//1723
f 1723//1723 1725//1725 1722//1722
f 1725//1725 1726//1726 1724//1724
f 1725//1725 1723//1723 1726//1726
f 1723//1723 1721//1721 1726//1726
f 1726//1726 1721//1721 1727//1727
f 1727//1727 1720//1720 1722//1722
usemtl field_material_27
f 1731//1731 1734//1734 1738//1738
f 1729//1729 1735//1735 1733//1733
f 1730//1730 1733//1733 1734//1734
f 1734//1734 1737//1737 1738//1738
f 1733//1733 1736//1736 1737//1737
f 1737//1737 1740//1740 1741//1741
f 1735//1735 1742//1742 1739//1739
f 1736//1736 1739//1739 1740//1740
f 1740//1740 1744//1744 1747//1747
f 1739//1739 1743//1743 1744//1744
f 1744//1744 1746//1746 1747//1747
f 1743//1743 1742//1742 1748//1748
f 1743//1743 1745//1745 1746//1746
f 1746//1746 1750//1750 1751//1751
f 1745//1745 1749//1749 1750//1750
f 1751//1751 1750//1750 1753//1753
f 1748//1748 1729//1729 1752//1752
f 1749//1749 1752//1752 1753//1753
f 1753//1753 1731//1731 1732//1732
f 1752//1752 1730//1730 1731//1731
usemtl field_material_25
f 1756//1756 1758//1758 1757//1757
f 1758//1758 1755//1755 1759//1759
f 1759//1759 1761//1761 1762//1762
f 1763//1763 1762//1762 1764//1764
f 1764//1764 1761//1761 1765//1765
f 1764//1764 1766//1766 1767//1767
f 1766//1766 1768//1768 1769//1769
f 1765//1765 1754//1754 1770//1770
f 1769//1769 1768//1768 1770//1770
f 1754//1754 1755//1755 1756//1756
f 1769//1769 1770//1770 1756//1756
f 1773//1773 1774//1774 1775//1775
f 1774//1774 1772//1772 1777//1777
f 1777//1777 1779//1779 1780//1780
f 1781//1781 1778//1778 1780//1780
f 1780//1780 1782//1782 1783//1783
f 1782//1782 1779//1779 1784//1784
f 1782//1782 1784//1784 1785//1785
f 1784//1784 1771//1771 1786//1786
f 1785//1785 1784//1784 1786//1786
f 1771//1771 1772//1772 1773//1773
f 1785//1785 1786//1786 1773//1773
f 1788//1788 1790//1790 1791//1791
f 1790//1790 1789//1789 1792//1792
f 1792//1792 1795//1795 1794//1794
f 1797//1797 1794//1794 1796//1796
f 1796//1796 1795//1795 1798//1798
f 1796//1796 1799//1799 1800//1800
f 1799//1799 1801//1801 1800//1800
f 1798//1798 1787//1787 1802//1802
f 1800//1800 1801//1801 1802//1802
f 1787//1787 1789//1789 1788//1788
f 1803//1803 1802//1802 1788//1788
f 1806//1806 1807//1807 1808//1808
f 1807//1807 1805//1805 1809//1809
f 1809//1809 1811//1811 1812//1812
f 1814//1814 1812//1812 1813//1813
f 1813//1813 1811//1811 1804//1804
f 1813//1813 1815//1815 1816//1816
f 1815//1815 1804//1804 1817//1817
f 1815//1815 1818//1818 1816//1816
f 1816//1816 1818//1818 1819//1819
f 1817//1817 1805//1805 1806//1806
f 1820//1820 1819//1819 1806//1806
f 1822//1822 1823//1823 1824//1824
f 1822//1822 1835//1835 1825//1825
f 1823//1823 1826//1826 1828//1828
f 1828//1828 1826//1826 1827//1827
f 1825//1825 1821//1821 1827//1827
f 1828//1828 1827//1827 1830//1830
f 1821//1821 1829//1829 1830//1830
f 1830//1830 1831//1831 1832//1832
f 1831//1831 1829//1829 1833//1833
f 1833//1833 1835//1835 1836//1836
f 1837//1837 1836//1836 1822//1822
