# Strawberry URP Gazebo mesh generated by export_gazebo_assets.py
mtllib plant_variant_10.mtl

o field_export_plant_variant_10
v 0.000000000 0.000000000 0.025000000
v 0.000000000 0.026450338 0.020225426
v 0.000000000 0.042797547 0.007725425
v 0.000000000 0.042797547 -0.007725425
v 0.000000000 0.026450338 -0.020225426
v 0.000000000 0.000000000 -0.025000000
v 0.018703211 0.018703211 0.020225426
v 0.030262435 0.030262435 0.007725425
v 0.030262435 0.030262435 -0.007725425
v 0.018703211 0.018703211 -0.020225426
v 0.026450334 0.000000000 0.020225426
v 0.042797547 0.000000000 0.007725425
v 0.042797547 0.000000000 -0.007725425
v 0.026450334 0.000000000 -0.020225426
v 0.018703211 -0.018703211 0.020225426
v 0.030262435 -0.030262435 0.007725425
v 0.030262435 -0.030262435 -0.007725425
v 0.018703211 -0.018703211 -0.020225426
v 0.000000000 -0.026450334 0.020225426
v 0.000000000 -0.042797547 0.007725425
v 0.000000000 -0.042797547 -0.007725425
v 0.000000000 -0.026450334 -0.020225426
v -0.018703211 -0.018703211 0.020225426
v -0.030262435 -0.030262435 0.007725425
v -0.030262435 -0.030262435 -0.007725425
v -0.018703211 -0.018703211 -0.020225426
v -0.026450334 0.000000000 0.020225426
v -0.042797547 0.000000000 0.007725425
v -0.042797547 0.000000000 -0.007725425
v -0.026450334 0.000000000 -0.020225426
v -0.018703211 0.018703211 0.020225426
v -0.030262435 0.030262435 0.007725425
v -0.030262435 0.030262435 -0.007725425
v -0.018703211 0.018703211 -0.020225426
v -0.003504671 -0.003980845 0.004568420
v 0.125176907 0.142184451 0.230653048
v -0.006302431 0.002015404 0.002284214
v 0.122379154 0.148180693 0.228368849
v -0.002797768 0.005996242 -0.002284184
v 0.125883818 0.152161539 0.223800451
v 0.003504656 0.003980830 -0.004568391
v 0.132186234 0.150146127 0.221516252
v 0.006302416 -0.002015419 -0.002284184
v 0.134984002 0.144149870 0.223800451
v 0.002797753 -0.005996257 0.002284214
v 0.131479338 0.140169039 0.228368849
v 0.117637977 0.181462407 0.236037776
v 0.164702550 0.139931053 0.237234235
v 0.123245172 0.189226553 0.240202799
v 0.171610296 0.146646664 0.241577923
v 0.118723027 0.205969095 0.243336514
v 0.188680679 0.144379497 0.245325550
v 0.129724070 0.209047526 0.245762259
v 0.190266907 0.155746579 0.247483611
v 0.127515227 0.223758250 0.246530518
v 0.205106556 0.155448079 0.248736605
v 0.142377436 0.223442495 0.246457025
v 0.202920258 0.170141563 0.248178378
v 0.144029737 0.234759063 0.244726047
v 0.213987395 0.173169449 0.246715084
v 0.161205232 0.232411489 0.242287099
v 0.209570378 0.189831600 0.243662208
v 0.168212742 0.238993227 0.238774925
v 0.215335727 0.197531179 0.239960432
v 0.204537317 0.232545376 0.230269745
v 0.127352864 0.147246748 0.226636946
v 0.193927005 0.221744195 0.239410937
v 0.128811553 0.146312937 0.224445313
v 0.194081128 0.222051695 0.236638799
v 0.129539877 0.145220235 0.227269337
v 0.196074665 0.220100313 0.237866670
v 0.175061837 0.142132953 0.230759740
v 0.183224022 0.093916997 0.233307421
v 0.182457209 0.144176483 0.232995570
v 0.190897048 0.094690636 0.235695571
v 0.188081473 0.156600520 0.234172314
v 0.200289249 0.085021831 0.238077715
v 0.196361437 0.153112322 0.235465750
v 0.206926301 0.091166608 0.238845572
v 0.202277005 0.163107350 0.235185355
v 0.215816870 0.083718091 0.239516914
v 0.211110160 0.155601874 0.234992057
v 0.221675023 0.093656160 0.238371879
v 0.217578903 0.161579639 0.233224928
v 0.229786679 0.090000942 0.237130329
v 0.226703361 0.151645154 0.231574491
v 0.235143200 0.102159306 0.234274492
v 0.234013170 0.152072385 0.228745118
v 0.242219329 0.103875011 0.231466413
v 0.252437472 0.130008161 0.223260179
v 0.163587198 0.116781443 0.226634428
v 0.240456015 0.129441857 0.239263952
v 0.164160207 0.115472324 0.224393561
v 0.240888536 0.129301906 0.236645371
v 0.163992837 0.113826990 0.227263942
v 0.241171539 0.126524210 0.237867668
v 0.070572771 0.192612723 0.237937495
v 0.119258113 0.190523177 0.233110592
v 0.070599839 0.199833676 0.241844654
v 0.120596118 0.197739035 0.237012073
v 0.060058720 0.207568169 0.246180207
v 0.132375747 0.204538405 0.239190131
v 0.065458193 0.214691907 0.248051152
v 0.128042877 0.212069869 0.242001802
v 0.057083897 0.222456366 0.250223070
v 0.137292042 0.219095990 0.242470250
v 0.066233829 0.229552552 0.249634385
v 0.128818497 0.226930514 0.243585020
v 0.061609983 0.237289459 0.249346673
v 0.133927003 0.234259680 0.242356598
v 0.072926730 0.244415611 0.246594340
v 0.122923009 0.242320985 0.241761759
v 0.073663987 0.252031595 0.244110316
v 0.122371621 0.249967396 0.239519775
v 0.098101743 0.266355515 0.235591471
v 0.096658297 0.254880607 0.239863724
v 0.091679960 0.177328125 0.225867659
v 0.095149621 0.255345315 0.237256497
v 0.094471104 0.177399382 0.224645376
v 0.094365902 0.176978886 0.227404922
v 0.098241948 0.255165845 0.237580359
v -0.001435369 -0.004001081 0.005561575
v 0.074438564 0.207495093 0.177298337
v -0.006423775 0.000046514 0.002780795
v 0.069450155 0.211542696 0.174517557
v -0.004988391 0.004047610 -0.002780765
v 0.070885539 0.215543777 0.168955997
v 0.001435399 0.004001096 -0.005561545
v 0.077309333 0.215497270 0.166175216
v 0.006423805 -0.000046499 -0.002780765
v 0.082297742 0.211449683 0.168955997
v 0.004988421 -0.004047595 0.002780795
v 0.080862358 0.207448572 0.174517557
v 0.052534875 0.240474850 0.180439696
v 0.111569181 0.219233736 0.182701513
v 0.054862145 0.249866590 0.184244111
v 0.115483463 0.228118777 0.186736614
v 0.044472829 0.263841510 0.186826974
v 0.132158428 0.232384428 0.190432250
v 0.053549174 0.270810336 0.189097941
v 0.129434139 0.243586719 0.192218006
v 0.046077874 0.283690155 0.189447969
v 0.143331587 0.248800516 0.193446636
v 0.060013670 0.288863838 0.189393863
v 0.135898635 0.261640191 0.192513928
v 0.057401821 0.299948484 0.187418833
v 0.145087406 0.268491387 0.191024095
v 0.074255630 0.304027021 0.185131893
v 0.134876937 0.282279223 0.187624380
v 0.078381762 0.312645704 0.181581914
v 0.137436315 0.291467249 0.183841571
v 0.114599481 0.319804579 0.173529059
v 0.074256569 0.212104201 0.171518818
v 0.108399443 0.305917025 0.184921443
v 0.076928422 0.211302221 0.170290947
v 0.109708056 0.305807590 0.182097420
v 0.076733723 0.211018652 0.173063070
v 0.111230589 0.304981947 0.184289038
v 0.119545437 0.224931046 0.180018619
v 0.144863129 0.183228344 0.184242815
v 0.125315845 0.229632497 0.184080139
v 0.151330352 0.186852038 0.188601881
v 0.125671953 0.243293777 0.186513349
v 0.163300574 0.181414053 0.193053812
v 0.134438783 0.243169338 0.189300358
v 0.167003393 0.189617321 0.194960624
v 0.136168540 0.254668146 0.189628243
v 0.177903160 0.186036214 0.196882397
v 0.147151053 0.251003623 0.190284833
v 0.179715663 0.197451621 0.195945099
v 0.151096478 0.258962363 0.188482314
v 0.188725099 0.197082639 0.195022777
v 0.163452625 0.253135383 0.187033579
v 0.189467132 0.210354909 0.191555321
v 0.170381606 0.256251156 0.183890864
v 0.195735976 0.214575678 0.188143715
v 0.196325272 0.242655829 0.177649096
v 0.120128028 0.195196316 0.173104048
v 0.186384425 0.236362472 0.185104042
v 0.120166682 0.196038336 0.170045704
v 0.187149808 0.236009374 0.182045683
v 0.004302211 0.232913062 0.184024364
v 0.050498433 0.248995200 0.181739405
v 0.001509244 0.239536658 0.188539743
v 0.048934661 0.256075859 0.186382294
v -0.011305019 0.242729306 0.192827821
v 0.057293378 0.266652375 0.189707175
v -0.008986186 0.251278639 0.195321381
v 0.050380316 0.271982163 0.192620710
v -0.019719269 0.255364478 0.197175026
v 0.056364488 0.281897992 0.193713859
v -0.013815161 0.265343785 0.196994632
v 0.045551341 0.286047280 0.194293946
v -0.020962968 0.270859599 0.196174294
v 0.047635429 0.294782668 0.193053648
v -0.012977675 0.281732112 0.193559453
v 0.034447741 0.298271298 0.191401988
v -0.015011574 0.289167583 0.190669999
v 0.031172350 0.305281311 0.188396305
v 0.002624829 0.311702281 0.181786716
v 0.030785138 0.226855621 0.173057035
v 0.007122215 0.301299453 0.184511125
v 0.031242017 0.227505609 0.170045689
v 0.004466339 0.300634354 0.182908654
v 0.033278912 0.227850839 0.172286555
v 0.002056353 -0.003455512 0.005729809
v -0.109687991 0.184319645 0.159076080
v -0.004181340 -0.004827917 0.002864905
v -0.115925685 0.182947248 0.156211168
v -0.006237704 -0.001372404 -0.002864920
v -0.117982045 0.186402768 0.150481343
v -0.002056375 0.003455512 -0.005729824
v -0.113800719 0.191230685 0.147616446
v 0.004181318 0.004827917 -0.002864920
v -0.107563026 0.192603081 0.150481343
v 0.006237682 0.001372404 0.002864905
v -0.105506659 0.189147562 0.156211168
v -0.148451373 0.188037887 0.162711531
v -0.094468080 0.220086366 0.162711799
v -0.154005796 0.195729062 0.166484669
v -0.098618880 0.228689641 0.166599140
v -0.171238631 0.196542636 0.169606790
v -0.091124319 0.244218394 0.169772372
v -0.170727029 0.207942188 0.171804130
v -0.101394415 0.249201804 0.171947420
v -0.185379356 0.210347101 0.172897786
v -0.096523099 0.263225168 0.173081428
v -0.180519715 0.224393949 0.172921568
v -0.111187108 0.265653551 0.173064873
v -0.190824017 0.229446128 0.171841666
v -0.110709697 0.277121902 0.172007248
v -0.183383882 0.245084316 0.169836998
v -0.127996951 0.278044879 0.169951469
v -0.187584609 0.253786623 0.167147368
v -0.133650005 0.285912842 0.167134717
v -0.170526415 0.286439449 0.160069898
v -0.112496972 0.187142089 0.154672533
v -0.162774101 0.273525506 0.167133421
v -0.112127975 0.187784106 0.151647449
v -0.164246887 0.273014814 0.164514333
v -0.110239357 0.188593671 0.153898522
v -0.161565438 0.274565101 0.164839670
v -0.092419751 0.229373842 0.167568386
v -0.044151898 0.222389743 0.163166583
v -0.091619544 0.236575946 0.172414318
v -0.042043678 0.229428068 0.168111965
v -0.101303831 0.245333403 0.177403480
v -0.029594917 0.234994382 0.171180353
v -0.095192879 0.251874983 0.179775879
v -0.033134468 0.242927387 0.174390256
v -0.102752484 0.260456204 0.181944907
v -0.023218796 0.248989001 0.175042704
v -0.092948280 0.266604900 0.181168258
v -0.030889869 0.257657290 0.175782636
v -0.096814632 0.274793208 0.180188239
v -0.025105719 0.264454186 0.173965111
v -0.084885746 0.280765653 0.176591456
v -0.035309874 0.273617774 0.172289103
v -0.083442509 0.288304031 0.173084050
v -0.035171919 0.281340420 0.168698207
v -0.057952624 0.300148368 0.161713034
v -0.073061541 0.211971238 0.153896019
v -0.061213672 0.288949817 0.166666508
v -0.071319260 0.212059155 0.151714340
v -0.061239690 0.289382517 0.163906962
v -0.070125267 0.211450040 0.154525533
v -0.058509313 0.288798839 0.165129259
v -0.175018683 0.147025779 0.165872514
v -0.158031851 0.192790568 0.162004620
v -0.182380855 0.149384245 0.169998482
v -0.165003583 0.196406186 0.166212127
v -0.193392217 0.141787201 0.174117059
v -0.168256894 0.209802002 0.168640286
v -0.198791817 0.149146080 0.175756469
v -0.177039176 0.208007514 0.171016753
v -0.208899304 0.143510044 0.177020371
v -0.181021243 0.218946517 0.170945987
v -0.212833568 0.154313713 0.175488412
v -0.191080928 0.213175148 0.170748711
v -0.221475720 0.152122483 0.173580945
v -0.196340382 0.220137268 0.168104172
v -0.224506110 0.164887160 0.169194311
v -0.207128823 0.211909100 0.165407956
v -0.231163248 0.167685926 0.164748311
v -0.214230716 0.213469341 0.160882652
v -0.236356348 0.194671735 0.151755542
v -0.152279526 0.162758887 0.154666513
v -0.225458607 0.189694375 0.166804746
v -0.152490363 0.163524911 0.151655152
v -0.151460886 0.165316090 0.153896019
v -0.225165069 0.191667587 0.164148465
v 0.003534824 -0.001192641 0.005923077
v -0.210956052 0.071176335 0.148500592
v -0.000170618 -0.006340362 0.002961546
v -0.214661494 0.066028610 0.145539060
v -0.003705435 -0.005147718 -0.002961516
v -0.218196303 0.067221254 0.139615998
v -0.003534809 0.001192648 -0.005923048
v -0.218025684 0.073561624 0.136654466
v 0.000170633 0.006340370 -0.002961516
v -0.214320242 0.078709342 0.139615998
v 0.003705449 0.005147725 0.002961546
v -0.210785419 0.077516697 0.145539060
v -0.242829293 0.049200941 0.150594234
v -0.222734615 0.108579151 0.147182241
v -0.252181530 0.051614452 0.153092340
v -0.231605336 0.112599187 0.149685442
v -0.265893102 0.041188322 0.155832082
v -0.236130714 0.129399583 0.150904194
v -0.272996783 0.050265942 0.156743497
v -0.247239813 0.126605824 0.152478799
v -0.285716236 0.042609029 0.157765776
v -0.252706230 0.140445754 0.152300164
v -0.291168720 0.056396764 0.156737000
v -0.265411735 0.132736638 0.152472302
v -0.302236915 0.053449966 0.155819118
v -0.272474557 0.141661227 0.150891215
v -0.306697249 0.070006914 0.153072864
v -0.286121070 0.130991653 0.149665982
v -0.315472901 0.073707841 0.150441632
v -0.295402080 0.133101463 0.147194609
v -0.323492616 0.109183073 0.142555296
v -0.215050489 0.070900515 0.142070979
v -0.309513927 0.103090689 0.155762196
v -0.214317024 0.073426932 0.141131699
v -0.309429407 0.104401156 0.152938187
v -0.214075580 0.073012702 0.144141644
v -0.308632910 0.105939128 0.155129805
v -0.227525383 0.116164267 0.156267926
v -0.186190620 0.142365247 0.154574037
v -0.231837660 0.122032322 0.161383107
v -0.189407140 0.148953870 0.159882903
v -0.245112240 0.122254699 0.165988043
v -0.183738708 0.161195308 0.163818061
v -0.244850129 0.131133825 0.168768153
v -0.191736177 0.164833859 0.166890204
v -0.256268173 0.132677838 0.170459762
v -0.188197628 0.175867602 0.168053001
v -0.252804220 0.143742681 0.170070738
v -0.199690253 0.177442700 0.168192804
v -0.261020392 0.147472382 0.168593213
v -0.199646845 0.186412990 0.166423231
v -0.255699873 0.159858853 0.165290877
v -0.213269353 0.186780393 0.163790658
v -0.259347022 0.166606903 0.161396280
v -0.218025625 0.192828745 0.159745455
v -0.247212365 0.192471817 0.150402352
v -0.199318677 0.116671354 0.144356623
v -0.241106883 0.182532951 0.156356603
v -0.200942039 0.116005048 0.142360538
v -0.242610991 0.182053655 0.153749377
v -0.198244363 0.117828034 0.141749397
v -0.239812568 0.183717877 0.154360518
v -0.235900581 -0.000879970 0.152178451
v -0.252849579 0.045053087 0.153086215
v -0.243008822 -0.004296571 0.155954912
v -0.260459572 0.042836480 0.157101974
v -0.246390939 -0.017585754 0.158718422
v -0.271632552 0.050589755 0.160377577
v -0.255268276 -0.015699174 0.160596177
v -0.277112901 0.043301351 0.162032053
v -0.259261400 -0.026632410 0.160762101
v -0.287257344 0.048982315 0.162602305
v -0.269291908 -0.020874035 0.159884989
v -0.291136503 0.038126491 0.161320865
v -0.274438173 -0.027935471 0.157296047
v -0.299679786 0.040240034 0.158955202
v -0.285079688 -0.019821152 0.153821349
v -0.302530438 0.027311899 0.154968411
v -0.292000473 -0.021577967 0.149277896
v -0.308968693 0.024345959 0.150199294
v -0.313590080 -0.003252911 0.138323590
v -0.228842691 0.026259456 0.143127307
v -0.302136362 -0.000086557 0.155897796
v -0.229751840 0.027748324 0.140945628
v -0.302504092 -0.000316021 0.153138235
v -0.229786769 0.029088253 0.143756837
v -0.303294986 0.002361692 0.154360518
v 0.004471548 0.002457067 0.004792519
v -0.177806795 -0.097703479 0.226213306
v 0.005155191 -0.004084386 0.002396263
v -0.177123144 -0.104244933 0.223817050
v 0.000683665 -0.006541453 -0.002396263
v -0.181594670 -0.106702000 0.219024509
v -0.004471503 -0.002457075 -0.004792519
v -0.186749846 -0.102617621 0.216628253
v -0.005155146 0.004084378 -0.002396263
v -0.187433481 -0.096076168 0.219024509
v -0.000683621 0.006541446 0.002396263
v -0.182961956 -0.093619101 0.223817050
v -0.183954552 -0.136262462 0.232775345
v -0.214096725 -0.081302002 0.229297251
v -0.191896841 -0.141340405 0.236698940
v -0.222891748 -0.084933966 0.233270526
v -0.193359077 -0.158338025 0.240737826
v -0.238191605 -0.076749042 0.235778794
v -0.204763830 -0.157316402 0.242718652
v -0.243562847 -0.086707592 0.238426998
v -0.207696795 -0.171795666 0.244567722
v -0.257421374 -0.081303813 0.239067569
v -0.221563354 -0.166463614 0.244100869
v -0.260362357 -0.095854789 0.239809230
v -0.226958111 -0.176632419 0.243502274
v -0.271790624 -0.095043436 0.238543242
v -0.242295399 -0.168781996 0.240845621
v -0.273290306 -0.112375557 0.237417191
v -0.251106232 -0.172825262 0.238267720
v -0.281310827 -0.117901653 0.234787419
v -0.283030450 -0.155070096 0.229735211
v -0.181469187 -0.101687320 0.221202806
v -0.269183099 -0.149361715 0.234605432
v -0.182960108 -0.098902069 0.221491784
v -0.270091057 -0.148413017 0.231781423
v -0.270684987 -0.146786049 0.233973041
v -0.224800184 -0.079443783 0.232574016
v -0.216126710 -0.031427022 0.228437975
v -0.232586876 -0.078424305 0.236033678
v -0.223736823 -0.029102720 0.231980652
v -0.242185056 -0.087844893 0.239632711
v -0.229383901 -0.016503774 0.233770221
v -0.248848557 -0.081567563 0.240778670
v -0.237770170 -0.019827463 0.235705167
v -0.257824212 -0.088908881 0.241746515
v -0.243626207 -0.009783138 0.235244334
v -0.263567388 -0.078994296 0.239953354
v -0.252489001 -0.017254196 0.234879836
v -0.271622717 -0.082698360 0.237982050
v -0.258821577 -0.011357248 0.232119575
v -0.276743382 -0.070704505 0.233557701
v -0.267893314 -0.021382920 0.229504675
v -0.283654720 -0.069158077 0.229204565
v -0.275024951 -0.021132849 0.225095719
v -0.293192834 -0.043590803 0.216488004
v -0.204643011 -0.059017915 0.223199859
v -0.281314939 -0.044274241 0.234741017
v -0.205266133 -0.060501497 0.220916495
v -0.281905353 -0.046893537 0.233970523
v -0.204768166 -0.057444274 0.220592648
v -0.281884909 -0.044827696 0.231729671
v -0.143485039 -0.163644806 0.233562961
v -0.188556150 -0.145167768 0.228549793
v -0.145998642 -0.170474365 0.237504229
v -0.192298412 -0.151532263 0.232514501
v -0.138739288 -0.181357056 0.241897658
v -0.205709487 -0.153958276 0.234680265
v -0.146250620 -0.186247498 0.243730858
v -0.204208046 -0.162536025 0.237484783
v -0.141016245 -0.196409047 0.245857596
v -0.215294138 -0.166020557 0.237852648
v -0.152020454 -0.199985668 0.245116085
v -0.209977880 -0.176274180 0.238870010
v -0.150278941 -0.208833367 0.244668111
v -0.217249140 -0.181434602 0.237450734
v -0.163308129 -0.211688861 0.241659909
v -0.209607899 -0.192746758 0.236670181
v -0.166549265 -0.218570471 0.239046082
v -0.211641043 -0.200142354 0.234056354
v -0.194210112 -0.223768279 0.229747847
v -0.159540519 -0.141098201 0.223199859
v -0.190000609 -0.212988019 0.234741032
v -0.158220172 -0.142017931 0.220916510
v -0.187562808 -0.214113414 0.233970523
v -0.161105514 -0.140891314 0.220592648
v -0.189578667 -0.213661194 0.231729671
v 0.002192613 0.003784686 0.005465224
v -0.074874148 -0.129240781 0.128504544
v 0.006341785 -0.001146562 0.002732612
v -0.070724979 -0.134172022 0.125771925
v 0.004149172 -0.004931249 -0.002732605
v -0.072917596 -0.137956709 0.120306708
v -0.002192613 -0.003784686 -0.005465217
v -0.079259381 -0.136810154 0.117574096
v -0.006341785 0.001146562 -0.002732605
v -0.083408549 -0.131878912 0.120306708
v -0.004149172 0.004931249 0.002732612
v -0.081215933 -0.128094226 0.125771925
v -0.059063897 -0.165740833 0.130673736
v -0.113244064 -0.134285927 0.134727746
v -0.062926382 -0.174575016 0.134413242
v -0.118570171 -0.142338425 0.138737008
v -0.055140782 -0.190191343 0.136572674
v -0.135626644 -0.143562779 0.142826781
v -0.065249659 -0.195430458 0.139051765
v -0.134903818 -0.155077130 0.144464210
v -0.060199827 -0.209440172 0.139158607
v -0.149468169 -0.157723576 0.146095157
v -0.074830689 -0.212036267 0.139558256
v -0.144484848 -0.171682939 0.144970700
v -0.074302845 -0.223402962 0.137585640
v -0.154788703 -0.176774397 0.143839762
v -0.091669470 -0.224392444 0.135932699
v -0.147313267 -0.192155853 0.140256479
v -0.097386688 -0.232122511 0.132500231
v -0.151565552 -0.200708255 0.136844814
v -0.134580314 -0.232608780 0.126099885
v -0.076147228 -0.133374259 0.124365605
v -0.127088219 -0.219367847 0.136826485
v -0.076887682 -0.133364826 0.121340521
v -0.125924677 -0.220405161 0.134207383
v -0.078514814 -0.132109970 0.123591594
v -0.128584966 -0.218818828 0.134532720
v -0.123675369 -0.137283638 0.135099337
v -0.141113743 -0.091618620 0.132175460
v -0.130693734 -0.140423357 0.139210701
v -0.148644179 -0.093547173 0.136422783
v -0.133892432 -0.153449625 0.143144101
v -0.159856826 -0.085645646 0.139111549
v -0.142764002 -0.151492208 0.144942716
v -0.165234149 -0.092813224 0.141452849
v -0.146634132 -0.162406757 0.146119744
v -0.175431728 -0.087204106 0.141647160
v -0.156737909 -0.156846970 0.144880906
v -0.179208040 -0.098167963 0.141391039
v -0.161840230 -0.164159119 0.143020481
v -0.187804639 -0.096355140 0.138987929
v -0.172615439 -0.156487614 0.139025271
v -0.190565884 -0.109611414 0.136237368
v -0.179551065 -0.158704430 0.134602696
v -0.197045058 -0.113039501 0.132059783
v -0.201555267 -0.141520098 0.122680172
v -0.117141947 -0.110385835 0.124497816
v -0.190040082 -0.138192147 0.136359558
v -0.118221842 -0.108708493 0.121841542
v -0.190405250 -0.138425693 0.133600011
v -0.191225842 -0.135756955 0.134822294
v -0.010245533 -0.166334242 0.137491986
v -0.058622692 -0.173882902 0.136732131
v -0.008585658 -0.173136353 0.143157244
v -0.058253851 -0.180892661 0.142628685
v 0.003539912 -0.178381756 0.148075119
v -0.068302549 -0.189600855 0.147310585
v -0.000220940 -0.186242104 0.151426211
v -0.062394917 -0.195951343 0.150764570
v 0.009645354 -0.192123950 0.153363347
v -0.070036456 -0.204567254 0.152515382
v 0.002044182 -0.200888366 0.153500631
v -0.060129791 -0.210597605 0.152838990
v 0.008070156 -0.207674280 0.152223974
v -0.063772306 -0.218893379 0.151459441
v -0.001790289 -0.217075139 0.149380520
v -0.051458485 -0.224831432 0.148851961
v -0.001181856 -0.224950597 0.145507231
v -0.049563296 -0.232494727 0.145190746
v -0.022883516 -0.244413868 0.135493636
v -0.035471085 -0.156235650 0.124359570
v -0.024406042 -0.233381629 0.136818379
v -0.036037304 -0.156792983 0.121348225
v -0.022835635 -0.233542368 0.134211168
v -0.038103081 -0.156766653 0.123589084
v -0.025903346 -0.233971000 0.134535030
v -0.000246462 0.005265601 0.004605748
v 0.009144388 -0.195367515 0.234485120
v 0.005932317 0.002916247 0.002302878
v 0.015323168 -0.197716877 0.232182264
v 0.006178778 -0.002349339 -0.002302863
v 0.015569629 -0.202982455 0.227576524
v 0.000246461 -0.005265571 -0.004605733
v 0.009637311 -0.205898702 0.225273639
v -0.005932319 -0.002916217 -0.002302863
v 0.003458532 -0.203549340 0.227576524
v -0.006178780 0.002349369 0.002302878
v 0.003212071 -0.198283762 0.232182264
v 0.042393189 -0.218311712 0.237462774
v -0.020115057 -0.221181601 0.242545217
v 0.044003192 -0.227797374 0.241383180
v -0.020153485 -0.230800286 0.246770874
v 0.059048995 -0.236687630 0.243478954
v -0.033750318 -0.241031200 0.251271963
v 0.053436682 -0.246544585 0.246199459
v -0.026873790 -0.250303596 0.252943695
v 0.065273233 -0.255584598 0.246216565
v -0.037652191 -0.260402113 0.254859924
v 0.054388169 -0.265687823 0.246859968
v -0.025922302 -0.269446850 0.253604203
v 0.060951967 -0.274974138 0.244799942
v -0.031847347 -0.279317707 0.252592951
v 0.046857648 -0.285227120 0.243364677
v -0.017299026 -0.288230032 0.248752356
v 0.046191067 -0.294841051 0.240062982
v -0.016311999 -0.297776937 0.245144233
v 0.015152168 -0.315457493 0.233856142
v 0.011097779 -0.200486839 0.230431676
v 0.015028337 -0.300319403 0.243205652
v 0.009400046 -0.200829580 0.228240058
v 0.015131308 -0.300647557 0.240433514
v 0.008116899 -0.200550407 0.231064051
v 0.012341741 -0.300630659 0.241661385
v -0.026264105 -0.229501396 0.239936441
v -0.065695554 -0.200512797 0.241599724
v -0.029993420 -0.235954165 0.244206756
v -0.070490345 -0.206226572 0.246114418
v -0.025239924 -0.248658687 0.247355849
v -0.083816610 -0.205659270 0.250115186
v -0.033512749 -0.251820087 0.249949053
v -0.084206253 -0.214607477 0.252337039
v -0.030756505 -0.263098866 0.250718296
v -0.095725000 -0.215407416 0.253778756
v -0.042327031 -0.263882846 0.250811994
v -0.093020529 -0.226670250 0.253199995
v -0.042868484 -0.272784263 0.249081761
v -0.101445183 -0.229784846 0.251841098
v -0.056436263 -0.272142500 0.246795610
v -0.096933186 -0.242414922 0.248703286
v -0.061528124 -0.277738273 0.243155301
v -0.100963555 -0.248780295 0.245173439
v -0.090462364 -0.275139689 0.235071182
v -0.037395783 -0.202609926 0.231658459
v -0.084376410 -0.264969975 0.243199646
v -0.036337800 -0.203822330 0.229375124
v -0.082284197 -0.266652852 0.242429152
v -0.038863927 -0.202029794 0.229051262
v -0.084130265 -0.265725404 0.240188286
v 0.084549963 -0.192635760 0.237151489
v 0.047984365 -0.225099564 0.239790216
v 0.089980289 -0.197468266 0.240629852
v 0.052469872 -0.230819553 0.243463263
v 0.103319779 -0.195353165 0.243009061
v 0.049062900 -0.243594080 0.247107431
v 0.104638487 -0.204000950 0.245494053
v 0.057683438 -0.245749667 0.249040872
v 0.116222993 -0.203604802 0.246308833
v 0.056045685 -0.257109702 0.250854433
v 0.114589125 -0.215047926 0.247195765
v 0.067634083 -0.256796658 0.250742584
v 0.123221070 -0.217447132 0.246412486
v 0.068964183 -0.265688062 0.250510871
v 0.119832233 -0.230609208 0.245735005
v 0.082321808 -0.263960510 0.248568416
v 0.124325365 -0.236798868 0.243925437
v 0.087797403 -0.269302219 0.246566325
v 0.116056710 -0.264674425 0.240100771
v 0.057652794 -0.197312593 0.229662389
v 0.108757704 -0.255930215 0.243199646
v 0.109105192 -0.256189317 0.240440086
v 0.055695899 -0.199304119 0.228440106
v 0.055479202 -0.198928699 0.231199652
v 0.106898405 -0.257899791 0.241662383
v -0.003759280 0.003172178 0.004980482
v 0.128595158 -0.108512387 0.176016629
v 0.002029896 0.006219175 0.002490245
v 0.134384334 -0.105465397 0.173526406
v 0.005789168 0.003046989 -0.002490230
v 0.138143599 -0.108637579 0.168545932
v 0.003759265 -0.003172193 -0.004980467
v 0.136113703 -0.114856765 0.166055679
v -0.002029911 -0.006219190 -0.002490230
v 0.130324528 -0.117903754 0.168545932
v -0.005789183 -0.003047004 0.002490245
v 0.126565248 -0.114731573 0.173526406
v 0.168246150 -0.100411497 0.178254753
v 0.127742022 -0.148299396 0.180997804
v 0.176457196 -0.106058270 0.181398764
v 0.134936094 -0.155263811 0.184388310
v 0.193348110 -0.101356775 0.183194533
v 0.133289993 -0.172530025 0.187518746
v 0.196807534 -0.112395212 0.184803843
v 0.144831985 -0.173990041 0.188546106
v 0.211490512 -0.109935112 0.184318453
v 0.144878954 -0.188874692 0.189114511
v 0.211396962 -0.124781482 0.183564991
v 0.159421414 -0.186376303 0.187307253
v 0.222526968 -0.126129299 0.180716842
v 0.162468851 -0.197302550 0.185041055
v 0.220225468 -0.143217057 0.177682236
v 0.178704381 -0.192422584 0.180671766
v 0.226552427 -0.149934649 0.173084512
v 0.186109275 -0.197852165 0.176144719
v 0.219830975 -0.186021924 0.163626626
v 0.132858679 -0.110840239 0.172362402
v 0.208616674 -0.176036924 0.184823319
v 0.133169338 -0.110987887 0.169590279
v 0.209839761 -0.175014317 0.182529554
v 0.131260201 -0.113021888 0.170818150
v 0.207872242 -0.177406505 0.182204217
v 0.129509777 -0.157898292 0.176383033
v 0.081574403 -0.167050779 0.180426240
v 0.131812587 -0.165154174 0.179206237
v 0.082620546 -0.174609438 0.183461830
v 0.144417062 -0.170443624 0.180582568
v 0.073263340 -0.184120193 0.186738059
v 0.141175464 -0.178744391 0.182472676
v 0.079597525 -0.190580383 0.187799767
v 0.151305497 -0.184436515 0.182250082
v 0.072387569 -0.199605435 0.189077243
v 0.144006222 -0.193438902 0.182545632
v 0.082428291 -0.205274880 0.187872723
v 0.150078595 -0.199832633 0.180728465
v 0.078924865 -0.213509202 0.186883956
v 0.140304878 -0.209237680 0.179425091
v 0.091112837 -0.218692958 0.183680683
v 0.140821189 -0.216632918 0.176660955
v 0.092897408 -0.225848183 0.180677608
v 0.119064525 -0.235740468 0.171485633
v 0.102958545 -0.147222221 0.172356397
v 0.117777310 -0.223780021 0.184494615
v 0.102412172 -0.147799015 0.169345051
v 0.100346729 -0.147844940 0.171585903
v 0.115936942 -0.224549904 0.181838349
v 0.177653924 -0.050801203 0.178989097
v 0.176600829 -0.099588230 0.183070481
v 0.184928492 -0.049956471 0.182952687
v 0.183881775 -0.100029506 0.187307566
v 0.192474186 -0.038635977 0.185382217
v 0.190960169 -0.111064017 0.191681325
v 0.199734569 -0.043454334 0.188211292
v 0.198424295 -0.106135085 0.193662673
v 0.207337305 -0.034671612 0.188737616
v 0.205658078 -0.115002893 0.195724070
v 0.214629084 -0.043640696 0.189648449
v 0.213318810 -0.106321447 0.195099831
v 0.222263217 -0.039008696 0.188256532
v 0.220749199 -0.111436740 0.194555640
v 0.229612052 -0.050515555 0.187264159
v 0.228565335 -0.100588590 0.191619039
v 0.237212703 -0.051551923 0.184696063
v 0.236202449 -0.100337490 0.188784286
v 0.251999617 -0.076833569 0.179665506
v 0.162734509 -0.074037671 0.170819134
v 0.240493119 -0.076122247 0.184215426
v 0.162864298 -0.076826721 0.169596836
v 0.162441671 -0.076730356 0.172356382
v 0.240761369 -0.078512967 0.182147458
v -0.004827254 -0.000206841 0.005065091
v 0.213897407 0.009165896 0.213902384
v -0.002673164 0.005953207 0.002532557
v 0.216051504 0.015325944 0.211369857
v 0.002154075 0.006160064 -0.002532512
v 0.220878750 0.015532800 0.206304789
v 0.004827239 0.000206873 -0.005065046
v 0.223551899 0.009579610 0.203772247
v 0.002673149 -0.005953175 -0.002532512
v 0.221397817 0.003419562 0.206304789
v -0.002154090 -0.006160031 0.002532557
v 0.216570586 0.003212705 0.211369857
v 0.236096084 0.041510001 0.219939187
v 0.238735363 -0.021213751 0.219606534
v 0.245416328 0.042731479 0.224340320
v 0.248175710 -0.021661688 0.224169984
v 0.254220486 0.057499446 0.228090018
v 0.258211792 -0.035641946 0.227843642
v 0.263957620 0.051630840 0.230687827
v 0.267411768 -0.028975679 0.230474621
v 0.272993863 0.063384376 0.232108369
v 0.277420670 -0.039920457 0.231835112
v 0.283058673 0.052445352 0.232201830
v 0.286512822 -0.028161166 0.231988609
v 0.292422593 0.059128471 0.231118008
v 0.296413898 -0.034012921 0.230871648
v 0.302719474 0.045175016 0.228882313
v 0.305478841 -0.019218152 0.228711978
v 0.312449843 0.044763617 0.225931451
v 0.315163374 -0.017954895 0.225620568
v 0.333295733 0.014310617 0.217938319
v 0.218524113 0.010335564 0.210163608
v 0.318477273 0.012903971 0.222401425
v 0.218852714 0.010437236 0.207391486
v 0.318626493 0.015225507 0.220330760
v 0.218824759 0.007647755 0.208619356
v 0.318851590 0.012604420 0.219391480
v 0.248106048 -0.027061682 0.219044760
v 0.218922615 -0.066371463 0.220042869
v 0.254780531 -0.031070363 0.223141283
v 0.224880517 -0.071466982 0.224354595
v 0.267704010 -0.026579242 0.226165056
v 0.224455222 -0.085010864 0.227920055
v 0.270954162 -0.035010450 0.228289843
v 0.233525753 -0.085578404 0.229808673
v 0.282285333 -0.032359883 0.228646249
v 0.234317303 -0.097167477 0.230592757
v 0.282974422 -0.043917775 0.227943182
v 0.245545998 -0.094485730 0.229461998
v 0.291744500 -0.044393893 0.225471705
v 0.248495713 -0.102825515 0.227226704
v 0.290841252 -0.057792339 0.222101256
v 0.260941267 -0.098188967 0.223314568
v 0.296150565 -0.062677287 0.217424184
v 0.267040610 -0.102028854 0.218786046
v 0.292781144 -0.091047190 0.206775188
v 0.220986173 -0.036844645 0.210394323
v 0.282797337 -0.084442884 0.222394332
v 0.221544281 -0.036865454 0.207398042
v 0.284428298 -0.082772389 0.220333070
v 0.219864994 -0.038892459 0.208333060
v 0.282980263 -0.084970556 0.219398052
v 0.211626053 0.084858321 0.217639014
v 0.243962929 0.048108708 0.218954965
v 0.216728419 0.090372600 0.221354827
v 0.249969617 0.052687567 0.222848237
v 0.214872181 0.103814363 0.224091649
v 0.262953848 0.049304914 0.226251781
v 0.223685771 0.105147377 0.226268589
v 0.265296668 0.057973750 0.228138015
v 0.223421127 0.116758265 0.226878583
v 0.276749372 0.056300830 0.229274422
v 0.234890252 0.115052290 0.226815730
v 0.276501119 0.067878664 0.228685156
v 0.237281129 0.123624191 0.225185916
v 0.285362780 0.069114745 0.227346048
v 0.250341833 0.120087355 0.222996235
v 0.283583045 0.082402319 0.224489644
v 0.256422937 0.124455787 0.219805390
v 0.288802236 0.087745041 0.221099138
v 0.283879966 0.115773089 0.212130755
v 0.216041505 0.056728207 0.210394338
v 0.275697440 0.107064992 0.222157583
v 0.274011850 0.109155044 0.221387103
v 0.216178626 0.057269596 0.207398057
v 0.217809394 0.055203356 0.208333060
v 0.275617898 0.107855499 0.219146237
v -0.000097235 -0.000716895 0.040452223
v -0.005394196 0.000731635 0.035000011
v 0.018866872 0.159350276 0.061044276
v 0.016976008 0.160597563 0.053644840
v 0.000097235 0.000716880 0.029547796
v 0.021744546 0.160315812 0.050918732
v 0.005394197 -0.000731650 0.035000011
v 0.026415851 0.159317181 0.053644840
v 0.026318615 0.158600301 0.059097052
v 0.021647312 0.159598917 -0.006395318
v 0.025344882 0.169421300 -0.000303222
v 0.016174579 0.165071651 -0.002557914
v 0.014368021 0.156583726 -0.002252938
v 0.020372050 0.151744068 -0.002226228
v 0.028350012 0.155729115 -0.002557914
v 0.035651732 0.161442623 0.004001574
v 0.030615838 0.165550515 0.000055439
v 0.018403605 0.172194943 0.002192934
v 0.010459628 0.167758659 0.003628213
v 0.007642889 0.161442637 0.004001581
v 0.008728929 0.154612839 0.003628222
v 0.014751977 0.148529917 0.002241873
v 0.021596594 0.144950569 0.004515521
v 0.028499758 0.148357049 0.002400358
v 0.034315251 0.154515341 0.003380567
v 0.025781116 0.175026461 0.006281530
v 0.014005694 0.178762287 0.011498825
v 0.007792365 0.144550964 0.011425262
v 0.032624099 0.142394289 0.011314741
v 0.042354714 0.157115966 0.011722103
v 0.040997915 0.167614192 0.011942740
v 0.032502986 0.177810341 0.011482516
v 0.021647314 0.180293009 0.011616595
v 0.005019003 0.172238901 0.011559951
v 0.000869785 0.162244052 0.011921738
v 0.002159135 0.151677802 0.011587769
v 0.013479237 0.140440986 0.011382669
v 0.024455531 0.139016792 0.011547745
v 0.038300034 0.147091717 0.011382644
v 0.031407952 0.182977036 0.020401895
v 0.018644767 0.184788018 0.020286426
v 0.009066815 0.181389049 0.020592393
v 0.001518596 0.175076842 0.020356078
v -0.002701027 0.153167769 0.020466255
v 0.011503944 0.136550263 0.020142708
v 0.037070472 0.139499038 0.020384898
v 0.043437421 0.147018418 0.020592390
v 0.046869192 0.156347454 0.020326318
v 0.045989532 0.166344419 0.020446137
v 0.041971598 0.174975455 0.020338941
v -0.003590076 0.162803963 0.020336229
v 0.001564458 0.144068033 0.020369550
v 0.025106480 0.134413093 0.020328792
v 0.043569997 0.176859081 0.029984184
v 0.014518319 0.186305940 0.029737504
v 0.011289413 0.133718982 0.029652653
v 0.035816807 0.135572642 0.031175159
v 0.041271232 0.140133500 0.029831413
v 0.049650285 0.159783050 0.032706209
v 0.048622176 0.166650355 0.031469841
v 0.035757657 0.183739066 0.033382542
v 0.029160220 0.186463267 0.031257730
v 0.021647314 0.187549308 0.033220015
v 0.007680114 0.183790892 0.031570513
v -0.001155681 0.175956771 0.031037424
v -0.005449137 0.166668773 0.032706201
v -0.006161153 0.156642064 0.030688791
v -0.002696035 0.145756900 0.032706197
v 0.001881527 0.140001833 0.031084951
v 0.021647302 0.131664470 0.031570513
v 0.028809605 0.132874250 0.029561894
v 0.045927379 0.145580828 0.032381475
v 0.048689749 0.152824640 0.031517338
v 0.044018339 0.173102409 0.047051013
v 0.040062100 0.178013697 0.047106132
v 0.014542725 0.184784472 0.046839114
v 0.003283521 0.177962691 0.047474615
v -0.003538237 0.152494326 0.046839107
v 0.008266294 0.137110367 0.046839133
v 0.014561585 0.134482518 0.047229238
v 0.028368928 0.134513527 0.047474612
v 0.046312179 0.166257784 0.048294812
v 0.030953562 0.183510229 0.048428103
v 0.008990995 0.181808308 0.048195571
v -0.003916082 0.159598932 0.048270173
v 0.001565067 0.143601328 0.048465695
v 0.021647304 0.133996651 0.048033476
v 0.034418348 0.137392506 0.048009161
v 0.047078226 0.155617863 0.048270755
v 0.021647312 0.185023472 0.048489057
v -0.001995180 0.169775218 0.048188083
v 0.041662496 0.142989561 0.047758095
v 0.042028375 0.162282154 0.056412157
v 0.030284477 0.178400606 0.056415312
v 0.012076978 0.177535728 0.056388810
v 0.002196813 0.165514886 0.056388810
v 0.003710515 0.150028571 0.056388810
v 0.013533216 0.141245276 0.056376565
v 0.026937896 0.139854208 0.056387533
v 0.037851177 0.147761300 0.056376565
v 0.021647312 0.159598917 0.057312459
v 0.029956251 0.155291349 0.058797646
v 0.031828746 0.172453806 0.054370966
v 0.032183602 0.167580530 0.058140561
v 0.034651041 0.159598917 0.054370962
v 0.032183602 0.167580530 0.050601359
v 0.031828746 0.146744043 0.054370966
v 0.032152280 0.155291334 0.049944274
v 0.031678926 0.150561169 0.057762731
v 0.028510960 0.150208250 0.054370962
v 0.030429607 0.150561169 0.050979190
v 0.028760001 0.164337173 0.057680015
v 0.028760003 0.164337188 0.051061906
v 0.027480230 0.166485459 0.054370962
v 0.021673363 0.171027020 0.058716487
v 0.012567810 0.173254415 0.054370966
v 0.025665686 0.171966210 0.054370962
v 0.017312238 0.172086000 0.050601356
v 0.037019264 0.165309682 0.054370962
v 0.028990280 0.168258637 0.049944274
v 0.033342671 0.166346744 0.057762731
v 0.029999252 0.163018316 0.054370962
v 0.032956608 0.165158570 0.050979190
v 0.028351603 0.164899290 0.057680011
v 0.015765764 0.170744210 0.057762731
v 0.014837243 0.169028521 0.054370962
v 0.019338893 0.167827696 0.051061906
v 0.010786596 0.163155153 0.058716487
v 0.007107574 0.154273137 0.054370962
v 0.009230028 0.157449335 0.050979190
v 0.006459653 0.159025893 0.054370962
v 0.010616677 0.162288681 0.049944274
v 0.015193272 0.172800288 0.054370966
v 0.014965910 0.170310065 0.051061906
v 0.018843824 0.172807053 0.057762731
v 0.022219403 0.175072789 0.054370966
v 0.018760487 0.165805936 0.056579232
v 0.019642057 0.170921639 0.050601363
v 0.009230027 0.157449335 0.057762731
v 0.010786596 0.156042695 0.058716487
v 0.020966278 0.143214598 0.054370962
v 0.018843831 0.146390781 0.057762731
v 0.018843828 0.146390781 0.050979193
v 0.009313378 0.154747382 0.052162685
v 0.005854448 0.164014250 0.054370966
v 0.009230025 0.161748514 0.057762731
v 0.010574806 0.163161770 0.054370962
v 0.009230027 0.161748514 0.050979190
v 0.020976195 0.150599077 0.054370966
v 0.018678119 0.151584834 0.057680015
v 0.017287258 0.152096614 0.050025433
v 0.028990289 0.150939211 0.058797646
v 0.037019268 0.153888181 0.054370962
v 0.028773991 0.148424223 0.052162677
v 0.017312225 0.147111848 0.058140561
v 0.012567816 0.145943418 0.054370966
v 0.016151831 0.147265464 0.050979190
v 0.019338882 0.151370138 0.057680015
v 0.014837244 0.150169313 0.054370962
v 0.020118147 0.150365531 0.049944274
v 0.031796202 0.154192895 0.050601363
v 0.032956619 0.154039279 0.057762727
v 0.029999251 0.156179532 0.054370962
v 0.002251096 0.001581824 0.039697137
v 0.115706816 -0.230074018 0.062548257
v 0.120067433 -0.228143364 0.059808262
v 0.004360616 0.001930661 0.032260008
v 0.120278031 -0.228562117 0.054328270
v -0.002251099 -0.001581823 0.030302869
v 0.116128013 -0.230911553 0.051588278
v -0.004360616 -0.001930661 0.037740000
v 0.111054204 -0.232938558 0.057068273
v 0.115917414 -0.230492786 -0.029806130
v 0.127089426 -0.230492786 -0.023718784
v 0.122297898 -0.221639454 -0.024035158
v 0.113088124 -0.219933733 -0.023835273
v 0.104085624 -0.222649768 -0.021519052
v 0.106608100 -0.235469118 -0.024482364
v 0.111525096 -0.244418219 -0.021152146
v 0.122297898 -0.239346117 -0.024035161
v 0.134925887 -0.227990255 -0.015699612
v 0.131007925 -0.218994543 -0.015943537
v 0.122944742 -0.213520870 -0.016772773
v 0.097801618 -0.226311773 -0.016636999
v 0.097956114 -0.236248225 -0.016221641
v 0.101648666 -0.244212106 -0.014994776
v 0.115917429 -0.250636756 -0.014628295
v 0.125313833 -0.245909125 -0.017631778
v 0.133127987 -0.237846360 -0.016277997
v 0.115917414 -0.210906029 -0.015175377
v 0.107365921 -0.213804439 -0.016344989
v 0.132823154 -0.253219813 -0.005067290
v 0.144139513 -0.226642087 -0.004974952
v 0.140618950 -0.216231346 -0.004984872
v 0.133167803 -0.207698017 -0.004717834
v 0.123640433 -0.203165486 -0.004680186
v 0.112855904 -0.202099040 -0.004917258
v 0.101833984 -0.205781132 -0.004726797
v 0.092966437 -0.213358730 -0.005203089
v 0.087565288 -0.227058500 -0.005199693
v 0.088651821 -0.238598168 -0.004600863
v 0.093432970 -0.248163477 -0.004733761
v 0.105280623 -0.257038265 -0.004733754
v 0.119469285 -0.258969516 -0.005083217
v 0.142328307 -0.241574511 -0.004955833
v 0.145833015 -0.213220999 0.007341912
v 0.107332669 -0.197249889 0.007094315
v 0.091485694 -0.206160277 0.007513809
v 0.087342620 -0.219052345 0.000312464
v 0.081547804 -0.230492786 0.007282779
v 0.116040342 -0.265025765 0.007370629
v 0.127673388 -0.259532303 0.001192155
v 0.139512479 -0.255364120 0.006974546
v 0.145762339 -0.247865781 0.007370616
v 0.150454372 -0.225748703 0.007181642
v 0.137202069 -0.202754050 0.007518539
v 0.120839037 -0.195955634 0.006973233
v 0.098587856 -0.200477049 0.007294409
v 0.083799154 -0.216907382 0.007194633
v 0.082537219 -0.239742756 0.007343877
v 0.088047341 -0.251579374 0.007196444
v 0.102659419 -0.262746960 0.007178285
v 0.129349828 -0.262674719 0.007178323
v 0.149292827 -0.239672154 0.007249170
v 0.148762643 -0.211571172 0.020204810
v 0.115953393 -0.192587167 0.020204799
v 0.105987430 -0.193919674 0.020312119
v 0.078004152 -0.230492786 0.020233788
v 0.088552609 -0.257576376 0.023722479
v 0.142827660 -0.257556617 0.021839796
v 0.153858334 -0.230492786 0.019959033
v 0.153022319 -0.220512375 0.024512947
v 0.143222094 -0.203784227 0.023170665
v 0.135570735 -0.197702095 0.022667637
v 0.125868067 -0.193356484 0.023863373
v 0.092805766 -0.200008765 0.019599233
v 0.082657285 -0.211542815 0.023109086
v 0.078793436 -0.220583588 0.024512894
v 0.079285562 -0.240349725 0.019944947
v 0.082689710 -0.249406889 0.022601847
v 0.096455790 -0.263358265 0.023170631
v 0.110704415 -0.268390685 0.019599319
v 0.125739083 -0.267140359 0.019962067
v 0.135161206 -0.263750255 0.024512913
v 0.149047211 -0.249911889 0.024312554
v 0.152549267 -0.240349725 0.019944917
v 0.151572883 -0.230704978 0.044535182
v 0.146593943 -0.211975932 0.044172589
v 0.115219660 -0.194667712 0.044172600
v 0.105971172 -0.196069017 0.044172589
v 0.097400568 -0.199816242 0.044172585
v 0.090091877 -0.205654010 0.044172581
v 0.080305271 -0.230492800 0.044758338
v 0.081137322 -0.239324182 0.043879390
v 0.107110858 -0.265177727 0.044419207
v 0.116388656 -0.266373515 0.043879397
v 0.124940775 -0.264988214 0.044535246
v 0.150697529 -0.239324197 0.043879353
v 0.140714675 -0.205611795 0.045496326
v 0.133563921 -0.200176612 0.045715161
v 0.083424620 -0.216540068 0.045637097
v 0.085477039 -0.247924134 0.045715187
v 0.098404825 -0.260944009 0.045496345
v 0.140607938 -0.255433321 0.045686517
v 0.149480715 -0.221342966 0.046280511
v 0.124940768 -0.196817204 0.046161477
v 0.091425627 -0.255198389 0.046280492
v 0.133223414 -0.260762393 0.046055589
v 0.146110117 -0.247924566 0.046161465
v 0.143780917 -0.231425539 0.057092708
v 0.137821585 -0.213685095 0.057072524
v 0.126419112 -0.205139622 0.057078309
v 0.112969398 -0.203132868 0.057075940
v 0.099684380 -0.208272427 0.057075940
v 0.089244761 -0.222380191 0.057092708
v 0.091320537 -0.243616760 0.057092708
v 0.108662292 -0.257568926 0.057090860
v 0.127044275 -0.255661219 0.057075940
v 0.137688667 -0.247198522 0.057078309
v 0.115917414 -0.230492786 0.058371380
v 0.127159461 -0.224123389 0.059488427
v 0.129735574 -0.218186051 0.058516592
v 0.128817171 -0.212918773 0.054009791
v 0.133718863 -0.221238479 0.055068266
v 0.131954461 -0.236831993 0.058409300
v 0.131954476 -0.224153578 0.051727235
v 0.132304803 -0.243370205 0.055068262
v 0.129735574 -0.242799535 0.051619940
v 0.128817186 -0.248066798 0.056126736
v 0.125679880 -0.236831978 0.058409292
v 0.127159461 -0.236862198 0.050648104
v 0.123915471 -0.239747062 0.055068262
v 0.125679865 -0.224153593 0.051727239
v 0.125329539 -0.217615366 0.055068262
v 0.125449032 -0.221769229 0.059488427
v 0.103189789 -0.212793738 0.056126736
v 0.112617008 -0.210702866 0.055068266
v 0.108483061 -0.213547960 0.051619940
v 0.114844233 -0.213281736 0.058409292
v 0.131891862 -0.221153930 0.058516592
v 0.133228555 -0.218886793 0.055068262
v 0.126902074 -0.217199564 0.051727235
v 0.136617526 -0.223655060 0.054009788
v 0.131073073 -0.225520670 0.055068262
v 0.124963090 -0.223167077 0.051727243
v 0.112905219 -0.219249234 0.058409289
v 0.109587580 -0.220026463 0.055068258
v 0.113333747 -0.217832744 0.050648104
v 0.106608391 -0.217578411 0.059401821
v 0.094205916 -0.236431256 0.055068266
v 0.097504571 -0.232327029 0.058516596
v 0.100396328 -0.227089062 0.050648104
v 0.106955267 -0.212542489 0.055068262
v 0.106669240 -0.215937912 0.051727239
v 0.113458008 -0.213493973 0.058516596
v 0.115811035 -0.208692849 0.054009788
v 0.115872003 -0.214542419 0.055068262
v 0.111745514 -0.219626039 0.051727239
v 0.104293346 -0.229883060 0.058409292
v 0.104007319 -0.233278513 0.055068266
v 0.098990582 -0.233406678 0.051619940
v 0.104354195 -0.232742980 0.059401821
v 0.116756670 -0.251595825 0.055068262
v 0.106955267 -0.248443112 0.055068262
v 0.106669240 -0.245047659 0.058409292
v 0.106669255 -0.245047674 0.051727239
v 0.094205916 -0.224554330 0.055068266
v 0.097504571 -0.228658542 0.058516592
v 0.097504571 -0.228658542 0.051619940
v 0.104007319 -0.227707058 0.055068266
v 0.104354188 -0.232742980 0.050734710
v 0.113458015 -0.247491613 0.058516592
v 0.113458022 -0.247491628 0.051619940
v 0.113333732 -0.243152857 0.059488427
v 0.132150814 -0.238781840 0.058250241
v 0.136617526 -0.237330511 0.054009788
v 0.130219728 -0.244563237 0.055068258
v 0.126902044 -0.243786022 0.058409300
v 0.126902074 -0.243786037 0.051727243
v 0.103560373 -0.249306574 0.055068262
v 0.108483054 -0.247437641 0.058516588
v 0.108483046 -0.247437641 0.051619943
v 0.109587573 -0.240959138 0.055068262
v 0.113333732 -0.243152857 0.050648104
v 0.124963105 -0.237818524 0.058409296
v 0.131073073 -0.235464901 0.055068262
v 0.124963105 -0.237818524 0.051727239
v 0.000370024 0.001182444 0.040358640
v -0.058338426 -0.186427385 0.085810483
v 0.004730780 -0.000831276 0.037679322
v -0.053977668 -0.188441113 0.083131164
v 0.004360761 -0.002013713 0.032320693
v -0.054347686 -0.189623550 0.077772535
v -0.000370013 -0.001182429 0.029641375
v -0.059078462 -0.188792259 0.075093217
v -0.004730770 0.000831291 0.032320693
v -0.063439220 -0.186778545 0.077772535
v -0.004360752 0.002013728 0.037679322
v -0.063069195 -0.185596108 0.083131164
v -0.058708437 -0.187609822 0.001882479
v -0.049691740 -0.189071238 0.007106089
v -0.053083975 -0.180279896 0.007149466
v -0.063971914 -0.181220308 0.006091964
v -0.067569166 -0.190229744 0.007330996
v -0.062168788 -0.195963830 0.007071025
v -0.043244433 -0.189544991 0.013977641
v -0.045815919 -0.180414170 0.012510085
v -0.054353863 -0.173295483 0.012695355
v -0.073349454 -0.181306645 0.014528263
v -0.074145570 -0.189642161 0.013981775
v -0.071551211 -0.197464421 0.014874719
v -0.065142892 -0.202116638 0.014408386
v -0.056874532 -0.203289941 0.014283847
v -0.053070173 -0.197591200 0.009188994
v -0.045994110 -0.197365865 0.014622033
v -0.041178588 -0.182277024 0.017640023
v -0.049930107 -0.171872765 0.017322335
v -0.061992493 -0.163981125 0.024462897
v -0.066356145 -0.174125418 0.013667756
v -0.034986272 -0.184743628 0.024136983
v -0.039744947 -0.173200637 0.024312930
v -0.049544860 -0.165486962 0.024271419
v -0.073387071 -0.168675199 0.024346549
v -0.082026802 -0.181721017 0.023904322
v -0.080933280 -0.196702957 0.024776626
v -0.073408969 -0.206468001 0.024506496
v -0.061705463 -0.211237282 0.024312938
v -0.049422897 -0.209754989 0.024776654
v -0.037653726 -0.200052395 0.024322821
v -0.029849354 -0.187609822 0.035638094
v -0.030747071 -0.180607319 0.035431042
v -0.044337388 -0.162603170 0.035610769
v -0.080040291 -0.168372750 0.034958169
v -0.085521556 -0.176256210 0.035555728
v -0.087595694 -0.187253609 0.035584610
v -0.038209751 -0.207964689 0.035489678
v -0.033745009 -0.202022463 0.035584260
v -0.030831272 -0.195184767 0.035489663
v -0.035428017 -0.170024484 0.035340019
v -0.055059291 -0.158710912 0.035561994
v -0.064702325 -0.159517378 0.034958143
v -0.073207006 -0.162497520 0.035431813
v -0.085988976 -0.197731599 0.035174873
v -0.076430000 -0.210704997 0.035078634
v -0.061969612 -0.216665089 0.035403382
v -0.047659915 -0.214677125 0.035348129
v -0.026990887 -0.183248192 0.047138248
v -0.054161828 -0.155918598 0.047262676
v -0.089781985 -0.179111525 0.050289176
v -0.086236790 -0.203354418 0.047227640
v -0.066705532 -0.218598619 0.048909698
v -0.042847943 -0.215081051 0.047136921
v -0.030906340 -0.171784535 0.049274016
v -0.035996478 -0.164854378 0.050997671
v -0.042852923 -0.159780502 0.049731705
v -0.066645779 -0.156457275 0.051014189
v -0.074734263 -0.159852251 0.049401231
v -0.084114604 -0.168115005 0.047348864
v -0.090897158 -0.187426001 0.050591905
v -0.089598283 -0.196076617 0.049731649
v -0.081693791 -0.209854573 0.049333744
v -0.074734256 -0.215367407 0.049401209
v -0.058741856 -0.219348952 0.046877347
v -0.050762113 -0.218614027 0.049010810
v -0.035931066 -0.210127831 0.049731679
v -0.030837161 -0.203502223 0.051659234
v -0.027726974 -0.196130246 0.050816990
v -0.028694224 -0.187218845 0.068553135
v -0.029851964 -0.180065289 0.069142342
v -0.051337838 -0.158597201 0.069039792
v -0.058708448 -0.157737225 0.068883590
v -0.080208167 -0.166663036 0.068553098
v -0.084506951 -0.172715068 0.069343537
v -0.084506944 -0.202504590 0.069343545
v -0.058317434 -0.217624038 0.068553135
v -0.043772120 -0.213480264 0.068883583
v -0.033241570 -0.173030406 0.070196666
v -0.041201506 -0.164021179 0.070615128
v -0.070538893 -0.160779759 0.070795581
v -0.087076239 -0.195035830 0.070232809
v -0.076698989 -0.211055592 0.070175029
v -0.066347227 -0.215903774 0.070357047
v -0.051069636 -0.215903774 0.070357047
v -0.037999563 -0.208318710 0.070391834
v -0.087898776 -0.184047952 0.070426770
v -0.031379793 -0.198675275 0.070403501
v -0.035816729 -0.190076575 0.080458261
v -0.038603738 -0.176002398 0.080473639
v -0.052637845 -0.164954260 0.080469854
v -0.071041152 -0.167809427 0.080472074
v -0.081429988 -0.182329386 0.080472074
v -0.078813143 -0.199217260 0.080473639
v -0.068018027 -0.208668008 0.080458261
v -0.052637842 -0.210265398 0.080469854
v -0.040116996 -0.201191917 0.080458261
v -0.058708437 -0.187609822 0.081630386
v -0.046150036 -0.183500111 0.082791261
v -0.046989992 -0.172881290 0.078451857
v -0.046598911 -0.182473689 0.074028239
v -0.043788824 -0.187609822 0.078451850
v -0.047178987 -0.197950333 0.081866845
v -0.046989992 -0.202338353 0.078451850
v -0.046602588 -0.196700513 0.074632160
v -0.050544892 -0.192998588 0.081772976
v -0.050833542 -0.198384047 0.078451850
v -0.050544888 -0.192998603 0.075130731
v -0.048652068 -0.177269310 0.081866845
v -0.052016336 -0.179769352 0.078451850
v -0.048652068 -0.177269295 0.075036861
v -0.052010190 -0.180294231 0.082791261
v -0.069666915 -0.173674047 0.078451850
v -0.061562777 -0.171022221 0.078451857
v -0.059685815 -0.173179254 0.081772968
v -0.059685800 -0.173179254 0.075130738
v -0.041079585 -0.181016281 0.078451850
v -0.045311235 -0.179840058 0.081866853
v -0.045311224 -0.179840058 0.075036861
v -0.052010197 -0.180294231 0.074112445
v -0.049183700 -0.183668107 0.078451857
v -0.065435261 -0.174850270 0.081866845
v -0.065435275 -0.174850270 0.075036861
v -0.063596129 -0.178978786 0.082791261
v -0.075348519 -0.193725556 0.078451842
v -0.075366229 -0.185198605 0.078451850
v -0.071524195 -0.184647232 0.074028239
v -0.072734743 -0.184080034 0.081772976
v -0.059531655 -0.168806270 0.078451850
v -0.066399835 -0.175360784 0.075130731
v -0.061957970 -0.172467351 0.081866853
v -0.059513945 -0.177333221 0.078451850
v -0.061034523 -0.174683124 0.074632160
v -0.072922207 -0.190064490 0.081866845
v -0.072922215 -0.190064505 0.075036861
v -0.065486297 -0.198882878 0.082875468
v -0.058034100 -0.205325335 0.078451850
v -0.066149183 -0.202707216 0.078451857
v -0.065486312 -0.198882848 0.074028239
v -0.072734736 -0.191139609 0.081772976
v -0.076846071 -0.182582140 0.078451850
v -0.072734736 -0.191139624 0.075130731
v -0.071721263 -0.185827494 0.082271546
v -0.068730995 -0.185200259 0.078451857
v -0.071721263 -0.185827509 0.074632160
v -0.060766209 -0.201886460 0.081866845
v -0.060766209 -0.201886460 0.075036861
v -0.058736272 -0.200823545 0.082791261
v -0.045311231 -0.195379600 0.075036861
v -0.045311231 -0.195379600 0.081866853
v -0.046649273 -0.199351743 0.078451850
v -0.058736276 -0.200823545 0.074112445
v -0.069094896 -0.203306094 0.078451850
v -0.065435238 -0.200369373 0.081866853
v -0.064097211 -0.196397230 0.078451850
v -0.065435253 -0.200369388 0.075036854
v -0.051060695 -0.193708584 0.081772976
v -0.041651580 -0.192442879 0.078451857
v -0.051060706 -0.193708584 0.075130738
vn 0.000000017 -0.000000007 1.000000000
vn -0.000002043 0.450434566 0.892809451
vn -0.000009648 0.914307714 0.405020088
vn 0.000004780 0.914311528 -0.405011714
vn 0.000000000 0.450433195 -0.892810166
vn 0.000000003 -0.000000007 -1.000000000
vn 0.318503916 0.318506688 0.892809451
vn 0.646506369 0.646520078 0.405020088
vn 0.646513999 0.646507204 -0.405028671
vn 0.318506271 0.318506181 -0.892808795
vn 0.450434536 0.000002026 0.892809570
vn 0.914307833 0.000009595 0.405020177
vn 0.914311528 -0.000004768 -0.405011714
vn 0.450433105 0.000000000 -0.892810166
vn 0.318506688 -0.318503827 0.892809510
vn 0.646520078 -0.646506429 0.405020177
vn 0.646507204 -0.646513939 -0.405028641
vn 0.318506241 -0.318506211 -0.892808795
vn 0.000002031 -0.450434536 0.892809451
vn 0.000009641 -0.914307833 0.405020207
vn -0.000004787 -0.914311528 -0.405011803
vn 0.000000000 -0.450433195 -0.892810166
vn -0.318503857 -0.318506718 0.892809451
vn -0.646506429 -0.646520078 0.405020207
vn -0.646513939 -0.646507204 -0.405028641
vn -0.318506211 -0.318506211 -0.892808795
vn -0.450434536 -0.000002026 0.892809570
vn -0.914307833 -0.000009595 0.405020177
vn -0.914311528 0.000004768 -0.405011714
vn -0.450433105 0.000000000 -0.892810166
vn -0.318506688 0.318503797 0.892809510
vn -0.646520078 0.646506429 0.405020177
vn -0.646507263 0.646513939 -0.405028671
vn -0.318506271 0.318506181 -0.892808795
vn -0.659791112 -0.749436200 0.054964013
vn -0.133674338 -0.151835918 0.979324758
vn -0.976500630 -0.070656747 -0.203602999
vn -0.450375885 0.526952565 0.720751405
vn -0.579769790 0.379979521 -0.720751405
vn -0.053649083 0.977581501 0.203607827
vn 0.133669779 0.151831001 -0.979326248
vn 0.659790754 0.749435306 -0.054980554
vn 0.450391352 -0.526946127 -0.720746458
vn 0.976500452 0.070656069 0.203604087
vn 0.053647988 -0.977582633 -0.203602687
vn 0.579770446 -0.379978180 0.720751524
vn -0.280683696 -0.289510399 0.915095925
vn -0.284871250 -0.296563774 0.911536276
vn -0.254129291 -0.258561194 0.931967974
vn -0.255710870 -0.261195183 0.930800259
vn -0.195922539 -0.191485018 0.961742103
vn -0.195928752 -0.191486523 0.961740613
vn -0.124805734 -0.109917857 0.986073852
vn -0.124807768 -0.109918177 0.986073554
vn -0.039914269 -0.013069334 0.999117672
vn -0.039914794 -0.013072727 0.999117613
vn 0.046583485 0.085056759 0.995286584
vn 0.046586066 0.085056603 0.995286405
vn 0.120890833 0.168907017 0.978190064
vn 0.120888636 0.168904692 0.978190720
vn 0.184134364 0.239933118 0.953166723
vn 0.187527955 0.242655158 0.951815009
vn 0.229650185 0.289783418 0.929131985
vn 0.236343935 0.295083374 0.925779402
vn 0.270639211 0.333411574 0.903100908
vn -0.974079967 0.069471337 0.215271965
vn 0.008865813 0.620418310 0.784220934
vn -0.229949936 -0.410044968 -0.882601917
vn 0.076105423 0.784964800 -0.614848197
vn 0.076885015 -0.888020694 0.453329831
vn 0.991459310 -0.128537208 0.022060985
vn -0.290777504 0.002488271 0.956787467
vn -0.297188759 0.000141796 0.954818726
vn -0.254193038 0.009413878 0.967107713
vn -0.256571263 0.008554371 0.966487467
vn -0.176595181 0.023569632 0.984001398
vn -0.176597476 0.023569295 0.984000981
vn -0.084995173 0.039823774 0.995585203
vn -0.084999666 0.039823890 0.995584786
vn 0.022270959 0.058252800 0.998053372
vn 0.022264088 0.058252379 0.998053610
vn 0.130537271 0.076197281 0.988511026
vn 0.130539045 0.076197416 0.988510728
vn 0.223600909 0.091082074 0.970415711
vn 0.223602578 0.091082491 0.970415294
vn 0.308198810 0.104156174 0.945603073
vn 0.304869205 0.104200296 0.946676850
vn 0.368355870 0.113697521 0.922706246
vn 0.361748964 0.113835126 0.925299585
vn 0.413980782 0.121421836 0.902151167
vn -0.723013759 0.650041759 0.233873457
vn 0.360042036 0.545642316 0.756732702
vn -0.415427953 -0.084572650 -0.905685961
vn 0.580983341 0.532201648 -0.615808249
vn -0.505544782 -0.760914087 0.406736135
vn 0.684131920 -0.725644529 0.073508434
vn 0.065002061 -0.475968212 0.877057016
vn 0.065741494 -0.483989269 0.872601032
vn 0.068444632 -0.436278999 0.897204578
vn 0.068727322 -0.439301461 0.895706892
vn 0.075674005 -0.348869175 0.934111238
vn 0.075673610 -0.348871827 0.934110343
vn 0.083390303 -0.240631714 0.967027664
vn 0.083390690 -0.240631133 0.967027724
vn 0.091052324 -0.110130645 0.989737689
vn 0.091053419 -0.110129654 0.989737689
vn 0.097187251 0.024228329 0.994971156
vn 0.097188041 0.024228286 0.994971097
vn 0.101082750 0.140379235 0.984924376
vn 0.101082683 0.140376166 0.984924793
vn 0.103435107 0.244563997 0.964100361
vn 0.102655113 0.240339249 0.965245605
vn 0.103721403 0.318129629 0.942356288
vn 0.102219708 0.309805930 0.945289075
vn 0.102715872 0.373142034 0.922070742
vn -0.012115356 0.430106103 0.902696967
vn -0.850789130 -0.509360909 -0.129265264
vn -0.670309424 0.648538828 -0.360669732
vn 0.442432255 -0.469478577 -0.764096618
vn 0.375382334 -0.681526065 0.628180265
vn 0.775707662 0.576203227 -0.257424653
vn -0.326140910 -0.909106195 0.259148717
vn 0.001164188 0.003247836 0.999994099
vn -0.890833378 -0.450911373 -0.055632550
vn -0.563522220 0.461446255 0.685208082
vn -0.728344381 0.002009923 -0.685208380
vn -0.401041508 0.914369226 0.055631138
vn -0.001168681 -0.003247781 -0.999994099
vn 0.326141685 0.909101605 -0.259164006
vn 0.563533008 -0.461433917 -0.685207546
vn 0.890832722 0.450912446 0.055633128
vn 0.401041448 -0.914369166 -0.055630703
vn 0.728344560 -0.002011448 0.685208142
vn -0.156877652 -0.337156057 0.928286135
vn -0.162126929 -0.346650571 0.923876762
vn -0.146058664 -0.301203728 0.942307413
vn -0.148009822 -0.304741830 0.940864265
vn -0.118328698 -0.218831614 0.968561351
vn -0.118328683 -0.218832418 0.968561172
vn -0.083447084 -0.119215965 0.989355445
vn -0.083446383 -0.119215474 0.989355624
vn -0.041594997 -0.001432427 0.999133527
vn -0.041595072 -0.001436125 0.999133527
vn 0.001363732 0.117617995 0.993058026
vn 0.001365697 0.117617898 0.993057966
vn 0.038605817 0.219345048 0.974883258
vn 0.038608078 0.219346851 0.974882782
vn 0.071356341 0.305316299 0.949573755
vn 0.072274350 0.310103565 0.947951615
vn 0.095158473 0.364191115 0.926450074
vn 0.096949898 0.373606652 0.922506809
vn 0.116688885 0.421335727 0.899366438
vn -0.965454817 -0.235873759 -0.110727765
vn -0.440856934 0.679780185 0.586126328
vn 0.273772776 -0.603758514 -0.748681605
vn 0.128758952 0.650193632 -0.748778641
vn 0.162274033 -0.742054403 0.650401711
vn 0.908254504 0.230643302 0.349109441
vn -0.457181603 -0.189536840 0.868942320
vn -0.469229251 -0.194638565 0.861359239
vn -0.424602866 -0.165226102 0.890175700
vn -0.429166138 -0.167153955 0.887623787
vn -0.342379719 -0.109567665 0.933151186
vn -0.342382342 -0.109569438 0.933149993
vn -0.235026717 -0.040268917 0.971154451
vn -0.235024586 -0.040269051 0.971154869
vn -0.102985099 0.042414367 0.993778169
vn -0.102990530 0.042411488 0.993777752
vn 0.033900350 0.125415802 0.991524935
vn 0.033899374 0.125415206 0.991524994
vn 0.151127741 0.194344357 0.969221711
vn 0.151126936 0.194342300 0.969222307
vn 0.248064637 0.249777153 0.935988963
vn 0.253041774 0.251540929 0.934182525
vn 0.316237569 0.286811978 0.904285729
vn 0.325858116 0.290066421 0.899821043
vn 0.375832260 0.317489564 0.870603561
vn -0.713013470 -0.576083064 0.399674922
vn 0.574551046 0.491858244 0.654191613
vn -0.700643778 -0.284677476 -0.654260755
vn 0.839145005 0.368867964 -0.399715126
vn 0.211756900 -0.487967968 0.846785963
vn 0.213152766 -0.500876188 0.838861704
vn 0.197876886 -0.450974137 0.870325923
vn 0.198449567 -0.455862194 0.867644787
vn 0.166859791 -0.358658463 0.918434501
vn 0.166859120 -0.358659148 0.918434381
vn 0.127031669 -0.238669515 0.962756336
vn 0.127028883 -0.238666743 0.962757468
vn 0.077089168 -0.091541186 0.992812932
vn 0.077088505 -0.091539778 0.992813110
vn 0.024315687 0.060443327 0.997875452
vn 0.024316408 0.060443595 0.997875333
vn -0.021640014 0.190086991 0.981528819
vn -0.021638075 0.190082937 0.981529534
vn -0.059047129 0.296903849 0.953080058
vn -0.062159110 0.302314699 0.951179385
vn -0.083312966 0.369384021 0.925534666
vn -0.089422569 0.379785955 0.920742214
vn -0.108473644 0.436899513 0.892945945
vn -0.317269653 -0.795087397 0.516890705
vn 0.180451274 0.898398876 0.400396019
vn -0.058949828 -0.469998062 -0.880696833
vn -0.727864683 0.669590592 -0.147856429
vn 0.947689652 -0.287232995 0.139217213
vn 0.488126099 -0.820241094 0.298224151
vn -0.022562386 0.037907436 0.999026597
vn -0.217986882 -0.975602865 -0.026092378
vn -0.728675246 -0.117443830 0.674714327
vn -0.450767398 -0.584437966 -0.674715519
vn -0.961454809 0.273722142 0.026092505
vn 0.022558616 -0.037907150 -0.999026597
vn -0.488125294 0.820247054 -0.298208773
vn 0.728674471 0.117443301 -0.674715161
vn 0.217986479 0.975602925 0.026092211
vn 0.961454988 -0.273721188 -0.026096296
vn 0.450780690 0.584429383 0.674714029
vn 0.188740939 -0.320147544 0.928376257
vn 0.193034127 -0.325160444 0.925747573
vn 0.170046777 -0.289017111 0.942100406
vn 0.171637431 -0.290886015 0.941236377
vn 0.130487934 -0.222627729 0.966131449
vn 0.130487069 -0.222625464 0.966131985
vn 0.083568379 -0.143854499 0.986064017
vn 0.083570294 -0.143854439 0.986063838
vn 0.028253937 -0.050946184 0.998301744
vn 0.028257506 -0.050950181 0.998301327
vn -0.027908061 0.043429028 0.998666584
vn -0.027908374 0.043427981 0.998666704
vn -0.076517582 0.125146896 0.989183128
vn -0.076518141 0.125144780 0.989183366
vn -0.118896790 0.196413592 0.973285854
vn -0.120254204 0.199851796 0.972418785
vn -0.149012715 0.248192519 0.957181156
vn -0.151702195 0.255060077 0.954950690
vn -0.175696343 0.295334429 0.939099848
vn -0.161227763 -0.828938007 0.535600185
vn -0.260746688 0.379125834 0.887848377
vn 0.050413661 -0.502680957 -0.863000870
vn -0.909432828 0.165277690 -0.381595552
vn 0.982765734 -0.095538020 0.158252850
vn 0.338999301 0.898765922 -0.278027415
vn -0.005032929 -0.557852924 0.829924583
vn -0.010740090 -0.571036518 0.820854425
vn 0.000848732 -0.517053127 0.855952859
vn -0.001261540 -0.522103190 0.852881372
vn 0.019269833 -0.414102346 0.910026431
vn 0.019270021 -0.414097130 0.910028696
vn 0.043484222 -0.276292622 0.960089326
vn 0.043483969 -0.276290029 0.960090041
vn 0.071026564 -0.104466826 0.991988897
vn 0.071024932 -0.104472816 0.991988361
vn 0.096799888 0.073956139 0.992552400
vn 0.096799403 0.073955372 0.992552519
vn 0.116370596 0.224817529 0.967426956
vn 0.116370805 0.224821284 0.967426062
vn 0.131647214 0.345193803 0.929252505
vn 0.131172106 0.351942092 0.926785171
vn 0.142494544 0.424635231 0.894080758
vn 0.141391620 0.437438399 0.888063133
vn 0.149476409 0.498241961 0.854056120
vn -0.853864551 -0.482532442 0.195135400
vn -0.335102677 0.499794275 0.798693955
vn 0.035415765 -0.441360503 -0.896630704
vn -0.362087280 0.719609499 -0.592498958
vn 0.546755254 -0.717274249 0.431944966
vn 0.899357498 0.435321867 0.040631942
vn 0.463304758 -0.100021176 0.880536437
vn 0.474581838 -0.102265432 0.874250472
vn 0.418567717 -0.081852712 0.904489458
vn 0.422878057 -0.082710855 0.902404070
vn 0.314959854 -0.040038493 0.948260069
vn 0.314954281 -0.040037051 0.948262095
vn 0.177811757 0.013521401 0.983971596
vn 0.177810654 0.013521431 0.983971834
vn 0.009136150 0.076905459 0.996996582
vn 0.009136401 0.076905318 0.996996522
vn -0.163091823 0.138925329 0.976780832
vn -0.163094148 0.138925627 0.976780415
vn -0.305988520 0.188227355 0.933242500
vn -0.305985451 0.188226819 0.933243632
vn -0.418061227 0.225359112 0.880021691
vn -0.422901601 0.228039309 0.877013266
vn -0.493105352 0.250472307 0.833133101
vn -0.502079010 0.255450755 0.826233387
vn -0.555114269 0.271680921 0.786153734
vn 0.406850934 -0.753109038 0.517009735
vn -0.826040506 -0.038624749 0.562285721
vn 0.323907316 -0.350942463 -0.878591776
vn 0.827714145 0.543122768 0.141092077
vn -0.732828975 0.607797086 -0.305850357
vn 0.889202356 -0.300016373 0.345411956
vn -0.088912182 0.030002253 0.995587587
vn 0.469745845 -0.882743359 0.010159011
vn -0.508379757 -0.552725196 0.660337031
vn 0.069603235 -0.747737169 -0.660336673
vn -0.908520341 -0.417717099 -0.010160243
vn 0.088913746 -0.029999573 -0.995587468
vn -0.889207125 0.300014973 -0.345400602
vn 0.508378565 0.552723110 -0.660339594
vn -0.469743848 0.882744312 -0.010159140
vn 0.908518434 0.417721152 0.010161032
vn -0.069593258 0.747737527 0.660337329
vn 0.250888914 -0.029306106 0.967572212
vn 0.256946176 -0.032614205 0.965875328
vn 0.223534882 -0.020554876 0.974479258
vn 0.225766048 -0.021764074 0.973938346
vn 0.164168060 -0.000283174 0.986432314
vn 0.164168805 -0.000283736 0.986432195
vn 0.095873468 0.023244496 0.995122075
vn 0.095871240 0.023244634 0.995122373
vn 0.016556021 0.050200313 0.998601913
vn 0.016558025 0.050199352 0.998602033
vn -0.063438609 0.076990947 0.995011508
vn -0.063442744 0.076990940 0.995011330
vn -0.132991940 0.099958628 0.986063540
vn -0.132994622 0.099957913 0.986063302
vn -0.197757438 0.120728321 0.972788095
vn -0.195720434 0.120405331 0.973240077
vn -0.245803460 0.135536581 0.959797084
vn -0.241686791 0.134904310 0.960931003
vn -0.281812161 0.147066131 0.948131621
vn 0.250222594 -0.941266358 -0.226729587
vn -0.671918869 -0.453544140 0.585510671
vn 0.617911577 0.329157054 -0.714031458
vn -0.652491212 0.116273791 -0.748822808
vn 0.708113253 0.075494833 0.702051401
vn -0.248581961 0.903714061 0.348579973
vn 0.331315339 -0.469788760 0.818247318
vn 0.336096764 -0.483959943 0.807973862
vn 0.307464123 -0.435189724 0.846212566
vn 0.309353441 -0.440605402 0.842714250
vn 0.249681875 -0.343056679 0.905522645
vn 0.249679089 -0.343052655 0.905524850
vn 0.171227708 -0.216306046 0.961193383
vn 0.171229422 -0.216306031 0.961193144
vn 0.071679473 -0.057483722 0.995769918
vn 0.071680404 -0.057484590 0.995769858
vn -0.032562114 0.106699184 0.993758023
vn -0.032564953 0.106699571 0.993757963
vn -0.120421857 0.243425965 0.962414920
vn -0.120420985 0.243423879 0.962415516
vn -0.189531013 0.349840492 0.917436540
vn -0.191829413 0.355411172 0.914813876
vn -0.235338196 0.421859711 0.875585675
vn -0.239563629 0.432243943 0.869352937
vn -0.272489697 0.481831580 0.832819164
vn 0.427773535 -0.536312819 0.727583885
vn -0.293715149 0.325018227 0.898940742
vn -0.389167398 -0.850086033 -0.354827374
vn -0.906096876 0.160622597 -0.391393453
vn 0.827682257 -0.037039377 -0.559973359
vn 0.344641030 0.920258105 -0.185330972
vn 0.413584769 0.134813771 0.900429308
vn 0.428789973 0.137408465 0.892893195
vn 0.372687906 0.116770506 0.920580447
vn 0.378441513 0.117772177 0.918102264
vn 0.268494189 0.076037943 0.960275590
vn 0.268494278 0.076039240 0.960275412
vn 0.130869359 0.024333538 0.991101027
vn 0.130865663 0.024333196 0.991101503
vn -0.036779113 -0.037919823 0.998603761
vn -0.036784925 -0.037922125 0.998603404
vn -0.206417128 -0.100112416 0.973329127
vn -0.206414938 -0.100112587 0.973329484
vn -0.346114069 -0.150682539 0.926012874
vn -0.346109211 -0.150681585 0.926014841
vn -0.455296993 -0.188434809 0.870170653
vn -0.460737765 -0.191674858 0.866591811
vn -0.526613295 -0.211098790 0.823477805
vn -0.536683857 -0.217210203 0.815346718
vn -0.590311527 -0.233613506 0.772629976
vn 0.831673265 -0.519847095 0.195137277
vn -0.279152423 -0.533066392 0.798695326
vn 0.370901108 0.241858467 -0.896625340
vn -0.459389478 -0.661736965 -0.592507780
vn 0.369168580 0.822879016 0.431954712
vn -0.811917603 0.582357526 0.040614929
vn 0.872192323 0.479263157 0.097915053
vn 0.140174568 0.077025734 0.987126172
vn 0.949581802 -0.261237830 -0.173346967
vn 0.217552423 -0.663475752 0.715870678
vn 0.443400145 -0.539374709 -0.715870976
vn -0.288618445 -0.941621006 0.173347384
vn -0.140166789 -0.077020310 -0.987127721
vn -0.872193038 -0.479263693 -0.097906895
vn -0.217555419 0.663474739 -0.715870738
vn -0.949581146 0.261240035 0.173347756
vn 0.288620859 0.941620290 -0.173347205
vn -0.443403989 0.539372325 0.715870380
vn 0.309922636 0.228378043 0.922925472
vn 0.318618327 0.231143177 0.919268847
vn 0.280593097 0.211740762 0.936180174
vn 0.283814102 0.212782338 0.934972346
vn 0.213166624 0.175550371 0.961115003
vn 0.213162661 0.175549030 0.961116135
vn 0.132570565 0.132547811 0.982270896
vn 0.132567838 0.132547915 0.982271314
vn 0.037674058 0.081237920 0.995982528
vn 0.037674624 0.081238352 0.995982409
vn -0.058547117 0.028480716 0.997878313
vn -0.058547948 0.028480608 0.997878313
vn -0.141722411 -0.017718965 0.989747822
vn -0.141723692 -0.017718364 0.989747703
vn -0.214295581 -0.057699859 0.975063145
vn -0.217673525 -0.060399875 0.974150956
vn -0.265607059 -0.085216664 0.960307777
vn -0.272333920 -0.090658672 0.957922339
vn -0.314978093 -0.113510378 0.942286670
vn 0.986082256 -0.074238963 -0.148762882
vn -0.115500279 -0.799283683 0.589750350
vn 0.478080690 0.876892567 -0.049982436
vn -0.525995314 -0.399550110 -0.750792027
vn -0.829431951 0.434584439 0.350968719
vn 0.406597704 0.005248974 0.913592279
vn 0.420176774 -0.000499898 0.907442153
vn 0.363508254 0.012355722 0.931509018
vn 0.368634999 0.010237135 0.929517865
vn 0.258242995 0.033003245 0.965516090
vn 0.258251429 0.033002254 0.965513885
vn 0.122943215 0.059345257 0.990637779
vn 0.122948624 0.059345156 0.990637124
vn -0.040355071 0.089022152 0.995211840
vn -0.040342093 0.089021876 0.995212436
vn -0.205408707 0.116706118 0.971692860
vn -0.205400616 0.116706669 0.971694469
vn -0.342541784 0.137833074 0.929336965
vn -0.342545182 0.137833133 0.929335773
vn -0.451928705 0.153306454 0.878781796
vn -0.456804007 0.154935330 0.875970960
vn -0.526053250 0.163959950 0.834497035
vn -0.535192013 0.167015314 0.828055263
vn -0.588409305 0.173302934 0.789772511
vn 0.676480412 -0.090657644 0.730859458
vn -0.357905656 0.634797454 0.684788883
vn 0.363436252 -0.827282250 -0.428390235
vn -0.654008210 -0.690304875 0.309438884
vn 0.599267006 0.599864602 -0.530133486
vn -0.625987709 0.328909725 -0.707076967
vn 0.095518410 0.470938921 0.876979411
vn 0.102426723 0.480448544 0.871021211
vn 0.080877252 0.435934544 0.896337032
vn 0.083435893 0.439527482 0.894345641
vn 0.043830529 0.353296459 0.934484065
vn 0.043832567 0.353298277 0.934483349
vn -0.002275687 0.249524355 0.968365908
vn -0.002276229 0.249523625 0.968366086
vn -0.056269489 0.123449929 0.990754128
vn -0.056267913 0.123449825 0.990754306
vn -0.109961994 -0.006957752 0.993911445
vn -0.109958544 -0.006956498 0.993911803
vn -0.154679492 -0.119748920 0.980680585
vn -0.154679328 -0.119751059 0.980680406
vn -0.191388398 -0.215568364 0.957549393
vn -0.193767190 -0.219661400 0.956139743
vn -0.217439502 -0.283379018 0.934032321
vn -0.222050697 -0.291393161 0.930474937
vn -0.240711257 -0.343162298 0.907908440
vn 0.230206788 0.642535329 0.730857909
vn -0.695637584 -0.217156515 0.684785724
vn 0.885016143 0.182291150 -0.428388298
vn 0.538176477 -0.783970833 0.309444487
vn -0.461183637 0.711524785 -0.530134082
vn -0.452620417 -0.543311596 -0.707069457
vn 0.486945301 0.840520084 0.237508774
vn 0.009470769 0.016346406 0.999821544
vn 0.956634998 0.282297581 -0.071816899
vn 0.479155034 -0.541885376 0.690485895
vn 0.708432496 -0.146142259 -0.690482378
vn 0.230949879 -0.970311522 0.071816981
vn -0.009464718 -0.016344212 -0.999821603
vn -0.486947298 -0.840518057 -0.237511575
vn -0.479155242 0.541880012 -0.690490007
vn -0.956635892 -0.282293409 0.071820855
vn -0.230954975 0.970310330 -0.071816519
vn -0.708429158 0.146139100 0.690486491
vn 0.237143591 0.288932234 0.927513421
vn 0.243591294 0.297018021 0.923278809
vn 0.220781311 0.256192058 0.941074491
vn 0.223182574 0.259200603 0.939683199
vn 0.180661932 0.182207659 0.966520369
vn 0.180665255 0.182210296 0.966519237
vn 0.130912691 0.093593493 0.986966133
vn 0.130915061 0.093593851 0.986965835
vn 0.071272500 -0.010752511 0.997398973
vn 0.071275651 -0.010748923 0.997398734
vn 0.009971761 -0.116001762 0.993198991
vn 0.009972706 -0.116001211 0.993199050
vn -0.043374922 -0.205989838 0.977592349
vn -0.043373715 -0.205987543 0.977592945
vn -0.091946207 -0.286613882 0.953623831
vn -0.089477412 -0.283743382 0.954716504
vn -0.126152560 -0.343767077 0.930542707
vn -0.121219665 -0.338133365 0.933258593
vn -0.151457623 -0.387004107 0.909554005
vn 0.802452683 0.263076633 0.535593450
vn -0.204046682 -0.412426442 0.887845337
vn 0.414410084 0.288942218 -0.863004565
vn 0.298761278 -0.874715745 -0.381594032
vn -0.395387769 0.904777586 0.158259317
vn -0.950039327 -0.141849607 -0.278035909
vn 0.419487596 0.216636121 0.881532192
vn 0.434451103 0.218706518 0.873738885
vn 0.379169941 0.200106964 0.903430879
vn 0.384832978 0.200941607 0.900847435
vn 0.276571304 0.162241697 0.947198987
vn 0.276572227 0.162242860 0.947198570
vn 0.141219020 0.112573639 0.983556986
vn 0.141219586 0.112573519 0.983556986
vn -0.023808355 0.050264888 0.998452187
vn -0.023807166 0.050265029 0.998452127
vn -0.191180915 -0.014840594 0.981442630
vn -0.191183195 -0.014840131 0.981442213
vn -0.329541951 -0.070198134 0.941527665
vn -0.329548776 -0.070199110 0.941525221
vn -0.443725944 -0.117076442 0.888482094
vn -0.438399196 -0.115977190 0.891266167
vn -0.518903732 -0.149766564 0.841610849
vn -0.508917987 -0.147739872 0.848042190
vn -0.570675313 -0.173932001 0.802544296
vn 0.950414538 0.022674395 0.310158104
vn -0.266129136 -0.534744501 0.802012205
vn 0.600121200 0.572135985 -0.559030473
vn -0.448391467 -0.668313324 -0.593550742
vn -0.814743578 0.578248024 0.042685766
vn -0.108994007 0.620321393 0.776737809
vn -0.107710093 0.634901404 0.765048206
vn -0.100524902 0.580500364 0.808030963
vn -0.100089408 0.586141348 0.804002762
vn -0.083439037 0.474596560 0.876239717
vn -0.083438665 0.474594414 0.876240969
vn -0.060900420 0.325684816 0.943515003
vn -0.060900845 0.325685680 0.943514705
vn -0.031652376 0.135205701 0.990311861
vn -0.031654239 0.135212809 0.990310848
vn -0.000509220 -0.064739645 0.997902036
vn -0.000509927 -0.064738572 0.997902215
vn 0.025969323 -0.232550800 0.972237468
vn 0.025969770 -0.232555687 0.972236395
vn 0.047864813 -0.369739890 0.927901626
vn 0.048048429 -0.363433689 0.930380166
vn 0.063651331 -0.460075766 0.885595143
vn 0.064073808 -0.448315054 0.891576231
vn 0.075790189 -0.521695495 0.849758565
vn 0.454789966 0.727635503 0.513529599
vn 0.096325122 -0.420822114 0.902014613
vn 0.144204661 0.458265334 -0.877039373
vn 0.783732474 -0.506004453 -0.360170692
vn -0.876581013 0.460958689 0.138284937
vn -0.647094548 -0.717739046 -0.257136792
vn -0.046664692 0.996983767 0.062014155
vn -0.009135085 0.195162445 0.980728328
vn 0.652777374 0.731035829 -0.198666275
vn 0.690308988 -0.070800684 0.720042169
vn 0.680684328 0.134956419 -0.720038652
vn 0.718210876 -0.666861832 0.198666930
vn 0.009130795 -0.195155755 -0.980729759
vn 0.046670597 -0.996983290 -0.062018249
vn -0.690307260 0.070798680 -0.720044076
vn -0.652781844 -0.731032670 0.198663458
vn -0.718210161 0.666862965 -0.198665425
vn -0.680675209 -0.134970188 0.720044732
vn 0.056855716 0.389570624 0.919239998
vn 0.057868242 0.400194436 0.914601386
vn 0.061214246 0.352619022 0.933762670
vn 0.061596073 0.356580049 0.932232082
vn 0.068242364 0.266796499 0.961333752
vn 0.068242282 0.266799510 0.961332917
vn 0.075023353 0.162361950 0.983875096
vn 0.075023718 0.162362590 0.983874977
vn 0.081836395 0.038381808 0.995906532
vn 0.081836410 0.038386606 0.995906234
vn 0.087427884 -0.087509766 0.992319763
vn 0.087427512 -0.087508470 0.992319882
vn 0.091153599 -0.195590124 0.976440310
vn 0.091153033 -0.195587710 0.976440787
vn 0.092700094 -0.287694037 0.953225553
vn 0.093608782 -0.292480797 0.951678753
vn 0.092247523 -0.351451278 0.931650400
vn 0.094014339 -0.360879689 0.927861571
vn 0.093049116 -0.412861884 0.906028092
vn 0.748510420 0.627211511 0.215262309
vn 0.424922019 -0.452152163 0.784219205
vn -0.119751409 0.454608530 -0.882604599
vn 0.490966111 -0.617178559 -0.614851952
vn -0.672597468 0.584902227 0.453323275
vn -0.802065194 -0.596828818 0.022062669
vn 0.320801109 0.386761248 0.864582181
vn 0.330837905 0.396269500 0.856455922
vn 0.298645884 0.351629555 0.887224495
vn 0.302444518 0.355249375 0.884491503
vn 0.239953235 0.266985953 0.933349371
vn 0.239951745 0.266983658 0.933350325
vn 0.161572501 0.157587826 0.974197388
vn 0.161574259 0.157589644 0.974196672
vn 0.064623266 0.024014596 0.997620761
vn 0.064625159 0.024015229 0.997620642
vn -0.035902001 -0.112627931 0.992988467
vn -0.035899356 -0.112629332 0.992988408
vn -0.121433496 -0.227424905 0.966194510
vn -0.121428639 -0.227422595 0.966195643
vn -0.194685191 -0.324611992 0.925594330
vn -0.190739021 -0.320985287 0.927678406
vn -0.243864238 -0.390785813 0.887590408
vn -0.236260250 -0.383949488 0.892616332
vn -0.278161377 -0.438367575 0.854669690
vn 0.379109859 0.567556262 0.730859578
vn -0.727528155 -0.042019896 0.684789836
vn 0.902807176 -0.037715808 -0.428388506
vn 0.332057595 -0.891058207 0.309439689
vn -0.274927169 0.802100539 -0.530141294
vn -0.570837915 -0.417376280 -0.707065105
vn -0.254705220 0.359845012 0.897572756
vn -0.259895742 0.367877305 0.892816067
vn -0.230276212 0.335642457 0.913409531
vn -0.232215837 0.338639200 0.911810994
vn -0.175905347 0.278069794 0.944316983
vn -0.175907344 0.278067827 0.944317162
vn -0.110864215 0.207265571 0.971982658
vn -0.110866331 0.207266524 0.971982181
vn -0.033799332 0.122282803 0.991919637
vn -0.033798832 0.122285798 0.991919279
vn 0.044708494 0.034535684 0.998402953
vn 0.044710673 0.034535393 0.998402834
vn 0.112520322 -0.042214058 0.992752314
vn 0.112521999 -0.042215530 0.992752075
vn 0.170506343 -0.109708123 0.979230106
vn 0.174103081 -0.112706073 0.978256404
vn 0.210225299 -0.157859638 0.964824200
vn 0.217388630 -0.163849279 0.962234735
vn 0.249966085 -0.204013675 0.946517527
vn 0.254886508 0.958388925 -0.128544316
vn 0.597947836 -0.065984614 0.798814297
vn 0.784284055 -0.187655523 -0.591340780
vn -0.645865023 0.031970698 -0.762781918
vn -0.743762016 0.229986563 0.627633929
vn -0.246012241 -0.968366086 0.041773796
vn -0.757248640 0.638988435 0.135159984
vn -0.093857169 0.079199411 0.992430568
vn -0.101910859 0.983911216 -0.146740988
vn 0.561477900 0.424134225 0.710529864
vn 0.323642045 0.624819875 -0.710532188
vn 0.987035930 0.065027468 0.146736339
vn 0.093861558 -0.079202712 -0.992429852
vn 0.757249475 -0.638988674 -0.135154739
vn -0.561481059 -0.424129009 -0.710530519
vn 0.101905569 -0.983912587 0.146735385
vn -0.987035215 -0.065031409 -0.146739066
vn -0.323642492 -0.624816120 0.710535228
vn -0.206582367 0.229215592 0.951201320
vn -0.214151740 0.237981498 0.947366834
vn -0.175270274 0.205439642 0.962847352
vn -0.178082615 0.208696336 0.961630166
vn -0.104583450 0.148000717 0.983441949
vn -0.104581058 0.147998527 0.983442605
vn -0.019842673 0.077307366 0.996809840
vn -0.019843789 0.077307194 0.996809900
vn 0.079312496 -0.006362256 0.996829569
vn 0.079308741 -0.006359237 0.996829867
vn 0.178191677 -0.090835519 0.979794264
vn 0.178192765 -0.090835042 0.979794085
vn 0.261389107 -0.162764430 0.951411307
vn 0.261388689 -0.162762389 0.951411784
vn 0.334290177 -0.226502150 0.914848030
vn 0.331809908 -0.223407134 0.916510463
vn 0.385191560 -0.270558208 0.882284462
vn 0.380416125 -0.264480352 0.886190534
vn 0.423191994 -0.302641511 0.854000390
vn -0.230860308 0.723155260 0.650960863
vn 0.330664158 -0.318389863 0.888419509
vn -0.064873375 0.659319043 -0.749059379
vn 0.941794217 0.188701466 -0.278236270
vn -0.953251541 -0.281176060 -0.110686384
vn 0.013580447 -0.924075305 -0.381969035
vn 0.009951557 0.366223723 0.930473626
vn 0.006929315 0.373491079 0.927607894
vn 0.018815370 0.327310830 0.944729328
vn 0.017707668 0.330026656 0.943805456
vn 0.037120316 0.243128464 0.969283581
vn 0.037120879 0.243125379 0.969284296
vn 0.058321498 0.141360790 0.988238752
vn 0.058320336 0.141360566 0.988238752
vn 0.082215205 0.020724367 0.996399105
vn 0.082213350 0.020728413 0.996399164
vn 0.105153844 -0.101846240 0.989226997
vn 0.105153844 -0.101845682 0.989226997
vn 0.123755723 -0.207069442 0.970467389
vn 0.123755760 -0.207066610 0.970467925
vn 0.138011634 -0.297037274 0.944839478
vn 0.139560208 -0.301578432 0.943171978
vn 0.146365523 -0.359467119 0.921607554
vn 0.149393916 -0.368414670 0.917579472
vn 0.155609652 -0.419421643 0.894355118
vn 0.433914423 0.737849653 0.517007053
vn 0.460528314 -0.686831832 0.562295139
vn 0.132703230 0.458763808 -0.878593087
vn -0.893061996 0.427241027 0.141086414
vn -0.140878066 -0.941600740 -0.305845469
vn -0.484223962 0.083315156 0.870968282
vn -0.495948285 0.085266180 0.864155650
vn -0.445717156 0.085966520 0.891036510
vn -0.450139582 0.086703725 0.888738811
vn -0.353203624 0.088384412 0.931362092
vn -0.353200227 0.088384338 0.931363463
vn -0.236274555 0.089091323 0.967593491
vn -0.236276656 0.089090973 0.967592955
vn -0.094495304 0.088216014 0.991609156
vn -0.094498314 0.088215940 0.991608799
vn 0.051487096 0.085460462 0.995010436
vn 0.051481891 0.085460074 0.995010734
vn 0.176834419 0.081609130 0.980851412
vn 0.176830053 0.081608452 0.980852365
vn 0.281852365 0.076322854 0.956417382
vn 0.287498087 0.077019408 0.954679430
vn 0.353608608 0.070837915 0.932707369
vn 0.364623308 0.072162963 0.928354681
vn 0.422141343 0.067017563 0.904049397
vn -0.521983683 0.842603981 -0.132482350
vn 0.783469141 0.393056065 0.481334716
vn -0.453342855 -0.453126997 -0.767565072
vn -0.671790004 -0.391907245 0.628575325
vn 0.876578391 -0.424760014 -0.226250544
vn -0.987423956 -0.042316683 0.152326256
vn -0.105480440 -0.004515626 0.994411111
vn -0.743580997 0.655008912 -0.134352669
vn 0.138374448 0.692803323 0.707726061
vn -0.197135046 0.678426147 -0.707725763
vn 0.684819281 0.716220856 0.134351388
vn 0.105474211 0.004522570 -0.994411826
vn 0.987424076 0.042310540 -0.152327195
vn -0.138362199 -0.692806542 -0.707725227
vn 0.743576109 -0.655014277 0.134353876
vn -0.684816360 -0.716222644 -0.134356737
vn 0.197131008 -0.678421259 0.707731545
vn -0.424457341 -0.022660598 0.905164421
vn -0.434809446 -0.021216737 0.900272548
vn -0.388264030 -0.019761559 0.921336293
vn -0.392124116 -0.019236036 0.919711232
vn -0.304053366 -0.015548849 0.952528119
vn -0.304053515 -0.015548758 0.952528059
vn -0.201264203 -0.011215437 0.979472756
vn -0.201263323 -0.011215381 0.979473054
vn -0.078716487 -0.006010044 0.996878922
vn -0.078709193 -0.006009823 0.996879518
vn 0.046345878 -0.000656212 0.998925269
vn 0.046347596 -0.000656175 0.998925149
vn 0.154265717 0.003997239 0.988021314
vn 0.154263407 0.003997063 0.988021672
vn 0.246933222 0.008018540 0.968999326
vn 0.251128852 0.007513605 0.967924535
vn 0.313278586 0.010241192 0.949606121
vn 0.321561307 0.009218897 0.946843863
vn 0.372628152 0.011522432 0.927909195
vn -0.659971476 0.376106888 0.650370181
vn 0.473994642 -0.277969450 0.835501075
vn -0.495543718 0.441587389 -0.747955263
vn 0.541351736 0.835723221 -0.092223637
vn -0.513359964 -0.851049304 -0.110348657
vn 0.657058597 -0.482098937 -0.579529643
vn -0.365458041 0.296648920 0.882292449
vn -0.376176715 0.301514655 0.876116514
vn -0.325874805 0.268427014 0.906505704
vn -0.329951912 0.270314276 0.904467762
vn -0.234574601 0.202182621 0.950840175
vn -0.234574035 0.202181339 0.950840533
vn -0.114090927 0.114089578 0.986897588
vn -0.114096008 0.114089683 0.986896992
vn 0.033086225 0.005530560 0.999437273
vn 0.033083599 0.005529828 0.999437332
vn 0.181988925 -0.105337113 0.977642119
vn 0.181988254 -0.105337545 0.977642238
vn 0.304174542 -0.197145626 0.931993365
vn 0.304170847 -0.197143763 0.931994915
vn 0.403639317 -0.272524297 0.873387516
vn 0.399939626 -0.268358827 0.876374364
vn 0.469415247 -0.321381092 0.822413325
vn 0.462644547 -0.313539684 0.829248369
vn 0.515254200 -0.354144961 0.780445158
vn -0.360930949 0.638593197 0.679652512
vn 0.171813875 -0.498632222 0.849615157
vn -0.064184017 0.682005703 -0.728525043
vn 0.949247420 0.305981517 -0.072832994
vn -0.910057604 -0.334989011 -0.244085118
vn 0.223193929 -0.799705088 -0.557365596
vn -0.353594810 -0.276756257 0.893519342
vn -0.359336674 -0.284359425 0.888828933
vn -0.321438164 -0.247311503 0.914064884
vn -0.323624760 -0.250168979 0.912514448
vn -0.249115184 -0.182045102 0.951210439
vn -0.249118909 -0.182046846 0.951209068
vn -0.157726586 -0.100196287 0.982386410
vn -0.157726228 -0.100196354 0.982386470
vn -0.047004592 -0.001876035 0.998892963
vn -0.047006473 -0.001879524 0.998892903
vn 0.066564359 0.098064229 0.992951512
vn 0.066562787 0.098063923 0.992951572
vn 0.163406730 0.182558313 0.969520867
vn 0.163403243 0.182556242 0.969521880
vn 0.244312406 0.251281857 0.936572969
vn 0.247960925 0.255748659 0.934402585
vn 0.300033748 0.296585143 0.906651556
vn 0.307052612 0.305239856 0.901414037
vn 0.351483732 0.340743810 0.871982157
vn -0.700027585 -0.220927551 0.679082096
vn 0.719701588 -0.114236943 0.684820890
vn -0.133330837 0.941261530 0.310241073
vn -0.680334568 0.078486025 -0.728687048
vn 0.137421042 -0.959981620 -0.244030565
vn 0.647892714 0.286275297 -0.705890596
vn -0.091925368 -0.676943243 0.730272233
vn -0.883221984 -0.462678403 -0.076470852
vn -0.337805063 0.534795403 0.774520159
vn -0.651892304 0.723485053 -0.227169201
vn -0.063071236 -0.465001017 -0.883060694
vn 0.095283084 0.702494800 -0.705281675
vn 0.727895796 -0.681394458 -0.076611973
vn 0.767351866 0.559636891 -0.313013881
vn 0.701958001 0.434963822 0.563969374
vn -0.011235671 -0.011769547 0.999867618
vn -0.239599541 -0.609204710 0.755950809
vn 0.397410870 -0.387427539 0.831844091
vn 0.538813055 0.198302716 0.818753004
vn 0.071940415 0.559431076 0.825749040
vn -0.486866593 0.258388609 0.834383726
vn -0.719687104 -0.075326324 0.690200329
vn -0.549848258 -0.341381520 0.762315929
vn 0.185978815 -0.692320704 0.697211504
vn 0.587192297 -0.434159189 0.683162510
vn 0.717238665 -0.097807467 0.689929247
vn 0.677561820 0.261389047 0.687448800
vn 0.383521259 0.622545898 0.682164252
vn 0.012100704 0.743458152 0.668672979
vn -0.375856847 0.612485826 0.695408404
vn -0.671922922 0.274175435 0.688002467
vn -0.167830780 -0.726225138 0.666655719
vn 0.319307238 -0.756954730 0.570142448
vn 0.551575720 0.607135117 0.571971297
vn -0.416535914 0.709662974 0.568222106
vn -0.829797447 0.091447592 0.550521195
vn -0.766710758 -0.315846026 0.558923900
vn -0.430734396 -0.706112623 0.562025666
vn -0.000945305 -0.807779193 0.589484572
vn 0.660633504 -0.499967754 0.559996188
vn 0.824345052 -0.116340324 0.554003775
vn 0.769291699 0.302138448 0.562941015
vn 0.313737303 0.743527412 0.590538681
vn -0.114438646 0.823401809 0.555799544
vn -0.660345197 0.484403431 0.573844492
vn -0.359404206 -0.870530427 0.336162746
vn 0.094294257 -0.931175113 0.352166831
vn 0.475941509 -0.806021035 0.351866215
vn 0.750083089 -0.560263693 0.351397306
vn 0.906621516 0.244121507 0.344154179
vn 0.370317042 0.858039796 0.355855525
vn -0.551128924 0.753929436 0.357557386
vn -0.819846749 0.457985699 0.343657434
vn -0.926025391 0.122584656 0.357001424
vn -0.906509876 -0.235304877 0.350530446
vn -0.736748636 -0.579291940 0.348743826
vn 0.922560215 -0.143054575 0.358354777
vn 0.731230259 0.589319229 0.343518943
vn -0.117675163 0.922614455 0.367335409
vn -0.779297411 -0.618728399 0.099351592
vn 0.257380635 -0.960072994 0.109614000
vn 0.373674542 0.920401633 0.115014397
vn -0.500744641 0.864028573 0.052053850
vn -0.709924459 0.697169185 0.099811926
vn -0.999683976 -0.014626756 0.020444322
vn -0.958334982 -0.278881133 0.061801963
vn -0.525455654 -0.850659072 0.016599575
vn -0.254707426 -0.963962197 0.076818496
vn -0.001898115 -0.999988139 0.004480470
vn 0.515004992 -0.855520010 0.053435944
vn 0.808511555 -0.583476543 0.076577693
vn 0.966387868 -0.255622566 0.027418504
vn 0.990445077 0.116060212 0.074488960
vn 0.879006088 0.475982547 0.028086714
vn 0.680223942 0.729139566 0.075172417
vn 0.020241860 0.998558164 0.049719155
vn -0.280611187 0.953058004 0.113744691
vn -0.867796600 0.496012241 0.030015960
vn -0.962847173 0.262004793 0.065412007
vn -0.798985958 -0.480539173 -0.361529559
vn -0.651096106 -0.668126881 -0.360111535
vn 0.248859271 -0.914956212 -0.317685783
vn 0.673955739 -0.648947656 -0.353058845
vn 0.910099387 0.260520786 -0.322254628
vn 0.506186187 0.801387727 -0.318674147
vn 0.234756231 0.908819258 -0.344872594
vn -0.246113628 0.915835261 -0.317291588
vn -0.902418256 -0.234223649 -0.361636102
vn -0.333777845 -0.874266863 -0.352490902
vn 0.465041727 -0.807027698 -0.363926709
vn 0.922429442 -0.008374862 -0.386074871
vn 0.716428995 0.583752096 -0.382050931
vn 0.021685794 0.922077358 -0.386397511
vn -0.491643220 0.785962343 -0.374900281
vn -0.912535846 0.168647036 -0.372607917
vn -0.009163627 -0.912719071 -0.408484995
vn 0.852471650 -0.373029143 -0.366253108
vn -0.723879635 0.589406550 -0.358605921
vn -0.537544489 -0.088618077 -0.838565886
vn -0.240548491 -0.493292719 -0.835941792
vn 0.248837024 -0.476426333 -0.843266368
vn 0.513602018 -0.159125462 -0.843144238
vn 0.479704857 0.244149849 -0.842777610
vn 0.211662322 0.490261078 -0.845483959
vn -0.141375348 0.524217784 -0.839767039
vn -0.433464676 0.316302031 -0.843837321
vn 0.000171714 0.000007935 -1.000000000
vn -0.356405348 -0.113710776 0.927386165
vn 0.129052132 0.991637886 0.000000106
vn 0.324837536 0.445177943 0.834444225
vn 0.998673439 -0.016676819 0.048717272
vn 0.320528090 0.450719982 -0.833134592
vn 0.234777331 -0.971951663 0.013774409
vn 0.386167347 -0.142829537 -0.911303759
vn 0.249917850 -0.478478134 0.841783762
vn -0.906312764 -0.420159698 0.045420658
vn -0.221728325 -0.442570835 -0.868888736
vn -0.680878222 0.160199687 0.714661360
vn -0.675063491 0.133517101 -0.725577354
vn -0.928946316 0.370208591 -0.002088304
vn 0.030984834 0.462414145 0.886122584
vn -0.859269381 0.510268629 -0.035805572
vn 0.324587554 0.945854783 -0.001295217
vn -0.294486463 0.466026336 -0.834324419
vn 0.991975605 -0.124879971 0.019731918
vn 0.255171359 0.323133111 -0.911302686
vn 0.542847514 0.051870052 0.838227987
vn -0.018908041 -0.999796987 -0.006961286
vn 0.409983337 -0.349566847 -0.842446864
vn -0.111695439 -0.657070816 0.745507956
vn -0.478210032 -0.063397005 0.875954330
vn -0.703749180 -0.707220674 -0.067646474
vn -0.351019830 -0.625522137 -0.696783423
vn -0.371095359 0.176934987 0.911582291
vn -0.385927469 -0.922492623 -0.008207059
vn -0.032920476 -0.557842433 -0.829293728
vn -0.989516556 0.144418716 -0.000478751
vn -0.355176896 0.117495313 -0.927385747
vn -0.585621357 0.810350120 -0.019503022
vn -0.456677705 0.529814303 -0.714662373
vn 0.141104549 0.475835890 0.868141472
vn 0.707630336 0.705185533 -0.044414651
vn 0.777805924 -0.488578528 0.395359546
vn 0.518291116 0.145755887 -0.842691839
vn -0.074345551 -0.531409144 0.843846679
vn -0.437796295 -0.225250646 0.870400310
vn 0.431881100 -0.901879013 0.009639038
vn 0.072600968 -0.558168113 0.826545477
vn 0.115712076 -0.536237836 -0.836097896
vn -0.778622091 -0.471124500 -0.414474905
vn -0.767563105 0.640958786 0.004326491
vn -0.087479040 0.474394411 0.875955224
vn 0.523237228 0.852187037 -0.000000666
vn -0.089839682 0.435123086 -0.895877719
vn 0.954727232 0.296455234 -0.024701012
vn 0.590394855 0.309273362 0.745509207
vn 0.337189287 0.196960106 -0.920603096
vn 0.238225594 -0.362299830 0.901103377
vn 0.993715167 0.110570133 -0.017449014
vn 0.372106940 -0.839689195 -0.395548314
vn -0.270857036 -0.508867383 0.817123294
vn -0.863655925 -0.503283858 0.028352497
vn -0.381199032 -0.394576490 -0.836060345
vn -0.351018876 0.625519753 0.696786046
vn -0.738278985 0.674135983 0.022017919
vn -0.200435311 0.296722978 -0.933692276
vn 0.300885618 0.354964554 -0.885137379
vn 0.409982711 0.349564582 0.842448056
vn -0.061539181 0.997718513 0.027762949
vn 0.076644249 0.753529608 0.652930915
vn 0.140368268 -0.515727222 0.845175803
vn 0.871224523 -0.205032915 0.446014911
vn 0.386529177 0.802035511 -0.455339879
vn 0.901318431 -0.264822096 -0.342774481
vn -0.596672177 0.280282199 -0.751946986
vn 0.201645926 -0.636375546 -0.744556963
vn -0.905575931 0.229845554 0.356515676
vn -0.467407197 -0.882660031 0.049414650
vn 0.005769046 0.003080134 0.999978662
vn -0.593291223 -0.005924062 0.804966092
vn -0.345028907 -0.471385658 0.811634541
vn 0.135617360 -0.568744481 0.811256945
vn 0.570848703 -0.369621307 0.733151972
vn 0.503958464 0.242475718 0.828994274
vn 0.192957193 0.651552379 0.733653188
vn -0.326163560 0.467701048 0.821506560
vn -0.726450920 -0.098926410 0.680060804
vn -0.584936976 -0.424227655 0.691288412
vn -0.264148057 -0.689734459 0.674160421
vn 0.692062736 -0.179966360 0.699043095
vn 0.697589636 0.224256650 0.680498123
vn 0.512611985 0.539810121 0.667707980
vn 0.015555589 0.738261044 0.674335778
vn -0.365091264 0.622402310 0.692332149
vn -0.670500576 0.285140485 0.684926152
vn -0.004704061 -0.738951623 0.673742115
vn 0.350478023 -0.645939231 0.678179741
vn -0.499772251 0.662340820 0.558150947
vn -0.822138309 -0.096422032 0.561062753
vn -0.724605918 -0.415816545 0.549584389
vn -0.490019321 -0.675978959 0.550393999
vn -0.254364461 -0.783776283 0.566563010
vn 0.103521891 -0.818393111 0.565257370
vn 0.402318954 -0.728092968 0.554995656
vn 0.672240078 -0.496167243 0.549464703
vn 0.834071636 -0.101542167 0.542230368
vn 0.799129128 0.245829239 0.548598826
vn 0.644306958 0.525643110 0.555488944
vn 0.321355999 0.763696790 0.559908688
vn -0.111113623 0.820689619 0.560466111
vn -0.760919154 0.322569579 0.562983990
vn -0.809845090 -0.470465779 0.350446880
vn 0.219017521 -0.910656273 0.350337774
vn 0.694434762 -0.631016254 0.345801860
vn 0.828120947 -0.330162793 0.452999264
vn 0.934404254 -0.023526201 0.355436653
vn -0.025104629 0.938182890 0.345228434
vn -0.337915123 0.817162633 0.466967434
vn -0.637179911 0.681038141 0.360816956
vn -0.798713088 0.493059844 0.344890684
vn -0.924571872 -0.133538827 0.356839329
vn -0.561811209 -0.750388503 0.348260283
vn -0.148640320 -0.924630821 0.350662082
vn 0.458119869 -0.811189115 0.363453448
vn 0.852126062 -0.366957128 0.373126894
vn 0.898833990 0.252384156 0.358329147
vn 0.732367814 0.580085337 0.356564850
vn 0.378774554 0.852786362 0.359562635
vn -0.356686026 0.856555402 0.372944951
vn -0.905994058 0.229006812 0.355992496
vn -0.859516799 -0.497383237 0.117647164
vn 0.026583394 -0.994528949 0.101022318
vn 0.268396556 -0.959675431 0.083584145
vn 0.994655728 -0.001294984 0.103239268
vn 0.702669501 0.710666060 0.034776162
vn -0.700388849 0.708685756 0.084970452
vn -0.995305240 0.011287051 0.096125424
vn -0.964912593 -0.262307316 0.011770705
vn -0.721457660 -0.691557348 0.035316423
vn -0.506162584 -0.860477626 0.058119539
vn -0.263744056 -0.964139402 0.029569332
vn 0.605606377 -0.789642215 0.098519534
vn 0.848564029 -0.526215792 0.055101048
vn 0.970574200 -0.240045518 0.019076701
vn 0.961948812 0.254196495 0.100192927
vn 0.877483904 0.477437198 0.045560073
vn 0.489633203 0.870551765 0.048978064
vn 0.123122148 0.987272501 0.100667655
vn -0.220020816 0.969266236 0.110062778
vn -0.499904364 0.865995347 0.012150459
vn -0.864440620 0.502478242 0.016069718
vn -0.961291969 0.256692529 0.100133374
vn -0.947783053 -0.004725955 -0.318880767
vn -0.816003144 -0.482730627 -0.317978323
vn 0.007795712 -0.947745919 -0.318930924
vn 0.271062225 -0.907190561 -0.321761936
vn 0.478831142 -0.816991329 -0.321319312
vn 0.695150435 -0.636242270 -0.334606707
vn 0.934184134 -0.007381141 -0.356714875
vn 0.918955207 0.234810054 -0.316836834
vn 0.242068470 0.917386353 -0.315919489
vn -0.026060531 0.945410371 -0.324838668
vn -0.234035790 0.909645498 -0.343179733
vn -0.916755974 0.247252986 -0.313726753
vn -0.644284964 -0.674852490 -0.359820932
vn -0.474978238 -0.803458929 -0.358956307
vn 0.850755692 -0.373838693 -0.369404167
vn 0.809282362 0.471117526 -0.350870788
vn 0.481754601 0.796926916 -0.364444822
vn -0.652839124 0.667478442 -0.358152986
vn -0.881912708 -0.248352766 -0.400687933
vn -0.236774027 -0.893443108 -0.381703347
vn 0.637334228 0.660702646 -0.396581739
vn -0.469248861 0.797265112 -0.379702419
vn -0.802078545 0.453388602 -0.388727158
vn -0.539915800 0.019755514 -0.841487229
vn -0.426862270 -0.318149239 -0.846504450
vn -0.202576771 -0.482149929 -0.852346241
vn 0.061245296 -0.528479636 -0.846733928
vn 0.322487414 -0.427231282 -0.844674706
vn 0.520637035 -0.152139768 -0.840113401
vn 0.477576584 0.250214159 -0.842207551
vn 0.142168596 0.526585221 -0.838150501
vn -0.200895190 0.491753399 -0.847242415
vn -0.420820773 0.313184738 -0.851366699
vn 0.000081098 0.000057401 -1.000000000
vn -0.389831364 0.087564677 0.916713655
vn 0.192568570 0.455743641 0.869031131
vn 0.014639040 0.980010033 -0.198408470
vn 0.969248652 0.242854998 0.039731842
vn 0.549067318 -0.137817398 0.824337006
vn 0.490348786 0.086857371 -0.867187321
vn 0.922405839 -0.386036694 -0.011969349
vn 0.154270813 -0.418942779 -0.894811392
vn -0.060370125 -0.979260087 0.193404466
vn -0.426139802 -0.095164753 0.899638116
vn -0.316450924 -0.109660216 -0.942249119
vn -0.951708019 -0.303249896 -0.047868658
vn -0.501705885 0.135476470 -0.854363680
vn -0.894633234 0.441532314 0.068415187
vn -0.037185390 -0.397811711 0.916713238
vn -0.942614973 0.279522896 0.182603210
vn 0.068545409 0.996856511 -0.039731402
vn -0.405568123 0.288002908 -0.867507339
vn 0.068920441 0.493191332 0.867186427
vn 0.443503141 0.064037845 0.893982232
vn 0.652184486 0.757965922 0.011965157
vn 0.300743520 0.479608774 -0.824335337
vn 0.924027026 -0.321219206 -0.207346246
vn 0.143466190 -0.987287343 0.068420134
vn -0.026190950 -0.519023299 -0.854358792
vn -0.222190872 -0.375875056 0.899638414
vn -0.582503319 -0.811417580 -0.047868978
vn -0.202080861 -0.267075956 -0.942249298
vn -0.325807035 0.285150647 0.901409388
vn -0.746268809 -0.665100455 0.026912779
vn -0.466732651 -0.167364255 0.868417978
vn -0.460841984 0.193103388 -0.866219223
vn -0.603618801 0.795405269 0.054541875
vn -0.288824141 0.327471226 -0.899635077
vn 0.362499893 0.244105980 0.899447739
vn 0.526756585 0.827720761 -0.193405837
vn 0.973148882 -0.229865432 0.011967354
vn 0.525216460 -0.211240217 -0.824333191
vn 0.445125014 -0.408531070 0.796847582
vn 0.603606224 -0.797241211 -0.008134807
vn -0.048955072 -0.500320733 -0.864455044
vn 0.325806648 0.285151303 0.901409328
vn 0.729567051 -0.683909297 -0.000002309
vn -0.565767944 -0.824564576 0.000000561
vn -0.445127308 -0.408532649 0.796845555
vn -0.445127249 -0.408533067 -0.796845317
vn -0.729567170 0.683909237 0.000000000
vn -0.468521327 0.172168747 0.866513550
vn -0.468521327 0.172169179 -0.866513491
vn 0.576666594 0.816979587 0.000000387
vn 0.325807989 0.285151005 -0.901408911
vn 0.466731787 -0.167365238 0.868418276
vn 0.466730237 -0.167363852 -0.868419409
vn -0.208641797 0.265175074 0.941355824
vn 0.475984246 0.106690437 0.872958362
vn 0.941406667 0.266948283 -0.206136152
vn 0.554727674 -0.831983984 0.008942005
vn 0.233452126 -0.547650397 0.803479433
vn 0.234133631 -0.439512044 -0.867185414
vn -0.875884354 -0.482521087 0.000003388
vn -0.316232026 -0.399340153 0.860537469
vn -0.316232353 -0.399339467 -0.860537767
vn -0.616341412 0.787479162 -0.000000670
vn -0.202080324 0.267074645 -0.942249775
vn -0.103247359 0.658974230 0.745045662
vn 0.135562003 0.990546584 0.020987412
vn -0.026188601 0.519013405 -0.854364812
vn 0.230797827 0.737551987 0.634625494
vn -0.124176964 -0.396833122 0.909452319
vn 0.859070897 0.447426200 0.248610169
vn 0.504088879 -0.686961234 0.523429751
vn 0.805762947 0.277069747 -0.523429513
vn 0.450780779 -0.857315660 -0.248609215
vn 0.124182358 0.396830916 -0.909452558
vn -0.230803087 -0.737552822 -0.634622574
vn -0.504097521 0.686950624 -0.523435354
vn -0.859073877 -0.447423309 -0.248605177
vn -0.450783670 0.857315242 0.248605311
vn -0.805763304 -0.277058780 0.523434758
vn -0.008754715 0.005644938 0.999945760
vn -0.591766775 0.101441644 0.799700975
vn -0.344586462 -0.477746397 0.808095634
vn 0.364889264 -0.445743591 0.817415833
vn 0.607145607 0.145181388 0.781214774
vn 0.225266144 0.564502656 0.794098258
vn -0.743165791 0.095259860 0.662291586
vn -0.667526007 -0.390639544 0.633884668
vn -0.194238186 -0.717626870 0.668792307
vn 0.669027567 -0.302874476 0.678726196
vn 0.733439445 0.086997688 0.674164712
vn 0.598116875 0.458167106 0.657525003
vn 0.305781424 0.687153220 0.659028292
vn -0.067898698 0.750793517 0.657037854
vn -0.326206863 0.573058605 0.751793265
vn -0.583268702 0.483870447 0.652431607
vn -0.723188519 -0.279495388 0.631569982
vn -0.413803816 -0.671235383 0.614987373
vn 0.112924963 -0.837540746 0.534577787
vn 0.356036127 -0.649673939 0.671685934
vn -0.846962214 -0.094182149 0.523244619
vn -0.665858209 -0.510132134 0.544424534
vn -0.313630372 -0.776255727 0.546866536
vn 0.528684855 -0.663214803 0.529753268
vn 0.819968760 -0.207400545 0.533513188
vn 0.792217195 0.322756499 0.517899930
vn 0.526118338 0.673368394 0.519398153
vn 0.109288424 0.846140623 0.521634221
vn -0.335168540 0.782219887 0.525161088
vn -0.728528321 0.434832722 0.529308140
vn -0.944248140 0.031355646 0.327738315
vn -0.907011271 -0.268640727 0.324288100
vn -0.479410440 -0.818307459 0.317078263
vn 0.699669480 -0.626980841 0.342575043
vn 0.872687459 -0.364362240 0.325049102
vn 0.946920395 -0.004614503 0.321435183
vn -0.659690678 0.678433061 0.323321521
vn -0.831508279 0.477884591 0.283231884
vn -0.917277157 0.227624908 0.326786637
vn -0.754371643 -0.569114745 0.327157170
vn -0.122296564 -0.939439654 0.320151180
vn 0.202752247 -0.924720049 0.322155714
vn 0.465350449 -0.825923204 0.318276286
vn 0.877681375 0.339123070 0.338631123
vn 0.573311508 0.745212615 0.340546876
vn 0.112579867 0.933691621 0.339920282
vn -0.345846534 0.874502957 0.340051234
vn -0.985837042 -0.137095571 0.096592300
vn -0.135800302 -0.985842764 0.098348819
vn 0.957913280 -0.284717292 0.036581691
vn 0.856769741 0.505534708 0.101884373
vn 0.256659895 0.965073884 0.052517943
vn -0.506566107 0.857706666 0.087921798
vn -0.882376432 -0.467239916 0.055666704
vn -0.705646038 -0.708342493 0.017738163
vn -0.477887124 -0.876759589 0.054006629
vn 0.227005854 -0.973532617 0.026507461
vn 0.515311003 -0.855071664 0.057506833
vn 0.784082413 -0.614513516 0.087108500
vn 0.999350667 0.009420138 0.034779280
vn 0.962539256 0.268140465 0.040237024
vn 0.727622807 0.684563935 0.044013973
vn 0.491168618 0.869793057 0.047047753
vn -0.017860584 0.994436920 0.103808463
vn -0.246567771 0.968125880 0.044008426
vn -0.706240177 0.706526160 0.045229178
vn -0.863161027 0.504724205 0.014366223
vn -0.969876289 0.240439460 0.039101712
vn -0.953170359 0.007911648 -0.302330464
vn -0.914040744 -0.245832086 -0.322639555
vn -0.256309807 -0.919330418 -0.298558086
vn 0.042649899 -0.944928646 -0.324485451
vn 0.669595003 -0.678038716 -0.303160071
vn 0.821247816 -0.458326340 -0.339836746
vn 0.816578448 0.489610255 -0.305747330
vn -0.002164123 0.955725312 -0.294252366
vn -0.481550485 0.822589636 -0.302416235
vn -0.804416597 -0.490799308 -0.334709108
vn -0.563867331 -0.741357803 -0.363926172
vn 0.352886826 -0.859254479 -0.370341152
vn 0.910940170 0.206787854 -0.356968910
vn 0.570802689 0.746703029 -0.341495097
vn 0.250558257 0.900551617 -0.355284810
vn -0.248486251 0.906518400 -0.341290176
vn -0.665451288 0.654276729 -0.359300077
vn 0.931577921 -0.102286346 -0.348855466
vn -0.867106378 0.353520989 -0.350926518
vn -0.547645926 0.044524208 -0.835524678
vn -0.477538109 -0.279350042 -0.833019137
vn -0.134056419 -0.545748591 -0.827156186
vn 0.293926746 -0.475702375 -0.829044342
vn 0.542513430 -0.129997075 -0.829927742
vn 0.482725859 0.269624799 -0.833233714
vn 0.214545146 0.502055109 -0.837801337
vn -0.145026386 0.543170571 -0.827002525
vn -0.430397987 0.333566755 -0.838743567
vn 0.000042297 -0.000148851 -1.000000000
vn 0.461636186 0.109737456 0.880255461
vn 0.212098345 0.977247894 0.000912683
vn 0.401096582 0.136491269 -0.905810058
vn 0.999915481 -0.012676277 -0.002912184
vn 0.259225219 -0.433352977 0.863138139
vn 0.197713301 -0.980022907 -0.021557460
vn 0.362564474 -0.388913631 -0.846931696
vn -0.673869669 -0.111399569 0.730403841
vn -0.854675531 -0.517828107 -0.037199348
vn -0.688089788 -0.127490208 -0.714338005
vn -0.210834265 0.463199079 0.860810995
vn -0.968837976 0.247695282 -0.000000527
vn -0.228334218 0.468906254 -0.853223562
vn -0.087456085 -0.423697084 0.901572049
vn -0.992162704 0.124953195 -0.000002243
vn -0.020004278 0.999799907 0.000000935
vn 0.116011590 0.629584730 0.768221617
vn 0.116012350 0.629586220 -0.768220246
vn 0.992163301 -0.124948345 0.000001194
vn 0.524672449 0.111618094 0.843955100
vn 0.524675727 0.111618407 -0.843953133
vn -0.087455049 -0.423695475 -0.901572943
vn 0.005457411 -0.999985099 0.000000019
vn -0.520859241 -0.116481133 0.845658183
vn -0.520861328 -0.116482109 -0.845656753
vn 0.375932455 -0.214104131 0.901573300
vn -0.425431788 -0.904990554 -0.000003977
vn -0.957488418 0.287964582 -0.017099829
vn -0.321613580 0.078778490 -0.943588257
vn -0.562922120 0.304887682 0.768220127
vn 0.417003721 0.908731461 0.017748537
vn -0.540407181 0.604416132 -0.585355639
vn 0.055980235 0.533485174 0.843954861
vn 0.933390021 -0.357498378 0.031275101
vn 0.471684426 0.110422410 -0.874826074
vn -0.050173465 -0.531367481 0.845654428
vn -0.054972224 -0.540412903 -0.839602232
vn -0.174308419 -0.281529784 0.943587542
vn 0.729231238 -0.684267402 -0.000000102
vn -0.568145394 -0.822928131 -0.000001390
vn -0.174304470 -0.281528473 -0.943588793
vn -0.741827607 -0.327183992 0.585356772
vn -0.740834653 0.671687424 -0.000000100
vn -0.741830409 -0.327181965 -0.585354209
vn 0.040739890 0.482720315 0.874826491
vn 0.669691086 0.742639780 0.000000984
vn 0.040742077 0.482719600 -0.874826789
vn 0.496971130 -0.219278768 0.839604974
vn 0.496970952 -0.219277978 -0.839605331
vn 0.054085921 -0.539320469 0.840361893
vn 0.501617730 -0.070882753 -0.862180531
vn 0.501616776 -0.070884533 0.862180948
vn 0.524650872 -0.851317465 -0.000000133
vn 0.054086808 -0.539322376 -0.840360701
vn -0.855884254 -0.517167449 0.000002654
vn -0.505679190 0.057383046 0.860811114
vn -0.528217673 0.849108934 0.000000507
vn -0.505679786 0.057380579 -0.860810935
vn -0.101767883 0.776902020 0.621342480
vn 0.866629183 0.498952895 -0.000000116
vn -0.101768374 0.776901782 -0.621342838
usemtl field_material_05
f 2//2 8//8 3//3
f 6//6 5//5 10//10
f 3//3 9//9 4//4
f 2//2 1//1 7//7
f 5//5 9//9 10//10
f 9//9 14//14 10//10
f 7//7 12//12 8//8
f 6//6 10//10 14//14
f 8//8 13//13 9//9
f 7//7 1//1 11//11
f 14//14 17//17 18//18
f 11//11 16//16 12//12
f 6//6 14//14 18//18
f 12//12 17//17 13//13
f 11//11 1//1 15//15
f 17//17 22//22 18//18
f 15//15 20//20 16//16
f 6//6 18//18 22//22
f 16//16 21//21 17//17
f 15//15 1//1 19//19
f 22//22 25//25 26//26
f 19//19 24//24 20//20
f 6//6 22//22 26//26
f 20//20 25//25 21//21
f 19//19 1//1 23//23
f 25//25 30//30 26//26
f 23//23 28//28 24//24
f 6//6 26//26 30//30
f 24//24 29//29 25//25
f 23//23 1//1 27//27
f 30//30 33//33 34//34
f 27//27 32//32 28//28
f 6//6 30//30 34//34
f 28//28 33//33 29//29
f 27//27 1//1 31//31
f 33//33 5//5 34//34
f 31//31 3//3 32//32
f 6//6 34//34 5//5
f 32//32 4//4 33//33
f 31//31 1//1 2//2
f 36//36 37//37 35//35
f 38//38 39//39 37//37
f 39//39 42//42 41//41
f 42//42 43//43 41//41
f 42//42 40//40 36//36
f 43//43 46//46 45//45
f 45//45 36//36 35//35
f 43//43 45//45 37//37
usemtl field_material_17
f 47//47 50//50 49//49
f 50//50 51//51 49//49
f 52//52 53//53 51//51
f 54//54 55//55 53//53
f 56//56 57//57 55//55
f 58//58 59//59 57//57
f 60//60 61//61 59//59
f 62//62 63//63 61//61
usemtl field_material_05
f 67//67 66//66 70//70
f 66//66 69//69 68//68
f 71//71 70//70 68//68
usemtl field_material_17
f 72//72 75//75 74//74
f 75//75 76//76 74//74
f 76//76 79//79 78//78
f 79//79 80//80 78//78
f 81//81 82//82 80//80
f 82//82 85//85 84//84
f 84//84 87//87 86//86
f 87//87 88//88 86//86
f 88//88 89//89 90//90
usemtl field_material_05
f 92//92 91//91 95//95
f 92//92 93//93 91//91
f 92//92 96//96 94//94
f 96//96 95//95 93//93
f 91//91 93//93 95//95
usemtl field_material_17
f 97//97 100//100 99//99
f 100//100 101//101 99//99
f 101//101 104//104 103//103
f 103//103 106//106 105//105
f 106//106 107//107 105//105
f 108//108 109//109 107//107
f 110//110 111//111 109//109
f 112//112 113//113 111//111
f 113//113 114//114 115//115
usemtl field_material_05
f 116//116 117//117 120//120
f 118//118 119//119 117//117
f 119//119 121//121 120//120
f 117//117 119//119 120//120
f 123//123 124//124 122//122
f 124//124 127//127 126//126
f 127//127 128//128 126//126
f 129//129 130//130 128//128
f 129//129 127//127 123//123
f 131//131 132//132 130//130
f 132//132 123//123 122//122
f 130//130 132//132 124//124
usemtl field_material_23
f 135//135 136//136 134//134
f 137//137 138//138 136//136
f 139//139 140//140 138//138
f 141//141 142//142 140//140
f 143//143 144//144 142//142
f 144//144 147//147 146//146
f 146//146 149//149 148//148
f 148//148 151//151 150//150
usemtl field_material_05
f 154//154 153//153 157//157
f 156//156 155//155 153//153
f 154//154 158//158 156//156
f 155//155 158//158 157//157
usemtl field_material_23
f 160//160 161//161 159//159
f 162//162 163//163 161//161
f 164//164 165//165 163//163
f 166//166 167//167 165//165
f 168//168 169//169 167//167
f 170//170 171//171 169//169
f 172//172 173//173 171//171
f 174//174 175//175 173//173
usemtl field_material_05
f 179//179 180//180 178//178
f 181//181 178//178 180//180
usemtl field_material_23
f 183//183 184//184 182//182
f 185//185 186//186 184//184
f 187//187 188//188 186//186
f 189//189 190//190 188//188
f 190//190 193//193 192//192
f 192//192 195//195 194//194
f 195//195 196//196 194//194
f 196//196 199//199 198//198
usemtl field_material_05
f 204//204 203//203 201//201
f 202//202 205//205 203//203
f 205//205 202//202 201//201
f 207//207 208//208 206//206
f 209//209 210//210 208//208
f 211//211 212//212 210//210
f 212//212 215//215 214//214
f 215//215 213//213 211//211
f 214//214 217//217 216//216
f 217//217 206//206 216//216
f 212//212 214//214 216//216
usemtl field_material_07
f 218//218 221//221 220//220
f 220//220 223//223 222//222
f 222//222 225//225 224//224
f 225//225 226//226 224//224
f 227//227 228//228 226//226
f 228//228 231//231 230//230
f 231//231 232//232 230//230
f 233//233 234//234 232//232
usemtl field_material_05
f 240//240 239//239 237//237
f 242//242 241//241 239//239
f 241//241 238//238 237//237
usemtl field_material_07
f 244//244 245//245 243//243
f 245//245 248//248 247//247
f 247//247 250//250 249//249
f 250//250 251//251 249//249
f 252//252 253//253 251//251
f 253//253 256//256 255//255
f 255//255 258//258 257//257
f 257//257 260//260 259//259
usemtl field_material_05
f 263//263 262//262 266//266
f 262//262 265//265 264//264
f 263//263 267//267 265//265
f 267//267 266//266 264//264
usemtl field_material_07
f 268//268 271//271 270//270
f 270//270 273//273 272//272
f 273//273 274//274 272//272
f 275//275 276//276 274//274
f 276//276 279//279 278//278
f 279//279 280//280 278//278
f 281//281 282//282 280//280
f 283//283 284//284 282//282
usemtl field_material_05
f 288//288 289//289 287//287
f 291//291 290//290 289//289
f 290//290 288//288 287//287
f 293//293 294//294 292//292
f 295//295 296//296 294//294
f 297//297 298//298 296//296
f 298//298 301//301 300//300
f 301//301 299//299 297//297
f 301//301 302//302 300//300
f 302//302 293//293 292//292
f 298//298 300//300 302//302
usemtl field_material_23
f 305//305 306//306 304//304
f 307//307 308//308 306//306
f 309//309 310//310 308//308
f 311//311 312//312 310//310
f 313//313 314//314 312//312
f 315//315 316//316 314//314
f 317//317 318//318 316//316
f 318//318 321//321 320//320
f 320//320 321//321 322//322
usemtl field_material_05
f 327//327 324//324 323//323
f 326//326 325//325 323//323
f 325//325 328//328 327//327
usemtl field_material_23
f 330//330 331//331 329//329
f 331//331 334//334 333//333
f 334//334 335//335 333//333
f 336//336 337//337 335//335
f 337//337 340//340 339//339
f 339//339 342//342 341//341
f 342//342 343//343 341//341
f 344//344 345//345 343//343
usemtl field_material_05
f 349//349 350//350 348//348
f 351//351 352//352 350//350
f 353//353 348//348 352//352
usemtl field_material_23
f 355//355 356//356 354//354
f 357//357 358//358 356//356
f 359//359 360//360 358//358
f 360//360 363//363 362//362
f 362//362 365//365 364//364
f 364//364 367//367 366//366
f 367//367 368//368 366//366
f 368//368 371//371 370//370
usemtl field_material_05
f 374//374 373//373 377//377
f 373//373 376//376 375//375
f 378//378 377//377 375//375
f 380//380 381//381 379//379
f 381//381 384//384 383//383
f 383//383 386//386 385//385
f 386//386 387//387 385//385
f 380//380 388//388 384//384
f 388//388 389//389 387//387
f 389//389 380//380 379//379
f 385//385 387//387 389//389
usemtl field_material_23
f 392//392 393//393 391//391
f 393//393 396//396 395//395
f 396//396 397//397 395//395
f 398//398 399//399 397//397
f 399//399 402//402 401//401
f 402//402 403//403 401//401
f 404//404 405//405 403//403
f 405//405 408//408 407//407
usemtl field_material_05
f 411//411 410//410 412//412
f 413//413 412//412 410//410
f 411//411 414//414 413//413
usemtl field_material_23
f 416//416 417//417 415//415
f 418//418 419//419 417//417
f 419//419 422//422 421//421
f 422//422 423//423 421//421
f 424//424 425//425 423//423
f 426//426 427//427 425//425
f 427//427 430//430 429//429
f 430//430 431//431 429//429
usemtl field_material_05
f 434//434 437//437 436//436
f 439//439 438//438 436//436
f 435//435 434//434 438//438
usemtl field_material_23
f 441//441 442//442 440//440
f 443//443 444//444 442//442
f 444//444 447//447 446//446
f 447//447 448//448 446//446
f 448//448 451//451 450//450
f 450//450 453//453 452//452
f 452//452 455//455 454//454
f 455//455 456//456 454//454
usemtl field_material_05
f 459//459 462//462 461//461
f 464//464 463//463 461//461
f 460//460 459//459 463//463
f 466//466 467//467 465//465
f 468//468 469//469 467//467
f 470//470 471//471 469//469
f 472//472 473//473 471//471
f 474//474 472//472 470//470
f 474//474 475//475 473//473
f 475//475 466//466 465//465
f 471//471 473//473 475//475
usemtl field_material_17
f 478//478 479//479 477//477
f 480//480 481//481 479//479
f 482//482 483//483 481//481
f 484//484 485//485 483//483
f 486//486 487//487 485//485
f 488//488 489//489 487//487
f 490//490 491//491 489//489
f 492//492 493//493 491//491
f 493//493 494//494 495//495
usemtl field_material_05
f 499//499 498//498 496//496
f 501//501 500//500 498//498
f 500//500 497//497 496//496
f 496//496 498//498 500//500
usemtl field_material_17
f 503//503 504//504 502//502
f 505//505 506//506 504//504
f 507//507 508//508 506//506
f 508//508 511//511 510//510
f 511//511 512//512 510//510
f 513//513 514//514 512//512
f 514//514 517//517 516//516
f 517//517 518//518 516//516
f 518//518 519//519 520//520
usemtl field_material_05
f 521//521 524//524 523//523
f 525//525 521//521 523//523
usemtl field_material_17
f 527//527 528//528 526//526
f 528//528 531//531 530//530
f 530//530 533//533 532//532
f 533//533 534//534 532//532
f 535//535 536//536 534//534
f 537//537 538//538 536//536
f 538//538 541//541 540//540
f 541//541 542//542 540//540
f 542//542 543//543 544//544
usemtl field_material_05
f 548//548 547//547 545//545
f 546//546 550//550 548//548
f 550//550 549//549 547//547
f 549//549 546//546 545//545
f 545//545 547//547 549//549
f 552//552 553//553 551//551
f 554//554 555//555 553//553
f 555//555 558//558 557//557
f 557//557 560//560 559//559
f 552//552 560//560 556//556
f 560//560 561//561 559//559
f 561//561 552//552 551//551
f 557//557 559//559 561//561
usemtl field_material_17
f 564//564 565//565 563//563
f 566//566 567//567 565//565
f 567//567 570//570 569//569
f 570//570 571//571 569//569
f 572//572 573//573 571//571
f 573//573 576//576 575//575
f 576//576 577//577 575//575
f 577//577 580//580 579//579
usemtl field_material_05
f 583//583 582//582 586//586
f 582//582 585//585 584//584
f 587//587 586//586 584//584
usemtl field_material_17
f 589//589 590//590 588//588
f 590//590 593//593 592//592
f 593//593 594//594 592//592
f 595//595 596//596 594//594
f 596//596 599//599 598//598
f 598//598 601//601 600//600
f 601//601 602//602 600//600
f 603//603 604//604 602//602
f 604//604 605//605 606//606
usemtl field_material_05
f 607//607 610//610 609//609
f 612//612 611//611 609//609
f 608//608 607//607 611//611
usemtl field_material_17
f 614//614 615//615 613//613
f 615//615 618//618 617//617
f 617//617 620//620 619//619
f 620//620 621//621 619//619
f 622//622 623//623 621//621
f 624//624 625//625 623//623
f 625//625 628//628 627//627
f 627//627 630//630 629//629
usemtl field_material_05
f 633//633 632//632 636//636
f 634//634 635//635 632//632
f 635//635 637//637 636//636
f 632//632 635//635 636//636
f 638//638 641//641 640//640
f 641//641 642//642 640//640
f 643//643 644//644 642//642
f 644//644 647//647 646//646
f 647//647 645//645 643//643
f 647//647 648//648 646//646
f 649//649 638//638 648//648
f 646//646 648//648 640//640
usemtl field_material_17
f 651//651 652//652 650//650
f 652//652 655//655 654//654
f 655//655 656//656 654//654
f 657//657 658//658 656//656
f 659//659 660//660 658//658
f 660//660 663//663 662//662
f 663//663 664//664 662//662
f 665//665 666//666 664//664
f 666//666 667//667 668//668
usemtl field_material_05
f 672//672 671//671 669//669
f 671//671 674//674 673//673
f 673//673 670//670 669//669
f 669//669 671//671 673//673
usemtl field_material_17
f 675//675 678//678 677//677
f 677//677 680//680 679//679
f 680//680 681//681 679//679
f 682//682 683//683 681//681
f 684//684 685//685 683//683
f 686//686 687//687 685//685
f 688//688 689//689 687//687
f 689//689 692//692 691//691
usemtl field_material_05
f 695//695 696//696 694//694
f 698//698 697//697 696//696
f 697//697 695//695 694//694
usemtl field_material_17
f 700//700 701//701 699//699
f 701//701 704//704 703//703
f 704//704 705//705 703//703
f 706//706 707//707 705//705
f 707//707 710//710 709//709
f 710//710 711//711 709//709
f 711//711 714//714 713//713
f 713//713 716//716 715//715
usemtl field_material_05
f 719//719 718//718 721//721
f 722//722 720//720 718//718
f 720//720 722//722 721//721
f 724//724 725//725 723//723
f 726//726 727//727 725//725
f 728//728 729//729 727//727
f 730//730 731//731 729//729
f 724//724 732//732 728//728
f 732//732 733//733 731//731
f 734//734 723//723 733//733
f 731//731 733//733 725//725
usemtl field_material_17
f 736//736 737//737 735//735
f 738//738 739//739 737//737
f 740//740 741//741 739//739
f 741//741 744//744 743//743
f 743//743 746//746 745//745
f 745//745 748//748 747//747
f 748//748 749//749 747//747
f 750//750 751//751 749//749
usemtl field_material_05
f 757//757 756//756 754//754
f 756//756 759//759 758//758
f 755//755 759//759 757//757
f 758//758 755//755 754//754
usemtl field_material_17
f 760//760 763//763 762//762
f 762//762 765//765 764//764
f 764//764 767//767 766//766
f 767//767 768//768 766//766
f 768//768 771//771 770//770
f 771//771 772//772 770//770
f 773//773 774//774 772//772
f 775//775 776//776 774//774
f 776//776 777//777 778//778
usemtl field_material_05
f 782//782 781//781 779//779
f 781//781 784//784 783//783
f 780//780 784//784 782//782
f 780//780 779//779 783//783
f 779//779 781//781 783//783
usemtl field_material_17
f 785//785 788//788 787//787
f 788//788 789//789 787//787
f 790//790 791//791 789//789
f 792//792 793//793 791//791
f 794//794 795//795 793//793
f 796//796 797//797 795//795
f 798//798 799//799 797//797
f 799//799 802//802 801//801
usemtl field_material_05
f 806//806 807//807 804//804
f 807//807 809//809 808//808
f 805//805 804//804 808//808
f 810//810 812//812 811//811
f 813//813 814//814 811//811
f 814//814 817//817 816//816
f 817//817 815//815 813//813
f 818//818 810//810 816//816
usemtl field_material_13
f 819//819 824//824 826//826
f 819//819 826//826 820//820
f 819//819 820//820 821//821
f 819//819 821//821 822//822
f 819//819 822//822 823//823
f 819//819 823//823 824//824
f 824//824 825//825 826//826
f 827//827 821//821 820//820
f 821//821 829//829 822//822
f 831//831 823//823 822//822
f 833//833 824//824 823//823
f 835//835 827//827 820//820
f 836//836 828//828 827//827
f 825//825 840//840 826//826
f 826//826 841//841 835//835
f 842//842 836//836 835//835
f 843//843 829//829 828//828
f 829//829 845//845 830//830
f 846//846 832//832 837//837
f 847//847 838//838 832//832
f 848//848 834//834 838//838
f 839//839 825//825 834//834
f 851//851 843//843 836//836
f 837//837 854//854 846//846
f 854//854 847//847 846//846
f 838//838 855//855 848//848
f 856//856 839//839 848//848
f 857//857 840//840 839//839
f 840//840 859//859 841//841
f 859//859 849//849 841//841
f 849//849 850//850 842//842
f 851//851 852//852 843//843
f 860//860 853//853 844//844
f 861//861 854//854 837//837
f 862//862 855//855 847//847
f 865//865 862//862 854//854
f 868//868 858//858 857//857
f 869//869 859//859 858//858
f 871//871 850//850 849//849
f 864//864 873//873 851//851
f 873//873 852//852 851//851
f 874//874 860//860 852//852
f 860//860 876//876 853//853
f 853//853 877//877 861//861
f 861//861 865//865 854//854
f 865//865 879//879 862//862
f 880//880 866//866 862//862
f 867//867 881//881 856//856
f 881//881 857//857 856//856
f 885//885 873//873 864//864
f 887//887 877//877 876//876
f 878//878 888//888 865//865
f 891//891 883//883 869//869
f 892//892 872//872 871//871
f 875//875 894//894 876//876
f 894//894 887//887 876//876
f 877//877 895//895 878//878
f 895//895 888//888 878//878
f 890//890 897//897 866//866
f 881//881 898//898 882//882
f 898//898 891//891 868//868
f 892//892 899//899 872//872
f 899//899 885//885 872//872
f 900//900 894//894 875//875
f 887//887 895//895 877//877
f 901//901 898//898 881//881
f 902//902 891//891 898//898
f 891//891 902//902 883//883
f 883//883 903//903 884//884
f 903//903 892//892 884//884
f 903//903 899//899 892//892
f 899//899 904//904 885//885
f 904//904 893//893 885//885
f 904//904 886//886 893//893
f 886//886 905//905 900//900
f 905//905 894//894 900//900
f 894//894 906//906 887//887
f 906//906 895//895 887//887
f 895//895 907//907 888//888
f 907//907 889//889 888//888
f 889//889 908//908 896//896
f 908//908 890//890 896//896
f 890//890 908//908 897//897
f 908//908 901//901 897//897
f 909//909 898//898 901//901
f 902//902 910//910 903//903
f 903//903 910//910 904//904
f 904//904 910//910 905//905
f 905//905 910//910 906//906
f 906//906 910//910 907//907
f 907//907 910//910 908//908
f 908//908 910//910 909//909
f 909//909 910//910 902//902
usemtl field_material_05
f 913//913 914//914 912//912
f 914//914 917//917 915//915
f 913//913 911//911 918//918
f 914//914 918//918 916//916
f 916//916 920//920 917//917
f 918//918 919//919 916//916
f 911//911 923//923 919//919
f 920//920 923//923 922//922
f 917//917 920//920 922//922
f 917//917 922//922 915//915
f 923//923 913//913 912//912
f 923//923 915//915 922//922
f 921//921 911//911 913//913
f 924//924 926//926 925//925
f 926//926 929//929 927//927
f 926//926 930//930 928//928
f 928//928 932//932 929//929
f 930//930 924//924 933//933
f 930//930 931//931 928//928
f 932//932 931//931 936//936
f 929//929 932//932 936//936
f 931//931 934//934 935//935
f 933//933 924//924 934//934
f 929//929 936//936 927//927
f 935//935 934//934 925//925
f 935//935 927//927 936//936
f 939//939 940//940 941//941
f 948//948 940//940 938//938
f 937//937 942//942 940//940
f 941//941 942//942 943//943
f 942//942 947//947 943//943
f 941//941 943//943 947//947
f 942//942 944//944 945//945
f 944//944 937//937 946//946
f 946//946 939//939 947//947
f 946//946 937//937 948//948
f 941//941 947//947 939//939
f 946//946 948//948 938//938
f 960//960 952//952 953//953
f 951//951 953//953 950//950
f 953//953 949//949 954//954
f 954//954 957//957 953//953
f 960//960 953//953 957//957
f 955//955 956//956 954//954
f 957//957 958//958 960//960
f 955//955 949//949 959//959
f 955//955 958//958 956//956
f 958//958 952//952 960//960
f 959//959 949//949 951//951
f 958//958 951//951 950//950
f 970//970 962//962 963//963
f 969//969 970//970 963//963
f 961//961 963//963 962//962
f 969//969 963//963 966//966
f 963//963 964//964 965//965
f 964//964 968//968 965//965
f 966//966 968//968 969//969
f 964//964 961//961 967//967
f 967//967 972//972 968//968
f 969//969 972//972 970//970
f 967//967 961//961 971//971
f 972//972 971//971 962//962
f 975//975 976//976 973//973
f 976//976 979//979 978//978
f 981//981 979//979 977//977
f 981//981 980//980 978//978
f 980//980 974//974 973//973
usemtl field_material_03
f 982//982 983//983 984//984
f 982//982 984//984 985//985
f 982//982 985//985 986//986
f 982//982 986//986 987//987
f 982//982 987//987 988//988
f 982//982 988//988 989//989
f 982//982 989//989 983//983
f 983//983 991//991 984//984
f 984//984 999//999 985//985
f 1000//1000 986//986 985//985
f 993//993 987//987 986//986
f 996//996 989//989 988//988
f 998//998 983//983 989//989
f 1002//1002 991//991 990//990
f 1004//1004 992//992 991//991
f 1004//1004 999//999 992//992
f 999//999 1007//1007 1000//1000
f 1008//1008 993//993 1000//1000
f 1009//1009 994//994 993//993
f 1010//1010 995//995 994//994
f 995//995 1012//1012 996//996
f 1013//1013 1001//1001 996//996
f 1001//1001 1014//1014 998//998
f 998//998 1002//1002 990//990
f 1016//1016 1007//1007 1006//1006
f 1007//1007 1017//1017 1008//1008
f 1008//1008 1018//1018 1009//1009
f 1019//1019 1010//1010 1009//1009
f 1021//1021 1001//1001 1013//1013
f 1022//1022 1014//1014 1001//1001
f 1024//1024 1015//1015 1002//1002
f 1004//1004 1026//1026 1005//1005
f 1005//1005 1026//1026 1006//1006
f 1026//1026 1016//1016 1006//1006
f 1016//1016 1027//1027 1007//1007
f 1027//1027 1017//1017 1007//1007
f 1017//1017 1028//1028 1018//1018
f 1029//1029 1011//1011 1010//1010
f 1030//1030 1012//1012 1011//1011
f 1031//1031 1020//1020 1012//1012
f 1032//1032 1022//1022 1021//1021
f 1023//1023 1033//1033 1014//1014
f 1033//1033 1002//1002 1014//1014
f 1026//1026 1036//1036 1016//1016
f 1039//1039 1023//1023 1022//1022
f 1041//1041 1034//1034 1024//1024
f 1025//1025 1044//1044 1026//1026
f 1044//1044 1035//1035 1026//1026
f 1036//1036 1045//1045 1027//1027
f 1045//1045 1017//1017 1027//1027
f 1045//1045 1028//1028 1017//1017
f 1047//1047 1037//1037 1028//1028
f 1048//1048 1030//1030 1029//1029
f 1049//1049 1038//1038 1030//1030
f 1051//1051 1020//1020 1031//1031
f 1051//1051 1032//1032 1020//1020
f 1053//1053 1039//1039 1032//1032
f 1039//1039 1054//1054 1023//1023
f 1023//1023 1055//1055 1033//1033
f 1033//1033 1040//1040 1024//1024
f 1057//1057 1042//1042 1034//1034
f 1058//1058 1036//1036 1035//1035
f 1059//1059 1045//1045 1036//1036
f 1061//1061 1046//1046 1045//1045
f 1037//1037 1063//1063 1048//1048
f 1065//1065 1052//1052 1051//1051
f 1067//1067 1040//1040 1055//1055
f 1068//1068 1043//1043 1042//1042
f 1069//1069 1044//1044 1043//1043
f 1071//1071 1038//1038 1049//1049
f 1072//1072 1064//1064 1050//1050
f 1053//1053 1073//1073 1039//1039
f 1073//1073 1054//1054 1039//1039
f 1074//1074 1057//1057 1041//1041
f 1069//1069 1075//1075 1044//1044
f 1075//1075 1058//1058 1044//1044
f 1070//1070 1062//1062 1047//1047
f 1076//1076 1072//1072 1038//1038
f 1077//1077 1073//1073 1053//1053
f 1073//1073 1078//1078 1054//1054
f 1078//1078 1067//1067 1054//1054
f 1079//1079 1074//1074 1056//1056
f 1074//1074 1080//1080 1057//1057
f 1057//1057 1080//1080 1068//1068
f 1080//1080 1069//1069 1068//1068
f 1081//1081 1075//1075 1069//1069
f 1075//1075 1082//1082 1058//1058
f 1058//1058 1082//1082 1059//1059
f 1059//1059 1083//1083 1060//1060
f 1060//1060 1083//1083 1061//1061
f 1061//1061 1084//1084 1070//1070
f 1084//1084 1062//1062 1070//1070
f 1062//1062 1085//1085 1063//1063
f 1085//1085 1071//1071 1063//1063
f 1085//1085 1076//1076 1071//1071
f 1076//1076 1086//1086 1072//1072
f 1086//1086 1064//1064 1072//1072
f 1064//1064 1086//1086 1065//1065
f 1086//1086 1066//1066 1065//1065
f 1087//1087 1077//1077 1066//1066
f 1087//1087 1073//1073 1077//1077
f 1088//1088 1078//1078 1073//1073
f 1078//1078 1079//1079 1067//1067
f 1079//1079 1056//1056 1067//1067
f 1079//1079 1089//1089 1080//1080
f 1080//1080 1089//1089 1081//1081
f 1081//1081 1089//1089 1082//1082
f 1082//1082 1089//1089 1083//1083
f 1083//1083 1089//1089 1084//1084
f 1084//1084 1089//1089 1085//1085
f 1085//1085 1089//1089 1086//1086
f 1086//1086 1089//1089 1087//1087
f 1087//1087 1089//1089 1088//1088
f 1088//1088 1089//1089 1079//1079
usemtl field_material_05
f 1100//1100 1092//1092 1095//1095
f 1091//1091 1093//1093 1092//1092
f 1092//1092 1093//1093 1095//1095
f 1091//1091 1090//1090 1094//1094
f 1093//1093 1094//1094 1096//1096
f 1093//1093 1097//1097 1095//1095
f 1100//1100 1095//1095 1097//1097
f 1094//1094 1090//1090 1098//1098
f 1097//1097 1101//1101 1100//1100
f 1098//1098 1090//1090 1099//1099
f 1100//1100 1101//1101 1102//1102
f 1101//1101 1090//1090 1103//1103
f 1100//1100 1102//1102 1092//1092
f 1103//1103 1091//1091 1092//1092
f 1103//1103 1092//1092 1102//1102
f 1105//1105 1104//1104 1108//1108
f 1107//1107 1106//1106 1111//1111
f 1117//1117 1107//1107 1111//1111
f 1108//1108 1104//1104 1109//1109
f 1106//1106 1109//1109 1110//1110
f 1110//1110 1109//1109 1112//1112
f 1110//1110 1112//1112 1111//1111
f 1117//1117 1111//1111 1112//1112
f 1117//1117 1112//1112 1114//1114
f 1109//1109 1113//1113 1112//1112
f 1112//1112 1113//1113 1114//1114
f 1104//1104 1116//1116 1113//1113
f 1116//1116 1117//1117 1114//1114
f 1116//1116 1107//1107 1117//1117
f 1115//1115 1104//1104 1105//1105
f 1130//1130 1119//1119 1121//1121
f 1121//1121 1122//1122 1123//1123
f 1120//1120 1122//1122 1119//1119
f 1122//1122 1125//1125 1123//1123
f 1121//1121 1123//1123 1125//1125
f 1122//1122 1124//1124 1125//1125
f 1124//1124 1126//1126 1125//1125
f 1125//1125 1126//1126 1127//1127
f 1121//1121 1125//1125 1127//1127
f 1124//1124 1129//1129 1126//1126
f 1124//1124 1118//1118 1128//1128
f 1121//1121 1127//1127 1130//1130
f 1129//1129 1130//1130 1127//1127
f 1129//1129 1120//1120 1119//1119
f 1128//1128 1118//1118 1120//1120
f 1142//1142 1133//1133 1135//1135
f 1141//1141 1131//1131 1134//1134
f 1140//1140 1142//1142 1135//1135
f 1141//1141 1133//1133 1132//1132
f 1133//1133 1138//1138 1135//1135
f 1134//1134 1131//1131 1137//1137
f 1140//1140 1135//1135 1138//1138
f 1133//1133 1137//1137 1136//1136
f 1138//1138 1139//1139 1140//1140
f 1137//1137 1139//1139 1136//1136
f 1139//1139 1141//1141 1132//1132
f 1139//1139 1142//1142 1140//1140
f 1145//1145 1146//1146 1148//1148
f 1144//1144 1143//1143 1147//1147
f 1153//1153 1145//1145 1148//1148
f 1144//1144 1146//1146 1145//1145
f 1146//1146 1151//1151 1148//1148
f 1147//1147 1143//1143 1150//1150
f 1153//1153 1148//1148 1151//1151
f 1146//1146 1150//1150 1149//1149
f 1151//1151 1152//1152 1153//1153
f 1150//1150 1152//1152 1149//1149
f 1153//1153 1152//1152 1156//1156
f 1152//1152 1154//1154 1155//1155
f 1153//1153 1156//1156 1145//1145
f 1155//1155 1144//1144 1145//1145
f 1155//1155 1145//1145 1156//1156
f 1154//1154 1143//1143 1144//1144
f 1158//1158 1159//1159 1157//1157
f 1160//1160 1161//1161 1159//1159
f 1162//1162 1163//1163 1161//1161
f 1164//1164 1165//1165 1163//1163
f 1166//1166 1164//1164 1162//1162
f 1166//1166 1167//1167 1165//1165
f 1168//1168 1157//1157 1167//1167
f 1165//1165 1167//1167 1159//1159
usemtl field_material_03
f 1169//1169 1170//1170 1171//1171
f 1169//1169 1171//1171 1172//1172
f 1169//1169 1172//1172 1173//1173
f 1169//1169 1173//1173 1174//1174
f 1169//1169 1174//1174 1183//1183
f 1169//1169 1183//1183 1170//1170
f 1176//1176 1171//1171 1170//1170
f 1171//1171 1177//1177 1172//1172
f 1172//1172 1179//1179 1173//1173
f 1173//1173 1180//1180 1174//1174
f 1182//1182 1183//1183 1174//1174
f 1184//1184 1170//1170 1183//1183
f 1175//1175 1185//1185 1176//1176
f 1186//1186 1177//1177 1176//1176
f 1187//1187 1188//1188 1177//1177
f 1185//1185 1190//1190 1186//1186
f 1192//1192 1178//1178 1188//1188
f 1178//1178 1193//1193 1179//1179
f 1194//1194 1180//1180 1179//1179
f 1180//1180 1195//1195 1181//1181
f 1181//1181 1196//1196 1182//1182
f 1197//1197 1183//1183 1182//1182
f 1183//1183 1198//1198 1184//1184
f 1198//1198 1175//1175 1184//1184
f 1175//1175 1189//1189 1185//1185
f 1200//1200 1190//1190 1189//1189
f 1190//1190 1201//1201 1191//1191
f 1209//1209 1187//1187 1191//1191
f 1192//1192 1202//1202 1193//1193
f 1204//1204 1194//1194 1193//1193
f 1198//1198 1199//1199 1189//1189
f 1200//1200 1208//1208 1190//1190
f 1210//1210 1211//1211 1192//1192
f 1211//1211 1202//1202 1192//1192
f 1204//1204 1212//1212 1194//1194
f 1194//1194 1213//1213 1195//1195
f 1213//1213 1196//1196 1195//1195
f 1214//1214 1197//1197 1196//1196
f 1215//1215 1205//1205 1197//1197
f 1219//1219 1213//1213 1212//1212
f 1223//1223 1201//1201 1208//1208
f 1224//1224 1217//1217 1201//1201
f 1209//1209 1225//1225 1210//1210
f 1210//1210 1226//1226 1211//1211
f 1226//1226 1202//1202 1211//1211
f 1227//1227 1203//1203 1202//1202
f 1218//1218 1228//1228 1204//1204
f 1228//1228 1212//1212 1204//1204
f 1229//1229 1219//1219 1212//1212
f 1219//1219 1230//1230 1213//1213
f 1231//1231 1220//1220 1213//1213
f 1220//1220 1232//1232 1214//1214
f 1214//1214 1233//1233 1215//1215
f 1233//1233 1221//1221 1215//1215
f 1234//1234 1206//1206 1205//1205
f 1206//1206 1236//1236 1207//1207
f 1207//1207 1216//1216 1199//1199
f 1244//1244 1233//1233 1232//1232
f 1246//1246 1223//1223 1222//1222
f 1250//1250 1231//1231 1230//1230
f 1231//1231 1251//1251 1220//1220
f 1252//1252 1245//1245 1233//1233
f 1254//1254 1228//1228 1218//1218
f 1254//1254 1249//1249 1228//1228
f 1253//1253 1255//1255 1235//1235
f 1235//1235 1255//1255 1236//1236
f 1255//1255 1237//1237 1236//1236
f 1256//1256 1238//1238 1237//1237
f 1257//1257 1246//1246 1238//1238
f 1257//1257 1247//1247 1246//1246
f 1258//1258 1239//1239 1247//1247
f 1239//1239 1258//1258 1240//1240
f 1258//1258 1248//1248 1240//1240
f 1248//1248 1259//1259 1241//1241
f 1259//1259 1242//1242 1241//1241
f 1242//1242 1260//1260 1254//1254
f 1260//1260 1249//1249 1254//1254
f 1261//1261 1243//1243 1249//1249
f 1243//1243 1261//1261 1250//1250
f 1262//1262 1251//1251 1250//1250
f 1251//1251 1263//1263 1244//1244
f 1263//1263 1252//1252 1244//1244
f 1252//1252 1263//1263 1245//1245
f 1263//1263 1253//1253 1245//1245
f 1253//1253 1264//1264 1255//1255
f 1255//1255 1256//1256 1237//1237
f 1256//1256 1265//1265 1257//1257
f 1257//1257 1265//1265 1258//1258
f 1258//1258 1265//1265 1259//1259
f 1259//1259 1265//1265 1260//1260
f 1260//1260 1265//1265 1261//1261
f 1261//1261 1265//1265 1262//1262
f 1262//1262 1265//1265 1263//1263
f 1263//1263 1265//1265 1264//1264
f 1264//1264 1265//1265 1256//1256
usemtl field_material_05
f 1278//1278 1267//1267 1268//1268
f 1268//1268 1269//1269 1272//1272
f 1266//1266 1269//1269 1267//1267
f 1269//1269 1270//1270 1271//1271
f 1268//1268 1272//1272 1275//1275
f 1270//1270 1274//1274 1271//1271
f 1272//1272 1274//1274 1275//1275
f 1270//1270 1266//1266 1273//1273
f 1273//1273 1277//1277 1274//1274
f 1268//1268 1275//1275 1278//1278
f 1277//1277 1278//1278 1275//1275
f 1273//1273 1266//1266 1276//1276
f 1277//1277 1276//1276 1267//1267
f 1290//1290 1281//1281 1283//1283
f 1289//1289 1279//1279 1282//1282
f 1287//1287 1290//1290 1283//1283
f 1289//1289 1281//1281 1280//1280
f 1281//1281 1286//1286 1283//1283
f 1282//1282 1279//1279 1285//1285
f 1287//1287 1283//1283 1286//1286
f 1281//1281 1285//1285 1284//1284
f 1285//1285 1288//1288 1284//1284
f 1286//1286 1288//1288 1287//1287
f 1288//1288 1289//1289 1280//1280
f 1288//1288 1290//1290 1287//1287
f 1302//1302 1293//1293 1294//1294
f 1301//1301 1291//1291 1295//1295
f 1301//1301 1293//1293 1292//1292
f 1294//1294 1293//1293 1297//1297
f 1295//1295 1291//1291 1298//1298
f 1293//1293 1298//1298 1296//1296
f 1296//1296 1300//1300 1297//1297
f 1294//1294 1297//1297 1300//1300
f 1298//1298 1299//1299 1296//1296
f 1294//1294 1300//1300 1302//1302
f 1299//1299 1301//1301 1292//1292
f 1299//1299 1302//1302 1300//1300
f 1314//1314 1305//1305 1306//1306
f 1313//1313 1305//1305 1304//1304
f 1306//1306 1305//1305 1309//1309
f 1305//1305 1307//1307 1308//1308
f 1308//1308 1312//1312 1309//1309
f 1307//1307 1303//1303 1310//1310
f 1306//1306 1309//1309 1312//1312
f 1310//1310 1311//1311 1308//1308
f 1306//1306 1312//1312 1314//1314
f 1311//1311 1313//1313 1304//1304
f 1311//1311 1314//1314 1312//1312
f 1310//1310 1303//1303 1313//1313
f 1317//1317 1318//1318 1325//1325
f 1316//1316 1318//1318 1319//1319
f 1318//1318 1315//1315 1320//1320
f 1320//1320 1323//1323 1319//1319
f 1321//1321 1322//1322 1320//1320
f 1323//1323 1322//1322 1326//1326
f 1321//1321 1315//1315 1324//1324
f 1319//1319 1323//1323 1326//1326
f 1322//1322 1324//1324 1325//1325
f 1325//1325 1316//1316 1326//1326
f 1324//1324 1315//1315 1317//1317
f 1319//1319 1326//1326 1316//1316
f 2//2 7//7 8//8
f 3//3 8//8 9//9
f 5//5 4//4 9//9
f 9//9 13//13 14//14
f 7//7 11//11 12//12
f 8//8 12//12 13//13
f 14//14 13//13 17//17
f 11//11 15//15 16//16
f 12//12 16//16 17//17
f 17//17 21//21 22//22
f 15//15 19//19 20//20
f 16//16 20//20 21//21
f 22//22 21//21 25//25
f 19//19 23//23 24//24
f 20//20 24//24 25//25
f 25//25 29//29 30//30
f 23//23 27//27 28//28
f 24//24 28//28 29//29
f 30//30 29//29 33//33
f 27//27 31//31 32//32
f 28//28 32//32 33//33
f 33//33 4//4 5//5
f 31//31 2//2 3//3
f 32//32 3//3 4//4
f 36//36 38//38 37//37
f 38//38 40//40 39//39
f 39//39 40//40 42//42
f 42//42 44//44 43//43
f 40//40 38//38 36//36
f 36//36 46//46 44//44
f 44//44 42//42 36//36
f 43//43 44//44 46//46
f 45//45 46//46 36//36
f 45//45 35//35 37//37
f 37//37 39//39 41//41
f 41//41 43//43 37//37
usemtl field_material_17
f 47//47 48//48 50//50
f 50//50 52//52 51//51
f 52//52 54//54 53//53
f 54//54 56//56 55//55
f 56//56 58//58 57//57
f 58//58 60//60 59//59
f 60//60 62//62 61//61
f 62//62 64//64 63//63
f 64//64 65//65 63//63
usemtl field_material_05
f 66//66 67//67 69//69
f 69//69 71//71 68//68
f 69//69 67//67 71//71
f 71//71 67//67 70//70
f 70//70 66//66 68//68
usemtl field_material_17
f 72//72 73//73 75//75
f 75//75 77//77 76//76
f 76//76 77//77 79//79
f 79//79 81//81 80//80
f 81//81 83//83 82//82
f 82//82 83//83 85//85
f 84//84 85//85 87//87
f 87//87 89//89 88//88
usemtl field_material_05
f 92//92 94//94 93//93
f 94//94 96//96 93//93
f 96//96 92//92 95//95
usemtl field_material_17
f 97//97 98//98 100//100
f 100//100 102//102 101//101
f 101//101 102//102 104//104
f 103//103 104//104 106//106
f 106//106 108//108 107//107
f 108//108 110//110 109//109
f 110//110 112//112 111//111
f 112//112 114//114 113//113
usemtl field_material_05
f 116//116 118//118 117//117
f 118//118 121//121 119//119
f 118//118 116//116 121//121
f 120//120 121//121 116//116
f 123//123 125//125 124//124
f 124//124 125//125 127//127
f 127//127 129//129 128//128
f 129//129 131//131 130//130
f 127//127 125//125 123//123
f 123//123 133//133 131//131
f 131//131 129//129 123//123
f 131//131 133//133 132//132
f 132//132 133//133 123//123
f 132//132 122//122 124//124
f 124//124 126//126 128//128
f 128//128 130//130 124//124
usemtl field_material_23
f 135//135 137//137 136//136
f 137//137 139//139 138//138
f 139//139 141//141 140//140
f 141//141 143//143 142//142
f 143//143 145//145 144//144
f 144//144 145//145 147//147
f 146//146 147//147 149//149
f 148//148 149//149 151//151
f 151//151 152//152 150//150
usemtl field_material_05
f 154//154 156//156 153//153
f 155//155 156//156 158//158
f 158//158 154//154 157//157
f 157//157 153//153 155//155
usemtl field_material_23
f 160//160 162//162 161//161
f 162//162 164//164 163//163
f 164//164 166//166 165//165
f 166//166 168//168 167//167
f 168//168 170//170 169//169
f 170//170 172//172 171//171
f 172//172 174//174 173//173
f 174//174 176//176 175//175
f 176//176 177//177 175//175
usemtl field_material_05
f 179//179 181//181 180//180
f 181//181 179//179 178//178
usemtl field_material_23
f 183//183 185//185 184//184
f 185//185 187//187 186//186
f 187//187 189//189 188//188
f 189//189 191//191 190//190
f 190//190 191//191 193//193
f 192//192 193//193 195//195
f 195//195 197//197 196//196
f 196//196 197//197 199//199
f 199//199 200//200 198//198
usemtl field_material_05
f 202//202 204//204 201//201
f 204//204 202//202 203//203
f 201//201 203//203 205//205
f 207//207 209//209 208//208
f 209//209 211//211 210//210
f 211//211 213//213 212//212
f 212//212 213//213 215//215
f 211//211 209//209 207//207
f 207//207 217//217 211//211
f 217//217 215//215 211//211
f 214//214 215//215 217//217
f 217//217 207//207 206//206
f 216//216 206//206 212//212
f 206//206 208//208 212//212
f 208//208 210//210 212//212
usemtl field_material_07
f 218//218 219//219 221//221
f 220//220 221//221 223//223
f 222//222 223//223 225//225
f 225//225 227//227 226//226
f 227//227 229//229 228//228
f 228//228 229//229 231//231
f 231//231 233//233 232//232
f 233//233 235//235 234//234
f 235//235 236//236 234//234
usemtl field_material_05
f 238//238 240//240 237//237
f 240//240 242//242 239//239
f 240//240 238//238 242//242
f 241//241 242//242 238//238
f 237//237 239//239 241//241
usemtl field_material_07
f 244//244 246//246 245//245
f 245//245 246//246 248//248
f 247//247 248//248 250//250
f 250//250 252//252 251//251
f 252//252 254//254 253//253
f 253//253 254//254 256//256
f 255//255 256//256 258//258
f 257//257 258//258 260//260
f 260//260 261//261 259//259
usemtl field_material_05
f 262//262 263//263 265//265
f 265//265 267//267 264//264
f 267//267 263//263 266//266
f 266//266 262//262 264//264
usemtl field_material_07
f 268//268 269//269 271//271
f 270//270 271//271 273//273
f 273//273 275//275 274//274
f 275//275 277//277 276//276
f 276//276 277//277 279//279
f 279//279 281//281 280//280
f 281//281 283//283 282//282
f 283//283 285//285 284//284
f 285//285 286//286 284//284
usemtl field_material_05
f 288//288 291//291 289//289
f 290//290 291//291 288//288
f 290//290 287//287 289//289
f 293//293 295//295 294//294
f 295//295 297//297 296//296
f 297//297 299//299 298//298
f 298//298 299//299 301//301
f 297//297 295//295 293//293
f 293//293 303//303 297//297
f 303//303 301//301 297//297
f 301//301 303//303 302//302
f 302//302 303//303 293//293
f 302//302 292//292 298//298
f 292//292 294//294 298//298
f 294//294 296//296 298//298
usemtl field_material_23
f 305//305 307//307 306//306
f 307//307 309//309 308//308
f 309//309 311//311 310//310
f 311//311 313//313 312//312
f 313//313 315//315 314//314
f 315//315 317//317 316//316
f 317//317 319//319 318//318
f 318//318 319//319 321//321
usemtl field_material_05
f 324//324 326//326 323//323
f 324//324 328//328 326//326
f 325//325 326//326 328//328
f 328//328 324//324 327//327
f 327//327 323//323 325//325
usemtl field_material_23
f 330//330 332//332 331//331
f 331//331 332//332 334//334
f 334//334 336//336 335//335
f 336//336 338//338 337//337
f 337//337 338//338 340//340
f 339//339 340//340 342//342
f 342//342 344//344 343//343
f 344//344 346//346 345//345
f 346//346 347//347 345//345
usemtl field_material_05
f 349//349 351//351 350//350
f 351//351 353//353 352//352
f 351//351 349//349 353//353
f 353//353 349//349 348//348
f 348//348 350//350 352//352
usemtl field_material_23
f 355//355 357//357 356//356
f 357//357 359//359 358//358
f 359//359 361//361 360//360
f 360//360 361//361 363//363
f 362//362 363//363 365//365
f 364//364 365//365 367//367
f 367//367 369//369 368//368
f 368//368 369//369 371//371
f 371//371 372//372 370//370
usemtl field_material_05
f 373//373 374//374 376//376
f 376//376 378//378 375//375
f 374//374 378//378 376//376
f 378//378 374//374 377//377
f 377//377 373//373 375//375
f 380//380 382//382 381//381
f 381//381 382//382 384//384
f 383//383 384//384 386//386
f 386//386 388//388 387//387
f 384//384 382//382 380//380
f 380//380 390//390 388//388
f 388//388 386//386 384//384
f 388//388 390//390 389//389
f 389//389 390//390 380//380
f 389//389 379//379 385//385
f 379//379 381//381 385//385
f 381//381 383//383 385//385
usemtl field_material_23
f 392//392 394//394 393//393
f 393//393 394//394 396//396
f 396//396 398//398 397//397
f 398//398 400//400 399//399
f 399//399 400//400 402//402
f 402//402 404//404 403//403
f 404//404 406//406 405//405
f 405//405 406//406 408//408
f 408//408 409//409 407//407
usemtl field_material_05
f 411//411 413//413 410//410
f 412//412 413//413 414//414
f 414//414 411//411 412//412
usemtl field_material_23
f 416//416 418//418 417//417
f 418//418 420//420 419//419
f 419//419 420//420 422//422
f 422//422 424//424 423//423
f 424//424 426//426 425//425
f 426//426 428//428 427//427
f 427//427 428//428 430//430
f 430//430 432//432 431//431
f 432//432 433//433 431//431
usemtl field_material_05
f 434//434 435//435 437//437
f 437//437 439//439 436//436
f 439//439 437//437 435//435
f 439//439 435//435 438//438
f 434//434 436//436 438//438
usemtl field_material_23
f 441//441 443//443 442//442
f 443//443 445//445 444//444
f 444//444 445//445 447//447
f 447//447 449//449 448//448
f 448//448 449//449 451//451
f 450//450 451//451 453//453
f 452//452 453//453 455//455
f 455//455 457//457 456//456
f 457//457 458//458 456//456
usemtl field_material_05
f 459//459 460//460 462//462
f 462//462 464//464 461//461
f 462//462 460//460 464//464
f 464//464 460//460 463//463
f 463//463 459//459 461//461
f 466//466 468//468 467//467
f 468//468 470//470 469//469
f 470//470 472//472 471//471
f 472//472 474//474 473//473
f 470//470 468//468 466//466
f 466//466 476//476 470//470
f 476//476 474//474 470//470
f 474//474 476//476 475//475
f 475//475 476//476 466//466
f 475//475 465//465 467//467
f 467//467 469//469 475//475
f 469//469 471//471 475//475
usemtl field_material_17
f 478//478 480//480 479//479
f 480//480 482//482 481//481
f 482//482 484//484 483//483
f 484//484 486//486 485//485
f 486//486 488//488 487//487
f 488//488 490//490 489//489
f 490//490 492//492 491//491
f 492//492 494//494 493//493
usemtl field_material_05
f 497//497 499//499 496//496
f 499//499 501//501 498//498
f 497//497 501//501 499//499
f 500//500 501//501 497//497
usemtl field_material_17
f 503//503 505//505 504//504
f 505//505 507//507 506//506
f 507//507 509//509 508//508
f 508//508 509//509 511//511
f 511//511 513//513 512//512
f 513//513 515//515 514//514
f 514//514 515//515 517//517
f 517//517 519//519 518//518
usemtl field_material_05
f 521//521 522//522 524//524
f 524//524 525//525 523//523
f 524//524 522//522 525//525
f 525//525 522//522 521//521
usemtl field_material_17
f 527//527 529//529 528//528
f 528//528 529//529 531//531
f 530//530 531//531 533//533
f 533//533 535//535 534//534
f 535//535 537//537 536//536
f 537//537 539//539 538//538
f 538//538 539//539 541//541
f 541//541 543//543 542//542
usemtl field_material_05
f 546//546 548//548 545//545
f 548//548 550//550 547//547
f 549//549 550//550 546//546
f 552//552 554//554 553//553
f 554//554 556//556 555//555
f 555//555 556//556 558//558
f 557//557 558//558 560//560
f 556//556 554//554 552//552
f 552//552 562//562 560//560
f 560//560 558//558 556//556
f 560//560 562//562 561//561
f 561//561 562//562 552//552
f 561//561 551//551 553//553
f 553//553 555//555 561//561
f 555//555 557//557 561//561
usemtl field_material_17
f 564//564 566//566 565//565
f 566//566 568//568 567//567
f 567//567 568//568 570//570
f 570//570 572//572 571//571
f 572//572 574//574 573//573
f 573//573 574//574 576//576
f 576//576 578//578 577//577
f 577//577 578//578 580//580
f 580//580 581//581 579//579
usemtl field_material_05
f 582//582 583//583 585//585
f 585//585 587//587 584//584
f 585//585 583//583 587//587
f 587//587 583//583 586//586
f 586//586 582//582 584//584
usemtl field_material_17
f 589//589 591//591 590//590
f 590//590 591//591 593//593
f 593//593 595//595 594//594
f 595//595 597//597 596//596
f 596//596 597//597 599//599
f 598//598 599//599 601//601
f 601//601 603//603 602//602
f 603//603 605//605 604//604
usemtl field_material_05
f 607//607 608//608 610//610
f 610//610 612//612 609//609
f 612//612 610//610 608//608
f 612//612 608//608 611//611
f 607//607 609//609 611//611
usemtl field_material_17
f 614//614 616//616 615//615
f 615//615 616//616 618//618
f 617//617 618//618 620//620
f 620//620 622//622 621//621
f 622//622 624//624 623//623
f 624//624 626//626 625//625
f 625//625 626//626 628//628
f 627//627 628//628 630//630
f 630//630 631//631 629//629
usemtl field_material_05
f 632//632 633//633 634//634
f 634//634 637//637 635//635
f 634//634 633//633 637//637
f 637//637 633//633 636//636
f 638//638 639//639 641//641
f 641//641 643//643 642//642
f 643//643 645//645 644//644
f 644//644 645//645 647//647
f 643//643 641//641 647//647
f 641//641 639//639 647//647
f 639//639 649//649 647//647
f 647//647 649//649 648//648
f 649//649 639//639 638//638
f 648//648 638//638 640//640
f 640//640 642//642 644//644
f 644//644 646//646 640//640
usemtl field_material_17
f 651//651 653//653 652//652
f 652//652 653//653 655//655
f 655//655 657//657 656//656
f 657//657 659//659 658//658
f 659//659 661//661 660//660
f 660//660 661//661 663//663
f 663//663 665//665 664//664
f 665//665 667//667 666//666
usemtl field_material_05
f 670//670 672//672 669//669
f 671//671 672//672 674//674
f 670//670 674//674 672//672
f 673//673 674//674 670//670
usemtl field_material_17
f 675//675 676//676 678//678
f 677//677 678//678 680//680
f 680//680 682//682 681//681
f 682//682 684//684 683//683
f 684//684 686//686 685//685
f 686//686 688//688 687//687
f 688//688 690//690 689//689
f 689//689 690//690 692//692
f 692//692 693//693 691//691
usemtl field_material_05
f 695//695 698//698 696//696
f 697//697 698//698 695//695
f 697//697 694//694 696//696
usemtl field_material_17
f 700//700 702//702 701//701
f 701//701 702//702 704//704
f 704//704 706//706 705//705
f 706//706 708//708 707//707
f 707//707 708//708 710//710
f 710//710 712//712 711//711
f 711//711 712//712 714//714
f 713//713 714//714 716//716
f 716//716 717//717 715//715
usemtl field_material_05
f 719//719 722//722 718//718
f 722//722 719//719 721//721
f 721//721 718//718 720//720
f 724//724 726//726 725//725
f 726//726 728//728 727//727
f 728//728 730//730 729//729
f 730//730 732//732 731//731
f 728//728 726//726 724//724
f 724//724 734//734 732//732
f 732//732 730//730 728//728
f 732//732 734//734 733//733
f 734//734 724//724 723//723
f 733//733 723//723 725//725
f 725//725 727//727 729//729
f 729//729 731//731 725//725
usemtl field_material_17
f 736//736 738//738 737//737
f 738//738 740//740 739//739
f 740//740 742//742 741//741
f 741//741 742//742 744//744
f 743//743 744//744 746//746
f 745//745 746//746 748//748
f 748//748 750//750 749//749
f 750//750 752//752 751//751
f 752//752 753//753 751//751
usemtl field_material_05
f 755//755 757//757 754//754
f 756//756 757//757 759//759
f 759//759 755//755 758//758
f 754//754 756//756 758//758
usemtl field_material_17
f 760//760 761//761 763//763
f 762//762 763//763 765//765
f 764//764 765//765 767//767
f 767//767 769//769 768//768
f 768//768 769//769 771//771
f 771//771 773//773 772//772
f 773//773 775//775 774//774
f 775//775 777//777 776//776
usemtl field_material_05
f 780//780 782//782 779//779
f 781//781 782//782 784//784
f 784//784 780//780 783//783
usemtl field_material_17
f 785//785 786//786 788//788
f 788//788 790//790 789//789
f 790//790 792//792 791//791
f 792//792 794//794 793//793
f 794//794 796//796 795//795
f 796//796 798//798 797//797
f 798//798 800//800 799//799
f 799//799 800//800 802//802
f 802//802 803//803 801//801
usemtl field_material_05
f 804//804 805//805 806//806
f 806//806 809//809 807//807
f 809//809 806//806 805//805
f 809//809 805//805 808//808
f 804//804 807//807 808//808
f 811//811 812//812 813//813
f 813//813 815//815 814//814
f 814//814 815//815 817//817
f 812//812 818//818 813//813
f 818//818 817//817 813//813
f 817//817 818//818 816//816
f 818//818 812//812 810//810
f 816//816 810//810 811//811
f 814//814 816//816 811//811
usemtl field_material_13
f 827//827 828//828 821//821
f 828//828 829//829 821//821
f 822//822 829//829 830//830
f 822//822 830//830 831//831
f 823//823 831//831 832//832
f 832//832 833//833 823//823
f 824//824 833//833 834//834
f 834//834 825//825 824//824
f 826//826 835//835 820//820
f 827//827 835//835 836//836
f 830//830 837//837 831//831
f 831//831 837//837 832//832
f 832//832 838//838 833//833
f 833//833 838//838 834//834
f 839//839 840//840 825//825
f 826//826 840//840 841//841
f 835//835 841//841 842//842
f 836//836 843//843 828//828
f 843//843 844//844 829//829
f 829//829 844//844 845//845
f 830//830 845//845 837//837
f 832//832 846//846 847//847
f 848//848 839//839 834//834
f 841//841 849//849 842//842
f 842//842 850//850 836//836
f 836//836 850//850 851//851
f 843//843 852//852 844//844
f 844//844 853//853 845//845
f 845//845 853//853 861//861
f 845//845 861//861 837//837
f 847//847 855//855 838//838
f 848//848 855//855 856//856
f 857//857 858//858 840//840
f 858//858 859//859 840//840
f 852//852 860//860 844//844
f 854//854 862//862 847//847
f 856//856 857//857 839//839
f 859//859 863//863 849//849
f 850//850 864//864 851//851
f 862//862 866//866 855//855
f 855//855 866//866 867//867
f 855//855 867//867 856//856
f 868//868 869//869 858//858
f 869//869 863//863 859//859
f 863//863 870//870 849//849
f 849//849 870//870 871//871
f 871//871 872//872 850//850
f 850//850 872//872 864//864
f 873//873 874//874 852//852
f 874//874 875//875 860//860
f 875//875 876//876 860//860
f 853//853 876//876 877//877
f 861//861 877//877 878//878
f 861//861 878//878 865//865
f 879//879 880//880 862//862
f 881//881 882//882 857//857
f 882//882 868//868 857//857
f 869//869 883//883 863//863
f 883//883 884//884 863//863
f 863//863 884//884 870//870
f 872//872 885//885 864//864
f 873//873 886//886 874//874
f 865//865 888//888 889//889
f 865//865 889//889 879//879
f 879//879 890//890 880//880
f 880//880 890//890 866//866
f 866//866 901//901 867//867
f 867//867 901//901 881//881
f 868//868 891//891 869//869
f 870//870 892//892 871//871
f 885//885 893//893 873//873
f 873//873 893//893 886//886
f 886//886 900//900 874//874
f 874//874 900//900 875//875
f 889//889 896//896 879//879
f 879//879 896//896 890//890
f 866//866 897//897 901//901
f 882//882 898//898 868//868
f 884//884 892//892 870//870
f 883//883 902//902 903//903
f 899//899 903//903 904//904
f 886//886 904//904 905//905
f 894//894 905//905 906//906
f 895//895 906//906 907//907
f 889//889 907//907 908//908
f 908//908 909//909 901//901
f 909//909 902//902 898//898
usemtl field_material_05
f 915//915 912//912 914//914
f 914//914 916//916 917//917
f 914//914 913//913 918//918
f 920//920 916//916 919//919
f 918//918 911//911 919//919
f 911//911 921//921 923//923
f 920//920 919//919 923//923
f 923//923 921//921 913//913
f 923//923 912//912 915//915
f 934//934 924//924 925//925
f 927//927 925//925 926//926
f 926//926 928//928 929//929
f 926//926 924//924 930//930
f 932//932 928//928 931//931
f 930//930 933//933 931//931
f 931//931 933//933 934//934
f 931//931 935//935 936//936
f 935//935 925//925 927//927
f 939//939 938//938 940//940
f 948//948 937//937 940//940
f 941//941 940//940 942//942
f 942//942 937//937 944//944
f 942//942 945//945 947//947
f 944//944 946//946 945//945
f 947//947 945//945 946//946
f 946//946 938//938 939//939
f 951//951 949//949 953//953
f 952//952 950//950 953//953
f 954//954 949//949 955//955
f 957//957 954//954 956//956
f 957//957 956//956 958//958
f 955//955 959//959 958//958
f 958//958 950//950 952//952
f 958//958 959//959 951//951
f 971//971 961//961 962//962
f 961//961 964//964 963//963
f 963//963 965//965 966//966
f 964//964 967//967 968//968
f 966//966 965//965 968//968
f 969//969 968//968 972//972
f 972//972 967//967 971//971
f 972//972 962//962 970//970
f 973//973 974//974 975//975
f 975//975 977//977 976//976
f 976//976 977//977 979//979
f 979//979 981//981 978//978
f 977//977 975//975 981//981
f 975//975 974//974 981//981
f 980//980 981//981 974//974
f 980//980 973//973 978//978
f 973//973 976//976 978//978
usemtl field_material_03
f 983//983 990//990 991//991
f 984//984 991//991 992//992
f 984//984 992//992 999//999
f 999//999 1000//1000 985//985
f 993//993 994//994 987//987
f 987//987 994//994 995//995
f 995//995 988//988 987//987
f 996//996 997//997 989//989
f 989//989 997//997 998//998
f 998//998 990//990 983//983
f 986//986 1000//1000 993//993
f 988//988 995//995 996//996
f 996//996 1001//1001 997//997
f 997//997 1001//1001 998//998
f 1002//1002 1003//1003 991//991
f 1003//1003 1004//1004 991//991
f 1004//1004 1005//1005 999//999
f 1005//1005 1006//1006 999//999
f 999//999 1006//1006 1007//1007
f 1000//1000 1007//1007 1008//1008
f 1008//1008 1009//1009 993//993
f 1009//1009 1010//1010 994//994
f 1010//1010 1011//1011 995//995
f 1011//1011 1012//1012 995//995
f 1012//1012 1013//1013 996//996
f 998//998 1014//1014 1002//1002
f 1002//1002 1015//1015 1003//1003
f 1003//1003 1015//1015 1004//1004
f 1017//1017 1018//1018 1008//1008
f 1009//1009 1018//1018 1019//1019
f 1012//1012 1020//1020 1013//1013
f 1013//1013 1020//1020 1021//1021
f 1021//1021 1022//1022 1001//1001
f 1022//1022 1023//1023 1014//1014
f 1015//1015 1025//1025 1004//1004
f 1004//1004 1025//1025 1026//1026
f 1018//1018 1028//1028 1019//1019
f 1019//1019 1029//1029 1010//1010
f 1029//1029 1030//1030 1011//1011
f 1030//1030 1031//1031 1012//1012
f 1020//1020 1032//1032 1021//1021
f 1033//1033 1024//1024 1002//1002
f 1024//1024 1034//1034 1015//1015
f 1015//1015 1034//1034 1025//1025
f 1026//1026 1035//1035 1036//1036
f 1016//1016 1036//1036 1027//1027
f 1028//1028 1037//1037 1019//1019
f 1019//1019 1037//1037 1029//1029
f 1030//1030 1038//1038 1031//1031
f 1032//1032 1039//1039 1022//1022
f 1040//1040 1041//1041 1024//1024
f 1034//1034 1042//1042 1025//1025
f 1025//1025 1042//1042 1043//1043
f 1025//1025 1043//1043 1044//1044
f 1045//1045 1046//1046 1028//1028
f 1046//1046 1047//1047 1028//1028
f 1037//1037 1048//1048 1029//1029
f 1048//1048 1049//1049 1030//1030
f 1038//1038 1050//1050 1031//1031
f 1031//1031 1050//1050 1051//1051
f 1051//1051 1052//1052 1032//1032
f 1052//1052 1053//1053 1032//1032
f 1023//1023 1054//1054 1055//1055
f 1033//1033 1055//1055 1040//1040
f 1040//1040 1056//1056 1041//1041
f 1041//1041 1057//1057 1034//1034
f 1044//1044 1058//1058 1035//1035
f 1058//1058 1059//1059 1036//1036
f 1059//1059 1060//1060 1045//1045
f 1060//1060 1061//1061 1045//1045
f 1047//1047 1062//1062 1037//1037
f 1037//1037 1062//1062 1063//1063
f 1048//1048 1063//1063 1049//1049
f 1050//1050 1064//1064 1051//1051
f 1064//1064 1065//1065 1051//1051
f 1065//1065 1066//1066 1052//1052
f 1052//1052 1066//1066 1053//1053
f 1054//1054 1067//1067 1055//1055
f 1067//1067 1056//1056 1040//1040
f 1057//1057 1068//1068 1042//1042
f 1068//1068 1069//1069 1043//1043
f 1061//1061 1070//1070 1046//1046
f 1046//1046 1070//1070 1047//1047
f 1063//1063 1071//1071 1049//1049
f 1038//1038 1072//1072 1050//1050
f 1056//1056 1074//1074 1041//1041
f 1071//1071 1076//1076 1038//1038
f 1066//1066 1077//1077 1053//1053
f 1074//1074 1079//1079 1080//1080
f 1080//1080 1081//1081 1069//1069
f 1075//1075 1081//1081 1082//1082
f 1059//1059 1082//1082 1083//1083
f 1061//1061 1083//1083 1084//1084
f 1062//1062 1084//1084 1085//1085
f 1076//1076 1085//1085 1086//1086
f 1086//1086 1087//1087 1066//1066
f 1087//1087 1088//1088 1073//1073
f 1078//1078 1088//1088 1079//1079
usemtl field_material_05
f 1091//1091 1094//1094 1093//1093
f 1093//1093 1096//1096 1097//1097
f 1096//1096 1094//1094 1098//1098
f 1096//1096 1098//1098 1097//1097
f 1098//1098 1099//1099 1101//1101
f 1097//1097 1098//1098 1101//1101
f 1101//1101 1099//1099 1090//1090
f 1101//1101 1103//1103 1102//1102
f 1103//1103 1090//1090 1091//1091
f 1105//1105 1108//1108 1106//1106
f 1107//1107 1105//1105 1106//1106
f 1106//1106 1110//1110 1111//1111
f 1106//1106 1108//1108 1109//1109
f 1109//1109 1104//1104 1113//1113
f 1104//1104 1115//1115 1116//1116
f 1114//1114 1113//1113 1116//1116
f 1116//1116 1115//1115 1105//1105
f 1116//1116 1105//1105 1107//1107
f 1121//1121 1119//1119 1122//1122
f 1120//1120 1118//1118 1122//1122
f 1122//1122 1118//1118 1124//1124
f 1124//1124 1128//1128 1129//1129
f 1127//1127 1126//1126 1129//1129
f 1129//1129 1128//1128 1120//1120
f 1129//1129 1119//1119 1130//1130
f 1142//1142 1132//1132 1133//1133
f 1141//1141 1134//1134 1133//1133
f 1133//1133 1136//1136 1138//1138
f 1133//1133 1134//1134 1137//1137
f 1138//1138 1136//1136 1139//1139
f 1137//1137 1131//1131 1139//1139
f 1139//1139 1131//1131 1141//1141
f 1139//1139 1132//1132 1142//1142
f 1144//1144 1147//1147 1146//1146
f 1146//1146 1149//1149 1151//1151
f 1146//1146 1147//1147 1150//1150
f 1151//1151 1149//1149 1152//1152
f 1150//1150 1143//1143 1152//1152
f 1143//1143 1154//1154 1152//1152
f 1152//1152 1155//1155 1156//1156
f 1155//1155 1154//1154 1144//1144
f 1158//1158 1160//1160 1159//1159
f 1160//1160 1162//1162 1161//1161
f 1162//1162 1164//1164 1163//1163
f 1164//1164 1166//1166 1165//1165
f 1162//1162 1160//1160 1158//1158
f 1158//1158 1168//1168 1162//1162
f 1168//1168 1166//1166 1162//1162
f 1166//1166 1168//1168 1167//1167
f 1168//1168 1158//1158 1157//1157
f 1167//1167 1157//1157 1159//1159
f 1159//1159 1161//1161 1163//1163
f 1163//1163 1165//1165 1159//1159
usemtl field_material_03
f 1170//1170 1175//1175 1176//1176
f 1171//1171 1176//1176 1177//1177
f 1172//1172 1177//1177 1188//1188
f 1172//1172 1188//1188 1178//1178
f 1172//1172 1178//1178 1179//1179
f 1179//1179 1180//1180 1173//1173
f 1174//1174 1180//1180 1181//1181
f 1174//1174 1181//1181 1182//1182
f 1170//1170 1184//1184 1175//1175
f 1185//1185 1186//1186 1176//1176
f 1177//1177 1186//1186 1187//1187
f 1185//1185 1189//1189 1190//1190
f 1190//1190 1191//1191 1186//1186
f 1186//1186 1191//1191 1187//1187
f 1187//1187 1192//1192 1188//1188
f 1192//1192 1193//1193 1178//1178
f 1193//1193 1194//1194 1179//1179
f 1180//1180 1194//1194 1195//1195
f 1181//1181 1195//1195 1196//1196
f 1196//1196 1197//1197 1182//1182
f 1183//1183 1197//1197 1198//1198
f 1175//1175 1198//1198 1189//1189
f 1199//1199 1200//1200 1189//1189
f 1201//1201 1209//1209 1191//1191
f 1209//1209 1210//1210 1187//1187
f 1187//1187 1210//1210 1192//1192
f 1193//1193 1202//1202 1203//1203
f 1203//1203 1204//1204 1193//1193
f 1197//1197 1205//1205 1198//1198
f 1198//1198 1205//1205 1206//1206
f 1206//1206 1207//1207 1198//1198
f 1198//1198 1207//1207 1199//1199
f 1190//1190 1208//1208 1201//1201
f 1194//1194 1212//1212 1213//1213
f 1213//1213 1214//1214 1196//1196
f 1214//1214 1215//1215 1197//1197
f 1199//1199 1216//1216 1200//1200
f 1200//1200 1216//1216 1208//1208
f 1201//1201 1217//1217 1209//1209
f 1203//1203 1218//1218 1204//1204
f 1213//1213 1220//1220 1214//1214
f 1215//1215 1221//1221 1205//1205
f 1216//1216 1222//1222 1208//1208
f 1222//1222 1223//1223 1208//1208
f 1223//1223 1224//1224 1201//1201
f 1209//1209 1217//1217 1225//1225
f 1210//1210 1225//1225 1226//1226
f 1226//1226 1227//1227 1202//1202
f 1203//1203 1227//1227 1218//1218
f 1228//1228 1229//1229 1212//1212
f 1213//1213 1230//1230 1231//1231
f 1214//1214 1232//1232 1233//1233
f 1221//1221 1234//1234 1205//1205
f 1234//1234 1235//1235 1206//1206
f 1206//1206 1235//1235 1236//1236
f 1207//1207 1236//1236 1216//1216
f 1237//1237 1238//1238 1216//1216
f 1216//1216 1238//1238 1222//1222
f 1224//1224 1239//1239 1217//1217
f 1239//1239 1240//1240 1217//1217
f 1217//1217 1240//1240 1225//1225
f 1226//1226 1241//1241 1227//1227
f 1241//1241 1242//1242 1227//1227
f 1227//1227 1242//1242 1218//1218
f 1229//1229 1243//1243 1219//1219
f 1219//1219 1243//1243 1230//1230
f 1220//1220 1244//1244 1232//1232
f 1233//1233 1245//1245 1221//1221
f 1221//1221 1245//1245 1234//1234
f 1236//1236 1237//1237 1216//1216
f 1238//1238 1246//1246 1222//1222
f 1223//1223 1247//1247 1224//1224
f 1224//1224 1247//1247 1239//1239
f 1225//1225 1248//1248 1226//1226
f 1226//1226 1248//1248 1241//1241
f 1228//1228 1249//1249 1229//1229
f 1229//1229 1249//1249 1243//1243
f 1243//1243 1250//1250 1230//1230
f 1231//1231 1250//1250 1251//1251
f 1220//1220 1251//1251 1244//1244
f 1244//1244 1252//1252 1233//1233
f 1245//1245 1253//1253 1234//1234
f 1234//1234 1253//1253 1235//1235
f 1246//1246 1247//1247 1223//1223
f 1240//1240 1248//1248 1225//1225
f 1242//1242 1254//1254 1218//1218
f 1256//1256 1257//1257 1238//1238
f 1247//1247 1257//1257 1258//1258
f 1258//1258 1259//1259 1248//1248
f 1259//1259 1260//1260 1242//1242
f 1260//1260 1261//1261 1249//1249
f 1250//1250 1261//1261 1262//1262
f 1251//1251 1262//1262 1263//1263
f 1263//1263 1264//1264 1253//1253
f 1264//1264 1256//1256 1255//1255
usemtl field_material_05
f 1276//1276 1266//1266 1267//1267
f 1268//1268 1267//1267 1269//1269
f 1269//1269 1271//1271 1272//1272
f 1269//1269 1266//1266 1270//1270
f 1270//1270 1273//1273 1274//1274
f 1272//1272 1271//1271 1274//1274
f 1275//1275 1274//1274 1277//1277
f 1277//1277 1273//1273 1276//1276
f 1277//1277 1267//1267 1278//1278
f 1290//1290 1280//1280 1281//1281
f 1289//1289 1282//1282 1281//1281
f 1281//1281 1284//1284 1286//1286
f 1281//1281 1282//1282 1285//1285
f 1285//1285 1279//1279 1288//1288
f 1286//1286 1284//1284 1288//1288
f 1288//1288 1279//1279 1289//1289
f 1288//1288 1280//1280 1290//1290
f 1302//1302 1292//1292 1293//1293
f 1301//1301 1295//1295 1293//1293
f 1293//1293 1296//1296 1297//1297
f 1293//1293 1295//1295 1298//1298
f 1300//1300 1296//1296 1299//1299
f 1298//1298 1291//1291 1299//1299
f 1299//1299 1291//1291 1301//1301
f 1299//1299 1292//1292 1302//1302
f 1314//1314 1304//1304 1305//1305
f 1313//1313 1303//1303 1305//1305
f 1303//1303 1307//1307 1305//1305
f 1305//1305 1308//1308 1309//1309
f 1308//1308 1307//1307 1310//1310
f 1312//1312 1308//1308 1311//1311
f 1311//1311 1310//1310 1313//1313
f 1311//1311 1304//1304 1314//1314
f 1316//1316 1325//1325 1318//1318
f 1317//1317 1315//1315 1318//1318
f 1318//1318 1320//1320 1319//1319
f 1320//1320 1315//1315 1321//1321
f 1323//1323 1320//1320 1322//1322
f 1321//1321 1324//1324 1322//1322
f 1322//1322 1325//1325 1326//1326
f 1325//1325 1324//1324 1317//1317
