# Deterministic visual-only strawberry mesh.
# Collision remains the frozen 0.035 m sphere in the SDF model.
o strawberry_body
mtllib strawberry_body_v1.mtl
usemtl strawberry_skin
v 0.000000000 0.000000000 0.035000000
vt 0.500000000 0.000000000
v 0.009011219 0.000000000 0.034700570
vt 0.000000000 0.041666667
v 0.008934126 0.001176200 0.034700570
vt 0.020833333 0.041666667
v 0.008704169 0.002332275 0.034700570
vt 0.041666667 0.041666667
v 0.008325280 0.003448444 0.034700570
vt 0.062500000 0.041666667
v 0.007803944 0.004505609 0.034700570
vt 0.083333333 0.041666667
v 0.007149080 0.005485682 0.034700570
vt 0.104166667 0.041666667
v 0.006371894 0.006371894 0.034700570
vt 0.125000000 0.041666667
v 0.005485682 0.007149080 0.034700570
vt 0.145833333 0.041666667
v 0.004505609 0.007803944 0.034700570
vt 0.166666667 0.041666667
v 0.003448444 0.008325280 0.034700570
vt 0.187500000 0.041666667
v 0.002332275 0.008704169 0.034700570
vt 0.208333333 0.041666667
v 0.001176200 0.008934126 0.034700570
vt 0.229166667 0.041666667
v 0.000000000 0.009011219 0.034700570
vt 0.250000000 0.041666667
v -0.001176200 0.008934126 0.034700570
vt 0.270833333 0.041666667
v -0.002332275 0.008704169 0.034700570
vt 0.291666667 0.041666667
v -0.003448444 0.008325280 0.034700570
vt 0.312500000 0.041666667
v -0.004505609 0.007803944 0.034700570
vt 0.333333333 0.041666667
v -0.005485682 0.007149080 0.034700570
vt 0.354166667 0.041666667
v -0.006371894 0.006371894 0.034700570
vt 0.375000000 0.041666667
v -0.007149080 0.005485682 0.034700570
vt 0.395833333 0.041666667
v -0.007803944 0.004505609 0.034700570
vt 0.416666667 0.041666667
v -0.008325280 0.003448444 0.034700570
vt 0.437500000 0.041666667
v -0.008704169 0.002332275 0.034700570
vt 0.458333333 0.041666667
v -0.008934126 0.001176200 0.034700570
vt 0.479166667 0.041666667
v -0.009011219 0.000000000 0.034700570
vt 0.500000000 0.041666667
v -0.008934126 -0.001176200 0.034700570
vt 0.520833333 0.041666667
v -0.008704169 -0.002332275 0.034700570
vt 0.541666667 0.041666667
v -0.008325280 -0.003448444 0.034700570
vt 0.562500000 0.041666667
v -0.007803944 -0.004505609 0.034700570
vt 0.583333333 0.041666667
v -0.007149080 -0.005485682 0.034700570
vt 0.604166667 0.041666667
v -0.006371894 -0.006371894 0.034700570
vt 0.625000000 0.041666667
v -0.005485682 -0.007149080 0.034700570
vt 0.645833333 0.041666667
v -0.004505609 -0.007803944 0.034700570
vt 0.666666667 0.041666667
v -0.003448444 -0.008325280 0.034700570
vt 0.687500000 0.041666667
v -0.002332275 -0.008704169 0.034700570
vt 0.708333333 0.041666667
v -0.001176200 -0.008934126 0.034700570
vt 0.729166667 0.041666667
v -0.000000000 -0.009011219 0.034700570
vt 0.750000000 0.041666667
v 0.001176200 -0.008934126 0.034700570
vt 0.770833333 0.041666667
v 0.002332275 -0.008704169 0.034700570
vt 0.791666667 0.041666667
v 0.003448444 -0.008325280 0.034700570
vt 0.812500000 0.041666667
v 0.004505609 -0.007803944 0.034700570
vt 0.833333333 0.041666667
v 0.005485682 -0.007149080 0.034700570
vt 0.854166667 0.041666667
v 0.006371894 -0.006371894 0.034700570
vt 0.875000000 0.041666667
v 0.007149080 -0.005485682 0.034700570
vt 0.895833333 0.041666667
v 0.007803944 -0.004505609 0.034700570
vt 0.916666667 0.041666667
v 0.008325280 -0.003448444 0.034700570
vt 0.937500000 0.041666667
v 0.008704169 -0.002332275 0.034700570
vt 0.958333333 0.041666667
v 0.008934126 -0.001176200 0.034700570
vt 0.979166667 0.041666667
v 0.009011219 -0.000000000 0.034700570
vt 1.000000000 0.041666667
v 0.014569195 0.000000000 0.033807404
vt 0.000000000 0.083333333
v 0.014444554 0.001901662 0.033807404
vt 0.020833333 0.083333333
v 0.014072762 0.003770785 0.033807404
vt 0.041666667 0.083333333
v 0.013460181 0.005575390 0.033807404
vt 0.062500000 0.083333333
v 0.012617293 0.007284598 0.033807404
vt 0.083333333 0.083333333
v 0.011558520 0.008869164 0.033807404
vt 0.104166667 0.083333333
v 0.010301977 0.010301977 0.033807404
vt 0.125000000 0.083333333
v 0.008869164 0.011558520 0.033807404
vt 0.145833333 0.083333333
v 0.007284598 0.012617293 0.033807404
vt 0.166666667 0.083333333
v 0.005575390 0.013460181 0.033807404
vt 0.187500000 0.083333333
v 0.003770785 0.014072762 0.033807404
vt 0.208333333 0.083333333
v 0.001901662 0.014444554 0.033807404
vt 0.229166667 0.083333333
v 0.000000000 0.014569195 0.033807404
vt 0.250000000 0.083333333
v -0.001901662 0.014444554 0.033807404
vt 0.270833333 0.083333333
v -0.003770785 0.014072762 0.033807404
vt 0.291666667 0.083333333
v -0.005575390 0.013460181 0.033807404
vt 0.312500000 0.083333333
v -0.007284598 0.012617293 0.033807404
vt 0.333333333 0.083333333
v -0.008869164 0.011558520 0.033807404
vt 0.354166667 0.083333333
v -0.010301977 0.010301977 0.033807404
vt 0.375000000 0.083333333
v -0.011558520 0.008869164 0.033807404
vt 0.395833333 0.083333333
v -0.012617293 0.007284598 0.033807404
vt 0.416666667 0.083333333
v -0.013460181 0.005575390 0.033807404
vt 0.437500000 0.083333333
v -0.014072762 0.003770785 0.033807404
vt 0.458333333 0.083333333
v -0.014444554 0.001901662 0.033807404
vt 0.479166667 0.083333333
v -0.014569195 0.000000000 0.033807404
vt 0.500000000 0.083333333
v -0.014444554 -0.001901662 0.033807404
vt 0.520833333 0.083333333
v -0.014072762 -0.003770785 0.033807404
vt 0.541666667 0.083333333
v -0.013460181 -0.005575390 0.033807404
vt 0.562500000 0.083333333
v -0.012617293 -0.007284598 0.033807404
vt 0.583333333 0.083333333
v -0.011558520 -0.008869164 0.033807404
vt 0.604166667 0.083333333
v -0.010301977 -0.010301977 0.033807404
vt 0.625000000 0.083333333
v -0.008869164 -0.011558520 0.033807404
vt 0.645833333 0.083333333
v -0.007284598 -0.012617293 0.033807404
vt 0.666666667 0.083333333
v -0.005575390 -0.013460181 0.033807404
vt 0.687500000 0.083333333
v -0.003770785 -0.014072762 0.033807404
vt 0.708333333 0.083333333
v -0.001901662 -0.014444554 0.033807404
vt 0.729166667 0.083333333
v -0.000000000 -0.014569195 0.033807404
vt 0.750000000 0.083333333
v 0.001901662 -0.014444554 0.033807404
vt 0.770833333 0.083333333
v 0.003770785 -0.014072762 0.033807404
vt 0.791666667 0.083333333
v 0.005575390 -0.013460181 0.033807404
vt 0.812500000 0.083333333
v 0.007284598 -0.012617293 0.033807404
vt 0.833333333 0.083333333
v 0.008869164 -0.011558520 0.033807404
vt 0.854166667 0.083333333
v 0.010301977 -0.010301977 0.033807404
vt 0.875000000 0.083333333
v 0.011558520 -0.008869164 0.033807404
vt 0.895833333 0.083333333
v 0.012617293 -0.007284598 0.033807404
vt 0.916666667 0.083333333
v 0.013460181 -0.005575390 0.033807404
vt 0.937500000 0.083333333
v 0.014072762 -0.003770785 0.033807404
vt 0.958333333 0.083333333
v 0.014444554 -0.001901662 0.033807404
vt 0.979166667 0.083333333
v 0.014569195 -0.000000000 0.033807404
vt 1.000000000 0.083333333
v 0.019065660 0.000000000 0.032335784
vt 0.000000000 0.125000000
v 0.018902550 0.002488568 0.032335784
vt 0.020833333 0.125000000
v 0.018416013 0.004934556 0.032335784
vt 0.041666667 0.125000000
v 0.017614373 0.007296112 0.032335784
vt 0.062500000 0.125000000
v 0.016511346 0.009532830 0.032335784
vt 0.083333333 0.125000000
v 0.015125805 0.011606438 0.032335784
vt 0.104166667 0.125000000
v 0.013481457 0.013481457 0.032335784
vt 0.125000000 0.125000000
v 0.011606438 0.015125805 0.032335784
vt 0.145833333 0.125000000
v 0.009532830 0.016511346 0.032335784
vt 0.166666667 0.125000000
v 0.007296112 0.017614373 0.032335784
vt 0.187500000 0.125000000
v 0.004934556 0.018416013 0.032335784
vt 0.208333333 0.125000000
v 0.002488568 0.018902550 0.032335784
vt 0.229166667 0.125000000
v 0.000000000 0.019065660 0.032335784
vt 0.250000000 0.125000000
v -0.002488568 0.018902550 0.032335784
vt 0.270833333 0.125000000
v -0.004934556 0.018416013 0.032335784
vt 0.291666667 0.125000000
v -0.007296112 0.017614373 0.032335784
vt 0.312500000 0.125000000
v -0.009532830 0.016511346 0.032335784
vt 0.333333333 0.125000000
v -0.011606438 0.015125805 0.032335784
vt 0.354166667 0.125000000
v -0.013481457 0.013481457 0.032335784
vt 0.375000000 0.125000000
v -0.015125805 0.011606438 0.032335784
vt 0.395833333 0.125000000
v -0.016511346 0.009532830 0.032335784
vt 0.416666667 0.125000000
v -0.017614373 0.007296112 0.032335784
vt 0.437500000 0.125000000
v -0.018416013 0.004934556 0.032335784
vt 0.458333333 0.125000000
v -0.018902550 0.002488568 0.032335784
vt 0.479166667 0.125000000
v -0.019065660 0.000000000 0.032335784
vt 0.500000000 0.125000000
v -0.018902550 -0.002488568 0.032335784
vt 0.520833333 0.125000000
v -0.018416013 -0.004934556 0.032335784
vt 0.541666667 0.125000000
v -0.017614373 -0.007296112 0.032335784
vt 0.562500000 0.125000000
v -0.016511346 -0.009532830 0.032335784
vt 0.583333333 0.125000000
v -0.015125805 -0.011606438 0.032335784
vt 0.604166667 0.125000000
v -0.013481457 -0.013481457 0.032335784
vt 0.625000000 0.125000000
v -0.011606438 -0.015125805 0.032335784
vt 0.645833333 0.125000000
v -0.009532830 -0.016511346 0.032335784
vt 0.666666667 0.125000000
v -0.007296112 -0.017614373 0.032335784
vt 0.687500000 0.125000000
v -0.004934556 -0.018416013 0.032335784
vt 0.708333333 0.125000000
v -0.002488568 -0.018902550 0.032335784
vt 0.729166667 0.125000000
v -0.000000000 -0.019065660 0.032335784
vt 0.750000000 0.125000000
v 0.002488568 -0.018902550 0.032335784
vt 0.770833333 0.125000000
v 0.004934556 -0.018416013 0.032335784
vt 0.791666667 0.125000000
v 0.007296112 -0.017614373 0.032335784
vt 0.812500000 0.125000000
v 0.009532830 -0.016511346 0.032335784
vt 0.833333333 0.125000000
v 0.011606438 -0.015125805 0.032335784
vt 0.854166667 0.125000000
v 0.013481457 -0.013481457 0.032335784
vt 0.875000000 0.125000000
v 0.015125805 -0.011606438 0.032335784
vt 0.895833333 0.125000000
v 0.016511346 -0.009532830 0.032335784
vt 0.916666667 0.125000000
v 0.017614373 -0.007296112 0.032335784
vt 0.937500000 0.125000000
v 0.018416013 -0.004934556 0.032335784
vt 0.958333333 0.125000000
v 0.018902550 -0.002488568 0.032335784
vt 0.979166667 0.125000000
v 0.019065660 -0.000000000 0.032335784
vt 1.000000000 0.125000000
v 0.022820486 0.000000000 0.030310889
vt 0.000000000 0.166666667
v 0.022625254 0.002978671 0.030310889
vt 0.020833333 0.166666667
v 0.022042897 0.005906376 0.030310889
vt 0.041666667 0.166666667
v 0.021083380 0.008733022 0.030310889
vt 0.062500000 0.166666667
v 0.019763121 0.011410243 0.030310889
vt 0.083333333 0.166666667
v 0.018104709 0.013892232 0.030310889
vt 0.104166667 0.166666667
v 0.016136520 0.016136520 0.030310889
vt 0.125000000 0.166666667
v 0.013892232 0.018104709 0.030310889
vt 0.145833333 0.166666667
v 0.011410243 0.019763121 0.030310889
vt 0.166666667 0.166666667
v 0.008733022 0.021083380 0.030310889
vt 0.187500000 0.166666667
v 0.005906376 0.022042897 0.030310889
vt 0.208333333 0.166666667
v 0.002978671 0.022625254 0.030310889
vt 0.229166667 0.166666667
v 0.000000000 0.022820486 0.030310889
vt 0.250000000 0.166666667
v -0.002978671 0.022625254 0.030310889
vt 0.270833333 0.166666667
v -0.005906376 0.022042897 0.030310889
vt 0.291666667 0.166666667
v -0.008733022 0.021083380 0.030310889
vt 0.312500000 0.166666667
v -0.011410243 0.019763121 0.030310889
vt 0.333333333 0.166666667
v -0.013892232 0.018104709 0.030310889
vt 0.354166667 0.166666667
v -0.016136520 0.016136520 0.030310889
vt 0.375000000 0.166666667
v -0.018104709 0.013892232 0.030310889
vt 0.395833333 0.166666667
v -0.019763121 0.011410243 0.030310889
vt 0.416666667 0.166666667
v -0.021083380 0.008733022 0.030310889
vt 0.437500000 0.166666667
v -0.022042897 0.005906376 0.030310889
vt 0.458333333 0.166666667
v -0.022625254 0.002978671 0.030310889
vt 0.479166667 0.166666667
v -0.022820486 0.000000000 0.030310889
vt 0.500000000 0.166666667
v -0.022625254 -0.002978671 0.030310889
vt 0.520833333 0.166666667
v -0.022042897 -0.005906376 0.030310889
vt 0.541666667 0.166666667
v -0.021083380 -0.008733022 0.030310889
vt 0.562500000 0.166666667
v -0.019763121 -0.011410243 0.030310889
vt 0.583333333 0.166666667
v -0.018104709 -0.013892232 0.030310889
vt 0.604166667 0.166666667
v -0.016136520 -0.016136520 0.030310889
vt 0.625000000 0.166666667
v -0.013892232 -0.018104709 0.030310889
vt 0.645833333 0.166666667
v -0.011410243 -0.019763121 0.030310889
vt 0.666666667 0.166666667
v -0.008733022 -0.021083380 0.030310889
vt 0.687500000 0.166666667
v -0.005906376 -0.022042897 0.030310889
vt 0.708333333 0.166666667
v -0.002978671 -0.022625254 0.030310889
vt 0.729166667 0.166666667
v -0.000000000 -0.022820486 0.030310889
vt 0.750000000 0.166666667
v 0.002978671 -0.022625254 0.030310889
vt 0.770833333 0.166666667
v 0.005906376 -0.022042897 0.030310889
vt 0.791666667 0.166666667
v 0.008733022 -0.021083380 0.030310889
vt 0.812500000 0.166666667
v 0.011410243 -0.019763121 0.030310889
vt 0.833333333 0.166666667
v 0.013892232 -0.018104709 0.030310889
vt 0.854166667 0.166666667
v 0.016136520 -0.016136520 0.030310889
vt 0.875000000 0.166666667
v 0.018104709 -0.013892232 0.030310889
vt 0.895833333 0.166666667
v 0.019763121 -0.011410243 0.030310889
vt 0.916666667 0.166666667
v 0.021083380 -0.008733022 0.030310889
vt 0.937500000 0.166666667
v 0.022042897 -0.005906376 0.030310889
vt 0.958333333 0.166666667
v 0.022625254 -0.002978671 0.030310889
vt 0.979166667 0.166666667
v 0.022820486 -0.000000000 0.030310889
vt 1.000000000 0.166666667
v 0.025957091 0.000000000 0.027767367
vt 0.000000000 0.208333333
v 0.025735025 0.003388080 0.027767367
vt 0.020833333 0.208333333
v 0.025072625 0.006718190 0.027767367
vt 0.041666667 0.208333333
v 0.023981225 0.009933349 0.027767367
vt 0.062500000 0.208333333
v 0.022479500 0.012978546 0.027767367
vt 0.083333333 0.208333333
v 0.020593145 0.015801676 0.027767367
vt 0.104166667 0.208333333
v 0.018354435 0.018354435 0.027767367
vt 0.125000000 0.208333333
v 0.015801676 0.020593145 0.027767367
vt 0.145833333 0.208333333
v 0.012978546 0.022479500 0.027767367
vt 0.166666667 0.208333333
v 0.009933349 0.023981225 0.027767367
vt 0.187500000 0.208333333
v 0.006718190 0.025072625 0.027767367
vt 0.208333333 0.208333333
v 0.003388080 0.025735025 0.027767367
vt 0.229166667 0.208333333
v 0.000000000 0.025957091 0.027767367
vt 0.250000000 0.208333333
v -0.003388080 0.025735025 0.027767367
vt 0.270833333 0.208333333
v -0.006718190 0.025072625 0.027767367
vt 0.291666667 0.208333333
v -0.009933349 0.023981225 0.027767367
vt 0.312500000 0.208333333
v -0.012978546 0.022479500 0.027767367
vt 0.333333333 0.208333333
v -0.015801676 0.020593145 0.027767367
vt 0.354166667 0.208333333
v -0.018354435 0.018354435 0.027767367
vt 0.375000000 0.208333333
v -0.020593145 0.015801676 0.027767367
vt 0.395833333 0.208333333
v -0.022479500 0.012978546 0.027767367
vt 0.416666667 0.208333333
v -0.023981225 0.009933349 0.027767367
vt 0.437500000 0.208333333
v -0.025072625 0.006718190 0.027767367
vt 0.458333333 0.208333333
v -0.025735025 0.003388080 0.027767367
vt 0.479166667 0.208333333
v -0.025957091 0.000000000 0.027767367
vt 0.500000000 0.208333333
v -0.025735025 -0.003388080 0.027767367
vt 0.520833333 0.208333333
v -0.025072625 -0.006718190 0.027767367
vt 0.541666667 0.208333333
v -0.023981225 -0.009933349 0.027767367
vt 0.562500000 0.208333333
v -0.022479500 -0.012978546 0.027767367
vt 0.583333333 0.208333333
v -0.020593145 -0.015801676 0.027767367
vt 0.604166667 0.208333333
v -0.018354435 -0.018354435 0.027767367
vt 0.625000000 0.208333333
v -0.015801676 -0.020593145 0.027767367
vt 0.645833333 0.208333333
v -0.012978546 -0.022479500 0.027767367
vt 0.666666667 0.208333333
v -0.009933349 -0.023981225 0.027767367
vt 0.687500000 0.208333333
v -0.006718190 -0.025072625 0.027767367
vt 0.708333333 0.208333333
v -0.003388080 -0.025735025 0.027767367
vt 0.729166667 0.208333333
v -0.000000000 -0.025957091 0.027767367
vt 0.750000000 0.208333333
v 0.003388080 -0.025735025 0.027767367
vt 0.770833333 0.208333333
v 0.006718190 -0.025072625 0.027767367
vt 0.791666667 0.208333333
v 0.009933349 -0.023981225 0.027767367
vt 0.812500000 0.208333333
v 0.012978546 -0.022479500 0.027767367
vt 0.833333333 0.208333333
v 0.015801676 -0.020593145 0.027767367
vt 0.854166667 0.208333333
v 0.018354435 -0.018354435 0.027767367
vt 0.875000000 0.208333333
v 0.020593145 -0.015801676 0.027767367
vt 0.895833333 0.208333333
v 0.022479500 -0.012978546 0.027767367
vt 0.916666667 0.208333333
v 0.023981225 -0.009933349 0.027767367
vt 0.937500000 0.208333333
v 0.025072625 -0.006718190 0.027767367
vt 0.958333333 0.208333333
v 0.025735025 -0.003388080 0.027767367
vt 0.979166667 0.208333333
v 0.025957091 -0.000000000 0.027767367
vt 1.000000000 0.208333333
v 0.028536284 0.000000000 0.024748737
vt 0.000000000 0.250000000
v 0.028292152 0.003724732 0.024748737
vt 0.020833333 0.250000000
v 0.027563933 0.007385734 0.024748737
vt 0.041666667 0.250000000
v 0.026364088 0.010920363 0.024748737
vt 0.062500000 0.250000000
v 0.024713147 0.014268142 0.024748737
vt 0.083333333 0.250000000
v 0.022639356 0.017371789 0.024748737
vt 0.104166667 0.250000000
v 0.020178200 0.020178200 0.024748737
vt 0.125000000 0.250000000
v 0.017371789 0.022639356 0.024748737
vt 0.145833333 0.250000000
v 0.014268142 0.024713147 0.024748737
vt 0.166666667 0.250000000
v 0.010920363 0.026364088 0.024748737
vt 0.187500000 0.250000000
v 0.007385734 0.027563933 0.024748737
vt 0.208333333 0.250000000
v 0.003724732 0.028292152 0.024748737
vt 0.229166667 0.250000000
v 0.000000000 0.028536284 0.024748737
vt 0.250000000 0.250000000
v -0.003724732 0.028292152 0.024748737
vt 0.270833333 0.250000000
v -0.007385734 0.027563933 0.024748737
vt 0.291666667 0.250000000
v -0.010920363 0.026364088 0.024748737
vt 0.312500000 0.250000000
v -0.014268142 0.024713147 0.024748737
vt 0.333333333 0.250000000
v -0.017371789 0.022639356 0.024748737
vt 0.354166667 0.250000000
v -0.020178200 0.020178200 0.024748737
vt 0.375000000 0.250000000
v -0.022639356 0.017371789 0.024748737
vt 0.395833333 0.250000000
v -0.024713147 0.014268142 0.024748737
vt 0.416666667 0.250000000
v -0.026364088 0.010920363 0.024748737
vt 0.437500000 0.250000000
v -0.027563933 0.007385734 0.024748737
vt 0.458333333 0.250000000
v -0.028292152 0.003724732 0.024748737
vt 0.479166667 0.250000000
v -0.028536284 0.000000000 0.024748737
vt 0.500000000 0.250000000
v -0.028292152 -0.003724732 0.024748737
vt 0.520833333 0.250000000
v -0.027563933 -0.007385734 0.024748737
vt 0.541666667 0.250000000
v -0.026364088 -0.010920363 0.024748737
vt 0.562500000 0.250000000
v -0.024713147 -0.014268142 0.024748737
vt 0.583333333 0.250000000
v -0.022639356 -0.017371789 0.024748737
vt 0.604166667 0.250000000
v -0.020178200 -0.020178200 0.024748737
vt 0.625000000 0.250000000
v -0.017371789 -0.022639356 0.024748737
vt 0.645833333 0.250000000
v -0.014268142 -0.024713147 0.024748737
vt 0.666666667 0.250000000
v -0.010920363 -0.026364088 0.024748737
vt 0.687500000 0.250000000
v -0.007385734 -0.027563933 0.024748737
vt 0.708333333 0.250000000
v -0.003724732 -0.028292152 0.024748737
vt 0.729166667 0.250000000
v -0.000000000 -0.028536284 0.024748737
vt 0.750000000 0.250000000
v 0.003724732 -0.028292152 0.024748737
vt 0.770833333 0.250000000
v 0.007385734 -0.027563933 0.024748737
vt 0.791666667 0.250000000
v 0.010920363 -0.026364088 0.024748737
vt 0.812500000 0.250000000
v 0.014268142 -0.024713147 0.024748737
vt 0.833333333 0.250000000
v 0.017371789 -0.022639356 0.024748737
vt 0.854166667 0.250000000
v 0.020178200 -0.020178200 0.024748737
vt 0.875000000 0.250000000
v 0.022639356 -0.017371789 0.024748737
vt 0.895833333 0.250000000
v 0.024713147 -0.014268142 0.024748737
vt 0.916666667 0.250000000
v 0.026364088 -0.010920363 0.024748737
vt 0.937500000 0.250000000
v 0.027563933 -0.007385734 0.024748737
vt 0.958333333 0.250000000
v 0.028292152 -0.003724732 0.024748737
vt 0.979166667 0.250000000
v 0.028536284 -0.000000000 0.024748737
vt 1.000000000 0.250000000
v 0.030593059 0.000000000 0.021306650
vt 0.000000000 0.291666667
v 0.030331331 0.003993195 0.021306650
vt 0.020833333 0.291666667
v 0.029550625 0.007918066 0.021306650
vt 0.041666667 0.291666667
v 0.028264301 0.011707457 0.021306650
vt 0.062500000 0.291666667
v 0.026494366 0.015296529 0.021306650
vt 0.083333333 0.291666667
v 0.024271105 0.018623874 0.021306650
vt 0.104166667 0.291666667
v 0.021632559 0.021632559 0.021306650
vt 0.125000000 0.291666667
v 0.018623874 0.024271105 0.021306650
vt 0.145833333 0.291666667
v 0.015296529 0.026494366 0.021306650
vt 0.166666667 0.291666667
v 0.011707457 0.028264301 0.021306650
vt 0.187500000 0.291666667
v 0.007918066 0.029550625 0.021306650
vt 0.208333333 0.291666667
v 0.003993195 0.030331331 0.021306650
vt 0.229166667 0.291666667
v 0.000000000 0.030593059 0.021306650
vt 0.250000000 0.291666667
v -0.003993195 0.030331331 0.021306650
vt 0.270833333 0.291666667
v -0.007918066 0.029550625 0.021306650
vt 0.291666667 0.291666667
v -0.011707457 0.028264301 0.021306650
vt 0.312500000 0.291666667
v -0.015296529 0.026494366 0.021306650
vt 0.333333333 0.291666667
v -0.018623874 0.024271105 0.021306650
vt 0.354166667 0.291666667
v -0.021632559 0.021632559 0.021306650
vt 0.375000000 0.291666667
v -0.024271105 0.018623874 0.021306650
vt 0.395833333 0.291666667
v -0.026494366 0.015296529 0.021306650
vt 0.416666667 0.291666667
v -0.028264301 0.011707457 0.021306650
vt 0.437500000 0.291666667
v -0.029550625 0.007918066 0.021306650
vt 0.458333333 0.291666667
v -0.030331331 0.003993195 0.021306650
vt 0.479166667 0.291666667
v -0.030593059 0.000000000 0.021306650
vt 0.500000000 0.291666667
v -0.030331331 -0.003993195 0.021306650
vt 0.520833333 0.291666667
v -0.029550625 -0.007918066 0.021306650
vt 0.541666667 0.291666667
v -0.028264301 -0.011707457 0.021306650
vt 0.562500000 0.291666667
v -0.026494366 -0.015296529 0.021306650
vt 0.583333333 0.291666667
v -0.024271105 -0.018623874 0.021306650
vt 0.604166667 0.291666667
v -0.021632559 -0.021632559 0.021306650
vt 0.625000000 0.291666667
v -0.018623874 -0.024271105 0.021306650
vt 0.645833333 0.291666667
v -0.015296529 -0.026494366 0.021306650
vt 0.666666667 0.291666667
v -0.011707457 -0.028264301 0.021306650
vt 0.687500000 0.291666667
v -0.007918066 -0.029550625 0.021306650
vt 0.708333333 0.291666667
v -0.003993195 -0.030331331 0.021306650
vt 0.729166667 0.291666667
v -0.000000000 -0.030593059 0.021306650
vt 0.750000000 0.291666667
v 0.003993195 -0.030331331 0.021306650
vt 0.770833333 0.291666667
v 0.007918066 -0.029550625 0.021306650
vt 0.791666667 0.291666667
v 0.011707457 -0.028264301 0.021306650
vt 0.812500000 0.291666667
v 0.015296529 -0.026494366 0.021306650
vt 0.833333333 0.291666667
v 0.018623874 -0.024271105 0.021306650
vt 0.854166667 0.291666667
v 0.021632559 -0.021632559 0.021306650
vt 0.875000000 0.291666667
v 0.024271105 -0.018623874 0.021306650
vt 0.895833333 0.291666667
v 0.026494366 -0.015296529 0.021306650
vt 0.916666667 0.291666667
v 0.028264301 -0.011707457 0.021306650
vt 0.937500000 0.291666667
v 0.029550625 -0.007918066 0.021306650
vt 0.958333333 0.291666667
v 0.030331331 -0.003993195 0.021306650
vt 0.979166667 0.291666667
v 0.030593059 -0.000000000 0.021306650
vt 1.000000000 0.291666667
v 0.032150683 0.000000000 0.017500000
vt 0.000000000 0.333333333
v 0.031875629 0.004196506 0.017500000
vt 0.020833333 0.333333333
v 0.031055175 0.008321209 0.017500000
vt 0.041666667 0.333333333
v 0.029703358 0.012303534 0.017500000
vt 0.062500000 0.333333333
v 0.027843308 0.016075341 0.017500000
vt 0.083333333 0.333333333
v 0.025506851 0.019572095 0.017500000
vt 0.104166667 0.333333333
v 0.022733966 0.022733966 0.017500000
vt 0.125000000 0.333333333
v 0.019572095 0.025506851 0.017500000
vt 0.145833333 0.333333333
v 0.016075341 0.027843308 0.017500000
vt 0.166666667 0.333333333
v 0.012303534 0.029703358 0.017500000
vt 0.187500000 0.333333333
v 0.008321209 0.031055175 0.017500000
vt 0.208333333 0.333333333
v 0.004196506 0.031875629 0.017500000
vt 0.229166667 0.333333333
v 0.000000000 0.032150683 0.017500000
vt 0.250000000 0.333333333
v -0.004196506 0.031875629 0.017500000
vt 0.270833333 0.333333333
v -0.008321209 0.031055175 0.017500000
vt 0.291666667 0.333333333
v -0.012303534 0.029703358 0.017500000
vt 0.312500000 0.333333333
v -0.016075341 0.027843308 0.017500000
vt 0.333333333 0.333333333
v -0.019572095 0.025506851 0.017500000
vt 0.354166667 0.333333333
v -0.022733966 0.022733966 0.017500000
vt 0.375000000 0.333333333
v -0.025506851 0.019572095 0.017500000
vt 0.395833333 0.333333333
v -0.027843308 0.016075341 0.017500000
vt 0.416666667 0.333333333
v -0.029703358 0.012303534 0.017500000
vt 0.437500000 0.333333333
v -0.031055175 0.008321209 0.017500000
vt 0.458333333 0.333333333
v -0.031875629 0.004196506 0.017500000
vt 0.479166667 0.333333333
v -0.032150683 0.000000000 0.017500000
vt 0.500000000 0.333333333
v -0.031875629 -0.004196506 0.017500000
vt 0.520833333 0.333333333
v -0.031055175 -0.008321209 0.017500000
vt 0.541666667 0.333333333
v -0.029703358 -0.012303534 0.017500000
vt 0.562500000 0.333333333
v -0.027843308 -0.016075341 0.017500000
vt 0.583333333 0.333333333
v -0.025506851 -0.019572095 0.017500000
vt 0.604166667 0.333333333
v -0.022733966 -0.022733966 0.017500000
vt 0.625000000 0.333333333
v -0.019572095 -0.025506851 0.017500000
vt 0.645833333 0.333333333
v -0.016075341 -0.027843308 0.017500000
vt 0.666666667 0.333333333
v -0.012303534 -0.029703358 0.017500000
vt 0.687500000 0.333333333
v -0.008321209 -0.031055175 0.017500000
vt 0.708333333 0.333333333
v -0.004196506 -0.031875629 0.017500000
vt 0.729166667 0.333333333
v -0.000000000 -0.032150683 0.017500000
vt 0.750000000 0.333333333
v 0.004196506 -0.031875629 0.017500000
vt 0.770833333 0.333333333
v 0.008321209 -0.031055175 0.017500000
vt 0.791666667 0.333333333
v 0.012303534 -0.029703358 0.017500000
vt 0.812500000 0.333333333
v 0.016075341 -0.027843308 0.017500000
vt 0.833333333 0.333333333
v 0.019572095 -0.025506851 0.017500000
vt 0.854166667 0.333333333
v 0.022733966 -0.022733966 0.017500000
vt 0.875000000 0.333333333
v 0.025506851 -0.019572095 0.017500000
vt 0.895833333 0.333333333
v 0.027843308 -0.016075341 0.017500000
vt 0.916666667 0.333333333
v 0.029703358 -0.012303534 0.017500000
vt 0.937500000 0.333333333
v 0.031055175 -0.008321209 0.017500000
vt 0.958333333 0.333333333
v 0.031875629 -0.004196506 0.017500000
vt 0.979166667 0.333333333
v 0.032150683 -0.000000000 0.017500000
vt 1.000000000 0.333333333
v 0.033227132 0.000000000 0.013393920
vt 0.000000000 0.375000000
v 0.032942869 0.004337011 0.013393920
vt 0.020833333 0.375000000
v 0.032094945 0.008599815 0.013393920
vt 0.041666667 0.375000000
v 0.030697867 0.012715473 0.013393920
vt 0.062500000 0.375000000
v 0.028775540 0.016613566 0.013393920
vt 0.083333333 0.375000000
v 0.026360856 0.020227396 0.013393920
vt 0.104166667 0.375000000
v 0.023495130 0.023495130 0.013393920
vt 0.125000000 0.375000000
v 0.020227396 0.026360856 0.013393920
vt 0.145833333 0.375000000
v 0.016613566 0.028775540 0.013393920
vt 0.166666667 0.375000000
v 0.012715473 0.030697867 0.013393920
vt 0.187500000 0.375000000
v 0.008599815 0.032094945 0.013393920
vt 0.208333333 0.375000000
v 0.004337011 0.032942869 0.013393920
vt 0.229166667 0.375000000
v 0.000000000 0.033227132 0.013393920
vt 0.250000000 0.375000000
v -0.004337011 0.032942869 0.013393920
vt 0.270833333 0.375000000
v -0.008599815 0.032094945 0.013393920
vt 0.291666667 0.375000000
v -0.012715473 0.030697867 0.013393920
vt 0.312500000 0.375000000
v -0.016613566 0.028775540 0.013393920
vt 0.333333333 0.375000000
v -0.020227396 0.026360856 0.013393920
vt 0.354166667 0.375000000
v -0.023495130 0.023495130 0.013393920
vt 0.375000000 0.375000000
v -0.026360856 0.020227396 0.013393920
vt 0.395833333 0.375000000
v -0.028775540 0.016613566 0.013393920
vt 0.416666667 0.375000000
v -0.030697867 0.012715473 0.013393920
vt 0.437500000 0.375000000
v -0.032094945 0.008599815 0.013393920
vt 0.458333333 0.375000000
v -0.032942869 0.004337011 0.013393920
vt 0.479166667 0.375000000
v -0.033227132 0.000000000 0.013393920
vt 0.500000000 0.375000000
v -0.032942869 -0.004337011 0.013393920
vt 0.520833333 0.375000000
v -0.032094945 -0.008599815 0.013393920
vt 0.541666667 0.375000000
v -0.030697867 -0.012715473 0.013393920
vt 0.562500000 0.375000000
v -0.028775540 -0.016613566 0.013393920
vt 0.583333333 0.375000000
v -0.026360856 -0.020227396 0.013393920
vt 0.604166667 0.375000000
v -0.023495130 -0.023495130 0.013393920
vt 0.625000000 0.375000000
v -0.020227396 -0.026360856 0.013393920
vt 0.645833333 0.375000000
v -0.016613566 -0.028775540 0.013393920
vt 0.666666667 0.375000000
v -0.012715473 -0.030697867 0.013393920
vt 0.687500000 0.375000000
v -0.008599815 -0.032094945 0.013393920
vt 0.708333333 0.375000000
v -0.004337011 -0.032942869 0.013393920
vt 0.729166667 0.375000000
v -0.000000000 -0.033227132 0.013393920
vt 0.750000000 0.375000000
v 0.004337011 -0.032942869 0.013393920
vt 0.770833333 0.375000000
v 0.008599815 -0.032094945 0.013393920
vt 0.791666667 0.375000000
v 0.012715473 -0.030697867 0.013393920
vt 0.812500000 0.375000000
v 0.016613566 -0.028775540 0.013393920
vt 0.833333333 0.375000000
v 0.020227396 -0.026360856 0.013393920
vt 0.854166667 0.375000000
v 0.023495130 -0.023495130 0.013393920
vt 0.875000000 0.375000000
v 0.026360856 -0.020227396 0.013393920
vt 0.895833333 0.375000000
v 0.028775540 -0.016613566 0.013393920
vt 0.916666667 0.375000000
v 0.030697867 -0.012715473 0.013393920
vt 0.937500000 0.375000000
v 0.032094945 -0.008599815 0.013393920
vt 0.958333333 0.375000000
v 0.032942869 -0.004337011 0.013393920
vt 0.979166667 0.375000000
v 0.033227132 -0.000000000 0.013393920
vt 1.000000000 0.375000000
v 0.033838354 0.000000000 0.009058667
vt 0.000000000 0.416666667
v 0.033548862 0.004416791 0.009058667
vt 0.020833333 0.416666667
v 0.032685340 0.008758010 0.009058667
vt 0.041666667 0.416666667
v 0.031262563 0.012949377 0.009058667
vt 0.062500000 0.416666667
v 0.029304874 0.016919177 0.009058667
vt 0.083333333 0.416666667
v 0.026845771 0.020599485 0.009058667
vt 0.104166667 0.416666667
v 0.023927330 0.023927330 0.009058667
vt 0.125000000 0.416666667
v 0.020599485 0.026845771 0.009058667
vt 0.145833333 0.416666667
v 0.016919177 0.029304874 0.009058667
vt 0.166666667 0.416666667
v 0.012949377 0.031262563 0.009058667
vt 0.187500000 0.416666667
v 0.008758010 0.032685340 0.009058667
vt 0.208333333 0.416666667
v 0.004416791 0.033548862 0.009058667
vt 0.229166667 0.416666667
v 0.000000000 0.033838354 0.009058667
vt 0.250000000 0.416666667
v -0.004416791 0.033548862 0.009058667
vt 0.270833333 0.416666667
v -0.008758010 0.032685340 0.009058667
vt 0.291666667 0.416666667
v -0.012949377 0.031262563 0.009058667
vt 0.312500000 0.416666667
v -0.016919177 0.029304874 0.009058667
vt 0.333333333 0.416666667
v -0.020599485 0.026845771 0.009058667
vt 0.354166667 0.416666667
v -0.023927330 0.023927330 0.009058667
vt 0.375000000 0.416666667
v -0.026845771 0.020599485 0.009058667
vt 0.395833333 0.416666667
v -0.029304874 0.016919177 0.009058667
vt 0.416666667 0.416666667
v -0.031262563 0.012949377 0.009058667
vt 0.437500000 0.416666667
v -0.032685340 0.008758010 0.009058667
vt 0.458333333 0.416666667
v -0.033548862 0.004416791 0.009058667
vt 0.479166667 0.416666667
v -0.033838354 0.000000000 0.009058667
vt 0.500000000 0.416666667
v -0.033548862 -0.004416791 0.009058667
vt 0.520833333 0.416666667
v -0.032685340 -0.008758010 0.009058667
vt 0.541666667 0.416666667
v -0.031262563 -0.012949377 0.009058667
vt 0.562500000 0.416666667
v -0.029304874 -0.016919177 0.009058667
vt 0.583333333 0.416666667
v -0.026845771 -0.020599485 0.009058667
vt 0.604166667 0.416666667
v -0.023927330 -0.023927330 0.009058667
vt 0.625000000 0.416666667
v -0.020599485 -0.026845771 0.009058667
vt 0.645833333 0.416666667
v -0.016919177 -0.029304874 0.009058667
vt 0.666666667 0.416666667
v -0.012949377 -0.031262563 0.009058667
vt 0.687500000 0.416666667
v -0.008758010 -0.032685340 0.009058667
vt 0.708333333 0.416666667
v -0.004416791 -0.033548862 0.009058667
vt 0.729166667 0.416666667
v -0.000000000 -0.033838354 0.009058667
vt 0.750000000 0.416666667
v 0.004416791 -0.033548862 0.009058667
vt 0.770833333 0.416666667
v 0.008758010 -0.032685340 0.009058667
vt 0.791666667 0.416666667
v 0.012949377 -0.031262563 0.009058667
vt 0.812500000 0.416666667
v 0.016919177 -0.029304874 0.009058667
vt 0.833333333 0.416666667
v 0.020599485 -0.026845771 0.009058667
vt 0.854166667 0.416666667
v 0.023927330 -0.023927330 0.009058667
vt 0.875000000 0.416666667
v 0.026845771 -0.020599485 0.009058667
vt 0.895833333 0.416666667
v 0.029304874 -0.016919177 0.009058667
vt 0.916666667 0.416666667
v 0.031262563 -0.012949377 0.009058667
vt 0.937500000 0.416666667
v 0.032685340 -0.008758010 0.009058667
vt 0.958333333 0.416666667
v 0.033548862 -0.004416791 0.009058667
vt 0.979166667 0.416666667
v 0.033838354 -0.000000000 0.009058667
vt 1.000000000 0.416666667
v 0.034000000 0.000000000 0.004568417
vt 0.000000000 0.458333333
v 0.033709125 0.004437891 0.004568417
vt 0.020833333 0.458333333
v 0.032841478 0.008799848 0.004568417
vt 0.041666667 0.458333333
v 0.031411904 0.013011237 0.004568417
vt 0.062500000 0.458333333
v 0.029444864 0.017000000 0.004568417
vt 0.083333333 0.458333333
v 0.026974014 0.020697889 0.004568417
vt 0.104166667 0.458333333
v 0.024041631 0.024041631 0.004568417
vt 0.125000000 0.458333333
v 0.020697889 0.026974014 0.004568417
vt 0.145833333 0.458333333
v 0.017000000 0.029444864 0.004568417
vt 0.166666667 0.458333333
v 0.013011237 0.031411904 0.004568417
vt 0.187500000 0.458333333
v 0.008799848 0.032841478 0.004568417
vt 0.208333333 0.458333333
v 0.004437891 0.033709125 0.004568417
vt 0.229166667 0.458333333
v 0.000000000 0.034000000 0.004568417
vt 0.250000000 0.458333333
v -0.004437891 0.033709125 0.004568417
vt 0.270833333 0.458333333
v -0.008799848 0.032841478 0.004568417
vt 0.291666667 0.458333333
v -0.013011237 0.031411904 0.004568417
vt 0.312500000 0.458333333
v -0.017000000 0.029444864 0.004568417
vt 0.333333333 0.458333333
v -0.020697889 0.026974014 0.004568417
vt 0.354166667 0.458333333
v -0.024041631 0.024041631 0.004568417
vt 0.375000000 0.458333333
v -0.026974014 0.020697889 0.004568417
vt 0.395833333 0.458333333
v -0.029444864 0.017000000 0.004568417
vt 0.416666667 0.458333333
v -0.031411904 0.013011237 0.004568417
vt 0.437500000 0.458333333
v -0.032841478 0.008799848 0.004568417
vt 0.458333333 0.458333333
v -0.033709125 0.004437891 0.004568417
vt 0.479166667 0.458333333
v -0.034000000 0.000000000 0.004568417
vt 0.500000000 0.458333333
v -0.033709125 -0.004437891 0.004568417
vt 0.520833333 0.458333333
v -0.032841478 -0.008799848 0.004568417
vt 0.541666667 0.458333333
v -0.031411904 -0.013011237 0.004568417
vt 0.562500000 0.458333333
v -0.029444864 -0.017000000 0.004568417
vt 0.583333333 0.458333333
v -0.026974014 -0.020697889 0.004568417
vt 0.604166667 0.458333333
v -0.024041631 -0.024041631 0.004568417
vt 0.625000000 0.458333333
v -0.020697889 -0.026974014 0.004568417
vt 0.645833333 0.458333333
v -0.017000000 -0.029444864 0.004568417
vt 0.666666667 0.458333333
v -0.013011237 -0.031411904 0.004568417
vt 0.687500000 0.458333333
v -0.008799848 -0.032841478 0.004568417
vt 0.708333333 0.458333333
v -0.004437891 -0.033709125 0.004568417
vt 0.729166667 0.458333333
v -0.000000000 -0.034000000 0.004568417
vt 0.750000000 0.458333333
v 0.004437891 -0.033709125 0.004568417
vt 0.770833333 0.458333333
v 0.008799848 -0.032841478 0.004568417
vt 0.791666667 0.458333333
v 0.013011237 -0.031411904 0.004568417
vt 0.812500000 0.458333333
v 0.017000000 -0.029444864 0.004568417
vt 0.833333333 0.458333333
v 0.020697889 -0.026974014 0.004568417
vt 0.854166667 0.458333333
v 0.024041631 -0.024041631 0.004568417
vt 0.875000000 0.458333333
v 0.026974014 -0.020697889 0.004568417
vt 0.895833333 0.458333333
v 0.029444864 -0.017000000 0.004568417
vt 0.916666667 0.458333333
v 0.031411904 -0.013011237 0.004568417
vt 0.937500000 0.458333333
v 0.032841478 -0.008799848 0.004568417
vt 0.958333333 0.458333333
v 0.033709125 -0.004437891 0.004568417
vt 0.979166667 0.458333333
v 0.034000000 -0.000000000 0.004568417
vt 1.000000000 0.458333333
v 0.033728338 0.000000000 0.000000000
vt 0.000000000 0.500000000
v 0.033439788 0.004402432 0.000000000
vt 0.020833333 0.500000000
v 0.032579073 0.008729536 0.000000000
vt 0.041666667 0.500000000
v 0.031160921 0.012907276 0.000000000
vt 0.062500000 0.500000000
v 0.029209598 0.016864169 0.000000000
vt 0.083333333 0.500000000
v 0.026758490 0.020532511 0.000000000
vt 0.104166667 0.500000000
v 0.023849537 0.023849537 0.000000000
vt 0.125000000 0.500000000
v 0.020532511 0.026758490 0.000000000
vt 0.145833333 0.500000000
v 0.016864169 0.029209598 0.000000000
vt 0.166666667 0.500000000
v 0.012907276 0.031160921 0.000000000
vt 0.187500000 0.500000000
v 0.008729536 0.032579073 0.000000000
vt 0.208333333 0.500000000
v 0.004402432 0.033439788 0.000000000
vt 0.229166667 0.500000000
v 0.000000000 0.033728338 0.000000000
vt 0.250000000 0.500000000
v -0.004402432 0.033439788 0.000000000
vt 0.270833333 0.500000000
v -0.008729536 0.032579073 0.000000000
vt 0.291666667 0.500000000
v -0.012907276 0.031160921 0.000000000
vt 0.312500000 0.500000000
v -0.016864169 0.029209598 0.000000000
vt 0.333333333 0.500000000
v -0.020532511 0.026758490 0.000000000
vt 0.354166667 0.500000000
v -0.023849537 0.023849537 0.000000000
vt 0.375000000 0.500000000
v -0.026758490 0.020532511 0.000000000
vt 0.395833333 0.500000000
v -0.029209598 0.016864169 0.000000000
vt 0.416666667 0.500000000
v -0.031160921 0.012907276 0.000000000
vt 0.437500000 0.500000000
v -0.032579073 0.008729536 0.000000000
vt 0.458333333 0.500000000
v -0.033439788 0.004402432 0.000000000
vt 0.479166667 0.500000000
v -0.033728338 0.000000000 0.000000000
vt 0.500000000 0.500000000
v -0.033439788 -0.004402432 0.000000000
vt 0.520833333 0.500000000
v -0.032579073 -0.008729536 0.000000000
vt 0.541666667 0.500000000
v -0.031160921 -0.012907276 0.000000000
vt 0.562500000 0.500000000
v -0.029209598 -0.016864169 0.000000000
vt 0.583333333 0.500000000
v -0.026758490 -0.020532511 0.000000000
vt 0.604166667 0.500000000
v -0.023849537 -0.023849537 0.000000000
vt 0.625000000 0.500000000
v -0.020532511 -0.026758490 0.000000000
vt 0.645833333 0.500000000
v -0.016864169 -0.029209598 0.000000000
vt 0.666666667 0.500000000
v -0.012907276 -0.031160921 0.000000000
vt 0.687500000 0.500000000
v -0.008729536 -0.032579073 0.000000000
vt 0.708333333 0.500000000
v -0.004402432 -0.033439788 0.000000000
vt 0.729166667 0.500000000
v -0.000000000 -0.033728338 0.000000000
vt 0.750000000 0.500000000
v 0.004402432 -0.033439788 0.000000000
vt 0.770833333 0.500000000
v 0.008729536 -0.032579073 0.000000000
vt 0.791666667 0.500000000
v 0.012907276 -0.031160921 0.000000000
vt 0.812500000 0.500000000
v 0.016864169 -0.029209598 0.000000000
vt 0.833333333 0.500000000
v 0.020532511 -0.026758490 0.000000000
vt 0.854166667 0.500000000
v 0.023849537 -0.023849537 0.000000000
vt 0.875000000 0.500000000
v 0.026758490 -0.020532511 0.000000000
vt 0.895833333 0.500000000
v 0.029209598 -0.016864169 0.000000000
vt 0.916666667 0.500000000
v 0.031160921 -0.012907276 0.000000000
vt 0.937500000 0.500000000
v 0.032579073 -0.008729536 0.000000000
vt 0.958333333 0.500000000
v 0.033439788 -0.004402432 0.000000000
vt 0.979166667 0.500000000
v 0.033728338 -0.000000000 0.000000000
vt 1.000000000 0.500000000
v 0.033040664 0.000000000 -0.004568417
vt 0.000000000 0.541666667
v 0.032757996 0.004312672 -0.004568417
vt 0.020833333 0.541666667
v 0.031914831 0.008551553 -0.004568417
vt 0.041666667 0.541666667
v 0.030525593 0.012644115 -0.004568417
vt 0.062500000 0.541666667
v 0.028614054 0.016520332 -0.004568417
vt 0.083333333 0.541666667
v 0.026212921 0.020113882 -0.004568417
vt 0.104166667 0.541666667
v 0.023363277 0.023363277 -0.004568417
vt 0.125000000 0.541666667
v 0.020113882 0.026212921 -0.004568417
vt 0.145833333 0.541666667
v 0.016520332 0.028614054 -0.004568417
vt 0.166666667 0.541666667
v 0.012644115 0.030525593 -0.004568417
vt 0.187500000 0.541666667
v 0.008551553 0.031914831 -0.004568417
vt 0.208333333 0.541666667
v 0.004312672 0.032757996 -0.004568417
vt 0.229166667 0.541666667
v 0.000000000 0.033040664 -0.004568417
vt 0.250000000 0.541666667
v -0.004312672 0.032757996 -0.004568417
vt 0.270833333 0.541666667
v -0.008551553 0.031914831 -0.004568417
vt 0.291666667 0.541666667
v -0.012644115 0.030525593 -0.004568417
vt 0.312500000 0.541666667
v -0.016520332 0.028614054 -0.004568417
vt 0.333333333 0.541666667
v -0.020113882 0.026212921 -0.004568417
vt 0.354166667 0.541666667
v -0.023363277 0.023363277 -0.004568417
vt 0.375000000 0.541666667
v -0.026212921 0.020113882 -0.004568417
vt 0.395833333 0.541666667
v -0.028614054 0.016520332 -0.004568417
vt 0.416666667 0.541666667
v -0.030525593 0.012644115 -0.004568417
vt 0.437500000 0.541666667
v -0.031914831 0.008551553 -0.004568417
vt 0.458333333 0.541666667
v -0.032757996 0.004312672 -0.004568417
vt 0.479166667 0.541666667
v -0.033040664 0.000000000 -0.004568417
vt 0.500000000 0.541666667
v -0.032757996 -0.004312672 -0.004568417
vt 0.520833333 0.541666667
v -0.031914831 -0.008551553 -0.004568417
vt 0.541666667 0.541666667
v -0.030525593 -0.012644115 -0.004568417
vt 0.562500000 0.541666667
v -0.028614054 -0.016520332 -0.004568417
vt 0.583333333 0.541666667
v -0.026212921 -0.020113882 -0.004568417
vt 0.604166667 0.541666667
v -0.023363277 -0.023363277 -0.004568417
vt 0.625000000 0.541666667
v -0.020113882 -0.026212921 -0.004568417
vt 0.645833333 0.541666667
v -0.016520332 -0.028614054 -0.004568417
vt 0.666666667 0.541666667
v -0.012644115 -0.030525593 -0.004568417
vt 0.687500000 0.541666667
v -0.008551553 -0.031914831 -0.004568417
vt 0.708333333 0.541666667
v -0.004312672 -0.032757996 -0.004568417
vt 0.729166667 0.541666667
v -0.000000000 -0.033040664 -0.004568417
vt 0.750000000 0.541666667
v 0.004312672 -0.032757996 -0.004568417
vt 0.770833333 0.541666667
v 0.008551553 -0.031914831 -0.004568417
vt 0.791666667 0.541666667
v 0.012644115 -0.030525593 -0.004568417
vt 0.812500000 0.541666667
v 0.016520332 -0.028614054 -0.004568417
vt 0.833333333 0.541666667
v 0.020113882 -0.026212921 -0.004568417
vt 0.854166667 0.541666667
v 0.023363277 -0.023363277 -0.004568417
vt 0.875000000 0.541666667
v 0.026212921 -0.020113882 -0.004568417
vt 0.895833333 0.541666667
v 0.028614054 -0.016520332 -0.004568417
vt 0.916666667 0.541666667
v 0.030525593 -0.012644115 -0.004568417
vt 0.937500000 0.541666667
v 0.031914831 -0.008551553 -0.004568417
vt 0.958333333 0.541666667
v 0.032757996 -0.004312672 -0.004568417
vt 0.979166667 0.541666667
v 0.033040664 -0.000000000 -0.004568417
vt 1.000000000 0.541666667
v 0.031955369 0.000000000 -0.009058667
vt 0.000000000 0.583333333
v 0.031681986 0.004171013 -0.009058667
vt 0.020833333 0.583333333
v 0.030866516 0.008270658 -0.009058667
vt 0.041666667 0.583333333
v 0.029522911 0.012228790 -0.009058667
vt 0.062500000 0.583333333
v 0.027674161 0.015977684 -0.009058667
vt 0.083333333 0.583333333
v 0.025351898 0.019453196 -0.009058667
vt 0.104166667 0.583333333
v 0.022595858 0.022595858 -0.009058667
vt 0.125000000 0.583333333
v 0.019453196 0.025351898 -0.009058667
vt 0.145833333 0.583333333
v 0.015977684 0.027674161 -0.009058667
vt 0.166666667 0.583333333
v 0.012228790 0.029522911 -0.009058667
vt 0.187500000 0.583333333
v 0.008270658 0.030866516 -0.009058667
vt 0.208333333 0.583333333
v 0.004171013 0.031681986 -0.009058667
vt 0.229166667 0.583333333
v 0.000000000 0.031955369 -0.009058667
vt 0.250000000 0.583333333
v -0.004171013 0.031681986 -0.009058667
vt 0.270833333 0.583333333
v -0.008270658 0.030866516 -0.009058667
vt 0.291666667 0.583333333
v -0.012228790 0.029522911 -0.009058667
vt 0.312500000 0.583333333
v -0.015977684 0.027674161 -0.009058667
vt 0.333333333 0.583333333
v -0.019453196 0.025351898 -0.009058667
vt 0.354166667 0.583333333
v -0.022595858 0.022595858 -0.009058667
vt 0.375000000 0.583333333
v -0.025351898 0.019453196 -0.009058667
vt 0.395833333 0.583333333
v -0.027674161 0.015977684 -0.009058667
vt 0.416666667 0.583333333
v -0.029522911 0.012228790 -0.009058667
vt 0.437500000 0.583333333
v -0.030866516 0.008270658 -0.009058667
vt 0.458333333 0.583333333
v -0.031681986 0.004171013 -0.009058667
vt 0.479166667 0.583333333
v -0.031955369 0.000000000 -0.009058667
vt 0.500000000 0.583333333
v -0.031681986 -0.004171013 -0.009058667
vt 0.520833333 0.583333333
v -0.030866516 -0.008270658 -0.009058667
vt 0.541666667 0.583333333
v -0.029522911 -0.012228790 -0.009058667
vt 0.562500000 0.583333333
v -0.027674161 -0.015977684 -0.009058667
vt 0.583333333 0.583333333
v -0.025351898 -0.019453196 -0.009058667
vt 0.604166667 0.583333333
v -0.022595858 -0.022595858 -0.009058667
vt 0.625000000 0.583333333
v -0.019453196 -0.025351898 -0.009058667
vt 0.645833333 0.583333333
v -0.015977684 -0.027674161 -0.009058667
vt 0.666666667 0.583333333
v -0.012228790 -0.029522911 -0.009058667
vt 0.687500000 0.583333333
v -0.008270658 -0.030866516 -0.009058667
vt 0.708333333 0.583333333
v -0.004171013 -0.031681986 -0.009058667
vt 0.729166667 0.583333333
v -0.000000000 -0.031955369 -0.009058667
vt 0.750000000 0.583333333
v 0.004171013 -0.031681986 -0.009058667
vt 0.770833333 0.583333333
v 0.008270658 -0.030866516 -0.009058667
vt 0.791666667 0.583333333
v 0.012228790 -0.029522911 -0.009058667
vt 0.812500000 0.583333333
v 0.015977684 -0.027674161 -0.009058667
vt 0.833333333 0.583333333
v 0.019453196 -0.025351898 -0.009058667
vt 0.854166667 0.583333333
v 0.022595858 -0.022595858 -0.009058667
vt 0.875000000 0.583333333
v 0.025351898 -0.019453196 -0.009058667
vt 0.895833333 0.583333333
v 0.027674161 -0.015977684 -0.009058667
vt 0.916666667 0.583333333
v 0.029522911 -0.012228790 -0.009058667
vt 0.937500000 0.583333333
v 0.030866516 -0.008270658 -0.009058667
vt 0.958333333 0.583333333
v 0.031681986 -0.004171013 -0.009058667
vt 0.979166667 0.583333333
v 0.031955369 -0.000000000 -0.009058667
vt 1.000000000 0.583333333
v 0.030491727 0.000000000 -0.013393920
vt 0.000000000 0.625000000
v 0.030230866 0.003979969 -0.013393920
vt 0.020833333 0.625000000
v 0.029452746 0.007891840 -0.013393920
vt 0.041666667 0.625000000
v 0.028170682 0.011668679 -0.013393920
vt 0.062500000 0.625000000
v 0.026406610 0.015245863 -0.013393920
vt 0.083333333 0.625000000
v 0.024190713 0.018562187 -0.013393920
vt 0.104166667 0.625000000
v 0.021560907 0.021560907 -0.013393920
vt 0.125000000 0.625000000
v 0.018562187 0.024190713 -0.013393920
vt 0.145833333 0.625000000
v 0.015245863 0.026406610 -0.013393920
vt 0.166666667 0.625000000
v 0.011668679 0.028170682 -0.013393920
vt 0.187500000 0.625000000
v 0.007891840 0.029452746 -0.013393920
vt 0.208333333 0.625000000
v 0.003979969 0.030230866 -0.013393920
vt 0.229166667 0.625000000
v 0.000000000 0.030491727 -0.013393920
vt 0.250000000 0.625000000
v -0.003979969 0.030230866 -0.013393920
vt 0.270833333 0.625000000
v -0.007891840 0.029452746 -0.013393920
vt 0.291666667 0.625000000
v -0.011668679 0.028170682 -0.013393920
vt 0.312500000 0.625000000
v -0.015245863 0.026406610 -0.013393920
vt 0.333333333 0.625000000
v -0.018562187 0.024190713 -0.013393920
vt 0.354166667 0.625000000
v -0.021560907 0.021560907 -0.013393920
vt 0.375000000 0.625000000
v -0.024190713 0.018562187 -0.013393920
vt 0.395833333 0.625000000
v -0.026406610 0.015245863 -0.013393920
vt 0.416666667 0.625000000
v -0.028170682 0.011668679 -0.013393920
vt 0.437500000 0.625000000
v -0.029452746 0.007891840 -0.013393920
vt 0.458333333 0.625000000
v -0.030230866 0.003979969 -0.013393920
vt 0.479166667 0.625000000
v -0.030491727 0.000000000 -0.013393920
vt 0.500000000 0.625000000
v -0.030230866 -0.003979969 -0.013393920
vt 0.520833333 0.625000000
v -0.029452746 -0.007891840 -0.013393920
vt 0.541666667 0.625000000
v -0.028170682 -0.011668679 -0.013393920
vt 0.562500000 0.625000000
v -0.026406610 -0.015245863 -0.013393920
vt 0.583333333 0.625000000
v -0.024190713 -0.018562187 -0.013393920
vt 0.604166667 0.625000000
v -0.021560907 -0.021560907 -0.013393920
vt 0.625000000 0.625000000
v -0.018562187 -0.024190713 -0.013393920
vt 0.645833333 0.625000000
v -0.015245863 -0.026406610 -0.013393920
vt 0.666666667 0.625000000
v -0.011668679 -0.028170682 -0.013393920
vt 0.687500000 0.625000000
v -0.007891840 -0.029452746 -0.013393920
vt 0.708333333 0.625000000
v -0.003979969 -0.030230866 -0.013393920
vt 0.729166667 0.625000000
v -0.000000000 -0.030491727 -0.013393920
vt 0.750000000 0.625000000
v 0.003979969 -0.030230866 -0.013393920
vt 0.770833333 0.625000000
v 0.007891840 -0.029452746 -0.013393920
vt 0.791666667 0.625000000
v 0.011668679 -0.028170682 -0.013393920
vt 0.812500000 0.625000000
v 0.015245863 -0.026406610 -0.013393920
vt 0.833333333 0.625000000
v 0.018562187 -0.024190713 -0.013393920
vt 0.854166667 0.625000000
v 0.021560907 -0.021560907 -0.013393920
vt 0.875000000 0.625000000
v 0.024190713 -0.018562187 -0.013393920
vt 0.895833333 0.625000000
v 0.026406610 -0.015245863 -0.013393920
vt 0.916666667 0.625000000
v 0.028170682 -0.011668679 -0.013393920
vt 0.937500000 0.625000000
v 0.029452746 -0.007891840 -0.013393920
vt 0.958333333 0.625000000
v 0.030230866 -0.003979969 -0.013393920
vt 0.979166667 0.625000000
v 0.030491727 -0.000000000 -0.013393920
vt 1.000000000 0.625000000
v 0.028669398 0.000000000 -0.017500000
vt 0.000000000 0.666666667
v 0.028424128 0.003742107 -0.017500000
vt 0.020833333 0.666666667
v 0.027692512 0.007420186 -0.017500000
vt 0.041666667 0.666666667
v 0.026487070 0.010971304 -0.017500000
vt 0.062500000 0.666666667
v 0.024828427 0.014334699 -0.017500000
vt 0.083333333 0.666666667
v 0.022744963 0.017452824 -0.017500000
vt 0.104166667 0.666666667
v 0.020272326 0.020272326 -0.017500000
vt 0.125000000 0.666666667
v 0.017452824 0.022744963 -0.017500000
vt 0.145833333 0.666666667
v 0.014334699 0.024828427 -0.017500000
vt 0.166666667 0.666666667
v 0.010971304 0.026487070 -0.017500000
vt 0.187500000 0.666666667
v 0.007420186 0.027692512 -0.017500000
vt 0.208333333 0.666666667
v 0.003742107 0.028424128 -0.017500000
vt 0.229166667 0.666666667
v 0.000000000 0.028669398 -0.017500000
vt 0.250000000 0.666666667
v -0.003742107 0.028424128 -0.017500000
vt 0.270833333 0.666666667
v -0.007420186 0.027692512 -0.017500000
vt 0.291666667 0.666666667
v -0.010971304 0.026487070 -0.017500000
vt 0.312500000 0.666666667
v -0.014334699 0.024828427 -0.017500000
vt 0.333333333 0.666666667
v -0.017452824 0.022744963 -0.017500000
vt 0.354166667 0.666666667
v -0.020272326 0.020272326 -0.017500000
vt 0.375000000 0.666666667
v -0.022744963 0.017452824 -0.017500000
vt 0.395833333 0.666666667
v -0.024828427 0.014334699 -0.017500000
vt 0.416666667 0.666666667
v -0.026487070 0.010971304 -0.017500000
vt 0.437500000 0.666666667
v -0.027692512 0.007420186 -0.017500000
vt 0.458333333 0.666666667
v -0.028424128 0.003742107 -0.017500000
vt 0.479166667 0.666666667
v -0.028669398 0.000000000 -0.017500000
vt 0.500000000 0.666666667
v -0.028424128 -0.003742107 -0.017500000
vt 0.520833333 0.666666667
v -0.027692512 -0.007420186 -0.017500000
vt 0.541666667 0.666666667
v -0.026487070 -0.010971304 -0.017500000
vt 0.562500000 0.666666667
v -0.024828427 -0.014334699 -0.017500000
vt 0.583333333 0.666666667
v -0.022744963 -0.017452824 -0.017500000
vt 0.604166667 0.666666667
v -0.020272326 -0.020272326 -0.017500000
vt 0.625000000 0.666666667
v -0.017452824 -0.022744963 -0.017500000
vt 0.645833333 0.666666667
v -0.014334699 -0.024828427 -0.017500000
vt 0.666666667 0.666666667
v -0.010971304 -0.026487070 -0.017500000
vt 0.687500000 0.666666667
v -0.007420186 -0.027692512 -0.017500000
vt 0.708333333 0.666666667
v -0.003742107 -0.028424128 -0.017500000
vt 0.729166667 0.666666667
v -0.000000000 -0.028669398 -0.017500000
vt 0.750000000 0.666666667
v 0.003742107 -0.028424128 -0.017500000
vt 0.770833333 0.666666667
v 0.007420186 -0.027692512 -0.017500000
vt 0.791666667 0.666666667
v 0.010971304 -0.026487070 -0.017500000
vt 0.812500000 0.666666667
v 0.014334699 -0.024828427 -0.017500000
vt 0.833333333 0.666666667
v 0.017452824 -0.022744963 -0.017500000
vt 0.854166667 0.666666667
v 0.020272326 -0.020272326 -0.017500000
vt 0.875000000 0.666666667
v 0.022744963 -0.017452824 -0.017500000
vt 0.895833333 0.666666667
v 0.024828427 -0.014334699 -0.017500000
vt 0.916666667 0.666666667
v 0.026487070 -0.010971304 -0.017500000
vt 0.937500000 0.666666667
v 0.027692512 -0.007420186 -0.017500000
vt 0.958333333 0.666666667
v 0.028424128 -0.003742107 -0.017500000
vt 0.979166667 0.666666667
v 0.028669398 -0.000000000 -0.017500000
vt 1.000000000 0.666666667
v 0.026507575 0.000000000 -0.021306650
vt 0.000000000 0.708333333
v 0.026280799 0.003459933 -0.021306650
vt 0.020833333 0.708333333
v 0.025604352 0.006860665 -0.021306650
vt 0.041666667 0.708333333
v 0.024489806 0.010144010 -0.021306650
vt 0.062500000 0.708333333
v 0.022956234 0.013253788 -0.021306650
vt 0.083333333 0.708333333
v 0.021029874 0.016136790 -0.021306650
vt 0.104166667 0.708333333
v 0.018743686 0.018743686 -0.021306650
vt 0.125000000 0.708333333
v 0.016136790 0.021029874 -0.021306650
vt 0.145833333 0.708333333
v 0.013253788 0.022956234 -0.021306650
vt 0.166666667 0.708333333
v 0.010144010 0.024489806 -0.021306650
vt 0.187500000 0.708333333
v 0.006860665 0.025604352 -0.021306650
vt 0.208333333 0.708333333
v 0.003459933 0.026280799 -0.021306650
vt 0.229166667 0.708333333
v 0.000000000 0.026507575 -0.021306650
vt 0.250000000 0.708333333
v -0.003459933 0.026280799 -0.021306650
vt 0.270833333 0.708333333
v -0.006860665 0.025604352 -0.021306650
vt 0.291666667 0.708333333
v -0.010144010 0.024489806 -0.021306650
vt 0.312500000 0.708333333
v -0.013253788 0.022956234 -0.021306650
vt 0.333333333 0.708333333
v -0.016136790 0.021029874 -0.021306650
vt 0.354166667 0.708333333
v -0.018743686 0.018743686 -0.021306650
vt 0.375000000 0.708333333
v -0.021029874 0.016136790 -0.021306650
vt 0.395833333 0.708333333
v -0.022956234 0.013253788 -0.021306650
vt 0.416666667 0.708333333
v -0.024489806 0.010144010 -0.021306650
vt 0.437500000 0.708333333
v -0.025604352 0.006860665 -0.021306650
vt 0.458333333 0.708333333
v -0.026280799 0.003459933 -0.021306650
vt 0.479166667 0.708333333
v -0.026507575 0.000000000 -0.021306650
vt 0.500000000 0.708333333
v -0.026280799 -0.003459933 -0.021306650
vt 0.520833333 0.708333333
v -0.025604352 -0.006860665 -0.021306650
vt 0.541666667 0.708333333
v -0.024489806 -0.010144010 -0.021306650
vt 0.562500000 0.708333333
v -0.022956234 -0.013253788 -0.021306650
vt 0.583333333 0.708333333
v -0.021029874 -0.016136790 -0.021306650
vt 0.604166667 0.708333333
v -0.018743686 -0.018743686 -0.021306650
vt 0.625000000 0.708333333
v -0.016136790 -0.021029874 -0.021306650
vt 0.645833333 0.708333333
v -0.013253788 -0.022956234 -0.021306650
vt 0.666666667 0.708333333
v -0.010144010 -0.024489806 -0.021306650
vt 0.687500000 0.708333333
v -0.006860665 -0.025604352 -0.021306650
vt 0.708333333 0.708333333
v -0.003459933 -0.026280799 -0.021306650
vt 0.729166667 0.708333333
v -0.000000000 -0.026507575 -0.021306650
vt 0.750000000 0.708333333
v 0.003459933 -0.026280799 -0.021306650
vt 0.770833333 0.708333333
v 0.006860665 -0.025604352 -0.021306650
vt 0.791666667 0.708333333
v 0.010144010 -0.024489806 -0.021306650
vt 0.812500000 0.708333333
v 0.013253788 -0.022956234 -0.021306650
vt 0.833333333 0.708333333
v 0.016136790 -0.021029874 -0.021306650
vt 0.854166667 0.708333333
v 0.018743686 -0.018743686 -0.021306650
vt 0.875000000 0.708333333
v 0.021029874 -0.016136790 -0.021306650
vt 0.895833333 0.708333333
v 0.022956234 -0.013253788 -0.021306650
vt 0.916666667 0.708333333
v 0.024489806 -0.010144010 -0.021306650
vt 0.937500000 0.708333333
v 0.025604352 -0.006860665 -0.021306650
vt 0.958333333 0.708333333
v 0.026280799 -0.003459933 -0.021306650
vt 0.979166667 0.708333333
v 0.026507575 -0.000000000 -0.021306650
vt 1.000000000 0.708333333
v 0.024023569 0.000000000 -0.024748737
vt 0.000000000 0.750000000
v 0.023818044 0.003135705 -0.024748737
vt 0.020833333 0.750000000
v 0.023204986 0.006217757 -0.024748737
vt 0.041666667 0.750000000
v 0.022194884 0.009193422 -0.024748737
vt 0.062500000 0.750000000
v 0.020805021 0.012011785 -0.024748737
vt 0.083333333 0.750000000
v 0.019059179 0.014624622 -0.024748737
vt 0.104166667 0.750000000
v 0.016987229 0.016987229 -0.024748737
vt 0.125000000 0.750000000
v 0.014624622 0.019059179 -0.024748737
vt 0.145833333 0.750000000
v 0.012011785 0.020805021 -0.024748737
vt 0.166666667 0.750000000
v 0.009193422 0.022194884 -0.024748737
vt 0.187500000 0.750000000
v 0.006217757 0.023204986 -0.024748737
vt 0.208333333 0.750000000
v 0.003135705 0.023818044 -0.024748737
vt 0.229166667 0.750000000
v 0.000000000 0.024023569 -0.024748737
vt 0.250000000 0.750000000
v -0.003135705 0.023818044 -0.024748737
vt 0.270833333 0.750000000
v -0.006217757 0.023204986 -0.024748737
vt 0.291666667 0.750000000
v -0.009193422 0.022194884 -0.024748737
vt 0.312500000 0.750000000
v -0.012011785 0.020805021 -0.024748737
vt 0.333333333 0.750000000
v -0.014624622 0.019059179 -0.024748737
vt 0.354166667 0.750000000
v -0.016987229 0.016987229 -0.024748737
vt 0.375000000 0.750000000
v -0.019059179 0.014624622 -0.024748737
vt 0.395833333 0.750000000
v -0.020805021 0.012011785 -0.024748737
vt 0.416666667 0.750000000
v -0.022194884 0.009193422 -0.024748737
vt 0.437500000 0.750000000
v -0.023204986 0.006217757 -0.024748737
vt 0.458333333 0.750000000
v -0.023818044 0.003135705 -0.024748737
vt 0.479166667 0.750000000
v -0.024023569 0.000000000 -0.024748737
vt 0.500000000 0.750000000
v -0.023818044 -0.003135705 -0.024748737
vt 0.520833333 0.750000000
v -0.023204986 -0.006217757 -0.024748737
vt 0.541666667 0.750000000
v -0.022194884 -0.009193422 -0.024748737
vt 0.562500000 0.750000000
v -0.020805021 -0.012011785 -0.024748737
vt 0.583333333 0.750000000
v -0.019059179 -0.014624622 -0.024748737
vt 0.604166667 0.750000000
v -0.016987229 -0.016987229 -0.024748737
vt 0.625000000 0.750000000
v -0.014624622 -0.019059179 -0.024748737
vt 0.645833333 0.750000000
v -0.012011785 -0.020805021 -0.024748737
vt 0.666666667 0.750000000
v -0.009193422 -0.022194884 -0.024748737
vt 0.687500000 0.750000000
v -0.006217757 -0.023204986 -0.024748737
vt 0.708333333 0.750000000
v -0.003135705 -0.023818044 -0.024748737
vt 0.729166667 0.750000000
v -0.000000000 -0.024023569 -0.024748737
vt 0.750000000 0.750000000
v 0.003135705 -0.023818044 -0.024748737
vt 0.770833333 0.750000000
v 0.006217757 -0.023204986 -0.024748737
vt 0.791666667 0.750000000
v 0.009193422 -0.022194884 -0.024748737
vt 0.812500000 0.750000000
v 0.012011785 -0.020805021 -0.024748737
vt 0.833333333 0.750000000
v 0.014624622 -0.019059179 -0.024748737
vt 0.854166667 0.750000000
v 0.016987229 -0.016987229 -0.024748737
vt 0.875000000 0.750000000
v 0.019059179 -0.014624622 -0.024748737
vt 0.895833333 0.750000000
v 0.020805021 -0.012011785 -0.024748737
vt 0.916666667 0.750000000
v 0.022194884 -0.009193422 -0.024748737
vt 0.937500000 0.750000000
v 0.023204986 -0.006217757 -0.024748737
vt 0.958333333 0.750000000
v 0.023818044 -0.003135705 -0.024748737
vt 0.979166667 0.750000000
v 0.024023569 -0.000000000 -0.024748737
vt 1.000000000 0.750000000
v 0.021230398 0.000000000 -0.027767367
vt 0.000000000 0.791666667
v 0.021048769 0.002771123 -0.027767367
vt 0.020833333 0.791666667
v 0.020506990 0.005494831 -0.027767367
vt 0.041666667 0.791666667
v 0.019614330 0.008124522 -0.027767367
vt 0.062500000 0.791666667
v 0.018386064 0.010615199 -0.027767367
vt 0.083333333 0.791666667
v 0.016843207 0.012924248 -0.027767367
vt 0.104166667 0.791666667
v 0.015012159 0.015012159 -0.027767367
vt 0.125000000 0.791666667
v 0.012924248 0.016843207 -0.027767367
vt 0.145833333 0.791666667
v 0.010615199 0.018386064 -0.027767367
vt 0.166666667 0.791666667
v 0.008124522 0.019614330 -0.027767367
vt 0.187500000 0.791666667
v 0.005494831 0.020506990 -0.027767367
vt 0.208333333 0.791666667
v 0.002771123 0.021048769 -0.027767367
vt 0.229166667 0.791666667
v 0.000000000 0.021230398 -0.027767367
vt 0.250000000 0.791666667
v -0.002771123 0.021048769 -0.027767367
vt 0.270833333 0.791666667
v -0.005494831 0.020506990 -0.027767367
vt 0.291666667 0.791666667
v -0.008124522 0.019614330 -0.027767367
vt 0.312500000 0.791666667
v -0.010615199 0.018386064 -0.027767367
vt 0.333333333 0.791666667
v -0.012924248 0.016843207 -0.027767367
vt 0.354166667 0.791666667
v -0.015012159 0.015012159 -0.027767367
vt 0.375000000 0.791666667
v -0.016843207 0.012924248 -0.027767367
vt 0.395833333 0.791666667
v -0.018386064 0.010615199 -0.027767367
vt 0.416666667 0.791666667
v -0.019614330 0.008124522 -0.027767367
vt 0.437500000 0.791666667
v -0.020506990 0.005494831 -0.027767367
vt 0.458333333 0.791666667
v -0.021048769 0.002771123 -0.027767367
vt 0.479166667 0.791666667
v -0.021230398 0.000000000 -0.027767367
vt 0.500000000 0.791666667
v -0.021048769 -0.002771123 -0.027767367
vt 0.520833333 0.791666667
v -0.020506990 -0.005494831 -0.027767367
vt 0.541666667 0.791666667
v -0.019614330 -0.008124522 -0.027767367
vt 0.562500000 0.791666667
v -0.018386064 -0.010615199 -0.027767367
vt 0.583333333 0.791666667
v -0.016843207 -0.012924248 -0.027767367
vt 0.604166667 0.791666667
v -0.015012159 -0.015012159 -0.027767367
vt 0.625000000 0.791666667
v -0.012924248 -0.016843207 -0.027767367
vt 0.645833333 0.791666667
v -0.010615199 -0.018386064 -0.027767367
vt 0.666666667 0.791666667
v -0.008124522 -0.019614330 -0.027767367
vt 0.687500000 0.791666667
v -0.005494831 -0.020506990 -0.027767367
vt 0.708333333 0.791666667
v -0.002771123 -0.021048769 -0.027767367
vt 0.729166667 0.791666667
v -0.000000000 -0.021230398 -0.027767367
vt 0.750000000 0.791666667
v 0.002771123 -0.021048769 -0.027767367
vt 0.770833333 0.791666667
v 0.005494831 -0.020506990 -0.027767367
vt 0.791666667 0.791666667
v 0.008124522 -0.019614330 -0.027767367
vt 0.812500000 0.791666667
v 0.010615199 -0.018386064 -0.027767367
vt 0.833333333 0.791666667
v 0.012924248 -0.016843207 -0.027767367
vt 0.854166667 0.791666667
v 0.015012159 -0.015012159 -0.027767367
vt 0.875000000 0.791666667
v 0.016843207 -0.012924248 -0.027767367
vt 0.895833333 0.791666667
v 0.018386064 -0.010615199 -0.027767367
vt 0.916666667 0.791666667
v 0.019614330 -0.008124522 -0.027767367
vt 0.937500000 0.791666667
v 0.020506990 -0.005494831 -0.027767367
vt 0.958333333 0.791666667
v 0.021048769 -0.002771123 -0.027767367
vt 0.979166667 0.791666667
v 0.021230398 -0.000000000 -0.027767367
vt 1.000000000 0.791666667
v 0.018132290 0.000000000 -0.030310889
vt 0.000000000 0.833333333
v 0.017977165 0.002366739 -0.030310889
vt 0.020833333 0.833333333
v 0.017514447 0.004692982 -0.030310889
vt 0.041666667 0.833333333
v 0.016752051 0.006938927 -0.030310889
vt 0.062500000 0.833333333
v 0.015703023 0.009066145 -0.030310889
vt 0.083333333 0.833333333
v 0.014385312 0.011038238 -0.030310889
vt 0.104166667 0.833333333
v 0.012821465 0.012821465 -0.030310889
vt 0.125000000 0.833333333
v 0.011038238 0.014385312 -0.030310889
vt 0.145833333 0.833333333
v 0.009066145 0.015703023 -0.030310889
vt 0.166666667 0.833333333
v 0.006938927 0.016752051 -0.030310889
vt 0.187500000 0.833333333
v 0.004692982 0.017514447 -0.030310889
vt 0.208333333 0.833333333
v 0.002366739 0.017977165 -0.030310889
vt 0.229166667 0.833333333
v 0.000000000 0.018132290 -0.030310889
vt 0.250000000 0.833333333
v -0.002366739 0.017977165 -0.030310889
vt 0.270833333 0.833333333
v -0.004692982 0.017514447 -0.030310889
vt 0.291666667 0.833333333
v -0.006938927 0.016752051 -0.030310889
vt 0.312500000 0.833333333
v -0.009066145 0.015703023 -0.030310889
vt 0.333333333 0.833333333
v -0.011038238 0.014385312 -0.030310889
vt 0.354166667 0.833333333
v -0.012821465 0.012821465 -0.030310889
vt 0.375000000 0.833333333
v -0.014385312 0.011038238 -0.030310889
vt 0.395833333 0.833333333
v -0.015703023 0.009066145 -0.030310889
vt 0.416666667 0.833333333
v -0.016752051 0.006938927 -0.030310889
vt 0.437500000 0.833333333
v -0.017514447 0.004692982 -0.030310889
vt 0.458333333 0.833333333
v -0.017977165 0.002366739 -0.030310889
vt 0.479166667 0.833333333
v -0.018132290 0.000000000 -0.030310889
vt 0.500000000 0.833333333
v -0.017977165 -0.002366739 -0.030310889
vt 0.520833333 0.833333333
v -0.017514447 -0.004692982 -0.030310889
vt 0.541666667 0.833333333
v -0.016752051 -0.006938927 -0.030310889
vt 0.562500000 0.833333333
v -0.015703023 -0.009066145 -0.030310889
vt 0.583333333 0.833333333
v -0.014385312 -0.011038238 -0.030310889
vt 0.604166667 0.833333333
v -0.012821465 -0.012821465 -0.030310889
vt 0.625000000 0.833333333
v -0.011038238 -0.014385312 -0.030310889
vt 0.645833333 0.833333333
v -0.009066145 -0.015703023 -0.030310889
vt 0.666666667 0.833333333
v -0.006938927 -0.016752051 -0.030310889
vt 0.687500000 0.833333333
v -0.004692982 -0.017514447 -0.030310889
vt 0.708333333 0.833333333
v -0.002366739 -0.017977165 -0.030310889
vt 0.729166667 0.833333333
v -0.000000000 -0.018132290 -0.030310889
vt 0.750000000 0.833333333
v 0.002366739 -0.017977165 -0.030310889
vt 0.770833333 0.833333333
v 0.004692982 -0.017514447 -0.030310889
vt 0.791666667 0.833333333
v 0.006938927 -0.016752051 -0.030310889
vt 0.812500000 0.833333333
v 0.009066145 -0.015703023 -0.030310889
vt 0.833333333 0.833333333
v 0.011038238 -0.014385312 -0.030310889
vt 0.854166667 0.833333333
v 0.012821465 -0.012821465 -0.030310889
vt 0.875000000 0.833333333
v 0.014385312 -0.011038238 -0.030310889
vt 0.895833333 0.833333333
v 0.015703023 -0.009066145 -0.030310889
vt 0.916666667 0.833333333
v 0.016752051 -0.006938927 -0.030310889
vt 0.937500000 0.833333333
v 0.017514447 -0.004692982 -0.030310889
vt 0.958333333 0.833333333
v 0.017977165 -0.002366739 -0.030310889
vt 0.979166667 0.833333333
v 0.018132290 -0.000000000 -0.030310889
vt 1.000000000 0.833333333
v 0.014715106 0.000000000 -0.032335784
vt 0.000000000 0.875000000
v 0.014589217 0.001920707 -0.032335784
vt 0.020833333 0.875000000
v 0.014213701 0.003808550 -0.032335784
vt 0.041666667 0.875000000
v 0.013594986 0.005631227 -0.032335784
vt 0.062500000 0.875000000
v 0.012743656 0.007357553 -0.032335784
vt 0.083333333 0.875000000
v 0.011674279 0.008957989 -0.032335784
vt 0.104166667 0.875000000
v 0.010405152 0.010405152 -0.032335784
vt 0.125000000 0.875000000
v 0.008957989 0.011674279 -0.032335784
vt 0.145833333 0.875000000
v 0.007357553 0.012743656 -0.032335784
vt 0.166666667 0.875000000
v 0.005631227 0.013594986 -0.032335784
vt 0.187500000 0.875000000
v 0.003808550 0.014213701 -0.032335784
vt 0.208333333 0.875000000
v 0.001920707 0.014589217 -0.032335784
vt 0.229166667 0.875000000
v 0.000000000 0.014715106 -0.032335784
vt 0.250000000 0.875000000
v -0.001920707 0.014589217 -0.032335784
vt 0.270833333 0.875000000
v -0.003808550 0.014213701 -0.032335784
vt 0.291666667 0.875000000
v -0.005631227 0.013594986 -0.032335784
vt 0.312500000 0.875000000
v -0.007357553 0.012743656 -0.032335784
vt 0.333333333 0.875000000
v -0.008957989 0.011674279 -0.032335784
vt 0.354166667 0.875000000
v -0.010405152 0.010405152 -0.032335784
vt 0.375000000 0.875000000
v -0.011674279 0.008957989 -0.032335784
vt 0.395833333 0.875000000
v -0.012743656 0.007357553 -0.032335784
vt 0.416666667 0.875000000
v -0.013594986 0.005631227 -0.032335784
vt 0.437500000 0.875000000
v -0.014213701 0.003808550 -0.032335784
vt 0.458333333 0.875000000
v -0.014589217 0.001920707 -0.032335784
vt 0.479166667 0.875000000
v -0.014715106 0.000000000 -0.032335784
vt 0.500000000 0.875000000
v -0.014589217 -0.001920707 -0.032335784
vt 0.520833333 0.875000000
v -0.014213701 -0.003808550 -0.032335784
vt 0.541666667 0.875000000
v -0.013594986 -0.005631227 -0.032335784
vt 0.562500000 0.875000000
v -0.012743656 -0.007357553 -0.032335784
vt 0.583333333 0.875000000
v -0.011674279 -0.008957989 -0.032335784
vt 0.604166667 0.875000000
v -0.010405152 -0.010405152 -0.032335784
vt 0.625000000 0.875000000
v -0.008957989 -0.011674279 -0.032335784
vt 0.645833333 0.875000000
v -0.007357553 -0.012743656 -0.032335784
vt 0.666666667 0.875000000
v -0.005631227 -0.013594986 -0.032335784
vt 0.687500000 0.875000000
v -0.003808550 -0.014213701 -0.032335784
vt 0.708333333 0.875000000
v -0.001920707 -0.014589217 -0.032335784
vt 0.729166667 0.875000000
v -0.000000000 -0.014715106 -0.032335784
vt 0.750000000 0.875000000
v 0.001920707 -0.014589217 -0.032335784
vt 0.770833333 0.875000000
v 0.003808550 -0.014213701 -0.032335784
vt 0.791666667 0.875000000
v 0.005631227 -0.013594986 -0.032335784
vt 0.812500000 0.875000000
v 0.007357553 -0.012743656 -0.032335784
vt 0.833333333 0.875000000
v 0.008957989 -0.011674279 -0.032335784
vt 0.854166667 0.875000000
v 0.010405152 -0.010405152 -0.032335784
vt 0.875000000 0.875000000
v 0.011674279 -0.008957989 -0.032335784
vt 0.895833333 0.875000000
v 0.012743656 -0.007357553 -0.032335784
vt 0.916666667 0.875000000
v 0.013594986 -0.005631227 -0.032335784
vt 0.937500000 0.875000000
v 0.014213701 -0.003808550 -0.032335784
vt 0.958333333 0.875000000
v 0.014589217 -0.001920707 -0.032335784
vt 0.979166667 0.875000000
v 0.014715106 -0.000000000 -0.032335784
vt 1.000000000 0.875000000
v 0.010921532 0.000000000 -0.033807404
vt 0.000000000 0.916666667
v 0.010828097 0.001425546 -0.033807404
vt 0.020833333 0.916666667
v 0.010549390 0.002826701 -0.033807404
vt 0.041666667 0.916666667
v 0.010090180 0.004179489 -0.033807404
vt 0.062500000 0.916666667
v 0.009458324 0.005460766 -0.033807404
vt 0.083333333 0.916666667
v 0.008664634 0.006648607 -0.033807404
vt 0.104166667 0.916666667
v 0.007722689 0.007722689 -0.033807404
vt 0.125000000 0.916666667
v 0.006648607 0.008664634 -0.033807404
vt 0.145833333 0.916666667
v 0.005460766 0.009458324 -0.033807404
vt 0.166666667 0.916666667
v 0.004179489 0.010090180 -0.033807404
vt 0.187500000 0.916666667
v 0.002826701 0.010549390 -0.033807404
vt 0.208333333 0.916666667
v 0.001425546 0.010828097 -0.033807404
vt 0.229166667 0.916666667
v 0.000000000 0.010921532 -0.033807404
vt 0.250000000 0.916666667
v -0.001425546 0.010828097 -0.033807404
vt 0.270833333 0.916666667
v -0.002826701 0.010549390 -0.033807404
vt 0.291666667 0.916666667
v -0.004179489 0.010090180 -0.033807404
vt 0.312500000 0.916666667
v -0.005460766 0.009458324 -0.033807404
vt 0.333333333 0.916666667
v -0.006648607 0.008664634 -0.033807404
vt 0.354166667 0.916666667
v -0.007722689 0.007722689 -0.033807404
vt 0.375000000 0.916666667
v -0.008664634 0.006648607 -0.033807404
vt 0.395833333 0.916666667
v -0.009458324 0.005460766 -0.033807404
vt 0.416666667 0.916666667
v -0.010090180 0.004179489 -0.033807404
vt 0.437500000 0.916666667
v -0.010549390 0.002826701 -0.033807404
vt 0.458333333 0.916666667
v -0.010828097 0.001425546 -0.033807404
vt 0.479166667 0.916666667
v -0.010921532 0.000000000 -0.033807404
vt 0.500000000 0.916666667
v -0.010828097 -0.001425546 -0.033807404
vt 0.520833333 0.916666667
v -0.010549390 -0.002826701 -0.033807404
vt 0.541666667 0.916666667
v -0.010090180 -0.004179489 -0.033807404
vt 0.562500000 0.916666667
v -0.009458324 -0.005460766 -0.033807404
vt 0.583333333 0.916666667
v -0.008664634 -0.006648607 -0.033807404
vt 0.604166667 0.916666667
v -0.007722689 -0.007722689 -0.033807404
vt 0.625000000 0.916666667
v -0.006648607 -0.008664634 -0.033807404
vt 0.645833333 0.916666667
v -0.005460766 -0.009458324 -0.033807404
vt 0.666666667 0.916666667
v -0.004179489 -0.010090180 -0.033807404
vt 0.687500000 0.916666667
v -0.002826701 -0.010549390 -0.033807404
vt 0.708333333 0.916666667
v -0.001425546 -0.010828097 -0.033807404
vt 0.729166667 0.916666667
v -0.000000000 -0.010921532 -0.033807404
vt 0.750000000 0.916666667
v 0.001425546 -0.010828097 -0.033807404
vt 0.770833333 0.916666667
v 0.002826701 -0.010549390 -0.033807404
vt 0.791666667 0.916666667
v 0.004179489 -0.010090180 -0.033807404
vt 0.812500000 0.916666667
v 0.005460766 -0.009458324 -0.033807404
vt 0.833333333 0.916666667
v 0.006648607 -0.008664634 -0.033807404
vt 0.854166667 0.916666667
v 0.007722689 -0.007722689 -0.033807404
vt 0.875000000 0.916666667
v 0.008664634 -0.006648607 -0.033807404
vt 0.895833333 0.916666667
v 0.009458324 -0.005460766 -0.033807404
vt 0.916666667 0.916666667
v 0.010090180 -0.004179489 -0.033807404
vt 0.937500000 0.916666667
v 0.010549390 -0.002826701 -0.033807404
vt 0.958333333 0.916666667
v 0.010828097 -0.001425546 -0.033807404
vt 0.979166667 0.916666667
v 0.010921532 -0.000000000 -0.033807404
vt 1.000000000 0.916666667
v 0.006560167 0.000000000 -0.034700570
vt 0.000000000 0.958333333
v 0.006504044 0.000856274 -0.034700570
vt 0.020833333 0.958333333
v 0.006336635 0.001697896 -0.034700570
vt 0.041666667 0.958333333
v 0.006060804 0.002510467 -0.034700570
vt 0.062500000 0.958333333
v 0.005681271 0.003280084 -0.034700570
vt 0.083333333 0.958333333
v 0.005204530 0.003993577 -0.034700570
vt 0.104166667 0.958333333
v 0.004638739 0.004638739 -0.034700570
vt 0.125000000 0.958333333
v 0.003993577 0.005204530 -0.034700570
vt 0.145833333 0.958333333
v 0.003280084 0.005681271 -0.034700570
vt 0.166666667 0.958333333
v 0.002510467 0.006060804 -0.034700570
vt 0.187500000 0.958333333
v 0.001697896 0.006336635 -0.034700570
vt 0.208333333 0.958333333
v 0.000856274 0.006504044 -0.034700570
vt 0.229166667 0.958333333
v 0.000000000 0.006560167 -0.034700570
vt 0.250000000 0.958333333
v -0.000856274 0.006504044 -0.034700570
vt 0.270833333 0.958333333
v -0.001697896 0.006336635 -0.034700570
vt 0.291666667 0.958333333
v -0.002510467 0.006060804 -0.034700570
vt 0.312500000 0.958333333
v -0.003280084 0.005681271 -0.034700570
vt 0.333333333 0.958333333
v -0.003993577 0.005204530 -0.034700570
vt 0.354166667 0.958333333
v -0.004638739 0.004638739 -0.034700570
vt 0.375000000 0.958333333
v -0.005204530 0.003993577 -0.034700570
vt 0.395833333 0.958333333
v -0.005681271 0.003280084 -0.034700570
vt 0.416666667 0.958333333
v -0.006060804 0.002510467 -0.034700570
vt 0.437500000 0.958333333
v -0.006336635 0.001697896 -0.034700570
vt 0.458333333 0.958333333
v -0.006504044 0.000856274 -0.034700570
vt 0.479166667 0.958333333
v -0.006560167 0.000000000 -0.034700570
vt 0.500000000 0.958333333
v -0.006504044 -0.000856274 -0.034700570
vt 0.520833333 0.958333333
v -0.006336635 -0.001697896 -0.034700570
vt 0.541666667 0.958333333
v -0.006060804 -0.002510467 -0.034700570
vt 0.562500000 0.958333333
v -0.005681271 -0.003280084 -0.034700570
vt 0.583333333 0.958333333
v -0.005204530 -0.003993577 -0.034700570
vt 0.604166667 0.958333333
v -0.004638739 -0.004638739 -0.034700570
vt 0.625000000 0.958333333
v -0.003993577 -0.005204530 -0.034700570
vt 0.645833333 0.958333333
v -0.003280084 -0.005681271 -0.034700570
vt 0.666666667 0.958333333
v -0.002510467 -0.006060804 -0.034700570
vt 0.687500000 0.958333333
v -0.001697896 -0.006336635 -0.034700570
vt 0.708333333 0.958333333
v -0.000856274 -0.006504044 -0.034700570
vt 0.729166667 0.958333333
v -0.000000000 -0.006560167 -0.034700570
vt 0.750000000 0.958333333
v 0.000856274 -0.006504044 -0.034700570
vt 0.770833333 0.958333333
v 0.001697896 -0.006336635 -0.034700570
vt 0.791666667 0.958333333
v 0.002510467 -0.006060804 -0.034700570
vt 0.812500000 0.958333333
v 0.003280084 -0.005681271 -0.034700570
vt 0.833333333 0.958333333
v 0.003993577 -0.005204530 -0.034700570
vt 0.854166667 0.958333333
v 0.004638739 -0.004638739 -0.034700570
vt 0.875000000 0.958333333
v 0.005204530 -0.003993577 -0.034700570
vt 0.895833333 0.958333333
v 0.005681271 -0.003280084 -0.034700570
vt 0.916666667 0.958333333
v 0.006060804 -0.002510467 -0.034700570
vt 0.937500000 0.958333333
v 0.006336635 -0.001697896 -0.034700570
vt 0.958333333 0.958333333
v 0.006504044 -0.000856274 -0.034700570
vt 0.979166667 0.958333333
v 0.006560167 -0.000000000 -0.034700570
vt 1.000000000 0.958333333
v 0.000000000 0.000000000 -0.035000000
vt 0.500000000 1.000000000
f 1/1 3/3 2/2
f 1/1 4/4 3/3
f 1/1 5/5 4/4
f 1/1 6/6 5/5
f 1/1 7/7 6/6
f 1/1 8/8 7/7
f 1/1 9/9 8/8
f 1/1 10/10 9/9
f 1/1 11/11 10/10
f 1/1 12/12 11/11
f 1/1 13/13 12/12
f 1/1 14/14 13/13
f 1/1 15/15 14/14
f 1/1 16/16 15/15
f 1/1 17/17 16/16
f 1/1 18/18 17/17
f 1/1 19/19 18/18
f 1/1 20/20 19/19
f 1/1 21/21 20/20
f 1/1 22/22 21/21
f 1/1 23/23 22/22
f 1/1 24/24 23/23
f 1/1 25/25 24/24
f 1/1 26/26 25/25
f 1/1 27/27 26/26
f 1/1 28/28 27/27
f 1/1 29/29 28/28
f 1/1 30/30 29/29
f 1/1 31/31 30/30
f 1/1 32/32 31/31
f 1/1 33/33 32/32
f 1/1 34/34 33/33
f 1/1 35/35 34/34
f 1/1 36/36 35/35
f 1/1 37/37 36/36
f 1/1 38/38 37/37
f 1/1 39/39 38/38
f 1/1 40/40 39/39
f 1/1 41/41 40/40
f 1/1 42/42 41/41
f 1/1 43/43 42/42
f 1/1 44/44 43/43
f 1/1 45/45 44/44
f 1/1 46/46 45/45
f 1/1 47/47 46/46
f 1/1 48/48 47/47
f 1/1 49/49 48/48
f 1/1 50/50 49/49
f 2/2 3/3 52/52 51/51
f 3/3 4/4 53/53 52/52
f 4/4 5/5 54/54 53/53
f 5/5 6/6 55/55 54/54
f 6/6 7/7 56/56 55/55
f 7/7 8/8 57/57 56/56
f 8/8 9/9 58/58 57/57
f 9/9 10/10 59/59 58/58
f 10/10 11/11 60/60 59/59
f 11/11 12/12 61/61 60/60
f 12/12 13/13 62/62 61/61
f 13/13 14/14 63/63 62/62
f 14/14 15/15 64/64 63/63
f 15/15 16/16 65/65 64/64
f 16/16 17/17 66/66 65/65
f 17/17 18/18 67/67 66/66
f 18/18 19/19 68/68 67/67
f 19/19 20/20 69/69 68/68
f 20/20 21/21 70/70 69/69
f 21/21 22/22 71/71 70/70
f 22/22 23/23 72/72 71/71
f 23/23 24/24 73/73 72/72
f 24/24 25/25 74/74 73/73
f 25/25 26/26 75/75 74/74
f 26/26 27/27 76/76 75/75
f 27/27 28/28 77/77 76/76
f 28/28 29/29 78/78 77/77
f 29/29 30/30 79/79 78/78
f 30/30 31/31 80/80 79/79
f 31/31 32/32 81/81 80/80
f 32/32 33/33 82/82 81/81
f 33/33 34/34 83/83 82/82
f 34/34 35/35 84/84 83/83
f 35/35 36/36 85/85 84/84
f 36/36 37/37 86/86 85/85
f 37/37 38/38 87/87 86/86
f 38/38 39/39 88/88 87/87
f 39/39 40/40 89/89 88/88
f 40/40 41/41 90/90 89/89
f 41/41 42/42 91/91 90/90
f 42/42 43/43 92/92 91/91
f 43/43 44/44 93/93 92/92
f 44/44 45/45 94/94 93/93
f 45/45 46/46 95/95 94/94
f 46/46 47/47 96/96 95/95
f 47/47 48/48 97/97 96/96
f 48/48 49/49 98/98 97/97
f 49/49 50/50 99/99 98/98
f 51/51 52/52 101/101 100/100
f 52/52 53/53 102/102 101/101
f 53/53 54/54 103/103 102/102
f 54/54 55/55 104/104 103/103
f 55/55 56/56 105/105 104/104
f 56/56 57/57 106/106 105/105
f 57/57 58/58 107/107 106/106
f 58/58 59/59 108/108 107/107
f 59/59 60/60 109/109 108/108
f 60/60 61/61 110/110 109/109
f 61/61 62/62 111/111 110/110
f 62/62 63/63 112/112 111/111
f 63/63 64/64 113/113 112/112
f 64/64 65/65 114/114 113/113
f 65/65 66/66 115/115 114/114
f 66/66 67/67 116/116 115/115
f 67/67 68/68 117/117 116/116
f 68/68 69/69 118/118 117/117
f 69/69 70/70 119/119 118/118
f 70/70 71/71 120/120 119/119
f 71/71 72/72 121/121 120/120
f 72/72 73/73 122/122 121/121
f 73/73 74/74 123/123 122/122
f 74/74 75/75 124/124 123/123
f 75/75 76/76 125/125 124/124
f 76/76 77/77 126/126 125/125
f 77/77 78/78 127/127 126/126
f 78/78 79/79 128/128 127/127
f 79/79 80/80 129/129 128/128
f 80/80 81/81 130/130 129/129
f 81/81 82/82 131/131 130/130
f 82/82 83/83 132/132 131/131
f 83/83 84/84 133/133 132/132
f 84/84 85/85 134/134 133/133
f 85/85 86/86 135/135 134/134
f 86/86 87/87 136/136 135/135
f 87/87 88/88 137/137 136/136
f 88/88 89/89 138/138 137/137
f 89/89 90/90 139/139 138/138
f 90/90 91/91 140/140 139/139
f 91/91 92/92 141/141 140/140
f 92/92 93/93 142/142 141/141
f 93/93 94/94 143/143 142/142
f 94/94 95/95 144/144 143/143
f 95/95 96/96 145/145 144/144
f 96/96 97/97 146/146 145/145
f 97/97 98/98 147/147 146/146
f 98/98 99/99 148/148 147/147
f 100/100 101/101 150/150 149/149
f 101/101 102/102 151/151 150/150
f 102/102 103/103 152/152 151/151
f 103/103 104/104 153/153 152/152
f 104/104 105/105 154/154 153/153
f 105/105 106/106 155/155 154/154
f 106/106 107/107 156/156 155/155
f 107/107 108/108 157/157 156/156
f 108/108 109/109 158/158 157/157
f 109/109 110/110 159/159 158/158
f 110/110 111/111 160/160 159/159
f 111/111 112/112 161/161 160/160
f 112/112 113/113 162/162 161/161
f 113/113 114/114 163/163 162/162
f 114/114 115/115 164/164 163/163
f 115/115 116/116 165/165 164/164
f 116/116 117/117 166/166 165/165
f 117/117 118/118 167/167 166/166
f 118/118 119/119 168/168 167/167
f 119/119 120/120 169/169 168/168
f 120/120 121/121 170/170 169/169
f 121/121 122/122 171/171 170/170
f 122/122 123/123 172/172 171/171
f 123/123 124/124 173/173 172/172
f 124/124 125/125 174/174 173/173
f 125/125 126/126 175/175 174/174
f 126/126 127/127 176/176 175/175
f 127/127 128/128 177/177 176/176
f 128/128 129/129 178/178 177/177
f 129/129 130/130 179/179 178/178
f 130/130 131/131 180/180 179/179
f 131/131 132/132 181/181 180/180
f 132/132 133/133 182/182 181/181
f 133/133 134/134 183/183 182/182
f 134/134 135/135 184/184 183/183
f 135/135 136/136 185/185 184/184
f 136/136 137/137 186/186 185/185
f 137/137 138/138 187/187 186/186
f 138/138 139/139 188/188 187/187
f 139/139 140/140 189/189 188/188
f 140/140 141/141 190/190 189/189
f 141/141 142/142 191/191 190/190
f 142/142 143/143 192/192 191/191
f 143/143 144/144 193/193 192/192
f 144/144 145/145 194/194 193/193
f 145/145 146/146 195/195 194/194
f 146/146 147/147 196/196 195/195
f 147/147 148/148 197/197 196/196
f 149/149 150/150 199/199 198/198
f 150/150 151/151 200/200 199/199
f 151/151 152/152 201/201 200/200
f 152/152 153/153 202/202 201/201
f 153/153 154/154 203/203 202/202
f 154/154 155/155 204/204 203/203
f 155/155 156/156 205/205 204/204
f 156/156 157/157 206/206 205/205
f 157/157 158/158 207/207 206/206
f 158/158 159/159 208/208 207/207
f 159/159 160/160 209/209 208/208
f 160/160 161/161 210/210 209/209
f 161/161 162/162 211/211 210/210
f 162/162 163/163 212/212 211/211
f 163/163 164/164 213/213 212/212
f 164/164 165/165 214/214 213/213
f 165/165 166/166 215/215 214/214
f 166/166 167/167 216/216 215/215
f 167/167 168/168 217/217 216/216
f 168/168 169/169 218/218 217/217
f 169/169 170/170 219/219 218/218
f 170/170 171/171 220/220 219/219
f 171/171 172/172 221/221 220/220
f 172/172 173/173 222/222 221/221
f 173/173 174/174 223/223 222/222
f 174/174 175/175 224/224 223/223
f 175/175 176/176 225/225 224/224
f 176/176 177/177 226/226 225/225
f 177/177 178/178 227/227 226/226
f 178/178 179/179 228/228 227/227
f 179/179 180/180 229/229 228/228
f 180/180 181/181 230/230 229/229
f 181/181 182/182 231/231 230/230
f 182/182 183/183 232/232 231/231
f 183/183 184/184 233/233 232/232
f 184/184 185/185 234/234 233/233
f 185/185 186/186 235/235 234/234
f 186/186 187/187 236/236 235/235
f 187/187 188/188 237/237 236/236
f 188/188 189/189 238/238 237/237
f 189/189 190/190 239/239 238/238
f 190/190 191/191 240/240 239/239
f 191/191 192/192 241/241 240/240
f 192/192 193/193 242/242 241/241
f 193/193 194/194 243/243 242/242
f 194/194 195/195 244/244 243/243
f 195/195 196/196 245/245 244/244
f 196/196 197/197 246/246 245/245
f 198/198 199/199 248/248 247/247
f 199/199 200/200 249/249 248/248
f 200/200 201/201 250/250 249/249
f 201/201 202/202 251/251 250/250
f 202/202 203/203 252/252 251/251
f 203/203 204/204 253/253 252/252
f 204/204 205/205 254/254 253/253
f 205/205 206/206 255/255 254/254
f 206/206 207/207 256/256 255/255
f 207/207 208/208 257/257 256/256
f 208/208 209/209 258/258 257/257
f 209/209 210/210 259/259 258/258
f 210/210 211/211 260/260 259/259
f 211/211 212/212 261/261 260/260
f 212/212 213/213 262/262 261/261
f 213/213 214/214 263/263 262/262
f 214/214 215/215 264/264 263/263
f 215/215 216/216 265/265 264/264
f 216/216 217/217 266/266 265/265
f 217/217 218/218 267/267 266/266
f 218/218 219/219 268/268 267/267
f 219/219 220/220 269/269 268/268
f 220/220 221/221 270/270 269/269
f 221/221 222/222 271/271 270/270
f 222/222 223/223 272/272 271/271
f 223/223 224/224 273/273 272/272
f 224/224 225/225 274/274 273/273
f 225/225 226/226 275/275 274/274
f 226/226 227/227 276/276 275/275
f 227/227 228/228 277/277 276/276
f 228/228 229/229 278/278 277/277
f 229/229 230/230 279/279 278/278
f 230/230 231/231 280/280 279/279
f 231/231 232/232 281/281 280/280
f 232/232 233/233 282/282 281/281
f 233/233 234/234 283/283 282/282
f 234/234 235/235 284/284 283/283
f 235/235 236/236 285/285 284/284
f 236/236 237/237 286/286 285/285
f 237/237 238/238 287/287 286/286
f 238/238 239/239 288/288 287/287
f 239/239 240/240 289/289 288/288
f 240/240 241/241 290/290 289/289
f 241/241 242/242 291/291 290/290
f 242/242 243/243 292/292 291/291
f 243/243 244/244 293/293 292/292
f 244/244 245/245 294/294 293/293
f 245/245 246/246 295/295 294/294
f 247/247 248/248 297/297 296/296
f 248/248 249/249 298/298 297/297
f 249/249 250/250 299/299 298/298
f 250/250 251/251 300/300 299/299
f 251/251 252/252 301/301 300/300
f 252/252 253/253 302/302 301/301
f 253/253 254/254 303/303 302/302
f 254/254 255/255 304/304 303/303
f 255/255 256/256 305/305 304/304
f 256/256 257/257 306/306 305/305
f 257/257 258/258 307/307 306/306
f 258/258 259/259 308/308 307/307
f 259/259 260/260 309/309 308/308
f 260/260 261/261 310/310 309/309
f 261/261 262/262 311/311 310/310
f 262/262 263/263 312/312 311/311
f 263/263 264/264 313/313 312/312
f 264/264 265/265 314/314 313/313
f 265/265 266/266 315/315 314/314
f 266/266 267/267 316/316 315/315
f 267/267 268/268 317/317 316/316
f 268/268 269/269 318/318 317/317
f 269/269 270/270 319/319 318/318
f 270/270 271/271 320/320 319/319
f 271/271 272/272 321/321 320/320
f 272/272 273/273 322/322 321/321
f 273/273 274/274 323/323 322/322
f 274/274 275/275 324/324 323/323
f 275/275 276/276 325/325 324/324
f 276/276 277/277 326/326 325/325
f 277/277 278/278 327/327 326/326
f 278/278 279/279 328/328 327/327
f 279/279 280/280 329/329 328/328
f 280/280 281/281 330/330 329/329
f 281/281 282/282 331/331 330/330
f 282/282 283/283 332/332 331/331
f 283/283 284/284 333/333 332/332
f 284/284 285/285 334/334 333/333
f 285/285 286/286 335/335 334/334
f 286/286 287/287 336/336 335/335
f 287/287 288/288 337/337 336/336
f 288/288 289/289 338/338 337/337
f 289/289 290/290 339/339 338/338
f 290/290 291/291 340/340 339/339
f 291/291 292/292 341/341 340/340
f 292/292 293/293 342/342 341/341
f 293/293 294/294 343/343 342/342
f 294/294 295/295 344/344 343/343
f 296/296 297/297 346/346 345/345
f 297/297 298/298 347/347 346/346
f 298/298 299/299 348/348 347/347
f 299/299 300/300 349/349 348/348
f 300/300 301/301 350/350 349/349
f 301/301 302/302 351/351 350/350
f 302/302 303/303 352/352 351/351
f 303/303 304/304 353/353 352/352
f 304/304 305/305 354/354 353/353
f 305/305 306/306 355/355 354/354
f 306/306 307/307 356/356 355/355
f 307/307 308/308 357/357 356/356
f 308/308 309/309 358/358 357/357
f 309/309 310/310 359/359 358/358
f 310/310 311/311 360/360 359/359
f 311/311 312/312 361/361 360/360
f 312/312 313/313 362/362 361/361
f 313/313 314/314 363/363 362/362
f 314/314 315/315 364/364 363/363
f 315/315 316/316 365/365 364/364
f 316/316 317/317 366/366 365/365
f 317/317 318/318 367/367 366/366
f 318/318 319/319 368/368 367/367
f 319/319 320/320 369/369 368/368
f 320/320 321/321 370/370 369/369
f 321/321 322/322 371/371 370/370
f 322/322 323/323 372/372 371/371
f 323/323 324/324 373/373 372/372
f 324/324 325/325 374/374 373/373
f 325/325 326/326 375/375 374/374
f 326/326 327/327 376/376 375/375
f 327/327 328/328 377/377 376/376
f 328/328 329/329 378/378 377/377
f 329/329 330/330 379/379 378/378
f 330/330 331/331 380/380 379/379
f 331/331 332/332 381/381 380/380
f 332/332 333/333 382/382 381/381
f 333/333 334/334 383/383 382/382
f 334/334 335/335 384/384 383/383
f 335/335 336/336 385/385 384/384
f 336/336 337/337 386/386 385/385
f 337/337 338/338 387/387 386/386
f 338/338 339/339 388/388 387/387
f 339/339 340/340 389/389 388/388
f 340/340 341/341 390/390 389/389
f 341/341 342/342 391/391 390/390
f 342/342 343/343 392/392 391/391
f 343/343 344/344 393/393 392/392
f 345/345 346/346 395/395 394/394
f 346/346 347/347 396/396 395/395
f 347/347 348/348 397/397 396/396
f 348/348 349/349 398/398 397/397
f 349/349 350/350 399/399 398/398
f 350/350 351/351 400/400 399/399
f 351/351 352/352 401/401 400/400
f 352/352 353/353 402/402 401/401
f 353/353 354/354 403/403 402/402
f 354/354 355/355 404/404 403/403
f 355/355 356/356 405/405 404/404
f 356/356 357/357 406/406 405/405
f 357/357 358/358 407/407 406/406
f 358/358 359/359 408/408 407/407
f 359/359 360/360 409/409 408/408
f 360/360 361/361 410/410 409/409
f 361/361 362/362 411/411 410/410
f 362/362 363/363 412/412 411/411
f 363/363 364/364 413/413 412/412
f 364/364 365/365 414/414 413/413
f 365/365 366/366 415/415 414/414
f 366/366 367/367 416/416 415/415
f 367/367 368/368 417/417 416/416
f 368/368 369/369 418/418 417/417
f 369/369 370/370 419/419 418/418
f 370/370 371/371 420/420 419/419
f 371/371 372/372 421/421 420/420
f 372/372 373/373 422/422 421/421
f 373/373 374/374 423/423 422/422
f 374/374 375/375 424/424 423/423
f 375/375 376/376 425/425 424/424
f 376/376 377/377 426/426 425/425
f 377/377 378/378 427/427 426/426
f 378/378 379/379 428/428 427/427
f 379/379 380/380 429/429 428/428
f 380/380 381/381 430/430 429/429
f 381/381 382/382 431/431 430/430
f 382/382 383/383 432/432 431/431
f 383/383 384/384 433/433 432/432
f 384/384 385/385 434/434 433/433
f 385/385 386/386 435/435 434/434
f 386/386 387/387 436/436 435/435
f 387/387 388/388 437/437 436/436
f 388/388 389/389 438/438 437/437
f 389/389 390/390 439/439 438/438
f 390/390 391/391 440/440 439/439
f 391/391 392/392 441/441 440/440
f 392/392 393/393 442/442 441/441
f 394/394 395/395 444/444 443/443
f 395/395 396/396 445/445 444/444
f 396/396 397/397 446/446 445/445
f 397/397 398/398 447/447 446/446
f 398/398 399/399 448/448 447/447
f 399/399 400/400 449/449 448/448
f 400/400 401/401 450/450 449/449
f 401/401 402/402 451/451 450/450
f 402/402 403/403 452/452 451/451
f 403/403 404/404 453/453 452/452
f 404/404 405/405 454/454 453/453
f 405/405 406/406 455/455 454/454
f 406/406 407/407 456/456 455/455
f 407/407 408/408 457/457 456/456
f 408/408 409/409 458/458 457/457
f 409/409 410/410 459/459 458/458
f 410/410 411/411 460/460 459/459
f 411/411 412/412 461/461 460/460
f 412/412 413/413 462/462 461/461
f 413/413 414/414 463/463 462/462
f 414/414 415/415 464/464 463/463
f 415/415 416/416 465/465 464/464
f 416/416 417/417 466/466 465/465
f 417/417 418/418 467/467 466/466
f 418/418 419/419 468/468 467/467
f 419/419 420/420 469/469 468/468
f 420/420 421/421 470/470 469/469
f 421/421 422/422 471/471 470/470
f 422/422 423/423 472/472 471/471
f 423/423 424/424 473/473 472/472
f 424/424 425/425 474/474 473/473
f 425/425 426/426 475/475 474/474
f 426/426 427/427 476/476 475/475
f 427/427 428/428 477/477 476/476
f 428/428 429/429 478/478 477/477
f 429/429 430/430 479/479 478/478
f 430/430 431/431 480/480 479/479
f 431/431 432/432 481/481 480/480
f 432/432 433/433 482/482 481/481
f 433/433 434/434 483/483 482/482
f 434/434 435/435 484/484 483/483
f 435/435 436/436 485/485 484/484
f 436/436 437/437 486/486 485/485
f 437/437 438/438 487/487 486/486
f 438/438 439/439 488/488 487/487
f 439/439 440/440 489/489 488/488
f 440/440 441/441 490/490 489/489
f 441/441 442/442 491/491 490/490
f 443/443 444/444 493/493 492/492
f 444/444 445/445 494/494 493/493
f 445/445 446/446 495/495 494/494
f 446/446 447/447 496/496 495/495
f 447/447 448/448 497/497 496/496
f 448/448 449/449 498/498 497/497
f 449/449 450/450 499/499 498/498
f 450/450 451/451 500/500 499/499
f 451/451 452/452 501/501 500/500
f 452/452 453/453 502/502 501/501
f 453/453 454/454 503/503 502/502
f 454/454 455/455 504/504 503/503
f 455/455 456/456 505/505 504/504
f 456/456 457/457 506/506 505/505
f 457/457 458/458 507/507 506/506
f 458/458 459/459 508/508 507/507
f 459/459 460/460 509/509 508/508
f 460/460 461/461 510/510 509/509
f 461/461 462/462 511/511 510/510
f 462/462 463/463 512/512 511/511
f 463/463 464/464 513/513 512/512
f 464/464 465/465 514/514 513/513
f 465/465 466/466 515/515 514/514
f 466/466 467/467 516/516 515/515
f 467/467 468/468 517/517 516/516
f 468/468 469/469 518/518 517/517
f 469/469 470/470 519/519 518/518
f 470/470 471/471 520/520 519/519
f 471/471 472/472 521/521 520/520
f 472/472 473/473 522/522 521/521
f 473/473 474/474 523/523 522/522
f 474/474 475/475 524/524 523/523
f 475/475 476/476 525/525 524/524
f 476/476 477/477 526/526 525/525
f 477/477 478/478 527/527 526/526
f 478/478 479/479 528/528 527/527
f 479/479 480/480 529/529 528/528
f 480/480 481/481 530/530 529/529
f 481/481 482/482 531/531 530/530
f 482/482 483/483 532/532 531/531
f 483/483 484/484 533/533 532/532
f 484/484 485/485 534/534 533/533
f 485/485 486/486 535/535 534/534
f 486/486 487/487 536/536 535/535
f 487/487 488/488 537/537 536/536
f 488/488 489/489 538/538 537/537
f 489/489 490/490 539/539 538/538
f 490/490 491/491 540/540 539/539
f 492/492 493/493 542/542 541/541
f 493/493 494/494 543/543 542/542
f 494/494 495/495 544/544 543/543
f 495/495 496/496 545/545 544/544
f 496/496 497/497 546/546 545/545
f 497/497 498/498 547/547 546/546
f 498/498 499/499 548/548 547/547
f 499/499 500/500 549/549 548/548
f 500/500 501/501 550/550 549/549
f 501/501 502/502 551/551 550/550
f 502/502 503/503 552/552 551/551
f 503/503 504/504 553/553 552/552
f 504/504 505/505 554/554 553/553
f 505/505 506/506 555/555 554/554
f 506/506 507/507 556/556 555/555
f 507/507 508/508 557/557 556/556
f 508/508 509/509 558/558 557/557
f 509/509 510/510 559/559 558/558
f 510/510 511/511 560/560 559/559
f 511/511 512/512 561/561 560/560
f 512/512 513/513 562/562 561/561
f 513/513 514/514 563/563 562/562
f 514/514 515/515 564/564 563/563
f 515/515 516/516 565/565 564/564
f 516/516 517/517 566/566 565/565
f 517/517 518/518 567/567 566/566
f 518/518 519/519 568/568 567/567
f 519/519 520/520 569/569 568/568
f 520/520 521/521 570/570 569/569
f 521/521 522/522 571/571 570/570
f 522/522 523/523 572/572 571/571
f 523/523 524/524 573/573 572/572
f 524/524 525/525 574/574 573/573
f 525/525 526/526 575/575 574/574
f 526/526 527/527 576/576 575/575
f 527/527 528/528 577/577 576/576
f 528/528 529/529 578/578 577/577
f 529/529 530/530 579/579 578/578
f 530/530 531/531 580/580 579/579
f 531/531 532/532 581/581 580/580
f 532/532 533/533 582/582 581/581
f 533/533 534/534 583/583 582/582
f 534/534 535/535 584/584 583/583
f 535/535 536/536 585/585 584/584
f 536/536 537/537 586/586 585/585
f 537/537 538/538 587/587 586/586
f 538/538 539/539 588/588 587/587
f 539/539 540/540 589/589 588/588
f 541/541 542/542 591/591 590/590
f 542/542 543/543 592/592 591/591
f 543/543 544/544 593/593 592/592
f 544/544 545/545 594/594 593/593
f 545/545 546/546 595/595 594/594
f 546/546 547/547 596/596 595/595
f 547/547 548/548 597/597 596/596
f 548/548 549/549 598/598 597/597
f 549/549 550/550 599/599 598/598
f 550/550 551/551 600/600 599/599
f 551/551 552/552 601/601 600/600
f 552/552 553/553 602/602 601/601
f 553/553 554/554 603/603 602/602
f 554/554 555/555 604/604 603/603
f 555/555 556/556 605/605 604/604
f 556/556 557/557 606/606 605/605
f 557/557 558/558 607/607 606/606
f 558/558 559/559 608/608 607/607
f 559/559 560/560 609/609 608/608
f 560/560 561/561 610/610 609/609
f 561/561 562/562 611/611 610/610
f 562/562 563/563 612/612 611/611
f 563/563 564/564 613/613 612/612
f 564/564 565/565 614/614 613/613
f 565/565 566/566 615/615 614/614
f 566/566 567/567 616/616 615/615
f 567/567 568/568 617/617 616/616
f 568/568 569/569 618/618 617/617
f 569/569 570/570 619/619 618/618
f 570/570 571/571 620/620 619/619
f 571/571 572/572 621/621 620/620
f 572/572 573/573 622/622 621/621
f 573/573 574/574 623/623 622/622
f 574/574 575/575 624/624 623/623
f 575/575 576/576 625/625 624/624
f 576/576 577/577 626/626 625/625
f 577/577 578/578 627/627 626/626
f 578/578 579/579 628/628 627/627
f 579/579 580/580 629/629 628/628
f 580/580 581/581 630/630 629/629
f 581/581 582/582 631/631 630/630
f 582/582 583/583 632/632 631/631
f 583/583 584/584 633/633 632/632
f 584/584 585/585 634/634 633/633
f 585/585 586/586 635/635 634/634
f 586/586 587/587 636/636 635/635
f 587/587 588/588 637/637 636/636
f 588/588 589/589 638/638 637/637
f 590/590 591/591 640/640 639/639
f 591/591 592/592 641/641 640/640
f 592/592 593/593 642/642 641/641
f 593/593 594/594 643/643 642/642
f 594/594 595/595 644/644 643/643
f 595/595 596/596 645/645 644/644
f 596/596 597/597 646/646 645/645
f 597/597 598/598 647/647 646/646
f 598/598 599/599 648/648 647/647
f 599/599 600/600 649/649 648/648
f 600/600 601/601 650/650 649/649
f 601/601 602/602 651/651 650/650
f 602/602 603/603 652/652 651/651
f 603/603 604/604 653/653 652/652
f 604/604 605/605 654/654 653/653
f 605/605 606/606 655/655 654/654
f 606/606 607/607 656/656 655/655
f 607/607 608/608 657/657 656/656
f 608/608 609/609 658/658 657/657
f 609/609 610/610 659/659 658/658
f 610/610 611/611 660/660 659/659
f 611/611 612/612 661/661 660/660
f 612/612 613/613 662/662 661/661
f 613/613 614/614 663/663 662/662
f 614/614 615/615 664/664 663/663
f 615/615 616/616 665/665 664/664
f 616/616 617/617 666/666 665/665
f 617/617 618/618 667/667 666/666
f 618/618 619/619 668/668 667/667
f 619/619 620/620 669/669 668/668
f 620/620 621/621 670/670 669/669
f 621/621 622/622 671/671 670/670
f 622/622 623/623 672/672 671/671
f 623/623 624/624 673/673 672/672
f 624/624 625/625 674/674 673/673
f 625/625 626/626 675/675 674/674
f 626/626 627/627 676/676 675/675
f 627/627 628/628 677/677 676/676
f 628/628 629/629 678/678 677/677
f 629/629 630/630 679/679 678/678
f 630/630 631/631 680/680 679/679
f 631/631 632/632 681/681 680/680
f 632/632 633/633 682/682 681/681
f 633/633 634/634 683/683 682/682
f 634/634 635/635 684/684 683/683
f 635/635 636/636 685/685 684/684
f 636/636 637/637 686/686 685/685
f 637/637 638/638 687/687 686/686
f 639/639 640/640 689/689 688/688
f 640/640 641/641 690/690 689/689
f 641/641 642/642 691/691 690/690
f 642/642 643/643 692/692 691/691
f 643/643 644/644 693/693 692/692
f 644/644 645/645 694/694 693/693
f 645/645 646/646 695/695 694/694
f 646/646 647/647 696/696 695/695
f 647/647 648/648 697/697 696/696
f 648/648 649/649 698/698 697/697
f 649/649 650/650 699/699 698/698
f 650/650 651/651 700/700 699/699
f 651/651 652/652 701/701 700/700
f 652/652 653/653 702/702 701/701
f 653/653 654/654 703/703 702/702
f 654/654 655/655 704/704 703/703
f 655/655 656/656 705/705 704/704
f 656/656 657/657 706/706 705/705
f 657/657 658/658 707/707 706/706
f 658/658 659/659 708/708 707/707
f 659/659 660/660 709/709 708/708
f 660/660 661/661 710/710 709/709
f 661/661 662/662 711/711 710/710
f 662/662 663/663 712/712 711/711
f 663/663 664/664 713/713 712/712
f 664/664 665/665 714/714 713/713
f 665/665 666/666 715/715 714/714
f 666/666 667/667 716/716 715/715
f 667/667 668/668 717/717 716/716
f 668/668 669/669 718/718 717/717
f 669/669 670/670 719/719 718/718
f 670/670 671/671 720/720 719/719
f 671/671 672/672 721/721 720/720
f 672/672 673/673 722/722 721/721
f 673/673 674/674 723/723 722/722
f 674/674 675/675 724/724 723/723
f 675/675 676/676 725/725 724/724
f 676/676 677/677 726/726 725/725
f 677/677 678/678 727/727 726/726
f 678/678 679/679 728/728 727/727
f 679/679 680/680 729/729 728/728
f 680/680 681/681 730/730 729/729
f 681/681 682/682 731/731 730/730
f 682/682 683/683 732/732 731/731
f 683/683 684/684 733/733 732/732
f 684/684 685/685 734/734 733/733
f 685/685 686/686 735/735 734/734
f 686/686 687/687 736/736 735/735
f 688/688 689/689 738/738 737/737
f 689/689 690/690 739/739 738/738
f 690/690 691/691 740/740 739/739
f 691/691 692/692 741/741 740/740
f 692/692 693/693 742/742 741/741
f 693/693 694/694 743/743 742/742
f 694/694 695/695 744/744 743/743
f 695/695 696/696 745/745 744/744
f 696/696 697/697 746/746 745/745
f 697/697 698/698 747/747 746/746
f 698/698 699/699 748/748 747/747
f 699/699 700/700 749/749 748/748
f 700/700 701/701 750/750 749/749
f 701/701 702/702 751/751 750/750
f 702/702 703/703 752/752 751/751
f 703/703 704/704 753/753 752/752
f 704/704 705/705 754/754 753/753
f 705/705 706/706 755/755 754/754
f 706/706 707/707 756/756 755/755
f 707/707 708/708 757/757 756/756
f 708/708 709/709 758/758 757/757
f 709/709 710/710 759/759 758/758
f 710/710 711/711 760/760 759/759
f 711/711 712/712 761/761 760/760
f 712/712 713/713 762/762 761/761
f 713/713 714/714 763/763 762/762
f 714/714 715/715 764/764 763/763
f 715/715 716/716 765/765 764/764
f 716/716 717/717 766/766 765/765
f 717/717 718/718 767/767 766/766
f 718/718 719/719 768/768 767/767
f 719/719 720/720 769/769 768/768
f 720/720 721/721 770/770 769/769
f 721/721 722/722 771/771 770/770
f 722/722 723/723 772/772 771/771
f 723/723 724/724 773/773 772/772
f 724/724 725/725 774/774 773/773
f 725/725 726/726 775/775 774/774
f 726/726 727/727 776/776 775/775
f 727/727 728/728 777/777 776/776
f 728/728 729/729 778/778 777/777
f 729/729 730/730 779/779 778/778
f 730/730 731/731 780/780 779/779
f 731/731 732/732 781/781 780/780
f 732/732 733/733 782/782 781/781
f 733/733 734/734 783/783 782/782
f 734/734 735/735 784/784 783/783
f 735/735 736/736 785/785 784/784
f 737/737 738/738 787/787 786/786
f 738/738 739/739 788/788 787/787
f 739/739 740/740 789/789 788/788
f 740/740 741/741 790/790 789/789
f 741/741 742/742 791/791 790/790
f 742/742 743/743 792/792 791/791
f 743/743 744/744 793/793 792/792
f 744/744 745/745 794/794 793/793
f 745/745 746/746 795/795 794/794
f 746/746 747/747 796/796 795/795
f 747/747 748/748 797/797 796/796
f 748/748 749/749 798/798 797/797
f 749/749 750/750 799/799 798/798
f 750/750 751/751 800/800 799/799
f 751/751 752/752 801/801 800/800
f 752/752 753/753 802/802 801/801
f 753/753 754/754 803/803 802/802
f 754/754 755/755 804/804 803/803
f 755/755 756/756 805/805 804/804
f 756/756 757/757 806/806 805/805
f 757/757 758/758 807/807 806/806
f 758/758 759/759 808/808 807/807
f 759/759 760/760 809/809 808/808
f 760/760 761/761 810/810 809/809
f 761/761 762/762 811/811 810/810
f 762/762 763/763 812/812 811/811
f 763/763 764/764 813/813 812/812
f 764/764 765/765 814/814 813/813
f 765/765 766/766 815/815 814/814
f 766/766 767/767 816/816 815/815
f 767/767 768/768 817/817 816/816
f 768/768 769/769 818/818 817/817
f 769/769 770/770 819/819 818/818
f 770/770 771/771 820/820 819/819
f 771/771 772/772 821/821 820/820
f 772/772 773/773 822/822 821/821
f 773/773 774/774 823/823 822/822
f 774/774 775/775 824/824 823/823
f 775/775 776/776 825/825 824/824
f 776/776 777/777 826/826 825/825
f 777/777 778/778 827/827 826/826
f 778/778 779/779 828/828 827/827
f 779/779 780/780 829/829 828/828
f 780/780 781/781 830/830 829/829
f 781/781 782/782 831/831 830/830
f 782/782 783/783 832/832 831/831
f 783/783 784/784 833/833 832/832
f 784/784 785/785 834/834 833/833
f 786/786 787/787 836/836 835/835
f 787/787 788/788 837/837 836/836
f 788/788 789/789 838/838 837/837
f 789/789 790/790 839/839 838/838
f 790/790 791/791 840/840 839/839
f 791/791 792/792 841/841 840/840
f 792/792 793/793 842/842 841/841
f 793/793 794/794 843/843 842/842
f 794/794 795/795 844/844 843/843
f 795/795 796/796 845/845 844/844
f 796/796 797/797 846/846 845/845
f 797/797 798/798 847/847 846/846
f 798/798 799/799 848/848 847/847
f 799/799 800/800 849/849 848/848
f 800/800 801/801 850/850 849/849
f 801/801 802/802 851/851 850/850
f 802/802 803/803 852/852 851/851
f 803/803 804/804 853/853 852/852
f 804/804 805/805 854/854 853/853
f 805/805 806/806 855/855 854/854
f 806/806 807/807 856/856 855/855
f 807/807 808/808 857/857 856/856
f 808/808 809/809 858/858 857/857
f 809/809 810/810 859/859 858/858
f 810/810 811/811 860/860 859/859
f 811/811 812/812 861/861 860/860
f 812/812 813/813 862/862 861/861
f 813/813 814/814 863/863 862/862
f 814/814 815/815 864/864 863/863
f 815/815 816/816 865/865 864/864
f 816/816 817/817 866/866 865/865
f 817/817 818/818 867/867 866/866
f 818/818 819/819 868/868 867/867
f 819/819 820/820 869/869 868/868
f 820/820 821/821 870/870 869/869
f 821/821 822/822 871/871 870/870
f 822/822 823/823 872/872 871/871
f 823/823 824/824 873/873 872/872
f 824/824 825/825 874/874 873/873
f 825/825 826/826 875/875 874/874
f 826/826 827/827 876/876 875/875
f 827/827 828/828 877/877 876/876
f 828/828 829/829 878/878 877/877
f 829/829 830/830 879/879 878/878
f 830/830 831/831 880/880 879/879
f 831/831 832/832 881/881 880/880
f 832/832 833/833 882/882 881/881
f 833/833 834/834 883/883 882/882
f 835/835 836/836 885/885 884/884
f 836/836 837/837 886/886 885/885
f 837/837 838/838 887/887 886/886
f 838/838 839/839 888/888 887/887
f 839/839 840/840 889/889 888/888
f 840/840 841/841 890/890 889/889
f 841/841 842/842 891/891 890/890
f 842/842 843/843 892/892 891/891
f 843/843 844/844 893/893 892/892
f 844/844 845/845 894/894 893/893
f 845/845 846/846 895/895 894/894
f 846/846 847/847 896/896 895/895
f 847/847 848/848 897/897 896/896
f 848/848 849/849 898/898 897/897
f 849/849 850/850 899/899 898/898
f 850/850 851/851 900/900 899/899
f 851/851 852/852 901/901 900/900
f 852/852 853/853 902/902 901/901
f 853/853 854/854 903/903 902/902
f 854/854 855/855 904/904 903/903
f 855/855 856/856 905/905 904/904
f 856/856 857/857 906/906 905/905
f 857/857 858/858 907/907 906/906
f 858/858 859/859 908/908 907/907
f 859/859 860/860 909/909 908/908
f 860/860 861/861 910/910 909/909
f 861/861 862/862 911/911 910/910
f 862/862 863/863 912/912 911/911
f 863/863 864/864 913/913 912/912
f 864/864 865/865 914/914 913/913
f 865/865 866/866 915/915 914/914
f 866/866 867/867 916/916 915/915
f 867/867 868/868 917/917 916/916
f 868/868 869/869 918/918 917/917
f 869/869 870/870 919/919 918/918
f 870/870 871/871 920/920 919/919
f 871/871 872/872 921/921 920/920
f 872/872 873/873 922/922 921/921
f 873/873 874/874 923/923 922/922
f 874/874 875/875 924/924 923/923
f 875/875 876/876 925/925 924/924
f 876/876 877/877 926/926 925/925
f 877/877 878/878 927/927 926/926
f 878/878 879/879 928/928 927/927
f 879/879 880/880 929/929 928/928
f 880/880 881/881 930/930 929/929
f 881/881 882/882 931/931 930/930
f 882/882 883/883 932/932 931/931
f 884/884 885/885 934/934 933/933
f 885/885 886/886 935/935 934/934
f 886/886 887/887 936/936 935/935
f 887/887 888/888 937/937 936/936
f 888/888 889/889 938/938 937/937
f 889/889 890/890 939/939 938/938
f 890/890 891/891 940/940 939/939
f 891/891 892/892 941/941 940/940
f 892/892 893/893 942/942 941/941
f 893/893 894/894 943/943 942/942
f 894/894 895/895 944/944 943/943
f 895/895 896/896 945/945 944/944
f 896/896 897/897 946/946 945/945
f 897/897 898/898 947/947 946/946
f 898/898 899/899 948/948 947/947
f 899/899 900/900 949/949 948/948
f 900/900 901/901 950/950 949/949
f 901/901 902/902 951/951 950/950
f 902/902 903/903 952/952 951/951
f 903/903 904/904 953/953 952/952
f 904/904 905/905 954/954 953/953
f 905/905 906/906 955/955 954/954
f 906/906 907/907 956/956 955/955
f 907/907 908/908 957/957 956/956
f 908/908 909/909 958/958 957/957
f 909/909 910/910 959/959 958/958
f 910/910 911/911 960/960 959/959
f 911/911 912/912 961/961 960/960
f 912/912 913/913 962/962 961/961
f 913/913 914/914 963/963 962/962
f 914/914 915/915 964/964 963/963
f 915/915 916/916 965/965 964/964
f 916/916 917/917 966/966 965/965
f 917/917 918/918 967/967 966/966
f 918/918 919/919 968/968 967/967
f 919/919 920/920 969/969 968/968
f 920/920 921/921 970/970 969/969
f 921/921 922/922 971/971 970/970
f 922/922 923/923 972/972 971/971
f 923/923 924/924 973/973 972/972
f 924/924 925/925 974/974 973/973
f 925/925 926/926 975/975 974/974
f 926/926 927/927 976/976 975/975
f 927/927 928/928 977/977 976/976
f 928/928 929/929 978/978 977/977
f 929/929 930/930 979/979 978/978
f 930/930 931/931 980/980 979/979
f 931/931 932/932 981/981 980/980
f 933/933 934/934 983/983 982/982
f 934/934 935/935 984/984 983/983
f 935/935 936/936 985/985 984/984
f 936/936 937/937 986/986 985/985
f 937/937 938/938 987/987 986/986
f 938/938 939/939 988/988 987/987
f 939/939 940/940 989/989 988/988
f 940/940 941/941 990/990 989/989
f 941/941 942/942 991/991 990/990
f 942/942 943/943 992/992 991/991
f 943/943 944/944 993/993 992/992
f 944/944 945/945 994/994 993/993
f 945/945 946/946 995/995 994/994
f 946/946 947/947 996/996 995/995
f 947/947 948/948 997/997 996/996
f 948/948 949/949 998/998 997/997
f 949/949 950/950 999/999 998/998
f 950/950 951/951 1000/1000 999/999
f 951/951 952/952 1001/1001 1000/1000
f 952/952 953/953 1002/1002 1001/1001
f 953/953 954/954 1003/1003 1002/1002
f 954/954 955/955 1004/1004 1003/1003
f 955/955 956/956 1005/1005 1004/1004
f 956/956 957/957 1006/1006 1005/1005
f 957/957 958/958 1007/1007 1006/1006
f 958/958 959/959 1008/1008 1007/1007
f 959/959 960/960 1009/1009 1008/1008
f 960/960 961/961 1010/1010 1009/1009
f 961/961 962/962 1011/1011 1010/1010
f 962/962 963/963 1012/1012 1011/1011
f 963/963 964/964 1013/1013 1012/1012
f 964/964 965/965 1014/1014 1013/1013
f 965/965 966/966 1015/1015 1014/1014
f 966/966 967/967 1016/1016 1015/1015
f 967/967 968/968 1017/1017 1016/1016
f 968/968 969/969 1018/1018 1017/1017
f 969/969 970/970 1019/1019 1018/1018
f 970/970 971/971 1020/1020 1019/1019
f 971/971 972/972 1021/1021 1020/1020
f 972/972 973/973 1022/1022 1021/1021
f 973/973 974/974 1023/1023 1022/1022
f 974/974 975/975 1024/1024 1023/1023
f 975/975 976/976 1025/1025 1024/1024
f 976/976 977/977 1026/1026 1025/1025
f 977/977 978/978 1027/1027 1026/1026
f 978/978 979/979 1028/1028 1027/1027
f 979/979 980/980 1029/1029 1028/1028
f 980/980 981/981 1030/1030 1029/1029
f 982/982 983/983 1032/1032 1031/1031
f 983/983 984/984 1033/1033 1032/1032
f 984/984 985/985 1034/1034 1033/1033
f 985/985 986/986 1035/1035 1034/1034
f 986/986 987/987 1036/1036 1035/1035
f 987/987 988/988 1037/1037 1036/1036
f 988/988 989/989 1038/1038 1037/1037
f 989/989 990/990 1039/1039 1038/1038
f 990/990 991/991 1040/1040 1039/1039
f 991/991 992/992 1041/1041 1040/1040
f 992/992 993/993 1042/1042 1041/1041
f 993/993 994/994 1043/1043 1042/1042
f 994/994 995/995 1044/1044 1043/1043
f 995/995 996/996 1045/1045 1044/1044
f 996/996 997/997 1046/1046 1045/1045
f 997/997 998/998 1047/1047 1046/1046
f 998/998 999/999 1048/1048 1047/1047
f 999/999 1000/1000 1049/1049 1048/1048
f 1000/1000 1001/1001 1050/1050 1049/1049
f 1001/1001 1002/1002 1051/1051 1050/1050
f 1002/1002 1003/1003 1052/1052 1051/1051
f 1003/1003 1004/1004 1053/1053 1052/1052
f 1004/1004 1005/1005 1054/1054 1053/1053
f 1005/1005 1006/1006 1055/1055 1054/1054
f 1006/1006 1007/1007 1056/1056 1055/1055
f 1007/1007 1008/1008 1057/1057 1056/1056
f 1008/1008 1009/1009 1058/1058 1057/1057
f 1009/1009 1010/1010 1059/1059 1058/1058
f 1010/1010 1011/1011 1060/1060 1059/1059
f 1011/1011 1012/1012 1061/1061 1060/1060
f 1012/1012 1013/1013 1062/1062 1061/1061
f 1013/1013 1014/1014 1063/1063 1062/1062
f 1014/1014 1015/1015 1064/1064 1063/1063
f 1015/1015 1016/1016 1065/1065 1064/1064
f 1016/1016 1017/1017 1066/1066 1065/1065
f 1017/1017 1018/1018 1067/1067 1066/1066
f 1018/1018 1019/1019 1068/1068 1067/1067
f 1019/1019 1020/1020 1069/1069 1068/1068
f 1020/1020 1021/1021 1070/1070 1069/1069
f 1021/1021 1022/1022 1071/1071 1070/1070
f 1022/1022 1023/1023 1072/1072 1071/1071
f 1023/1023 1024/1024 1073/1073 1072/1072
f 1024/1024 1025/1025 1074/1074 1073/1073
f 1025/1025 1026/1026 1075/1075 1074/1074
f 1026/1026 1027/1027 1076/1076 1075/1075
f 1027/1027 1028/1028 1077/1077 1076/1076
f 1028/1028 1029/1029 1078/1078 1077/1077
f 1029/1029 1030/1030 1079/1079 1078/1078
f 1031/1031 1032/1032 1081/1081 1080/1080
f 1032/1032 1033/1033 1082/1082 1081/1081
f 1033/1033 1034/1034 1083/1083 1082/1082
f 1034/1034 1035/1035 1084/1084 1083/1083
f 1035/1035 1036/1036 1085/1085 1084/1084
f 1036/1036 1037/1037 1086/1086 1085/1085
f 1037/1037 1038/1038 1087/1087 1086/1086
f 1038/1038 1039/1039 1088/1088 1087/1087
f 1039/1039 1040/1040 1089/1089 1088/1088
f 1040/1040 1041/1041 1090/1090 1089/1089
f 1041/1041 1042/1042 1091/1091 1090/1090
f 1042/1042 1043/1043 1092/1092 1091/1091
f 1043/1043 1044/1044 1093/1093 1092/1092
f 1044/1044 1045/1045 1094/1094 1093/1093
f 1045/1045 1046/1046 1095/1095 1094/1094
f 1046/1046 1047/1047 1096/1096 1095/1095
f 1047/1047 1048/1048 1097/1097 1096/1096
f 1048/1048 1049/1049 1098/1098 1097/1097
f 1049/1049 1050/1050 1099/1099 1098/1098
f 1050/1050 1051/1051 1100/1100 1099/1099
f 1051/1051 1052/1052 1101/1101 1100/1100
f 1052/1052 1053/1053 1102/1102 1101/1101
f 1053/1053 1054/1054 1103/1103 1102/1102
f 1054/1054 1055/1055 1104/1104 1103/1103
f 1055/1055 1056/1056 1105/1105 1104/1104
f 1056/1056 1057/1057 1106/1106 1105/1105
f 1057/1057 1058/1058 1107/1107 1106/1106
f 1058/1058 1059/1059 1108/1108 1107/1107
f 1059/1059 1060/1060 1109/1109 1108/1108
f 1060/1060 1061/1061 1110/1110 1109/1109
f 1061/1061 1062/1062 1111/1111 1110/1110
f 1062/1062 1063/1063 1112/1112 1111/1111
f 1063/1063 1064/1064 1113/1113 1112/1112
f 1064/1064 1065/1065 1114/1114 1113/1113
f 1065/1065 1066/1066 1115/1115 1114/1114
f 1066/1066 1067/1067 1116/1116 1115/1115
f 1067/1067 1068/1068 1117/1117 1116/1116
f 1068/1068 1069/1069 1118/1118 1117/1117
f 1069/1069 1070/1070 1119/1119 1118/1118
f 1070/1070 1071/1071 1120/1120 1119/1119
f 1071/1071 1072/1072 1121/1121 1120/1120
f 1072/1072 1073/1073 1122/1122 1121/1121
f 1073/1073 1074/1074 1123/1123 1122/1122
f 1074/1074 1075/1075 1124/1124 1123/1123
f 1075/1075 1076/1076 1125/1125 1124/1124
f 1076/1076 1077/1077 1126/1126 1125/1125
f 1077/1077 1078/1078 1127/1127 1126/1126
f 1078/1078 1079/1079 1128/1128 1127/1127
f 1080/1080 1081/1081 1129/1129
f 1081/1081 1082/1082 1129/1129
f 1082/1082 1083/1083 1129/1129
f 1083/1083 1084/1084 1129/1129
f 1084/1084 1085/1085 1129/1129
f 1085/1085 1086/1086 1129/1129
f 1086/1086 1087/1087 1129/1129
f 1087/1087 1088/1088 1129/1129
f 1088/1088 1089/1089 1129/1129
f 1089/1089 1090/1090 1129/1129
f 1090/1090 1091/1091 1129/1129
f 1091/1091 1092/1092 1129/1129
f 1092/1092 1093/1093 1129/1129
f 1093/1093 1094/1094 1129/1129
f 1094/1094 1095/1095 1129/1129
f 1095/1095 1096/1096 1129/1129
f 1096/1096 1097/1097 1129/1129
f 1097/1097 1098/1098 1129/1129
f 1098/1098 1099/1099 1129/1129
f 1099/1099 1100/1100 1129/1129
f 1100/1100 1101/1101 1129/1129
f 1101/1101 1102/1102 1129/1129
f 1102/1102 1103/1103 1129/1129
f 1103/1103 1104/1104 1129/1129
f 1104/1104 1105/1105 1129/1129
f 1105/1105 1106/1106 1129/1129
f 1106/1106 1107/1107 1129/1129
f 1107/1107 1108/1108 1129/1129
f 1108/1108 1109/1109 1129/1129
f 1109/1109 1110/1110 1129/1129
f 1110/1110 1111/1111 1129/1129
f 1111/1111 1112/1112 1129/1129
f 1112/1112 1113/1113 1129/1129
f 1113/1113 1114/1114 1129/1129
f 1114/1114 1115/1115 1129/1129
f 1115/1115 1116/1116 1129/1129
f 1116/1116 1117/1117 1129/1129
f 1117/1117 1118/1118 1129/1129
f 1118/1118 1119/1119 1129/1129
f 1119/1119 1120/1120 1129/1129
f 1120/1120 1121/1121 1129/1129
f 1121/1121 1122/1122 1129/1129
f 1122/1122 1123/1123 1129/1129
f 1123/1123 1124/1124 1129/1129
f 1124/1124 1125/1125 1129/1129
f 1125/1125 1126/1126 1129/1129
f 1126/1126 1127/1127 1129/1129
f 1127/1127 1128/1128 1129/1129
